{"type":"FeatureCollection","name":"comuni_brescia","crs":"EPSG:4326","fonte":"ISTAT — limiti amministrativi generalizzati 01/01/2025","features":[{"type":"Feature","id":"017001","properties":{"codice_istat":"017001","comune":"Acquafredda","capoluogo":false,"area_kmq":9.526},"geometry":{"type":"Polygon","coordinates":[[[10.42838,45.3207],[10.41866,45.32288],[10.4106,45.32277],[10.40497,45.32249],[10.4011,45.32397],[10.40111,45.32233],[10.40086,45.32143],[10.39836,45.31747],[10.39616,45.31769],[10.39399,45.31821],[10.39168,45.31835],[10.39161,45.31625],[10.39169,45.31549],[10.39182,45.31456],[10.39191,45.31423],[10.39271,45.31275],[10.39447,45.31064],[10.39466,45.31042],[10.39484,45.31001],[10.39487,45.30955],[10.39478,45.30914],[10.39446,45.30861],[10.39405,45.30808],[10.39017,45.30312],[10.38692,45.29903],[10.38578,45.29631],[10.38602,45.29411],[10.39098,45.29143],[10.39663,45.28689],[10.39745,45.28582],[10.39836,45.28575],[10.40184,45.28787],[10.40782,45.29271],[10.41616,45.29456],[10.41643,45.29456],[10.41683,45.29454],[10.41758,45.2946],[10.4184,45.29467],[10.42019,45.29495],[10.42222,45.29549],[10.42509,45.29656],[10.42465,45.29786],[10.42442,45.2988],[10.42436,45.29939],[10.42438,45.30036],[10.42475,45.30229],[10.4249,45.30279],[10.42574,45.30494],[10.42809,45.3088],[10.42861,45.30965],[10.42934,45.31077],[10.4299,45.31143],[10.43057,45.3119],[10.43064,45.31195],[10.43089,45.31213],[10.43154,45.31298],[10.43121,45.31423],[10.43079,45.31527],[10.42853,45.32037],[10.42838,45.3207]]]}},{"type":"Feature","id":"017002","properties":{"codice_istat":"017002","comune":"Adro","capoluogo":false,"area_kmq":14.247},"geometry":{"type":"Polygon","coordinates":[[[9.97613,45.64232],[9.97775,45.64695],[9.97365,45.64567],[9.95927,45.64083],[9.95526,45.63899],[9.95298,45.63734],[9.94985,45.63505],[9.94794,45.63321],[9.94662,45.63119],[9.94178,45.6249],[9.93554,45.6193],[9.93467,45.61761],[9.9299,45.61542],[9.93033,45.6105],[9.93108,45.60913],[9.93279,45.60853],[9.93369,45.60813],[9.93557,45.6073],[9.94336,45.60425],[9.94648,45.60394],[9.9483,45.60402],[9.95486,45.60678],[9.96405,45.60745],[9.97133,45.60836],[9.97181,45.60842],[9.9738,45.60885],[9.97399,45.60932],[9.97384,45.60999],[9.97371,45.61019],[9.97348,45.61041],[9.97317,45.61069],[9.97286,45.61088],[9.97248,45.61106],[9.97206,45.61139],[9.97135,45.61224],[9.97116,45.61252],[9.97124,45.61272],[9.97178,45.61293],[9.97578,45.61357],[9.98402,45.60909],[9.9875,45.60645],[9.99018,45.60326],[9.99058,45.60232],[9.99079,45.60206],[9.99103,45.60179],[9.99123,45.60159],[9.99453,45.59877],[9.99685,45.59784],[10.00074,45.59976],[10.00751,45.61128],[10.00044,45.61325],[9.99975,45.61352],[9.9997,45.61354],[9.99246,45.61897],[9.99035,45.61898],[9.98788,45.61935],[9.98298,45.62036],[9.97925,45.62125],[9.97861,45.62188],[9.97773,45.62296],[9.97651,45.63427],[9.97613,45.64232]]]}},{"type":"Feature","id":"017003","properties":{"codice_istat":"017003","comune":"Agnosine","capoluogo":false,"area_kmq":13.334},"geometry":{"type":"Polygon","coordinates":[[[10.36626,45.65956],[10.36346,45.66138],[10.36224,45.66113],[10.35541,45.65976],[10.35253,45.65948],[10.34799,45.6591],[10.3459,45.65915],[10.34246,45.65941],[10.33159,45.65764],[10.3299,45.65606],[10.32749,45.6542],[10.3244,45.65183],[10.32098,45.65307],[10.31913,45.65066],[10.31807,45.64926],[10.31772,45.64753],[10.31819,45.64626],[10.32145,45.64369],[10.32202,45.6388],[10.32631,45.63681],[10.33458,45.63336],[10.34749,45.6275],[10.35239,45.6211],[10.35252,45.62068],[10.35269,45.62029],[10.35394,45.61867],[10.35416,45.6184],[10.35441,45.61815],[10.35488,45.61798],[10.35597,45.61794],[10.35743,45.6179],[10.35841,45.61795],[10.35915,45.62121],[10.35972,45.62201],[10.36033,45.62256],[10.36148,45.6236],[10.36872,45.6258],[10.37279,45.62741],[10.37414,45.62979],[10.37232,45.63686],[10.37237,45.64403],[10.37262,45.64782],[10.37291,45.65017],[10.3718,45.6525],[10.36626,45.65956]]]}},{"type":"Feature","id":"017004","properties":{"codice_istat":"017004","comune":"Alfianello","capoluogo":false,"area_kmq":13.847},"geometry":{"type":"Polygon","coordinates":[[[10.14346,45.29057],[10.13823,45.29104],[10.13788,45.28772],[10.13392,45.28384],[10.13112,45.28081],[10.12984,45.27546],[10.13014,45.27107],[10.13026,45.2694],[10.13045,45.26879],[10.13084,45.26843],[10.13366,45.26357],[10.13441,45.25951],[10.13441,45.25912],[10.13396,45.25817],[10.1335,45.25724],[10.13314,45.25661],[10.13234,45.25526],[10.13197,45.25466],[10.13151,45.25411],[10.131,45.25364],[10.12619,45.2502],[10.12586,45.24681],[10.1321,45.24411],[10.13223,45.24406],[10.13313,45.24375],[10.13483,45.24333],[10.13528,45.24322],[10.13641,45.24295],[10.14124,45.24185],[10.14137,45.24184],[10.14234,45.24179],[10.14306,45.2419],[10.14499,45.24325],[10.15346,45.23977],[10.154,45.24078],[10.15414,45.24124],[10.15411,45.24155],[10.15398,45.24237],[10.15388,45.24287],[10.15373,45.2436],[10.1535,45.24435],[10.15339,45.24467],[10.15136,45.24943],[10.15183,45.25147],[10.15797,45.25292],[10.17159,45.26089],[10.17382,45.2628],[10.17522,45.26463],[10.17591,45.26645],[10.17637,45.26825],[10.17616,45.27101],[10.1769,45.27479],[10.17632,45.28269],[10.17556,45.28389],[10.17188,45.2835],[10.17167,45.28132],[10.17127,45.2796],[10.17074,45.27962],[10.16994,45.27968],[10.1691,45.27976],[10.16683,45.28004],[10.16195,45.28067],[10.16124,45.28078],[10.15823,45.28127],[10.15709,45.28193],[10.15595,45.28416],[10.15507,45.28588],[10.15271,45.28761],[10.14346,45.29057]]]}},{"type":"Feature","id":"017005","properties":{"codice_istat":"017005","comune":"Anfo","capoluogo":false,"area_kmq":23.933},"geometry":{"type":"Polygon","coordinates":[[[10.51995,45.80134],[10.50932,45.80667],[10.5057,45.80995],[10.50526,45.81028],[10.50464,45.81068],[10.50385,45.81116],[10.50226,45.81184],[10.50026,45.81257],[10.49719,45.81133],[10.49579,45.81054],[10.49114,45.80754],[10.484,45.80429],[10.469,45.79781],[10.46762,45.79847],[10.46476,45.80004],[10.46269,45.80129],[10.44978,45.79876],[10.44597,45.7975],[10.44335,45.79622],[10.4383,45.79647],[10.43745,45.7917],[10.4383,45.7876],[10.4391,45.78717],[10.44068,45.78665],[10.44195,45.78634],[10.44338,45.78531],[10.44431,45.78464],[10.4439,45.78035],[10.4438,45.77985],[10.44362,45.77948],[10.44077,45.77455],[10.44058,45.77433],[10.4406,45.77408],[10.44076,45.77382],[10.44096,45.77358],[10.44118,45.77334],[10.44179,45.77289],[10.4422,45.77265],[10.44384,45.77187],[10.45096,45.7707],[10.45474,45.7715],[10.45864,45.77168],[10.45936,45.7717],[10.46001,45.77166],[10.46301,45.77123],[10.46392,45.77106],[10.46475,45.7709],[10.46557,45.77072],[10.46672,45.77043],[10.46752,45.7702],[10.4681,45.77],[10.46881,45.76958],[10.47366,45.76671],[10.47695,45.76198],[10.47835,45.75986],[10.47956,45.75823],[10.47983,45.75801],[10.48026,45.75771],[10.48075,45.7574],[10.48121,45.75713],[10.48315,45.75607],[10.48391,45.75568],[10.48797,45.75376],[10.50343,45.76293],[10.5112,45.77169],[10.51334,45.77638],[10.51073,45.78637],[10.51995,45.80134]]]}},{"type":"Feature","id":"017006","properties":{"codice_istat":"017006","comune":"Angolo Terme","capoluogo":false,"area_kmq":30.717},"geometry":{"type":"Polygon","coordinates":[[[10.11965,45.93663],[10.11447,45.93811],[10.11447,45.93781],[10.11451,45.93622],[10.11317,45.93541],[10.10423,45.93044],[10.09924,45.92915],[10.09888,45.92909],[10.0984,45.92902],[10.09806,45.92898],[10.09774,45.92899],[10.09702,45.929],[10.09551,45.92591],[10.09324,45.92038],[10.09796,45.91214],[10.0964,45.90744],[10.1003,45.9009],[10.10064,45.90032],[10.10168,45.89877],[10.10218,45.89819],[10.10291,45.89745],[10.10473,45.89564],[10.10535,45.89513],[10.10602,45.89465],[10.1066,45.89426],[10.10685,45.89409],[10.1073,45.89379],[10.10903,45.88896],[10.10904,45.8857],[10.11211,45.88304],[10.12362,45.87729],[10.13407,45.87219],[10.1361,45.87211],[10.1378,45.87154],[10.13909,45.87095],[10.143,45.86884],[10.14338,45.86855],[10.14709,45.87073],[10.15482,45.87751],[10.16025,45.88168],[10.16765,45.88704],[10.16518,45.89364],[10.16164,45.89752],[10.15458,45.90214],[10.15275,45.9039],[10.15189,45.90487],[10.15085,45.90862],[10.15085,45.90955],[10.15134,45.9106],[10.15281,45.91257],[10.15654,45.91689],[10.15996,45.91813],[10.16057,45.91834],[10.1611,45.91844],[10.1627,45.9187],[10.16306,45.91875],[10.16358,45.91878],[10.16408,45.91874],[10.16835,45.91772],[10.17126,45.91665],[10.17277,45.91425],[10.17281,45.9142],[10.17291,45.91407],[10.17326,45.9142],[10.17438,45.91464],[10.17667,45.91577],[10.17855,45.91703],[10.1787,45.92157],[10.17674,45.92276],[10.17112,45.92421],[10.17008,45.92436],[10.168,45.9246],[10.16124,45.92523],[10.16047,45.92536],[10.15993,45.92548],[10.15965,45.92567],[10.15937,45.92597],[10.15917,45.92634],[10.15899,45.92679],[10.15884,45.92729],[10.15878,45.92752],[10.15873,45.92798],[10.15871,45.92843],[10.15879,45.929],[10.15899,45.93024],[10.15915,45.93067],[10.15921,45.93112],[10.15922,45.93159],[10.15918,45.93181],[10.15907,45.93212],[10.15782,45.93342],[10.15561,45.93568],[10.15525,45.93605],[10.15453,45.93631],[10.15382,45.93639],[10.15213,45.93655],[10.15147,45.93661],[10.15074,45.93663],[10.15014,45.93663],[10.1497,45.93663],[10.14904,45.93659],[10.14797,45.93647],[10.1474,45.93634],[10.14633,45.93609],[10.14593,45.93597],[10.14538,45.93575],[10.14214,45.93491],[10.13906,45.93506],[10.13488,45.93547],[10.13245,45.93585],[10.12957,45.93663],[10.12904,45.9368],[10.12842,45.93699],[10.12678,45.93727],[10.12627,45.93732],[10.12568,45.9373],[10.11965,45.93663]]]}},{"type":"Feature","id":"017007","properties":{"codice_istat":"017007","comune":"Artogne","capoluogo":false,"area_kmq":20.938},"geometry":{"type":"Polygon","coordinates":[[[10.16672,45.85956],[10.16123,45.86251],[10.15735,45.86515],[10.156,45.86609],[10.1498,45.8631],[10.14918,45.86203],[10.14701,45.85435],[10.14581,45.85195],[10.14641,45.85153],[10.14988,45.84924],[10.15577,45.847],[10.1651,45.83964],[10.16928,45.83567],[10.1712,45.83409],[10.17347,45.83225],[10.17465,45.83146],[10.18063,45.82855],[10.19535,45.8212],[10.20512,45.81626],[10.20557,45.81599],[10.207,45.81509],[10.20864,45.81334],[10.209,45.81295],[10.20947,45.8124],[10.20971,45.81209],[10.20989,45.81182],[10.21012,45.81124],[10.21019,45.81101],[10.21022,45.8108],[10.21019,45.81056],[10.20998,45.81013],[10.20954,45.8095],[10.21106,45.80837],[10.2225,45.8155],[10.22217,45.81599],[10.22145,45.81723],[10.22137,45.81749],[10.22224,45.81957],[10.22238,45.81982],[10.22786,45.82979],[10.23387,45.83245],[10.2344,45.83268],[10.23584,45.83326],[10.23631,45.83334],[10.23685,45.83341],[10.23754,45.83349],[10.23813,45.83347],[10.23878,45.83341],[10.24626,45.83268],[10.24896,45.83301],[10.25234,45.8341],[10.25272,45.83424],[10.25331,45.83451],[10.25362,45.83469],[10.25414,45.83507],[10.25373,45.83657],[10.25363,45.83688],[10.25339,45.83755],[10.25323,45.83792],[10.253,45.83816],[10.24676,45.84301],[10.24641,45.84324],[10.24373,45.84343],[10.24321,45.84346],[10.24252,45.84347],[10.2417,45.84347],[10.22355,45.84489],[10.19123,45.85379],[10.17277,45.85795],[10.16672,45.85956]]]}},{"type":"Feature","id":"017008","properties":{"codice_istat":"017008","comune":"Azzano Mella","capoluogo":false,"area_kmq":10.362},"geometry":{"type":"Polygon","coordinates":[[[10.13195,45.48804],[10.13187,45.49228],[10.1312,45.49338],[10.12882,45.49481],[10.12756,45.49637],[10.12744,45.49798],[10.12515,45.49437],[10.11999,45.48728],[10.11388,45.48542],[10.10575,45.47874],[10.1023,45.47285],[10.1004,45.47286],[10.09531,45.48024],[10.09392,45.48223],[10.09206,45.4789],[10.09257,45.47719],[10.08915,45.47716],[10.08701,45.47836],[10.09121,45.47202],[10.09634,45.46759],[10.09993,45.46672],[10.1015,45.4656],[10.10339,45.46409],[10.10525,45.46246],[10.10608,45.46049],[10.10492,45.45855],[10.10186,45.45895],[10.10114,45.45767],[10.10068,45.45674],[10.10053,45.45619],[10.09926,45.45069],[10.10037,45.44691],[10.0995,45.44554],[10.09857,45.44432],[10.10021,45.44387],[10.10358,45.44295],[10.10532,45.44233],[10.10463,45.43835],[10.10812,45.43749],[10.12089,45.43622],[10.12221,45.43649],[10.12375,45.43769],[10.12509,45.43976],[10.12442,45.44661],[10.12352,45.45425],[10.12118,45.45802],[10.11983,45.47171],[10.11988,45.47228],[10.1201,45.47301],[10.1204,45.47367],[10.12077,45.4742],[10.12136,45.47474],[10.1215,45.47485],[10.12205,45.47522],[10.12264,45.47557],[10.12338,45.47598],[10.12351,45.47605],[10.12934,45.47871],[10.12982,45.47953],[10.13059,45.48127],[10.13201,45.48468],[10.13195,45.48804]]]}},{"type":"Feature","id":"017009","properties":{"codice_istat":"017009","comune":"Bagnolo Mella","capoluogo":false,"area_kmq":31.355},"geometry":{"type":"Polygon","coordinates":[[[10.20514,45.44934],[10.19917,45.44988],[10.19208,45.4487],[10.17654,45.44397],[10.16857,45.44074],[10.1627,45.44122],[10.16106,45.44139],[10.1572,45.44276],[10.1575,45.44425],[10.15568,45.44466],[10.15368,45.44249],[10.15183,45.43918],[10.14617,45.4297],[10.14694,45.42202],[10.14687,45.4206],[10.14483,45.41745],[10.13525,45.40565],[10.13653,45.40502],[10.14116,45.4037],[10.14397,45.40233],[10.1443,45.40202],[10.14582,45.39953],[10.14694,45.39723],[10.14794,45.39581],[10.15,45.39466],[10.15153,45.39393],[10.15831,45.39281],[10.1634,45.39118],[10.16422,45.39196],[10.17399,45.39441],[10.18574,45.39804],[10.18761,45.39937],[10.18933,45.40277],[10.19178,45.40835],[10.19744,45.41],[10.20139,45.40832],[10.20525,45.40619],[10.21264,45.40469],[10.21467,45.40643],[10.21751,45.40894],[10.21794,45.40936],[10.21849,45.40984],[10.21882,45.41011],[10.21968,45.41028],[10.22061,45.41007],[10.22396,45.40927],[10.22438,45.41037],[10.22663,45.41256],[10.22852,45.41365],[10.23125,45.41748],[10.23149,45.41786],[10.23173,45.41824],[10.23207,45.41883],[10.23266,45.41987],[10.23289,45.42028],[10.23328,45.42154],[10.23372,45.42334],[10.23292,45.42723],[10.23243,45.4281],[10.23168,45.42828],[10.22914,45.42888],[10.22615,45.42944],[10.22502,45.42961],[10.22316,45.42982],[10.22206,45.42995],[10.21946,45.43044],[10.21677,45.43128],[10.21659,45.43137],[10.21814,45.4348],[10.21917,45.43685],[10.2213,45.44102],[10.21977,45.44631],[10.21244,45.44771],[10.207,45.44892],[10.20568,45.44925],[10.20514,45.44934]]]}},{"type":"Feature","id":"017010","properties":{"codice_istat":"017010","comune":"Bagolino","capoluogo":false,"area_kmq":108.836},"geometry":{"type":"Polygon","coordinates":[[[10.49642,45.92947],[10.49327,45.93162],[10.49141,45.93301],[10.49124,45.93323],[10.49069,45.93129],[10.49056,45.93085],[10.49042,45.93041],[10.49024,45.92998],[10.49004,45.92966],[10.48964,45.92905],[10.48897,45.92805],[10.48879,45.92787],[10.47499,45.91936],[10.4664,45.91927],[10.45977,45.91826],[10.45201,45.91293],[10.44578,45.91158],[10.4447,45.91131],[10.44422,45.91116],[10.44259,45.91064],[10.44214,45.91048],[10.44168,45.91023],[10.44144,45.91005],[10.44105,45.90969],[10.4381,45.9047],[10.43339,45.90191],[10.42402,45.89861],[10.42263,45.89832],[10.41642,45.89821],[10.40539,45.89092],[10.39774,45.88179],[10.39176,45.87287],[10.37918,45.86674],[10.37549,45.86448],[10.3762,45.85927],[10.3709,45.8494],[10.36931,45.84251],[10.37745,45.83927],[10.3876,45.83589],[10.38825,45.83593],[10.39016,45.8359],[10.39291,45.8352],[10.39657,45.83418],[10.39984,45.83296],[10.40036,45.83273],[10.40074,45.83254],[10.40115,45.83228],[10.4021,45.83161],[10.40247,45.83133],[10.40294,45.83095],[10.41607,45.81767],[10.41633,45.81737],[10.41648,45.81712],[10.41666,45.81683],[10.41689,45.81638],[10.41707,45.81599],[10.41741,45.81523],[10.41761,45.81476],[10.41766,45.8144],[10.41762,45.81411],[10.41741,45.81373],[10.41621,45.81226],[10.41597,45.81199],[10.41556,45.81159],[10.41524,45.81137],[10.41485,45.81122],[10.41427,45.8111],[10.41046,45.80943],[10.40787,45.80719],[10.40235,45.80191],[10.40478,45.80123],[10.41011,45.80079],[10.4327,45.79744],[10.4383,45.79647],[10.44335,45.79622],[10.44597,45.7975],[10.44978,45.79876],[10.46269,45.80129],[10.46476,45.80004],[10.46762,45.79847],[10.469,45.79781],[10.484,45.80429],[10.49114,45.80754],[10.49579,45.81054],[10.49719,45.81133],[10.50026,45.81257],[10.50226,45.81184],[10.50385,45.81116],[10.50464,45.81068],[10.50526,45.81028],[10.5057,45.80995],[10.50932,45.80667],[10.51995,45.80134],[10.52605,45.80561],[10.52667,45.80667],[10.52965,45.80945],[10.53175,45.8094],[10.53728,45.81075],[10.54169,45.81412],[10.54335,45.81572],[10.5438,45.81706],[10.54377,45.81718],[10.54363,45.81765],[10.54327,45.81836],[10.53919,45.82116],[10.53677,45.82258],[10.52934,45.82623],[10.52837,45.82657],[10.52429,45.82713],[10.51847,45.8264],[10.51278,45.8249],[10.50806,45.8239],[10.50283,45.82973],[10.50249,45.83016],[10.50236,45.83038],[10.50226,45.83065],[10.5022,45.83085],[10.50216,45.83105],[10.5021,45.83132],[10.50198,45.83205],[10.50196,45.83217],[10.50197,45.83227],[10.50198,45.83236],[10.50224,45.83383],[10.50248,45.83473],[10.50259,45.83512],[10.50296,45.83616],[10.50301,45.83624],[10.50307,45.83633],[10.5035,45.83695],[10.50356,45.83701],[10.50366,45.83706],[10.50371,45.83708],[10.5038,45.83712],[10.50656,45.84241],[10.50509,45.85015],[10.50392,45.8557],[10.50163,45.86095],[10.5017,45.86686],[10.50172,45.86711],[10.50175,45.8674],[10.50177,45.86763],[10.50229,45.87104],[10.50241,45.87141],[10.50276,45.87214],[10.50292,45.87239],[10.50338,45.87311],[10.50353,45.87333],[10.5037,45.87357],[10.49111,45.88228],[10.49087,45.88275],[10.49031,45.8839],[10.49015,45.88431],[10.49004,45.88461],[10.49005,45.88505],[10.49012,45.88708],[10.49594,45.89974],[10.49896,45.8995],[10.49931,45.89955],[10.49976,45.89961],[10.50014,45.89973],[10.50041,45.89982],[10.50107,45.90004],[10.50195,45.90035],[10.50235,45.9006],[10.50241,45.90064],[10.50594,45.90303],[10.5061,45.90315],[10.50616,45.90327],[10.50618,45.90344],[10.50732,45.90716],[10.5107,45.91544],[10.51085,45.91558],[10.51076,45.91624],[10.51067,45.91656],[10.50857,45.92357],[10.50746,45.92484],[10.50303,45.92691],[10.50106,45.92768],[10.49795,45.92881],[10.49642,45.92947]]]}},{"type":"Feature","id":"017011","properties":{"codice_istat":"017011","comune":"Barbariga","capoluogo":false,"area_kmq":11.404},"geometry":{"type":"Polygon","coordinates":[[[10.05077,45.42313],[10.02683,45.42763],[10.02492,45.42762],[10.02292,45.41941],[10.02342,45.41741],[10.02426,45.41422],[10.02545,45.40957],[10.02742,45.40684],[10.02638,45.40378],[10.0306,45.39607],[10.03067,45.39581],[10.03298,45.393],[10.04266,45.39001],[10.04941,45.39158],[10.05931,45.39035],[10.06279,45.38774],[10.06472,45.3907],[10.06586,45.3905],[10.06708,45.38784],[10.07052,45.38774],[10.07258,45.39302],[10.07277,45.39353],[10.07151,45.39713],[10.06514,45.41059],[10.0599,45.41407],[10.05743,45.41471],[10.0567,45.4181],[10.05735,45.42003],[10.05535,45.42021],[10.05077,45.42313]]]}},{"type":"Feature","id":"017012","properties":{"codice_istat":"017012","comune":"Barghe","capoluogo":false,"area_kmq":5.456},"geometry":{"type":"Polygon","coordinates":[[[10.40196,45.69697],[10.40045,45.69746],[10.3993,45.6977],[10.39347,45.6972],[10.38842,45.69421],[10.38458,45.69065],[10.38901,45.68889],[10.39237,45.68858],[10.39291,45.68816],[10.39419,45.68694],[10.39645,45.68463],[10.39889,45.68157],[10.39986,45.67796],[10.40365,45.66879],[10.40855,45.6624],[10.41171,45.66441],[10.41702,45.67077],[10.41943,45.67094],[10.41992,45.67098],[10.42041,45.67107],[10.4224,45.67228],[10.42283,45.67261],[10.42577,45.6749],[10.42561,45.67962],[10.41766,45.68363],[10.40882,45.68806],[10.41074,45.69211],[10.41103,45.69233],[10.41104,45.69254],[10.4108,45.69292],[10.41039,45.69341],[10.40999,45.69376],[10.4097,45.69392],[10.40706,45.69525],[10.40196,45.69697]]]}},{"type":"Feature","id":"017013","properties":{"codice_istat":"017013","comune":"Bassano Bresciano","capoluogo":false,"area_kmq":9.416},"geometry":{"type":"Polygon","coordinates":[[[10.11943,45.3383],[10.11364,45.34022],[10.10875,45.33987],[10.10798,45.33162],[10.10664,45.32634],[10.10659,45.3245],[10.11065,45.32072],[10.11893,45.31705],[10.11809,45.31519],[10.11735,45.31377],[10.11527,45.30985],[10.11642,45.30949],[10.11892,45.3079],[10.11986,45.30586],[10.11966,45.30538],[10.11959,45.30487],[10.11933,45.30243],[10.1198,45.30223],[10.12053,45.30209],[10.12582,45.30192],[10.12698,45.30195],[10.12805,45.30206],[10.13511,45.31203],[10.13814,45.31689],[10.1467,45.3204],[10.14998,45.32109],[10.15017,45.32106],[10.15291,45.32733],[10.1515,45.33379],[10.14624,45.33627],[10.13958,45.33821],[10.13803,45.33857],[10.1292,45.33751],[10.12178,45.33707],[10.11943,45.3383]]]}},{"type":"Feature","id":"017014","properties":{"codice_istat":"017014","comune":"Bedizzole","capoluogo":false,"area_kmq":26.328},"geometry":{"type":"Polygon","coordinates":[[[10.43428,45.52327],[10.43209,45.5238],[10.42852,45.52604],[10.42787,45.52655],[10.42772,45.52696],[10.42671,45.5272],[10.42606,45.52726],[10.42482,45.52722],[10.42235,45.5267],[10.42135,45.52644],[10.41977,45.52598],[10.4179,45.52538],[10.41708,45.52483],[10.41663,45.52449],[10.41658,45.52445],[10.41625,45.52409],[10.41603,45.52365],[10.41598,45.5233],[10.41601,45.52303],[10.41608,45.52273],[10.41448,45.52188],[10.412,45.5214],[10.40849,45.52203],[10.40759,45.52309],[10.40008,45.51769],[10.39942,45.51435],[10.39862,45.51267],[10.39836,45.51213],[10.39805,45.51161],[10.39767,45.51098],[10.39736,45.51048],[10.39706,45.51],[10.39349,45.50966],[10.38786,45.50955],[10.38309,45.5094],[10.38301,45.50931],[10.38237,45.50846],[10.3813,45.50439],[10.38135,45.50222],[10.38065,45.49581],[10.38057,45.49509],[10.37979,45.49041],[10.37956,45.49009],[10.37818,45.48896],[10.3778,45.4888],[10.37641,45.4884],[10.36991,45.48692],[10.3812,45.48366],[10.38615,45.48272],[10.39846,45.48105],[10.41553,45.47879],[10.42648,45.47524],[10.42949,45.47374],[10.43612,45.47202],[10.44029,45.47107],[10.44022,45.47267],[10.44038,45.47333],[10.44082,45.47521],[10.44091,45.4755],[10.44129,45.47679],[10.44158,45.47778],[10.44232,45.48009],[10.44379,45.4844],[10.44409,45.48502],[10.44426,45.48537],[10.44447,45.48578],[10.44509,45.48694],[10.44569,45.48792],[10.44619,45.48863],[10.44656,45.48913],[10.4468,45.48936],[10.44696,45.48951],[10.44726,45.48977],[10.4501,45.49217],[10.45523,45.49565],[10.46199,45.50394],[10.46411,45.50684],[10.46329,45.50902],[10.45883,45.51459],[10.45143,45.51776],[10.44284,45.52354],[10.43712,45.52345],[10.43428,45.52327]]]}},{"type":"Feature","id":"017015","properties":{"codice_istat":"017015","comune":"Berlingo","capoluogo":false,"area_kmq":4.653},"geometry":{"type":"Polygon","coordinates":[[[10.03995,45.51387],[10.03826,45.51755],[10.0378,45.51869],[10.03394,45.51779],[10.02606,45.51609],[10.01885,45.51643],[10.01826,45.51206],[10.02201,45.5023],[10.0231,45.49636],[10.02352,45.49498],[10.0244,45.49798],[10.02725,45.49898],[10.03141,45.49894],[10.03172,45.49599],[10.03193,45.49464],[10.03209,45.49408],[10.03404,45.49064],[10.0364,45.49053],[10.03804,45.49249],[10.04094,45.49503],[10.04122,45.49514],[10.04166,45.49516],[10.04209,45.49508],[10.04254,45.49492],[10.04281,45.49475],[10.04303,45.49457],[10.04323,45.49439],[10.04338,45.49417],[10.04352,45.49396],[10.04386,45.49673],[10.04429,45.49955],[10.04441,45.49986],[10.04455,45.50026],[10.04622,45.5043],[10.04644,45.50465],[10.04707,45.50462],[10.04742,45.50457],[10.04926,45.50543],[10.05104,45.5065],[10.05114,45.50676],[10.05165,45.50831],[10.05092,45.50955],[10.04323,45.51175],[10.03995,45.51387]]]}},{"type":"Feature","id":"017016","properties":{"codice_istat":"017016","comune":"Berzo Demo","capoluogo":false,"area_kmq":15.363},"geometry":{"type":"Polygon","coordinates":[[[10.3531,46.12515],[10.35023,46.12556],[10.34985,46.12553],[10.3485,46.12533],[10.34821,46.12528],[10.34785,46.12519],[10.34741,46.12502],[10.3469,46.1248],[10.34651,46.1246],[10.34624,46.12442],[10.34441,46.12315],[10.34139,46.12111],[10.33598,46.11438],[10.33526,46.11319],[10.33331,46.1115],[10.3329,46.11115],[10.33217,46.11065],[10.33186,46.11047],[10.32567,46.10877],[10.32048,46.10799],[10.31618,46.10801],[10.31564,46.10822],[10.31523,46.10829],[10.31478,46.10835],[10.3143,46.10832],[10.31402,46.10822],[10.31303,46.1069],[10.31271,46.10645],[10.31248,46.10592],[10.31231,46.10538],[10.31214,46.10455],[10.31209,46.10411],[10.31221,46.10265],[10.31235,46.10191],[10.3138,46.09724],[10.31603,46.0918],[10.31171,46.08981],[10.30822,46.0806],[10.31053,46.08095],[10.31624,46.08157],[10.3182,46.08144],[10.32211,46.08119],[10.32266,46.08117],[10.3269,46.08131],[10.33574,46.08264],[10.33909,46.08427],[10.34453,46.08364],[10.34601,46.08416],[10.35256,46.08719],[10.35676,46.08994],[10.357,46.09027],[10.36128,46.10236],[10.3581,46.10634],[10.36049,46.10969],[10.3608,46.11006],[10.36258,46.1117],[10.36317,46.11185],[10.36395,46.11187],[10.36474,46.11185],[10.36627,46.11173],[10.36743,46.1116],[10.36824,46.11145],[10.36902,46.11128],[10.36952,46.11117],[10.38516,46.11215],[10.3876,46.11272],[10.38557,46.11772],[10.3854,46.11798],[10.38394,46.12012],[10.38339,46.1205],[10.3793,46.12292],[10.37541,46.12359],[10.36908,46.12159],[10.36326,46.12149],[10.36217,46.12155],[10.36138,46.12165],[10.36012,46.12189],[10.35907,46.12234],[10.35761,46.12309],[10.35687,46.12368],[10.35642,46.12404],[10.35539,46.12458],[10.35493,46.12474],[10.3531,46.12515]]]}},{"type":"Feature","id":"017017","properties":{"codice_istat":"017017","comune":"Berzo Inferiore","capoluogo":false,"area_kmq":21.966},"geometry":{"type":"Polygon","coordinates":[[[10.28244,45.93691],[10.28256,45.93817],[10.27656,45.93697],[10.26355,45.93332],[10.26328,45.9332],[10.25878,45.9286],[10.26012,45.92808],[10.26241,45.92643],[10.26464,45.92451],[10.26843,45.918],[10.27584,45.90148],[10.27927,45.89243],[10.2823,45.88304],[10.28241,45.88268],[10.28333,45.88034],[10.2861,45.87579],[10.29443,45.86825],[10.29665,45.86656],[10.30195,45.86311],[10.30987,45.85859],[10.31469,45.86097],[10.32504,45.87349],[10.32534,45.87373],[10.32562,45.87391],[10.327,45.87479],[10.3289,45.87492],[10.32588,45.88086],[10.32873,45.88505],[10.32868,45.88537],[10.32776,45.88661],[10.32524,45.88966],[10.31781,45.89704],[10.31086,45.90409],[10.30311,45.91318],[10.30081,45.91743],[10.29342,45.92449],[10.28628,45.92991],[10.28573,45.93057],[10.28484,45.93193],[10.28441,45.93271],[10.28244,45.93691]]]}},{"type":"Feature","id":"017018","properties":{"codice_istat":"017018","comune":"Bienno","capoluogo":false,"area_kmq":46.75},"geometry":{"type":"Polygon","coordinates":[[[10.29829,45.94604],[10.29598,45.9474],[10.28921,45.94711],[10.28565,45.9468],[10.28256,45.93817],[10.28244,45.93691],[10.28441,45.93271],[10.28484,45.93193],[10.28573,45.93057],[10.28628,45.92991],[10.29342,45.92449],[10.30081,45.91743],[10.30311,45.91318],[10.31086,45.90409],[10.31781,45.89704],[10.32524,45.88966],[10.32776,45.88661],[10.32868,45.88537],[10.32873,45.88505],[10.32588,45.88086],[10.3289,45.87492],[10.33689,45.86628],[10.33991,45.87251],[10.36257,45.86824],[10.37549,45.86448],[10.37918,45.86674],[10.39176,45.87287],[10.39774,45.88179],[10.40539,45.89092],[10.41642,45.89821],[10.42263,45.89832],[10.42402,45.89861],[10.43339,45.90191],[10.4381,45.9047],[10.44105,45.90969],[10.43915,45.91107],[10.43777,45.9116],[10.43003,45.91109],[10.42844,45.91093],[10.42612,45.91058],[10.4256,45.91048],[10.42478,45.91027],[10.42422,45.91006],[10.4237,45.90979],[10.42319,45.90947],[10.41732,45.90783],[10.40921,45.90644],[10.40606,45.90634],[10.4047,45.90657],[10.40404,45.9067],[10.40073,45.90747],[10.40023,45.90767],[10.39898,45.90824],[10.38588,45.90877],[10.38528,45.90871],[10.38463,45.90883],[10.379,45.91034],[10.37858,45.91046],[10.37719,45.91134],[10.37691,45.91155],[10.37679,45.91178],[10.37729,45.91671],[10.3786,45.9217],[10.37871,45.92203],[10.37875,45.92225],[10.37915,45.92619],[10.37912,45.92684],[10.379,45.92721],[10.37871,45.92748],[10.3784,45.9277],[10.3778,45.92803],[10.37626,45.92843],[10.37522,45.92865],[10.37475,45.92869],[10.37196,45.92861],[10.37144,45.92858],[10.37082,45.92848],[10.37045,45.92834],[10.36997,45.92813],[10.36946,45.9278],[10.35924,45.92555],[10.34357,45.92655],[10.3415,45.92668],[10.3382,45.92693],[10.33573,45.92719],[10.32899,45.9286],[10.32593,45.92932],[10.3254,45.92999],[10.32476,45.93114],[10.31428,45.93318],[10.30584,45.93391],[10.30527,45.93564],[10.30515,45.93604],[10.30507,45.93635],[10.30475,45.93762],[10.30468,45.93806],[10.30463,45.93904],[10.30472,45.93949],[10.3048,45.93983],[10.30488,45.94016],[10.30492,45.94056],[10.30492,45.94097],[10.30484,45.94133],[10.30473,45.94162],[10.29829,45.94604]]]}},{"type":"Feature","id":"017019","properties":{"codice_istat":"017019","comune":"Bione","capoluogo":false,"area_kmq":17.312},"geometry":{"type":"Polygon","coordinates":[[[10.37482,45.68784],[10.36135,45.69747],[10.35843,45.69667],[10.35362,45.69543],[10.35276,45.69591],[10.35115,45.69644],[10.35055,45.69661],[10.3501,45.69647],[10.34523,45.69485],[10.33258,45.69006],[10.32856,45.68844],[10.31812,45.68412],[10.30978,45.67956],[10.30019,45.6762],[10.29789,45.67145],[10.29759,45.6687],[10.29792,45.66621],[10.29842,45.66349],[10.30311,45.66487],[10.30593,45.6652],[10.30973,45.66434],[10.3101,45.66419],[10.31035,45.66408],[10.31069,45.6639],[10.31105,45.66368],[10.31132,45.66349],[10.31801,45.65869],[10.31822,45.65843],[10.31944,45.65689],[10.3204,45.65534],[10.32053,45.65504],[10.32088,45.6537],[10.32098,45.65307],[10.3244,45.65183],[10.32749,45.6542],[10.3299,45.65606],[10.33159,45.65764],[10.34246,45.65941],[10.3459,45.65915],[10.34799,45.6591],[10.35253,45.65948],[10.35541,45.65976],[10.36224,45.66113],[10.36346,45.66138],[10.36409,45.66197],[10.36478,45.66274],[10.36503,45.66308],[10.36743,45.66648],[10.36801,45.66794],[10.36611,45.66944],[10.36473,45.67132],[10.36445,45.67182],[10.3625,45.67556],[10.36232,45.67604],[10.36215,45.67652],[10.36199,45.67701],[10.36196,45.67728],[10.36201,45.67753],[10.36329,45.67963],[10.36345,45.67986],[10.36474,45.68084],[10.36748,45.68222],[10.37009,45.68255],[10.37357,45.68533],[10.37482,45.68784]]]}},{"type":"Feature","id":"017020","properties":{"codice_istat":"017020","comune":"Borgo San Giacomo","capoluogo":false,"area_kmq":29.387},"geometry":{"type":"Polygon","coordinates":[[[9.99381,45.37009],[9.99092,45.37615],[9.99158,45.3783],[9.98575,45.37667],[9.97669,45.37624],[9.96747,45.37416],[9.96123,45.37107],[9.95729,45.36663],[9.95498,45.36137],[9.94833,45.3561],[9.94437,45.35514],[9.94441,45.34936],[9.94149,45.34053],[9.94535,45.33445],[9.93451,45.33175],[9.93279,45.32936],[9.93281,45.32886],[9.93659,45.32589],[9.94063,45.32276],[9.94477,45.32049],[9.95586,45.3165],[9.96733,45.313],[9.96801,45.31232],[9.96811,45.31221],[9.96919,45.31041],[9.96945,45.31314],[9.98003,45.32816],[9.98511,45.33496],[9.99342,45.3414],[9.99556,45.34103],[10.00062,45.33989],[10.00032,45.33956],[9.9996,45.33881],[9.99921,45.3385],[9.99897,45.33824],[9.9988,45.338],[9.99877,45.33767],[9.99879,45.33739],[9.99977,45.33205],[9.99995,45.33182],[10.00049,45.33173],[10.0012,45.3317],[10.021,45.33087],[10.02176,45.33087],[10.02454,45.33408],[10.02623,45.3362],[10.03561,45.34915],[10.03585,45.34948],[10.03337,45.35041],[10.03016,45.35139],[10.02306,45.35153],[10.02422,45.34981],[10.02369,45.34789],[10.0205,45.34849],[10.01465,45.35074],[10.00896,45.35473],[10.00939,45.35884],[10.0095,45.36259],[10.00488,45.36718],[9.99381,45.37009]]]}},{"type":"Feature","id":"017021","properties":{"codice_istat":"017021","comune":"Borgosatollo","capoluogo":false,"area_kmq":8.332},"geometry":{"type":"Polygon","coordinates":[[[10.24231,45.50152],[10.23953,45.50138],[10.2367,45.50051],[10.23418,45.49904],[10.23501,45.49726],[10.23541,45.49611],[10.23624,45.49364],[10.23564,45.49302],[10.23528,45.49267],[10.23178,45.49175],[10.23133,45.49164],[10.23097,45.49147],[10.23055,45.4912],[10.23033,45.49092],[10.22955,45.48914],[10.22729,45.48219],[10.22,45.47497],[10.21523,45.47427],[10.21409,45.47415],[10.2179,45.46748],[10.21879,45.47082],[10.21929,45.471],[10.21934,45.47101],[10.21948,45.47102],[10.21967,45.47103],[10.21996,45.47104],[10.22,45.47104],[10.22208,45.47077],[10.22502,45.47032],[10.22594,45.46909],[10.22531,45.46885],[10.22521,45.46759],[10.22602,45.46514],[10.2287,45.46305],[10.22904,45.46298],[10.23012,45.463],[10.23241,45.46305],[10.23279,45.46306],[10.23406,45.46309],[10.23762,45.4633],[10.23849,45.4633],[10.24072,45.46317],[10.24098,45.46315],[10.24308,45.46301],[10.24462,45.46141],[10.24779,45.46261],[10.24711,45.4668],[10.25387,45.46725],[10.25695,45.4677],[10.26045,45.47385],[10.25984,45.47514],[10.2583,45.47632],[10.25669,45.47881],[10.2555,45.48145],[10.25459,45.48282],[10.24678,45.49531],[10.24571,45.49712],[10.24231,45.50152]]]}},{"type":"Feature","id":"017022","properties":{"codice_istat":"017022","comune":"Borno","capoluogo":false,"area_kmq":30.28},"geometry":{"type":"Polygon","coordinates":[[[10.20412,45.98275],[10.20236,45.98345],[10.20199,45.98356],[10.19675,45.98442],[10.18161,45.98684],[10.17651,45.98272],[10.17744,45.98122],[10.1781,45.97417],[10.1734,45.97115],[10.16007,45.96741],[10.14424,45.96414],[10.14307,45.96414],[10.1411,45.96402],[10.13995,45.96388],[10.13802,45.96334],[10.13472,45.96236],[10.13352,45.96197],[10.12792,45.95983],[10.12767,45.95973],[10.12715,45.9595],[10.12659,45.95921],[10.12515,45.95846],[10.12368,45.95756],[10.12293,45.9571],[10.12132,45.95604],[10.12072,45.95553],[10.12018,45.95507],[10.1196,45.95457],[10.11923,45.95418],[10.11892,45.95379],[10.11853,45.95321],[10.11817,45.95255],[10.1159,45.94801],[10.11539,45.94643],[10.11411,45.93978],[10.11447,45.93811],[10.11965,45.93663],[10.12568,45.9373],[10.12627,45.93732],[10.12678,45.93727],[10.12842,45.93699],[10.12904,45.9368],[10.12957,45.93663],[10.12885,45.93731],[10.12926,45.93905],[10.13092,45.94268],[10.1312,45.94311],[10.13161,45.94354],[10.13216,45.94405],[10.1346,45.94624],[10.135,45.94645],[10.13673,45.94725],[10.13711,45.9474],[10.13765,45.94743],[10.14522,45.94711],[10.15058,45.94619],[10.16251,45.94275],[10.16665,45.94151],[10.1693,45.94053],[10.17229,45.9385],[10.17325,45.9377],[10.17707,45.93364],[10.17849,45.9315],[10.17789,45.93028],[10.17973,45.92766],[10.1801,45.92741],[10.18042,45.92722],[10.18051,45.92716],[10.18101,45.92698],[10.18187,45.92678],[10.1833,45.92659],[10.18411,45.92654],[10.1868,45.92659],[10.1879,45.92664],[10.19006,45.92677],[10.19094,45.92685],[10.1918,45.92696],[10.1923,45.92717],[10.19984,45.93088],[10.20438,45.93536],[10.20475,45.93772],[10.209,45.94071],[10.21192,45.94224],[10.21248,45.94244],[10.21311,45.94254],[10.21373,45.94262],[10.21432,45.94267],[10.21484,45.94264],[10.21716,45.94228],[10.21994,45.9413],[10.22327,45.94092],[10.22363,45.94096],[10.22402,45.94106],[10.22443,45.94123],[10.22471,45.94142],[10.22494,45.9416],[10.2251,45.9418],[10.22566,45.94497],[10.22433,45.95088],[10.22525,45.96064],[10.22389,45.96147],[10.22272,45.96223],[10.22121,45.96344],[10.22068,45.96392],[10.21766,45.96729],[10.21118,45.97744],[10.21079,45.97937],[10.2106,45.9799],[10.21036,45.98014],[10.20708,45.98155],[10.20412,45.98275]]]}},{"type":"Feature","id":"017023","properties":{"codice_istat":"017023","comune":"Botticino","capoluogo":false,"area_kmq":18.332},"geometry":{"type":"Polygon","coordinates":[[[10.33091,45.57957],[10.32603,45.57986],[10.32539,45.58018],[10.32511,45.58023],[10.32457,45.58031],[10.32426,45.58028],[10.32391,45.58021],[10.32118,45.57908],[10.3023,45.568],[10.29909,45.56421],[10.29473,45.55914],[10.29276,45.55758],[10.29137,45.55682],[10.28966,45.55546],[10.28616,45.55061],[10.28593,45.55026],[10.28526,45.54873],[10.28484,45.54721],[10.2845,45.54592],[10.28444,45.54556],[10.28436,45.54468],[10.28391,45.53929],[10.28898,45.5353],[10.29494,45.52916],[10.29723,45.52334],[10.29998,45.51939],[10.30433,45.52125],[10.30472,45.52375],[10.30486,45.52459],[10.30705,45.52656],[10.31495,45.53067],[10.31701,45.53146],[10.31848,45.53196],[10.31902,45.53213],[10.33026,45.53413],[10.33577,45.53654],[10.33656,45.53679],[10.33712,45.53692],[10.33775,45.53702],[10.3384,45.53711],[10.34312,45.53732],[10.34268,45.54038],[10.33986,45.55063],[10.33688,45.55566],[10.33541,45.56214],[10.33534,45.56649],[10.33516,45.57101],[10.33487,45.57292],[10.33339,45.57763],[10.33321,45.5781],[10.33294,45.57863],[10.33258,45.57905],[10.33226,45.57932],[10.33197,45.57943],[10.33169,45.57948],[10.33135,45.57953],[10.33091,45.57957]]]}},{"type":"Feature","id":"017024","properties":{"codice_istat":"017024","comune":"Bovegno","capoluogo":false,"area_kmq":48.039},"geometry":{"type":"Polygon","coordinates":[[[10.33689,45.86628],[10.3289,45.87492],[10.327,45.87479],[10.32562,45.87391],[10.32534,45.87373],[10.32504,45.87349],[10.31469,45.86097],[10.30987,45.85859],[10.30976,45.85819],[10.30959,45.85778],[10.30926,45.85716],[10.30899,45.85671],[10.30848,45.85589],[10.308,45.85519],[10.30753,45.85484],[10.30127,45.85329],[10.29458,45.85314],[10.2818,45.85073],[10.27564,45.847],[10.27068,45.84554],[10.26458,45.8433],[10.26209,45.84236],[10.26159,45.84214],[10.25902,45.84003],[10.25718,45.83841],[10.25414,45.83507],[10.25362,45.83469],[10.25331,45.83451],[10.25272,45.83424],[10.25234,45.8341],[10.24896,45.83301],[10.24626,45.83268],[10.23878,45.83341],[10.23813,45.83347],[10.23754,45.83349],[10.23685,45.83341],[10.23631,45.83334],[10.23584,45.83326],[10.2344,45.83268],[10.23387,45.83245],[10.22786,45.82979],[10.22238,45.81982],[10.22224,45.81957],[10.22137,45.81749],[10.22145,45.81723],[10.22217,45.81599],[10.2225,45.8155],[10.22456,45.8123],[10.23239,45.80021],[10.2394,45.79143],[10.23968,45.79132],[10.2413,45.79066],[10.24237,45.79012],[10.2448,45.78856],[10.24695,45.7869],[10.25621,45.77884],[10.25903,45.77598],[10.25993,45.77462],[10.26121,45.77063],[10.26259,45.76676],[10.26606,45.76107],[10.26651,45.7608],[10.26679,45.76071],[10.2685,45.76017],[10.26838,45.76075],[10.26839,45.76114],[10.26844,45.76142],[10.26865,45.76166],[10.2694,45.76173],[10.28143,45.76238],[10.28707,45.76204],[10.28695,45.7628],[10.2869,45.76304],[10.28662,45.76344],[10.28619,45.76386],[10.28381,45.76562],[10.2832,45.76602],[10.28168,45.76689],[10.28055,45.76746],[10.28041,45.76773],[10.28032,45.76832],[10.28037,45.76873],[10.28052,45.76912],[10.28429,45.77517],[10.28443,45.7754],[10.28488,45.776],[10.2861,45.77736],[10.28901,45.7801],[10.29404,45.78298],[10.29453,45.7832],[10.2946,45.78322],[10.29509,45.78342],[10.29855,45.78473],[10.30028,45.78525],[10.30201,45.78576],[10.3028,45.78596],[10.30356,45.78607],[10.30811,45.78666],[10.3122,45.78694],[10.31918,45.78575],[10.32449,45.78462],[10.32478,45.79168],[10.32494,45.79727],[10.32491,45.79792],[10.32396,45.80076],[10.32381,45.80101],[10.32355,45.80143],[10.32321,45.80186],[10.32299,45.80214],[10.32245,45.8025],[10.32026,45.8034],[10.31975,45.80361],[10.3192,45.80374],[10.31736,45.80407],[10.31679,45.80414],[10.31628,45.80418],[10.31572,45.80422],[10.31526,45.8042],[10.31495,45.80405],[10.31466,45.80378],[10.29729,45.80126],[10.29421,45.80149],[10.29304,45.80207],[10.29306,45.80474],[10.29319,45.80512],[10.29337,45.80549],[10.29367,45.80589],[10.294,45.80621],[10.29452,45.80667],[10.29701,45.81642],[10.29829,45.8261],[10.32007,45.84761],[10.32735,45.8576],[10.32949,45.86084],[10.33201,45.86396],[10.33221,45.86416],[10.33254,45.86446],[10.33395,45.86567],[10.33434,45.86592],[10.33481,45.86606],[10.33689,45.86628]]]}},{"type":"Feature","id":"017025","properties":{"codice_istat":"017025","comune":"Bovezzo","capoluogo":false,"area_kmq":6.435},"geometry":{"type":"Polygon","coordinates":[[[10.26773,45.60341],[10.26305,45.61646],[10.25922,45.62074],[10.25781,45.6203],[10.25661,45.61981],[10.25534,45.61921],[10.25504,45.61904],[10.24915,45.61557],[10.2464,45.61164],[10.24168,45.60551],[10.23695,45.6028],[10.23488,45.5992],[10.23307,45.59503],[10.22994,45.58981],[10.23866,45.58487],[10.24406,45.58353],[10.25034,45.58362],[10.24951,45.58451],[10.25275,45.5913],[10.2541,45.59348],[10.25428,45.59375],[10.25456,45.59401],[10.25501,45.59416],[10.26596,45.60015],[10.26773,45.60341]]]}},{"type":"Feature","id":"017026","properties":{"codice_istat":"017026","comune":"Brandico","capoluogo":false,"area_kmq":8.318},"geometry":{"type":"Polygon","coordinates":[[[10.0447,45.46661],[10.03508,45.46914],[10.03439,45.46875],[10.03204,45.46743],[10.02226,45.46033],[10.01907,45.45645],[10.02364,45.45248],[10.02538,45.45082],[10.02722,45.44813],[10.02544,45.43987],[10.02744,45.43945],[10.02907,45.44206],[10.0316,45.44214],[10.0445,45.43996],[10.04637,45.43932],[10.04771,45.44199],[10.05621,45.44504],[10.06098,45.44453],[10.06288,45.44437],[10.06566,45.44443],[10.06613,45.44502],[10.06512,45.45205],[10.06412,45.45872],[10.06405,45.45908],[10.06386,45.46008],[10.06367,45.46064],[10.0634,45.46114],[10.06325,45.46137],[10.063,45.46162],[10.06139,45.46313],[10.06106,45.46337],[10.05745,45.46489],[10.04894,45.46553],[10.0447,45.46661]]]}},{"type":"Feature","id":"017027","properties":{"codice_istat":"017027","comune":"Braone","capoluogo":false,"area_kmq":13.315},"geometry":{"type":"Polygon","coordinates":[[[10.34739,45.99245],[10.33651,45.99324],[10.33483,45.99335],[10.32204,45.98114],[10.32764,45.98231],[10.33463,45.98334],[10.33935,45.98319],[10.36188,45.98129],[10.36858,45.98001],[10.37585,45.97794],[10.37626,45.9778],[10.37693,45.97736],[10.3772,45.97716],[10.37811,45.97647],[10.3784,45.97619],[10.3806,45.97347],[10.38366,45.96959],[10.38562,45.96706],[10.38751,45.96423],[10.39028,45.96052],[10.39196,45.95954],[10.39772,45.95641],[10.40389,45.95341],[10.40461,45.9535],[10.40518,45.95356],[10.4057,45.95349],[10.40619,45.9533],[10.40657,45.95302],[10.41081,45.94969],[10.41181,45.94851],[10.41207,45.94688],[10.41329,45.94622],[10.41372,45.94616],[10.41414,45.94617],[10.41458,45.94619],[10.41498,45.94625],[10.41555,45.94638],[10.41647,45.94659],[10.41832,45.94708],[10.41885,45.94726],[10.42233,45.94849],[10.42292,45.9488],[10.42346,45.94924],[10.42527,45.95107],[10.42563,45.95149],[10.42985,45.9569],[10.43041,45.9578],[10.4306,45.95821],[10.43091,45.95897],[10.4309,45.95923],[10.43081,45.95999],[10.42943,45.96116],[10.42389,45.96544],[10.41759,45.96851],[10.4147,45.96977],[10.41412,45.96998],[10.41353,45.97016],[10.4121,45.97053],[10.40896,45.97185],[10.40654,45.97295],[10.39973,45.97678],[10.39894,45.97729],[10.39808,45.97821],[10.3949,45.98184],[10.38349,45.98942],[10.3826,45.98982],[10.37749,45.99096],[10.37495,45.99069],[10.36526,45.99107],[10.35603,45.99173],[10.34739,45.99245]]]}},{"type":"Feature","id":"017028","properties":{"codice_istat":"017028","comune":"Breno","capoluogo":false,"area_kmq":59.898},"geometry":{"type":"Polygon","coordinates":[[[10.47611,45.97051],[10.46485,45.97354],[10.45795,45.97543],[10.45341,45.97655],[10.452,45.97306],[10.45152,45.96684],[10.44562,45.96293],[10.43484,45.95968],[10.43081,45.95999],[10.4309,45.95923],[10.43091,45.95897],[10.4306,45.95821],[10.43041,45.9578],[10.42985,45.9569],[10.42563,45.95149],[10.42527,45.95107],[10.42346,45.94924],[10.42292,45.9488],[10.42233,45.94849],[10.41885,45.94726],[10.41832,45.94708],[10.41647,45.94659],[10.41555,45.94638],[10.41498,45.94625],[10.41458,45.94619],[10.41414,45.94617],[10.41372,45.94616],[10.41329,45.94622],[10.41207,45.94688],[10.40989,45.94651],[10.40927,45.94631],[10.40876,45.94611],[10.40819,45.94586],[10.40774,45.94559],[10.40185,45.94053],[10.39708,45.93762],[10.37944,45.92769],[10.37484,45.92904],[10.36889,45.93381],[10.36462,45.94274],[10.35859,45.94338],[10.35115,45.94542],[10.35056,45.94562],[10.35017,45.94593],[10.34983,45.94648],[10.34973,45.94696],[10.34968,45.94729],[10.34975,45.94854],[10.34981,45.94908],[10.35006,45.94959],[10.35028,45.95007],[10.35042,45.95059],[10.35031,45.95109],[10.35018,45.95162],[10.34999,45.95205],[10.34955,45.95309],[10.34873,45.95469],[10.34835,45.95514],[10.33586,45.9625],[10.32677,45.96631],[10.32368,45.96722],[10.31886,45.96906],[10.31703,45.96997],[10.31624,45.97085],[10.3161,45.97168],[10.31444,45.97204],[10.30775,45.96824],[10.30511,45.96604],[10.30281,45.96481],[10.29737,45.96497],[10.29461,45.96599],[10.29424,45.96618],[10.29237,45.96716],[10.28833,45.96565],[10.29519,45.96224],[10.29555,45.96127],[10.29466,45.96053],[10.29145,45.95855],[10.28967,45.95759],[10.28156,45.95338],[10.27927,45.95265],[10.28565,45.9468],[10.28921,45.94711],[10.29598,45.9474],[10.29829,45.94604],[10.30473,45.94162],[10.30484,45.94133],[10.30492,45.94097],[10.30492,45.94056],[10.30488,45.94016],[10.3048,45.93983],[10.30472,45.93949],[10.30463,45.93904],[10.30468,45.93806],[10.30475,45.93762],[10.30507,45.93635],[10.30515,45.93604],[10.30527,45.93564],[10.30584,45.93391],[10.31428,45.93318],[10.32476,45.93114],[10.3254,45.92999],[10.32593,45.92932],[10.32899,45.9286],[10.33573,45.92719],[10.3382,45.92693],[10.3415,45.92668],[10.34357,45.92655],[10.35924,45.92555],[10.36946,45.9278],[10.36997,45.92813],[10.37045,45.92834],[10.37082,45.92848],[10.37144,45.92858],[10.37196,45.92861],[10.37475,45.92869],[10.37522,45.92865],[10.37626,45.92843],[10.3778,45.92803],[10.3784,45.9277],[10.37871,45.92748],[10.379,45.92721],[10.37912,45.92684],[10.37915,45.92619],[10.37875,45.92225],[10.37871,45.92203],[10.3786,45.9217],[10.37729,45.91671],[10.37679,45.91178],[10.37691,45.91155],[10.37719,45.91134],[10.37858,45.91046],[10.379,45.91034],[10.38463,45.90883],[10.38528,45.90871],[10.38588,45.90877],[10.39898,45.90824],[10.40023,45.90767],[10.40073,45.90747],[10.40404,45.9067],[10.4047,45.90657],[10.40606,45.90634],[10.40921,45.90644],[10.41732,45.90783],[10.42319,45.90947],[10.4237,45.90979],[10.42422,45.91006],[10.42478,45.91027],[10.4256,45.91048],[10.42612,45.91058],[10.42844,45.91093],[10.43003,45.91109],[10.43777,45.9116],[10.43915,45.91107],[10.44105,45.90969],[10.44144,45.91005],[10.44168,45.91023],[10.44214,45.91048],[10.44259,45.91064],[10.44422,45.91116],[10.4447,45.91131],[10.44578,45.91158],[10.45201,45.91293],[10.45977,45.91826],[10.4664,45.91927],[10.47499,45.91936],[10.48879,45.92787],[10.48897,45.92805],[10.48964,45.92905],[10.49004,45.92966],[10.49024,45.92998],[10.49042,45.93041],[10.49056,45.93085],[10.49069,45.93129],[10.49124,45.93323],[10.49144,45.94195],[10.49037,45.94207],[10.48615,45.94283],[10.48612,45.94288],[10.486,45.94305],[10.48571,45.94348],[10.48524,45.94422],[10.48471,45.94511],[10.48326,45.95053],[10.48462,45.95529],[10.48617,45.95797],[10.48793,45.96015],[10.48942,45.96377],[10.48856,45.96874],[10.4866,45.97116],[10.48633,45.97106],[10.486,45.97096],[10.48525,45.9708],[10.48464,45.97068],[10.48325,45.97041],[10.48255,45.9703],[10.48017,45.96995],[10.47894,45.97006],[10.47826,45.97015],[10.47687,45.97038],[10.4762,45.97049],[10.47611,45.97051]]]}},{"type":"Feature","id":"017029","properties":{"codice_istat":"017029","comune":"Brescia","capoluogo":true,"area_kmq":90.401},"geometry":{"type":"Polygon","coordinates":[[[10.23866,45.58487],[10.22994,45.58981],[10.22101,45.58579],[10.22109,45.58496],[10.22094,45.58279],[10.22089,45.5823],[10.22067,45.58155],[10.22034,45.5808],[10.21887,45.57829],[10.21629,45.57427],[10.21398,45.57091],[10.21337,45.57011],[10.21111,45.56997],[10.21109,45.57006],[10.21108,45.57022],[10.20076,45.57281],[10.18924,45.57257],[10.18398,45.57227],[10.18014,45.57035],[10.18063,45.56782],[10.17931,45.56615],[10.17436,45.55994],[10.17408,45.55965],[10.17374,45.55935],[10.16989,45.55734],[10.16196,45.55333],[10.16141,45.55353],[10.15997,45.55441],[10.15324,45.5486],[10.15209,45.54764],[10.15015,45.5455],[10.14978,45.54502],[10.14951,45.54455],[10.14734,45.54076],[10.15918,45.53733],[10.16341,45.53642],[10.16872,45.53775],[10.1695,45.53814],[10.16965,45.53823],[10.16972,45.53826],[10.16992,45.53838],[10.17008,45.53849],[10.17015,45.53854],[10.17035,45.5387],[10.17073,45.539],[10.17115,45.53933],[10.17404,45.54168],[10.17458,45.54218],[10.17565,45.54359],[10.17642,45.54465],[10.17771,45.54604],[10.17823,45.54607],[10.17896,45.54612],[10.17975,45.54609],[10.18025,45.54603],[10.18083,45.54591],[10.18135,45.54573],[10.18172,45.54558],[10.18199,45.54544],[10.18201,45.54534],[10.17493,45.53726],[10.16778,45.52965],[10.16083,45.52415],[10.15563,45.5229],[10.15404,45.51671],[10.15278,45.50716],[10.15362,45.50125],[10.15708,45.49929],[10.16157,45.49755],[10.16383,45.4969],[10.16909,45.49615],[10.17613,45.49338],[10.18357,45.49212],[10.19239,45.49066],[10.19394,45.48806],[10.1941,45.48341],[10.19477,45.48337],[10.19532,45.48323],[10.19963,45.48271],[10.2044,45.48477],[10.20972,45.49173],[10.21028,45.49317],[10.21169,45.49658],[10.21229,45.49802],[10.21297,45.49927],[10.21419,45.5013],[10.21552,45.50259],[10.2192,45.50434],[10.22237,45.5038],[10.23164,45.50086],[10.23418,45.49904],[10.2367,45.50051],[10.23953,45.50138],[10.24231,45.50152],[10.24571,45.49712],[10.24678,45.49531],[10.25459,45.48282],[10.2555,45.48145],[10.26261,45.48703],[10.2702,45.49236],[10.27356,45.49223],[10.27991,45.49143],[10.28622,45.49404],[10.2911,45.49641],[10.29184,45.49689],[10.29327,45.4978],[10.29519,45.5],[10.29419,45.50075],[10.29301,45.50203],[10.29308,45.50251],[10.29327,45.50372],[10.2944,45.50772],[10.29587,45.5124],[10.29715,45.51573],[10.29998,45.51939],[10.29723,45.52334],[10.29494,45.52916],[10.28898,45.5353],[10.28391,45.53929],[10.28436,45.54468],[10.28444,45.54556],[10.2845,45.54592],[10.28484,45.54721],[10.28526,45.54873],[10.28593,45.55026],[10.28616,45.55061],[10.28966,45.55546],[10.29137,45.55682],[10.28693,45.55932],[10.28065,45.56138],[10.27786,45.56225],[10.26847,45.56463],[10.26062,45.56971],[10.25924,45.5723],[10.25982,45.57639],[10.25522,45.58063],[10.25331,45.58215],[10.25123,45.5834],[10.25076,45.58353],[10.25034,45.58362],[10.24406,45.58353],[10.23866,45.58487]]]}},{"type":"Feature","id":"017030","properties":{"codice_istat":"017030","comune":"Brione","capoluogo":false,"area_kmq":6.806},"geometry":{"type":"Polygon","coordinates":[[[10.17759,45.66357],[10.17454,45.66351],[10.17412,45.66349],[10.16756,45.66211],[10.16185,45.66051],[10.16152,45.66024],[10.15979,45.65855],[10.15832,45.65703],[10.15801,45.65586],[10.15993,45.65471],[10.15171,45.65124],[10.14689,45.65021],[10.14349,45.64959],[10.14222,45.6502],[10.14079,45.65132],[10.14084,45.65234],[10.14084,45.65245],[10.14065,45.6526],[10.14027,45.65289],[10.13956,45.65331],[10.13804,45.65228],[10.13769,45.65197],[10.13733,45.65164],[10.13561,45.64982],[10.1353,45.64936],[10.13447,45.6477],[10.1343,45.64716],[10.13274,45.64197],[10.13307,45.64024],[10.13895,45.63465],[10.14027,45.6338],[10.14351,45.63341],[10.14403,45.63335],[10.14441,45.63323],[10.14468,45.63302],[10.14487,45.63275],[10.14479,45.63155],[10.14404,45.62731],[10.14087,45.62107],[10.13971,45.61892],[10.14386,45.61945],[10.14316,45.62181],[10.14449,45.62662],[10.14629,45.63053],[10.14764,45.6314],[10.15322,45.63351],[10.1538,45.63372],[10.15513,45.63088],[10.15529,45.63051],[10.15542,45.63012],[10.15529,45.62979],[10.15497,45.62955],[10.15477,45.62941],[10.15449,45.62915],[10.15431,45.62893],[10.15379,45.62814],[10.15365,45.62789],[10.15348,45.62736],[10.15336,45.62696],[10.15325,45.62658],[10.15312,45.62613],[10.15327,45.62509],[10.15576,45.6251],[10.15624,45.62513],[10.15766,45.62534],[10.15815,45.62542],[10.15839,45.62553],[10.16231,45.62759],[10.16266,45.62786],[10.16313,45.62835],[10.16342,45.62865],[10.16418,45.62977],[10.16499,45.63102],[10.16224,45.63557],[10.16686,45.65097],[10.16697,45.65123],[10.16778,45.6529],[10.16798,45.65328],[10.16828,45.65373],[10.16852,45.65405],[10.16882,45.65438],[10.17494,45.6578],[10.17958,45.66014],[10.17944,45.66214],[10.1793,45.66263],[10.17919,45.66293],[10.17895,45.66316],[10.17876,45.66333],[10.17834,45.66346],[10.17759,45.66357]]]}},{"type":"Feature","id":"017031","properties":{"codice_istat":"017031","comune":"Caino","capoluogo":false,"area_kmq":17.549},"geometry":{"type":"Polygon","coordinates":[[[10.32631,45.63681],[10.32202,45.6388],[10.31601,45.63756],[10.30317,45.63386],[10.30081,45.63297],[10.30042,45.63282],[10.29445,45.62954],[10.29082,45.62552],[10.2873,45.62308],[10.28611,45.62278],[10.29242,45.61751],[10.29903,45.60681],[10.30863,45.602],[10.32072,45.59955],[10.32142,45.59953],[10.32634,45.59948],[10.32737,45.59948],[10.32933,45.59967],[10.32982,45.59973],[10.33019,45.59984],[10.33079,45.60004],[10.33377,45.60076],[10.34216,45.60136],[10.34598,45.60147],[10.34994,45.60006],[10.35042,45.59997],[10.35401,45.59977],[10.35623,45.59986],[10.35736,45.59997],[10.35966,45.60197],[10.36198,45.60621],[10.36231,45.61083],[10.36189,45.61288],[10.35841,45.61795],[10.35743,45.6179],[10.35597,45.61794],[10.35488,45.61798],[10.35441,45.61815],[10.35416,45.6184],[10.35394,45.61867],[10.35269,45.62029],[10.35252,45.62068],[10.35239,45.6211],[10.34749,45.6275],[10.33458,45.63336],[10.32631,45.63681]]]}},{"type":"Feature","id":"017032","properties":{"codice_istat":"017032","comune":"Calcinato","capoluogo":false,"area_kmq":33.205},"geometry":{"type":"Polygon","coordinates":[[[10.3812,45.48366],[10.36991,45.48692],[10.36292,45.48735],[10.36289,45.48731],[10.35917,45.4824],[10.35907,45.48226],[10.35704,45.47926],[10.35243,45.47379],[10.35018,45.47156],[10.34186,45.46181],[10.34581,45.46005],[10.35534,45.45631],[10.37214,45.44874],[10.37429,45.44774],[10.37958,45.44603],[10.3844,45.44451],[10.39174,45.44232],[10.39371,45.4428],[10.39354,45.44306],[10.39357,45.44342],[10.39386,45.44384],[10.3942,45.44406],[10.39452,45.44412],[10.40335,45.44267],[10.40398,45.44252],[10.40478,45.44234],[10.40534,45.4422],[10.40594,45.44204],[10.40708,45.44147],[10.41079,45.43958],[10.4241,45.43207],[10.43536,45.4257],[10.44729,45.41856],[10.44948,45.41741],[10.45038,45.41741],[10.45119,45.4186],[10.45277,45.42182],[10.45629,45.43048],[10.45542,45.43061],[10.45498,45.43075],[10.45438,45.43108],[10.45061,45.43317],[10.44857,45.4345],[10.44773,45.43525],[10.44573,45.43719],[10.44525,45.43779],[10.44503,45.43829],[10.44497,45.43881],[10.44505,45.45138],[10.44319,45.46861],[10.44309,45.46919],[10.44287,45.4696],[10.44268,45.46987],[10.44234,45.4702],[10.44214,45.47037],[10.44207,45.47042],[10.44029,45.47107],[10.43612,45.47202],[10.42949,45.47374],[10.42648,45.47524],[10.41553,45.47879],[10.39846,45.48105],[10.38615,45.48272],[10.3812,45.48366]]]}},{"type":"Feature","id":"017033","properties":{"codice_istat":"017033","comune":"Calvagese della Riviera","capoluogo":false,"area_kmq":11.783},"geometry":{"type":"Polygon","coordinates":[[[10.4582,45.54873],[10.454,45.55046],[10.45356,45.55058],[10.4532,45.55062],[10.45282,45.55061],[10.45118,45.5503],[10.45039,45.54925],[10.44855,45.54876],[10.44338,45.54886],[10.43767,45.54952],[10.4365,45.54972],[10.43667,45.54234],[10.43324,45.53291],[10.42772,45.52696],[10.42787,45.52655],[10.42852,45.52604],[10.43209,45.5238],[10.43428,45.52327],[10.43712,45.52345],[10.44284,45.52354],[10.45143,45.51776],[10.45883,45.51459],[10.46329,45.50902],[10.46411,45.50684],[10.47475,45.50651],[10.48596,45.5182],[10.48533,45.51811],[10.48463,45.51817],[10.48394,45.51833],[10.4835,45.51843],[10.48295,45.5186],[10.48247,45.51885],[10.48167,45.52034],[10.48182,45.52096],[10.48196,45.52126],[10.48223,45.52161],[10.48407,45.5226],[10.48675,45.52627],[10.48696,45.52667],[10.48709,45.52707],[10.48713,45.52754],[10.48501,45.52866],[10.48373,45.52932],[10.48145,45.52968],[10.47643,45.53009],[10.47296,45.52931],[10.47244,45.52937],[10.46985,45.52974],[10.46925,45.52982],[10.46534,45.5331],[10.46441,45.53617],[10.46534,45.53742],[10.46675,45.53874],[10.46522,45.54081],[10.46276,45.54517],[10.46164,45.5468],[10.4582,45.54873]]]}},{"type":"Feature","id":"017034","properties":{"codice_istat":"017034","comune":"Calvisano","capoluogo":false,"area_kmq":44.611},"geometry":{"type":"Polygon","coordinates":[[[10.38035,45.36688],[10.37643,45.37136],[10.36971,45.37531],[10.36054,45.37906],[10.34618,45.38512],[10.34297,45.38663],[10.33937,45.3885],[10.33685,45.38982],[10.33005,45.39366],[10.32701,45.39593],[10.32036,45.4005],[10.32066,45.39839],[10.32072,45.39507],[10.32064,45.39454],[10.31848,45.38336],[10.31836,45.38288],[10.31807,45.38227],[10.31693,45.38003],[10.31663,45.37971],[10.30975,45.37328],[10.3005,45.3659],[10.30006,45.36446],[10.30562,45.35049],[10.31103,45.33798],[10.31236,45.33407],[10.31415,45.32871],[10.31583,45.32576],[10.32552,45.3232],[10.33621,45.3214],[10.34195,45.31935],[10.34612,45.31911],[10.34984,45.32123],[10.35168,45.32397],[10.35384,45.32636],[10.35726,45.32778],[10.36787,45.33189],[10.36836,45.33206],[10.3694,45.33226],[10.37172,45.33213],[10.37727,45.3261],[10.38199,45.32214],[10.3903,45.31547],[10.39271,45.31275],[10.39191,45.31423],[10.39182,45.31456],[10.39169,45.31549],[10.39161,45.31625],[10.39168,45.31835],[10.39399,45.31821],[10.39616,45.31769],[10.39836,45.31747],[10.40086,45.32143],[10.40111,45.32233],[10.4011,45.32397],[10.39732,45.32543],[10.39935,45.33408],[10.40016,45.33587],[10.40216,45.34109],[10.40448,45.35474],[10.40448,45.35725],[10.40351,45.35735],[10.4012,45.35759],[10.39982,45.35802],[10.39384,45.36001],[10.38557,45.36404],[10.38181,45.36595],[10.38035,45.36688]]]}},{"type":"Feature","id":"017035","properties":{"codice_istat":"017035","comune":"Capo di Ponte","capoluogo":false,"area_kmq":18.137},"geometry":{"type":"Polygon","coordinates":[[[10.29286,46.07593],[10.29109,46.07597],[10.29023,46.07594],[10.28964,46.07589],[10.28717,46.07507],[10.28388,46.07371],[10.28233,46.07281],[10.27983,46.07059],[10.27286,46.06767],[10.26765,46.06556],[10.27115,46.06109],[10.27808,46.05334],[10.27408,46.04807],[10.27536,46.04478],[10.27971,46.03836],[10.28615,46.03668],[10.29856,46.03646],[10.3065,46.03596],[10.31303,46.03447],[10.32372,46.02938],[10.33029,46.02337],[10.33816,46.01628],[10.34108,46.01542],[10.34587,46.01549],[10.3448,46.01628],[10.34417,46.0169],[10.34288,46.01865],[10.34267,46.01909],[10.34256,46.0194],[10.34217,46.0207],[10.34214,46.02104],[10.34216,46.02142],[10.34248,46.02179],[10.34527,46.02468],[10.34635,46.02521],[10.34977,46.02586],[10.35164,46.02587],[10.35616,46.03147],[10.357,46.03214],[10.35813,46.03539],[10.3584,46.03622],[10.35852,46.03667],[10.35846,46.03701],[10.35742,46.04068],[10.35566,46.04355],[10.35295,46.04596],[10.35181,46.04625],[10.35073,46.04486],[10.34906,46.04397],[10.34629,46.04407],[10.34356,46.04454],[10.33132,46.04865],[10.32144,46.05125],[10.3044,46.05635],[10.2955,46.05914],[10.29601,46.07008],[10.29361,46.07531],[10.29331,46.07579],[10.29286,46.07593]]]}},{"type":"Feature","id":"017036","properties":{"codice_istat":"017036","comune":"Capovalle","capoluogo":false,"area_kmq":23.073},"geometry":{"type":"Polygon","coordinates":[[[10.54712,45.77437],[10.5383,45.77513],[10.53305,45.77353],[10.53183,45.77231],[10.53149,45.77198],[10.5306,45.77109],[10.52778,45.76791],[10.52205,45.76188],[10.52169,45.7615],[10.52065,45.76069],[10.52006,45.76024],[10.51601,45.75855],[10.51214,45.75728],[10.51127,45.75702],[10.50977,45.75677],[10.50891,45.75662],[10.50823,45.75648],[10.50748,45.7563],[10.5068,45.75609],[10.50215,45.75259],[10.50176,45.75224],[10.50295,45.74318],[10.51025,45.73667],[10.51206,45.73495],[10.51391,45.73236],[10.51702,45.72655],[10.52085,45.72585],[10.52473,45.72211],[10.53043,45.71845],[10.53452,45.71767],[10.53879,45.71751],[10.54222,45.71739],[10.54312,45.71726],[10.54388,45.71678],[10.54473,45.71618],[10.54521,45.7158],[10.54701,45.71846],[10.55485,45.72141],[10.56196,45.72616],[10.56263,45.72668],[10.5642,45.72808],[10.56496,45.72887],[10.56314,45.73118],[10.56302,45.73153],[10.563,45.73212],[10.56315,45.73484],[10.56337,45.73528],[10.56388,45.73577],[10.56554,45.73692],[10.56637,45.73739],[10.56817,45.73945],[10.5695,45.74119],[10.57013,45.74229],[10.57087,45.74774],[10.57088,45.74842],[10.57085,45.74899],[10.57039,45.75017],[10.57027,45.75045],[10.57013,45.75076],[10.56701,45.75643],[10.56493,45.75925],[10.55994,45.76545],[10.55868,45.76673],[10.55686,45.76819],[10.55606,45.76865],[10.55483,45.76906],[10.5531,45.76964],[10.55254,45.76996],[10.54712,45.77437]]]}},{"type":"Feature","id":"017037","properties":{"codice_istat":"017037","comune":"Capriano del Colle","capoluogo":false,"area_kmq":13.76},"geometry":{"type":"Polygon","coordinates":[[[10.14659,45.47863],[10.14501,45.48068],[10.14394,45.48158],[10.14347,45.48187],[10.14235,45.48222],[10.14166,45.48236],[10.13984,45.48264],[10.13654,45.47982],[10.13247,45.47813],[10.13163,45.47797],[10.13065,45.4781],[10.1305,45.47817],[10.12934,45.47871],[10.12351,45.47605],[10.12338,45.47598],[10.12264,45.47557],[10.12205,45.47522],[10.1215,45.47485],[10.12136,45.47474],[10.12077,45.4742],[10.1204,45.47367],[10.1201,45.47301],[10.11988,45.47228],[10.11983,45.47171],[10.12118,45.45802],[10.12352,45.45425],[10.12442,45.44661],[10.12509,45.43976],[10.12375,45.43769],[10.12221,45.43649],[10.12324,45.43566],[10.12746,45.43179],[10.12809,45.42677],[10.12879,45.42408],[10.1351,45.41741],[10.13788,45.42113],[10.13977,45.42255],[10.14687,45.4206],[10.14694,45.42202],[10.14617,45.4297],[10.15183,45.43918],[10.15368,45.44249],[10.15568,45.44466],[10.1575,45.44425],[10.15547,45.44523],[10.15931,45.45391],[10.1464,45.45603],[10.14658,45.45802],[10.14667,45.45901],[10.14668,45.4592],[10.14672,45.45928],[10.14897,45.46369],[10.15015,45.4638],[10.15454,45.47075],[10.15514,45.47197],[10.1545,45.47201],[10.14849,45.47526],[10.1484,45.47531],[10.14606,45.47715],[10.14659,45.47863]]]}},{"type":"Feature","id":"017038","properties":{"codice_istat":"017038","comune":"Capriolo","capoluogo":false,"area_kmq":10.578},"geometry":{"type":"Polygon","coordinates":[[[9.93779,45.64668],[9.93468,45.64774],[9.93517,45.64878],[9.93858,45.65598],[9.93865,45.65625],[9.93881,45.65692],[9.93879,45.65719],[9.9384,45.65723],[9.9382,45.65724],[9.93551,45.65267],[9.93514,45.65172],[9.93461,45.65034],[9.93441,45.64983],[9.93412,45.64936],[9.93369,45.64896],[9.93275,45.64825],[9.93121,45.64719],[9.9299,45.64645],[9.92933,45.64627],[9.92897,45.64621],[9.9283,45.64621],[9.92817,45.64622],[9.92801,45.64622],[9.92759,45.64626],[9.92729,45.6463],[9.92664,45.64644],[9.92615,45.64667],[9.92253,45.64968],[9.91861,45.65084],[9.91773,45.65079],[9.91733,45.6506],[9.91699,45.6502],[9.9167,45.64975],[9.916,45.6484],[9.91587,45.64813],[9.91582,45.64746],[9.91589,45.64689],[9.91604,45.64636],[9.91618,45.6459],[9.91638,45.64543],[9.91667,45.64498],[9.91708,45.6447],[9.91733,45.64448],[9.91757,45.6442],[9.91775,45.64393],[9.91784,45.6438],[9.91778,45.64325],[9.91699,45.64209],[9.91694,45.64202],[9.91668,45.64169],[9.91634,45.64126],[9.91409,45.6389],[9.91334,45.63812],[9.91118,45.63639],[9.90962,45.63528],[9.90813,45.63423],[9.90741,45.63369],[9.90477,45.63148],[9.90436,45.63103],[9.90387,45.63049],[9.90333,45.62936],[9.90317,45.62884],[9.90238,45.62605],[9.90217,45.62501],[9.90216,45.62461],[9.90222,45.62382],[9.90703,45.62249],[9.92242,45.6188],[9.92373,45.61872],[9.92894,45.61861],[9.93554,45.6193],[9.94178,45.6249],[9.94662,45.63119],[9.94794,45.63321],[9.94985,45.63505],[9.95298,45.63734],[9.95526,45.63899],[9.95927,45.64083],[9.97365,45.64567],[9.97775,45.64695],[9.98014,45.65026],[9.97758,45.6527],[9.97562,45.65067],[9.97052,45.64757],[9.96197,45.64679],[9.95573,45.64656],[9.94842,45.64847],[9.93809,45.64673],[9.93779,45.64668]]]}},{"type":"Feature","id":"017039","properties":{"codice_istat":"017039","comune":"Carpenedolo","capoluogo":false,"area_kmq":30.102},"geometry":{"type":"Polygon","coordinates":[[[10.45957,45.37856],[10.45202,45.3823],[10.45031,45.38312],[10.44878,45.38211],[10.44817,45.38179],[10.44571,45.3806],[10.44496,45.38025],[10.44256,45.37943],[10.43755,45.3779],[10.43677,45.37767],[10.43256,45.37731],[10.42771,45.3766],[10.4221,45.37473],[10.41875,45.37353],[10.41607,45.3725],[10.40143,45.36613],[10.40154,45.36286],[10.40354,45.35953],[10.40351,45.35735],[10.40448,45.35725],[10.40448,45.35474],[10.40216,45.34109],[10.40016,45.33587],[10.39935,45.33408],[10.39732,45.32543],[10.4011,45.32397],[10.40497,45.32249],[10.4106,45.32277],[10.41866,45.32288],[10.42838,45.3207],[10.4285,45.32123],[10.42862,45.32164],[10.42906,45.32164],[10.43768,45.3211],[10.44281,45.32084],[10.4447,45.32075],[10.44491,45.32074],[10.44567,45.32071],[10.44638,45.32074],[10.44718,45.32709],[10.4534,45.32644],[10.45496,45.3253],[10.45498,45.32489],[10.45645,45.32482],[10.46497,45.32497],[10.46552,45.32509],[10.46586,45.32516],[10.46591,45.32634],[10.46578,45.32985],[10.46544,45.33095],[10.46477,45.33193],[10.46412,45.33267],[10.46393,45.33321],[10.46389,45.33362],[10.46475,45.33447],[10.46614,45.33454],[10.46741,45.33456],[10.46797,45.33449],[10.46871,45.33408],[10.46991,45.33326],[10.47132,45.3323],[10.46929,45.33793],[10.46844,45.34082],[10.46811,45.34196],[10.46796,45.34292],[10.46793,45.3434],[10.46807,45.3454],[10.4684,45.34832],[10.46867,45.35226],[10.46862,45.35784],[10.46861,45.358],[10.46855,45.35939],[10.46404,45.37067],[10.46391,45.37089],[10.46177,45.37467],[10.4612,45.37568],[10.45957,45.37856]]]}},{"type":"Feature","id":"017040","properties":{"codice_istat":"017040","comune":"Castegnato","capoluogo":false,"area_kmq":9.227},"geometry":{"type":"Polygon","coordinates":[[[10.10552,45.56973],[10.10275,45.57014],[10.09869,45.5715],[10.09756,45.57197],[10.09618,45.57254],[10.09409,45.57354],[10.08714,45.56594],[10.08747,45.56409],[10.09014,45.56227],[10.09083,45.56103],[10.091,45.56073],[10.09122,45.56032],[10.0913,45.55835],[10.09145,45.55441],[10.09182,45.55436],[10.09521,45.55398],[10.09739,45.55378],[10.09792,45.55373],[10.10258,45.55335],[10.10398,45.55036],[10.10277,45.54504],[10.10556,45.54369],[10.11494,45.54089],[10.11946,45.53987],[10.12162,45.5394],[10.12455,45.53879],[10.12494,45.53942],[10.12524,45.54003],[10.12558,45.5407],[10.12595,45.54155],[10.12739,45.54618],[10.12888,45.55045],[10.13152,45.55069],[10.13896,45.55023],[10.14211,45.55324],[10.1324,45.55632],[10.12983,45.56134],[10.1301,45.56182],[10.13018,45.56219],[10.13048,45.56488],[10.12956,45.56678],[10.1271,45.56934],[10.12283,45.57245],[10.11905,45.57287],[10.11309,45.57201],[10.11125,45.57165],[10.11114,45.57161],[10.11084,45.5715],[10.11023,45.57111],[10.10977,45.57058],[10.10715,45.56966],[10.10552,45.56973]]]}},{"type":"Feature","id":"017041","properties":{"codice_istat":"017041","comune":"Castelcovati","capoluogo":false,"area_kmq":6.324},"geometry":{"type":"Polygon","coordinates":[[[9.94663,45.5084],[9.94121,45.51115],[9.93096,45.50447],[9.92654,45.50235],[9.92485,45.50074],[9.92393,45.49742],[9.92362,45.49601],[9.92321,45.49377],[9.92323,45.49263],[9.93305,45.49159],[9.93424,45.49055],[9.93496,45.48844],[9.94089,45.48565],[9.95046,45.48495],[9.952,45.48642],[9.95821,45.48918],[9.96136,45.48845],[9.96452,45.48915],[9.9653,45.49276],[9.96342,45.49296],[9.96306,45.493],[9.96353,45.4958],[9.96493,45.49912],[9.96579,45.50147],[9.96533,45.50294],[9.96305,45.50435],[9.96107,45.50478],[9.95798,45.50511],[9.95198,45.50591],[9.95041,45.50622],[9.94842,45.50668],[9.94841,45.50673],[9.94834,45.50711],[9.94663,45.5084]]]}},{"type":"Feature","id":"017042","properties":{"codice_istat":"017042","comune":"Castel Mella","capoluogo":false,"area_kmq":7.586},"geometry":{"type":"Polygon","coordinates":[[[10.15383,45.52348],[10.15251,45.52325],[10.15012,45.52217],[10.13738,45.51608],[10.13683,45.51606],[10.13635,45.51605],[10.13614,45.5157],[10.1359,45.51529],[10.13348,45.50905],[10.12857,45.50151],[10.12744,45.49798],[10.12756,45.49637],[10.12882,45.49481],[10.1312,45.49338],[10.13187,45.49228],[10.13195,45.48804],[10.13201,45.48468],[10.13059,45.48127],[10.12982,45.47953],[10.12934,45.47871],[10.1305,45.47817],[10.13065,45.4781],[10.13163,45.47797],[10.13247,45.47813],[10.13654,45.47982],[10.13984,45.48264],[10.14166,45.48236],[10.14235,45.48222],[10.14347,45.48187],[10.14394,45.48158],[10.16383,45.4969],[10.16157,45.49755],[10.15708,45.49929],[10.15362,45.50125],[10.15278,45.50716],[10.15404,45.51671],[10.15563,45.5229],[10.15549,45.52316],[10.1554,45.52332],[10.15517,45.52347],[10.15467,45.52353],[10.15383,45.52348]]]}},{"type":"Feature","id":"017043","properties":{"codice_istat":"017043","comune":"Castenedolo","capoluogo":false,"area_kmq":26.107},"geometry":{"type":"Polygon","coordinates":[[[10.27356,45.49223],[10.2702,45.49236],[10.26261,45.48703],[10.2555,45.48145],[10.25669,45.47881],[10.2583,45.47632],[10.25984,45.47514],[10.26045,45.47385],[10.25695,45.4677],[10.25387,45.46725],[10.24711,45.4668],[10.24779,45.46261],[10.25015,45.45883],[10.25035,45.45739],[10.25054,45.45647],[10.25071,45.4561],[10.26395,45.45079],[10.27002,45.45069],[10.28598,45.45101],[10.30303,45.44736],[10.30523,45.44677],[10.31016,45.44352],[10.30994,45.43756],[10.31518,45.43742],[10.31727,45.43774],[10.32148,45.44775],[10.3213,45.4515],[10.327,45.45795],[10.3297,45.46067],[10.33279,45.46377],[10.33476,45.46513],[10.34186,45.46181],[10.35018,45.47156],[10.33791,45.47582],[10.33531,45.47719],[10.32955,45.48179],[10.3251,45.4849],[10.32275,45.48622],[10.32107,45.48772],[10.31932,45.48926],[10.31898,45.48908],[10.31875,45.48895],[10.31846,45.48872],[10.31818,45.48846],[10.31613,45.48629],[10.3159,45.48601],[10.3157,45.48562],[10.31553,45.48519],[10.31538,45.4847],[10.31519,45.48405],[10.3151,45.48375],[10.31132,45.48114],[10.30399,45.47868],[10.30201,45.47878],[10.30052,45.48018],[10.28517,45.48934],[10.28302,45.49044],[10.28254,45.49065],[10.28198,45.49087],[10.28146,45.49107],[10.28094,45.49124],[10.27991,45.49143],[10.27356,45.49223]]]}},{"type":"Feature","id":"017044","properties":{"codice_istat":"017044","comune":"Casto","capoluogo":false,"area_kmq":21.312},"geometry":{"type":"Polygon","coordinates":[[[10.32122,45.70909],[10.31796,45.71522],[10.31578,45.71923],[10.30977,45.72423],[10.29775,45.72493],[10.30209,45.71791],[10.30004,45.71224],[10.29516,45.70546],[10.29219,45.70183],[10.28443,45.6951],[10.27691,45.69148],[10.27645,45.69156],[10.27584,45.69164],[10.27304,45.69107],[10.27251,45.69093],[10.27154,45.69065],[10.26952,45.68995],[10.26888,45.6897],[10.26856,45.68946],[10.2662,45.6877],[10.26087,45.68382],[10.25916,45.68348],[10.25602,45.68239],[10.25467,45.6819],[10.25422,45.68167],[10.25225,45.68007],[10.25185,45.67969],[10.25164,45.67938],[10.25154,45.67908],[10.25154,45.67869],[10.25155,45.67834],[10.25241,45.67658],[10.25342,45.67494],[10.25468,45.67333],[10.25504,45.673],[10.25543,45.67276],[10.25594,45.67247],[10.25779,45.67158],[10.26279,45.66944],[10.26331,45.66923],[10.26565,45.66833],[10.27142,45.66672],[10.28541,45.66275],[10.28622,45.66241],[10.28701,45.66213],[10.28774,45.66193],[10.29152,45.66111],[10.29265,45.66088],[10.29304,45.66084],[10.29352,45.66085],[10.29419,45.66092],[10.29475,45.66103],[10.2953,45.6612],[10.29583,45.66143],[10.29609,45.66161],[10.29842,45.66349],[10.29792,45.66621],[10.29759,45.6687],[10.29789,45.67145],[10.30019,45.6762],[10.30978,45.67956],[10.31812,45.68412],[10.32856,45.68844],[10.33258,45.69006],[10.34523,45.69485],[10.3501,45.69647],[10.35055,45.69661],[10.35115,45.69644],[10.35276,45.69591],[10.35362,45.69543],[10.35843,45.69667],[10.36135,45.69747],[10.36518,45.69941],[10.36258,45.70096],[10.35997,45.70209],[10.35578,45.70261],[10.33341,45.69873],[10.33289,45.69862],[10.33113,45.69876],[10.3303,45.69889],[10.32726,45.70023],[10.32532,45.70129],[10.32226,45.70441],[10.32225,45.7069],[10.32122,45.70909]]]}},{"type":"Feature","id":"017045","properties":{"codice_istat":"017045","comune":"Castrezzato","capoluogo":false,"area_kmq":13.712},"geometry":{"type":"Polygon","coordinates":[[[10.00305,45.5169],[9.98691,45.52113],[9.98593,45.52373],[9.9854,45.52748],[9.98136,45.52896],[9.96762,45.53178],[9.96701,45.52815],[9.96565,45.52011],[9.95852,45.51862],[9.95355,45.5173],[9.95198,45.51009],[9.94834,45.50711],[9.94841,45.50673],[9.94842,45.50668],[9.95041,45.50622],[9.95198,45.50591],[9.95798,45.50511],[9.96107,45.50478],[9.96305,45.50435],[9.96533,45.50294],[9.96579,45.50147],[9.96493,45.49912],[9.96353,45.4958],[9.96306,45.493],[9.96342,45.49296],[9.9653,45.49276],[9.9718,45.4907],[9.97874,45.48827],[9.97918,45.48811],[9.97968,45.48799],[9.98006,45.48792],[9.98086,45.48779],[9.98139,45.48773],[9.98217,45.48765],[9.98346,45.48754],[9.98416,45.48749],[9.98557,45.4874],[9.99423,45.49394],[9.99453,45.49568],[9.99463,45.49618],[9.99487,45.49676],[9.99552,45.49831],[9.99835,45.50239],[10.00227,45.50208],[10.00525,45.49888],[10.00697,45.49712],[10.00897,45.49592],[10.0106,45.49535],[10.01096,45.49525],[10.01126,45.49587],[10.01158,45.49652],[10.01177,45.49693],[10.01224,45.49839],[10.01295,45.5047],[10.0129,45.50512],[10.01236,45.5071],[10.01034,45.51184],[10.01115,45.51683],[10.0077,45.51677],[10.0065,45.51676],[10.0038,45.51687],[10.00305,45.5169]]]}},{"type":"Feature","id":"017046","properties":{"codice_istat":"017046","comune":"Cazzago San Martino","capoluogo":false,"area_kmq":22.203},"geometry":{"type":"Polygon","coordinates":[[[10.01133,45.60893],[10.01084,45.6091],[10.01008,45.60942],[10.0096,45.60966],[10.00882,45.61013],[10.00847,45.61042],[10.00751,45.61128],[10.00074,45.59976],[10.00062,45.59655],[10.00067,45.59631],[10.0008,45.59573],[10.00095,45.59527],[10.00114,45.5949],[10.00138,45.5945],[10.00159,45.59418],[10.00208,45.59358],[10.00339,45.59245],[10.00594,45.59157],[10.00815,45.58827],[10.0083,45.58803],[10.00839,45.58783],[10.00897,45.58629],[10.00902,45.58607],[10.00906,45.58565],[10.00907,45.58527],[10.00882,45.58259],[10.00844,45.58013],[10.00804,45.57909],[10.01073,45.57702],[10.01306,45.57351],[10.02001,45.56911],[10.02865,45.56382],[10.03744,45.55912],[10.04271,45.54577],[10.04384,45.54055],[10.03913,45.53681],[10.03822,45.53042],[10.03823,45.52793],[10.03868,45.52486],[10.03901,45.52376],[10.03934,45.52298],[10.04038,45.52182],[10.04043,45.52155],[10.04081,45.52056],[10.04094,45.52025],[10.04104,45.52005],[10.04189,45.51999],[10.04309,45.52002],[10.04535,45.52089],[10.04949,45.5243],[10.05558,45.53126],[10.05561,45.5313],[10.05807,45.53448],[10.05889,45.53597],[10.05939,45.53782],[10.05817,45.54107],[10.05726,45.54305],[10.0561,45.54498],[10.0529,45.54604],[10.05128,45.54718],[10.0501,45.5486],[10.04991,45.55028],[10.05045,45.5517],[10.05152,45.55357],[10.05529,45.56286],[10.05532,45.56326],[10.05544,45.56381],[10.05751,45.56536],[10.05992,45.56665],[10.06127,45.56693],[10.06319,45.56733],[10.06277,45.56915],[10.06019,45.5751],[10.05904,45.58383],[10.05591,45.59138],[10.04962,45.59873],[10.03911,45.60298],[10.03446,45.60225],[10.03239,45.602],[10.03024,45.60183],[10.02582,45.60363],[10.02354,45.60539],[10.01998,45.6074],[10.01949,45.60768],[10.0177,45.60866],[10.01721,45.60889],[10.01681,45.60901],[10.01622,45.6091],[10.01526,45.60909],[10.01457,45.609],[10.01393,45.60882],[10.01348,45.6088],[10.01288,45.60879],[10.0123,45.60879],[10.01172,45.60883],[10.01133,45.60893]]]}},{"type":"Feature","id":"017047","properties":{"codice_istat":"017047","comune":"Cedegolo","capoluogo":false,"area_kmq":11.105},"geometry":{"type":"Polygon","coordinates":[[[10.36885,46.0726],[10.36517,46.07348],[10.35536,46.07747],[10.34845,46.08147],[10.34601,46.08416],[10.34453,46.08364],[10.34695,46.07988],[10.35018,46.07365],[10.35101,46.0675],[10.35079,46.067],[10.35043,46.06614],[10.35031,46.06542],[10.35028,46.06519],[10.35025,46.06485],[10.3502,46.06261],[10.35037,46.06156],[10.35045,46.06119],[10.35076,46.05982],[10.35078,46.05975],[10.35092,46.05922],[10.35196,46.05619],[10.35304,46.05337],[10.35373,46.05227],[10.35387,46.05198],[10.35396,46.05159],[10.35397,46.05105],[10.35388,46.05051],[10.35379,46.0501],[10.35376,46.05],[10.35336,46.04886],[10.35314,46.04844],[10.35211,46.04657],[10.35181,46.04625],[10.35295,46.04596],[10.36159,46.04681],[10.36787,46.05268],[10.36799,46.05499],[10.37288,46.05676],[10.38208,46.0596],[10.39008,46.0607],[10.40213,46.05724],[10.40271,46.05703],[10.40316,46.05686],[10.40377,46.05662],[10.40428,46.05641],[10.40926,46.05419],[10.40969,46.05399],[10.41015,46.05373],[10.4105,46.05333],[10.41062,46.05307],[10.41072,46.05273],[10.41066,46.05245],[10.41058,46.05222],[10.40962,46.04972],[10.40914,46.04865],[10.40881,46.0482],[10.40837,46.04776],[10.4081,46.04747],[10.4079,46.04709],[10.40771,46.04673],[10.4076,46.04629],[10.40737,46.04518],[10.40739,46.04495],[10.40749,46.04464],[10.40757,46.04439],[10.40775,46.04419],[10.40797,46.04393],[10.40828,46.04368],[10.4086,46.0435],[10.40894,46.04339],[10.40964,46.04332],[10.41318,46.04312],[10.41435,46.04406],[10.41457,46.04443],[10.41478,46.04475],[10.41509,46.04516],[10.41532,46.04541],[10.41563,46.04568],[10.41907,46.04819],[10.42031,46.04833],[10.42775,46.04903],[10.42873,46.04905],[10.42832,46.05013],[10.42639,46.05387],[10.42465,46.05704],[10.41817,46.06464],[10.41776,46.06499],[10.41585,46.06596],[10.41537,46.06619],[10.41473,46.06646],[10.40915,46.06821],[10.40154,46.07009],[10.39627,46.07027],[10.39067,46.06977],[10.38267,46.06979],[10.38099,46.07009],[10.37798,46.07069],[10.37554,46.0712],[10.36885,46.0726]]]}},{"type":"Feature","id":"017048","properties":{"codice_istat":"017048","comune":"Cellatica","capoluogo":false,"area_kmq":6.675},"geometry":{"type":"Polygon","coordinates":[[[10.17815,45.59511],[10.17753,45.5951],[10.17674,45.59501],[10.17644,45.59296],[10.17246,45.58903],[10.16756,45.5863],[10.16362,45.58375],[10.16309,45.5831],[10.16301,45.57991],[10.16306,45.57644],[10.16389,45.57543],[10.16588,45.57451],[10.16743,45.56846],[10.16612,45.56112],[10.16372,45.55746],[10.15997,45.55441],[10.16141,45.55353],[10.16196,45.55333],[10.16989,45.55734],[10.17374,45.55935],[10.17408,45.55965],[10.17436,45.55994],[10.17931,45.56615],[10.18063,45.56782],[10.18014,45.57035],[10.18398,45.57227],[10.18924,45.57257],[10.19163,45.57459],[10.19477,45.58181],[10.19499,45.58407],[10.19499,45.58547],[10.19571,45.58693],[10.1979,45.58975],[10.19865,45.59054],[10.18573,45.59421],[10.18024,45.59511],[10.17815,45.59511]]]}},{"type":"Feature","id":"017049","properties":{"codice_istat":"017049","comune":"Cerveno","capoluogo":false,"area_kmq":21.286},"geometry":{"type":"Polygon","coordinates":[[[10.25593,46.05143],[10.25233,46.05336],[10.24337,46.05664],[10.23926,46.05236],[10.23645,46.05031],[10.23525,46.0496],[10.23134,46.04797],[10.23103,46.04798],[10.22883,46.04815],[10.22809,46.04822],[10.22726,46.0476],[10.22677,46.04691],[10.22664,46.04669],[10.22581,46.04487],[10.2257,46.0446],[10.22569,46.04434],[10.22587,46.04183],[10.22593,46.0414],[10.22614,46.04108],[10.22982,46.03742],[10.2334,46.03482],[10.2418,46.03502],[10.24924,46.03577],[10.25492,46.03064],[10.25508,46.03039],[10.25523,46.02988],[10.25524,46.02959],[10.25521,46.02937],[10.25485,46.02717],[10.25453,46.02607],[10.25448,46.02584],[10.25463,46.02548],[10.25501,46.02513],[10.25865,46.02286],[10.26221,46.02076],[10.26673,46.02162],[10.27107,46.02236],[10.27247,46.02183],[10.27697,46.01985],[10.2786,46.01821],[10.28501,46.00704],[10.28752,46.00332],[10.28761,45.99837],[10.28199,45.98784],[10.27791,45.98165],[10.27425,45.97451],[10.28312,45.97016],[10.28615,45.97202],[10.28835,45.9753],[10.29775,45.98274],[10.30405,45.98896],[10.31458,45.9937],[10.32324,45.99449],[10.33483,45.99335],[10.33695,45.99505],[10.34202,46.00139],[10.34369,46.00607],[10.34376,46.00714],[10.34286,46.00883],[10.34224,46.00946],[10.34188,46.00971],[10.34019,46.01029],[10.33597,46.01109],[10.32436,46.01279],[10.32141,46.01321],[10.31794,46.01201],[10.31431,46.01122],[10.3121,46.01101],[10.3053,46.01212],[10.29787,46.01467],[10.28903,46.01806],[10.28273,46.02327],[10.27958,46.02641],[10.27889,46.02746],[10.26865,46.03568],[10.26519,46.04351],[10.26477,46.04551],[10.26406,46.04668],[10.26359,46.04727],[10.26323,46.04749],[10.25593,46.05143]]]}},{"type":"Feature","id":"017050","properties":{"codice_istat":"017050","comune":"Ceto","capoluogo":false,"area_kmq":31.903},"geometry":{"type":"Polygon","coordinates":[[[10.45757,46.00951],[10.45795,46.01],[10.45806,46.01014],[10.45829,46.01043],[10.46249,46.01489],[10.4627,46.01511],[10.46298,46.0154],[10.4647,46.01702],[10.46488,46.01717],[10.46505,46.01731],[10.46539,46.01755],[10.46586,46.01786],[10.47037,46.0208],[10.47082,46.02108],[10.47153,46.02136],[10.47186,46.02142],[10.47212,46.02146],[10.46071,46.02733],[10.45903,46.02614],[10.45719,46.02501],[10.45482,46.02372],[10.44724,46.0197],[10.43666,46.01376],[10.43019,46.00933],[10.42043,46.00133],[10.42002,46.00106],[10.41506,46.00078],[10.40779,46.00239],[10.40601,46.00315],[10.39439,46.00385],[10.39309,46.00342],[10.38968,46.00255],[10.38312,46.00242],[10.37274,46.00679],[10.36116,46.01054],[10.35848,46.01311],[10.3532,46.02058],[10.35208,46.02238],[10.35186,46.02286],[10.35173,46.02324],[10.35165,46.02366],[10.35157,46.0246],[10.35158,46.02538],[10.35164,46.02587],[10.34977,46.02586],[10.34635,46.02521],[10.34527,46.02468],[10.34248,46.02179],[10.34216,46.02142],[10.34214,46.02104],[10.34217,46.0207],[10.34256,46.0194],[10.34267,46.01909],[10.34288,46.01865],[10.34417,46.0169],[10.3448,46.01628],[10.34587,46.01549],[10.34224,46.00946],[10.34286,46.00883],[10.34376,46.00714],[10.34369,46.00607],[10.34202,46.00139],[10.33695,45.99505],[10.33483,45.99335],[10.33651,45.99324],[10.34739,45.99245],[10.35603,45.99173],[10.36526,45.99107],[10.37495,45.99069],[10.37749,45.99096],[10.3826,45.98982],[10.38349,45.98942],[10.3949,45.98184],[10.39808,45.97821],[10.39894,45.97729],[10.39973,45.97678],[10.40654,45.97295],[10.40896,45.97185],[10.4121,45.97053],[10.41353,45.97016],[10.41412,45.96998],[10.4147,45.96977],[10.41759,45.96851],[10.42389,45.96544],[10.42943,45.96116],[10.43081,45.95999],[10.43484,45.95968],[10.44562,45.96293],[10.45152,45.96684],[10.452,45.97306],[10.45341,45.97655],[10.45301,45.97718],[10.45287,45.97743],[10.45249,45.9781],[10.45233,45.9791],[10.45217,45.98035],[10.45227,45.98241],[10.453,45.98889],[10.45335,45.99106],[10.4574,46.00281],[10.45726,46.00478],[10.45709,46.00805],[10.45716,46.00855],[10.4573,46.00906],[10.45733,46.0091],[10.45757,46.00951]]]}},{"type":"Feature","id":"017051","properties":{"codice_istat":"017051","comune":"Cevo","capoluogo":false,"area_kmq":35.415},"geometry":{"type":"Polygon","coordinates":[[[10.39442,46.11193],[10.3876,46.11272],[10.38516,46.11215],[10.36952,46.11117],[10.36902,46.11128],[10.36824,46.11145],[10.36743,46.1116],[10.36627,46.11173],[10.36474,46.11185],[10.36395,46.11187],[10.36317,46.11185],[10.36258,46.1117],[10.3608,46.11006],[10.36049,46.10969],[10.3581,46.10634],[10.36128,46.10236],[10.357,46.09027],[10.35676,46.08994],[10.35256,46.08719],[10.34601,46.08416],[10.34845,46.08147],[10.35536,46.07747],[10.36517,46.07348],[10.36885,46.0726],[10.37554,46.0712],[10.37798,46.07069],[10.38099,46.07009],[10.38267,46.06979],[10.39067,46.06977],[10.39627,46.07027],[10.40154,46.07009],[10.40915,46.06821],[10.41473,46.06646],[10.41537,46.06619],[10.41585,46.06596],[10.41776,46.06499],[10.41817,46.06464],[10.42465,46.05704],[10.42639,46.05387],[10.42832,46.05013],[10.42873,46.04905],[10.42762,46.04811],[10.42746,46.04782],[10.42739,46.0476],[10.42741,46.04737],[10.42756,46.047],[10.42772,46.04677],[10.4279,46.04657],[10.4281,46.04643],[10.42908,46.04589],[10.43507,46.04268],[10.43913,46.04322],[10.44267,46.04107],[10.45573,46.03206],[10.46071,46.02733],[10.47212,46.02146],[10.47417,46.02132],[10.48077,46.02107],[10.48098,46.02108],[10.4815,46.02111],[10.48204,46.02124],[10.48257,46.02139],[10.48266,46.02142],[10.48276,46.02146],[10.48304,46.02159],[10.48329,46.02186],[10.4844,46.024],[10.48476,46.02511],[10.48539,46.02723],[10.48595,46.03005],[10.48511,46.03741],[10.48381,46.04396],[10.48209,46.04974],[10.48304,46.05724],[10.48941,46.06506],[10.50368,46.07227],[10.50919,46.07523],[10.50429,46.07673],[10.49473,46.07983],[10.49124,46.08175],[10.4909,46.08201],[10.49047,46.08213],[10.48891,46.08245],[10.4875,46.08268],[10.48682,46.0827],[10.48619,46.08262],[10.48575,46.08245],[10.4847,46.08189],[10.48436,46.08168],[10.47846,46.07773],[10.4757,46.07584],[10.47046,46.07285],[10.46117,46.0704],[10.45659,46.07048],[10.45097,46.07032],[10.44765,46.06982],[10.43804,46.06837],[10.43238,46.0674],[10.42487,46.06594],[10.42438,46.06567],[10.42379,46.0655],[10.42338,46.06545],[10.42123,46.06534],[10.42103,46.06535],[10.41684,46.0664],[10.41315,46.06756],[10.41262,46.06785],[10.40933,46.07017],[10.3996,46.07277],[10.3967,46.07298],[10.39322,46.07326],[10.38934,46.07434],[10.38928,46.07461],[10.38924,46.08135],[10.39294,46.092],[10.39533,46.09853],[10.39575,46.09939],[10.39693,46.10171],[10.39885,46.10438],[10.40139,46.1074],[10.40478,46.1112],[10.40307,46.1117],[10.39967,46.11198],[10.39646,46.11214],[10.39605,46.11214],[10.39512,46.11204],[10.39442,46.11193]]]}},{"type":"Feature","id":"017052","properties":{"codice_istat":"017052","comune":"Chiari","capoluogo":false,"area_kmq":37.687},"geometry":{"type":"Polygon","coordinates":[[[9.94103,45.56319],[9.93204,45.56424],[9.90792,45.56143],[9.89843,45.55979],[9.8971,45.55959],[9.89603,45.55956],[9.89409,45.55951],[9.89104,45.5598],[9.89078,45.56031],[9.88717,45.5607],[9.8861,45.55856],[9.8836,45.55269],[9.87893,45.55462],[9.87727,45.55421],[9.87417,45.55235],[9.86928,45.54537],[9.86767,45.54255],[9.86759,45.54188],[9.86737,45.53979],[9.86735,45.5371],[9.86763,45.53651],[9.86828,45.53565],[9.86893,45.5348],[9.87641,45.52752],[9.87739,45.52718],[9.87822,45.52704],[9.8815,45.52673],[9.88502,45.5264],[9.8883,45.52638],[9.89211,45.52621],[9.8941,45.52393],[9.89398,45.51747],[9.89385,45.51566],[9.88971,45.51377],[9.88739,45.51042],[9.88595,45.50711],[9.8873,45.507],[9.88836,45.50692],[9.89178,45.5069],[9.8924,45.50689],[9.89275,45.50689],[9.89433,45.50695],[9.89806,45.5065],[9.90571,45.50497],[9.90551,45.50272],[9.90511,45.50182],[9.90408,45.50027],[9.91348,45.49984],[9.91416,45.4998],[9.91474,45.49976],[9.91523,45.49971],[9.91557,45.49965],[9.91646,45.49949],[9.91723,45.49925],[9.91756,45.49902],[9.91828,45.49839],[9.91813,45.49717],[9.91734,45.4927],[9.91675,45.4894],[9.91928,45.48964],[9.92323,45.49263],[9.92321,45.49377],[9.92362,45.49601],[9.92393,45.49742],[9.92485,45.50074],[9.92654,45.50235],[9.93096,45.50447],[9.94121,45.51115],[9.94663,45.5084],[9.94834,45.50711],[9.95198,45.51009],[9.95355,45.5173],[9.95852,45.51862],[9.96565,45.52011],[9.96701,45.52815],[9.96762,45.53178],[9.96568,45.53253],[9.96114,45.53514],[9.9559,45.53893],[9.95198,45.54724],[9.95198,45.54982],[9.94861,45.55304],[9.94497,45.55609],[9.94201,45.56053],[9.94208,45.56066],[9.94323,45.56281],[9.94103,45.56319]]]}},{"type":"Feature","id":"017053","properties":{"codice_istat":"017053","comune":"Cigole","capoluogo":false,"area_kmq":10.087},"geometry":{"type":"Polygon","coordinates":[[[10.1794,45.3326],[10.17871,45.33471],[10.17872,45.33498],[10.1788,45.33525],[10.17885,45.33534],[10.17893,45.33549],[10.17916,45.3357],[10.17923,45.33577],[10.17953,45.33601],[10.17991,45.33619],[10.17898,45.33629],[10.17755,45.33622],[10.17712,45.33618],[10.17647,45.33607],[10.1756,45.33589],[10.17532,45.33578],[10.17175,45.3332],[10.17104,45.33041],[10.1705,45.32807],[10.16988,45.31903],[10.16781,45.3128],[10.16735,45.30758],[10.16738,45.3071],[10.16749,45.30657],[10.16792,45.30513],[10.16809,45.30469],[10.17173,45.29597],[10.17412,45.29383],[10.17661,45.29413],[10.17746,45.29412],[10.1921,45.2924],[10.20008,45.29177],[10.19866,45.29387],[10.19788,45.2988],[10.20033,45.30051],[10.20224,45.30718],[10.20052,45.30975],[10.20077,45.31474],[10.20192,45.31683],[10.20362,45.31814],[10.20493,45.32034],[10.20504,45.3206],[10.20508,45.32086],[10.2049,45.32119],[10.20451,45.32139],[10.20411,45.32155],[10.20299,45.32049],[10.202,45.32008],[10.20099,45.31975],[10.20048,45.3198],[10.1986,45.32021],[10.1981,45.32034],[10.19733,45.32061],[10.1935,45.32289],[10.19317,45.32328],[10.19328,45.32356],[10.19363,45.32373],[10.19409,45.32373],[10.19457,45.32356],[10.19655,45.32425],[10.19715,45.32589],[10.19748,45.327],[10.19671,45.32935],[10.18313,45.33099],[10.18249,45.33108],[10.18205,45.33124],[10.18002,45.33204],[10.17961,45.33229],[10.1794,45.3326]]]}},{"type":"Feature","id":"017054","properties":{"codice_istat":"017054","comune":"Cimbergo","capoluogo":false,"area_kmq":24.849},"geometry":{"type":"Polygon","coordinates":[[[10.43507,46.04268],[10.42908,46.04589],[10.4281,46.04643],[10.4279,46.04657],[10.42772,46.04677],[10.42756,46.047],[10.42741,46.04737],[10.42739,46.0476],[10.42746,46.04782],[10.42762,46.04811],[10.42873,46.04905],[10.42775,46.04903],[10.42031,46.04833],[10.41907,46.04819],[10.41563,46.04568],[10.41532,46.04541],[10.41509,46.04516],[10.41478,46.04475],[10.41457,46.04443],[10.41435,46.04406],[10.41318,46.04312],[10.40964,46.04332],[10.40894,46.04339],[10.4086,46.0435],[10.40828,46.04368],[10.40797,46.04393],[10.40775,46.04419],[10.40757,46.04439],[10.40749,46.04464],[10.40739,46.04495],[10.40737,46.04518],[10.4076,46.04629],[10.40771,46.04673],[10.4079,46.04709],[10.4081,46.04747],[10.40837,46.04776],[10.40881,46.0482],[10.40666,46.04701],[10.40216,46.04437],[10.40196,46.04421],[10.40171,46.044],[10.40104,46.04315],[10.40072,46.04269],[10.39783,46.03846],[10.39751,46.03797],[10.39644,46.03618],[10.39777,46.03583],[10.39976,46.03536],[10.4028,46.03409],[10.40405,46.03339],[10.40465,46.03304],[10.40487,46.03268],[10.40472,46.0322],[10.40451,46.032],[10.40354,46.03116],[10.40308,46.03089],[10.40202,46.03058],[10.38227,46.02689],[10.38147,46.02684],[10.37697,46.02665],[10.36403,46.02722],[10.36088,46.02824],[10.35878,46.02945],[10.35854,46.02962],[10.35788,46.03011],[10.35616,46.03147],[10.35164,46.02587],[10.35158,46.02538],[10.35157,46.0246],[10.35165,46.02366],[10.35173,46.02324],[10.35186,46.02286],[10.35208,46.02238],[10.3532,46.02058],[10.35848,46.01311],[10.36116,46.01054],[10.37274,46.00679],[10.38312,46.00242],[10.38968,46.00255],[10.39309,46.00342],[10.39439,46.00385],[10.40601,46.00315],[10.40779,46.00239],[10.41506,46.00078],[10.42002,46.00106],[10.42043,46.00133],[10.43019,46.00933],[10.43666,46.01376],[10.44724,46.0197],[10.45482,46.02372],[10.45719,46.02501],[10.45903,46.02614],[10.46071,46.02733],[10.45573,46.03206],[10.44267,46.04107],[10.43913,46.04322],[10.43507,46.04268]]]}},{"type":"Feature","id":"017055","properties":{"codice_istat":"017055","comune":"Cividate Camuno","capoluogo":false,"area_kmq":3.264},"geometry":{"type":"Polygon","coordinates":[[[10.28256,45.93817],[10.28565,45.9468],[10.27927,45.95265],[10.27861,45.94687],[10.2786,45.9466],[10.27857,45.94636],[10.27849,45.94612],[10.27843,45.94601],[10.27839,45.94595],[10.27836,45.9459],[10.27834,45.94587],[10.27791,45.94566],[10.27431,45.94468],[10.27229,45.94415],[10.26973,45.94398],[10.2693,45.94396],[10.26205,45.94364],[10.25575,45.9413],[10.25476,45.94098],[10.25414,45.94074],[10.25367,45.94055],[10.25259,45.9401],[10.25007,45.93905],[10.24699,45.93763],[10.24622,45.93577],[10.24691,45.93236],[10.25878,45.9286],[10.26328,45.9332],[10.26355,45.93332],[10.27656,45.93697],[10.28256,45.93817]]]}},{"type":"Feature","id":"017056","properties":{"codice_istat":"017056","comune":"Coccaglio","capoluogo":false,"area_kmq":12.279},"geometry":{"type":"Polygon","coordinates":[[[9.98041,45.573],[9.96874,45.58129],[9.96758,45.57969],[9.96461,45.57579],[9.96241,45.57306],[9.96,45.57025],[9.95889,45.57057],[9.95729,45.5712],[9.95329,45.57078],[9.94676,45.56262],[9.94557,45.56267],[9.94488,45.56269],[9.94323,45.56281],[9.94208,45.56066],[9.94201,45.56053],[9.94497,45.55609],[9.94861,45.55304],[9.95198,45.54982],[9.95198,45.54724],[9.9559,45.53893],[9.96114,45.53514],[9.96568,45.53253],[9.96762,45.53178],[9.98136,45.52896],[9.98158,45.53283],[9.98176,45.53735],[9.98698,45.54387],[9.98706,45.54749],[9.98709,45.54879],[9.98678,45.55039],[9.98557,45.55381],[9.98357,45.55646],[9.9832,45.56077],[9.98509,45.56773],[9.98041,45.573]]]}},{"type":"Feature","id":"017057","properties":{"codice_istat":"017057","comune":"Collebeato","capoluogo":false,"area_kmq":5.472},"geometry":{"type":"Polygon","coordinates":[[[10.21953,45.59574],[10.21503,45.59917],[10.21219,45.60008],[10.21205,45.60012],[10.2116,45.60025],[10.21032,45.60049],[10.20767,45.60083],[10.20396,45.59754],[10.20251,45.59557],[10.2022,45.59458],[10.20213,45.59433],[10.19865,45.59054],[10.1979,45.58975],[10.19571,45.58693],[10.19499,45.58547],[10.19499,45.58407],[10.19477,45.58181],[10.19163,45.57459],[10.18924,45.57257],[10.20076,45.57281],[10.21108,45.57022],[10.21109,45.57006],[10.21111,45.56997],[10.21337,45.57011],[10.21398,45.57091],[10.21629,45.57427],[10.21887,45.57829],[10.22034,45.5808],[10.22067,45.58155],[10.22089,45.5823],[10.22094,45.58279],[10.22109,45.58496],[10.22101,45.58579],[10.22061,45.58878],[10.22066,45.58957],[10.2209,45.59034],[10.22098,45.59058],[10.22144,45.59138],[10.22172,45.59179],[10.22197,45.59229],[10.22201,45.59271],[10.22185,45.59308],[10.2216,45.59362],[10.22118,45.59419],[10.22065,45.5947],[10.21953,45.59574]]]}},{"type":"Feature","id":"017058","properties":{"codice_istat":"017058","comune":"Collio","capoluogo":false,"area_kmq":53.503},"geometry":{"type":"Polygon","coordinates":[[[10.36257,45.86824],[10.33991,45.87251],[10.33689,45.86628],[10.33481,45.86606],[10.33434,45.86592],[10.33395,45.86567],[10.33254,45.86446],[10.33221,45.86416],[10.33201,45.86396],[10.32949,45.86084],[10.32735,45.8576],[10.32007,45.84761],[10.29829,45.8261],[10.29701,45.81642],[10.29452,45.80667],[10.294,45.80621],[10.29367,45.80589],[10.29337,45.80549],[10.29319,45.80512],[10.29306,45.80474],[10.29304,45.80207],[10.29421,45.80149],[10.29729,45.80126],[10.31466,45.80378],[10.31495,45.80405],[10.31526,45.8042],[10.31572,45.80422],[10.31628,45.80418],[10.31679,45.80414],[10.31736,45.80407],[10.3192,45.80374],[10.31975,45.80361],[10.32026,45.8034],[10.32245,45.8025],[10.32299,45.80214],[10.32321,45.80186],[10.32355,45.80143],[10.32381,45.80101],[10.32396,45.80076],[10.32491,45.79792],[10.32494,45.79727],[10.32478,45.79168],[10.32449,45.78462],[10.33749,45.78775],[10.34205,45.78794],[10.3462,45.78885],[10.35041,45.79012],[10.35469,45.79132],[10.35513,45.79144],[10.35754,45.79206],[10.36228,45.79247],[10.36336,45.7925],[10.36402,45.79249],[10.36433,45.79248],[10.36953,45.79219],[10.37258,45.79176],[10.37489,45.79152],[10.37857,45.79118],[10.37926,45.79111],[10.3799,45.7911],[10.38054,45.7911],[10.38159,45.79113],[10.3819,45.79177],[10.38345,45.7935],[10.38464,45.7947],[10.38683,45.79608],[10.3871,45.79623],[10.39906,45.80145],[10.40235,45.80191],[10.40787,45.80719],[10.41046,45.80943],[10.41427,45.8111],[10.41485,45.81122],[10.41524,45.81137],[10.41556,45.81159],[10.41597,45.81199],[10.41621,45.81226],[10.41741,45.81373],[10.41762,45.81411],[10.41766,45.8144],[10.41761,45.81476],[10.41741,45.81523],[10.41707,45.81599],[10.41689,45.81638],[10.41666,45.81683],[10.41648,45.81712],[10.41633,45.81737],[10.41607,45.81767],[10.40294,45.83095],[10.40247,45.83133],[10.4021,45.83161],[10.40115,45.83228],[10.40074,45.83254],[10.40036,45.83273],[10.39984,45.83296],[10.39657,45.83418],[10.39291,45.8352],[10.39016,45.8359],[10.38825,45.83593],[10.3876,45.83589],[10.37745,45.83927],[10.36931,45.84251],[10.3709,45.8494],[10.3762,45.85927],[10.37549,45.86448],[10.36257,45.86824]]]}},{"type":"Feature","id":"017059","properties":{"codice_istat":"017059","comune":"Cologne","capoluogo":false,"area_kmq":14.001},"geometry":{"type":"Polygon","coordinates":[[[9.94082,45.59511],[9.93818,45.59619],[9.92002,45.59199],[9.91503,45.5905],[9.91089,45.59081],[9.91014,45.5895],[9.90834,45.58616],[9.90713,45.58342],[9.90894,45.58273],[9.90989,45.58044],[9.90845,45.57684],[9.90656,45.57354],[9.90261,45.56866],[9.89699,45.56709],[9.8925,45.56132],[9.89104,45.5598],[9.89409,45.55951],[9.89603,45.55956],[9.8971,45.55959],[9.89843,45.55979],[9.90792,45.56143],[9.93204,45.56424],[9.94103,45.56319],[9.94323,45.56281],[9.94488,45.56269],[9.94557,45.56267],[9.94676,45.56262],[9.95329,45.57078],[9.95729,45.5712],[9.95889,45.57057],[9.96,45.57025],[9.96241,45.57306],[9.96461,45.57579],[9.96758,45.57969],[9.96874,45.58129],[9.96311,45.58393],[9.94746,45.59213],[9.94082,45.59511]]]}},{"type":"Feature","id":"017060","properties":{"codice_istat":"017060","comune":"Comezzano-Cizzago","capoluogo":false,"area_kmq":14.997},"geometry":{"type":"Polygon","coordinates":[[[9.97138,45.48618],[9.9718,45.4907],[9.9653,45.49276],[9.96452,45.48915],[9.96136,45.48845],[9.95821,45.48918],[9.952,45.48642],[9.95046,45.48495],[9.94089,45.48565],[9.93496,45.48844],[9.93424,45.49055],[9.93305,45.49159],[9.92323,45.49263],[9.91928,45.48964],[9.92083,45.4897],[9.92328,45.48783],[9.92424,45.48608],[9.92794,45.4717],[9.93054,45.46589],[9.93402,45.46508],[9.93723,45.46381],[9.93801,45.46314],[9.9402,45.4603],[9.94175,45.45789],[9.94347,45.45569],[9.94785,45.45213],[9.95248,45.44848],[9.95677,45.45243],[9.95976,45.45281],[9.96184,45.44609],[9.96397,45.43978],[9.9665,45.43711],[9.96597,45.4397],[9.96825,45.44313],[9.96889,45.44307],[9.97096,45.44284],[9.97602,45.4436],[9.98021,45.44476],[9.98039,45.44568],[9.98045,45.44675],[9.97982,45.45022],[9.98191,45.45066],[9.98318,45.45079],[9.98362,45.45413],[9.98177,45.45472],[9.97505,45.45726],[9.97373,45.46149],[9.97338,45.46866],[9.96973,45.47849],[9.97138,45.48618]]]}},{"type":"Feature","id":"017061","properties":{"codice_istat":"017061","comune":"Concesio","capoluogo":false,"area_kmq":18.94},"geometry":{"type":"Polygon","coordinates":[[[10.23327,45.63595],[10.23203,45.63725],[10.22641,45.63624],[10.22364,45.63426],[10.22317,45.63388],[10.22273,45.63345],[10.22218,45.63282],[10.22172,45.63228],[10.22101,45.63113],[10.2207,45.63058],[10.22053,45.63013],[10.22037,45.62963],[10.2187,45.62748],[10.2159,45.62423],[10.21466,45.62327],[10.21401,45.62295],[10.21337,45.6227],[10.21279,45.62256],[10.19779,45.61938],[10.18825,45.61844],[10.18434,45.61873],[10.18002,45.61943],[10.17458,45.6204],[10.17325,45.62064],[10.17281,45.61618],[10.17328,45.61274],[10.17411,45.60965],[10.1752,45.60612],[10.17592,45.60545],[10.17663,45.60457],[10.17716,45.60391],[10.17736,45.60361],[10.17749,45.60332],[10.17771,45.6028],[10.1777,45.59992],[10.17674,45.59501],[10.17753,45.5951],[10.17815,45.59511],[10.18024,45.59511],[10.18573,45.59421],[10.19865,45.59054],[10.20213,45.59433],[10.2022,45.59458],[10.20251,45.59557],[10.20396,45.59754],[10.20767,45.60083],[10.21032,45.60049],[10.2116,45.60025],[10.21205,45.60012],[10.21219,45.60008],[10.21503,45.59917],[10.21953,45.59574],[10.22065,45.5947],[10.22118,45.59419],[10.2216,45.59362],[10.22185,45.59308],[10.22201,45.59271],[10.22197,45.59229],[10.22172,45.59179],[10.22144,45.59138],[10.22098,45.59058],[10.2209,45.59034],[10.22066,45.58957],[10.22061,45.58878],[10.22101,45.58579],[10.22994,45.58981],[10.23307,45.59503],[10.23488,45.5992],[10.23695,45.6028],[10.24168,45.60551],[10.2464,45.61164],[10.24915,45.61557],[10.25504,45.61904],[10.25534,45.61921],[10.25661,45.61981],[10.25781,45.6203],[10.25922,45.62074],[10.25532,45.62416],[10.2549,45.62594],[10.25477,45.62616],[10.25446,45.62641],[10.25413,45.6266],[10.25359,45.62677],[10.25294,45.62687],[10.24825,45.62698],[10.24308,45.62812],[10.23923,45.63112],[10.23327,45.63595]]]}},{"type":"Feature","id":"017062","properties":{"codice_istat":"017062","comune":"Corte Franca","capoluogo":false,"area_kmq":14.235},"geometry":{"type":"Polygon","coordinates":[[[9.98856,45.65153],[9.98246,45.65101],[9.98014,45.65026],[9.97775,45.64695],[9.97613,45.64232],[9.97651,45.63427],[9.97773,45.62296],[9.97861,45.62188],[9.97925,45.62125],[9.98298,45.62036],[9.98788,45.61935],[9.99035,45.61898],[9.99246,45.61897],[9.9997,45.61354],[9.99975,45.61352],[10.00044,45.61325],[10.00751,45.61128],[10.00847,45.61042],[10.00882,45.61013],[10.0096,45.60966],[10.01008,45.60942],[10.01084,45.6091],[10.01133,45.60893],[10.01172,45.60883],[10.0123,45.60879],[10.01288,45.60879],[10.01348,45.6088],[10.01393,45.60882],[10.01457,45.609],[10.01526,45.60909],[10.01622,45.6091],[10.01681,45.60901],[10.01721,45.60889],[10.0177,45.60866],[10.01949,45.60768],[10.01998,45.6074],[10.02354,45.60539],[10.02405,45.60559],[10.02462,45.60583],[10.02563,45.6065],[10.02603,45.60682],[10.02655,45.6074],[10.02643,45.61026],[10.02649,45.6118],[10.02658,45.61245],[10.02665,45.6128],[10.02673,45.6132],[10.0277,45.61554],[10.02831,45.61665],[10.02909,45.61822],[10.02801,45.62055],[10.02277,45.62528],[10.01841,45.62743],[10.01936,45.63189],[10.02058,45.63514],[10.02146,45.63703],[10.02402,45.63877],[10.02665,45.64031],[10.02788,45.64116],[10.0286,45.64301],[10.02858,45.64389],[10.02565,45.64479],[10.01757,45.6444],[10.0141,45.64472],[10.0103,45.64736],[9.99269,45.6516],[9.98856,45.65153]]]}},{"type":"Feature","id":"017063","properties":{"codice_istat":"017063","comune":"Corteno Golgi","capoluogo":false,"area_kmq":82.927},"geometry":{"type":"Polygon","coordinates":[[[10.23622,46.19142],[10.22845,46.19221],[10.22656,46.19067],[10.22664,46.18774],[10.22654,46.18735],[10.22634,46.18711],[10.22571,46.18678],[10.22503,46.18655],[10.22428,46.18634],[10.2209,46.18576],[10.21977,46.18559],[10.21885,46.18545],[10.21781,46.18533],[10.21749,46.18532],[10.21116,46.18453],[10.20362,46.18331],[10.20199,46.183],[10.1992,46.18231],[10.19266,46.18069],[10.19179,46.18049],[10.19101,46.18035],[10.18709,46.17965],[10.1866,46.17964],[10.18322,46.17898],[10.18268,46.17885],[10.1803,46.17825],[10.17991,46.17795],[10.1796,46.17757],[10.17922,46.17679],[10.17869,46.17555],[10.17826,46.17453],[10.17766,46.1729],[10.17759,46.17258],[10.17594,46.16708],[10.17458,46.16523],[10.17159,46.16306],[10.16483,46.1616],[10.16345,46.16128],[10.16252,46.16098],[10.16199,46.16078],[10.16135,46.16055],[10.16096,46.16037],[10.15939,46.15955],[10.16081,46.15467],[10.16289,46.14905],[10.16328,46.14815],[10.16343,46.14788],[10.16368,46.14746],[10.16534,46.14467],[10.16743,46.14142],[10.16815,46.14053],[10.17142,46.13664],[10.17165,46.1364],[10.17181,46.13622],[10.16846,46.12395],[10.16508,46.11256],[10.1649,46.10707],[10.17129,46.10301],[10.17458,46.09686],[10.1748,46.0932],[10.17702,46.09251],[10.17804,46.09216],[10.17853,46.09189],[10.17885,46.09152],[10.17905,46.09112],[10.17929,46.09057],[10.17943,46.09014],[10.17944,46.08948],[10.17938,46.08911],[10.17912,46.0886],[10.1786,46.08644],[10.18068,46.0838],[10.18503,46.08095],[10.1896,46.0797],[10.202,46.0814],[10.21197,46.0853],[10.22289,46.0878],[10.22803,46.09084],[10.23621,46.09578],[10.24076,46.09858],[10.24103,46.09887],[10.24236,46.09957],[10.24328,46.10004],[10.24388,46.10026],[10.24465,46.10042],[10.24518,46.10051],[10.24625,46.10034],[10.24792,46.1],[10.25121,46.10462],[10.25843,46.11486],[10.27253,46.13347],[10.27814,46.14014],[10.27846,46.14227],[10.27854,46.14262],[10.27891,46.14343],[10.28058,46.14709],[10.28608,46.15836],[10.29085,46.1631],[10.29151,46.16369],[10.29284,46.16489],[10.29486,46.16683],[10.29889,46.17107],[10.29906,46.1713],[10.29912,46.17167],[10.29441,46.172],[10.29331,46.17202],[10.28724,46.17195],[10.28485,46.17165],[10.27395,46.17145],[10.26686,46.17135],[10.26533,46.17154],[10.26416,46.17187],[10.26362,46.17268],[10.26387,46.17291],[10.26415,46.17308],[10.2646,46.17335],[10.26651,46.17435],[10.26791,46.17499],[10.26887,46.17528],[10.26937,46.17545],[10.27011,46.17574],[10.27038,46.17602],[10.27035,46.17627],[10.26991,46.17677],[10.26782,46.17873],[10.26421,46.18114],[10.2487,46.18967],[10.24683,46.19032],[10.23622,46.19142]]]}},{"type":"Feature","id":"017064","properties":{"codice_istat":"017064","comune":"Corzano","capoluogo":false,"area_kmq":12.382},"geometry":{"type":"Polygon","coordinates":[[[9.99619,45.46041],[9.99206,45.46161],[9.99106,45.4615],[9.98687,45.46091],[9.9867,45.46071],[9.98649,45.46041],[9.98591,45.45957],[9.98557,45.45906],[9.98528,45.45854],[9.98508,45.45806],[9.98362,45.45413],[9.98318,45.45079],[9.98531,45.45039],[9.99587,45.44185],[10.00297,45.43596],[10.00495,45.43124],[10.01031,45.42437],[10.01813,45.41533],[10.02031,45.41417],[10.02213,45.41419],[10.02426,45.41422],[10.02342,45.41741],[10.02292,45.41941],[10.02492,45.42762],[10.02683,45.42763],[10.05077,45.42313],[10.05535,45.42021],[10.05735,45.42003],[10.05847,45.42294],[10.05582,45.4235],[10.05272,45.4261],[10.0513,45.42858],[10.05036,45.43044],[10.04863,45.43735],[10.04637,45.43932],[10.0445,45.43996],[10.0316,45.44214],[10.02907,45.44206],[10.02744,45.43945],[10.02544,45.43987],[10.02722,45.44813],[10.02538,45.45082],[10.02364,45.45248],[10.01907,45.45645],[10.01844,45.45585],[10.01476,45.45301],[10.00397,45.45502],[9.99937,45.45732],[9.99619,45.46041]]]}},{"type":"Feature","id":"017065","properties":{"codice_istat":"017065","comune":"Darfo Boario Terme","capoluogo":false,"area_kmq":35.924},"geometry":{"type":"Polygon","coordinates":[[[10.17907,45.9252],[10.17232,45.92714],[10.17057,45.92637],[10.17001,45.92611],[10.16928,45.92573],[10.168,45.9246],[10.17008,45.92436],[10.17112,45.92421],[10.17674,45.92276],[10.1787,45.92157],[10.17855,45.91703],[10.17667,45.91577],[10.17438,45.91464],[10.17326,45.9142],[10.17291,45.91407],[10.17281,45.9142],[10.17277,45.91425],[10.17126,45.91665],[10.16835,45.91772],[10.16408,45.91874],[10.16358,45.91878],[10.16306,45.91875],[10.1627,45.9187],[10.1611,45.91844],[10.16057,45.91834],[10.15996,45.91813],[10.15654,45.91689],[10.15281,45.91257],[10.15134,45.9106],[10.15085,45.90955],[10.15085,45.90862],[10.15189,45.90487],[10.15275,45.9039],[10.15458,45.90214],[10.16164,45.89752],[10.16518,45.89364],[10.16765,45.88704],[10.16025,45.88168],[10.15482,45.87751],[10.14709,45.87073],[10.14338,45.86855],[10.1498,45.8631],[10.156,45.86609],[10.15644,45.86828],[10.1583,45.87156],[10.16119,45.87028],[10.16276,45.8698],[10.16554,45.86938],[10.16722,45.86914],[10.175,45.86882],[10.18287,45.8689],[10.1884,45.8683],[10.1923,45.86756],[10.19494,45.86684],[10.1973,45.86602],[10.19865,45.86522],[10.202,45.86362],[10.20777,45.86213],[10.21355,45.86219],[10.21875,45.86067],[10.226,45.85682],[10.22962,45.85412],[10.24775,45.8513],[10.25088,45.84973],[10.2517,45.84942],[10.25211,45.84932],[10.25255,45.84974],[10.25387,45.85487],[10.25361,45.85623],[10.25305,45.85909],[10.25273,45.86043],[10.25242,45.86258],[10.25227,45.86419],[10.25221,45.86639],[10.25213,45.87094],[10.24673,45.87616],[10.23652,45.88338],[10.23446,45.88375],[10.23219,45.8842],[10.23076,45.88455],[10.22907,45.885],[10.22401,45.88673],[10.22171,45.88798],[10.20978,45.89888],[10.21102,45.90028],[10.21311,45.90203],[10.2139,45.90269],[10.21469,45.90323],[10.21682,45.90441],[10.21711,45.90878],[10.21704,45.90913],[10.21692,45.9094],[10.21674,45.90959],[10.21623,45.91001],[10.21194,45.91293],[10.19786,45.9236],[10.19413,45.92467],[10.19129,45.92525],[10.18693,45.92363],[10.17907,45.9252]]]}},{"type":"Feature","id":"017066","properties":{"codice_istat":"017066","comune":"Dello","capoluogo":false,"area_kmq":23.351},"geometry":{"type":"Polygon","coordinates":[[[10.10532,45.44233],[10.10358,45.44295],[10.10021,45.44387],[10.09857,45.44432],[10.09998,45.44204],[10.09614,45.43893],[10.08656,45.4343],[10.07376,45.43186],[10.07193,45.43282],[10.0722,45.43024],[10.06972,45.42773],[10.06547,45.42516],[10.06152,45.42482],[10.05847,45.42294],[10.05735,45.42003],[10.0567,45.4181],[10.05743,45.41471],[10.0599,45.41407],[10.06514,45.41059],[10.07151,45.39713],[10.07277,45.39353],[10.08153,45.39441],[10.08913,45.39481],[10.09818,45.39627],[10.10353,45.40018],[10.11284,45.40314],[10.11326,45.40326],[10.11363,45.40326],[10.11394,45.40296],[10.11403,45.40264],[10.11395,45.4024],[10.11364,45.40046],[10.11378,45.40025],[10.11397,45.39994],[10.11429,45.39968],[10.11508,45.39915],[10.11928,45.39766],[10.12199,45.39759],[10.12521,45.39833],[10.13597,45.40276],[10.13653,45.40502],[10.13525,45.40565],[10.14483,45.41745],[10.14687,45.4206],[10.13977,45.42255],[10.13788,45.42113],[10.1351,45.41741],[10.12879,45.42408],[10.12809,45.42677],[10.12746,45.43179],[10.12324,45.43566],[10.12221,45.43649],[10.12089,45.43622],[10.10812,45.43749],[10.10463,45.43835],[10.10532,45.44233]]]}},{"type":"Feature","id":"017067","properties":{"codice_istat":"017067","comune":"Desenzano del Garda","capoluogo":false,"area_kmq":59.376},"geometry":{"type":"Polygon","coordinates":[[[10.57809,45.49918],[10.57589,45.5027],[10.56624,45.50076],[10.56586,45.50068],[10.56504,45.50053],[10.55158,45.49817],[10.53049,45.49421],[10.52077,45.49227],[10.52082,45.49015],[10.52072,45.48844],[10.52066,45.48754],[10.5197,45.4834],[10.51967,45.48336],[10.5193,45.48289],[10.51813,45.48173],[10.50973,45.47366],[10.50883,45.47318],[10.50643,45.47323],[10.50482,45.47333],[10.504,45.4729],[10.50353,45.4726],[10.5032,45.47224],[10.50277,45.47135],[10.50263,45.47102],[10.50234,45.46994],[10.50209,45.46897],[10.50211,45.46804],[10.50217,45.46769],[10.50366,45.46489],[10.50418,45.46457],[10.50589,45.46376],[10.50744,45.46312],[10.50806,45.46293],[10.50862,45.46267],[10.50984,45.46199],[10.51074,45.46121],[10.5124,45.45957],[10.51327,45.45848],[10.51413,45.45695],[10.51228,45.4523],[10.51142,45.45047],[10.51566,45.44117],[10.52041,45.44083],[10.52165,45.44078],[10.52617,45.44057],[10.53257,45.44027],[10.53982,45.43561],[10.55143,45.42782],[10.55986,45.4201],[10.56303,45.41217],[10.56261,45.41176],[10.56251,45.41153],[10.56245,45.41126],[10.56218,45.40971],[10.5621,45.40922],[10.56211,45.40892],[10.56227,45.40847],[10.56266,45.40792],[10.56534,45.40424],[10.56752,45.40135],[10.56825,45.40086],[10.56939,45.40016],[10.56957,45.40005],[10.56977,45.39994],[10.57565,45.39684],[10.57703,45.39657],[10.57854,45.39658],[10.57903,45.39661],[10.57972,45.39669],[10.58045,45.39683],[10.58114,45.39697],[10.58955,45.39876],[10.59,45.39889],[10.5903,45.399],[10.59157,45.3995],[10.58637,45.404],[10.58606,45.40439],[10.58585,45.40483],[10.58451,45.40936],[10.5845,45.40941],[10.58445,45.40985],[10.58602,45.41189],[10.58637,45.4122],[10.59055,45.4147],[10.59144,45.4151],[10.59201,45.41519],[10.59538,45.41554],[10.59829,45.41507],[10.60127,45.41535],[10.60608,45.41884],[10.60858,45.42161],[10.6098,45.42298],[10.62191,45.43183],[10.62689,45.4365],[10.62725,45.43827],[10.62365,45.44362],[10.62206,45.44381],[10.61436,45.44738],[10.61416,45.44759],[10.61398,45.44781],[10.61384,45.44816],[10.61383,45.44855],[10.61383,45.44904],[10.61387,45.44961],[10.61419,45.45087],[10.61261,45.45342],[10.60947,45.45636],[10.60488,45.45955],[10.60344,45.46012],[10.6016,45.46065],[10.59567,45.46319],[10.59214,45.467],[10.57809,45.49918]]]}},{"type":"Feature","id":"017068","properties":{"codice_istat":"017068","comune":"Edolo","capoluogo":false,"area_kmq":89.318},"geometry":{"type":"Polygon","coordinates":[[[10.32774,46.20028],[10.32658,46.20042],[10.32089,46.2009],[10.31631,46.20126],[10.31407,46.20135],[10.30713,46.20232],[10.29853,46.20469],[10.29782,46.20489],[10.29705,46.2052],[10.29647,46.20547],[10.29566,46.20587],[10.295,46.20622],[10.28774,46.21011],[10.28214,46.21343],[10.27157,46.21109],[10.27136,46.21092],[10.27113,46.21074],[10.2708,46.21049],[10.27029,46.21015],[10.26825,46.20879],[10.26723,46.20834],[10.25966,46.20507],[10.2534,46.20334],[10.24806,46.20278],[10.24162,46.20227],[10.24011,46.20197],[10.22966,46.19959],[10.22902,46.19929],[10.22874,46.199],[10.22848,46.19858],[10.22837,46.19819],[10.22836,46.19634],[10.22845,46.19221],[10.23622,46.19142],[10.24683,46.19032],[10.2487,46.18967],[10.26421,46.18114],[10.26782,46.17873],[10.26991,46.17677],[10.27035,46.17627],[10.27038,46.17602],[10.27011,46.17574],[10.26937,46.17545],[10.26887,46.17528],[10.26791,46.17499],[10.26651,46.17435],[10.2646,46.17335],[10.26415,46.17308],[10.26387,46.17291],[10.26362,46.17268],[10.26416,46.17187],[10.26533,46.17154],[10.26686,46.17135],[10.27395,46.17145],[10.28485,46.17165],[10.28724,46.17195],[10.29331,46.17202],[10.29441,46.172],[10.29912,46.17167],[10.29906,46.1713],[10.29889,46.17107],[10.29486,46.16683],[10.29284,46.16489],[10.29151,46.16369],[10.29085,46.1631],[10.28608,46.15836],[10.28058,46.14709],[10.27891,46.14343],[10.27854,46.14262],[10.27846,46.14227],[10.27814,46.14014],[10.28084,46.14086],[10.2817,46.14121],[10.28933,46.14449],[10.29404,46.1467],[10.30277,46.15043],[10.31903,46.15672],[10.32397,46.15837],[10.33025,46.16038],[10.33467,46.16079],[10.33502,46.16241],[10.33621,46.16475],[10.33891,46.16897],[10.33996,46.16992],[10.3466,46.1726],[10.34737,46.17288],[10.35103,46.17276],[10.35331,46.17174],[10.35523,46.17125],[10.36064,46.17034],[10.36529,46.16976],[10.36992,46.16919],[10.37253,46.16926],[10.37399,46.16931],[10.37576,46.1694],[10.3881,46.16459],[10.38823,46.16432],[10.38838,46.16404],[10.38858,46.16378],[10.39056,46.16123],[10.39145,46.16018],[10.39176,46.15993],[10.39206,46.15981],[10.39242,46.15985],[10.40104,46.16178],[10.40805,46.16342],[10.42148,46.16455],[10.42885,46.16744],[10.43289,46.1697],[10.43922,46.17244],[10.44003,46.17271],[10.44037,46.17276],[10.441,46.17274],[10.44158,46.17259],[10.44186,46.17245],[10.44617,46.1696],[10.44747,46.16873],[10.44767,46.16858],[10.4497,46.16704],[10.44985,46.16686],[10.45558,46.16023],[10.46357,46.15276],[10.46633,46.15253],[10.47167,46.15234],[10.47265,46.15241],[10.47325,46.1526],[10.47465,46.15311],[10.47555,46.1536],[10.4774,46.15404],[10.47991,46.1546],[10.48144,46.15483],[10.48343,46.15493],[10.4916,46.15249],[10.49497,46.15516],[10.50339,46.15989],[10.51368,46.16124],[10.51442,46.16389],[10.51324,46.16929],[10.51436,46.17527],[10.51706,46.1802],[10.51966,46.18254],[10.51838,46.18295],[10.51773,46.18324],[10.51742,46.18339],[10.51707,46.18368],[10.51662,46.1841],[10.51637,46.1844],[10.51373,46.18804],[10.51235,46.18994],[10.51133,46.19378],[10.51125,46.19429],[10.51129,46.1947],[10.5116,46.19578],[10.51179,46.19626],[10.512,46.19677],[10.50796,46.19786],[10.50727,46.19791],[10.50658,46.19794],[10.5061,46.19789],[10.50536,46.19765],[10.5047,46.19741],[10.5041,46.19713],[10.50363,46.19673],[10.50294,46.19601],[10.50263,46.19561],[10.50243,46.19526],[10.50165,46.19443],[10.50025,46.19383],[10.49976,46.19373],[10.49922,46.19369],[10.4988,46.19374],[10.49447,46.19435],[10.49304,46.1946],[10.49128,46.19518],[10.49095,46.19533],[10.48765,46.19709],[10.48611,46.19862],[10.47728,46.20272],[10.46467,46.20582],[10.4603,46.20644],[10.44422,46.2041],[10.43979,46.20367],[10.439,46.20368],[10.4379,46.20371],[10.43708,46.20374],[10.43644,46.20378],[10.43573,46.20387],[10.4344,46.20407],[10.43375,46.20416],[10.43209,46.20478],[10.42605,46.20429],[10.41329,46.20348],[10.41259,46.20346],[10.41126,46.20322],[10.41074,46.20311],[10.40825,46.2025],[10.40779,46.20238],[10.40687,46.20211],[10.40635,46.20191],[10.40527,46.20144],[10.40459,46.20114],[10.39949,46.19841],[10.39804,46.19598],[10.39247,46.19145],[10.3758,46.19747],[10.35382,46.20512],[10.35179,46.20546],[10.35106,46.2055],[10.35047,46.20548],[10.34999,46.20532],[10.34969,46.20514],[10.34873,46.20409],[10.34668,46.19846],[10.34025,46.19732],[10.33467,46.199],[10.32774,46.20028]]]}},{"type":"Feature","id":"017069","properties":{"codice_istat":"017069","comune":"Erbusco","capoluogo":false,"area_kmq":15.884},"geometry":{"type":"Polygon","coordinates":[[[9.98402,45.60909],[9.97578,45.61357],[9.97178,45.61293],[9.97124,45.61272],[9.97116,45.61252],[9.97135,45.61224],[9.97206,45.61139],[9.97248,45.61106],[9.97286,45.61088],[9.97317,45.61069],[9.97348,45.61041],[9.97371,45.61019],[9.97384,45.60999],[9.97399,45.60932],[9.9738,45.60885],[9.97181,45.60842],[9.97133,45.60836],[9.96405,45.60745],[9.95486,45.60678],[9.9483,45.60402],[9.94648,45.60394],[9.94336,45.60425],[9.93557,45.6073],[9.93369,45.60813],[9.93279,45.60853],[9.93201,45.60748],[9.9307,45.60629],[9.92811,45.60485],[9.92766,45.60462],[9.9274,45.60452],[9.92696,45.60436],[9.92623,45.6044],[9.92581,45.60455],[9.92572,45.60458],[9.91991,45.60128],[9.91254,45.59682],[9.91089,45.59081],[9.91503,45.5905],[9.92002,45.59199],[9.93818,45.59619],[9.94082,45.59511],[9.94746,45.59213],[9.96311,45.58393],[9.96874,45.58129],[9.98041,45.573],[9.98244,45.57483],[9.98744,45.57678],[10.00015,45.57882],[10.00679,45.57876],[10.00804,45.57909],[10.00844,45.58013],[10.00882,45.58259],[10.00907,45.58527],[10.00906,45.58565],[10.00902,45.58607],[10.00897,45.58629],[10.00839,45.58783],[10.0083,45.58803],[10.00815,45.58827],[10.00594,45.59157],[10.00339,45.59245],[10.00208,45.59358],[10.00159,45.59418],[10.00138,45.5945],[10.00114,45.5949],[10.00095,45.59527],[10.0008,45.59573],[10.00067,45.59631],[10.00062,45.59655],[10.00074,45.59976],[9.99685,45.59784],[9.99453,45.59877],[9.99123,45.60159],[9.99103,45.60179],[9.99079,45.60206],[9.99058,45.60232],[9.99018,45.60326],[9.9875,45.60645],[9.98402,45.60909]]]}},{"type":"Feature","id":"017070","properties":{"codice_istat":"017070","comune":"Esine","capoluogo":false,"area_kmq":30.327},"geometry":{"type":"Polygon","coordinates":[[[10.25878,45.9286],[10.24691,45.93236],[10.2455,45.93185],[10.24271,45.93024],[10.23261,45.92367],[10.23228,45.92332],[10.2321,45.92302],[10.23089,45.92046],[10.22989,45.91743],[10.22903,45.91508],[10.2239,45.90896],[10.21977,45.90554],[10.21682,45.90441],[10.21469,45.90323],[10.2139,45.90269],[10.21311,45.90203],[10.21102,45.90028],[10.20978,45.89888],[10.22171,45.88798],[10.22401,45.88673],[10.22907,45.885],[10.23076,45.88455],[10.23219,45.8842],[10.23446,45.88375],[10.23652,45.88338],[10.24673,45.87616],[10.25213,45.87094],[10.25438,45.86976],[10.25536,45.86927],[10.25705,45.86845],[10.26742,45.86552],[10.2698,45.86317],[10.27139,45.85853],[10.27133,45.85593],[10.27126,45.85557],[10.2712,45.85532],[10.27103,45.85508],[10.27042,45.85439],[10.26994,45.854],[10.26913,45.85349],[10.2688,45.85332],[10.26828,45.85316],[10.2678,45.85312],[10.26729,45.85306],[10.26698,45.85299],[10.26657,45.85282],[10.26624,45.85257],[10.26598,45.85229],[10.26579,45.85202],[10.26571,45.8518],[10.26568,45.85154],[10.26574,45.85119],[10.26848,45.84715],[10.26879,45.8468],[10.2695,45.84615],[10.26983,45.84596],[10.27068,45.84554],[10.27564,45.847],[10.2818,45.85073],[10.29458,45.85314],[10.30127,45.85329],[10.30753,45.85484],[10.308,45.85519],[10.30848,45.85589],[10.30899,45.85671],[10.30926,45.85716],[10.30959,45.85778],[10.30976,45.85819],[10.30987,45.85859],[10.30195,45.86311],[10.29665,45.86656],[10.29443,45.86825],[10.2861,45.87579],[10.28333,45.88034],[10.28241,45.88268],[10.2823,45.88304],[10.27927,45.89243],[10.27584,45.90148],[10.26843,45.918],[10.26464,45.92451],[10.26241,45.92643],[10.26012,45.92808],[10.25878,45.9286]]]}},{"type":"Feature","id":"017071","properties":{"codice_istat":"017071","comune":"Fiesse","capoluogo":false,"area_kmq":15.903},"geometry":{"type":"Polygon","coordinates":[[[10.32233,45.25132],[10.30882,45.25149],[10.30845,45.25143],[10.30817,45.25136],[10.30818,45.25095],[10.30818,45.25073],[10.30831,45.2487],[10.31061,45.24418],[10.31266,45.24203],[10.31427,45.23954],[10.31656,45.23206],[10.31666,45.23149],[10.31657,45.2308],[10.31613,45.22954],[10.31589,45.22899],[10.31392,45.22482],[10.3114,45.22669],[10.31087,45.22748],[10.30865,45.22896],[10.30797,45.22905],[10.30701,45.22914],[10.30588,45.22922],[10.30475,45.22919],[10.30478,45.22802],[10.30479,45.22768],[10.30553,45.22391],[10.3071,45.22282],[10.31703,45.21617],[10.31842,45.21505],[10.31773,45.21002],[10.31703,45.20631],[10.3177,45.20472],[10.327,45.20543],[10.32824,45.20548],[10.33291,45.20535],[10.33402,45.20529],[10.34311,45.20748],[10.34318,45.2086],[10.34334,45.20995],[10.34356,45.21129],[10.34557,45.21193],[10.35708,45.21506],[10.35859,45.21528],[10.35972,45.2154],[10.36042,45.2154],[10.36136,45.21538],[10.35767,45.22521],[10.35724,45.231],[10.35937,45.23821],[10.36,45.24337],[10.36196,45.2461],[10.35835,45.24518],[10.35355,45.24426],[10.34966,45.24355],[10.348,45.24506],[10.34322,45.24665],[10.3399,45.24759],[10.32588,45.25072],[10.32233,45.25132]]]}},{"type":"Feature","id":"017072","properties":{"codice_istat":"017072","comune":"Flero","capoluogo":false,"area_kmq":9.647},"geometry":{"type":"Polygon","coordinates":[[[10.16909,45.49615],[10.16383,45.4969],[10.14394,45.48158],[10.14501,45.48068],[10.14659,45.47863],[10.14606,45.47715],[10.1484,45.47531],[10.14849,45.47526],[10.1545,45.47201],[10.15514,45.47197],[10.16124,45.4705],[10.16413,45.46788],[10.17142,45.46558],[10.17986,45.46724],[10.18682,45.46599],[10.19014,45.46581],[10.19089,45.46663],[10.19111,45.4669],[10.19182,45.46792],[10.19211,45.46834],[10.19228,45.46873],[10.19239,45.46915],[10.19561,45.47432],[10.19187,45.47481],[10.19343,45.48049],[10.19477,45.48337],[10.1941,45.48341],[10.19394,45.48806],[10.19239,45.49066],[10.18357,45.49212],[10.17613,45.49338],[10.16909,45.49615]]]}},{"type":"Feature","id":"017073","properties":{"codice_istat":"017073","comune":"Gambara","capoluogo":false,"area_kmq":31.752},"geometry":{"type":"Polygon","coordinates":[[[10.33629,45.28727],[10.33419,45.28691],[10.3323,45.2849],[10.33196,45.28379],[10.32516,45.2839],[10.31357,45.28449],[10.31033,45.28473],[10.30895,45.28535],[10.30491,45.28191],[10.28952,45.2753],[10.27533,45.27385],[10.26634,45.27281],[10.26614,45.27264],[10.2619,45.26621],[10.26185,45.26547],[10.26169,45.26329],[10.26377,45.25736],[10.26355,45.25149],[10.26635,45.25079],[10.26775,45.24628],[10.26945,45.24173],[10.27829,45.23205],[10.28508,45.22873],[10.29068,45.22649],[10.29551,45.22536],[10.30553,45.22391],[10.30479,45.22768],[10.30478,45.22802],[10.30475,45.22919],[10.30588,45.22922],[10.30701,45.22914],[10.30797,45.22905],[10.30865,45.22896],[10.31087,45.22748],[10.3114,45.22669],[10.31392,45.22482],[10.31589,45.22899],[10.31613,45.22954],[10.31657,45.2308],[10.31666,45.23149],[10.31656,45.23206],[10.31427,45.23954],[10.31266,45.24203],[10.31061,45.24418],[10.30831,45.2487],[10.30818,45.25073],[10.30818,45.25095],[10.30817,45.25136],[10.30845,45.25143],[10.30882,45.25149],[10.32233,45.25132],[10.32588,45.25072],[10.3399,45.24759],[10.34322,45.24665],[10.348,45.24506],[10.34966,45.24355],[10.35355,45.24426],[10.35835,45.24518],[10.36196,45.2461],[10.3603,45.24756],[10.35596,45.25308],[10.35424,45.25663],[10.35409,45.26057],[10.34589,45.27447],[10.34603,45.27649],[10.34609,45.27751],[10.34508,45.28078],[10.34084,45.2842],[10.33725,45.28662],[10.33629,45.28727]]]}},{"type":"Feature","id":"017074","properties":{"codice_istat":"017074","comune":"Gardone Riviera","capoluogo":false,"area_kmq":21.466},"geometry":{"type":"Polygon","coordinates":[[[10.56659,45.65211],[10.5662,45.65917],[10.56529,45.66148],[10.56446,45.6634],[10.56158,45.66881],[10.56068,45.66967],[10.54767,45.6759],[10.54537,45.67682],[10.54336,45.67675],[10.53352,45.67542],[10.53193,45.67515],[10.53245,45.67496],[10.53271,45.67482],[10.53316,45.6745],[10.53351,45.67412],[10.53508,45.67088],[10.53349,45.65217],[10.53249,45.64753],[10.53613,45.64516],[10.54446,45.63916],[10.54794,45.63423],[10.54809,45.63191],[10.54692,45.63092],[10.54429,45.62573],[10.54647,45.62027],[10.5517,45.61791],[10.55921,45.61515],[10.57702,45.61282],[10.62847,45.60206],[10.63104,45.60951],[10.58523,45.62513],[10.58461,45.6262],[10.58349,45.62937],[10.57536,45.63918],[10.56814,45.64527],[10.56729,45.64708],[10.56659,45.65211]]]}},{"type":"Feature","id":"017075","properties":{"codice_istat":"017075","comune":"Gardone Val Trompia","capoluogo":false,"area_kmq":26.95},"geometry":{"type":"Polygon","coordinates":[[[10.19289,45.73592],[10.19219,45.73701],[10.19198,45.73733],[10.19173,45.73765],[10.19147,45.73786],[10.18795,45.74011],[10.18682,45.74066],[10.18414,45.74156],[10.1836,45.74168],[10.18315,45.74174],[10.18257,45.74154],[10.18219,45.74131],[10.1728,45.73382],[10.16709,45.7299],[10.16152,45.73212],[10.15817,45.72876],[10.16083,45.72768],[10.16119,45.72747],[10.16147,45.7271],[10.16245,45.72542],[10.16211,45.72526],[10.16075,45.72533],[10.15957,45.71929],[10.16198,45.7125],[10.15315,45.71275],[10.15073,45.70788],[10.14635,45.70192],[10.1424,45.69694],[10.14203,45.6965],[10.14166,45.69615],[10.14153,45.68524],[10.14138,45.68352],[10.14322,45.68245],[10.14624,45.68043],[10.14725,45.67888],[10.14761,45.67833],[10.14812,45.67814],[10.14882,45.6779],[10.14943,45.67769],[10.15337,45.67642],[10.15474,45.67604],[10.15905,45.67922],[10.16679,45.67566],[10.18397,45.67549],[10.19748,45.67486],[10.19859,45.67493],[10.19941,45.67499],[10.20028,45.6751],[10.20199,45.67582],[10.20238,45.67602],[10.20398,45.67697],[10.20659,45.6788],[10.20883,45.68073],[10.21144,45.6832],[10.20705,45.68629],[10.20068,45.69052],[10.1999,45.69365],[10.20261,45.69774],[10.20557,45.70398],[10.20527,45.70697],[10.20484,45.71399],[10.20875,45.71883],[10.20895,45.71928],[10.20924,45.72006],[10.20967,45.72232],[10.20972,45.72267],[10.2097,45.72306],[10.2094,45.72348],[10.20806,45.72451],[10.20775,45.72467],[10.20742,45.72483],[10.20705,45.72495],[10.20642,45.72505],[10.20601,45.72509],[10.19356,45.72423],[10.19318,45.73297],[10.19334,45.73327],[10.19334,45.73495],[10.19289,45.73592]]]}},{"type":"Feature","id":"017076","properties":{"codice_istat":"017076","comune":"Gargnano","capoluogo":false,"area_kmq":76.414},"geometry":{"type":"Polygon","coordinates":[[[10.64512,45.75117],[10.64163,45.75212],[10.63916,45.75077],[10.62524,45.74303],[10.62155,45.74158],[10.61792,45.74024],[10.61586,45.73949],[10.60475,45.73341],[10.59511,45.73246],[10.58175,45.7293],[10.57721,45.72779],[10.5725,45.72626],[10.57171,45.72611],[10.56967,45.72682],[10.5691,45.72703],[10.56845,45.7273],[10.56496,45.72887],[10.5642,45.72808],[10.56263,45.72668],[10.56196,45.72616],[10.55485,45.72141],[10.54701,45.71846],[10.54521,45.7158],[10.54365,45.71285],[10.54337,45.71245],[10.54295,45.71193],[10.54246,45.7115],[10.54184,45.71113],[10.53971,45.71013],[10.53902,45.70982],[10.53761,45.70938],[10.53703,45.70924],[10.53641,45.7091],[10.53522,45.70788],[10.53379,45.70617],[10.53439,45.70576],[10.53488,45.70548],[10.53716,45.70446],[10.54222,45.70242],[10.54486,45.7014],[10.54545,45.70118],[10.5474,45.70071],[10.55336,45.6986],[10.55696,45.6989],[10.5638,45.7001],[10.5698,45.70143],[10.57738,45.70143],[10.58452,45.70128],[10.59174,45.69888],[10.59252,45.69856],[10.60844,45.68721],[10.60843,45.68668],[10.60841,45.68561],[10.60849,45.68524],[10.60869,45.68501],[10.61116,45.68291],[10.61673,45.67965],[10.61952,45.67986],[10.62378,45.68091],[10.62744,45.68143],[10.62795,45.68143],[10.63035,45.68082],[10.63432,45.67878],[10.63553,45.67683],[10.64512,45.67054],[10.649,45.66954],[10.65574,45.66743],[10.6814,45.65472],[10.68949,45.66178],[10.69597,45.66742],[10.70201,45.67274],[10.70561,45.67641],[10.71225,45.68377],[10.71878,45.69135],[10.72753,45.70112],[10.70795,45.71227],[10.68803,45.72612],[10.68665,45.72607],[10.68423,45.72658],[10.67621,45.72959],[10.67379,45.7305],[10.67036,45.73232],[10.66686,45.73471],[10.65721,45.74318],[10.65331,45.74723],[10.64512,45.75117]]]}},{"type":"Feature","id":"017077","properties":{"codice_istat":"017077","comune":"Gavardo","capoluogo":false,"area_kmq":29.678},"geometry":{"type":"Polygon","coordinates":[[[10.44608,45.62543],[10.43676,45.62733],[10.43415,45.62767],[10.43248,45.62735],[10.43195,45.62725],[10.42636,45.62556],[10.41796,45.62207],[10.41723,45.61965],[10.41709,45.61574],[10.41878,45.61491],[10.4207,45.61267],[10.41928,45.60719],[10.41577,45.60612],[10.40549,45.6054],[10.40494,45.59845],[10.40158,45.59259],[10.40124,45.59197],[10.40026,45.58762],[10.40079,45.58257],[10.40383,45.58],[10.40528,45.57789],[10.4078,45.57305],[10.40989,45.569],[10.41173,45.56444],[10.41448,45.56536],[10.4278,45.56736],[10.4335,45.56032],[10.43373,45.55931],[10.43666,45.55691],[10.43983,45.55565],[10.4403,45.5555],[10.44076,45.55555],[10.44139,45.55568],[10.44182,45.55585],[10.44286,45.55895],[10.44337,45.56022],[10.44354,45.56052],[10.44361,45.56056],[10.44587,45.56152],[10.44789,45.56173],[10.44964,45.56221],[10.45202,45.56305],[10.45334,45.56395],[10.45405,45.56445],[10.4543,45.56471],[10.45455,45.56502],[10.45472,45.56534],[10.45475,45.56543],[10.45496,45.56614],[10.45511,45.56802],[10.45512,45.56841],[10.45497,45.56864],[10.4547,45.56888],[10.45433,45.56917],[10.45403,45.56942],[10.45385,45.56972],[10.45369,45.57022],[10.45373,45.5705],[10.45406,45.57096],[10.4549,45.5716],[10.45661,45.5726],[10.45666,45.57261],[10.45899,45.57322],[10.47823,45.57692],[10.4825,45.57703],[10.48253,45.57846],[10.48254,45.57881],[10.4826,45.57922],[10.48266,45.57958],[10.48276,45.57999],[10.48301,45.58055],[10.49123,45.58033],[10.49375,45.58213],[10.49501,45.58543],[10.49536,45.58752],[10.49557,45.5892],[10.49565,45.59032],[10.49574,45.5918],[10.49575,45.59357],[10.49403,45.5973],[10.49207,45.59861],[10.4911,45.59904],[10.48834,45.60016],[10.48475,45.60084],[10.48325,45.6011],[10.47755,45.60212],[10.4775,45.60084],[10.47726,45.59992],[10.47508,45.59739],[10.4582,45.59122],[10.4538,45.59179],[10.44497,45.5942],[10.44367,45.59457],[10.44259,45.59492],[10.44216,45.59527],[10.4396,45.59793],[10.43962,45.59818],[10.44011,45.59878],[10.44063,45.59919],[10.44067,45.59921],[10.44071,45.59923],[10.44334,45.60067],[10.44582,45.6018],[10.45116,45.60471],[10.45013,45.61153],[10.44931,45.61363],[10.44661,45.62332],[10.44608,45.62543]]]}},{"type":"Feature","id":"017078","properties":{"codice_istat":"017078","comune":"Ghedi","capoluogo":false,"area_kmq":60.765},"geometry":{"type":"Polygon","coordinates":[[[10.27002,45.45069],[10.26395,45.45079],[10.25071,45.4561],[10.25054,45.45647],[10.25035,45.45739],[10.25015,45.45883],[10.24779,45.46261],[10.24462,45.46141],[10.24633,45.45446],[10.24789,45.44854],[10.24979,45.44304],[10.25154,45.43801],[10.25232,45.43542],[10.2523,45.43516],[10.25193,45.4336],[10.25141,45.43163],[10.24959,45.42513],[10.24902,45.42318],[10.24737,45.42346],[10.24672,45.42361],[10.23708,45.42588],[10.23615,45.42612],[10.23516,45.42639],[10.23292,45.42723],[10.23372,45.42334],[10.23328,45.42154],[10.23289,45.42028],[10.23266,45.41987],[10.23207,45.41883],[10.23173,45.41824],[10.23149,45.41786],[10.23125,45.41748],[10.22852,45.41365],[10.22663,45.41256],[10.22438,45.41037],[10.22396,45.40927],[10.22191,45.40663],[10.22009,45.4031],[10.22431,45.40197],[10.22741,45.40131],[10.22762,45.40127],[10.23302,45.40014],[10.23756,45.39925],[10.24508,45.39763],[10.24577,45.38681],[10.25251,45.38313],[10.25426,45.37445],[10.25928,45.36258],[10.2689,45.36091],[10.26485,45.34811],[10.26426,45.34721],[10.26412,45.34583],[10.26449,45.34457],[10.26716,45.34289],[10.26758,45.3428],[10.26793,45.34282],[10.27122,45.34415],[10.27627,45.34785],[10.28128,45.35296],[10.28752,45.35035],[10.28781,45.35022],[10.28987,45.34924],[10.29181,45.34826],[10.29285,45.34002],[10.29516,45.3329],[10.29631,45.32801],[10.30591,45.32761],[10.31461,45.32599],[10.31415,45.32871],[10.31236,45.33407],[10.31103,45.33798],[10.30562,45.35049],[10.30006,45.36446],[10.3005,45.3659],[10.30975,45.37328],[10.31663,45.37971],[10.31693,45.38003],[10.31807,45.38227],[10.31836,45.38288],[10.31848,45.38336],[10.32064,45.39454],[10.32072,45.39507],[10.32066,45.39839],[10.32036,45.4005],[10.3169,45.40597],[10.31258,45.4174],[10.30886,45.43129],[10.30994,45.43756],[10.31016,45.44352],[10.30523,45.44677],[10.30303,45.44736],[10.28598,45.45101],[10.27002,45.45069]]]}},{"type":"Feature","id":"017079","properties":{"codice_istat":"017079","comune":"Gianico","capoluogo":false,"area_kmq":13.279},"geometry":{"type":"Polygon","coordinates":[[[10.16276,45.8698],[10.16119,45.87028],[10.1583,45.87156],[10.15644,45.86828],[10.156,45.86609],[10.15735,45.86515],[10.16123,45.86251],[10.16672,45.85956],[10.17277,45.85795],[10.19123,45.85379],[10.22355,45.84489],[10.2417,45.84347],[10.24252,45.84347],[10.24321,45.84346],[10.24373,45.84343],[10.24641,45.84324],[10.24676,45.84301],[10.253,45.83816],[10.25323,45.83792],[10.25339,45.83755],[10.25363,45.83688],[10.25373,45.83657],[10.25414,45.83507],[10.25718,45.83841],[10.25902,45.84003],[10.26159,45.84214],[10.26209,45.84236],[10.26458,45.8433],[10.27068,45.84554],[10.26983,45.84596],[10.2695,45.84615],[10.26879,45.8468],[10.26848,45.84715],[10.26574,45.85119],[10.26568,45.85154],[10.26571,45.8518],[10.26579,45.85202],[10.26598,45.85229],[10.26624,45.85257],[10.26657,45.85282],[10.26698,45.85299],[10.26729,45.85306],[10.2678,45.85312],[10.26828,45.85316],[10.2688,45.85332],[10.26913,45.85349],[10.26994,45.854],[10.27042,45.85439],[10.27103,45.85508],[10.2712,45.85532],[10.27126,45.85557],[10.27133,45.85593],[10.27139,45.85853],[10.2698,45.86317],[10.26742,45.86552],[10.25705,45.86845],[10.25536,45.86927],[10.25438,45.86976],[10.25213,45.87094],[10.25221,45.86639],[10.25227,45.86419],[10.25242,45.86258],[10.25273,45.86043],[10.25305,45.85909],[10.25361,45.85623],[10.25387,45.85487],[10.25255,45.84974],[10.25211,45.84932],[10.2517,45.84942],[10.25088,45.84973],[10.24775,45.8513],[10.22962,45.85412],[10.226,45.85682],[10.21875,45.86067],[10.21355,45.86219],[10.20777,45.86213],[10.202,45.86362],[10.19865,45.86522],[10.1973,45.86602],[10.19494,45.86684],[10.1923,45.86756],[10.1884,45.8683],[10.18287,45.8689],[10.175,45.86882],[10.16722,45.86914],[10.16554,45.86938],[10.16276,45.8698]]]}},{"type":"Feature","id":"017080","properties":{"codice_istat":"017080","comune":"Gottolengo","capoluogo":false,"area_kmq":29.305},"geometry":{"type":"Polygon","coordinates":[[[10.29285,45.34002],[10.29181,45.34826],[10.28987,45.34924],[10.28781,45.35022],[10.28752,45.35035],[10.28128,45.35296],[10.27627,45.34785],[10.27122,45.34415],[10.26793,45.34282],[10.26479,45.33047],[10.26418,45.32635],[10.26183,45.32466],[10.2486,45.31957],[10.24733,45.3191],[10.24699,45.31897],[10.24298,45.31387],[10.2429,45.31165],[10.24233,45.3037],[10.23816,45.29151],[10.23541,45.28736],[10.23963,45.2862],[10.24409,45.28315],[10.25365,45.27501],[10.25827,45.26794],[10.26016,45.26554],[10.26068,45.26548],[10.26111,45.26546],[10.26151,45.26545],[10.26185,45.26547],[10.2619,45.26621],[10.26614,45.27264],[10.26634,45.27281],[10.27533,45.27385],[10.28952,45.2753],[10.30491,45.28191],[10.30895,45.28535],[10.30946,45.28763],[10.30206,45.29121],[10.29896,45.29268],[10.29825,45.29406],[10.29843,45.30241],[10.29976,45.3062],[10.29924,45.311],[10.29914,45.31135],[10.29884,45.31205],[10.29391,45.31141],[10.28906,45.31182],[10.28615,45.3123],[10.28661,45.31971],[10.28795,45.32793],[10.29631,45.32801],[10.29516,45.3329],[10.29285,45.34002]]]}},{"type":"Feature","id":"017081","properties":{"codice_istat":"017081","comune":"Gussago","capoluogo":false,"area_kmq":25.093},"geometry":{"type":"Polygon","coordinates":[[[10.15513,45.63088],[10.1538,45.63372],[10.15322,45.63351],[10.14764,45.6314],[10.14629,45.63053],[10.14449,45.62662],[10.14316,45.62181],[10.14386,45.61945],[10.13971,45.61892],[10.13424,45.61169],[10.13052,45.60435],[10.12971,45.60257],[10.12927,45.59905],[10.12937,45.59688],[10.12973,45.59647],[10.1283,45.58759],[10.12798,45.57961],[10.12925,45.57707],[10.13021,45.57229],[10.13026,45.57199],[10.13036,45.57141],[10.12839,45.56993],[10.12832,45.56989],[10.12804,45.56972],[10.12768,45.56951],[10.12743,45.56938],[10.1271,45.56934],[10.12956,45.56678],[10.13048,45.56488],[10.13018,45.56219],[10.1301,45.56182],[10.12983,45.56134],[10.1324,45.55632],[10.14211,45.55324],[10.13896,45.55023],[10.15324,45.5486],[10.15997,45.55441],[10.16372,45.55746],[10.16612,45.56112],[10.16743,45.56846],[10.16588,45.57451],[10.16389,45.57543],[10.16306,45.57644],[10.16301,45.57991],[10.16309,45.5831],[10.16362,45.58375],[10.16756,45.5863],[10.17246,45.58903],[10.17644,45.59296],[10.17674,45.59501],[10.1777,45.59992],[10.17771,45.6028],[10.17749,45.60332],[10.17736,45.60361],[10.17716,45.60391],[10.17663,45.60457],[10.17592,45.60545],[10.1752,45.60612],[10.17411,45.60965],[10.17328,45.61274],[10.17281,45.61618],[10.17325,45.62064],[10.17315,45.62254],[10.17169,45.62541],[10.17135,45.62555],[10.16901,45.62694],[10.16834,45.62739],[10.16745,45.62815],[10.16689,45.62875],[10.16559,45.63024],[10.16524,45.63069],[10.16499,45.63102],[10.16418,45.62977],[10.16342,45.62865],[10.16313,45.62835],[10.16266,45.62786],[10.16231,45.62759],[10.15839,45.62553],[10.15815,45.62542],[10.15766,45.62534],[10.15624,45.62513],[10.15576,45.6251],[10.15327,45.62509],[10.15312,45.62613],[10.15325,45.62658],[10.15336,45.62696],[10.15348,45.62736],[10.15365,45.62789],[10.15379,45.62814],[10.15431,45.62893],[10.15449,45.62915],[10.15477,45.62941],[10.15497,45.62955],[10.15529,45.62979],[10.15542,45.63012],[10.15529,45.63051],[10.15513,45.63088]]]}},{"type":"Feature","id":"017082","properties":{"codice_istat":"017082","comune":"Idro","capoluogo":false,"area_kmq":22.679},"geometry":{"type":"Polygon","coordinates":[[[10.5311,45.80444],[10.52605,45.80561],[10.51995,45.80134],[10.51073,45.78637],[10.51334,45.77638],[10.5112,45.77169],[10.50343,45.76293],[10.48797,45.75376],[10.48391,45.75568],[10.48315,45.75607],[10.48121,45.75713],[10.48075,45.7574],[10.48026,45.75771],[10.47983,45.75801],[10.47956,45.75823],[10.47835,45.75986],[10.47695,45.76198],[10.4699,45.75666],[10.46775,45.75389],[10.46148,45.74606],[10.45407,45.73943],[10.44726,45.73546],[10.4463,45.73571],[10.44597,45.73541],[10.44576,45.7352],[10.44512,45.73445],[10.44352,45.73251],[10.44336,45.7322],[10.44327,45.73184],[10.44321,45.73158],[10.44315,45.73123],[10.44318,45.73043],[10.44961,45.7299],[10.4567,45.72511],[10.46044,45.7229],[10.46497,45.72117],[10.47052,45.72004],[10.47154,45.72098],[10.47274,45.72224],[10.47449,45.72406],[10.47481,45.72439],[10.47519,45.7247],[10.47873,45.72589],[10.48178,45.72613],[10.48568,45.72624],[10.49469,45.72843],[10.50876,45.73246],[10.51391,45.73236],[10.51206,45.73495],[10.51025,45.73667],[10.50295,45.74318],[10.50176,45.75224],[10.50215,45.75259],[10.5068,45.75609],[10.50748,45.7563],[10.50823,45.75648],[10.50891,45.75662],[10.50977,45.75677],[10.51127,45.75702],[10.51214,45.75728],[10.51601,45.75855],[10.52006,45.76024],[10.52065,45.76069],[10.52169,45.7615],[10.52205,45.76188],[10.52778,45.76791],[10.5306,45.77109],[10.53149,45.77198],[10.53183,45.77231],[10.53305,45.77353],[10.5383,45.77513],[10.54712,45.77437],[10.55007,45.77579],[10.55159,45.77667],[10.55078,45.77812],[10.55005,45.77934],[10.54884,45.7811],[10.54819,45.78195],[10.54542,45.78466],[10.53842,45.78552],[10.53806,45.78559],[10.5378,45.78563],[10.53603,45.78646],[10.53298,45.78796],[10.5329,45.78859],[10.53367,45.80065],[10.5311,45.80444]]]}},{"type":"Feature","id":"017083","properties":{"codice_istat":"017083","comune":"Incudine","capoluogo":false,"area_kmq":19.44},"geometry":{"type":"Polygon","coordinates":[[[10.37427,46.23255],[10.37058,46.24149],[10.37067,46.24576],[10.3646,46.25348],[10.35611,46.26126],[10.3491,46.27487],[10.34438,46.27838],[10.34081,46.27917],[10.33923,46.27705],[10.33871,46.27569],[10.33826,46.27439],[10.33816,46.27398],[10.33779,46.27036],[10.338,46.26982],[10.34223,46.26572],[10.34311,46.26166],[10.34311,46.25229],[10.34255,46.24468],[10.34248,46.24393],[10.34243,46.24311],[10.3425,46.2421],[10.34293,46.2373],[10.34356,46.23189],[10.344,46.22923],[10.3441,46.22888],[10.34421,46.22861],[10.34464,46.22783],[10.34487,46.2275],[10.34502,46.22729],[10.34624,46.22587],[10.34704,46.22508],[10.34732,46.22482],[10.34791,46.22432],[10.34929,46.22339],[10.35089,46.22233],[10.35294,46.21881],[10.35232,46.21582],[10.3513,46.21125],[10.34873,46.20409],[10.34969,46.20514],[10.34999,46.20532],[10.35047,46.20548],[10.35106,46.2055],[10.35179,46.20546],[10.35382,46.20512],[10.3758,46.19747],[10.39247,46.19145],[10.39804,46.19598],[10.39949,46.19841],[10.39835,46.19967],[10.39552,46.20301],[10.39574,46.20467],[10.39533,46.20711],[10.39475,46.20992],[10.39392,46.21231],[10.38831,46.22033],[10.38766,46.22048],[10.38632,46.22116],[10.38549,46.22163],[10.38496,46.22208],[10.38418,46.22275],[10.38233,46.22436],[10.38187,46.22477],[10.38037,46.22624],[10.37985,46.22676],[10.37427,46.23255]]]}},{"type":"Feature","id":"017084","properties":{"codice_istat":"017084","comune":"Irma","capoluogo":false,"area_kmq":4.971},"geometry":{"type":"Polygon","coordinates":[[[10.31918,45.78575],[10.3122,45.78694],[10.30811,45.78666],[10.30356,45.78607],[10.3028,45.78596],[10.30201,45.78576],[10.30028,45.78525],[10.29855,45.78473],[10.29509,45.78342],[10.2946,45.78322],[10.29453,45.7832],[10.29404,45.78298],[10.28901,45.7801],[10.2861,45.77736],[10.28488,45.776],[10.28443,45.7754],[10.28429,45.77517],[10.28052,45.76912],[10.28037,45.76873],[10.28032,45.76832],[10.28041,45.76773],[10.28055,45.76746],[10.28168,45.76689],[10.2832,45.76602],[10.28381,45.76562],[10.28619,45.76386],[10.28662,45.76344],[10.2869,45.76304],[10.28695,45.7628],[10.28707,45.76204],[10.29067,45.76223],[10.29131,45.76232],[10.29259,45.76255],[10.29287,45.76264],[10.2932,45.76273],[10.29361,45.76291],[10.29417,45.7632],[10.29468,45.7635],[10.29549,45.76404],[10.30154,45.76641],[10.30528,45.76691],[10.30991,45.7674],[10.31161,45.76749],[10.31181,45.76772],[10.3128,45.76891],[10.31308,45.76934],[10.31328,45.76978],[10.31345,45.77037],[10.3136,45.77095],[10.31456,45.77479],[10.31485,45.77668],[10.31377,45.77748],[10.31253,45.77889],[10.3122,45.77957],[10.31182,45.78045],[10.31188,45.78073],[10.3121,45.78102],[10.31495,45.78325],[10.31918,45.78575]]]}},{"type":"Feature","id":"017085","properties":{"codice_istat":"017085","comune":"Iseo","capoluogo":false,"area_kmq":28.307},"geometry":{"type":"Polygon","coordinates":[[[10.10144,45.65932],[10.10584,45.66032],[10.10126,45.66599],[10.0941,45.67024],[10.08112,45.67889],[10.08096,45.67908],[10.08053,45.68024],[10.08049,45.68091],[10.08049,45.68097],[10.08075,45.68915],[10.06551,45.68929],[10.0654,45.68833],[10.06494,45.68658],[10.064,45.68417],[10.06367,45.68353],[10.06316,45.68283],[10.06269,45.68239],[10.0622,45.68199],[10.06107,45.68119],[10.05957,45.6803],[10.05874,45.67981],[10.05742,45.67914],[10.05606,45.67853],[10.05563,45.67834],[10.05455,45.67792],[10.04941,45.67594],[10.04672,45.6753],[10.04437,45.67494],[10.02773,45.67388],[10.025,45.67377],[10.00613,45.67264],[9.99983,45.67211],[9.98382,45.66928],[9.97513,45.66743],[9.97402,45.66703],[9.97322,45.66651],[9.97697,45.66269],[9.97701,45.66265],[9.97708,45.66258],[9.97757,45.66198],[9.97981,45.65792],[9.97888,45.65375],[9.97879,45.6535],[9.97863,45.65332],[9.97758,45.6527],[9.98014,45.65026],[9.98246,45.65101],[9.98856,45.65153],[9.99269,45.6516],[10.0103,45.64736],[10.0141,45.64472],[10.01757,45.6444],[10.02565,45.64479],[10.02652,45.64715],[10.03001,45.6489],[10.03355,45.65042],[10.04045,45.64881],[10.04213,45.64767],[10.04225,45.64715],[10.04236,45.6465],[10.04264,45.64595],[10.04375,45.64575],[10.04687,45.64521],[10.05357,45.64522],[10.05808,45.64546],[10.06109,45.6471],[10.06815,45.64924],[10.08008,45.65075],[10.08305,45.65077],[10.08502,45.65149],[10.09189,45.6543],[10.09519,45.6563],[10.09978,45.65861],[10.10144,45.65932]]]}},{"type":"Feature","id":"017086","properties":{"codice_istat":"017086","comune":"Isorella","capoluogo":false,"area_kmq":15.286},"geometry":{"type":"Polygon","coordinates":[[[10.31415,45.32871],[10.31461,45.32599],[10.30591,45.32761],[10.29631,45.32801],[10.28795,45.32793],[10.28661,45.31971],[10.28615,45.3123],[10.28906,45.31182],[10.29391,45.31141],[10.29884,45.31205],[10.29914,45.31135],[10.29924,45.311],[10.29976,45.3062],[10.29843,45.30241],[10.29825,45.29406],[10.29896,45.29268],[10.30206,45.29121],[10.30946,45.28763],[10.30895,45.28535],[10.31033,45.28473],[10.31357,45.28449],[10.32516,45.2839],[10.33196,45.28379],[10.3323,45.2849],[10.33419,45.28691],[10.33629,45.28727],[10.33725,45.28662],[10.33639,45.28845],[10.33661,45.29275],[10.3367,45.29337],[10.33688,45.29368],[10.33753,45.29469],[10.34171,45.30203],[10.33931,45.30245],[10.33935,45.30322],[10.33941,45.30423],[10.3395,45.30517],[10.34032,45.31343],[10.34108,45.31795],[10.34195,45.31935],[10.33621,45.3214],[10.32552,45.3232],[10.31583,45.32576],[10.31415,45.32871]]]}},{"type":"Feature","id":"017087","properties":{"codice_istat":"017087","comune":"Lavenone","capoluogo":false,"area_kmq":31.644},"geometry":{"type":"Polygon","coordinates":[[[10.40235,45.80191],[10.39906,45.80145],[10.3871,45.79623],[10.38683,45.79608],[10.38464,45.7947],[10.38345,45.7935],[10.3819,45.79177],[10.38159,45.79113],[10.38527,45.79058],[10.39419,45.78873],[10.39467,45.78861],[10.39541,45.78832],[10.39633,45.78794],[10.39704,45.78756],[10.39761,45.78722],[10.39801,45.78691],[10.39825,45.78645],[10.40121,45.77239],[10.39972,45.76908],[10.39542,45.76192],[10.39513,45.76142],[10.39436,45.75995],[10.39477,45.75901],[10.39744,45.75313],[10.39769,45.75287],[10.39821,45.75243],[10.39846,45.75225],[10.39964,45.75151],[10.40093,45.75077],[10.40244,45.74991],[10.40309,45.74984],[10.40828,45.75003],[10.41284,45.74814],[10.41904,45.74379],[10.42182,45.74158],[10.42318,45.73908],[10.42302,45.73683],[10.42238,45.73316],[10.42006,45.73142],[10.42523,45.72511],[10.42761,45.72362],[10.43205,45.723],[10.43552,45.72171],[10.44318,45.73043],[10.44315,45.73123],[10.44321,45.73158],[10.44327,45.73184],[10.44336,45.7322],[10.44352,45.73251],[10.44512,45.73445],[10.44576,45.7352],[10.44597,45.73541],[10.4463,45.73571],[10.44726,45.73546],[10.45407,45.73943],[10.46148,45.74606],[10.46775,45.75389],[10.4699,45.75666],[10.47695,45.76198],[10.47366,45.76671],[10.46881,45.76958],[10.4681,45.77],[10.46752,45.7702],[10.46672,45.77043],[10.46557,45.77072],[10.46475,45.7709],[10.46392,45.77106],[10.46301,45.77123],[10.46001,45.77166],[10.45936,45.7717],[10.45864,45.77168],[10.45474,45.7715],[10.45096,45.7707],[10.44384,45.77187],[10.4422,45.77265],[10.44179,45.77289],[10.44118,45.77334],[10.44096,45.77358],[10.44076,45.77382],[10.4406,45.77408],[10.44058,45.77433],[10.44077,45.77455],[10.44362,45.77948],[10.4438,45.77985],[10.4439,45.78035],[10.44431,45.78464],[10.44338,45.78531],[10.44195,45.78634],[10.44068,45.78665],[10.4391,45.78717],[10.4383,45.7876],[10.43745,45.7917],[10.4383,45.79647],[10.4327,45.79744],[10.41011,45.80079],[10.40478,45.80123],[10.40235,45.80191]]]}},{"type":"Feature","id":"017088","properties":{"codice_istat":"017088","comune":"Leno","capoluogo":false,"area_kmq":58.707},"geometry":{"type":"Polygon","coordinates":[[[10.22191,45.40663],[10.22396,45.40927],[10.22061,45.41007],[10.21968,45.41028],[10.21882,45.41011],[10.21849,45.40984],[10.21794,45.40936],[10.21751,45.40894],[10.21467,45.40643],[10.21264,45.40469],[10.20525,45.40619],[10.20139,45.40832],[10.19744,45.41],[10.19178,45.40835],[10.18933,45.40277],[10.18761,45.39937],[10.18574,45.39804],[10.17399,45.39441],[10.16422,45.39196],[10.1634,45.39118],[10.16403,45.3892],[10.16591,45.38727],[10.16884,45.38634],[10.17537,45.38071],[10.17575,45.37508],[10.17526,45.3745],[10.17475,45.37383],[10.17434,45.3731],[10.1734,45.37138],[10.17296,45.37049],[10.17291,45.37038],[10.17178,45.36809],[10.17185,45.36639],[10.17453,45.35946],[10.17678,45.3515],[10.18026,45.33768],[10.17991,45.33619],[10.17953,45.33601],[10.17923,45.33577],[10.17916,45.3357],[10.17893,45.33549],[10.17885,45.33534],[10.1788,45.33525],[10.17872,45.33498],[10.17871,45.33471],[10.1794,45.3326],[10.17961,45.33229],[10.18002,45.33204],[10.18205,45.33124],[10.18249,45.33108],[10.18313,45.33099],[10.19671,45.32935],[10.19748,45.327],[10.19715,45.32589],[10.19655,45.32425],[10.19457,45.32356],[10.19409,45.32373],[10.19363,45.32373],[10.19328,45.32356],[10.19317,45.32328],[10.1935,45.32289],[10.19733,45.32061],[10.1981,45.32034],[10.1986,45.32021],[10.20048,45.3198],[10.20099,45.31975],[10.202,45.32008],[10.20299,45.32049],[10.20411,45.32155],[10.2038,45.32322],[10.20379,45.32362],[10.20556,45.32407],[10.20738,45.32453],[10.20868,45.32452],[10.20897,45.3245],[10.21394,45.32389],[10.21409,45.32386],[10.21767,45.32306],[10.22695,45.31628],[10.23871,45.31288],[10.2429,45.31165],[10.24298,45.31387],[10.24699,45.31897],[10.24733,45.3191],[10.2486,45.31957],[10.26183,45.32466],[10.26418,45.32635],[10.26479,45.33047],[10.26793,45.34282],[10.26758,45.3428],[10.26716,45.34289],[10.26449,45.34457],[10.26412,45.34583],[10.26426,45.34721],[10.26485,45.34811],[10.2689,45.36091],[10.25928,45.36258],[10.25426,45.37445],[10.25251,45.38313],[10.24577,45.38681],[10.24508,45.39763],[10.23756,45.39925],[10.23302,45.40014],[10.22762,45.40127],[10.22741,45.40131],[10.22431,45.40197],[10.22009,45.4031],[10.22191,45.40663]]]}},{"type":"Feature","id":"017089","properties":{"codice_istat":"017089","comune":"Limone sul Garda","capoluogo":false,"area_kmq":23.11},"geometry":{"type":"Polygon","coordinates":[[[10.77814,45.8426],[10.7772,45.84303],[10.77657,45.84304],[10.77463,45.84308],[10.77263,45.84291],[10.7712,45.84272],[10.77055,45.84263],[10.76962,45.84238],[10.76787,45.8419],[10.76542,45.84108],[10.7648,45.84085],[10.7642,45.8406],[10.76306,45.83996],[10.76034,45.83764],[10.76004,45.83715],[10.75984,45.83663],[10.75963,45.83582],[10.75635,45.83003],[10.75595,45.82996],[10.75586,45.82983],[10.75506,45.82822],[10.75477,45.82383],[10.75483,45.82219],[10.755,45.82013],[10.75522,45.81814],[10.75697,45.81321],[10.76786,45.805],[10.77289,45.8027],[10.77704,45.8008],[10.78271,45.79976],[10.783,45.79987],[10.78315,45.79987],[10.78366,45.79985],[10.80812,45.79656],[10.80874,45.79732],[10.80959,45.79836],[10.81473,45.80399],[10.81478,45.80404],[10.81487,45.80411],[10.81536,45.80443],[10.81553,45.80455],[10.81627,45.80504],[10.81932,45.80707],[10.825,45.81025],[10.8266,45.81093],[10.827,45.8111],[10.83026,45.81343],[10.83247,45.81557],[10.83351,45.8168],[10.83455,45.81819],[10.83811,45.82702],[10.83833,45.82758],[10.83861,45.82836],[10.83955,45.83105],[10.83986,45.83194],[10.84002,45.83239],[10.84015,45.83276],[10.83992,45.83284],[10.83937,45.83304],[10.83873,45.83326],[10.83733,45.83375],[10.82586,45.83769],[10.82553,45.83773],[10.82539,45.83774],[10.82507,45.8377],[10.82412,45.83755],[10.82289,45.83735],[10.82027,45.83688],[10.80401,45.83446],[10.80358,45.83441],[10.8033,45.83444],[10.80186,45.83463],[10.8008,45.83482],[10.79954,45.83555],[10.79889,45.83597],[10.79878,45.83604],[10.79568,45.83577],[10.79221,45.83363],[10.79121,45.83346],[10.78865,45.83436],[10.78381,45.83646],[10.78197,45.83798],[10.78026,45.84023],[10.77814,45.8426]]]}},{"type":"Feature","id":"017090","properties":{"codice_istat":"017090","comune":"Lodrino","capoluogo":false,"area_kmq":16.091},"geometry":{"type":"Polygon","coordinates":[[[10.25332,45.73693],[10.25141,45.73883],[10.25014,45.73834],[10.24589,45.73519],[10.24634,45.7293],[10.24639,45.72807],[10.24656,45.72439],[10.24749,45.71656],[10.24407,45.70884],[10.24231,45.70659],[10.24476,45.69979],[10.24795,45.70007],[10.24934,45.70017],[10.25188,45.70006],[10.25278,45.69998],[10.25351,45.69984],[10.25403,45.69972],[10.26633,45.69656],[10.26694,45.69562],[10.26712,45.6952],[10.26735,45.69464],[10.26798,45.69298],[10.26856,45.68946],[10.26888,45.6897],[10.26952,45.68995],[10.27154,45.69065],[10.27251,45.69093],[10.27304,45.69107],[10.27584,45.69164],[10.27645,45.69156],[10.27691,45.69148],[10.28443,45.6951],[10.29219,45.70183],[10.29516,45.70546],[10.30004,45.71224],[10.30209,45.71791],[10.29775,45.72493],[10.29644,45.7303],[10.29498,45.72983],[10.28733,45.72745],[10.28685,45.72741],[10.28606,45.72759],[10.28444,45.72819],[10.28092,45.73012],[10.2717,45.73187],[10.27109,45.73173],[10.27042,45.73167],[10.26986,45.73171],[10.26263,45.73369],[10.26147,45.73401],[10.25953,45.73456],[10.25914,45.7347],[10.25332,45.73693]]]}},{"type":"Feature","id":"017091","properties":{"codice_istat":"017091","comune":"Lograto","capoluogo":false,"area_kmq":12.578},"geometry":{"type":"Polygon","coordinates":[[[10.05968,45.50774],[10.05471,45.50814],[10.05165,45.50831],[10.05114,45.50676],[10.05104,45.5065],[10.04926,45.50543],[10.04742,45.50457],[10.04707,45.50462],[10.04644,45.50465],[10.04622,45.5043],[10.04455,45.50026],[10.04441,45.49986],[10.04429,45.49955],[10.04386,45.49673],[10.04352,45.49396],[10.04486,45.49342],[10.04607,45.49142],[10.04586,45.48654],[10.05137,45.47937],[10.05512,45.47133],[10.05701,45.46621],[10.05781,45.46573],[10.05953,45.46478],[10.06597,45.46162],[10.07203,45.46666],[10.07414,45.47649],[10.077,45.47884],[10.08679,45.48408],[10.08835,45.48356],[10.08827,45.48297],[10.08818,45.48248],[10.08799,45.48176],[10.08701,45.47836],[10.08915,45.47716],[10.09257,45.47719],[10.09206,45.4789],[10.09392,45.48223],[10.09323,45.483],[10.09325,45.48324],[10.0935,45.48358],[10.09744,45.48677],[10.10356,45.48536],[10.10626,45.49024],[10.09712,45.49623],[10.09372,45.49792],[10.09236,45.49843],[10.08806,45.49962],[10.08705,45.49909],[10.08661,45.49888],[10.08572,45.49846],[10.08043,45.49598],[10.0781,45.4967],[10.07116,45.4993],[10.06969,45.50074],[10.06325,45.5056],[10.05968,45.50774]]]}},{"type":"Feature","id":"017092","properties":{"codice_istat":"017092","comune":"Lonato del Garda","capoluogo":false,"area_kmq":68.498},"geometry":{"type":"Polygon","coordinates":[[[10.47571,45.50635],[10.47521,45.50644],[10.47475,45.50651],[10.46411,45.50684],[10.46199,45.50394],[10.45523,45.49565],[10.4501,45.49217],[10.44726,45.48977],[10.44696,45.48951],[10.4468,45.48936],[10.44656,45.48913],[10.44619,45.48863],[10.44569,45.48792],[10.44509,45.48694],[10.44447,45.48578],[10.44426,45.48537],[10.44409,45.48502],[10.44379,45.4844],[10.44232,45.48009],[10.44158,45.47778],[10.44129,45.47679],[10.44091,45.4755],[10.44082,45.47521],[10.44038,45.47333],[10.44022,45.47267],[10.44029,45.47107],[10.44207,45.47042],[10.44214,45.47037],[10.44234,45.4702],[10.44268,45.46987],[10.44287,45.4696],[10.44309,45.46919],[10.44319,45.46861],[10.44505,45.45138],[10.44497,45.43881],[10.44503,45.43829],[10.44525,45.43779],[10.44573,45.43719],[10.44773,45.43525],[10.44857,45.4345],[10.45061,45.43317],[10.45438,45.43108],[10.45498,45.43075],[10.45542,45.43061],[10.45629,45.43048],[10.45277,45.42182],[10.45119,45.4186],[10.45297,45.41668],[10.45341,45.41634],[10.45363,45.41618],[10.45435,45.4158],[10.45509,45.41561],[10.45622,45.41549],[10.48118,45.41398],[10.49258,45.41434],[10.49286,45.41449],[10.49338,45.41475],[10.49349,45.41481],[10.494,45.41502],[10.49894,45.41459],[10.5001,45.4144],[10.51144,45.41227],[10.51559,45.41056],[10.51769,45.40956],[10.51831,45.40924],[10.51922,45.40876],[10.52046,45.40809],[10.52398,45.40564],[10.52751,45.40287],[10.53234,45.39815],[10.54113,45.39109],[10.54341,45.38972],[10.54666,45.38692],[10.54811,45.38584],[10.54975,45.38593],[10.55116,45.38624],[10.55293,45.38678],[10.5542,45.38723],[10.55587,45.388],[10.56583,45.38733],[10.57586,45.38244],[10.57999,45.38115],[10.58207,45.38224],[10.58317,45.38277],[10.58536,45.38364],[10.59077,45.3849],[10.59222,45.38508],[10.59797,45.38732],[10.60014,45.38949],[10.60215,45.39197],[10.60139,45.39411],[10.60129,45.39439],[10.60111,45.39472],[10.60085,45.39512],[10.6006,45.3953],[10.60024,45.39548],[10.59975,45.3957],[10.59925,45.39591],[10.59765,45.39648],[10.59706,45.39654],[10.59594,45.39641],[10.59539,45.39632],[10.59467,45.39612],[10.59405,45.3959],[10.59362,45.39574],[10.59329,45.39548],[10.59075,45.39706],[10.59157,45.3995],[10.5903,45.399],[10.59,45.39889],[10.58955,45.39876],[10.58114,45.39697],[10.58045,45.39683],[10.57972,45.39669],[10.57903,45.39661],[10.57854,45.39658],[10.57703,45.39657],[10.57565,45.39684],[10.56977,45.39994],[10.56957,45.40005],[10.56939,45.40016],[10.56825,45.40086],[10.56752,45.40135],[10.56534,45.40424],[10.56266,45.40792],[10.56227,45.40847],[10.56211,45.40892],[10.5621,45.40922],[10.56218,45.40971],[10.56245,45.41126],[10.56251,45.41153],[10.56261,45.41176],[10.56303,45.41217],[10.55986,45.4201],[10.55143,45.42782],[10.53982,45.43561],[10.53257,45.44027],[10.52617,45.44057],[10.52165,45.44078],[10.52041,45.44083],[10.51566,45.44117],[10.51142,45.45047],[10.51228,45.4523],[10.51413,45.45695],[10.51327,45.45848],[10.5124,45.45957],[10.51074,45.46121],[10.50984,45.46199],[10.50862,45.46267],[10.50806,45.46293],[10.50744,45.46312],[10.50589,45.46376],[10.50418,45.46457],[10.50366,45.46489],[10.50217,45.46769],[10.50211,45.46804],[10.50209,45.46897],[10.50234,45.46994],[10.50263,45.47102],[10.50277,45.47135],[10.5032,45.47224],[10.50353,45.4726],[10.504,45.4729],[10.50482,45.47333],[10.50643,45.47323],[10.50883,45.47318],[10.50973,45.47366],[10.51813,45.48173],[10.5193,45.48289],[10.51967,45.48336],[10.5197,45.4834],[10.52066,45.48754],[10.52072,45.48844],[10.52082,45.49015],[10.52077,45.49227],[10.51665,45.49023],[10.50727,45.48945],[10.50424,45.48938],[10.49437,45.49274],[10.48307,45.49545],[10.4836,45.49856],[10.48011,45.50348],[10.47823,45.50556],[10.47795,45.50569],[10.47571,45.50635]]]}},{"type":"Feature","id":"017093","properties":{"codice_istat":"017093","comune":"Longhena","capoluogo":false,"area_kmq":3.642},"geometry":{"type":"Polygon","coordinates":[[[10.06098,45.44453],[10.05621,45.44504],[10.04771,45.44199],[10.04637,45.43932],[10.04863,45.43735],[10.05036,45.43044],[10.0513,45.42858],[10.05272,45.4261],[10.05582,45.4235],[10.05847,45.42294],[10.06152,45.42482],[10.06547,45.42516],[10.06972,45.42773],[10.0722,45.43024],[10.07193,45.43282],[10.07258,45.43515],[10.06921,45.44432],[10.06676,45.44512],[10.06613,45.44502],[10.06566,45.44443],[10.06288,45.44437],[10.06098,45.44453]]]}},{"type":"Feature","id":"017094","properties":{"codice_istat":"017094","comune":"Losine","capoluogo":false,"area_kmq":6.328},"geometry":{"type":"Polygon","coordinates":[[[10.32324,45.99449],[10.31458,45.9937],[10.30405,45.98896],[10.29775,45.98274],[10.28835,45.9753],[10.28615,45.97202],[10.28312,45.97016],[10.28833,45.96565],[10.29237,45.96716],[10.29424,45.96618],[10.29461,45.96599],[10.29737,45.96497],[10.30281,45.96481],[10.30511,45.96604],[10.30775,45.96824],[10.31444,45.97204],[10.3161,45.97168],[10.32204,45.98114],[10.33483,45.99335],[10.32324,45.99449]]]}},{"type":"Feature","id":"017095","properties":{"codice_istat":"017095","comune":"Lozio","capoluogo":false,"area_kmq":24.003},"geometry":{"type":"Polygon","coordinates":[[[10.27247,46.02183],[10.27107,46.02236],[10.26673,46.02162],[10.26221,46.02076],[10.26136,46.01778],[10.25649,46.01417],[10.25558,46.01351],[10.25381,46.01243],[10.25343,46.01223],[10.25292,46.01203],[10.25008,46.01106],[10.24785,46.01132],[10.24568,46.01164],[10.24243,46.0115],[10.237,46.01119],[10.22958,46.01042],[10.22734,46.01015],[10.22161,46.0094],[10.2062,46.00744],[10.20498,46.00703],[10.20003,46.00519],[10.19769,46.00399],[10.19456,46.00212],[10.19277,46.00082],[10.19272,46.00077],[10.19264,46.00029],[10.19278,45.99948],[10.1933,45.99922],[10.19365,45.99909],[10.19416,45.99895],[10.19465,45.99886],[10.19563,45.99869],[10.19756,45.99841],[10.19813,45.99833],[10.20019,45.99807],[10.20066,45.99806],[10.20103,45.99809],[10.20351,45.99832],[10.20468,45.99924],[10.20858,45.99812],[10.21263,45.99559],[10.21301,45.99523],[10.2132,45.99502],[10.21335,45.99477],[10.21344,45.9945],[10.21354,45.99408],[10.21355,45.99387],[10.21356,45.99367],[10.21341,45.99336],[10.2132,45.9931],[10.21064,45.99288],[10.20911,45.99337],[10.20635,45.99336],[10.20593,45.98616],[10.20593,45.98585],[10.20644,45.98538],[10.20914,45.98335],[10.217,45.98154],[10.22145,45.98059],[10.22218,45.98049],[10.22276,45.98061],[10.24013,45.98014],[10.24514,45.97972],[10.2467,45.97914],[10.25159,45.9753],[10.25387,45.97256],[10.25446,45.97182],[10.25466,45.97153],[10.25701,45.97143],[10.25795,45.97145],[10.26463,45.97174],[10.26754,45.97239],[10.27425,45.97451],[10.27791,45.98165],[10.28199,45.98784],[10.28761,45.99837],[10.28752,46.00332],[10.28501,46.00704],[10.2786,46.01821],[10.27697,46.01985],[10.27247,46.02183]]]}},{"type":"Feature","id":"017096","properties":{"codice_istat":"017096","comune":"Lumezzane","capoluogo":false,"area_kmq":31.445},"geometry":{"type":"Polygon","coordinates":[[[10.25201,45.68025],[10.24627,45.6801],[10.24154,45.67988],[10.24109,45.67979],[10.2406,45.67963],[10.23985,45.67933],[10.2377,45.67844],[10.23458,45.67633],[10.22511,45.66026],[10.22331,45.65635],[10.22458,45.65224],[10.22804,45.64985],[10.2286,45.64983],[10.229,45.64973],[10.22947,45.64956],[10.22982,45.64943],[10.23029,45.64913],[10.23161,45.64577],[10.23205,45.64464],[10.23203,45.63725],[10.23327,45.63595],[10.23923,45.63112],[10.24308,45.62812],[10.24825,45.62698],[10.25294,45.62687],[10.25359,45.62677],[10.25413,45.6266],[10.25446,45.62641],[10.25477,45.62616],[10.2549,45.62594],[10.25532,45.62416],[10.25852,45.62442],[10.26815,45.62383],[10.272,45.62203],[10.27814,45.62023],[10.28168,45.62229],[10.28392,45.62289],[10.28451,45.623],[10.28512,45.62293],[10.28611,45.62278],[10.2873,45.62308],[10.29082,45.62552],[10.29445,45.62954],[10.30042,45.63282],[10.30081,45.63297],[10.30317,45.63386],[10.31601,45.63756],[10.32202,45.6388],[10.32145,45.64369],[10.31819,45.64626],[10.31772,45.64753],[10.31807,45.64926],[10.31913,45.65066],[10.32098,45.65307],[10.32088,45.6537],[10.32053,45.65504],[10.3204,45.65534],[10.31944,45.65689],[10.31822,45.65843],[10.31801,45.65869],[10.31132,45.66349],[10.31105,45.66368],[10.31069,45.6639],[10.31035,45.66408],[10.3101,45.66419],[10.30973,45.66434],[10.30593,45.6652],[10.30311,45.66487],[10.29842,45.66349],[10.29609,45.66161],[10.29583,45.66143],[10.2953,45.6612],[10.29475,45.66103],[10.29419,45.66092],[10.29352,45.66085],[10.29304,45.66084],[10.29265,45.66088],[10.29152,45.66111],[10.28774,45.66193],[10.28701,45.66213],[10.28622,45.66241],[10.28541,45.66275],[10.27142,45.66672],[10.26565,45.66833],[10.26331,45.66923],[10.26279,45.66944],[10.25779,45.67158],[10.25594,45.67247],[10.25543,45.67276],[10.25504,45.673],[10.25468,45.67333],[10.25342,45.67494],[10.25241,45.67658],[10.25155,45.67834],[10.25154,45.67869],[10.25154,45.67908],[10.25164,45.67938],[10.25185,45.67969],[10.25225,45.68007],[10.25201,45.68025]]]}},{"type":"Feature","id":"017097","properties":{"codice_istat":"017097","comune":"Maclodio","capoluogo":false,"area_kmq":4.953},"geometry":{"type":"Polygon","coordinates":[[[10.03141,45.49894],[10.02725,45.49898],[10.0244,45.49798],[10.02352,45.49498],[10.02533,45.49244],[10.02951,45.4819],[10.03458,45.47295],[10.03508,45.46914],[10.0447,45.46661],[10.04894,45.46553],[10.05745,45.46489],[10.05701,45.46621],[10.05512,45.47133],[10.05137,45.47937],[10.04586,45.48654],[10.04607,45.49142],[10.04486,45.49342],[10.04352,45.49396],[10.04338,45.49417],[10.04323,45.49439],[10.04303,45.49457],[10.04281,45.49475],[10.04254,45.49492],[10.04209,45.49508],[10.04166,45.49516],[10.04122,45.49514],[10.04094,45.49503],[10.03804,45.49249],[10.0364,45.49053],[10.03404,45.49064],[10.03209,45.49408],[10.03193,45.49464],[10.03172,45.49599],[10.03141,45.49894]]]}},{"type":"Feature","id":"017098","properties":{"codice_istat":"017098","comune":"Magasa","capoluogo":false,"area_kmq":19.307},"geometry":{"type":"Polygon","coordinates":[[[10.64141,45.80189],[10.63515,45.80667],[10.63219,45.80612],[10.6235,45.80603],[10.61143,45.80516],[10.60174,45.80312],[10.59933,45.80144],[10.59768,45.79974],[10.60194,45.79815],[10.60875,45.79858],[10.61298,45.79579],[10.61326,45.79445],[10.61257,45.79016],[10.6115,45.78772],[10.60456,45.78057],[10.60108,45.76969],[10.60451,45.76693],[10.61296,45.77021],[10.61677,45.76939],[10.62022,45.76855],[10.62,45.76602],[10.62015,45.76315],[10.62188,45.76004],[10.62207,45.75979],[10.62248,45.75958],[10.62335,45.75944],[10.62466,45.75942],[10.62914,45.76053],[10.63162,45.76129],[10.63368,45.76233],[10.63911,45.76266],[10.64114,45.76256],[10.64162,45.76246],[10.64195,45.76229],[10.64234,45.76205],[10.64264,45.76177],[10.64275,45.76158],[10.64288,45.7612],[10.64351,45.75889],[10.64517,45.75412],[10.64674,45.7546],[10.64714,45.75479],[10.64763,45.75511],[10.6486,45.75575],[10.64887,45.75613],[10.65017,45.75887],[10.65033,45.75923],[10.65081,45.76043],[10.65125,45.76279],[10.65084,45.76457],[10.65462,45.76844],[10.66081,45.7702],[10.6668,45.77265],[10.66743,45.77354],[10.66912,45.77615],[10.66889,45.77683],[10.66875,45.77709],[10.66673,45.78285],[10.66545,45.78492],[10.66261,45.78896],[10.66151,45.78998],[10.64964,45.80067],[10.64927,45.80087],[10.6489,45.801],[10.64839,45.80109],[10.64338,45.8019],[10.6433,45.8019],[10.64201,45.8019],[10.64141,45.80189]]]}},{"type":"Feature","id":"017099","properties":{"codice_istat":"017099","comune":"Mairano","capoluogo":false,"area_kmq":11.392},"geometry":{"type":"Polygon","coordinates":[[[10.08701,45.47836],[10.08799,45.48176],[10.08818,45.48248],[10.08827,45.48297],[10.08835,45.48356],[10.08679,45.48408],[10.077,45.47884],[10.07414,45.47649],[10.07203,45.46666],[10.06597,45.46162],[10.05953,45.46478],[10.05781,45.46573],[10.05701,45.46621],[10.05745,45.46489],[10.06106,45.46337],[10.06139,45.46313],[10.063,45.46162],[10.06325,45.46137],[10.0634,45.46114],[10.06367,45.46064],[10.06386,45.46008],[10.06405,45.45908],[10.06412,45.45872],[10.06512,45.45205],[10.06613,45.44502],[10.06676,45.44512],[10.06921,45.44432],[10.07258,45.43515],[10.07193,45.43282],[10.07376,45.43186],[10.08656,45.4343],[10.09614,45.43893],[10.09998,45.44204],[10.09857,45.44432],[10.0995,45.44554],[10.10037,45.44691],[10.09926,45.45069],[10.10053,45.45619],[10.10068,45.45674],[10.10114,45.45767],[10.10186,45.45895],[10.10492,45.45855],[10.10608,45.46049],[10.10525,45.46246],[10.10339,45.46409],[10.1015,45.4656],[10.09993,45.46672],[10.09634,45.46759],[10.09121,45.47202],[10.08701,45.47836]]]}},{"type":"Feature","id":"017100","properties":{"codice_istat":"017100","comune":"Malegno","capoluogo":false,"area_kmq":7.214},"geometry":{"type":"Polygon","coordinates":[[[10.28312,45.97016],[10.27425,45.97451],[10.26754,45.97239],[10.26463,45.97174],[10.25795,45.97145],[10.25701,45.97143],[10.25466,45.97153],[10.2527,45.96907],[10.25052,45.96536],[10.25035,45.965],[10.25021,45.9645],[10.25019,45.96322],[10.25039,45.96274],[10.25055,45.96247],[10.25067,45.96226],[10.25123,45.96164],[10.25169,45.96145],[10.25311,45.96133],[10.25398,45.96129],[10.25674,45.95583],[10.2578,45.95155],[10.25969,45.94767],[10.26205,45.94364],[10.2693,45.94396],[10.26973,45.94398],[10.27229,45.94415],[10.27431,45.94468],[10.27791,45.94566],[10.27834,45.94587],[10.27836,45.9459],[10.27839,45.94595],[10.27843,45.94601],[10.27849,45.94612],[10.27857,45.94636],[10.2786,45.9466],[10.27861,45.94687],[10.27927,45.95265],[10.28156,45.95338],[10.28967,45.95759],[10.29145,45.95855],[10.29466,45.96053],[10.29555,45.96127],[10.29519,45.96224],[10.28833,45.96565],[10.28312,45.97016]]]}},{"type":"Feature","id":"017101","properties":{"codice_istat":"017101","comune":"Malonno","capoluogo":false,"area_kmq":31.384},"geometry":{"type":"Polygon","coordinates":[[[10.33467,46.16079],[10.33025,46.16038],[10.32397,46.15837],[10.31903,46.15672],[10.30277,46.15043],[10.29404,46.1467],[10.28933,46.14449],[10.2817,46.14121],[10.28084,46.14086],[10.27814,46.14014],[10.27253,46.13347],[10.25843,46.11486],[10.25121,46.10462],[10.24792,46.1],[10.24922,46.09915],[10.25113,46.09807],[10.25402,46.09668],[10.25444,46.09653],[10.25492,46.09656],[10.25547,46.09667],[10.26489,46.09786],[10.26577,46.09791],[10.26656,46.09781],[10.26716,46.0977],[10.27265,46.09571],[10.28744,46.09435],[10.30314,46.09215],[10.31171,46.08981],[10.31603,46.0918],[10.3138,46.09724],[10.31235,46.10191],[10.31221,46.10265],[10.31209,46.10411],[10.31214,46.10455],[10.31231,46.10538],[10.31248,46.10592],[10.31271,46.10645],[10.31303,46.1069],[10.31402,46.10822],[10.3143,46.10832],[10.31478,46.10835],[10.31523,46.10829],[10.31564,46.10822],[10.31618,46.10801],[10.32048,46.10799],[10.32567,46.10877],[10.33186,46.11047],[10.33217,46.11065],[10.3329,46.11115],[10.33331,46.1115],[10.33526,46.11319],[10.33598,46.11438],[10.34139,46.12111],[10.34441,46.12315],[10.34346,46.12441],[10.34242,46.12548],[10.34084,46.12651],[10.33453,46.1302],[10.32903,46.14372],[10.32898,46.15117],[10.33148,46.15546],[10.33467,46.16079]]]}},{"type":"Feature","id":"017102","properties":{"codice_istat":"017102","comune":"Manerba del Garda","capoluogo":false,"area_kmq":36.711},"geometry":{"type":"Polygon","coordinates":[[[10.63228,45.56846],[10.63171,45.57411],[10.57702,45.57391],[10.55029,45.57365],[10.55015,45.57367],[10.54391,45.57481],[10.53139,45.56396],[10.53177,45.56275],[10.532,45.56175],[10.53206,45.56121],[10.53246,45.55698],[10.53255,45.55191],[10.53235,45.55157],[10.53225,45.55138],[10.53068,45.55057],[10.52953,45.55045],[10.52865,45.55035],[10.52756,45.54992],[10.52585,45.54841],[10.52566,45.54684],[10.5263,45.54568],[10.52715,45.54455],[10.52717,45.53579],[10.53727,45.5378],[10.54427,45.5355],[10.54738,45.53315],[10.54857,45.53232],[10.55583,45.52874],[10.57702,45.53028],[10.63538,45.53543],[10.63228,45.56846]]]}},{"type":"Feature","id":"017103","properties":{"codice_istat":"017103","comune":"Manerbio","capoluogo":false,"area_kmq":27.304},"geometry":{"type":"Polygon","coordinates":[[[10.16884,45.38634],[10.16591,45.38727],[10.16403,45.3892],[10.1634,45.39118],[10.1622,45.38833],[10.16171,45.38752],[10.15872,45.383],[10.15517,45.37938],[10.14441,45.3772],[10.14283,45.37399],[10.13891,45.37227],[10.1364,45.3713],[10.13397,45.37135],[10.13238,45.37192],[10.13286,45.3732],[10.12954,45.37453],[10.12282,45.37047],[10.11492,45.36365],[10.10858,45.36258],[10.10309,45.35813],[10.10283,45.35779],[10.10259,45.35723],[10.10263,45.35663],[10.10285,45.35527],[10.10308,45.35397],[10.10322,45.35364],[10.10345,45.35326],[10.10377,45.35288],[10.10416,45.35263],[10.1045,45.35236],[10.10467,45.35201],[10.10508,45.34927],[10.10358,45.34652],[10.10154,45.33875],[10.10561,45.33251],[10.10798,45.33162],[10.10875,45.33987],[10.11364,45.34022],[10.11943,45.3383],[10.12178,45.33707],[10.1292,45.33751],[10.13803,45.33857],[10.13958,45.33821],[10.14624,45.33627],[10.1515,45.33379],[10.15291,45.32733],[10.15017,45.32106],[10.15488,45.31801],[10.16214,45.31315],[10.16555,45.31272],[10.16664,45.31272],[10.16781,45.3128],[10.16988,45.31903],[10.1705,45.32807],[10.17104,45.33041],[10.17175,45.3332],[10.17532,45.33578],[10.1756,45.33589],[10.17647,45.33607],[10.17712,45.33618],[10.17755,45.33622],[10.17898,45.33629],[10.17991,45.33619],[10.18026,45.33768],[10.17678,45.3515],[10.17453,45.35946],[10.17185,45.36639],[10.17178,45.36809],[10.17291,45.37038],[10.17296,45.37049],[10.1734,45.37138],[10.17434,45.3731],[10.17475,45.37383],[10.17526,45.3745],[10.17575,45.37508],[10.17537,45.38071],[10.16884,45.38634]]]}},{"type":"Feature","id":"017104","properties":{"codice_istat":"017104","comune":"Marcheno","capoluogo":false,"area_kmq":22.327},"geometry":{"type":"Polygon","coordinates":[[[10.19624,45.73808],[10.19048,45.74326],[10.18764,45.74597],[10.18618,45.74804],[10.18577,45.74836],[10.17823,45.75224],[10.17582,45.75308],[10.17543,45.75321],[10.17493,45.75332],[10.17446,45.75338],[10.17402,45.75341],[10.17371,45.75339],[10.17159,45.75245],[10.17342,45.75137],[10.1759,45.7499],[10.17617,45.74962],[10.17625,45.74926],[10.17575,45.74796],[10.1744,45.74323],[10.17451,45.74234],[10.17469,45.7405],[10.17467,45.74016],[10.1746,45.73985],[10.17295,45.73653],[10.17153,45.73581],[10.16407,45.73428],[10.16152,45.73212],[10.16709,45.7299],[10.1728,45.73382],[10.18219,45.74131],[10.18257,45.74154],[10.18315,45.74174],[10.1836,45.74168],[10.18414,45.74156],[10.18682,45.74066],[10.18795,45.74011],[10.19147,45.73786],[10.19173,45.73765],[10.19198,45.73733],[10.19219,45.73701],[10.19289,45.73592],[10.19334,45.73495],[10.19334,45.73327],[10.19318,45.73297],[10.19356,45.72423],[10.20601,45.72509],[10.20642,45.72505],[10.20705,45.72495],[10.20742,45.72483],[10.20775,45.72467],[10.20806,45.72451],[10.2094,45.72348],[10.2097,45.72306],[10.20972,45.72267],[10.20967,45.72232],[10.20924,45.72006],[10.20895,45.71928],[10.20875,45.71883],[10.20484,45.71399],[10.20527,45.70697],[10.20557,45.70398],[10.20261,45.69774],[10.1999,45.69365],[10.20068,45.69052],[10.20705,45.68629],[10.21144,45.6832],[10.21311,45.68351],[10.23553,45.68465],[10.2448,45.68428],[10.24676,45.68376],[10.2471,45.68364],[10.24803,45.68303],[10.25151,45.68061],[10.25201,45.68025],[10.25225,45.68007],[10.25422,45.68167],[10.25467,45.6819],[10.25602,45.68239],[10.25916,45.68348],[10.26087,45.68382],[10.2662,45.6877],[10.26856,45.68946],[10.26798,45.69298],[10.26735,45.69464],[10.26712,45.6952],[10.26694,45.69562],[10.26633,45.69656],[10.25403,45.69972],[10.25351,45.69984],[10.25278,45.69998],[10.25188,45.70006],[10.24934,45.70017],[10.24795,45.70007],[10.24476,45.69979],[10.24231,45.70659],[10.24407,45.70884],[10.24749,45.71656],[10.24656,45.72439],[10.24639,45.72807],[10.24546,45.72755],[10.24403,45.72679],[10.24355,45.72656],[10.23888,45.72456],[10.23738,45.72511],[10.23671,45.72563],[10.21109,45.73565],[10.20004,45.73798],[10.19624,45.73808]]]}},{"type":"Feature","id":"017105","properties":{"codice_istat":"017105","comune":"Marmentino","capoluogo":false,"area_kmq":17.977},"geometry":{"type":"Polygon","coordinates":[[[10.33027,45.78168],[10.33262,45.78432],[10.33749,45.78775],[10.32449,45.78462],[10.31918,45.78575],[10.31495,45.78325],[10.3121,45.78102],[10.31188,45.78073],[10.31182,45.78045],[10.3122,45.77957],[10.31253,45.77889],[10.31377,45.77748],[10.31485,45.77668],[10.31456,45.77479],[10.3136,45.77095],[10.31345,45.77037],[10.31328,45.76978],[10.31308,45.76934],[10.3128,45.76891],[10.31181,45.76772],[10.31161,45.76749],[10.30991,45.7674],[10.30528,45.76691],[10.30154,45.76641],[10.29549,45.76404],[10.29468,45.7635],[10.29417,45.7632],[10.29361,45.76291],[10.2932,45.76273],[10.29287,45.76264],[10.29259,45.76255],[10.29131,45.76232],[10.29067,45.76223],[10.28707,45.76204],[10.28143,45.76238],[10.2694,45.76173],[10.26865,45.76166],[10.26844,45.76142],[10.26839,45.76114],[10.26838,45.76075],[10.2685,45.76017],[10.2636,45.75904],[10.25601,45.75555],[10.25088,45.75305],[10.24814,45.74921],[10.25065,45.74421],[10.25141,45.73883],[10.25332,45.73693],[10.25914,45.7347],[10.25953,45.73456],[10.26147,45.73401],[10.26263,45.73369],[10.26986,45.73171],[10.27042,45.73167],[10.27109,45.73173],[10.2717,45.73187],[10.28092,45.73012],[10.28444,45.72819],[10.28606,45.72759],[10.28685,45.72741],[10.28733,45.72745],[10.29498,45.72983],[10.29644,45.7303],[10.30299,45.73534],[10.31053,45.74468],[10.31137,45.74969],[10.31564,45.75908],[10.32023,45.76543],[10.3272,45.77474],[10.32844,45.77878],[10.33027,45.78168]]]}},{"type":"Feature","id":"017106","properties":{"codice_istat":"017106","comune":"Marone","capoluogo":false,"area_kmq":23.882},"geometry":{"type":"Polygon","coordinates":[[[10.07419,45.77625],[10.07122,45.77668],[10.05987,45.78118],[10.05858,45.77864],[10.05737,45.77617],[10.05716,45.77555],[10.05688,45.77473],[10.05524,45.7683],[10.05514,45.7674],[10.05501,45.76587],[10.05489,45.76429],[10.05489,45.76327],[10.05519,45.7619],[10.05557,45.7606],[10.05626,45.75857],[10.05678,45.7576],[10.05849,45.75479],[10.05899,45.75407],[10.06072,45.75247],[10.06102,45.7522],[10.06277,45.7506],[10.06338,45.74967],[10.06381,45.7489],[10.06458,45.74709],[10.06519,45.74535],[10.06579,45.74358],[10.06597,45.7427],[10.06631,45.74075],[10.06483,45.73333],[10.06437,45.73159],[10.06411,45.73071],[10.077,45.72879],[10.08042,45.7284],[10.08364,45.72809],[10.0869,45.72774],[10.08777,45.72762],[10.088,45.72749],[10.0959,45.72284],[10.09752,45.72179],[10.0995,45.72255],[10.10796,45.72738],[10.12,45.7313],[10.12464,45.72984],[10.12951,45.72853],[10.1363,45.72754],[10.14306,45.72666],[10.1449,45.72674],[10.14526,45.7268],[10.14911,45.72746],[10.15037,45.72787],[10.15817,45.72876],[10.16152,45.73212],[10.16407,45.73428],[10.17153,45.73581],[10.17295,45.73653],[10.1746,45.73985],[10.17467,45.74016],[10.17469,45.7405],[10.17451,45.74234],[10.1744,45.74323],[10.16653,45.74161],[10.15512,45.73893],[10.15476,45.73887],[10.15435,45.73885],[10.15385,45.73893],[10.15132,45.73939],[10.14458,45.74189],[10.14424,45.74205],[10.13947,45.74321],[10.12628,45.74341],[10.11946,45.74321],[10.11144,45.74278],[10.10861,45.74266],[10.10573,45.74338],[10.10491,45.74362],[10.10421,45.74382],[10.10133,45.75077],[10.09791,45.75399],[10.09682,45.75548],[10.09579,45.76022],[10.09559,45.765],[10.09491,45.76695],[10.09047,45.7703],[10.08817,45.77122],[10.07899,45.77583],[10.07419,45.77625]]]}},{"type":"Feature","id":"017107","properties":{"codice_istat":"017107","comune":"Mazzano","capoluogo":false,"area_kmq":15.753},"geometry":{"type":"Polygon","coordinates":[[[10.36746,45.51826],[10.3495,45.53],[10.34357,45.53434],[10.34292,45.52699],[10.34269,45.52101],[10.34287,45.51294],[10.34731,45.50546],[10.34339,45.50314],[10.33896,45.50112],[10.3358,45.49927],[10.33154,45.49566],[10.32607,45.49003],[10.32398,45.48786],[10.32275,45.48622],[10.3251,45.4849],[10.32955,45.48179],[10.33531,45.47719],[10.33791,45.47582],[10.35018,45.47156],[10.35243,45.47379],[10.35704,45.47926],[10.35907,45.48226],[10.35917,45.4824],[10.36289,45.48731],[10.36292,45.48735],[10.36991,45.48692],[10.37641,45.4884],[10.3778,45.4888],[10.37818,45.48896],[10.37956,45.49009],[10.37979,45.49041],[10.38057,45.49509],[10.38065,45.49581],[10.38135,45.50222],[10.3813,45.50439],[10.38237,45.50846],[10.38136,45.5085],[10.38079,45.50858],[10.38027,45.50867],[10.37971,45.50885],[10.37939,45.50896],[10.37919,45.50903],[10.37862,45.50928],[10.36746,45.51826]]]}},{"type":"Feature","id":"017108","properties":{"codice_istat":"017108","comune":"Milzano","capoluogo":false,"area_kmq":8.494},"geometry":{"type":"Polygon","coordinates":[[[10.1921,45.2924],[10.17746,45.29412],[10.17661,45.29413],[10.17556,45.28389],[10.17632,45.28269],[10.1769,45.27479],[10.17616,45.27101],[10.17637,45.26825],[10.18196,45.26568],[10.19648,45.25777],[10.20627,45.25321],[10.20928,45.25198],[10.20972,45.25966],[10.20884,45.27035],[10.20675,45.27883],[10.20601,45.28046],[10.20265,45.2823],[10.20022,45.2896],[10.20008,45.29177],[10.1921,45.2924]]]}},{"type":"Feature","id":"017109","properties":{"codice_istat":"017109","comune":"Moniga del Garda","capoluogo":false,"area_kmq":14.637},"geometry":{"type":"Polygon","coordinates":[[[10.54427,45.5355],[10.53727,45.5378],[10.52717,45.53579],[10.52637,45.53553],[10.52591,45.53534],[10.52493,45.53489],[10.52441,45.53465],[10.52261,45.5336],[10.52328,45.53182],[10.52365,45.53102],[10.5183,45.52504],[10.51594,45.52274],[10.51615,45.52204],[10.51652,45.52159],[10.51749,45.52107],[10.52133,45.51919],[10.53034,45.51575],[10.53049,45.51576],[10.53057,45.51576],[10.57702,45.51807],[10.63674,45.5209],[10.63538,45.53543],[10.57702,45.53028],[10.55583,45.52874],[10.54857,45.53232],[10.54738,45.53315],[10.54427,45.5355]]]}},{"type":"Feature","id":"017110","properties":{"codice_istat":"017110","comune":"Monno","capoluogo":false,"area_kmq":31.01},"geometry":{"type":"Polygon","coordinates":[[[10.33911,46.28628],[10.33585,46.28787],[10.33516,46.28814],[10.33485,46.28817],[10.33425,46.28821],[10.33376,46.28817],[10.32851,46.28713],[10.32108,46.28196],[10.32075,46.28171],[10.32041,46.2814],[10.31653,46.27784],[10.31618,46.27752],[10.316,46.27734],[10.3157,46.27696],[10.31542,46.27651],[10.31535,46.27617],[10.31528,46.27575],[10.3143,46.25986],[10.31174,46.25653],[10.3055,46.253],[10.3009,46.24958],[10.29678,46.24122],[10.29671,46.24084],[10.2967,46.24052],[10.29662,46.2361],[10.29666,46.23094],[10.29468,46.22374],[10.28786,46.22133],[10.28587,46.22074],[10.28527,46.22053],[10.28421,46.21987],[10.28102,46.2178],[10.28064,46.21752],[10.28012,46.21711],[10.27975,46.21679],[10.27884,46.21595],[10.27996,46.21503],[10.28214,46.21343],[10.28774,46.21011],[10.295,46.20622],[10.29566,46.20587],[10.29647,46.20547],[10.29705,46.2052],[10.29782,46.20489],[10.29853,46.20469],[10.30713,46.20232],[10.31407,46.20135],[10.31631,46.20126],[10.32089,46.2009],[10.32658,46.20042],[10.32774,46.20028],[10.33467,46.199],[10.34025,46.19732],[10.34668,46.19846],[10.34873,46.20409],[10.3513,46.21125],[10.35232,46.21582],[10.35294,46.21881],[10.35089,46.22233],[10.34929,46.22339],[10.34791,46.22432],[10.34732,46.22482],[10.34704,46.22508],[10.34624,46.22587],[10.34502,46.22729],[10.34487,46.2275],[10.34464,46.22783],[10.34421,46.22861],[10.3441,46.22888],[10.344,46.22923],[10.34356,46.23189],[10.34293,46.2373],[10.3425,46.2421],[10.34243,46.24311],[10.34248,46.24393],[10.34255,46.24468],[10.34311,46.25229],[10.34311,46.26166],[10.34223,46.26572],[10.338,46.26982],[10.33779,46.27036],[10.33816,46.27398],[10.33826,46.27439],[10.33871,46.27569],[10.33923,46.27705],[10.34081,46.27917],[10.33911,46.28628]]]}},{"type":"Feature","id":"017111","properties":{"codice_istat":"017111","comune":"Monte Isola","capoluogo":false,"area_kmq":12.606},"geometry":{"type":"Polygon","coordinates":[[[10.09272,45.68937],[10.0973,45.69358],[10.09884,45.69893],[10.10276,45.71181],[10.10117,45.71963],[10.09929,45.72074],[10.09752,45.72179],[10.0959,45.72284],[10.088,45.72749],[10.08777,45.72762],[10.0869,45.72774],[10.08364,45.72809],[10.08042,45.7284],[10.077,45.72879],[10.06411,45.73071],[10.06257,45.72464],[10.06197,45.72126],[10.06082,45.71695],[10.05978,45.71367],[10.05961,45.71306],[10.05949,45.71204],[10.05912,45.70884],[10.05931,45.70699],[10.0594,45.70617],[10.05959,45.70512],[10.05978,45.70445],[10.06064,45.70192],[10.06219,45.69859],[10.06477,45.693],[10.0652,45.69179],[10.0653,45.6915],[10.06534,45.69126],[10.06551,45.6899],[10.06551,45.68929],[10.08075,45.68915],[10.09272,45.68937]]]}},{"type":"Feature","id":"017112","properties":{"codice_istat":"017112","comune":"Monticelli Brusati","capoluogo":false,"area_kmq":10.907},"geometry":{"type":"Polygon","coordinates":[[[10.11085,45.6573],[10.10705,45.65953],[10.10584,45.66032],[10.10144,45.65932],[10.09978,45.65861],[10.09519,45.6563],[10.09189,45.6543],[10.08502,45.65149],[10.08305,45.65077],[10.0827,45.64829],[10.08319,45.64671],[10.0833,45.64644],[10.08434,45.64405],[10.08589,45.64194],[10.08254,45.6255],[10.07978,45.61817],[10.07956,45.61773],[10.07932,45.6174],[10.0791,45.61718],[10.0788,45.61701],[10.07708,45.61646],[10.07555,45.61604],[10.08665,45.61183],[10.1034,45.61171],[10.10397,45.61191],[10.10429,45.61205],[10.10456,45.61218],[10.1048,45.61241],[10.10522,45.6129],[10.10544,45.61325],[10.10571,45.61368],[10.10584,45.61393],[10.10593,45.61409],[10.10612,45.6145],[10.10849,45.62201],[10.11095,45.63149],[10.11439,45.65064],[10.11471,45.65361],[10.11843,45.65503],[10.1188,45.65525],[10.11889,45.65545],[10.11872,45.65562],[10.11857,45.65576],[10.11786,45.656],[10.11731,45.65617],[10.11629,45.65646],[10.11519,45.65665],[10.11327,45.65689],[10.11281,45.65691],[10.11085,45.6573]]]}},{"type":"Feature","id":"017113","properties":{"codice_istat":"017113","comune":"Montichiari","capoluogo":false,"area_kmq":81.565},"geometry":{"type":"Polygon","coordinates":[[[10.33476,45.46513],[10.33279,45.46377],[10.3297,45.46067],[10.327,45.45795],[10.3213,45.4515],[10.32148,45.44775],[10.31727,45.43774],[10.31518,45.43742],[10.30994,45.43756],[10.30886,45.43129],[10.31258,45.4174],[10.3169,45.40597],[10.32036,45.4005],[10.32701,45.39593],[10.33005,45.39366],[10.33685,45.38982],[10.33937,45.3885],[10.34297,45.38663],[10.34618,45.38512],[10.36054,45.37906],[10.36971,45.37531],[10.37643,45.37136],[10.38035,45.36688],[10.38181,45.36595],[10.38557,45.36404],[10.39384,45.36001],[10.39982,45.35802],[10.4012,45.35759],[10.40351,45.35735],[10.40354,45.35953],[10.40154,45.36286],[10.40143,45.36613],[10.41607,45.3725],[10.41875,45.37353],[10.4221,45.37473],[10.42771,45.3766],[10.43256,45.37731],[10.43677,45.37767],[10.43755,45.3779],[10.44256,45.37943],[10.44496,45.38025],[10.44571,45.3806],[10.44817,45.38179],[10.44878,45.38211],[10.45031,45.38312],[10.45115,45.38397],[10.45202,45.38484],[10.45714,45.39061],[10.4585,45.39214],[10.46596,45.40479],[10.467,45.40655],[10.46701,45.40661],[10.4542,45.41445],[10.45038,45.41741],[10.44948,45.41741],[10.44729,45.41856],[10.43536,45.4257],[10.4241,45.43207],[10.41079,45.43958],[10.40708,45.44147],[10.40594,45.44204],[10.40534,45.4422],[10.40478,45.44234],[10.40398,45.44252],[10.40335,45.44267],[10.39452,45.44412],[10.3942,45.44406],[10.39386,45.44384],[10.39357,45.44342],[10.39354,45.44306],[10.39371,45.4428],[10.39174,45.44232],[10.3844,45.44451],[10.37958,45.44603],[10.37429,45.44774],[10.37214,45.44874],[10.35534,45.45631],[10.34581,45.46005],[10.34186,45.46181],[10.33476,45.46513]]]}},{"type":"Feature","id":"017114","properties":{"codice_istat":"017114","comune":"Montirone","capoluogo":false,"area_kmq":10.528},"geometry":{"type":"Polygon","coordinates":[[[10.22502,45.47032],[10.22208,45.47077],[10.22,45.47104],[10.21996,45.47104],[10.21967,45.47103],[10.21948,45.47102],[10.21934,45.47101],[10.21929,45.471],[10.21879,45.47082],[10.2179,45.46748],[10.21957,45.46744],[10.21809,45.46255],[10.21426,45.45523],[10.21406,45.4549],[10.2139,45.45468],[10.21287,45.45361],[10.21161,45.45245],[10.21016,45.45123],[10.20961,45.4508],[10.207,45.44892],[10.21244,45.44771],[10.21977,45.44631],[10.2213,45.44102],[10.21917,45.43685],[10.21814,45.4348],[10.21659,45.43137],[10.21677,45.43128],[10.21946,45.43044],[10.22206,45.42995],[10.22316,45.42982],[10.22502,45.42961],[10.22615,45.42944],[10.22914,45.42888],[10.23168,45.42828],[10.23243,45.4281],[10.23292,45.42723],[10.23516,45.42639],[10.23615,45.42612],[10.23708,45.42588],[10.24672,45.42361],[10.24737,45.42346],[10.24902,45.42318],[10.24959,45.42513],[10.25141,45.43163],[10.25193,45.4336],[10.2523,45.43516],[10.25232,45.43542],[10.25154,45.43801],[10.24979,45.44304],[10.24789,45.44854],[10.24633,45.45446],[10.24462,45.46141],[10.24308,45.46301],[10.24098,45.46315],[10.24072,45.46317],[10.23849,45.4633],[10.23762,45.4633],[10.23406,45.46309],[10.23279,45.46306],[10.23241,45.46305],[10.23012,45.463],[10.22904,45.46298],[10.2287,45.46305],[10.22602,45.46514],[10.22521,45.46759],[10.22531,45.46885],[10.22594,45.46909],[10.22502,45.47032]]]}},{"type":"Feature","id":"017115","properties":{"codice_istat":"017115","comune":"Mura","capoluogo":false,"area_kmq":12.66},"geometry":{"type":"Polygon","coordinates":[[[10.33906,45.73283],[10.33794,45.73294],[10.32257,45.73252],[10.32148,45.73242],[10.32092,45.73235],[10.31783,45.73191],[10.31744,45.73184],[10.31693,45.73171],[10.31659,45.73153],[10.31626,45.73128],[10.31596,45.73103],[10.31556,45.73066],[10.31517,45.73029],[10.3126,45.72771],[10.31227,45.72734],[10.31053,45.72531],[10.31029,45.72498],[10.30977,45.72423],[10.31578,45.71923],[10.31796,45.71522],[10.32122,45.70909],[10.32225,45.7069],[10.32226,45.70441],[10.32532,45.70129],[10.32726,45.70023],[10.3303,45.69889],[10.33113,45.69876],[10.33289,45.69862],[10.33341,45.69873],[10.35578,45.70261],[10.35997,45.70209],[10.36258,45.70096],[10.36518,45.69941],[10.37214,45.70304],[10.37566,45.70546],[10.37588,45.70562],[10.37756,45.70685],[10.37765,45.70706],[10.37775,45.70743],[10.37836,45.7099],[10.37841,45.7103],[10.37591,45.71164],[10.36996,45.71421],[10.36235,45.71658],[10.35892,45.71968],[10.35488,45.72414],[10.34266,45.73198],[10.34221,45.73223],[10.34186,45.73234],[10.34153,45.73242],[10.3403,45.73264],[10.33906,45.73283]]]}},{"type":"Feature","id":"017116","properties":{"codice_istat":"017116","comune":"Muscoline","capoluogo":false,"area_kmq":10.038},"geometry":{"type":"Polygon","coordinates":[[[10.47823,45.57692],[10.45899,45.57322],[10.45666,45.57261],[10.45661,45.5726],[10.4549,45.5716],[10.45406,45.57096],[10.45373,45.5705],[10.45369,45.57022],[10.45385,45.56972],[10.45403,45.56942],[10.45433,45.56917],[10.4547,45.56888],[10.45497,45.56864],[10.45512,45.56841],[10.45511,45.56802],[10.45496,45.56614],[10.45475,45.56543],[10.45472,45.56534],[10.45455,45.56502],[10.4543,45.56471],[10.45405,45.56445],[10.45334,45.56395],[10.45202,45.56305],[10.44964,45.56221],[10.44789,45.56173],[10.44587,45.56152],[10.44361,45.56056],[10.44354,45.56052],[10.44337,45.56022],[10.44286,45.55895],[10.44182,45.55585],[10.4365,45.54972],[10.43767,45.54952],[10.44338,45.54886],[10.44855,45.54876],[10.45039,45.54925],[10.45118,45.5503],[10.45282,45.55061],[10.4532,45.55062],[10.45356,45.55058],[10.454,45.55046],[10.4582,45.54873],[10.46164,45.5468],[10.46276,45.54517],[10.46522,45.54081],[10.46675,45.53874],[10.47105,45.53977],[10.47927,45.54022],[10.48121,45.5413],[10.48582,45.54421],[10.48598,45.54449],[10.48671,45.54647],[10.48657,45.54756],[10.48418,45.54905],[10.48395,45.54927],[10.48322,45.55067],[10.48296,45.55118],[10.48533,45.55304],[10.48897,45.55529],[10.49145,45.55618],[10.4908,45.55694],[10.48663,45.55949],[10.48659,45.55949],[10.4865,45.55949],[10.48601,45.5595],[10.48583,45.5595],[10.48528,45.55952],[10.48359,45.55972],[10.48276,45.56101],[10.48129,45.56579],[10.48119,45.56617],[10.48127,45.5665],[10.48152,45.5671],[10.48214,45.56851],[10.4825,45.56905],[10.48273,45.56931],[10.48282,45.5694],[10.4832,45.56976],[10.4836,45.57006],[10.48414,45.57045],[10.48506,45.57136],[10.48531,45.57168],[10.48558,45.57204],[10.48636,45.57343],[10.48573,45.57462],[10.4825,45.57703],[10.47823,45.57692]]]}},{"type":"Feature","id":"017117","properties":{"codice_istat":"017117","comune":"Nave","capoluogo":false,"area_kmq":27.045},"geometry":{"type":"Polygon","coordinates":[[[10.26815,45.62383],[10.25852,45.62442],[10.25532,45.62416],[10.25922,45.62074],[10.26305,45.61646],[10.26773,45.60341],[10.26596,45.60015],[10.25501,45.59416],[10.25456,45.59401],[10.25428,45.59375],[10.2541,45.59348],[10.25275,45.5913],[10.24951,45.58451],[10.25034,45.58362],[10.25076,45.58353],[10.25123,45.5834],[10.25331,45.58215],[10.25522,45.58063],[10.25982,45.57639],[10.25924,45.5723],[10.26062,45.56971],[10.26847,45.56463],[10.27786,45.56225],[10.28065,45.56138],[10.28693,45.55932],[10.29137,45.55682],[10.29276,45.55758],[10.29473,45.55914],[10.29909,45.56421],[10.3023,45.568],[10.32118,45.57908],[10.32391,45.58021],[10.32426,45.58028],[10.32457,45.58031],[10.32511,45.58023],[10.32539,45.58018],[10.32603,45.57986],[10.32843,45.58428],[10.33096,45.59504],[10.33079,45.60004],[10.33019,45.59984],[10.32982,45.59973],[10.32933,45.59967],[10.32737,45.59948],[10.32634,45.59948],[10.32142,45.59953],[10.32072,45.59955],[10.30863,45.602],[10.29903,45.60681],[10.29242,45.61751],[10.28611,45.62278],[10.28512,45.62293],[10.28451,45.623],[10.28392,45.62289],[10.28168,45.62229],[10.27814,45.62023],[10.272,45.62203],[10.26815,45.62383]]]}},{"type":"Feature","id":"017118","properties":{"codice_istat":"017118","comune":"Niardo","capoluogo":false,"area_kmq":22.231},"geometry":{"type":"Polygon","coordinates":[[[10.33935,45.98319],[10.33463,45.98334],[10.32764,45.98231],[10.32204,45.98114],[10.3161,45.97168],[10.31624,45.97085],[10.31703,45.96997],[10.31886,45.96906],[10.32368,45.96722],[10.32677,45.96631],[10.33586,45.9625],[10.34835,45.95514],[10.34873,45.95469],[10.34955,45.95309],[10.34999,45.95205],[10.35018,45.95162],[10.35031,45.95109],[10.35042,45.95059],[10.35028,45.95007],[10.35006,45.94959],[10.34981,45.94908],[10.34975,45.94854],[10.34968,45.94729],[10.34973,45.94696],[10.34983,45.94648],[10.35017,45.94593],[10.35056,45.94562],[10.35115,45.94542],[10.35859,45.94338],[10.36462,45.94274],[10.36889,45.93381],[10.37484,45.92904],[10.37944,45.92769],[10.39708,45.93762],[10.40185,45.94053],[10.40774,45.94559],[10.40819,45.94586],[10.40876,45.94611],[10.40927,45.94631],[10.40989,45.94651],[10.41207,45.94688],[10.41181,45.94851],[10.41081,45.94969],[10.40657,45.95302],[10.40619,45.9533],[10.4057,45.95349],[10.40518,45.95356],[10.40461,45.9535],[10.40389,45.95341],[10.39772,45.95641],[10.39196,45.95954],[10.39028,45.96052],[10.38751,45.96423],[10.38562,45.96706],[10.38366,45.96959],[10.3806,45.97347],[10.3784,45.97619],[10.37811,45.97647],[10.3772,45.97716],[10.37693,45.97736],[10.37626,45.9778],[10.37585,45.97794],[10.36858,45.98001],[10.36188,45.98129],[10.33935,45.98319]]]}},{"type":"Feature","id":"017119","properties":{"codice_istat":"017119","comune":"Nuvolento","capoluogo":false,"area_kmq":7.327},"geometry":{"type":"Polygon","coordinates":[[[10.39717,45.54964],[10.38597,45.55941],[10.38304,45.56212],[10.38231,45.56302],[10.38086,45.55999],[10.38232,45.55797],[10.3823,45.55517],[10.38219,45.55485],[10.38157,45.55426],[10.38122,45.55402],[10.38085,45.55379],[10.38045,45.55367],[10.3687,45.55132],[10.36815,45.55128],[10.36764,45.55129],[10.36703,45.55137],[10.36512,45.55191],[10.36502,45.55195],[10.36465,45.55213],[10.36425,45.55244],[10.36399,45.55277],[10.36356,45.55362],[10.36345,45.55411],[10.36348,45.55456],[10.36359,45.55492],[10.36375,45.55521],[10.36387,45.5554],[10.36397,45.55563],[10.3633,45.55675],[10.36077,45.55649],[10.35963,45.55581],[10.35577,45.55329],[10.35494,45.55263],[10.35536,45.55037],[10.36445,45.54608],[10.36896,45.54692],[10.36904,45.54728],[10.3692,45.54765],[10.37085,45.54736],[10.37389,45.54565],[10.37764,45.54176],[10.37801,45.53912],[10.38172,45.53507],[10.39012,45.5276],[10.40008,45.51769],[10.40759,45.52309],[10.40357,45.52678],[10.40339,45.52696],[10.40448,45.53068],[10.40702,45.53495],[10.40692,45.53612],[10.40195,45.54071],[10.39981,45.54255],[10.39934,45.54282],[10.3986,45.54297],[10.39924,45.54427],[10.40208,45.54609],[10.40333,45.54675],[10.40196,45.54652],[10.40116,45.54686],[10.39717,45.54964]]]}},{"type":"Feature","id":"017120","properties":{"codice_istat":"017120","comune":"Nuvolera","capoluogo":false,"area_kmq":13.344},"geometry":{"type":"Polygon","coordinates":[[[10.36445,45.54608],[10.35536,45.55037],[10.35494,45.55263],[10.35486,45.55412],[10.35387,45.55633],[10.35269,45.55756],[10.34669,45.563],[10.34615,45.56346],[10.34523,45.56405],[10.34443,45.56451],[10.34178,45.56571],[10.33902,45.56696],[10.33534,45.56649],[10.33541,45.56214],[10.33688,45.55566],[10.33986,45.55063],[10.34268,45.54038],[10.34312,45.53732],[10.34357,45.53434],[10.3495,45.53],[10.36746,45.51826],[10.37862,45.50928],[10.37919,45.50903],[10.37939,45.50896],[10.37971,45.50885],[10.38027,45.50867],[10.38079,45.50858],[10.38136,45.5085],[10.38237,45.50846],[10.38301,45.50931],[10.38309,45.5094],[10.38786,45.50955],[10.39349,45.50966],[10.39706,45.51],[10.39736,45.51048],[10.39767,45.51098],[10.39805,45.51161],[10.39836,45.51213],[10.39862,45.51267],[10.39942,45.51435],[10.40008,45.51769],[10.39012,45.5276],[10.38172,45.53507],[10.37801,45.53912],[10.37764,45.54176],[10.37389,45.54565],[10.37085,45.54736],[10.3692,45.54765],[10.36904,45.54728],[10.36896,45.54692],[10.36445,45.54608]]]}},{"type":"Feature","id":"017121","properties":{"codice_istat":"017121","comune":"Odolo","capoluogo":false,"area_kmq":6.439},"geometry":{"type":"Polygon","coordinates":[[[10.39115,45.65219],[10.38562,45.65324],[10.38512,45.65329],[10.38465,45.65331],[10.38435,45.65322],[10.38094,45.65211],[10.37968,45.65171],[10.37918,45.65154],[10.37926,45.65107],[10.37812,45.65011],[10.37493,45.6494],[10.37445,45.6493],[10.37353,45.64939],[10.37291,45.65017],[10.37262,45.64782],[10.37237,45.64403],[10.37232,45.63686],[10.37414,45.62979],[10.37279,45.62741],[10.37318,45.6267],[10.37481,45.62522],[10.37852,45.62275],[10.3789,45.62251],[10.37921,45.62238],[10.37951,45.6223],[10.37979,45.62224],[10.38035,45.62231],[10.38191,45.6227],[10.38352,45.62315],[10.3838,45.62346],[10.38401,45.62466],[10.38381,45.62557],[10.38528,45.62823],[10.394,45.62942],[10.39677,45.62975],[10.39844,45.63018],[10.39949,45.63062],[10.40216,45.63199],[10.40306,45.63256],[10.40355,45.6332],[10.40537,45.63576],[10.40585,45.64652],[10.40573,45.64627],[10.40542,45.64617],[10.40512,45.6462],[10.40242,45.64742],[10.39718,45.64986],[10.39367,45.65128],[10.39115,45.65219]]]}},{"type":"Feature","id":"017122","properties":{"codice_istat":"017122","comune":"Offlaga","capoluogo":false,"area_kmq":23.202},"geometry":{"type":"Polygon","coordinates":[[[10.14582,45.39953],[10.1443,45.40202],[10.14397,45.40233],[10.14116,45.4037],[10.13653,45.40502],[10.13597,45.40276],[10.12521,45.39833],[10.12199,45.39759],[10.11928,45.39766],[10.11508,45.39915],[10.11429,45.39968],[10.11397,45.39994],[10.11378,45.40025],[10.11364,45.40046],[10.11395,45.4024],[10.11403,45.40264],[10.11394,45.40296],[10.11363,45.40326],[10.11326,45.40326],[10.11284,45.40314],[10.10353,45.40018],[10.09818,45.39627],[10.08913,45.39481],[10.08153,45.39441],[10.07277,45.39353],[10.07258,45.39302],[10.07052,45.38774],[10.06708,45.38784],[10.06586,45.3905],[10.06472,45.3907],[10.06279,45.38774],[10.06238,45.38273],[10.06995,45.37738],[10.07295,45.37636],[10.07359,45.3736],[10.07515,45.3701],[10.08028,45.36563],[10.08419,45.36563],[10.0866,45.36509],[10.0878,45.36474],[10.08824,45.36456],[10.08876,45.36432],[10.0946,45.3606],[10.09859,45.35483],[10.10033,45.35378],[10.10266,45.35284],[10.10416,45.35263],[10.10377,45.35288],[10.10345,45.35326],[10.10322,45.35364],[10.10308,45.35397],[10.10285,45.35527],[10.10263,45.35663],[10.10259,45.35723],[10.10283,45.35779],[10.10309,45.35813],[10.10858,45.36258],[10.11492,45.36365],[10.12282,45.37047],[10.12954,45.37453],[10.13286,45.3732],[10.13238,45.37192],[10.13397,45.37135],[10.1364,45.3713],[10.13891,45.37227],[10.14283,45.37399],[10.14441,45.3772],[10.15517,45.37938],[10.15872,45.383],[10.16171,45.38752],[10.1622,45.38833],[10.1634,45.39118],[10.15831,45.39281],[10.15153,45.39393],[10.15,45.39466],[10.14794,45.39581],[10.14694,45.39723],[10.14582,45.39953]]]}},{"type":"Feature","id":"017123","properties":{"codice_istat":"017123","comune":"Ome","capoluogo":false,"area_kmq":9.689},"geometry":{"type":"Polygon","coordinates":[[[10.13561,45.64982],[10.11471,45.65361],[10.11439,45.65064],[10.11095,45.63149],[10.10849,45.62201],[10.10612,45.6145],[10.10593,45.61409],[10.10584,45.61393],[10.10571,45.61368],[10.10544,45.61325],[10.10522,45.6129],[10.1048,45.61241],[10.10456,45.61218],[10.10429,45.61205],[10.10397,45.61191],[10.1034,45.61171],[10.10463,45.61086],[10.10494,45.61066],[10.10525,45.61053],[10.10553,45.61042],[10.10614,45.61025],[10.10741,45.61004],[10.11074,45.61028],[10.11136,45.61041],[10.11179,45.61056],[10.1122,45.61075],[10.11239,45.61092],[10.11775,45.61175],[10.12123,45.61207],[10.13194,45.61248],[10.13424,45.61169],[10.13971,45.61892],[10.14087,45.62107],[10.14404,45.62731],[10.14479,45.63155],[10.14487,45.63275],[10.14468,45.63302],[10.14441,45.63323],[10.14403,45.63335],[10.14351,45.63341],[10.14027,45.6338],[10.13895,45.63465],[10.13307,45.64024],[10.13274,45.64197],[10.1343,45.64716],[10.13447,45.6477],[10.1353,45.64936],[10.13561,45.64982]]]}},{"type":"Feature","id":"017124","properties":{"codice_istat":"017124","comune":"Ono San Pietro","capoluogo":false,"area_kmq":13.965},"geometry":{"type":"Polygon","coordinates":[[[10.27115,46.06109],[10.26765,46.06556],[10.25865,46.06305],[10.24782,46.05997],[10.24623,46.05945],[10.24478,46.05807],[10.24337,46.05664],[10.25233,46.05336],[10.25593,46.05143],[10.26323,46.04749],[10.26359,46.04727],[10.26406,46.04668],[10.26477,46.04551],[10.26519,46.04351],[10.26865,46.03568],[10.27889,46.02746],[10.27958,46.02641],[10.28273,46.02327],[10.28903,46.01806],[10.29787,46.01467],[10.3053,46.01212],[10.3121,46.01101],[10.31431,46.01122],[10.31794,46.01201],[10.32141,46.01321],[10.32436,46.01279],[10.33597,46.01109],[10.34019,46.01029],[10.34188,46.00971],[10.34224,46.00946],[10.34587,46.01549],[10.34108,46.01542],[10.33816,46.01628],[10.33029,46.02337],[10.32372,46.02938],[10.31303,46.03447],[10.3065,46.03596],[10.29856,46.03646],[10.28615,46.03668],[10.27971,46.03836],[10.27536,46.04478],[10.27408,46.04807],[10.27808,46.05334],[10.27115,46.06109]]]}},{"type":"Feature","id":"017125","properties":{"codice_istat":"017125","comune":"Orzinuovi","capoluogo":false,"area_kmq":47.984},"geometry":{"type":"Polygon","coordinates":[[[9.90777,45.44107],[9.90461,45.4414],[9.90287,45.44139],[9.89496,45.43538],[9.89413,45.43309],[9.89461,45.42904],[9.89495,45.42877],[9.89513,45.42856],[9.8952,45.42835],[9.89515,45.42811],[9.89502,45.42784],[9.89463,45.42762],[9.89421,45.42741],[9.89373,45.42725],[9.89271,45.4271],[9.89141,45.42693],[9.88961,45.42733],[9.88952,45.42276],[9.89034,45.41817],[9.89173,45.4127],[9.89031,45.39828],[9.88713,45.37862],[9.88838,45.37301],[9.88728,45.36751],[9.88689,45.36452],[9.88737,45.36231],[9.88868,45.36057],[9.88874,45.36051],[9.88938,45.35992],[9.89039,45.35987],[9.89224,45.35986],[9.89451,45.3605],[9.89488,45.36061],[9.89518,45.36093],[9.89531,45.36125],[9.89539,45.36159],[9.89535,45.36184],[9.89866,45.37261],[9.89902,45.37264],[9.90262,45.37297],[9.90614,45.37347],[9.90717,45.37363],[9.91066,45.37429],[9.91252,45.37477],[9.91342,45.37823],[9.91186,45.38014],[9.91254,45.38475],[9.91891,45.3841],[9.92431,45.38255],[9.92512,45.38221],[9.92567,45.38065],[9.92588,45.37856],[9.92566,45.3754],[9.92531,45.37414],[9.93304,45.36753],[9.93729,45.36441],[9.94275,45.35928],[9.94437,45.35514],[9.94833,45.3561],[9.95498,45.36137],[9.95729,45.36663],[9.96123,45.37107],[9.96747,45.37416],[9.97669,45.37624],[9.98575,45.37667],[9.99158,45.3783],[9.99516,45.37778],[9.99663,45.3823],[9.99675,45.38273],[9.9968,45.38299],[9.99681,45.38321],[10.00203,45.38872],[10.00756,45.38781],[10.01724,45.38842],[10.01861,45.39161],[10.01907,45.39315],[10.01943,45.39596],[10.0225,45.39691],[10.02745,45.39748],[10.0306,45.39607],[10.02638,45.40378],[10.02499,45.40373],[10.02036,45.40458],[10.01647,45.40521],[10.01326,45.40517],[10.01189,45.40452],[10.00082,45.39746],[9.99529,45.39291],[9.98847,45.38924],[9.98752,45.39136],[9.98325,45.39546],[9.98013,45.3965],[9.97898,45.39648],[9.97893,45.39648],[9.9786,45.39647],[9.97857,45.39647],[9.96264,45.39813],[9.95986,45.39934],[9.95503,45.40156],[9.95616,45.40485],[9.95655,45.40589],[9.95676,45.40636],[9.95694,45.40673],[9.95716,45.40713],[9.9575,45.40758],[9.9566,45.41483],[9.9531,45.41807],[9.9516,45.42316],[9.95056,45.42751],[9.9469,45.43318],[9.94539,45.43233],[9.93829,45.4324],[9.91562,45.43466],[9.91516,45.43471],[9.91496,45.43492],[9.9148,45.4354],[9.91465,45.43589],[9.91428,45.4373],[9.91388,45.43906],[9.91373,45.43947],[9.91356,45.43967],[9.91312,45.43982],[9.91002,45.4406],[9.90777,45.44107]]]}},{"type":"Feature","id":"017126","properties":{"codice_istat":"017126","comune":"Orzivecchi","capoluogo":false,"area_kmq":9.908},"geometry":{"type":"Polygon","coordinates":[[[9.96184,45.44609],[9.95976,45.45281],[9.95677,45.45243],[9.95248,45.44848],[9.94874,45.44175],[9.94675,45.43657],[9.94539,45.43233],[9.9469,45.43318],[9.95056,45.42751],[9.9516,45.42316],[9.9531,45.41807],[9.9566,45.41483],[9.9575,45.40758],[9.95716,45.40713],[9.95694,45.40673],[9.95676,45.40636],[9.95655,45.40589],[9.95616,45.40485],[9.95503,45.40156],[9.95986,45.39934],[9.96264,45.39813],[9.97857,45.39647],[9.9786,45.39647],[9.97893,45.39648],[9.97898,45.39648],[9.98013,45.3965],[9.98226,45.40005],[9.9836,45.40163],[9.98355,45.40215],[9.98344,45.4031],[9.98318,45.40442],[9.98174,45.40608],[9.97721,45.4069],[9.97719,45.41236],[9.97867,45.4164],[9.97914,45.42073],[9.97409,45.43034],[9.96896,45.43712],[9.9665,45.43711],[9.96397,45.43978],[9.96184,45.44609]]]}},{"type":"Feature","id":"017127","properties":{"codice_istat":"017127","comune":"Ospitaletto","capoluogo":false,"area_kmq":9.484},"geometry":{"type":"Polygon","coordinates":[[[10.08469,45.56247],[10.06127,45.56693],[10.05992,45.56665],[10.05751,45.56536],[10.05544,45.56381],[10.05532,45.56326],[10.05529,45.56286],[10.05152,45.55357],[10.05045,45.5517],[10.04991,45.55028],[10.0501,45.5486],[10.05128,45.54718],[10.0529,45.54604],[10.0561,45.54498],[10.05726,45.54305],[10.05817,45.54107],[10.05939,45.53782],[10.062,45.53796],[10.07815,45.53949],[10.08225,45.53866],[10.08628,45.53883],[10.09363,45.54243],[10.10199,45.54352],[10.10556,45.54369],[10.10277,45.54504],[10.10398,45.55036],[10.10258,45.55335],[10.09792,45.55373],[10.09739,45.55378],[10.09521,45.55398],[10.09182,45.55436],[10.09145,45.55441],[10.0913,45.55835],[10.09122,45.56032],[10.091,45.56073],[10.09083,45.56103],[10.09014,45.56227],[10.08747,45.56409],[10.08617,45.56297],[10.0855,45.56239],[10.08469,45.56247]]]}},{"type":"Feature","id":"017128","properties":{"codice_istat":"017128","comune":"Ossimo","capoluogo":false,"area_kmq":14.651},"geometry":{"type":"Polygon","coordinates":[[[10.20858,45.99812],[10.20468,45.99924],[10.20351,45.99832],[10.20103,45.99809],[10.20066,45.99806],[10.20019,45.99807],[10.19813,45.99833],[10.19756,45.99841],[10.19563,45.99869],[10.19465,45.99886],[10.19416,45.99895],[10.19365,45.99909],[10.1933,45.99922],[10.19278,45.99948],[10.19272,45.99916],[10.19261,45.99866],[10.19006,45.99324],[10.18883,45.99146],[10.18471,45.98775],[10.18161,45.98684],[10.19675,45.98442],[10.20199,45.98356],[10.20236,45.98345],[10.20412,45.98275],[10.20708,45.98155],[10.21036,45.98014],[10.2106,45.9799],[10.21079,45.97937],[10.21118,45.97744],[10.21766,45.96729],[10.22068,45.96392],[10.22121,45.96344],[10.22272,45.96223],[10.22389,45.96147],[10.22525,45.96064],[10.22433,45.95088],[10.22566,45.94497],[10.2251,45.9418],[10.22721,45.93897],[10.22891,45.93761],[10.23354,45.93609],[10.23393,45.93604],[10.23426,45.93604],[10.23454,45.9361],[10.23484,45.93621],[10.23518,45.93643],[10.23559,45.93673],[10.23593,45.93711],[10.24217,45.93991],[10.2531,45.94184],[10.25575,45.9413],[10.26205,45.94364],[10.25969,45.94767],[10.2578,45.95155],[10.25674,45.95583],[10.25398,45.96129],[10.25311,45.96133],[10.25169,45.96145],[10.25123,45.96164],[10.25067,45.96226],[10.25055,45.96247],[10.25039,45.96274],[10.25019,45.96322],[10.25021,45.9645],[10.25035,45.965],[10.25052,45.96536],[10.2527,45.96907],[10.25466,45.97153],[10.25446,45.97182],[10.25387,45.97256],[10.25159,45.9753],[10.2467,45.97914],[10.24514,45.97972],[10.24013,45.98014],[10.22276,45.98061],[10.22218,45.98049],[10.22145,45.98059],[10.217,45.98154],[10.20914,45.98335],[10.20644,45.98538],[10.20593,45.98585],[10.20593,45.98616],[10.20635,45.99336],[10.20911,45.99337],[10.21064,45.99288],[10.2132,45.9931],[10.21341,45.99336],[10.21356,45.99367],[10.21355,45.99387],[10.21354,45.99408],[10.21344,45.9945],[10.21335,45.99477],[10.2132,45.99502],[10.21301,45.99523],[10.21263,45.99559],[10.20858,45.99812]]]}},{"type":"Feature","id":"017129","properties":{"codice_istat":"017129","comune":"Padenghe sul Garda","capoluogo":false,"area_kmq":26.891},"geometry":{"type":"Polygon","coordinates":[[[10.50432,45.52277],[10.50234,45.5225],[10.4927,45.52114],[10.48953,45.52035],[10.48718,45.51918],[10.48596,45.5182],[10.47475,45.50651],[10.47521,45.50644],[10.47571,45.50635],[10.47795,45.50569],[10.47823,45.50556],[10.48011,45.50348],[10.4836,45.49856],[10.48307,45.49545],[10.49437,45.49274],[10.50424,45.48938],[10.50727,45.48945],[10.51665,45.49023],[10.52077,45.49227],[10.53049,45.49421],[10.55158,45.49817],[10.56504,45.50053],[10.56586,45.50068],[10.56624,45.50076],[10.57589,45.5027],[10.57702,45.50295],[10.63791,45.50834],[10.63761,45.51149],[10.63674,45.5209],[10.57702,45.51807],[10.53057,45.51576],[10.53049,45.51576],[10.53034,45.51575],[10.52133,45.51919],[10.51749,45.52107],[10.51652,45.52159],[10.51615,45.52204],[10.51594,45.52274],[10.51547,45.52239],[10.51514,45.52229],[10.51402,45.52205],[10.50955,45.52127],[10.50872,45.52172],[10.50767,45.52229],[10.50432,45.52277]]]}},{"type":"Feature","id":"017130","properties":{"codice_istat":"017130","comune":"Paderno Franciacorta","capoluogo":false,"area_kmq":5.842},"geometry":{"type":"Polygon","coordinates":[[[10.08825,45.59463],[10.0881,45.59549],[10.08362,45.59644],[10.07461,45.59456],[10.07007,45.59216],[10.06843,45.5905],[10.06829,45.59031],[10.06775,45.58786],[10.06895,45.57852],[10.07094,45.5759],[10.07611,45.57218],[10.07892,45.57122],[10.08537,45.56793],[10.08714,45.56594],[10.09409,45.57354],[10.09542,45.57558],[10.09582,45.57616],[10.09619,45.5767],[10.09642,45.577],[10.09682,45.57744],[10.09925,45.5801],[10.09963,45.58044],[10.10119,45.58186],[10.10203,45.58163],[10.10233,45.58163],[10.10271,45.58165],[10.10299,45.58215],[10.10361,45.58333],[10.10382,45.58373],[10.10382,45.58405],[10.10382,45.58408],[10.09995,45.58772],[10.09267,45.59136],[10.08825,45.59463]]]}},{"type":"Feature","id":"017131","properties":{"codice_istat":"017131","comune":"Paisco Loveno","capoluogo":false,"area_kmq":36.001},"geometry":{"type":"Polygon","coordinates":[[[10.24792,46.1],[10.24625,46.10034],[10.24518,46.10051],[10.24465,46.10042],[10.24388,46.10026],[10.24328,46.10004],[10.24236,46.09957],[10.24103,46.09887],[10.24076,46.09858],[10.23621,46.09578],[10.22803,46.09084],[10.22289,46.0878],[10.21197,46.0853],[10.202,46.0814],[10.1896,46.0797],[10.18503,46.08095],[10.18293,46.08039],[10.18185,46.07992],[10.17542,46.07075],[10.17043,46.05938],[10.16956,46.05705],[10.1701,46.05527],[10.1703,46.05464],[10.17071,46.05407],[10.17119,46.05348],[10.1739,46.05227],[10.1758,46.05164],[10.17812,46.0518],[10.18465,46.05206],[10.18768,46.052],[10.19219,46.05169],[10.19274,46.05159],[10.19677,46.04979],[10.19765,46.04808],[10.19769,46.04763],[10.19775,46.04739],[10.19802,46.04714],[10.19977,46.04652],[10.20201,46.04587],[10.20292,46.04575],[10.20392,46.04573],[10.20433,46.04573],[10.20515,46.04584],[10.20555,46.04595],[10.20614,46.04611],[10.21001,46.04837],[10.21094,46.04919],[10.21127,46.04955],[10.21179,46.05042],[10.21193,46.0507],[10.22278,46.04952],[10.22809,46.04822],[10.22883,46.04815],[10.23103,46.04798],[10.23134,46.04797],[10.23525,46.0496],[10.23645,46.05031],[10.23926,46.05236],[10.24337,46.05664],[10.24478,46.05807],[10.24623,46.05945],[10.24782,46.05997],[10.25865,46.06305],[10.26765,46.06556],[10.27286,46.06767],[10.27983,46.07059],[10.28233,46.07281],[10.28388,46.07371],[10.28717,46.07507],[10.28964,46.07589],[10.29023,46.07594],[10.29109,46.07597],[10.29286,46.07593],[10.29331,46.07579],[10.30822,46.0806],[10.31171,46.08981],[10.30314,46.09215],[10.28744,46.09435],[10.27265,46.09571],[10.26716,46.0977],[10.26656,46.09781],[10.26577,46.09791],[10.26489,46.09786],[10.25547,46.09667],[10.25492,46.09656],[10.25444,46.09653],[10.25402,46.09668],[10.25113,46.09807],[10.24922,46.09915],[10.24792,46.1]]]}},{"type":"Feature","id":"017132","properties":{"codice_istat":"017132","comune":"Paitone","capoluogo":false,"area_kmq":8.214},"geometry":{"type":"Polygon","coordinates":[[[10.40158,45.59259],[10.39523,45.59235],[10.3953,45.5921],[10.39513,45.59172],[10.39477,45.59094],[10.39457,45.59074],[10.39138,45.58959],[10.38806,45.58865],[10.38524,45.58616],[10.3828,45.58061],[10.38135,45.57107],[10.38231,45.56302],[10.38304,45.56212],[10.38597,45.55941],[10.39717,45.54964],[10.40116,45.54686],[10.40196,45.54652],[10.40333,45.54675],[10.40511,45.54778],[10.4105,45.551],[10.41231,45.5521],[10.41447,45.55349],[10.41421,45.55714],[10.41095,45.56084],[10.41141,45.56302],[10.41173,45.56444],[10.40989,45.569],[10.4078,45.57305],[10.40528,45.57789],[10.40383,45.58],[10.40079,45.58257],[10.40026,45.58762],[10.40124,45.59197],[10.40158,45.59259]]]}},{"type":"Feature","id":"017133","properties":{"codice_istat":"017133","comune":"Palazzolo sull'Oglio","capoluogo":false,"area_kmq":23.402},"geometry":{"type":"Polygon","coordinates":[[[9.90703,45.62249],[9.90222,45.62382],[9.89958,45.61853],[9.8974,45.61399],[9.89566,45.60957],[9.89497,45.60838],[9.89349,45.60619],[9.89326,45.60588],[9.89267,45.60535],[9.89208,45.60484],[9.8919,45.60468],[9.89159,45.60443],[9.88812,45.60276],[9.88788,45.60265],[9.88745,45.60266],[9.88722,45.60284],[9.88541,45.6044],[9.88453,45.6063],[9.87599,45.60949],[9.87381,45.60687],[9.87122,45.60739],[9.87066,45.60757],[9.87031,45.60772],[9.87013,45.60788],[9.86822,45.60999],[9.86516,45.61062],[9.8646,45.61026],[9.8643,45.6099],[9.86331,45.60829],[9.86218,45.60628],[9.86162,45.60507],[9.86154,45.60486],[9.86112,45.60472],[9.86031,45.60453],[9.85943,45.60437],[9.85632,45.60388],[9.85529,45.60371],[9.85055,45.60315],[9.85019,45.60231],[9.84953,45.60028],[9.84906,45.59881],[9.85105,45.59603],[9.85412,45.5943],[9.85439,45.5916],[9.85484,45.58668],[9.85503,45.58408],[9.86177,45.58479],[9.86273,45.58214],[9.86369,45.5772],[9.86383,45.57663],[9.86396,45.57608],[9.86462,45.57404],[9.86489,45.57379],[9.86794,45.57403],[9.87237,45.57448],[9.87638,45.57025],[9.87556,45.568],[9.87544,45.56615],[9.87722,45.5575],[9.87893,45.55462],[9.8836,45.55269],[9.8861,45.55856],[9.88717,45.5607],[9.89078,45.56031],[9.89104,45.5598],[9.8925,45.56132],[9.89699,45.56709],[9.90261,45.56866],[9.90656,45.57354],[9.90845,45.57684],[9.90989,45.58044],[9.90894,45.58273],[9.90713,45.58342],[9.90834,45.58616],[9.91014,45.5895],[9.91089,45.59081],[9.91254,45.59682],[9.91991,45.60128],[9.92572,45.60458],[9.92581,45.60455],[9.92623,45.6044],[9.92696,45.60436],[9.9274,45.60452],[9.92766,45.60462],[9.92811,45.60485],[9.9307,45.60629],[9.93201,45.60748],[9.93279,45.60853],[9.93108,45.60913],[9.93033,45.6105],[9.9299,45.61542],[9.93467,45.61761],[9.93554,45.6193],[9.92894,45.61861],[9.92373,45.61872],[9.92242,45.6188],[9.90703,45.62249]]]}},{"type":"Feature","id":"017134","properties":{"codice_istat":"017134","comune":"Paratico","capoluogo":false,"area_kmq":6.1},"geometry":{"type":"Polygon","coordinates":[[[9.95695,45.66575],[9.94909,45.66612],[9.94228,45.66528],[9.93798,45.66168],[9.9382,45.65724],[9.9384,45.65723],[9.93879,45.65719],[9.93881,45.65692],[9.93865,45.65625],[9.93858,45.65598],[9.93517,45.64878],[9.93468,45.64774],[9.93779,45.64668],[9.93809,45.64673],[9.94842,45.64847],[9.95573,45.64656],[9.96197,45.64679],[9.97052,45.64757],[9.97562,45.65067],[9.97758,45.6527],[9.97863,45.65332],[9.97879,45.6535],[9.97888,45.65375],[9.97981,45.65792],[9.97757,45.66198],[9.97708,45.66258],[9.97701,45.66265],[9.97697,45.66269],[9.97322,45.66651],[9.97287,45.66629],[9.9719,45.66583],[9.97141,45.66563],[9.96868,45.66454],[9.96795,45.66433],[9.96724,45.66417],[9.96568,45.66396],[9.96494,45.66392],[9.96447,45.6639],[9.96341,45.66391],[9.96242,45.664],[9.9619,45.6641],[9.96146,45.66419],[9.95902,45.66475],[9.95865,45.66489],[9.95833,45.66501],[9.95778,45.66523],[9.95735,45.66544],[9.95695,45.66575]]]}},{"type":"Feature","id":"017135","properties":{"codice_istat":"017135","comune":"Paspardo","capoluogo":false,"area_kmq":11.351},"geometry":{"type":"Polygon","coordinates":[[[10.40216,46.04437],[10.40666,46.04701],[10.40881,46.0482],[10.40914,46.04865],[10.40962,46.04972],[10.41058,46.05222],[10.41066,46.05245],[10.41072,46.05273],[10.41062,46.05307],[10.4105,46.05333],[10.41015,46.05373],[10.40969,46.05399],[10.40926,46.05419],[10.40428,46.05641],[10.40377,46.05662],[10.40316,46.05686],[10.40271,46.05703],[10.40213,46.05724],[10.39008,46.0607],[10.38208,46.0596],[10.37288,46.05676],[10.36799,46.05499],[10.36787,46.05268],[10.36159,46.04681],[10.35295,46.04596],[10.35566,46.04355],[10.35742,46.04068],[10.35846,46.03701],[10.35852,46.03667],[10.3584,46.03622],[10.35813,46.03539],[10.357,46.03214],[10.35616,46.03147],[10.35788,46.03011],[10.35854,46.02962],[10.35878,46.02945],[10.36088,46.02824],[10.36403,46.02722],[10.37697,46.02665],[10.38147,46.02684],[10.38227,46.02689],[10.40202,46.03058],[10.40308,46.03089],[10.40354,46.03116],[10.40451,46.032],[10.40472,46.0322],[10.40487,46.03268],[10.40465,46.03304],[10.40405,46.03339],[10.4028,46.03409],[10.39976,46.03536],[10.39777,46.03583],[10.39644,46.03618],[10.39751,46.03797],[10.39783,46.03846],[10.40072,46.04269],[10.40104,46.04315],[10.40171,46.044],[10.40196,46.04421],[10.40216,46.04437]]]}},{"type":"Feature","id":"017136","properties":{"codice_istat":"017136","comune":"Passirano","capoluogo":false,"area_kmq":13.319},"geometry":{"type":"Polygon","coordinates":[[[10.07477,45.62088],[10.07061,45.62133],[10.06455,45.61615],[10.06235,45.61338],[10.06193,45.61207],[10.06175,45.6119],[10.06038,45.61177],[10.05719,45.61178],[10.05335,45.61263],[10.05296,45.61275],[10.05256,45.61294],[10.05211,45.61364],[10.05178,45.61417],[10.05169,45.61449],[10.05166,45.61495],[10.0518,45.61542],[10.05201,45.61569],[10.0525,45.61597],[10.0527,45.61627],[10.05298,45.6168],[10.05163,45.61758],[10.05139,45.61769],[10.0508,45.61791],[10.05016,45.61804],[10.04965,45.61802],[10.03693,45.61621],[10.02831,45.61665],[10.0277,45.61554],[10.02673,45.6132],[10.02665,45.6128],[10.02658,45.61245],[10.02649,45.6118],[10.02643,45.61026],[10.02655,45.6074],[10.02603,45.60682],[10.02563,45.6065],[10.02462,45.60583],[10.02405,45.60559],[10.02354,45.60539],[10.02582,45.60363],[10.03024,45.60183],[10.03239,45.602],[10.03446,45.60225],[10.03911,45.60298],[10.04962,45.59873],[10.05591,45.59138],[10.05904,45.58383],[10.06019,45.5751],[10.06277,45.56915],[10.06319,45.56733],[10.06127,45.56693],[10.08469,45.56247],[10.0855,45.56239],[10.08617,45.56297],[10.08747,45.56409],[10.08714,45.56594],[10.08537,45.56793],[10.07892,45.57122],[10.07611,45.57218],[10.07094,45.5759],[10.06895,45.57852],[10.06775,45.58786],[10.06829,45.59031],[10.06843,45.5905],[10.07007,45.59216],[10.07461,45.59456],[10.08362,45.59644],[10.0881,45.59549],[10.08722,45.598],[10.08688,45.60501],[10.08734,45.60906],[10.08665,45.61183],[10.07555,45.61604],[10.076,45.61846],[10.07477,45.62088]]]}},{"type":"Feature","id":"017137","properties":{"codice_istat":"017137","comune":"Pavone del Mella","capoluogo":false,"area_kmq":11.725},"geometry":{"type":"Polygon","coordinates":[[[10.20738,45.32453],[10.20556,45.32407],[10.20379,45.32362],[10.2038,45.32322],[10.20411,45.32155],[10.20451,45.32139],[10.2049,45.32119],[10.20508,45.32086],[10.20504,45.3206],[10.20493,45.32034],[10.20362,45.31814],[10.20192,45.31683],[10.20077,45.31474],[10.20052,45.30975],[10.20224,45.30718],[10.20033,45.30051],[10.19788,45.2988],[10.19866,45.29387],[10.20008,45.29177],[10.20022,45.2896],[10.20265,45.2823],[10.20601,45.28046],[10.20598,45.28133],[10.20632,45.28258],[10.20776,45.28611],[10.21111,45.28589],[10.22093,45.28473],[10.22902,45.28664],[10.23541,45.28736],[10.23816,45.29151],[10.24233,45.3037],[10.2429,45.31165],[10.23871,45.31288],[10.22695,45.31628],[10.21767,45.32306],[10.21409,45.32386],[10.21394,45.32389],[10.20897,45.3245],[10.20868,45.32452],[10.20738,45.32453]]]}},{"type":"Feature","id":"017138","properties":{"codice_istat":"017138","comune":"San Paolo","capoluogo":false,"area_kmq":18.52},"geometry":{"type":"Polygon","coordinates":[[[10.04266,45.39001],[10.03298,45.393],[10.03067,45.39581],[10.0306,45.39607],[10.02745,45.39748],[10.0225,45.39691],[10.01943,45.39596],[10.01907,45.39315],[10.01861,45.39161],[10.01724,45.38842],[10.00756,45.38781],[10.00203,45.38872],[9.99681,45.38321],[9.9968,45.38299],[9.99675,45.38273],[9.99663,45.3823],[9.99516,45.37778],[9.99158,45.3783],[9.99092,45.37615],[9.99381,45.37009],[10.00488,45.36718],[10.0095,45.36259],[10.00939,45.35884],[10.00896,45.35473],[10.01465,45.35074],[10.0205,45.34849],[10.02369,45.34789],[10.02422,45.34981],[10.02306,45.35153],[10.03016,45.35139],[10.03337,45.35041],[10.03585,45.34948],[10.03974,45.35468],[10.0416,45.35716],[10.04407,45.36073],[10.04413,45.36082],[10.04536,45.36258],[10.04547,45.36274],[10.04656,45.36432],[10.04718,45.36517],[10.04757,45.36571],[10.05271,45.37272],[10.05423,45.3738],[10.05651,45.37507],[10.06587,45.37494],[10.07025,45.37421],[10.07359,45.3736],[10.07295,45.37636],[10.06995,45.37738],[10.06238,45.38273],[10.06279,45.38774],[10.05931,45.39035],[10.04941,45.39158],[10.04266,45.39001]]]}},{"type":"Feature","id":"017139","properties":{"codice_istat":"017139","comune":"Pertica Alta","capoluogo":false,"area_kmq":21.125},"geometry":{"type":"Polygon","coordinates":[[[10.3408,45.76112],[10.3379,45.77784],[10.33827,45.77906],[10.3385,45.77985],[10.33859,45.78027],[10.33853,45.78072],[10.33811,45.78386],[10.33749,45.78775],[10.33262,45.78432],[10.33027,45.78168],[10.32844,45.77878],[10.3272,45.77474],[10.32023,45.76543],[10.31564,45.75908],[10.31137,45.74969],[10.31053,45.74468],[10.30299,45.73534],[10.29644,45.7303],[10.29775,45.72493],[10.30977,45.72423],[10.31029,45.72498],[10.31053,45.72531],[10.31227,45.72734],[10.3126,45.72771],[10.31517,45.73029],[10.31556,45.73066],[10.31596,45.73103],[10.31626,45.73128],[10.31659,45.73153],[10.31693,45.73171],[10.31744,45.73184],[10.31783,45.73191],[10.32092,45.73235],[10.32148,45.73242],[10.32257,45.73252],[10.33794,45.73294],[10.33906,45.73283],[10.3403,45.73264],[10.34153,45.73242],[10.34186,45.73234],[10.34221,45.73223],[10.34266,45.73198],[10.35488,45.72414],[10.35892,45.71968],[10.36235,45.71658],[10.36996,45.71421],[10.37591,45.71164],[10.37841,45.7103],[10.37856,45.71112],[10.37863,45.71134],[10.3788,45.71151],[10.38071,45.71246],[10.38896,45.71635],[10.38945,45.71777],[10.38922,45.72343],[10.38879,45.72355],[10.38839,45.72369],[10.38763,45.72397],[10.38721,45.72414],[10.3868,45.72436],[10.38301,45.72736],[10.38125,45.72893],[10.37797,45.7331],[10.37836,45.73699],[10.36137,45.74138],[10.35813,45.74285],[10.35762,45.74308],[10.3572,45.74328],[10.35687,45.74348],[10.35661,45.74391],[10.35672,45.7451],[10.35686,45.7472],[10.35696,45.74911],[10.35687,45.75043],[10.35663,45.7525],[10.35238,45.75324],[10.35052,45.75352],[10.3501,45.75347],[10.34973,45.75344],[10.3494,45.75345],[10.34882,45.7535],[10.34429,45.75468],[10.34313,45.75627],[10.34159,45.75923],[10.3408,45.76112]]]}},{"type":"Feature","id":"017140","properties":{"codice_istat":"017140","comune":"Pertica Bassa","capoluogo":false,"area_kmq":30.272},"geometry":{"type":"Polygon","coordinates":[[[10.36433,45.79248],[10.36402,45.79249],[10.36336,45.7925],[10.36228,45.79247],[10.35754,45.79206],[10.35513,45.79144],[10.35469,45.79132],[10.35041,45.79012],[10.3462,45.78885],[10.34205,45.78794],[10.33749,45.78775],[10.33811,45.78386],[10.33853,45.78072],[10.33859,45.78027],[10.3385,45.77985],[10.33827,45.77906],[10.3379,45.77784],[10.3408,45.76112],[10.34159,45.75923],[10.34313,45.75627],[10.34429,45.75468],[10.34882,45.7535],[10.3494,45.75345],[10.34973,45.75344],[10.3501,45.75347],[10.35052,45.75352],[10.35238,45.75324],[10.35663,45.7525],[10.35687,45.75043],[10.35696,45.74911],[10.35686,45.7472],[10.35672,45.7451],[10.35661,45.74391],[10.35687,45.74348],[10.3572,45.74328],[10.35762,45.74308],[10.35813,45.74285],[10.36137,45.74138],[10.37836,45.73699],[10.37797,45.7331],[10.38125,45.72893],[10.38301,45.72736],[10.3868,45.72436],[10.38721,45.72414],[10.38763,45.72397],[10.38839,45.72369],[10.38879,45.72355],[10.38922,45.72343],[10.39024,45.72339],[10.39072,45.7234],[10.39114,45.72342],[10.39145,45.72345],[10.39441,45.72377],[10.39459,45.7238],[10.39569,45.72401],[10.39859,45.72468],[10.40364,45.72586],[10.41265,45.72821],[10.41885,45.73084],[10.42006,45.73142],[10.42238,45.73316],[10.42302,45.73683],[10.42318,45.73908],[10.42182,45.74158],[10.41904,45.74379],[10.41284,45.74814],[10.40828,45.75003],[10.40309,45.74984],[10.40244,45.74991],[10.40093,45.75077],[10.39964,45.75151],[10.39846,45.75225],[10.39821,45.75243],[10.39769,45.75287],[10.39744,45.75313],[10.39477,45.75901],[10.39436,45.75995],[10.39513,45.76142],[10.39542,45.76192],[10.39972,45.76908],[10.40121,45.77239],[10.39825,45.78645],[10.39801,45.78691],[10.39761,45.78722],[10.39704,45.78756],[10.39633,45.78794],[10.39541,45.78832],[10.39467,45.78861],[10.39419,45.78873],[10.38527,45.79058],[10.38159,45.79113],[10.38054,45.7911],[10.3799,45.7911],[10.37926,45.79111],[10.37857,45.79118],[10.37489,45.79152],[10.37258,45.79176],[10.36953,45.79219],[10.36433,45.79248]]]}},{"type":"Feature","id":"017141","properties":{"codice_istat":"017141","comune":"Pezzaze","capoluogo":false,"area_kmq":21.685},"geometry":{"type":"Polygon","coordinates":[[[10.23239,45.80021],[10.22456,45.8123],[10.2225,45.8155],[10.21106,45.80837],[10.2113,45.80795],[10.21147,45.80757],[10.21149,45.80729],[10.21149,45.80704],[10.21149,45.80676],[10.21141,45.80654],[10.2113,45.80631],[10.2111,45.80597],[10.21087,45.80559],[10.2107,45.8053],[10.202,45.79669],[10.19335,45.79017],[10.18941,45.78396],[10.18618,45.7799],[10.18184,45.77512],[10.17753,45.7707],[10.17388,45.76693],[10.17366,45.76665],[10.17428,45.76638],[10.17475,45.76638],[10.17783,45.76643],[10.1849,45.76694],[10.19241,45.76773],[10.19587,45.76869],[10.20406,45.77014],[10.21758,45.76973],[10.22581,45.76872],[10.22621,45.76545],[10.22912,45.76186],[10.23157,45.76033],[10.23523,45.75966],[10.23957,45.75788],[10.2492,45.75379],[10.25088,45.75305],[10.25601,45.75555],[10.2636,45.75904],[10.2685,45.76017],[10.26679,45.76071],[10.26651,45.7608],[10.26606,45.76107],[10.26259,45.76676],[10.26121,45.77063],[10.25993,45.77462],[10.25903,45.77598],[10.25621,45.77884],[10.24695,45.7869],[10.2448,45.78856],[10.24237,45.79012],[10.2413,45.79066],[10.23968,45.79132],[10.2394,45.79143],[10.23239,45.80021]]]}},{"type":"Feature","id":"017142","properties":{"codice_istat":"017142","comune":"Pian Camuno","capoluogo":false,"area_kmq":10.693},"geometry":{"type":"Polygon","coordinates":[[[10.14641,45.85153],[10.14581,45.85195],[10.14366,45.85039],[10.13654,45.84554],[10.12703,45.83942],[10.12139,45.83595],[10.12011,45.82982],[10.12038,45.83033],[10.12053,45.83056],[10.121,45.83106],[10.12125,45.83127],[10.12144,45.83143],[10.1216,45.83157],[10.12198,45.83185],[10.12225,45.83195],[10.1265,45.83317],[10.12852,45.83354],[10.13397,45.8345],[10.13454,45.8341],[10.13505,45.83359],[10.13571,45.83274],[10.14346,45.82692],[10.15295,45.82289],[10.1565,45.8214],[10.16119,45.81983],[10.16315,45.81974],[10.17013,45.82003],[10.175,45.82117],[10.17544,45.82132],[10.17738,45.82117],[10.17801,45.82104],[10.17912,45.8208],[10.18456,45.81949],[10.18509,45.81927],[10.18548,45.81899],[10.18572,45.81855],[10.18589,45.81808],[10.18652,45.81341],[10.18664,45.81266],[10.18684,45.81145],[10.19478,45.80898],[10.19492,45.80894],[10.19685,45.80912],[10.19872,45.80946],[10.19962,45.80961],[10.20263,45.80977],[10.20804,45.80992],[10.20842,45.8099],[10.20872,45.80982],[10.20954,45.8095],[10.20998,45.81013],[10.21019,45.81056],[10.21022,45.8108],[10.21019,45.81101],[10.21012,45.81124],[10.20989,45.81182],[10.20971,45.81209],[10.20947,45.8124],[10.209,45.81295],[10.20864,45.81334],[10.207,45.81509],[10.20557,45.81599],[10.20512,45.81626],[10.19535,45.8212],[10.18063,45.82855],[10.17465,45.83146],[10.17347,45.83225],[10.1712,45.83409],[10.16928,45.83567],[10.1651,45.83964],[10.15577,45.847],[10.14988,45.84924],[10.14641,45.85153]]]}},{"type":"Feature","id":"017143","properties":{"codice_istat":"017143","comune":"Pisogne","capoluogo":false,"area_kmq":49.246},"geometry":{"type":"Polygon","coordinates":[[[10.13571,45.83274],[10.13505,45.83359],[10.13454,45.8341],[10.13397,45.8345],[10.12852,45.83354],[10.1265,45.83317],[10.12225,45.83195],[10.12198,45.83185],[10.1216,45.83157],[10.12144,45.83143],[10.12125,45.83127],[10.121,45.83106],[10.12053,45.83056],[10.12038,45.83033],[10.12011,45.82982],[10.11924,45.82816],[10.1081,45.81547],[10.10124,45.80955],[10.10083,45.8093],[10.09584,45.80694],[10.09552,45.8068],[10.07923,45.80143],[10.07701,45.80085],[10.07636,45.80048],[10.07274,45.79826],[10.07161,45.79743],[10.07078,45.79654],[10.06657,45.79189],[10.0646,45.78943],[10.06382,45.7884],[10.06111,45.78384],[10.05987,45.78118],[10.07122,45.77668],[10.07419,45.77625],[10.07899,45.77583],[10.08817,45.77122],[10.09047,45.7703],[10.09357,45.77034],[10.09893,45.77131],[10.1078,45.77535],[10.10986,45.77664],[10.1142,45.78085],[10.11591,45.78336],[10.11741,45.78531],[10.12151,45.7839],[10.12467,45.7819],[10.13646,45.77656],[10.14529,45.77258],[10.14865,45.77084],[10.1546,45.76666],[10.15725,45.7647],[10.16005,45.76262],[10.16048,45.76231],[10.16127,45.76191],[10.16251,45.76137],[10.16319,45.76112],[10.16445,45.76276],[10.16677,45.76554],[10.16702,45.76581],[10.16749,45.76617],[10.17491,45.7692],[10.17753,45.7707],[10.18184,45.77512],[10.18618,45.7799],[10.18941,45.78396],[10.19335,45.79017],[10.202,45.79669],[10.2107,45.8053],[10.21087,45.80559],[10.2111,45.80597],[10.2113,45.80631],[10.21141,45.80654],[10.21149,45.80676],[10.21149,45.80704],[10.21149,45.80729],[10.21147,45.80757],[10.2113,45.80795],[10.21106,45.80837],[10.20954,45.8095],[10.20872,45.80982],[10.20842,45.8099],[10.20804,45.80992],[10.20263,45.80977],[10.19962,45.80961],[10.19872,45.80946],[10.19685,45.80912],[10.19492,45.80894],[10.19478,45.80898],[10.18684,45.81145],[10.18664,45.81266],[10.18652,45.81341],[10.18589,45.81808],[10.18572,45.81855],[10.18548,45.81899],[10.18509,45.81927],[10.18456,45.81949],[10.17912,45.8208],[10.17801,45.82104],[10.17738,45.82117],[10.17544,45.82132],[10.175,45.82117],[10.17013,45.82003],[10.16315,45.81974],[10.16119,45.81983],[10.1565,45.8214],[10.15295,45.82289],[10.14346,45.82692],[10.13571,45.83274]]]}},{"type":"Feature","id":"017144","properties":{"codice_istat":"017144","comune":"Polaveno","capoluogo":false,"area_kmq":9.129},"geometry":{"type":"Polygon","coordinates":[[[10.14624,45.68043],[10.14322,45.68245],[10.14138,45.68352],[10.13571,45.67827],[10.13467,45.67656],[10.13378,45.67521],[10.13252,45.67381],[10.13187,45.6731],[10.13156,45.67288],[10.12785,45.67109],[10.12585,45.67021],[10.12127,45.66843],[10.11812,45.66741],[10.11521,45.66648],[10.11224,45.66567],[10.11004,45.66513],[10.10953,45.6651],[10.10908,45.66508],[10.10855,45.66506],[10.10811,45.6651],[10.10126,45.66599],[10.10584,45.66032],[10.10705,45.65953],[10.11085,45.6573],[10.11281,45.65691],[10.11327,45.65689],[10.11519,45.65665],[10.11629,45.65646],[10.11731,45.65617],[10.11786,45.656],[10.11857,45.65576],[10.11872,45.65562],[10.11889,45.65545],[10.1188,45.65525],[10.11843,45.65503],[10.11471,45.65361],[10.13561,45.64982],[10.13733,45.65164],[10.13769,45.65197],[10.13804,45.65228],[10.13956,45.65331],[10.14027,45.65289],[10.14065,45.6526],[10.14084,45.65245],[10.14084,45.65234],[10.14079,45.65132],[10.14222,45.6502],[10.14349,45.64959],[10.14689,45.65021],[10.15171,45.65124],[10.15993,45.65471],[10.15801,45.65586],[10.15832,45.65703],[10.15979,45.65855],[10.16152,45.66024],[10.16185,45.66051],[10.15901,45.66297],[10.15407,45.6671],[10.15395,45.66711],[10.15371,45.66715],[10.15339,45.66742],[10.15334,45.66749],[10.15325,45.6679],[10.15323,45.66823],[10.15325,45.66848],[10.15352,45.67095],[10.1536,45.67145],[10.15474,45.67604],[10.15337,45.67642],[10.14943,45.67769],[10.14882,45.6779],[10.14812,45.67814],[10.14761,45.67833],[10.14725,45.67888],[10.14624,45.68043]]]}},{"type":"Feature","id":"017145","properties":{"codice_istat":"017145","comune":"Polpenazze del Garda","capoluogo":false,"area_kmq":9.003},"geometry":{"type":"Polygon","coordinates":[[[10.53246,45.55698],[10.53206,45.56121],[10.532,45.56175],[10.53177,45.56275],[10.53139,45.56396],[10.52831,45.56268],[10.52173,45.5605],[10.50885,45.55782],[10.49798,45.55661],[10.49357,45.55625],[10.49145,45.55618],[10.48897,45.55529],[10.48533,45.55304],[10.48296,45.55118],[10.48322,45.55067],[10.48395,45.54927],[10.48418,45.54905],[10.48657,45.54756],[10.48671,45.54647],[10.48598,45.54449],[10.48582,45.54421],[10.48121,45.5413],[10.47927,45.54022],[10.47105,45.53977],[10.46675,45.53874],[10.46534,45.53742],[10.46441,45.53617],[10.46534,45.5331],[10.46925,45.52982],[10.46985,45.52974],[10.47244,45.52937],[10.47296,45.52931],[10.47643,45.53009],[10.48145,45.52968],[10.48373,45.52932],[10.48501,45.52866],[10.48713,45.52754],[10.48743,45.53092],[10.492,45.53495],[10.49622,45.53735],[10.51022,45.54122],[10.51236,45.54274],[10.51527,45.5437],[10.51572,45.54383],[10.51603,45.54387],[10.52307,45.54446],[10.52715,45.54455],[10.5263,45.54568],[10.52566,45.54684],[10.52585,45.54841],[10.52756,45.54992],[10.52865,45.55035],[10.52953,45.55045],[10.53068,45.55057],[10.53225,45.55138],[10.53235,45.55157],[10.53255,45.55191],[10.53246,45.55698]]]}},{"type":"Feature","id":"017146","properties":{"codice_istat":"017146","comune":"Pompiano","capoluogo":false,"area_kmq":15.254},"geometry":{"type":"Polygon","coordinates":[[[9.98318,45.45079],[9.98191,45.45066],[9.97982,45.45022],[9.98045,45.44675],[9.98039,45.44568],[9.98021,45.44476],[9.97602,45.4436],[9.97096,45.44284],[9.96889,45.44307],[9.96825,45.44313],[9.96597,45.4397],[9.9665,45.43711],[9.96896,45.43712],[9.97409,45.43034],[9.97914,45.42073],[9.97867,45.4164],[9.97719,45.41236],[9.97721,45.4069],[9.98174,45.40608],[9.98318,45.40442],[9.98344,45.4031],[9.98355,45.40215],[9.9836,45.40163],[9.98226,45.40005],[9.98013,45.3965],[9.98325,45.39546],[9.98752,45.39136],[9.98847,45.38924],[9.99529,45.39291],[10.00082,45.39746],[10.01189,45.40452],[10.01326,45.40517],[10.01647,45.40521],[10.02036,45.40458],[10.02499,45.40373],[10.02638,45.40378],[10.02742,45.40684],[10.02545,45.40957],[10.02426,45.41422],[10.02213,45.41419],[10.02031,45.41417],[10.01813,45.41533],[10.01031,45.42437],[10.00495,45.43124],[10.00297,45.43596],[9.99587,45.44185],[9.98531,45.45039],[9.98318,45.45079]]]}},{"type":"Feature","id":"017147","properties":{"codice_istat":"017147","comune":"Poncarale","capoluogo":false,"area_kmq":12.798},"geometry":{"type":"Polygon","coordinates":[[[10.21409,45.47415],[10.20703,45.47516],[10.19949,45.47025],[10.19932,45.46988],[10.19915,45.46957],[10.1988,45.46937],[10.19453,45.46861],[10.19239,45.46915],[10.19228,45.46873],[10.19211,45.46834],[10.19182,45.46792],[10.19111,45.4669],[10.19089,45.46663],[10.19014,45.46581],[10.18682,45.46599],[10.17986,45.46724],[10.17142,45.46558],[10.16413,45.46788],[10.16124,45.4705],[10.15514,45.47197],[10.15454,45.47075],[10.15015,45.4638],[10.14897,45.46369],[10.14672,45.45928],[10.14668,45.4592],[10.14667,45.45901],[10.14658,45.45802],[10.1464,45.45603],[10.15931,45.45391],[10.15547,45.44523],[10.1575,45.44425],[10.1572,45.44276],[10.16106,45.44139],[10.1627,45.44122],[10.16857,45.44074],[10.17654,45.44397],[10.19208,45.4487],[10.19917,45.44988],[10.20514,45.44934],[10.20568,45.44925],[10.207,45.44892],[10.20961,45.4508],[10.21016,45.45123],[10.21161,45.45245],[10.21287,45.45361],[10.2139,45.45468],[10.21406,45.4549],[10.21426,45.45523],[10.21809,45.46255],[10.21957,45.46744],[10.2179,45.46748],[10.21409,45.47415]]]}},{"type":"Feature","id":"017148","properties":{"codice_istat":"017148","comune":"Ponte di Legno","capoluogo":false,"area_kmq":100.099},"geometry":{"type":"Polygon","coordinates":[[[10.47103,46.35465],[10.4692,46.35461],[10.46431,46.35369],[10.45938,46.352],[10.45279,46.34836],[10.44409,46.34299],[10.43276,46.33709],[10.43264,46.33644],[10.43258,46.33504],[10.43278,46.3336],[10.43704,46.32309],[10.43723,46.32261],[10.43748,46.32207],[10.43911,46.31886],[10.43993,46.31765],[10.44087,46.31664],[10.4433,46.31726],[10.45167,46.31984],[10.46631,46.32009],[10.47843,46.3118],[10.48111,46.30994],[10.48122,46.30974],[10.48146,46.30894],[10.48155,46.30856],[10.48137,46.30814],[10.48027,46.30614],[10.48701,46.30049],[10.49364,46.298],[10.50191,46.29301],[10.50274,46.29238],[10.50319,46.29204],[10.50361,46.29168],[10.50412,46.29124],[10.50612,46.28942],[10.50787,46.28741],[10.50835,46.28648],[10.50856,46.28607],[10.50907,46.28503],[10.50971,46.28366],[10.51002,46.28074],[10.50959,46.27027],[10.50322,46.26441],[10.49744,46.25642],[10.49679,46.25512],[10.4966,46.24344],[10.49759,46.24031],[10.50037,46.24093],[10.50393,46.23856],[10.50884,46.22986],[10.51028,46.22625],[10.50931,46.22479],[10.50896,46.2245],[10.50853,46.2242],[10.50607,46.21982],[10.50576,46.21467],[10.50742,46.21245],[10.51413,46.20896],[10.5162,46.20826],[10.51652,46.20807],[10.51675,46.20788],[10.51696,46.20755],[10.51706,46.20713],[10.51704,46.20689],[10.51637,46.2049],[10.51291,46.19846],[10.512,46.19677],[10.51179,46.19626],[10.5116,46.19578],[10.51129,46.1947],[10.51125,46.19429],[10.51133,46.19378],[10.51235,46.18994],[10.51373,46.18804],[10.51637,46.1844],[10.51662,46.1841],[10.51707,46.18368],[10.51742,46.18339],[10.51773,46.18324],[10.51838,46.18295],[10.51966,46.18254],[10.5414,46.18862],[10.54496,46.19397],[10.54936,46.20463],[10.55793,46.21146],[10.56232,46.21461],[10.56871,46.22044],[10.57045,46.22207],[10.57041,46.22321],[10.57069,46.22459],[10.5689,46.22898],[10.56783,46.23178],[10.56781,46.23183],[10.56765,46.23227],[10.56798,46.23318],[10.56802,46.2333],[10.56818,46.23363],[10.56822,46.23372],[10.57011,46.23547],[10.57062,46.23585],[10.57069,46.2359],[10.57263,46.23673],[10.57332,46.23699],[10.57365,46.23711],[10.57396,46.23712],[10.57411,46.23711],[10.57459,46.237],[10.57504,46.23691],[10.57547,46.23698],[10.57554,46.237],[10.57592,46.23709],[10.5761,46.23714],[10.57797,46.23797],[10.57993,46.23912],[10.5806,46.23953],[10.58075,46.23963],[10.5809,46.23975],[10.5812,46.24],[10.58139,46.2402],[10.58148,46.2403],[10.5849,46.24481],[10.58505,46.2487],[10.5825,46.25683],[10.5763,46.27267],[10.57162,46.27634],[10.56714,46.27826],[10.56203,46.28164],[10.56048,46.28452],[10.56309,46.28742],[10.56906,46.29159],[10.57957,46.29883],[10.57903,46.30048],[10.57805,46.30242],[10.57563,46.30564],[10.57273,46.30686],[10.56644,46.31163],[10.56486,46.31301],[10.56451,46.31362],[10.56411,46.31483],[10.56386,46.31946],[10.56459,46.32209],[10.56303,46.3273],[10.55062,46.33266],[10.53342,46.3394],[10.52101,46.34354],[10.51571,46.34322],[10.51456,46.33917],[10.51405,46.33757],[10.51372,46.33665],[10.51339,46.33585],[10.51269,46.33512],[10.51184,46.33473],[10.50984,46.33459],[10.49907,46.33465],[10.49806,46.33483],[10.49587,46.33641],[10.49546,46.3368],[10.49177,46.34242],[10.48682,46.34655],[10.47827,46.35127],[10.47103,46.35465]]]}},{"type":"Feature","id":"017149","properties":{"codice_istat":"017149","comune":"Pontevico","capoluogo":false,"area_kmq":29.109},"geometry":{"type":"Polygon","coordinates":[[[10.11403,45.31032],[10.11108,45.31077],[10.10732,45.31047],[10.10666,45.30951],[10.09886,45.307],[10.09326,45.30616],[10.08983,45.30623],[10.07352,45.30551],[10.06789,45.30279],[10.06147,45.30007],[10.06264,45.29793],[10.06771,45.29316],[10.06715,45.29063],[10.0641,45.28153],[10.06251,45.2765],[10.06276,45.27432],[10.06291,45.27342],[10.06355,45.27298],[10.0721,45.27071],[10.07816,45.27082],[10.08386,45.26963],[10.08476,45.26584],[10.08586,45.26161],[10.08709,45.25866],[10.09059,45.25437],[10.09684,45.25366],[10.09861,45.25364],[10.0995,45.25314],[10.09964,45.25307],[10.10003,45.2527],[10.10047,45.25229],[10.10069,45.25182],[10.10052,45.25119],[10.09938,45.24923],[10.09937,45.24918],[10.09936,45.24899],[10.09945,45.24863],[10.09966,45.24826],[10.10018,45.24778],[10.1013,45.24733],[10.10234,45.24693],[10.10329,45.24666],[10.10388,45.24649],[10.10529,45.24636],[10.10631,45.24649],[10.1074,45.24692],[10.10814,45.24722],[10.10891,45.24754],[10.12145,45.24726],[10.12291,45.24716],[10.1246,45.24697],[10.12586,45.24681],[10.12619,45.2502],[10.131,45.25364],[10.13151,45.25411],[10.13197,45.25466],[10.13234,45.25526],[10.13314,45.25661],[10.1335,45.25724],[10.13396,45.25817],[10.13441,45.25912],[10.13441,45.25951],[10.13366,45.26357],[10.13084,45.26843],[10.13045,45.26879],[10.13026,45.2694],[10.13014,45.27107],[10.12984,45.27546],[10.13112,45.28081],[10.13392,45.28384],[10.13788,45.28772],[10.13823,45.29104],[10.13376,45.29199],[10.12934,45.2977],[10.12582,45.30192],[10.12053,45.30209],[10.1198,45.30223],[10.11933,45.30243],[10.11959,45.30487],[10.11966,45.30538],[10.11986,45.30586],[10.11892,45.3079],[10.11642,45.30949],[10.11527,45.30985],[10.11483,45.31012],[10.11449,45.31021],[10.11403,45.31032]]]}},{"type":"Feature","id":"017150","properties":{"codice_istat":"017150","comune":"Pontoglio","capoluogo":false,"area_kmq":11.072},"geometry":{"type":"Polygon","coordinates":[[[9.86273,45.58214],[9.86177,45.58479],[9.85503,45.58408],[9.84846,45.58424],[9.84699,45.58412],[9.84588,45.58395],[9.84579,45.58393],[9.84496,45.58369],[9.84464,45.58356],[9.84397,45.58279],[9.84333,45.58192],[9.84176,45.57937],[9.8417,45.57901],[9.84172,45.5788],[9.84175,45.57827],[9.84233,45.57289],[9.84357,45.56972],[9.84219,45.56888],[9.84112,45.56824],[9.84051,45.56415],[9.83676,45.55515],[9.83659,45.54919],[9.83995,45.54692],[9.85022,45.54102],[9.85341,45.53993],[9.85529,45.54472],[9.85669,45.54641],[9.86207,45.54532],[9.86296,45.54511],[9.86767,45.54255],[9.86928,45.54537],[9.87417,45.55235],[9.87727,45.55421],[9.87893,45.55462],[9.87722,45.5575],[9.87544,45.56615],[9.87556,45.568],[9.87638,45.57025],[9.87237,45.57448],[9.86794,45.57403],[9.86489,45.57379],[9.86462,45.57404],[9.86396,45.57608],[9.86383,45.57663],[9.86369,45.5772],[9.86273,45.58214]]]}},{"type":"Feature","id":"017151","properties":{"codice_istat":"017151","comune":"Pozzolengo","capoluogo":false,"area_kmq":20.998},"geometry":{"type":"Polygon","coordinates":[[[10.64211,45.4437],[10.64028,45.4435],[10.63586,45.44211],[10.6279,45.43898],[10.62725,45.43827],[10.62689,45.4365],[10.62191,45.43183],[10.6098,45.42298],[10.60858,45.42161],[10.60608,45.41884],[10.60127,45.41535],[10.59829,45.41507],[10.59538,45.41554],[10.59201,45.41519],[10.59144,45.4151],[10.59055,45.4147],[10.58637,45.4122],[10.58602,45.41189],[10.58445,45.40985],[10.5845,45.40941],[10.58451,45.40936],[10.58585,45.40483],[10.58606,45.40439],[10.58637,45.404],[10.59157,45.3995],[10.59075,45.39706],[10.59329,45.39548],[10.59362,45.39574],[10.59405,45.3959],[10.59467,45.39612],[10.59539,45.39632],[10.59594,45.39641],[10.59706,45.39654],[10.59765,45.39648],[10.59925,45.39591],[10.59975,45.3957],[10.60024,45.39548],[10.6006,45.3953],[10.60085,45.39512],[10.60111,45.39472],[10.60129,45.39439],[10.60139,45.39411],[10.60215,45.39197],[10.60014,45.38949],[10.59797,45.38732],[10.6137,45.38267],[10.61655,45.38357],[10.6174,45.38368],[10.63332,45.38502],[10.64258,45.39039],[10.64223,45.39365],[10.64306,45.39723],[10.64341,45.39844],[10.64535,45.40459],[10.64588,45.40592],[10.64649,45.40724],[10.64774,45.40876],[10.64879,45.40984],[10.65003,45.41044],[10.65167,45.41099],[10.65311,45.41113],[10.65405,45.41101],[10.6551,45.41064],[10.65463,45.41582],[10.65305,45.41605],[10.64387,45.41782],[10.64355,45.41799],[10.64361,45.41874],[10.64366,45.41913],[10.644,45.41995],[10.64741,45.42375],[10.64801,45.43046],[10.64676,45.44104],[10.64211,45.4437]]]}},{"type":"Feature","id":"017152","properties":{"codice_istat":"017152","comune":"Pralboino","capoluogo":false,"area_kmq":17.304},"geometry":{"type":"Polygon","coordinates":[[[10.22902,45.28664],[10.22093,45.28473],[10.21111,45.28589],[10.20776,45.28611],[10.20632,45.28258],[10.20598,45.28133],[10.20601,45.28046],[10.20675,45.27883],[10.20884,45.27035],[10.20972,45.25966],[10.20928,45.25198],[10.21272,45.25011],[10.21357,45.24613],[10.21402,45.24362],[10.22078,45.24177],[10.22222,45.24048],[10.22315,45.24018],[10.2271,45.24069],[10.22849,45.24088],[10.24086,45.24301],[10.24595,45.24288],[10.24642,45.24302],[10.24829,45.24451],[10.24888,45.24575],[10.24937,45.24699],[10.25038,45.25076],[10.25748,45.25258],[10.26355,45.25149],[10.26377,45.25736],[10.26169,45.26329],[10.26185,45.26547],[10.26151,45.26545],[10.26111,45.26546],[10.26068,45.26548],[10.26016,45.26554],[10.25827,45.26794],[10.25365,45.27501],[10.24409,45.28315],[10.23963,45.2862],[10.23541,45.28736],[10.22902,45.28664]]]}},{"type":"Feature","id":"017153","properties":{"codice_istat":"017153","comune":"Preseglie","capoluogo":false,"area_kmq":11.709},"geometry":{"type":"Polygon","coordinates":[[[10.38458,45.69065],[10.37482,45.68784],[10.37357,45.68533],[10.37009,45.68255],[10.36748,45.68222],[10.36474,45.68084],[10.36345,45.67986],[10.36329,45.67963],[10.36201,45.67753],[10.36196,45.67728],[10.36199,45.67701],[10.36215,45.67652],[10.36232,45.67604],[10.3625,45.67556],[10.36445,45.67182],[10.36473,45.67132],[10.36611,45.66944],[10.36801,45.66794],[10.36743,45.66648],[10.36503,45.66308],[10.36478,45.66274],[10.36409,45.66197],[10.36346,45.66138],[10.36626,45.65956],[10.3718,45.6525],[10.37291,45.65017],[10.37353,45.64939],[10.37445,45.6493],[10.37493,45.6494],[10.37812,45.65011],[10.37926,45.65107],[10.37918,45.65154],[10.37968,45.65171],[10.38094,45.65211],[10.38435,45.65322],[10.38465,45.65331],[10.38512,45.65329],[10.38562,45.65324],[10.39115,45.65219],[10.39367,45.65128],[10.39718,45.64986],[10.40242,45.64742],[10.40512,45.6462],[10.40542,45.64617],[10.40573,45.64627],[10.40585,45.64652],[10.40568,45.6469],[10.40542,45.64748],[10.40518,45.64804],[10.40501,45.64931],[10.40588,45.65512],[10.40682,45.65952],[10.40855,45.6624],[10.40365,45.66879],[10.39986,45.67796],[10.39889,45.68157],[10.39645,45.68463],[10.39419,45.68694],[10.39291,45.68816],[10.39237,45.68858],[10.38901,45.68889],[10.38458,45.69065]]]}},{"type":"Feature","id":"017155","properties":{"codice_istat":"017155","comune":"Prevalle","capoluogo":false,"area_kmq":9.787},"geometry":{"type":"Polygon","coordinates":[[[10.4335,45.56032],[10.4278,45.56736],[10.41448,45.56536],[10.41173,45.56444],[10.41141,45.56302],[10.41095,45.56084],[10.41421,45.55714],[10.41447,45.55349],[10.41231,45.5521],[10.4105,45.551],[10.40511,45.54778],[10.40333,45.54675],[10.40208,45.54609],[10.39924,45.54427],[10.3986,45.54297],[10.39934,45.54282],[10.39981,45.54255],[10.40195,45.54071],[10.40692,45.53612],[10.40702,45.53495],[10.40448,45.53068],[10.40339,45.52696],[10.40357,45.52678],[10.40759,45.52309],[10.40849,45.52203],[10.412,45.5214],[10.41448,45.52188],[10.41608,45.52273],[10.41601,45.52303],[10.41598,45.5233],[10.41603,45.52365],[10.41625,45.52409],[10.41658,45.52445],[10.41663,45.52449],[10.41708,45.52483],[10.4179,45.52538],[10.41977,45.52598],[10.42135,45.52644],[10.42235,45.5267],[10.42482,45.52722],[10.42606,45.52726],[10.42671,45.5272],[10.42772,45.52696],[10.43324,45.53291],[10.43667,45.54234],[10.4365,45.54972],[10.44182,45.55585],[10.44139,45.55568],[10.44076,45.55555],[10.4403,45.5555],[10.43983,45.55565],[10.43666,45.55691],[10.43373,45.55931],[10.4335,45.56032]]]}},{"type":"Feature","id":"017156","properties":{"codice_istat":"017156","comune":"Provaglio d'Iseo","capoluogo":false,"area_kmq":16.191},"geometry":{"type":"Polygon","coordinates":[[[10.08008,45.65075],[10.06815,45.64924],[10.06109,45.6471],[10.05808,45.64546],[10.05357,45.64522],[10.04687,45.64521],[10.04375,45.64575],[10.04264,45.64595],[10.04236,45.6465],[10.04225,45.64715],[10.04213,45.64767],[10.04045,45.64881],[10.03355,45.65042],[10.03001,45.6489],[10.02652,45.64715],[10.02565,45.64479],[10.02858,45.64389],[10.0286,45.64301],[10.02788,45.64116],[10.02665,45.64031],[10.02402,45.63877],[10.02146,45.63703],[10.02058,45.63514],[10.01936,45.63189],[10.01841,45.62743],[10.02277,45.62528],[10.02801,45.62055],[10.02909,45.61822],[10.02831,45.61665],[10.03693,45.61621],[10.04965,45.61802],[10.05016,45.61804],[10.0508,45.61791],[10.05139,45.61769],[10.05163,45.61758],[10.05298,45.6168],[10.0527,45.61627],[10.0525,45.61597],[10.05201,45.61569],[10.0518,45.61542],[10.05166,45.61495],[10.05169,45.61449],[10.05178,45.61417],[10.05211,45.61364],[10.05256,45.61294],[10.05296,45.61275],[10.05335,45.61263],[10.05719,45.61178],[10.06038,45.61177],[10.06175,45.6119],[10.06193,45.61207],[10.06235,45.61338],[10.06455,45.61615],[10.07061,45.62133],[10.07477,45.62088],[10.076,45.61846],[10.07555,45.61604],[10.07708,45.61646],[10.0788,45.61701],[10.0791,45.61718],[10.07932,45.6174],[10.07956,45.61773],[10.07978,45.61817],[10.08254,45.6255],[10.08589,45.64194],[10.08434,45.64405],[10.0833,45.64644],[10.08319,45.64671],[10.0827,45.64829],[10.08305,45.65077],[10.08008,45.65075]]]}},{"type":"Feature","id":"017157","properties":{"codice_istat":"017157","comune":"Provaglio Val Sabbia","capoluogo":false,"area_kmq":14.95},"geometry":{"type":"Polygon","coordinates":[[[10.44271,45.70012],[10.43473,45.70258],[10.43273,45.70325],[10.432,45.70275],[10.43025,45.70181],[10.42662,45.70084],[10.42352,45.70023],[10.42116,45.70079],[10.41917,45.70105],[10.41341,45.7016],[10.40723,45.70052],[10.40496,45.7001],[10.40436,45.69991],[10.40153,45.69899],[10.40124,45.69889],[10.39956,45.69787],[10.3993,45.6977],[10.40045,45.69746],[10.40196,45.69697],[10.40706,45.69525],[10.4097,45.69392],[10.40999,45.69376],[10.41039,45.69341],[10.4108,45.69292],[10.41104,45.69254],[10.41103,45.69233],[10.41074,45.69211],[10.40882,45.68806],[10.41766,45.68363],[10.42561,45.67962],[10.42577,45.6749],[10.42709,45.67269],[10.43081,45.66849],[10.43336,45.67004],[10.43381,45.67049],[10.43438,45.67085],[10.43464,45.67099],[10.43495,45.67097],[10.43538,45.6708],[10.43575,45.67061],[10.43955,45.66805],[10.44545,45.67146],[10.44859,45.67421],[10.44962,45.67483],[10.45134,45.67533],[10.45161,45.6754],[10.45201,45.67548],[10.45366,45.67559],[10.46353,45.67561],[10.46583,45.67441],[10.46664,45.67414],[10.46935,45.67325],[10.47297,45.67271],[10.47424,45.67272],[10.47618,45.67279],[10.48416,45.67736],[10.48416,45.68013],[10.48152,45.68631],[10.48098,45.68659],[10.48036,45.6872],[10.47848,45.68915],[10.47754,45.6903],[10.4771,45.69103],[10.47705,45.6915],[10.47721,45.69205],[10.47259,45.69283],[10.46549,45.69505],[10.46424,45.69563],[10.4636,45.69594],[10.46305,45.69637],[10.46271,45.69674],[10.46237,45.6975],[10.46104,45.6983],[10.46025,45.69873],[10.45969,45.69898],[10.45866,45.69934],[10.45638,45.69992],[10.45097,45.70007],[10.447,45.70011],[10.44406,45.70002],[10.44271,45.70012]]]}},{"type":"Feature","id":"017158","properties":{"codice_istat":"017158","comune":"Puegnago del Garda","capoluogo":false,"area_kmq":11.085},"geometry":{"type":"Polygon","coordinates":[[[10.53478,45.58476],[10.53227,45.58767],[10.52953,45.58545],[10.52895,45.58498],[10.52591,45.58331],[10.52241,45.58189],[10.51938,45.58084],[10.51899,45.58073],[10.51836,45.5807],[10.51695,45.58069],[10.51645,45.58069],[10.51615,45.58072],[10.51568,45.58095],[10.51547,45.58117],[10.51522,45.58154],[10.51179,45.58268],[10.50297,45.58323],[10.49967,45.58165],[10.49375,45.58213],[10.49123,45.58033],[10.48301,45.58055],[10.48276,45.57999],[10.48266,45.57958],[10.4826,45.57922],[10.48254,45.57881],[10.48253,45.57846],[10.4825,45.57703],[10.48573,45.57462],[10.48636,45.57343],[10.48558,45.57204],[10.48531,45.57168],[10.48506,45.57136],[10.48414,45.57045],[10.4836,45.57006],[10.4832,45.56976],[10.48282,45.5694],[10.48273,45.56931],[10.4825,45.56905],[10.48214,45.56851],[10.48152,45.5671],[10.48127,45.5665],[10.48119,45.56617],[10.48129,45.56579],[10.48276,45.56101],[10.48359,45.55972],[10.48528,45.55952],[10.48583,45.5595],[10.48601,45.5595],[10.4865,45.55949],[10.48659,45.55949],[10.48663,45.55949],[10.4908,45.55694],[10.49145,45.55618],[10.49357,45.55625],[10.49798,45.55661],[10.50885,45.55782],[10.52173,45.5605],[10.52831,45.56268],[10.53139,45.56396],[10.54391,45.57481],[10.54114,45.57851],[10.53478,45.58476]]]}},{"type":"Feature","id":"017159","properties":{"codice_istat":"017159","comune":"Quinzano d'Oglio","capoluogo":false,"area_kmq":21.064},"geometry":{"type":"Polygon","coordinates":[[[9.99897,45.33824],[9.99921,45.3385],[9.9996,45.33881],[10.00032,45.33956],[10.00062,45.33989],[9.99556,45.34103],[9.99342,45.3414],[9.98511,45.33496],[9.98003,45.32816],[9.96945,45.31314],[9.96919,45.31041],[9.97466,45.30833],[9.97701,45.30446],[9.98129,45.29988],[9.99048,45.29698],[9.99487,45.29394],[9.99944,45.289],[10.0011,45.2882],[10.00499,45.28669],[10.01075,45.28602],[10.01269,45.28626],[10.01856,45.28435],[10.01936,45.28404],[10.01928,45.28526],[10.01929,45.28551],[10.01937,45.28585],[10.021,45.28847],[10.02278,45.29045],[10.0266,45.29163],[10.03215,45.29379],[10.03425,45.2971],[10.03406,45.2977],[10.03461,45.30213],[10.03471,45.30279],[10.03489,45.30351],[10.03506,45.304],[10.03593,45.30611],[10.03621,45.30654],[10.03649,45.30666],[10.04119,45.30795],[10.03469,45.31631],[10.0313,45.32348],[10.02923,45.32296],[10.02894,45.32304],[10.02855,45.32394],[10.02825,45.32496],[10.02654,45.33196],[10.02611,45.33407],[10.02623,45.3362],[10.02454,45.33408],[10.02176,45.33087],[10.021,45.33087],[10.0012,45.3317],[10.00049,45.33173],[9.99995,45.33182],[9.99977,45.33205],[9.99879,45.33739],[9.99877,45.33767],[9.9988,45.338],[9.99897,45.33824]]]}},{"type":"Feature","id":"017160","properties":{"codice_istat":"017160","comune":"Remedello","capoluogo":false,"area_kmq":21.543},"geometry":{"type":"Polygon","coordinates":[[[10.34746,45.30026],[10.34451,45.30064],[10.34171,45.30203],[10.33753,45.29469],[10.33688,45.29368],[10.3367,45.29337],[10.33661,45.29275],[10.33639,45.28845],[10.33725,45.28662],[10.34084,45.2842],[10.34508,45.28078],[10.34609,45.27751],[10.34603,45.27649],[10.34589,45.27447],[10.35409,45.26057],[10.35424,45.25663],[10.35596,45.25308],[10.3603,45.24756],[10.36196,45.2461],[10.36539,45.24442],[10.36851,45.24227],[10.3702,45.24108],[10.37234,45.24083],[10.37573,45.2408],[10.37824,45.24092],[10.37837,45.24092],[10.37905,45.24232],[10.37954,45.24399],[10.38054,45.24766],[10.38349,45.24851],[10.38667,45.24748],[10.39365,45.24564],[10.39726,45.25014],[10.39581,45.25093],[10.39357,45.25251],[10.39073,45.25468],[10.39062,45.25549],[10.39093,45.25746],[10.39474,45.27805],[10.39619,45.28051],[10.39756,45.28416],[10.39745,45.28582],[10.39663,45.28689],[10.39098,45.29143],[10.38602,45.29411],[10.38578,45.29631],[10.38419,45.29508],[10.38167,45.2958],[10.3802,45.2966],[10.37398,45.29852],[10.36981,45.29967],[10.36484,45.30052],[10.35584,45.3002],[10.34746,45.30026]]]}},{"type":"Feature","id":"017161","properties":{"codice_istat":"017161","comune":"Rezzato","capoluogo":false,"area_kmq":18.426},"geometry":{"type":"Polygon","coordinates":[[[10.34312,45.53732],[10.3384,45.53711],[10.33775,45.53702],[10.33712,45.53692],[10.33656,45.53679],[10.33577,45.53654],[10.33026,45.53413],[10.31902,45.53213],[10.31848,45.53196],[10.31701,45.53146],[10.31495,45.53067],[10.30705,45.52656],[10.30486,45.52459],[10.30472,45.52375],[10.30433,45.52125],[10.29998,45.51939],[10.29715,45.51573],[10.29587,45.5124],[10.2944,45.50772],[10.29327,45.50372],[10.29308,45.50251],[10.29301,45.50203],[10.29419,45.50075],[10.29519,45.5],[10.29327,45.4978],[10.29184,45.49689],[10.2911,45.49641],[10.28622,45.49404],[10.27991,45.49143],[10.28094,45.49124],[10.28146,45.49107],[10.28198,45.49087],[10.28254,45.49065],[10.28302,45.49044],[10.28517,45.48934],[10.30052,45.48018],[10.30201,45.47878],[10.30399,45.47868],[10.31132,45.48114],[10.3151,45.48375],[10.31519,45.48405],[10.31538,45.4847],[10.31553,45.48519],[10.3157,45.48562],[10.3159,45.48601],[10.31613,45.48629],[10.31818,45.48846],[10.31846,45.48872],[10.31875,45.48895],[10.31898,45.48908],[10.31932,45.48926],[10.32107,45.48772],[10.32275,45.48622],[10.32398,45.48786],[10.32607,45.49003],[10.33154,45.49566],[10.3358,45.49927],[10.33896,45.50112],[10.34339,45.50314],[10.34731,45.50546],[10.34287,45.51294],[10.34269,45.52101],[10.34292,45.52699],[10.34357,45.53434],[10.34312,45.53732]]]}},{"type":"Feature","id":"017162","properties":{"codice_istat":"017162","comune":"Roccafranca","capoluogo":false,"area_kmq":19.353},"geometry":{"type":"Polygon","coordinates":[[[9.92424,45.48608],[9.92328,45.48783],[9.92083,45.4897],[9.91928,45.48964],[9.91675,45.4894],[9.91433,45.4867],[9.90964,45.48146],[9.90218,45.47273],[9.89913,45.47],[9.89029,45.46677],[9.88991,45.45621],[9.88863,45.4499],[9.88895,45.43843],[9.88961,45.42733],[9.89141,45.42693],[9.89271,45.4271],[9.89373,45.42725],[9.89421,45.42741],[9.89463,45.42762],[9.89502,45.42784],[9.89515,45.42811],[9.8952,45.42835],[9.89513,45.42856],[9.89495,45.42877],[9.89461,45.42904],[9.89413,45.43309],[9.89496,45.43538],[9.90287,45.44139],[9.90461,45.4414],[9.90777,45.44107],[9.91002,45.4406],[9.91312,45.43982],[9.91356,45.43967],[9.91373,45.43947],[9.91388,45.43906],[9.91428,45.4373],[9.91465,45.43589],[9.9148,45.4354],[9.91496,45.43492],[9.91516,45.43471],[9.91562,45.43466],[9.93829,45.4324],[9.94539,45.43233],[9.94675,45.43657],[9.94874,45.44175],[9.95248,45.44848],[9.94785,45.45213],[9.94347,45.45569],[9.94175,45.45789],[9.9402,45.4603],[9.93801,45.46314],[9.93723,45.46381],[9.93402,45.46508],[9.93054,45.46589],[9.92794,45.4717],[9.92424,45.48608]]]}},{"type":"Feature","id":"017163","properties":{"codice_istat":"017163","comune":"Rodengo Saiano","capoluogo":false,"area_kmq":12.797},"geometry":{"type":"Polygon","coordinates":[[[10.13424,45.61169],[10.13194,45.61248],[10.12123,45.61207],[10.11775,45.61175],[10.11239,45.61092],[10.1122,45.61075],[10.11179,45.61056],[10.11136,45.61041],[10.11074,45.61028],[10.10741,45.61004],[10.10614,45.61025],[10.10553,45.61042],[10.10525,45.61053],[10.10494,45.61066],[10.10463,45.61086],[10.1034,45.61171],[10.08665,45.61183],[10.08734,45.60906],[10.08688,45.60501],[10.08722,45.598],[10.0881,45.59549],[10.08825,45.59463],[10.09267,45.59136],[10.09995,45.58772],[10.10382,45.58408],[10.10382,45.58405],[10.10382,45.58373],[10.10361,45.58333],[10.10299,45.58215],[10.10271,45.58165],[10.10233,45.58163],[10.10203,45.58163],[10.10119,45.58186],[10.09963,45.58044],[10.09925,45.5801],[10.09682,45.57744],[10.09642,45.577],[10.09619,45.5767],[10.09582,45.57616],[10.09542,45.57558],[10.09409,45.57354],[10.09618,45.57254],[10.09756,45.57197],[10.09869,45.5715],[10.10275,45.57014],[10.10552,45.56973],[10.10715,45.56966],[10.10977,45.57058],[10.11023,45.57111],[10.11084,45.5715],[10.11114,45.57161],[10.11125,45.57165],[10.11309,45.57201],[10.11905,45.57287],[10.12283,45.57245],[10.1271,45.56934],[10.12743,45.56938],[10.12768,45.56951],[10.12804,45.56972],[10.12832,45.56989],[10.12839,45.56993],[10.13036,45.57141],[10.13026,45.57199],[10.13021,45.57229],[10.12925,45.57707],[10.12798,45.57961],[10.1283,45.58759],[10.12973,45.59647],[10.12937,45.59688],[10.12927,45.59905],[10.12971,45.60257],[10.13052,45.60435],[10.13424,45.61169]]]}},{"type":"Feature","id":"017164","properties":{"codice_istat":"017164","comune":"Roè Volciano","capoluogo":false,"area_kmq":5.689},"geometry":{"type":"Polygon","coordinates":[[[10.52283,45.6354],[10.51483,45.63341],[10.50051,45.62801],[10.49242,45.62465],[10.49041,45.62331],[10.48593,45.62107],[10.47525,45.60968],[10.47385,45.60723],[10.47518,45.60318],[10.47755,45.60212],[10.48325,45.6011],[10.48318,45.60191],[10.48398,45.60333],[10.49322,45.60758],[10.50114,45.60917],[10.5094,45.61493],[10.50902,45.61795],[10.51366,45.62541],[10.51504,45.62678],[10.51884,45.62914],[10.52136,45.63028],[10.52162,45.63047],[10.52185,45.63064],[10.52213,45.63087],[10.52235,45.63108],[10.52402,45.63299],[10.52385,45.63341],[10.52283,45.6354]]]}},{"type":"Feature","id":"017165","properties":{"codice_istat":"017165","comune":"Roncadelle","capoluogo":false,"area_kmq":9.286},"geometry":{"type":"Polygon","coordinates":[[[10.13896,45.55023],[10.13152,45.55069],[10.12888,45.55045],[10.12739,45.54618],[10.12595,45.54155],[10.12558,45.5407],[10.12524,45.54003],[10.12494,45.53942],[10.12455,45.53879],[10.12162,45.5394],[10.11946,45.53987],[10.11494,45.54089],[10.11423,45.53034],[10.11419,45.53018],[10.12342,45.52784],[10.12838,45.52668],[10.13375,45.52558],[10.13445,45.52546],[10.13518,45.52544],[10.13816,45.52577],[10.13936,45.52597],[10.13975,45.52608],[10.14006,45.52532],[10.13809,45.51826],[10.13799,45.51796],[10.13738,45.51608],[10.15012,45.52217],[10.15251,45.52325],[10.15383,45.52348],[10.15467,45.52353],[10.15517,45.52347],[10.1554,45.52332],[10.15549,45.52316],[10.15563,45.5229],[10.16083,45.52415],[10.16778,45.52965],[10.17493,45.53726],[10.18201,45.54534],[10.18199,45.54544],[10.18172,45.54558],[10.18135,45.54573],[10.18083,45.54591],[10.18025,45.54603],[10.17975,45.54609],[10.17896,45.54612],[10.17823,45.54607],[10.17771,45.54604],[10.17642,45.54465],[10.17565,45.54359],[10.17458,45.54218],[10.17404,45.54168],[10.17115,45.53933],[10.17073,45.539],[10.17035,45.5387],[10.17015,45.53854],[10.17008,45.53849],[10.16992,45.53838],[10.16972,45.53826],[10.16965,45.53823],[10.1695,45.53814],[10.16872,45.53775],[10.16341,45.53642],[10.15918,45.53733],[10.14734,45.54076],[10.14951,45.54455],[10.14978,45.54502],[10.15015,45.5455],[10.15209,45.54764],[10.15324,45.5486],[10.13896,45.55023]]]}},{"type":"Feature","id":"017166","properties":{"codice_istat":"017166","comune":"Rovato","capoluogo":false,"area_kmq":26.168},"geometry":{"type":"Polygon","coordinates":[[[10.00679,45.57876],[10.00015,45.57882],[9.98744,45.57678],[9.98244,45.57483],[9.98041,45.573],[9.98509,45.56773],[9.9832,45.56077],[9.98357,45.55646],[9.98557,45.55381],[9.98678,45.55039],[9.98709,45.54879],[9.98706,45.54749],[9.98698,45.54387],[9.98176,45.53735],[9.98158,45.53283],[9.98136,45.52896],[9.9854,45.52748],[9.98593,45.52373],[9.98691,45.52113],[10.00305,45.5169],[10.0038,45.51687],[10.0065,45.51676],[10.0077,45.51677],[10.01115,45.51683],[10.01885,45.51643],[10.02606,45.51609],[10.03394,45.51779],[10.0378,45.51869],[10.04038,45.52182],[10.03934,45.52298],[10.03901,45.52376],[10.03868,45.52486],[10.03823,45.52793],[10.03822,45.53042],[10.03913,45.53681],[10.04384,45.54055],[10.04271,45.54577],[10.03744,45.55912],[10.02865,45.56382],[10.02001,45.56911],[10.01306,45.57351],[10.01073,45.57702],[10.00804,45.57909],[10.00679,45.57876]]]}},{"type":"Feature","id":"017167","properties":{"codice_istat":"017167","comune":"Rudiano","capoluogo":false,"area_kmq":9.993},"geometry":{"type":"Polygon","coordinates":[[[9.91348,45.49984],[9.90408,45.50027],[9.90236,45.50075],[9.88365,45.50407],[9.88184,45.50341],[9.87655,45.50122],[9.87312,45.49944],[9.87194,45.49876],[9.86946,45.49586],[9.86925,45.49527],[9.87256,45.48952],[9.87247,45.48933],[9.87215,45.48858],[9.87203,45.48785],[9.87201,45.48737],[9.87214,45.4869],[9.87238,45.48632],[9.88258,45.47358],[9.88437,45.47329],[9.88564,45.47299],[9.88603,45.4729],[9.88611,45.47288],[9.88679,45.4727],[9.88708,45.47246],[9.89,45.46861],[9.89029,45.46677],[9.89913,45.47],[9.90218,45.47273],[9.90964,45.48146],[9.91433,45.4867],[9.91675,45.4894],[9.91734,45.4927],[9.91813,45.49717],[9.91828,45.49839],[9.91756,45.49902],[9.91723,45.49925],[9.91646,45.49949],[9.91557,45.49965],[9.91523,45.49971],[9.91474,45.49976],[9.91416,45.4998],[9.91348,45.49984]]]}},{"type":"Feature","id":"017168","properties":{"codice_istat":"017168","comune":"Sabbio Chiese","capoluogo":false,"area_kmq":18.345},"geometry":{"type":"Polygon","coordinates":[[[10.43081,45.66849],[10.42709,45.67269],[10.42577,45.6749],[10.42283,45.67261],[10.4224,45.67228],[10.42041,45.67107],[10.41992,45.67098],[10.41943,45.67094],[10.41702,45.67077],[10.41171,45.66441],[10.40855,45.6624],[10.40682,45.65952],[10.40588,45.65512],[10.40501,45.64931],[10.40518,45.64804],[10.40542,45.64748],[10.40568,45.6469],[10.40585,45.64652],[10.40537,45.63576],[10.40506,45.63492],[10.40499,45.63304],[10.40508,45.63263],[10.40521,45.63235],[10.40564,45.63204],[10.40618,45.63184],[10.40742,45.63181],[10.41002,45.63031],[10.41376,45.62385],[10.41313,45.62165],[10.4124,45.61951],[10.41565,45.61636],[10.41709,45.61574],[10.41723,45.61965],[10.41796,45.62207],[10.42636,45.62556],[10.43195,45.62725],[10.43248,45.62735],[10.43415,45.62767],[10.43676,45.62733],[10.44608,45.62543],[10.44723,45.62488],[10.4542,45.6235],[10.45463,45.62344],[10.45593,45.62333],[10.45995,45.62334],[10.46058,45.62337],[10.46096,45.62341],[10.46268,45.62361],[10.4637,45.62384],[10.46577,45.62445],[10.46651,45.62472],[10.46954,45.62584],[10.47039,45.62619],[10.4708,45.62637],[10.47106,45.62653],[10.47117,45.62684],[10.47129,45.62822],[10.46906,45.62959],[10.46797,45.6307],[10.46731,45.63627],[10.46403,45.63984],[10.45847,45.64262],[10.45092,45.64594],[10.44826,45.64835],[10.44328,45.65734],[10.44007,45.66494],[10.43955,45.66805],[10.43575,45.67061],[10.43538,45.6708],[10.43495,45.67097],[10.43464,45.67099],[10.43438,45.67085],[10.43381,45.67049],[10.43336,45.67004],[10.43081,45.66849]]]}},{"type":"Feature","id":"017169","properties":{"codice_istat":"017169","comune":"Sale Marasino","capoluogo":false,"area_kmq":16.527},"geometry":{"type":"Polygon","coordinates":[[[10.14306,45.72666],[10.1363,45.72754],[10.12951,45.72853],[10.12464,45.72984],[10.12,45.7313],[10.10796,45.72738],[10.0995,45.72255],[10.09752,45.72179],[10.09929,45.72074],[10.10117,45.71963],[10.10276,45.71181],[10.09884,45.69893],[10.10435,45.69699],[10.10483,45.69683],[10.10737,45.69559],[10.10771,45.69538],[10.10996,45.69374],[10.11146,45.69195],[10.11314,45.69064],[10.11353,45.69048],[10.11498,45.69007],[10.12045,45.68899],[10.12289,45.68906],[10.12276,45.68997],[10.12456,45.691],[10.12738,45.69202],[10.1278,45.69215],[10.12856,45.69228],[10.12901,45.6923],[10.13019,45.69214],[10.13097,45.692],[10.13137,45.69184],[10.13703,45.68919],[10.13771,45.68883],[10.13801,45.68846],[10.13648,45.68065],[10.13571,45.67827],[10.14138,45.68352],[10.14153,45.68524],[10.14166,45.69615],[10.14203,45.6965],[10.1424,45.69694],[10.14635,45.70192],[10.15073,45.70788],[10.15315,45.71275],[10.16198,45.7125],[10.15957,45.71929],[10.16075,45.72533],[10.16211,45.72526],[10.16245,45.72542],[10.16147,45.7271],[10.16119,45.72747],[10.16083,45.72768],[10.15817,45.72876],[10.15037,45.72787],[10.14911,45.72746],[10.14526,45.7268],[10.1449,45.72674],[10.14306,45.72666]]]}},{"type":"Feature","id":"017170","properties":{"codice_istat":"017170","comune":"Salò","capoluogo":false,"area_kmq":27.467},"geometry":{"type":"Polygon","coordinates":[[[10.54794,45.63423],[10.54446,45.63916],[10.53613,45.64516],[10.53249,45.64753],[10.53206,45.64302],[10.53198,45.64257],[10.52991,45.63962],[10.52956,45.63927],[10.52912,45.6389],[10.52864,45.63859],[10.52283,45.6354],[10.52385,45.63341],[10.52402,45.63299],[10.52235,45.63108],[10.52213,45.63087],[10.52185,45.63064],[10.52162,45.63047],[10.52136,45.63028],[10.51884,45.62914],[10.51504,45.62678],[10.51366,45.62541],[10.50902,45.61795],[10.5094,45.61493],[10.50114,45.60917],[10.49322,45.60758],[10.48398,45.60333],[10.48318,45.60191],[10.48325,45.6011],[10.48475,45.60084],[10.48834,45.60016],[10.4911,45.59904],[10.49207,45.59861],[10.49403,45.5973],[10.49575,45.59357],[10.49574,45.5918],[10.49565,45.59032],[10.49557,45.5892],[10.49536,45.58752],[10.49501,45.58543],[10.49375,45.58213],[10.49967,45.58165],[10.50297,45.58323],[10.51179,45.58268],[10.51522,45.58154],[10.51547,45.58117],[10.51568,45.58095],[10.51615,45.58072],[10.51645,45.58069],[10.51695,45.58069],[10.51836,45.5807],[10.51899,45.58073],[10.51938,45.58084],[10.52241,45.58189],[10.52591,45.58331],[10.52895,45.58498],[10.52953,45.58545],[10.53227,45.58767],[10.53147,45.58785],[10.53092,45.58798],[10.53086,45.588],[10.53009,45.58822],[10.52916,45.58859],[10.52872,45.58878],[10.52853,45.58899],[10.52837,45.58921],[10.52789,45.59013],[10.52746,45.59101],[10.5277,45.59256],[10.52965,45.59661],[10.53129,45.59782],[10.5405,45.59996],[10.5444,45.60043],[10.54597,45.60058],[10.54648,45.60061],[10.55886,45.60021],[10.57702,45.59873],[10.62927,45.59539],[10.62847,45.60206],[10.57702,45.61282],[10.55921,45.61515],[10.5517,45.61791],[10.54647,45.62027],[10.54429,45.62573],[10.54692,45.63092],[10.54809,45.63191],[10.54794,45.63423]]]}},{"type":"Feature","id":"017171","properties":{"codice_istat":"017171","comune":"San Felice del Benaco","capoluogo":false,"area_kmq":20.27},"geometry":{"type":"Polygon","coordinates":[[[10.55886,45.60021],[10.54648,45.60061],[10.54597,45.60058],[10.5444,45.60043],[10.5405,45.59996],[10.53129,45.59782],[10.52965,45.59661],[10.5277,45.59256],[10.52746,45.59101],[10.52789,45.59013],[10.52837,45.58921],[10.52853,45.58899],[10.52872,45.58878],[10.52916,45.58859],[10.53009,45.58822],[10.53086,45.588],[10.53092,45.58798],[10.53147,45.58785],[10.53227,45.58767],[10.53478,45.58476],[10.54114,45.57851],[10.54391,45.57481],[10.55015,45.57367],[10.55029,45.57365],[10.57702,45.57391],[10.63171,45.57411],[10.63094,45.58161],[10.62927,45.59539],[10.57702,45.59873],[10.55886,45.60021]]]}},{"type":"Feature","id":"017172","properties":{"codice_istat":"017172","comune":"San Gervasio Bresciano","capoluogo":false,"area_kmq":10.593},"geometry":{"type":"Polygon","coordinates":[[[10.15488,45.31801],[10.15017,45.32106],[10.14998,45.32109],[10.1467,45.3204],[10.13814,45.31689],[10.13511,45.31203],[10.12805,45.30206],[10.12698,45.30195],[10.12582,45.30192],[10.12934,45.2977],[10.13376,45.29199],[10.13823,45.29104],[10.14346,45.29057],[10.15271,45.28761],[10.15507,45.28588],[10.15595,45.28416],[10.15709,45.28193],[10.15823,45.28127],[10.16124,45.28078],[10.16195,45.28067],[10.16683,45.28004],[10.1691,45.27976],[10.16994,45.27968],[10.17074,45.27962],[10.17127,45.2796],[10.17167,45.28132],[10.17188,45.2835],[10.17556,45.28389],[10.17661,45.29413],[10.17412,45.29383],[10.17173,45.29597],[10.16809,45.30469],[10.16792,45.30513],[10.16749,45.30657],[10.16738,45.3071],[10.16735,45.30758],[10.16781,45.3128],[10.16664,45.31272],[10.16555,45.31272],[10.16214,45.31315],[10.15488,45.31801]]]}},{"type":"Feature","id":"017173","properties":{"codice_istat":"017173","comune":"San Zeno Naviglio","capoluogo":false,"area_kmq":6.504},"geometry":{"type":"Polygon","coordinates":[[[10.23164,45.50086],[10.22237,45.5038],[10.2192,45.50434],[10.21552,45.50259],[10.21419,45.5013],[10.21297,45.49927],[10.21229,45.49802],[10.21169,45.49658],[10.21028,45.49317],[10.20972,45.49173],[10.2044,45.48477],[10.19963,45.48271],[10.19532,45.48323],[10.19477,45.48337],[10.19343,45.48049],[10.19187,45.47481],[10.19561,45.47432],[10.19239,45.46915],[10.19453,45.46861],[10.1988,45.46937],[10.19915,45.46957],[10.19932,45.46988],[10.19949,45.47025],[10.20703,45.47516],[10.21409,45.47415],[10.21523,45.47427],[10.22,45.47497],[10.22729,45.48219],[10.22955,45.48914],[10.23033,45.49092],[10.23055,45.4912],[10.23097,45.49147],[10.23133,45.49164],[10.23178,45.49175],[10.23528,45.49267],[10.23564,45.49302],[10.23624,45.49364],[10.23541,45.49611],[10.23501,45.49726],[10.23418,45.49904],[10.23164,45.50086]]]}},{"type":"Feature","id":"017174","properties":{"codice_istat":"017174","comune":"Sarezzo","capoluogo":false,"area_kmq":17.988},"geometry":{"type":"Polygon","coordinates":[[[10.2448,45.68428],[10.23553,45.68465],[10.21311,45.68351],[10.21144,45.6832],[10.20883,45.68073],[10.20659,45.6788],[10.20398,45.67697],[10.20238,45.67602],[10.20199,45.67582],[10.20028,45.6751],[10.19941,45.67499],[10.19859,45.67493],[10.19748,45.67486],[10.18397,45.67549],[10.16679,45.67566],[10.15905,45.67922],[10.15474,45.67604],[10.1536,45.67145],[10.15352,45.67095],[10.15325,45.66848],[10.15323,45.66823],[10.15325,45.6679],[10.15334,45.66749],[10.15339,45.66742],[10.15371,45.66715],[10.15395,45.66711],[10.15407,45.6671],[10.15901,45.66297],[10.16185,45.66051],[10.16756,45.66211],[10.17412,45.66349],[10.17454,45.66351],[10.17759,45.66357],[10.17834,45.66346],[10.17876,45.66333],[10.17895,45.66316],[10.17919,45.66293],[10.1793,45.66263],[10.17944,45.66214],[10.17958,45.66014],[10.17494,45.6578],[10.18107,45.65508],[10.18228,45.65458],[10.18266,45.65443],[10.18338,45.65416],[10.18387,45.65407],[10.18468,45.65406],[10.18529,45.6541],[10.18708,45.65425],[10.18807,45.65436],[10.19849,45.65155],[10.19799,45.64716],[10.19888,45.64521],[10.2008,45.64149],[10.20398,45.64128],[10.20668,45.64123],[10.22365,45.64208],[10.22852,45.64225],[10.23159,45.64415],[10.23205,45.64464],[10.23161,45.64577],[10.23029,45.64913],[10.22982,45.64943],[10.22947,45.64956],[10.229,45.64973],[10.2286,45.64983],[10.22804,45.64985],[10.22458,45.65224],[10.22331,45.65635],[10.22511,45.66026],[10.23458,45.67633],[10.2377,45.67844],[10.23985,45.67933],[10.2406,45.67963],[10.24109,45.67979],[10.24154,45.67988],[10.24627,45.6801],[10.25201,45.68025],[10.25151,45.68061],[10.24803,45.68303],[10.2471,45.68364],[10.24676,45.68376],[10.2448,45.68428]]]}},{"type":"Feature","id":"017175","properties":{"codice_istat":"017175","comune":"Saviore dell'Adamello","capoluogo":false,"area_kmq":84.166},"geometry":{"type":"Polygon","coordinates":[[[10.54374,46.18744],[10.5414,46.18862],[10.51966,46.18254],[10.51706,46.1802],[10.51436,46.17527],[10.51324,46.16929],[10.51442,46.16389],[10.51368,46.16124],[10.50339,46.15989],[10.49497,46.15516],[10.4916,46.15249],[10.49213,46.14974],[10.49325,46.14313],[10.49299,46.14246],[10.49274,46.14203],[10.48995,46.13784],[10.4827,46.12879],[10.48233,46.12833],[10.48058,46.12713],[10.47934,46.12633],[10.47562,46.12412],[10.47391,46.12317],[10.47351,46.12299],[10.47309,46.12287],[10.47253,46.12281],[10.44823,46.12019],[10.44084,46.11771],[10.44093,46.11739],[10.44095,46.11579],[10.44093,46.11522],[10.44075,46.11477],[10.44052,46.11433],[10.44018,46.11375],[10.43998,46.11346],[10.43735,46.11135],[10.43657,46.11082],[10.43588,46.11064],[10.43527,46.11064],[10.43461,46.11065],[10.42575,46.11145],[10.41991,46.11231],[10.41478,46.11364],[10.40709,46.11199],[10.40478,46.1112],[10.40139,46.1074],[10.39885,46.10438],[10.39693,46.10171],[10.39575,46.09939],[10.39533,46.09853],[10.39294,46.092],[10.38924,46.08135],[10.38928,46.07461],[10.38934,46.07434],[10.39322,46.07326],[10.3967,46.07298],[10.3996,46.07277],[10.40933,46.07017],[10.41262,46.06785],[10.41315,46.06756],[10.41684,46.0664],[10.42103,46.06535],[10.42123,46.06534],[10.42338,46.06545],[10.42379,46.0655],[10.42438,46.06567],[10.42487,46.06594],[10.43238,46.0674],[10.43804,46.06837],[10.44765,46.06982],[10.45097,46.07032],[10.45659,46.07048],[10.46117,46.0704],[10.47046,46.07285],[10.4757,46.07584],[10.47846,46.07773],[10.48436,46.08168],[10.4847,46.08189],[10.48575,46.08245],[10.48619,46.08262],[10.48682,46.0827],[10.4875,46.08268],[10.48891,46.08245],[10.49047,46.08213],[10.4909,46.08201],[10.49124,46.08175],[10.49473,46.07983],[10.50429,46.07673],[10.50919,46.07523],[10.5136,46.07843],[10.51809,46.0828],[10.52003,46.0863],[10.52237,46.0887],[10.52739,46.0922],[10.53361,46.09636],[10.53416,46.09661],[10.53454,46.09682],[10.53527,46.09734],[10.53531,46.09737],[10.53574,46.09773],[10.5362,46.09815],[10.53989,46.1016],[10.54168,46.10403],[10.54789,46.11565],[10.54969,46.11998],[10.5507,46.12371],[10.55064,46.12601],[10.5496,46.1383],[10.54916,46.1385],[10.54906,46.13854],[10.54858,46.13889],[10.5481,46.13926],[10.54768,46.13964],[10.54756,46.13975],[10.54727,46.14002],[10.54687,46.14045],[10.54627,46.14115],[10.54592,46.14182],[10.54658,46.14432],[10.54813,46.14617],[10.55432,46.14878],[10.55492,46.15254],[10.55543,46.15486],[10.55727,46.15861],[10.55828,46.16063],[10.56049,46.16342],[10.56234,46.16496],[10.56299,46.1652],[10.56359,46.16542],[10.56415,46.16567],[10.56507,46.16637],[10.56524,46.16652],[10.56528,46.16655],[10.56537,46.16663],[10.5654,46.16667],[10.56539,46.16684],[10.56531,46.16697],[10.56524,46.16706],[10.56478,46.16767],[10.55802,46.17644],[10.55691,46.17774],[10.55614,46.1786],[10.55455,46.18027],[10.55413,46.1806],[10.55406,46.18064],[10.5535,46.18102],[10.54867,46.1842],[10.54636,46.18572],[10.54374,46.18744]]]}},{"type":"Feature","id":"017176","properties":{"codice_istat":"017176","comune":"Sellero","capoluogo":false,"area_kmq":14.423},"geometry":{"type":"Polygon","coordinates":[[[10.34453,46.08364],[10.33909,46.08427],[10.33574,46.08264],[10.3269,46.08131],[10.32266,46.08117],[10.32211,46.08119],[10.3182,46.08144],[10.31624,46.08157],[10.31053,46.08095],[10.30822,46.0806],[10.29331,46.07579],[10.29361,46.07531],[10.29601,46.07008],[10.2955,46.05914],[10.3044,46.05635],[10.32144,46.05125],[10.33132,46.04865],[10.34356,46.04454],[10.34629,46.04407],[10.34906,46.04397],[10.35073,46.04486],[10.35181,46.04625],[10.35211,46.04657],[10.35314,46.04844],[10.35336,46.04886],[10.35376,46.05],[10.35379,46.0501],[10.35388,46.05051],[10.35397,46.05105],[10.35396,46.05159],[10.35387,46.05198],[10.35373,46.05227],[10.35304,46.05337],[10.35196,46.05619],[10.35092,46.05922],[10.35078,46.05975],[10.35076,46.05982],[10.35045,46.06119],[10.35037,46.06156],[10.3502,46.06261],[10.35025,46.06485],[10.35028,46.06519],[10.35031,46.06542],[10.35043,46.06614],[10.35079,46.067],[10.35101,46.0675],[10.35018,46.07365],[10.34695,46.07988],[10.34453,46.08364]]]}},{"type":"Feature","id":"017177","properties":{"codice_istat":"017177","comune":"Seniga","capoluogo":false,"area_kmq":12.933},"geometry":{"type":"Polygon","coordinates":[[[10.18196,45.26568],[10.17637,45.26825],[10.17591,45.26645],[10.17522,45.26463],[10.17382,45.2628],[10.17159,45.26089],[10.15797,45.25292],[10.15183,45.25147],[10.15136,45.24943],[10.15339,45.24467],[10.1535,45.24435],[10.15373,45.2436],[10.15388,45.24287],[10.15398,45.24237],[10.15411,45.24155],[10.15414,45.24124],[10.154,45.24078],[10.15346,45.23977],[10.16051,45.23931],[10.16261,45.24124],[10.16349,45.24187],[10.16497,45.24219],[10.16623,45.2421],[10.17604,45.23999],[10.18038,45.23903],[10.1816,45.23849],[10.18167,45.23842],[10.18213,45.238],[10.18232,45.23737],[10.1893,45.23429],[10.20489,45.22938],[10.2059,45.22948],[10.20746,45.22927],[10.20882,45.22894],[10.21179,45.22804],[10.21238,45.22785],[10.21321,45.22757],[10.21452,45.22704],[10.21982,45.22465],[10.22077,45.2262],[10.22175,45.23327],[10.22185,45.23849],[10.22078,45.24177],[10.21402,45.24362],[10.21357,45.24613],[10.21272,45.25011],[10.20928,45.25198],[10.20627,45.25321],[10.19648,45.25777],[10.18196,45.26568]]]}},{"type":"Feature","id":"017178","properties":{"codice_istat":"017178","comune":"Serle","capoluogo":false,"area_kmq":18.254},"geometry":{"type":"Polygon","coordinates":[[[10.34994,45.60006],[10.34598,45.60147],[10.34216,45.60136],[10.33377,45.60076],[10.33079,45.60004],[10.33096,45.59504],[10.32843,45.58428],[10.32603,45.57986],[10.33091,45.57957],[10.33135,45.57953],[10.33169,45.57948],[10.33197,45.57943],[10.33226,45.57932],[10.33258,45.57905],[10.33294,45.57863],[10.33321,45.5781],[10.33339,45.57763],[10.33487,45.57292],[10.33516,45.57101],[10.33534,45.56649],[10.33902,45.56696],[10.34178,45.56571],[10.34443,45.56451],[10.34523,45.56405],[10.34615,45.56346],[10.34669,45.563],[10.35269,45.55756],[10.35387,45.55633],[10.35486,45.55412],[10.35494,45.55263],[10.35577,45.55329],[10.35963,45.55581],[10.36077,45.55649],[10.3633,45.55675],[10.36397,45.55563],[10.36387,45.5554],[10.36375,45.55521],[10.36359,45.55492],[10.36348,45.55456],[10.36345,45.55411],[10.36356,45.55362],[10.36399,45.55277],[10.36425,45.55244],[10.36465,45.55213],[10.36502,45.55195],[10.36512,45.55191],[10.36703,45.55137],[10.36764,45.55129],[10.36815,45.55128],[10.3687,45.55132],[10.38045,45.55367],[10.38085,45.55379],[10.38122,45.55402],[10.38157,45.55426],[10.38219,45.55485],[10.3823,45.55517],[10.38232,45.55797],[10.38086,45.55999],[10.38231,45.56302],[10.38135,45.57107],[10.3828,45.58061],[10.38524,45.58616],[10.38806,45.58865],[10.39138,45.58959],[10.39457,45.59074],[10.39477,45.59094],[10.39513,45.59172],[10.3953,45.5921],[10.39523,45.59235],[10.39393,45.5923],[10.39338,45.59232],[10.39206,45.59243],[10.38673,45.59306],[10.36532,45.5961],[10.36464,45.5962],[10.36414,45.59628],[10.36362,45.59648],[10.36323,45.59665],[10.36209,45.59725],[10.36138,45.59762],[10.35736,45.59997],[10.35623,45.59986],[10.35401,45.59977],[10.35042,45.59997],[10.34994,45.60006]]]}},{"type":"Feature","id":"017179","properties":{"codice_istat":"017179","comune":"Sirmione","capoluogo":false,"area_kmq":26.327},"geometry":{"type":"Polygon","coordinates":[[[10.64285,45.46261],[10.64157,45.47207],[10.64076,45.47918],[10.64069,45.47989],[10.64033,45.4835],[10.64031,45.4837],[10.64024,45.4844],[10.63977,45.48919],[10.63861,45.50077],[10.63796,45.50783],[10.63792,45.50828],[10.63791,45.50834],[10.57702,45.50295],[10.57589,45.5027],[10.57809,45.49918],[10.59214,45.467],[10.59567,45.46319],[10.6016,45.46065],[10.60344,45.46012],[10.60488,45.45955],[10.60947,45.45636],[10.61261,45.45342],[10.61419,45.45087],[10.61387,45.44961],[10.61383,45.44904],[10.61383,45.44855],[10.61384,45.44816],[10.61398,45.44781],[10.61416,45.44759],[10.61436,45.44738],[10.62206,45.44381],[10.62365,45.44362],[10.62702,45.44286],[10.63055,45.44293],[10.64429,45.44489],[10.64774,45.44854],[10.6473,45.45112],[10.64708,45.45177],[10.64617,45.45264],[10.64427,45.4539],[10.64301,45.45757],[10.64285,45.46261]]]}},{"type":"Feature","id":"017180","properties":{"codice_istat":"017180","comune":"Soiano del Lago","capoluogo":false,"area_kmq":5.856},"geometry":{"type":"Polygon","coordinates":[[[10.52715,45.54455],[10.52307,45.54446],[10.51603,45.54387],[10.51572,45.54383],[10.51527,45.5437],[10.51236,45.54274],[10.51022,45.54122],[10.49622,45.53735],[10.492,45.53495],[10.48743,45.53092],[10.48713,45.52754],[10.48709,45.52707],[10.48696,45.52667],[10.48675,45.52627],[10.48407,45.5226],[10.48223,45.52161],[10.48196,45.52126],[10.48182,45.52096],[10.48167,45.52034],[10.48247,45.51885],[10.48295,45.5186],[10.4835,45.51843],[10.48394,45.51833],[10.48463,45.51817],[10.48533,45.51811],[10.48596,45.5182],[10.48718,45.51918],[10.48953,45.52035],[10.4927,45.52114],[10.50234,45.5225],[10.50432,45.52277],[10.50767,45.52229],[10.50872,45.52172],[10.50955,45.52127],[10.51402,45.52205],[10.51514,45.52229],[10.51547,45.52239],[10.51594,45.52274],[10.5183,45.52504],[10.52365,45.53102],[10.52328,45.53182],[10.52261,45.5336],[10.52441,45.53465],[10.52493,45.53489],[10.52591,45.53534],[10.52637,45.53553],[10.52717,45.53579],[10.52715,45.54455]]]}},{"type":"Feature","id":"017181","properties":{"codice_istat":"017181","comune":"Sonico","capoluogo":false,"area_kmq":60.867},"geometry":{"type":"Polygon","coordinates":[[[10.45558,46.16023],[10.44985,46.16686],[10.4497,46.16704],[10.44767,46.16858],[10.44747,46.16873],[10.44617,46.1696],[10.44186,46.17245],[10.44158,46.17259],[10.441,46.17274],[10.44037,46.17276],[10.44003,46.17271],[10.43922,46.17244],[10.43289,46.1697],[10.42885,46.16744],[10.42148,46.16455],[10.40805,46.16342],[10.40104,46.16178],[10.39242,46.15985],[10.39206,46.15981],[10.39176,46.15993],[10.39145,46.16018],[10.39056,46.16123],[10.38858,46.16378],[10.38838,46.16404],[10.38823,46.16432],[10.3881,46.16459],[10.37576,46.1694],[10.37399,46.16931],[10.37253,46.16926],[10.36992,46.16919],[10.36529,46.16976],[10.36064,46.17034],[10.35523,46.17125],[10.35331,46.17174],[10.35103,46.17276],[10.34737,46.17288],[10.3466,46.1726],[10.33996,46.16992],[10.33891,46.16897],[10.33621,46.16475],[10.33502,46.16241],[10.33467,46.16079],[10.33148,46.15546],[10.32898,46.15117],[10.32903,46.14372],[10.33453,46.1302],[10.34084,46.12651],[10.34242,46.12548],[10.34346,46.12441],[10.34441,46.12315],[10.34624,46.12442],[10.34651,46.1246],[10.3469,46.1248],[10.34741,46.12502],[10.34785,46.12519],[10.34821,46.12528],[10.3485,46.12533],[10.34985,46.12553],[10.35023,46.12556],[10.3531,46.12515],[10.35493,46.12474],[10.35539,46.12458],[10.35642,46.12404],[10.35687,46.12368],[10.35761,46.12309],[10.35907,46.12234],[10.36012,46.12189],[10.36138,46.12165],[10.36217,46.12155],[10.36326,46.12149],[10.36908,46.12159],[10.37541,46.12359],[10.3793,46.12292],[10.38339,46.1205],[10.38394,46.12012],[10.3854,46.11798],[10.38557,46.11772],[10.3876,46.11272],[10.39442,46.11193],[10.39512,46.11204],[10.39605,46.11214],[10.39646,46.11214],[10.39967,46.11198],[10.40307,46.1117],[10.40478,46.1112],[10.40709,46.11199],[10.41478,46.11364],[10.41991,46.11231],[10.42575,46.11145],[10.43461,46.11065],[10.43527,46.11064],[10.43588,46.11064],[10.43657,46.11082],[10.43735,46.11135],[10.43998,46.11346],[10.44018,46.11375],[10.44052,46.11433],[10.44075,46.11477],[10.44093,46.11522],[10.44095,46.11579],[10.44093,46.11739],[10.44084,46.11771],[10.44823,46.12019],[10.47253,46.12281],[10.47309,46.12287],[10.47351,46.12299],[10.47391,46.12317],[10.47562,46.12412],[10.47934,46.12633],[10.48058,46.12713],[10.48233,46.12833],[10.4827,46.12879],[10.48995,46.13784],[10.49274,46.14203],[10.49299,46.14246],[10.49325,46.14313],[10.49213,46.14974],[10.4916,46.15249],[10.48343,46.15493],[10.48144,46.15483],[10.47991,46.1546],[10.4774,46.15404],[10.47555,46.1536],[10.47465,46.15311],[10.47325,46.1526],[10.47265,46.15241],[10.47167,46.15234],[10.46633,46.15253],[10.46357,46.15276],[10.45558,46.16023]]]}},{"type":"Feature","id":"017182","properties":{"codice_istat":"017182","comune":"Sulzano","capoluogo":false,"area_kmq":10.54},"geometry":{"type":"Polygon","coordinates":[[[10.10996,45.69374],[10.10771,45.69538],[10.10737,45.69559],[10.10483,45.69683],[10.10435,45.69699],[10.09884,45.69893],[10.0973,45.69358],[10.09272,45.68937],[10.08075,45.68915],[10.08049,45.68097],[10.08049,45.68091],[10.08053,45.68024],[10.08096,45.67908],[10.08112,45.67889],[10.0941,45.67024],[10.10126,45.66599],[10.10811,45.6651],[10.10855,45.66506],[10.10908,45.66508],[10.10953,45.6651],[10.11004,45.66513],[10.11224,45.66567],[10.11521,45.66648],[10.11812,45.66741],[10.12127,45.66843],[10.12585,45.67021],[10.12785,45.67109],[10.13156,45.67288],[10.13187,45.6731],[10.13252,45.67381],[10.13378,45.67521],[10.13467,45.67656],[10.13571,45.67827],[10.13648,45.68065],[10.13801,45.68846],[10.13771,45.68883],[10.13703,45.68919],[10.13137,45.69184],[10.13097,45.692],[10.13019,45.69214],[10.12901,45.6923],[10.12856,45.69228],[10.1278,45.69215],[10.12738,45.69202],[10.12456,45.691],[10.12276,45.68997],[10.12289,45.68906],[10.12045,45.68899],[10.11498,45.69007],[10.11353,45.69048],[10.11314,45.69064],[10.11146,45.69195],[10.10996,45.69374]]]}},{"type":"Feature","id":"017183","properties":{"codice_istat":"017183","comune":"Tavernole sul Mella","capoluogo":false,"area_kmq":19.935},"geometry":{"type":"Polygon","coordinates":[[[10.21758,45.76973],[10.20406,45.77014],[10.19587,45.76869],[10.19241,45.76773],[10.1849,45.76694],[10.17783,45.76643],[10.17475,45.76638],[10.17428,45.76638],[10.17366,45.76665],[10.17388,45.76693],[10.17753,45.7707],[10.17491,45.7692],[10.16749,45.76617],[10.16702,45.76581],[10.16677,45.76554],[10.16445,45.76276],[10.16319,45.76112],[10.17159,45.75245],[10.17371,45.75339],[10.17402,45.75341],[10.17446,45.75338],[10.17493,45.75332],[10.17543,45.75321],[10.17582,45.75308],[10.17823,45.75224],[10.18577,45.74836],[10.18618,45.74804],[10.18764,45.74597],[10.19048,45.74326],[10.19624,45.73808],[10.20004,45.73798],[10.21109,45.73565],[10.23671,45.72563],[10.23738,45.72511],[10.23888,45.72456],[10.24355,45.72656],[10.24403,45.72679],[10.24546,45.72755],[10.24639,45.72807],[10.24634,45.7293],[10.24589,45.73519],[10.25014,45.73834],[10.25141,45.73883],[10.25065,45.74421],[10.24814,45.74921],[10.25088,45.75305],[10.2492,45.75379],[10.23957,45.75788],[10.23523,45.75966],[10.23157,45.76033],[10.22912,45.76186],[10.22621,45.76545],[10.22581,45.76872],[10.21758,45.76973]]]}},{"type":"Feature","id":"017184","properties":{"codice_istat":"017184","comune":"Temù","capoluogo":false,"area_kmq":43.402},"geometry":{"type":"Polygon","coordinates":[[[10.46631,46.32009],[10.45167,46.31984],[10.4433,46.31726],[10.44087,46.31664],[10.44073,46.31628],[10.44084,46.31573],[10.44093,46.31539],[10.44109,46.31508],[10.44164,46.31449],[10.44258,46.31359],[10.44376,46.3125],[10.44415,46.31213],[10.44624,46.31056],[10.46061,46.29531],[10.46494,46.29249],[10.46855,46.29141],[10.46982,46.28844],[10.47169,46.28238],[10.47175,46.28212],[10.47181,46.28112],[10.4707,46.27981],[10.46836,46.27807],[10.4679,46.27785],[10.46705,46.27758],[10.46765,46.26865],[10.46793,46.26818],[10.46831,46.2675],[10.46838,46.26738],[10.46848,46.26719],[10.46859,46.26692],[10.46861,46.26656],[10.46847,46.26239],[10.46744,46.25515],[10.46738,46.25488],[10.46728,46.25467],[10.46709,46.25447],[10.46607,46.25409],[10.45955,46.25222],[10.45273,46.2513],[10.452,46.2483],[10.45356,46.23117],[10.45535,46.21726],[10.45559,46.21552],[10.45762,46.21184],[10.46,46.20767],[10.4603,46.20644],[10.46467,46.20582],[10.47728,46.20272],[10.48611,46.19862],[10.48765,46.19709],[10.49095,46.19533],[10.49128,46.19518],[10.49304,46.1946],[10.49447,46.19435],[10.4988,46.19374],[10.49922,46.19369],[10.49976,46.19373],[10.50025,46.19383],[10.50165,46.19443],[10.50243,46.19526],[10.50263,46.19561],[10.50294,46.19601],[10.50363,46.19673],[10.5041,46.19713],[10.5047,46.19741],[10.50536,46.19765],[10.5061,46.19789],[10.50658,46.19794],[10.50727,46.19791],[10.50796,46.19786],[10.512,46.19677],[10.51291,46.19846],[10.51637,46.2049],[10.51704,46.20689],[10.51706,46.20713],[10.51696,46.20755],[10.51675,46.20788],[10.51652,46.20807],[10.5162,46.20826],[10.51413,46.20896],[10.50742,46.21245],[10.50576,46.21467],[10.50607,46.21982],[10.50853,46.2242],[10.50896,46.2245],[10.50931,46.22479],[10.51028,46.22625],[10.50884,46.22986],[10.50393,46.23856],[10.50037,46.24093],[10.49759,46.24031],[10.4966,46.24344],[10.49679,46.25512],[10.49744,46.25642],[10.50322,46.26441],[10.50959,46.27027],[10.51002,46.28074],[10.50971,46.28366],[10.50907,46.28503],[10.50856,46.28607],[10.50835,46.28648],[10.50787,46.28741],[10.50612,46.28942],[10.50412,46.29124],[10.50361,46.29168],[10.50319,46.29204],[10.50274,46.29238],[10.50191,46.29301],[10.49364,46.298],[10.48701,46.30049],[10.48027,46.30614],[10.48137,46.30814],[10.48155,46.30856],[10.48146,46.30894],[10.48122,46.30974],[10.48111,46.30994],[10.47843,46.3118],[10.46631,46.32009]]]}},{"type":"Feature","id":"017185","properties":{"codice_istat":"017185","comune":"Tignale","capoluogo":false,"area_kmq":45.696},"geometry":{"type":"Polygon","coordinates":[[[10.70009,45.7828],[10.68525,45.7832],[10.67335,45.78205],[10.66793,45.78253],[10.66673,45.78285],[10.66875,45.77709],[10.66889,45.77683],[10.66912,45.77615],[10.66743,45.77354],[10.6668,45.77265],[10.66081,45.7702],[10.65462,45.76844],[10.65084,45.76457],[10.65125,45.76279],[10.65081,45.76043],[10.65033,45.75923],[10.65017,45.75887],[10.64887,45.75613],[10.6486,45.75575],[10.64763,45.75511],[10.64714,45.75479],[10.64674,45.7546],[10.64517,45.75412],[10.64163,45.75212],[10.64512,45.75117],[10.65331,45.74723],[10.65721,45.74318],[10.66686,45.73471],[10.67036,45.73232],[10.67379,45.7305],[10.67621,45.72959],[10.68423,45.72658],[10.68665,45.72607],[10.68803,45.72612],[10.70795,45.71227],[10.72753,45.70112],[10.72928,45.70303],[10.73548,45.70984],[10.74739,45.72317],[10.74831,45.7242],[10.76313,45.7407],[10.74696,45.74838],[10.73645,45.75922],[10.72754,45.76433],[10.72064,45.77144],[10.7136,45.78061],[10.70009,45.7828]]]}},{"type":"Feature","id":"017186","properties":{"codice_istat":"017186","comune":"Torbole Casaglia","capoluogo":false,"area_kmq":13.554},"geometry":{"type":"Polygon","coordinates":[[[10.13445,45.52546],[10.13375,45.52558],[10.12838,45.52668],[10.12342,45.52784],[10.11419,45.53018],[10.11423,45.53034],[10.10798,45.53096],[10.10697,45.53104],[10.10527,45.53114],[10.10323,45.52529],[10.10156,45.5197],[10.0998,45.51584],[10.09807,45.51335],[10.0892,45.50497],[10.08904,45.505],[10.08866,45.50484],[10.08792,45.50352],[10.08761,45.50268],[10.0871,45.5003],[10.08806,45.49962],[10.09236,45.49843],[10.09372,45.49792],[10.09712,45.49623],[10.10626,45.49024],[10.10356,45.48536],[10.09744,45.48677],[10.0935,45.48358],[10.09325,45.48324],[10.09323,45.483],[10.09392,45.48223],[10.09531,45.48024],[10.1004,45.47286],[10.1023,45.47285],[10.10575,45.47874],[10.11388,45.48542],[10.11999,45.48728],[10.12515,45.49437],[10.12744,45.49798],[10.12857,45.50151],[10.13348,45.50905],[10.1359,45.51529],[10.13614,45.5157],[10.13635,45.51605],[10.13683,45.51606],[10.13738,45.51608],[10.13799,45.51796],[10.13809,45.51826],[10.14006,45.52532],[10.13975,45.52608],[10.13936,45.52597],[10.13816,45.52577],[10.13518,45.52544],[10.13445,45.52546]]]}},{"type":"Feature","id":"017187","properties":{"codice_istat":"017187","comune":"Toscolano-Maderno","capoluogo":false,"area_kmq":58.159},"geometry":{"type":"Polygon","coordinates":[[[10.58452,45.70128],[10.57738,45.70143],[10.5698,45.70143],[10.5638,45.7001],[10.55696,45.6989],[10.55336,45.6986],[10.55204,45.69471],[10.55225,45.68963],[10.54839,45.6834],[10.53526,45.67707],[10.53193,45.67515],[10.53352,45.67542],[10.54336,45.67675],[10.54537,45.67682],[10.54767,45.6759],[10.56068,45.66967],[10.56158,45.66881],[10.56446,45.6634],[10.56529,45.66148],[10.5662,45.65917],[10.56659,45.65211],[10.56729,45.64708],[10.56814,45.64527],[10.57536,45.63918],[10.58349,45.62937],[10.58461,45.6262],[10.58523,45.62513],[10.63104,45.60951],[10.6814,45.65472],[10.65574,45.66743],[10.649,45.66954],[10.64512,45.67054],[10.63553,45.67683],[10.63432,45.67878],[10.63035,45.68082],[10.62795,45.68143],[10.62744,45.68143],[10.62378,45.68091],[10.61952,45.67986],[10.61673,45.67965],[10.61116,45.68291],[10.60869,45.68501],[10.60849,45.68524],[10.60841,45.68561],[10.60843,45.68668],[10.60844,45.68721],[10.59252,45.69856],[10.59174,45.69888],[10.58452,45.70128]]]}},{"type":"Feature","id":"017188","properties":{"codice_istat":"017188","comune":"Travagliato","capoluogo":false,"area_kmq":17.527},"geometry":{"type":"Polygon","coordinates":[[[10.11494,45.54089],[10.10556,45.54369],[10.10199,45.54352],[10.09363,45.54243],[10.08628,45.53883],[10.08225,45.53866],[10.07815,45.53949],[10.062,45.53796],[10.05939,45.53782],[10.05889,45.53597],[10.05807,45.53448],[10.05561,45.5313],[10.05558,45.53126],[10.04949,45.5243],[10.04535,45.52089],[10.04309,45.52002],[10.04189,45.51999],[10.04104,45.52005],[10.04094,45.52025],[10.04081,45.52056],[10.04043,45.52155],[10.04038,45.52182],[10.0378,45.51869],[10.03826,45.51755],[10.03995,45.51387],[10.04323,45.51175],[10.05092,45.50955],[10.05165,45.50831],[10.05471,45.50814],[10.05968,45.50774],[10.06325,45.5056],[10.06969,45.50074],[10.07116,45.4993],[10.0781,45.4967],[10.08043,45.49598],[10.08572,45.49846],[10.08661,45.49888],[10.08705,45.49909],[10.08806,45.49962],[10.0871,45.5003],[10.08761,45.50268],[10.08792,45.50352],[10.08866,45.50484],[10.08904,45.505],[10.0892,45.50497],[10.09807,45.51335],[10.0998,45.51584],[10.10156,45.5197],[10.10323,45.52529],[10.10527,45.53114],[10.10697,45.53104],[10.10798,45.53096],[10.11423,45.53034],[10.11494,45.54089]]]}},{"type":"Feature","id":"017189","properties":{"codice_istat":"017189","comune":"Tremosine sul Garda","capoluogo":false,"area_kmq":72.401},"geometry":{"type":"Polygon","coordinates":[[[10.74516,45.83995],[10.73593,45.84264],[10.73555,45.84272],[10.73508,45.84272],[10.73489,45.84272],[10.73318,45.8427],[10.73194,45.84266],[10.73172,45.84265],[10.73031,45.84256],[10.72585,45.84213],[10.72251,45.84119],[10.72216,45.84085],[10.72205,45.84071],[10.7218,45.84038],[10.72145,45.84002],[10.72089,45.83958],[10.72056,45.83933],[10.71851,45.83779],[10.71729,45.83691],[10.71698,45.83681],[10.71136,45.8361],[10.71101,45.83606],[10.71068,45.83607],[10.71007,45.83611],[10.70989,45.83612],[10.70942,45.83617],[10.70889,45.83623],[10.70724,45.83644],[10.7068,45.8365],[10.69562,45.83987],[10.69208,45.8374],[10.69043,45.83632],[10.68249,45.83257],[10.67707,45.83094],[10.67362,45.83117],[10.65607,45.83232],[10.65453,45.82757],[10.65386,45.82061],[10.65074,45.81215],[10.64838,45.80788],[10.64758,45.80679],[10.64583,45.80457],[10.64503,45.80368],[10.64383,45.80296],[10.64141,45.80189],[10.64201,45.8019],[10.6433,45.8019],[10.64338,45.8019],[10.64839,45.80109],[10.6489,45.801],[10.64927,45.80087],[10.64964,45.80067],[10.66151,45.78998],[10.66261,45.78896],[10.66545,45.78492],[10.66673,45.78285],[10.66793,45.78253],[10.67335,45.78205],[10.68525,45.7832],[10.70009,45.7828],[10.7136,45.78061],[10.72064,45.77144],[10.72754,45.76433],[10.73645,45.75922],[10.74696,45.74838],[10.76313,45.7407],[10.77199,45.75078],[10.78377,45.76578],[10.78406,45.76615],[10.78514,45.76756],[10.78675,45.76966],[10.80241,45.78955],[10.80525,45.79304],[10.80812,45.79656],[10.78366,45.79985],[10.78315,45.79987],[10.783,45.79987],[10.78271,45.79976],[10.77704,45.8008],[10.77289,45.8027],[10.76786,45.805],[10.75697,45.81321],[10.75522,45.81814],[10.755,45.82013],[10.75483,45.82219],[10.75477,45.82383],[10.75506,45.82822],[10.75586,45.82983],[10.75595,45.82996],[10.75635,45.83003],[10.75545,45.83074],[10.75216,45.83422],[10.75105,45.83599],[10.74852,45.8379],[10.74516,45.83995]]]}},{"type":"Feature","id":"017190","properties":{"codice_istat":"017190","comune":"Trenzano","capoluogo":false,"area_kmq":19.962},"geometry":{"type":"Polygon","coordinates":[[[10.01826,45.51206],[10.01885,45.51643],[10.01115,45.51683],[10.01034,45.51184],[10.01236,45.5071],[10.0129,45.50512],[10.01295,45.5047],[10.01224,45.49839],[10.01177,45.49693],[10.01158,45.49652],[10.01126,45.49587],[10.01096,45.49525],[10.0106,45.49535],[10.00897,45.49592],[10.00697,45.49712],[10.00525,45.49888],[10.00227,45.50208],[9.99835,45.50239],[9.99552,45.49831],[9.99487,45.49676],[9.99463,45.49618],[9.99453,45.49568],[9.99423,45.49394],[9.98557,45.4874],[9.98416,45.48749],[9.98346,45.48754],[9.98217,45.48765],[9.98139,45.48773],[9.98086,45.48779],[9.98006,45.48792],[9.97968,45.48799],[9.97918,45.48811],[9.97874,45.48827],[9.9718,45.4907],[9.97138,45.48618],[9.96973,45.47849],[9.97338,45.46866],[9.97373,45.46149],[9.97505,45.45726],[9.98177,45.45472],[9.98362,45.45413],[9.98508,45.45806],[9.98528,45.45854],[9.98557,45.45906],[9.98591,45.45957],[9.98649,45.46041],[9.9867,45.46071],[9.98687,45.46091],[9.99106,45.4615],[9.99206,45.46161],[9.99619,45.46041],[9.99937,45.45732],[10.00397,45.45502],[10.01476,45.45301],[10.01844,45.45585],[10.01907,45.45645],[10.02226,45.46033],[10.03204,45.46743],[10.03439,45.46875],[10.03508,45.46914],[10.03458,45.47295],[10.02951,45.4819],[10.02533,45.49244],[10.02352,45.49498],[10.0231,45.49636],[10.02201,45.5023],[10.01826,45.51206]]]}},{"type":"Feature","id":"017191","properties":{"codice_istat":"017191","comune":"Treviso Bresciano","capoluogo":false,"area_kmq":17.97},"geometry":{"type":"Polygon","coordinates":[[[10.51702,45.72655],[10.51391,45.73236],[10.50876,45.73246],[10.49469,45.72843],[10.48568,45.72624],[10.48178,45.72613],[10.47873,45.72589],[10.47519,45.7247],[10.47481,45.72439],[10.47449,45.72406],[10.47274,45.72224],[10.47154,45.72098],[10.47052,45.72004],[10.46497,45.72117],[10.46044,45.7229],[10.4567,45.72511],[10.44961,45.7299],[10.44318,45.73043],[10.43552,45.72171],[10.43402,45.72096],[10.43268,45.72027],[10.43183,45.71958],[10.42959,45.71758],[10.4274,45.71248],[10.42725,45.71205],[10.4271,45.71157],[10.42703,45.71108],[10.42715,45.71064],[10.43045,45.70357],[10.43074,45.70335],[10.43132,45.7033],[10.43273,45.70325],[10.43473,45.70258],[10.44271,45.70012],[10.44406,45.70002],[10.447,45.70011],[10.45097,45.70007],[10.45638,45.69992],[10.45866,45.69934],[10.45969,45.69898],[10.46025,45.69873],[10.46104,45.6983],[10.46237,45.6975],[10.46271,45.69674],[10.46305,45.69637],[10.4636,45.69594],[10.46424,45.69563],[10.46549,45.69505],[10.47259,45.69283],[10.47721,45.69205],[10.48017,45.69195],[10.48158,45.69201],[10.48367,45.69236],[10.49266,45.69658],[10.49463,45.70337],[10.49822,45.71319],[10.50476,45.7204],[10.51428,45.72526],[10.51702,45.72655]]]}},{"type":"Feature","id":"017192","properties":{"codice_istat":"017192","comune":"Urago d'Oglio","capoluogo":false,"area_kmq":10.58},"geometry":{"type":"Polygon","coordinates":[[[9.86207,45.54532],[9.85669,45.54641],[9.85529,45.54472],[9.85341,45.53993],[9.85282,45.53258],[9.85259,45.52974],[9.85276,45.51975],[9.8588,45.51598],[9.86254,45.51016],[9.86455,45.50414],[9.86466,45.49955],[9.86379,45.4989],[9.86332,45.49851],[9.86331,45.49848],[9.86311,45.49813],[9.86307,45.49781],[9.86307,45.49776],[9.86309,45.49737],[9.86319,45.49709],[9.86337,45.49668],[9.86361,45.4964],[9.86369,45.4963],[9.86409,45.49607],[9.86458,45.49592],[9.86466,45.4959],[9.86502,45.49583],[9.86626,45.49563],[9.86772,45.49544],[9.86925,45.49527],[9.86946,45.49586],[9.87194,45.49876],[9.87312,45.49944],[9.87655,45.50122],[9.88184,45.50341],[9.88365,45.50407],[9.90236,45.50075],[9.90408,45.50027],[9.90511,45.50182],[9.90551,45.50272],[9.90571,45.50497],[9.89806,45.5065],[9.89433,45.50695],[9.89275,45.50689],[9.8924,45.50689],[9.89178,45.5069],[9.88836,45.50692],[9.8873,45.507],[9.88595,45.50711],[9.88739,45.51042],[9.88971,45.51377],[9.89385,45.51566],[9.89398,45.51747],[9.8941,45.52393],[9.89211,45.52621],[9.8883,45.52638],[9.88502,45.5264],[9.8815,45.52673],[9.87822,45.52704],[9.87739,45.52718],[9.87641,45.52752],[9.86893,45.5348],[9.86828,45.53565],[9.86763,45.53651],[9.86735,45.5371],[9.86737,45.53979],[9.86759,45.54188],[9.86767,45.54255],[9.86296,45.54511],[9.86207,45.54532]]]}},{"type":"Feature","id":"017193","properties":{"codice_istat":"017193","comune":"Vallio Terme","capoluogo":false,"area_kmq":14.994},"geometry":{"type":"Polygon","coordinates":[[[10.40742,45.63181],[10.40618,45.63184],[10.40564,45.63204],[10.40521,45.63235],[10.40508,45.63263],[10.40499,45.63304],[10.40506,45.63492],[10.40537,45.63576],[10.40355,45.6332],[10.40306,45.63256],[10.40216,45.63199],[10.39949,45.63062],[10.39844,45.63018],[10.39677,45.62975],[10.394,45.62942],[10.38528,45.62823],[10.38381,45.62557],[10.38401,45.62466],[10.3838,45.62346],[10.38352,45.62315],[10.38191,45.6227],[10.38035,45.62231],[10.37979,45.62224],[10.37951,45.6223],[10.37921,45.62238],[10.3789,45.62251],[10.37852,45.62275],[10.37481,45.62522],[10.37318,45.6267],[10.37279,45.62741],[10.36872,45.6258],[10.36148,45.6236],[10.36033,45.62256],[10.35972,45.62201],[10.35915,45.62121],[10.35841,45.61795],[10.36189,45.61288],[10.36231,45.61083],[10.36198,45.60621],[10.35966,45.60197],[10.35736,45.59997],[10.36138,45.59762],[10.36209,45.59725],[10.36323,45.59665],[10.36362,45.59648],[10.36414,45.59628],[10.36464,45.5962],[10.36532,45.5961],[10.38673,45.59306],[10.39206,45.59243],[10.39338,45.59232],[10.39393,45.5923],[10.39523,45.59235],[10.40158,45.59259],[10.40494,45.59845],[10.40549,45.6054],[10.41577,45.60612],[10.41928,45.60719],[10.4207,45.61267],[10.41878,45.61491],[10.41709,45.61574],[10.41565,45.61636],[10.4124,45.61951],[10.41313,45.62165],[10.41376,45.62385],[10.41002,45.63031],[10.40742,45.63181]]]}},{"type":"Feature","id":"017194","properties":{"codice_istat":"017194","comune":"Valvestino","capoluogo":false,"area_kmq":31.287},"geometry":{"type":"Polygon","coordinates":[[[10.61298,45.79579],[10.60875,45.79858],[10.60194,45.79815],[10.59768,45.79974],[10.59102,45.79846],[10.59033,45.7983],[10.58971,45.79812],[10.58923,45.79793],[10.58908,45.79787],[10.58607,45.79637],[10.58239,45.7943],[10.58198,45.79183],[10.58115,45.78952],[10.57467,45.78698],[10.56427,45.78456],[10.56009,45.78425],[10.55367,45.78393],[10.54542,45.78466],[10.54819,45.78195],[10.54884,45.7811],[10.55005,45.77934],[10.55078,45.77812],[10.55159,45.77667],[10.55007,45.77579],[10.54712,45.77437],[10.55254,45.76996],[10.5531,45.76964],[10.55483,45.76906],[10.55606,45.76865],[10.55686,45.76819],[10.55868,45.76673],[10.55994,45.76545],[10.56493,45.75925],[10.56701,45.75643],[10.57013,45.75076],[10.57027,45.75045],[10.57039,45.75017],[10.57085,45.74899],[10.57088,45.74842],[10.57087,45.74774],[10.57013,45.74229],[10.5695,45.74119],[10.56817,45.73945],[10.56637,45.73739],[10.56554,45.73692],[10.56388,45.73577],[10.56337,45.73528],[10.56315,45.73484],[10.563,45.73212],[10.56302,45.73153],[10.56314,45.73118],[10.56496,45.72887],[10.56845,45.7273],[10.5691,45.72703],[10.56967,45.72682],[10.57171,45.72611],[10.5725,45.72626],[10.57721,45.72779],[10.58175,45.7293],[10.59511,45.73246],[10.60475,45.73341],[10.61586,45.73949],[10.61792,45.74024],[10.62155,45.74158],[10.62524,45.74303],[10.63916,45.75077],[10.64163,45.75212],[10.64517,45.75412],[10.64351,45.75889],[10.64288,45.7612],[10.64275,45.76158],[10.64264,45.76177],[10.64234,45.76205],[10.64195,45.76229],[10.64162,45.76246],[10.64114,45.76256],[10.63911,45.76266],[10.63368,45.76233],[10.63162,45.76129],[10.62914,45.76053],[10.62466,45.75942],[10.62335,45.75944],[10.62248,45.75958],[10.62207,45.75979],[10.62188,45.76004],[10.62015,45.76315],[10.62,45.76602],[10.62022,45.76855],[10.61677,45.76939],[10.61296,45.77021],[10.60451,45.76693],[10.60108,45.76969],[10.60456,45.78057],[10.6115,45.78772],[10.61257,45.79016],[10.61326,45.79445],[10.61298,45.79579]]]}},{"type":"Feature","id":"017195","properties":{"codice_istat":"017195","comune":"Verolanuova","capoluogo":false,"area_kmq":25.966},"geometry":{"type":"Polygon","coordinates":[[[10.06587,45.37494],[10.05651,45.37507],[10.05423,45.3738],[10.05271,45.37272],[10.04757,45.36571],[10.04718,45.36517],[10.04656,45.36432],[10.04547,45.36274],[10.04536,45.36258],[10.04413,45.36082],[10.04407,45.36073],[10.0416,45.35716],[10.03974,45.35468],[10.03585,45.34948],[10.03561,45.34915],[10.03711,45.34815],[10.04475,45.34659],[10.04808,45.34594],[10.04913,45.34577],[10.05292,45.34673],[10.05716,45.34819],[10.05731,45.34881],[10.05798,45.34953],[10.05882,45.34996],[10.05936,45.35021],[10.05974,45.35032],[10.06411,45.35129],[10.07097,45.35261],[10.07303,45.35244],[10.07575,45.35158],[10.07804,45.35075],[10.07466,45.3428],[10.07237,45.33993],[10.0706,45.33992],[10.06926,45.33743],[10.06634,45.3292],[10.06552,45.32714],[10.06396,45.32361],[10.06065,45.31961],[10.05703,45.316],[10.05691,45.31406],[10.06061,45.30444],[10.06147,45.30007],[10.06789,45.30279],[10.07352,45.30551],[10.08983,45.30623],[10.09326,45.30616],[10.09886,45.307],[10.10666,45.30951],[10.10732,45.31047],[10.11108,45.31077],[10.11403,45.31032],[10.11449,45.31021],[10.11483,45.31012],[10.11527,45.30985],[10.11735,45.31377],[10.11809,45.31519],[10.11893,45.31705],[10.11065,45.32072],[10.10659,45.3245],[10.10664,45.32634],[10.10798,45.33162],[10.10561,45.33251],[10.10154,45.33875],[10.10358,45.34652],[10.10508,45.34927],[10.10467,45.35201],[10.1045,45.35236],[10.10416,45.35263],[10.10266,45.35284],[10.10033,45.35378],[10.09859,45.35483],[10.0946,45.3606],[10.08876,45.36432],[10.08824,45.36456],[10.0878,45.36474],[10.0866,45.36509],[10.08419,45.36563],[10.08028,45.36563],[10.07515,45.3701],[10.07359,45.3736],[10.07025,45.37421],[10.06587,45.37494]]]}},{"type":"Feature","id":"017196","properties":{"codice_istat":"017196","comune":"Verolavecchia","capoluogo":false,"area_kmq":21.368},"geometry":{"type":"Polygon","coordinates":[[[10.07097,45.35261],[10.06411,45.35129],[10.05974,45.35032],[10.05936,45.35021],[10.05882,45.34996],[10.05798,45.34953],[10.05731,45.34881],[10.05716,45.34819],[10.05292,45.34673],[10.04913,45.34577],[10.04808,45.34594],[10.04475,45.34659],[10.03711,45.34815],[10.03561,45.34915],[10.02623,45.3362],[10.02611,45.33407],[10.02654,45.33196],[10.02825,45.32496],[10.02855,45.32394],[10.02894,45.32304],[10.02923,45.32296],[10.0313,45.32348],[10.03469,45.31631],[10.04119,45.30795],[10.03649,45.30666],[10.03621,45.30654],[10.03593,45.30611],[10.03506,45.304],[10.03489,45.30351],[10.03471,45.30279],[10.03461,45.30213],[10.03406,45.2977],[10.03425,45.2971],[10.03215,45.29379],[10.0266,45.29163],[10.02278,45.29045],[10.021,45.28847],[10.01937,45.28585],[10.01929,45.28551],[10.01928,45.28526],[10.01936,45.28404],[10.02928,45.27678],[10.03532,45.27824],[10.03941,45.27896],[10.04953,45.28038],[10.05899,45.27768],[10.06251,45.2765],[10.0641,45.28153],[10.06715,45.29063],[10.06771,45.29316],[10.06264,45.29793],[10.06147,45.30007],[10.06061,45.30444],[10.05691,45.31406],[10.05703,45.316],[10.06065,45.31961],[10.06396,45.32361],[10.06552,45.32714],[10.06634,45.3292],[10.06926,45.33743],[10.0706,45.33992],[10.07237,45.33993],[10.07466,45.3428],[10.07804,45.35075],[10.07575,45.35158],[10.07303,45.35244],[10.07097,45.35261]]]}},{"type":"Feature","id":"017197","properties":{"codice_istat":"017197","comune":"Vestone","capoluogo":false,"area_kmq":13.039},"geometry":{"type":"Polygon","coordinates":[[[10.42523,45.72511],[10.42006,45.73142],[10.41885,45.73084],[10.41265,45.72821],[10.40364,45.72586],[10.39859,45.72468],[10.39569,45.72401],[10.39459,45.7238],[10.39441,45.72377],[10.39145,45.72345],[10.39114,45.72342],[10.39072,45.7234],[10.39024,45.72339],[10.38922,45.72343],[10.38945,45.71777],[10.38896,45.71635],[10.38071,45.71246],[10.3788,45.71151],[10.37863,45.71134],[10.37856,45.71112],[10.37841,45.7103],[10.37836,45.7099],[10.37775,45.70743],[10.37765,45.70706],[10.37756,45.70685],[10.37588,45.70562],[10.37566,45.70546],[10.37214,45.70304],[10.36518,45.69941],[10.36135,45.69747],[10.37482,45.68784],[10.38458,45.69065],[10.38842,45.69421],[10.39347,45.6972],[10.3993,45.6977],[10.39956,45.69787],[10.40124,45.69889],[10.40153,45.69899],[10.40436,45.69991],[10.40496,45.7001],[10.40723,45.70052],[10.41341,45.7016],[10.41917,45.70105],[10.42116,45.70079],[10.42352,45.70023],[10.42662,45.70084],[10.43025,45.70181],[10.432,45.70275],[10.43273,45.70325],[10.43132,45.7033],[10.43074,45.70335],[10.43045,45.70357],[10.42715,45.71064],[10.42703,45.71108],[10.4271,45.71157],[10.42725,45.71205],[10.4274,45.71248],[10.42959,45.71758],[10.43183,45.71958],[10.43268,45.72027],[10.43402,45.72096],[10.43552,45.72171],[10.43205,45.723],[10.42761,45.72362],[10.42523,45.72511]]]}},{"type":"Feature","id":"017198","properties":{"codice_istat":"017198","comune":"Vezza d'Oglio","capoluogo":false,"area_kmq":54.123},"geometry":{"type":"Polygon","coordinates":[[[10.43264,46.33644],[10.43276,46.33709],[10.4272,46.33647],[10.41971,46.33371],[10.40856,46.32503],[10.39845,46.31619],[10.3864,46.30446],[10.37142,46.29355],[10.35761,46.29145],[10.35653,46.29182],[10.35576,46.29187],[10.355,46.2918],[10.35427,46.2917],[10.3469,46.29049],[10.34508,46.28989],[10.33911,46.28628],[10.34081,46.27917],[10.34438,46.27838],[10.3491,46.27487],[10.35611,46.26126],[10.3646,46.25348],[10.37067,46.24576],[10.37058,46.24149],[10.37427,46.23255],[10.37985,46.22676],[10.38037,46.22624],[10.38187,46.22477],[10.38233,46.22436],[10.38418,46.22275],[10.38496,46.22208],[10.38549,46.22163],[10.38632,46.22116],[10.38766,46.22048],[10.38831,46.22033],[10.39392,46.21231],[10.39475,46.20992],[10.39533,46.20711],[10.39574,46.20467],[10.39552,46.20301],[10.39835,46.19967],[10.39949,46.19841],[10.40459,46.20114],[10.40527,46.20144],[10.40635,46.20191],[10.40687,46.20211],[10.40779,46.20238],[10.40825,46.2025],[10.41074,46.20311],[10.41126,46.20322],[10.41259,46.20346],[10.41329,46.20348],[10.42605,46.20429],[10.43209,46.20478],[10.43431,46.20707],[10.43453,46.20739],[10.43461,46.20793],[10.43465,46.20835],[10.43467,46.20867],[10.43467,46.20911],[10.4346,46.20942],[10.43443,46.20981],[10.42492,46.22287],[10.42162,46.22779],[10.42114,46.2285],[10.41935,46.23124],[10.41692,46.23871],[10.41704,46.23901],[10.41736,46.23915],[10.41746,46.2392],[10.41996,46.24008],[10.42174,46.24003],[10.4194,46.2459],[10.41601,46.25117],[10.40977,46.25788],[10.41051,46.26538],[10.41731,46.27308],[10.42556,46.2818],[10.42586,46.28449],[10.42283,46.29072],[10.42083,46.29428],[10.42009,46.29864],[10.42666,46.30611],[10.43403,46.31243],[10.44087,46.31664],[10.43993,46.31765],[10.43911,46.31886],[10.43748,46.32207],[10.43723,46.32261],[10.43704,46.32309],[10.43278,46.3336],[10.43258,46.33504],[10.43264,46.33644]]]}},{"type":"Feature","id":"017199","properties":{"codice_istat":"017199","comune":"Villa Carcina","capoluogo":false,"area_kmq":14.112},"geometry":{"type":"Polygon","coordinates":[[[10.18338,45.65416],[10.18266,45.65443],[10.18228,45.65458],[10.18107,45.65508],[10.17494,45.6578],[10.16882,45.65438],[10.16852,45.65405],[10.16828,45.65373],[10.16798,45.65328],[10.16778,45.6529],[10.16697,45.65123],[10.16686,45.65097],[10.16224,45.63557],[10.16499,45.63102],[10.16524,45.63069],[10.16559,45.63024],[10.16689,45.62875],[10.16745,45.62815],[10.16834,45.62739],[10.16901,45.62694],[10.17135,45.62555],[10.17169,45.62541],[10.17315,45.62254],[10.17325,45.62064],[10.17458,45.6204],[10.18002,45.61943],[10.18434,45.61873],[10.18825,45.61844],[10.19779,45.61938],[10.21279,45.62256],[10.21337,45.6227],[10.21401,45.62295],[10.21466,45.62327],[10.2159,45.62423],[10.2187,45.62748],[10.22037,45.62963],[10.22053,45.63013],[10.2207,45.63058],[10.22101,45.63113],[10.22172,45.63228],[10.22218,45.63282],[10.22273,45.63345],[10.22317,45.63388],[10.22364,45.63426],[10.22641,45.63624],[10.23203,45.63725],[10.23205,45.64464],[10.23159,45.64415],[10.22852,45.64225],[10.22365,45.64208],[10.20668,45.64123],[10.20398,45.64128],[10.2008,45.64149],[10.19888,45.64521],[10.19799,45.64716],[10.19849,45.65155],[10.18807,45.65436],[10.18708,45.65425],[10.18529,45.6541],[10.18468,45.65406],[10.18387,45.65407],[10.18338,45.65416]]]}},{"type":"Feature","id":"017200","properties":{"codice_istat":"017200","comune":"Villachiara","capoluogo":false,"area_kmq":17.318},"geometry":{"type":"Polygon","coordinates":[[[9.91891,45.3841],[9.91254,45.38475],[9.91186,45.38014],[9.91342,45.37823],[9.91252,45.37477],[9.91066,45.37429],[9.90717,45.37363],[9.90614,45.37347],[9.90262,45.37297],[9.89902,45.37264],[9.89866,45.37261],[9.89535,45.36184],[9.89539,45.36159],[9.89531,45.36125],[9.89518,45.36093],[9.89488,45.36061],[9.89451,45.3605],[9.89224,45.35986],[9.89039,45.35987],[9.88938,45.35992],[9.88874,45.36051],[9.88868,45.36057],[9.88333,45.35756],[9.88589,45.3558],[9.88688,45.35355],[9.89405,45.34215],[9.89477,45.34124],[9.89799,45.33848],[9.89871,45.33804],[9.90391,45.33755],[9.90912,45.33748],[9.91139,45.33756],[9.91554,45.33628],[9.92124,45.33372],[9.92134,45.33338],[9.92145,45.33313],[9.92161,45.33295],[9.92189,45.3327],[9.9228,45.33203],[9.9246,45.33087],[9.92889,45.32864],[9.93049,45.32842],[9.93281,45.32886],[9.93279,45.32936],[9.93451,45.33175],[9.94535,45.33445],[9.94149,45.34053],[9.94441,45.34936],[9.94437,45.35514],[9.94275,45.35928],[9.93729,45.36441],[9.93304,45.36753],[9.92531,45.37414],[9.92566,45.3754],[9.92588,45.37856],[9.92567,45.38065],[9.92512,45.38221],[9.92431,45.38255],[9.91891,45.3841]]]}},{"type":"Feature","id":"017201","properties":{"codice_istat":"017201","comune":"Villanuova sul Clisi","capoluogo":false,"area_kmq":9.015},"geometry":{"type":"Polygon","coordinates":[[[10.4847,45.62743],[10.4798,45.62918],[10.47905,45.62923],[10.47611,45.62919],[10.47545,45.62919],[10.47423,45.62916],[10.4737,45.62913],[10.47328,45.62903],[10.47284,45.6289],[10.47245,45.62874],[10.47129,45.62822],[10.47117,45.62684],[10.47106,45.62653],[10.4708,45.62637],[10.47039,45.62619],[10.46954,45.62584],[10.46651,45.62472],[10.46577,45.62445],[10.4637,45.62384],[10.46268,45.62361],[10.46096,45.62341],[10.46058,45.62337],[10.45995,45.62334],[10.45593,45.62333],[10.45463,45.62344],[10.4542,45.6235],[10.44723,45.62488],[10.44608,45.62543],[10.44661,45.62332],[10.44931,45.61363],[10.45013,45.61153],[10.45116,45.60471],[10.44582,45.6018],[10.44334,45.60067],[10.44071,45.59923],[10.44067,45.59921],[10.44063,45.59919],[10.44011,45.59878],[10.43962,45.59818],[10.4396,45.59793],[10.44216,45.59527],[10.44259,45.59492],[10.44367,45.59457],[10.44497,45.5942],[10.4538,45.59179],[10.4582,45.59122],[10.47508,45.59739],[10.47726,45.59992],[10.4775,45.60084],[10.47755,45.60212],[10.47518,45.60318],[10.47385,45.60723],[10.47525,45.60968],[10.48593,45.62107],[10.49041,45.62331],[10.48865,45.62517],[10.4847,45.62743]]]}},{"type":"Feature","id":"017202","properties":{"codice_istat":"017202","comune":"Vione","capoluogo":false,"area_kmq":35.279},"geometry":{"type":"Polygon","coordinates":[[[10.46061,46.29531],[10.44624,46.31056],[10.44415,46.31213],[10.44376,46.3125],[10.44258,46.31359],[10.44164,46.31449],[10.44109,46.31508],[10.44093,46.31539],[10.44084,46.31573],[10.44073,46.31628],[10.44087,46.31664],[10.43403,46.31243],[10.42666,46.30611],[10.42009,46.29864],[10.42083,46.29428],[10.42283,46.29072],[10.42586,46.28449],[10.42556,46.2818],[10.41731,46.27308],[10.41051,46.26538],[10.40977,46.25788],[10.41601,46.25117],[10.4194,46.2459],[10.42174,46.24003],[10.41996,46.24008],[10.41746,46.2392],[10.41736,46.23915],[10.41704,46.23901],[10.41692,46.23871],[10.41935,46.23124],[10.42114,46.2285],[10.42162,46.22779],[10.42492,46.22287],[10.43443,46.20981],[10.4346,46.20942],[10.43467,46.20911],[10.43467,46.20867],[10.43465,46.20835],[10.43461,46.20793],[10.43453,46.20739],[10.43431,46.20707],[10.43209,46.20478],[10.43375,46.20416],[10.4344,46.20407],[10.43573,46.20387],[10.43644,46.20378],[10.43708,46.20374],[10.4379,46.20371],[10.439,46.20368],[10.43979,46.20367],[10.44422,46.2041],[10.4603,46.20644],[10.46,46.20767],[10.45762,46.21184],[10.45559,46.21552],[10.45535,46.21726],[10.45356,46.23117],[10.452,46.2483],[10.45273,46.2513],[10.45955,46.25222],[10.46607,46.25409],[10.46709,46.25447],[10.46728,46.25467],[10.46738,46.25488],[10.46744,46.25515],[10.46847,46.26239],[10.46861,46.26656],[10.46859,46.26692],[10.46848,46.26719],[10.46838,46.26738],[10.46831,46.2675],[10.46793,46.26818],[10.46765,46.26865],[10.46705,46.27758],[10.4679,46.27785],[10.46836,46.27807],[10.4707,46.27981],[10.47181,46.28112],[10.47175,46.28212],[10.47169,46.28238],[10.46982,46.28844],[10.46855,46.29141],[10.46494,46.29249],[10.46061,46.29531]]]}},{"type":"Feature","id":"017203","properties":{"codice_istat":"017203","comune":"Visano","capoluogo":false,"area_kmq":11.394},"geometry":{"type":"Polygon","coordinates":[[[10.37172,45.33213],[10.3694,45.33226],[10.36836,45.33206],[10.36787,45.33189],[10.35726,45.32778],[10.35384,45.32636],[10.35168,45.32397],[10.34984,45.32123],[10.34612,45.31911],[10.34195,45.31935],[10.34108,45.31795],[10.34032,45.31343],[10.3395,45.30517],[10.33941,45.30423],[10.33935,45.30322],[10.33931,45.30245],[10.34171,45.30203],[10.34451,45.30064],[10.34746,45.30026],[10.35584,45.3002],[10.36484,45.30052],[10.36981,45.29967],[10.37398,45.29852],[10.3802,45.2966],[10.38167,45.2958],[10.38419,45.29508],[10.38578,45.29631],[10.38692,45.29903],[10.39017,45.30312],[10.39405,45.30808],[10.39446,45.30861],[10.39478,45.30914],[10.39487,45.30955],[10.39484,45.31001],[10.39466,45.31042],[10.39447,45.31064],[10.39271,45.31275],[10.3903,45.31547],[10.38199,45.32214],[10.37727,45.3261],[10.37172,45.33213]]]}},{"type":"Feature","id":"017204","properties":{"codice_istat":"017204","comune":"Vobarno","capoluogo":false,"area_kmq":53.286},"geometry":{"type":"Polygon","coordinates":[[[10.52085,45.72585],[10.51702,45.72655],[10.51428,45.72526],[10.50476,45.7204],[10.49822,45.71319],[10.49463,45.70337],[10.49266,45.69658],[10.48367,45.69236],[10.48158,45.69201],[10.48017,45.69195],[10.47721,45.69205],[10.47705,45.6915],[10.4771,45.69103],[10.47754,45.6903],[10.47848,45.68915],[10.48036,45.6872],[10.48098,45.68659],[10.48152,45.68631],[10.48416,45.68013],[10.48416,45.67736],[10.47618,45.67279],[10.47424,45.67272],[10.47297,45.67271],[10.46935,45.67325],[10.46664,45.67414],[10.46583,45.67441],[10.46353,45.67561],[10.45366,45.67559],[10.45201,45.67548],[10.45161,45.6754],[10.45134,45.67533],[10.44962,45.67483],[10.44859,45.67421],[10.44545,45.67146],[10.43955,45.66805],[10.44007,45.66494],[10.44328,45.65734],[10.44826,45.64835],[10.45092,45.64594],[10.45847,45.64262],[10.46403,45.63984],[10.46731,45.63627],[10.46797,45.6307],[10.46906,45.62959],[10.47129,45.62822],[10.47245,45.62874],[10.47284,45.6289],[10.47328,45.62903],[10.4737,45.62913],[10.47423,45.62916],[10.47545,45.62919],[10.47611,45.62919],[10.47905,45.62923],[10.4798,45.62918],[10.4847,45.62743],[10.48865,45.62517],[10.49041,45.62331],[10.49242,45.62465],[10.50051,45.62801],[10.51483,45.63341],[10.52283,45.6354],[10.52864,45.63859],[10.52912,45.6389],[10.52956,45.63927],[10.52991,45.63962],[10.53198,45.64257],[10.53206,45.64302],[10.53249,45.64753],[10.53349,45.65217],[10.53508,45.67088],[10.53351,45.67412],[10.53316,45.6745],[10.53271,45.67482],[10.53245,45.67496],[10.53193,45.67515],[10.53526,45.67707],[10.54839,45.6834],[10.55225,45.68963],[10.55204,45.69471],[10.55336,45.6986],[10.5474,45.70071],[10.54545,45.70118],[10.54486,45.7014],[10.54222,45.70242],[10.53716,45.70446],[10.53488,45.70548],[10.53439,45.70576],[10.53379,45.70617],[10.53522,45.70788],[10.53641,45.7091],[10.53703,45.70924],[10.53761,45.70938],[10.53902,45.70982],[10.53971,45.71013],[10.54184,45.71113],[10.54246,45.7115],[10.54295,45.71193],[10.54337,45.71245],[10.54365,45.71285],[10.54521,45.7158],[10.54473,45.71618],[10.54388,45.71678],[10.54312,45.71726],[10.54222,45.71739],[10.53879,45.71751],[10.53452,45.71767],[10.53043,45.71845],[10.52473,45.72211],[10.52085,45.72585]]]}},{"type":"Feature","id":"017205","properties":{"codice_istat":"017205","comune":"Zone","capoluogo":false,"area_kmq":19.769},"geometry":{"type":"Polygon","coordinates":[[[10.12151,45.7839],[10.11741,45.78531],[10.11591,45.78336],[10.1142,45.78085],[10.10986,45.77664],[10.1078,45.77535],[10.09893,45.77131],[10.09357,45.77034],[10.09047,45.7703],[10.09491,45.76695],[10.09559,45.765],[10.09579,45.76022],[10.09682,45.75548],[10.09791,45.75399],[10.10133,45.75077],[10.10421,45.74382],[10.10491,45.74362],[10.10573,45.74338],[10.10861,45.74266],[10.11144,45.74278],[10.11946,45.74321],[10.12628,45.74341],[10.13947,45.74321],[10.14424,45.74205],[10.14458,45.74189],[10.15132,45.73939],[10.15385,45.73893],[10.15435,45.73885],[10.15476,45.73887],[10.15512,45.73893],[10.16653,45.74161],[10.1744,45.74323],[10.17575,45.74796],[10.17625,45.74926],[10.17617,45.74962],[10.1759,45.7499],[10.17342,45.75137],[10.17159,45.75245],[10.16319,45.76112],[10.16251,45.76137],[10.16127,45.76191],[10.16048,45.76231],[10.16005,45.76262],[10.15725,45.7647],[10.1546,45.76666],[10.14865,45.77084],[10.14529,45.77258],[10.13646,45.77656],[10.12467,45.7819],[10.12151,45.7839]]]}},{"type":"Feature","id":"017206","properties":{"codice_istat":"017206","comune":"Piancogno","capoluogo":false,"area_kmq":14.24},"geometry":{"type":"Polygon","coordinates":[[[10.15058,45.94619],[10.14522,45.94711],[10.13765,45.94743],[10.13711,45.9474],[10.13673,45.94725],[10.135,45.94645],[10.1346,45.94624],[10.13216,45.94405],[10.13161,45.94354],[10.1312,45.94311],[10.13092,45.94268],[10.12926,45.93905],[10.12885,45.93731],[10.12957,45.93663],[10.13245,45.93585],[10.13488,45.93547],[10.13906,45.93506],[10.14214,45.93491],[10.14538,45.93575],[10.14593,45.93597],[10.14633,45.93609],[10.1474,45.93634],[10.14797,45.93647],[10.14904,45.93659],[10.1497,45.93663],[10.15014,45.93663],[10.15074,45.93663],[10.15147,45.93661],[10.15213,45.93655],[10.15382,45.93639],[10.15453,45.93631],[10.15525,45.93605],[10.15561,45.93568],[10.15782,45.93342],[10.15907,45.93212],[10.15918,45.93181],[10.15922,45.93159],[10.15921,45.93112],[10.15915,45.93067],[10.15899,45.93024],[10.15879,45.929],[10.15871,45.92843],[10.15873,45.92798],[10.15878,45.92752],[10.15884,45.92729],[10.15899,45.92679],[10.15917,45.92634],[10.15937,45.92597],[10.15965,45.92567],[10.15993,45.92548],[10.16047,45.92536],[10.16124,45.92523],[10.168,45.9246],[10.16928,45.92573],[10.17001,45.92611],[10.17057,45.92637],[10.17232,45.92714],[10.17907,45.9252],[10.18693,45.92363],[10.19129,45.92525],[10.19413,45.92467],[10.19786,45.9236],[10.21194,45.91293],[10.21623,45.91001],[10.21674,45.90959],[10.21692,45.9094],[10.21704,45.90913],[10.21711,45.90878],[10.21682,45.90441],[10.21977,45.90554],[10.2239,45.90896],[10.22903,45.91508],[10.22989,45.91743],[10.23089,45.92046],[10.2321,45.92302],[10.23228,45.92332],[10.23261,45.92367],[10.24271,45.93024],[10.2455,45.93185],[10.24691,45.93236],[10.24622,45.93577],[10.24699,45.93763],[10.25007,45.93905],[10.25259,45.9401],[10.25367,45.94055],[10.25414,45.94074],[10.25476,45.94098],[10.25575,45.9413],[10.2531,45.94184],[10.24217,45.93991],[10.23593,45.93711],[10.23559,45.93673],[10.23518,45.93643],[10.23484,45.93621],[10.23454,45.9361],[10.23426,45.93604],[10.23393,45.93604],[10.23354,45.93609],[10.22891,45.93761],[10.22721,45.93897],[10.2251,45.9418],[10.22494,45.9416],[10.22471,45.94142],[10.22443,45.94123],[10.22402,45.94106],[10.22363,45.94096],[10.22327,45.94092],[10.21994,45.9413],[10.21716,45.94228],[10.21484,45.94264],[10.21432,45.94267],[10.21373,45.94262],[10.21311,45.94254],[10.21248,45.94244],[10.21192,45.94224],[10.209,45.94071],[10.20475,45.93772],[10.20438,45.93536],[10.19984,45.93088],[10.1923,45.92717],[10.1918,45.92696],[10.19094,45.92685],[10.19006,45.92677],[10.1879,45.92664],[10.1868,45.92659],[10.18411,45.92654],[10.1833,45.92659],[10.18187,45.92678],[10.18101,45.92698],[10.18051,45.92716],[10.18042,45.92722],[10.1801,45.92741],[10.17973,45.92766],[10.17789,45.93028],[10.17849,45.9315],[10.17707,45.93364],[10.17325,45.9377],[10.17229,45.9385],[10.1693,45.94053],[10.16665,45.94151],[10.16251,45.94275],[10.15058,45.94619]]]}}]}
