codice_istat,comune,anno,tavola,indicatore,ownership_type,numb_room,use_floor_spacegroup,heating_system_type,access_building,type_of_building,valore
017001,Acquafredda,2019,occupate_e_non_occupate,abitazioni al 31 dicembre,tutte le voci,totale,tutte le voci,tutte le voci,TOTALE,TOTALE,738
017001,Acquafredda,2019,occupate_e_non_occupate,abitazioni non occupate al 31 dicembre,tutte le voci,totale,tutte le voci,tutte le voci,TOTALE,TOTALE,149
017001,Acquafredda,2019,occupate_e_non_occupate,abitazioni occupate al 31 dicembre,tutte le voci,totale,tutte le voci,tutte le voci,TOTALE,TOTALE,589
017001,Acquafredda,2021,occupate_e_non_occupate,abitazioni al 31 dicembre,tutte le voci,totale,tutte le voci,tutte le voci,TOTALE,TOTALE,742
017001,Acquafredda,2021,occupate_e_non_occupate,abitazioni non occupate al 31 dicembre,tutte le voci,totale,tutte le voci,tutte le voci,TOTALE,TOTALE,133
017001,Acquafredda,2021,occupate_e_non_occupate,abitazioni occupate al 31 dicembre,tutte le voci,totale,tutte le voci,tutte le voci,TOTALE,TOTALE,609
017001,Acquafredda,2023,occupate_e_non_occupate,abitazioni al 31 dicembre,tutte le voci,totale,tutte le voci,tutte le voci,TOTALE,TOTALE,756
017001,Acquafredda,2023,occupate_e_non_occupate,abitazioni non occupate al 31 dicembre,tutte le voci,totale,tutte le voci,tutte le voci,TOTALE,TOTALE,139
017001,Acquafredda,2023,occupate_e_non_occupate,abitazioni occupate al 31 dicembre,tutte le voci,totale,tutte le voci,tutte le voci,TOTALE,TOTALE,617
017001,Acquafredda,2019,titolo_di_godimento,abitazioni occupate al 31 dicembre,affitto,totale,tutte le voci,tutte le voci,TOTALE,TOTALE,84
017001,Acquafredda,2019,titolo_di_godimento,abitazioni occupate al 31 dicembre,"altro titolo diverso da proprietà, affitto",totale,tutte le voci,tutte le voci,TOTALE,TOTALE,21
017001,Acquafredda,2019,titolo_di_godimento,abitazioni occupate al 31 dicembre,proprietà,totale,tutte le voci,tutte le voci,TOTALE,TOTALE,484
017001,Acquafredda,2019,titolo_di_godimento,abitazioni occupate al 31 dicembre,tutte le voci,totale,tutte le voci,tutte le voci,TOTALE,TOTALE,589
017001,Acquafredda,2021,titolo_di_godimento,abitazioni occupate al 31 dicembre,tutte le voci,totale,tutte le voci,tutte le voci,TOTALE,TOTALE,609
017001,Acquafredda,2023,titolo_di_godimento,abitazioni occupate al 31 dicembre,tutte le voci,totale,tutte le voci,tutte le voci,TOTALE,TOTALE,617
017002,Adro,2019,occupate_e_non_occupate,abitazioni al 31 dicembre,tutte le voci,totale,tutte le voci,tutte le voci,TOTALE,TOTALE,3565
017002,Adro,2019,occupate_e_non_occupate,abitazioni non occupate al 31 dicembre,tutte le voci,totale,tutte le voci,tutte le voci,TOTALE,TOTALE,645
017002,Adro,2019,occupate_e_non_occupate,abitazioni occupate al 31 dicembre,tutte le voci,totale,tutte le voci,tutte le voci,TOTALE,TOTALE,2920
017002,Adro,2021,occupate_e_non_occupate,abitazioni al 31 dicembre,tutte le voci,totale,tutte le voci,tutte le voci,TOTALE,TOTALE,3569
017002,Adro,2021,occupate_e_non_occupate,abitazioni non occupate al 31 dicembre,tutte le voci,totale,tutte le voci,tutte le voci,TOTALE,TOTALE,665
017002,Adro,2021,occupate_e_non_occupate,abitazioni occupate al 31 dicembre,tutte le voci,totale,tutte le voci,tutte le voci,TOTALE,TOTALE,2904
017002,Adro,2023,occupate_e_non_occupate,abitazioni al 31 dicembre,tutte le voci,totale,tutte le voci,tutte le voci,TOTALE,TOTALE,3604
017002,Adro,2023,occupate_e_non_occupate,abitazioni non occupate al 31 dicembre,tutte le voci,totale,tutte le voci,tutte le voci,TOTALE,TOTALE,676
017002,Adro,2023,occupate_e_non_occupate,abitazioni occupate al 31 dicembre,tutte le voci,totale,tutte le voci,tutte le voci,TOTALE,TOTALE,2928
017002,Adro,2019,titolo_di_godimento,abitazioni occupate al 31 dicembre,affitto,totale,tutte le voci,tutte le voci,TOTALE,TOTALE,385
017002,Adro,2019,titolo_di_godimento,abitazioni occupate al 31 dicembre,"altro titolo diverso da proprietà, affitto",totale,tutte le voci,tutte le voci,TOTALE,TOTALE,218
017002,Adro,2019,titolo_di_godimento,abitazioni occupate al 31 dicembre,proprietà,totale,tutte le voci,tutte le voci,TOTALE,TOTALE,2317
017002,Adro,2019,titolo_di_godimento,abitazioni occupate al 31 dicembre,tutte le voci,totale,tutte le voci,tutte le voci,TOTALE,TOTALE,2920
017002,Adro,2021,titolo_di_godimento,abitazioni occupate al 31 dicembre,tutte le voci,totale,tutte le voci,tutte le voci,TOTALE,TOTALE,2904
017002,Adro,2023,titolo_di_godimento,abitazioni occupate al 31 dicembre,tutte le voci,totale,tutte le voci,tutte le voci,TOTALE,TOTALE,2928
017003,Agnosine,2019,occupate_e_non_occupate,abitazioni al 31 dicembre,tutte le voci,totale,tutte le voci,tutte le voci,TOTALE,TOTALE,1185
017003,Agnosine,2019,occupate_e_non_occupate,abitazioni non occupate al 31 dicembre,tutte le voci,totale,tutte le voci,tutte le voci,TOTALE,TOTALE,466
017003,Agnosine,2019,occupate_e_non_occupate,abitazioni occupate al 31 dicembre,tutte le voci,totale,tutte le voci,tutte le voci,TOTALE,TOTALE,719
017003,Agnosine,2021,occupate_e_non_occupate,abitazioni al 31 dicembre,tutte le voci,totale,tutte le voci,tutte le voci,TOTALE,TOTALE,1184
017003,Agnosine,2021,occupate_e_non_occupate,abitazioni non occupate al 31 dicembre,tutte le voci,totale,tutte le voci,tutte le voci,TOTALE,TOTALE,475
017003,Agnosine,2021,occupate_e_non_occupate,abitazioni occupate al 31 dicembre,tutte le voci,totale,tutte le voci,tutte le voci,TOTALE,TOTALE,709
017003,Agnosine,2023,occupate_e_non_occupate,abitazioni al 31 dicembre,tutte le voci,totale,tutte le voci,tutte le voci,TOTALE,TOTALE,1194
017003,Agnosine,2023,occupate_e_non_occupate,abitazioni non occupate al 31 dicembre,tutte le voci,totale,tutte le voci,tutte le voci,TOTALE,TOTALE,477
017003,Agnosine,2023,occupate_e_non_occupate,abitazioni occupate al 31 dicembre,tutte le voci,totale,tutte le voci,tutte le voci,TOTALE,TOTALE,717
017003,Agnosine,2019,titolo_di_godimento,abitazioni occupate al 31 dicembre,affitto,totale,tutte le voci,tutte le voci,TOTALE,TOTALE,106
017003,Agnosine,2019,titolo_di_godimento,abitazioni occupate al 31 dicembre,"altro titolo diverso da proprietà, affitto",totale,tutte le voci,tutte le voci,TOTALE,TOTALE,28
017003,Agnosine,2019,titolo_di_godimento,abitazioni occupate al 31 dicembre,proprietà,totale,tutte le voci,tutte le voci,TOTALE,TOTALE,585
017003,Agnosine,2019,titolo_di_godimento,abitazioni occupate al 31 dicembre,tutte le voci,totale,tutte le voci,tutte le voci,TOTALE,TOTALE,719
017003,Agnosine,2021,titolo_di_godimento,abitazioni occupate al 31 dicembre,tutte le voci,totale,tutte le voci,tutte le voci,TOTALE,TOTALE,709
017003,Agnosine,2023,titolo_di_godimento,abitazioni occupate al 31 dicembre,tutte le voci,totale,tutte le voci,tutte le voci,TOTALE,TOTALE,717
017004,Alfianello,2019,occupate_e_non_occupate,abitazioni al 31 dicembre,tutte le voci,totale,tutte le voci,tutte le voci,TOTALE,TOTALE,1105
017004,Alfianello,2019,occupate_e_non_occupate,abitazioni non occupate al 31 dicembre,tutte le voci,totale,tutte le voci,tutte le voci,TOTALE,TOTALE,161
017004,Alfianello,2019,occupate_e_non_occupate,abitazioni occupate al 31 dicembre,tutte le voci,totale,tutte le voci,tutte le voci,TOTALE,TOTALE,944
017004,Alfianello,2021,occupate_e_non_occupate,abitazioni al 31 dicembre,tutte le voci,totale,tutte le voci,tutte le voci,TOTALE,TOTALE,1110
017004,Alfianello,2021,occupate_e_non_occupate,abitazioni non occupate al 31 dicembre,tutte le voci,totale,tutte le voci,tutte le voci,TOTALE,TOTALE,180
017004,Alfianello,2021,occupate_e_non_occupate,abitazioni occupate al 31 dicembre,tutte le voci,totale,tutte le voci,tutte le voci,TOTALE,TOTALE,930
017004,Alfianello,2023,occupate_e_non_occupate,abitazioni al 31 dicembre,tutte le voci,totale,tutte le voci,tutte le voci,TOTALE,TOTALE,1116
017004,Alfianello,2023,occupate_e_non_occupate,abitazioni non occupate al 31 dicembre,tutte le voci,totale,tutte le voci,tutte le voci,TOTALE,TOTALE,206
017004,Alfianello,2023,occupate_e_non_occupate,abitazioni occupate al 31 dicembre,tutte le voci,totale,tutte le voci,tutte le voci,TOTALE,TOTALE,910
017004,Alfianello,2019,titolo_di_godimento,abitazioni occupate al 31 dicembre,affitto,totale,tutte le voci,tutte le voci,TOTALE,TOTALE,105
017004,Alfianello,2019,titolo_di_godimento,abitazioni occupate al 31 dicembre,"altro titolo diverso da proprietà, affitto",totale,tutte le voci,tutte le voci,TOTALE,TOTALE,65
017004,Alfianello,2019,titolo_di_godimento,abitazioni occupate al 31 dicembre,proprietà,totale,tutte le voci,tutte le voci,TOTALE,TOTALE,774
017004,Alfianello,2019,titolo_di_godimento,abitazioni occupate al 31 dicembre,tutte le voci,totale,tutte le voci,tutte le voci,TOTALE,TOTALE,944
017004,Alfianello,2021,titolo_di_godimento,abitazioni occupate al 31 dicembre,tutte le voci,totale,tutte le voci,tutte le voci,TOTALE,TOTALE,930
017004,Alfianello,2023,titolo_di_godimento,abitazioni occupate al 31 dicembre,tutte le voci,totale,tutte le voci,tutte le voci,TOTALE,TOTALE,910
017005,Anfo,2019,occupate_e_non_occupate,abitazioni al 31 dicembre,tutte le voci,totale,tutte le voci,tutte le voci,TOTALE,TOTALE,800
017005,Anfo,2019,occupate_e_non_occupate,abitazioni non occupate al 31 dicembre,tutte le voci,totale,tutte le voci,tutte le voci,TOTALE,TOTALE,581
017005,Anfo,2019,occupate_e_non_occupate,abitazioni occupate al 31 dicembre,tutte le voci,totale,tutte le voci,tutte le voci,TOTALE,TOTALE,219
017005,Anfo,2021,occupate_e_non_occupate,abitazioni al 31 dicembre,tutte le voci,totale,tutte le voci,tutte le voci,TOTALE,TOTALE,797
017005,Anfo,2021,occupate_e_non_occupate,abitazioni non occupate al 31 dicembre,tutte le voci,totale,tutte le voci,tutte le voci,TOTALE,TOTALE,574
017005,Anfo,2021,occupate_e_non_occupate,abitazioni occupate al 31 dicembre,tutte le voci,totale,tutte le voci,tutte le voci,TOTALE,TOTALE,223
017005,Anfo,2023,occupate_e_non_occupate,abitazioni al 31 dicembre,tutte le voci,totale,tutte le voci,tutte le voci,TOTALE,TOTALE,807
017005,Anfo,2023,occupate_e_non_occupate,abitazioni non occupate al 31 dicembre,tutte le voci,totale,tutte le voci,tutte le voci,TOTALE,TOTALE,584
017005,Anfo,2023,occupate_e_non_occupate,abitazioni occupate al 31 dicembre,tutte le voci,totale,tutte le voci,tutte le voci,TOTALE,TOTALE,223
017005,Anfo,2019,titolo_di_godimento,abitazioni occupate al 31 dicembre,affitto,totale,tutte le voci,tutte le voci,TOTALE,TOTALE,21
017005,Anfo,2019,titolo_di_godimento,abitazioni occupate al 31 dicembre,"altro titolo diverso da proprietà, affitto",totale,tutte le voci,tutte le voci,TOTALE,TOTALE,18
017005,Anfo,2019,titolo_di_godimento,abitazioni occupate al 31 dicembre,proprietà,totale,tutte le voci,tutte le voci,TOTALE,TOTALE,180
017005,Anfo,2019,titolo_di_godimento,abitazioni occupate al 31 dicembre,tutte le voci,totale,tutte le voci,tutte le voci,TOTALE,TOTALE,219
017005,Anfo,2021,titolo_di_godimento,abitazioni occupate al 31 dicembre,tutte le voci,totale,tutte le voci,tutte le voci,TOTALE,TOTALE,223
017005,Anfo,2023,titolo_di_godimento,abitazioni occupate al 31 dicembre,tutte le voci,totale,tutte le voci,tutte le voci,TOTALE,TOTALE,223
017006,Angolo Terme,2019,occupate_e_non_occupate,abitazioni al 31 dicembre,tutte le voci,totale,tutte le voci,tutte le voci,TOTALE,TOTALE,2398
017006,Angolo Terme,2019,occupate_e_non_occupate,abitazioni non occupate al 31 dicembre,tutte le voci,totale,tutte le voci,tutte le voci,TOTALE,TOTALE,1341
017006,Angolo Terme,2019,occupate_e_non_occupate,abitazioni occupate al 31 dicembre,tutte le voci,totale,tutte le voci,tutte le voci,TOTALE,TOTALE,1057
017006,Angolo Terme,2021,occupate_e_non_occupate,abitazioni al 31 dicembre,tutte le voci,totale,tutte le voci,tutte le voci,TOTALE,TOTALE,2406
017006,Angolo Terme,2021,occupate_e_non_occupate,abitazioni non occupate al 31 dicembre,tutte le voci,totale,tutte le voci,tutte le voci,TOTALE,TOTALE,1359
017006,Angolo Terme,2021,occupate_e_non_occupate,abitazioni occupate al 31 dicembre,tutte le voci,totale,tutte le voci,tutte le voci,TOTALE,TOTALE,1047
017006,Angolo Terme,2023,occupate_e_non_occupate,abitazioni al 31 dicembre,tutte le voci,totale,tutte le voci,tutte le voci,TOTALE,TOTALE,2414
017006,Angolo Terme,2023,occupate_e_non_occupate,abitazioni non occupate al 31 dicembre,tutte le voci,totale,tutte le voci,tutte le voci,TOTALE,TOTALE,1362
017006,Angolo Terme,2023,occupate_e_non_occupate,abitazioni occupate al 31 dicembre,tutte le voci,totale,tutte le voci,tutte le voci,TOTALE,TOTALE,1052
017006,Angolo Terme,2019,titolo_di_godimento,abitazioni occupate al 31 dicembre,affitto,totale,tutte le voci,tutte le voci,TOTALE,TOTALE,86
017006,Angolo Terme,2019,titolo_di_godimento,abitazioni occupate al 31 dicembre,"altro titolo diverso da proprietà, affitto",totale,tutte le voci,tutte le voci,TOTALE,TOTALE,91
017006,Angolo Terme,2019,titolo_di_godimento,abitazioni occupate al 31 dicembre,proprietà,totale,tutte le voci,tutte le voci,TOTALE,TOTALE,879
017006,Angolo Terme,2019,titolo_di_godimento,abitazioni occupate al 31 dicembre,tutte le voci,totale,tutte le voci,tutte le voci,TOTALE,TOTALE,1057
017006,Angolo Terme,2021,titolo_di_godimento,abitazioni occupate al 31 dicembre,tutte le voci,totale,tutte le voci,tutte le voci,TOTALE,TOTALE,1047
017006,Angolo Terme,2023,titolo_di_godimento,abitazioni occupate al 31 dicembre,tutte le voci,totale,tutte le voci,tutte le voci,TOTALE,TOTALE,1052
017007,Artogne,2019,occupate_e_non_occupate,abitazioni al 31 dicembre,tutte le voci,totale,tutte le voci,tutte le voci,TOTALE,TOTALE,4055
017007,Artogne,2019,occupate_e_non_occupate,abitazioni non occupate al 31 dicembre,tutte le voci,totale,tutte le voci,tutte le voci,TOTALE,TOTALE,2560
017007,Artogne,2019,occupate_e_non_occupate,abitazioni occupate al 31 dicembre,tutte le voci,totale,tutte le voci,tutte le voci,TOTALE,TOTALE,1495
017007,Artogne,2021,occupate_e_non_occupate,abitazioni al 31 dicembre,tutte le voci,totale,tutte le voci,tutte le voci,TOTALE,TOTALE,4058
017007,Artogne,2021,occupate_e_non_occupate,abitazioni non occupate al 31 dicembre,tutte le voci,totale,tutte le voci,tutte le voci,TOTALE,TOTALE,2527
017007,Artogne,2021,occupate_e_non_occupate,abitazioni occupate al 31 dicembre,tutte le voci,totale,tutte le voci,tutte le voci,TOTALE,TOTALE,1531
017007,Artogne,2023,occupate_e_non_occupate,abitazioni al 31 dicembre,tutte le voci,totale,tutte le voci,tutte le voci,TOTALE,TOTALE,4093
017007,Artogne,2023,occupate_e_non_occupate,abitazioni non occupate al 31 dicembre,tutte le voci,totale,tutte le voci,tutte le voci,TOTALE,TOTALE,2525
017007,Artogne,2023,occupate_e_non_occupate,abitazioni occupate al 31 dicembre,tutte le voci,totale,tutte le voci,tutte le voci,TOTALE,TOTALE,1568
017007,Artogne,2019,titolo_di_godimento,abitazioni occupate al 31 dicembre,affitto,totale,tutte le voci,tutte le voci,TOTALE,TOTALE,188
017007,Artogne,2019,titolo_di_godimento,abitazioni occupate al 31 dicembre,"altro titolo diverso da proprietà, affitto",totale,tutte le voci,tutte le voci,TOTALE,TOTALE,52
017007,Artogne,2019,titolo_di_godimento,abitazioni occupate al 31 dicembre,proprietà,totale,tutte le voci,tutte le voci,TOTALE,TOTALE,1255
017007,Artogne,2019,titolo_di_godimento,abitazioni occupate al 31 dicembre,tutte le voci,totale,tutte le voci,tutte le voci,TOTALE,TOTALE,1495
017007,Artogne,2021,titolo_di_godimento,abitazioni occupate al 31 dicembre,tutte le voci,totale,tutte le voci,tutte le voci,TOTALE,TOTALE,1531
017007,Artogne,2023,titolo_di_godimento,abitazioni occupate al 31 dicembre,tutte le voci,totale,tutte le voci,tutte le voci,TOTALE,TOTALE,1568
017008,Azzano Mella,2019,occupate_e_non_occupate,abitazioni al 31 dicembre,tutte le voci,totale,tutte le voci,tutte le voci,TOTALE,TOTALE,1515
017008,Azzano Mella,2019,occupate_e_non_occupate,abitazioni non occupate al 31 dicembre,tutte le voci,totale,tutte le voci,tutte le voci,TOTALE,TOTALE,216
017008,Azzano Mella,2019,occupate_e_non_occupate,abitazioni occupate al 31 dicembre,tutte le voci,totale,tutte le voci,tutte le voci,TOTALE,TOTALE,1299
017008,Azzano Mella,2021,occupate_e_non_occupate,abitazioni al 31 dicembre,tutte le voci,totale,tutte le voci,tutte le voci,TOTALE,TOTALE,1528
017008,Azzano Mella,2021,occupate_e_non_occupate,abitazioni non occupate al 31 dicembre,tutte le voci,totale,tutte le voci,tutte le voci,TOTALE,TOTALE,210
017008,Azzano Mella,2021,occupate_e_non_occupate,abitazioni occupate al 31 dicembre,tutte le voci,totale,tutte le voci,tutte le voci,TOTALE,TOTALE,1318
017008,Azzano Mella,2023,occupate_e_non_occupate,abitazioni al 31 dicembre,tutte le voci,totale,tutte le voci,tutte le voci,TOTALE,TOTALE,1560
017008,Azzano Mella,2023,occupate_e_non_occupate,abitazioni non occupate al 31 dicembre,tutte le voci,totale,tutte le voci,tutte le voci,TOTALE,TOTALE,182
017008,Azzano Mella,2023,occupate_e_non_occupate,abitazioni occupate al 31 dicembre,tutte le voci,totale,tutte le voci,tutte le voci,TOTALE,TOTALE,1378
017008,Azzano Mella,2019,titolo_di_godimento,abitazioni occupate al 31 dicembre,affitto,totale,tutte le voci,tutte le voci,TOTALE,TOTALE,209
017008,Azzano Mella,2019,titolo_di_godimento,abitazioni occupate al 31 dicembre,"altro titolo diverso da proprietà, affitto",totale,tutte le voci,tutte le voci,TOTALE,TOTALE,80
017008,Azzano Mella,2019,titolo_di_godimento,abitazioni occupate al 31 dicembre,proprietà,totale,tutte le voci,tutte le voci,TOTALE,TOTALE,1010
017008,Azzano Mella,2019,titolo_di_godimento,abitazioni occupate al 31 dicembre,tutte le voci,totale,tutte le voci,tutte le voci,TOTALE,TOTALE,1299
017008,Azzano Mella,2021,titolo_di_godimento,abitazioni occupate al 31 dicembre,tutte le voci,totale,tutte le voci,tutte le voci,TOTALE,TOTALE,1318
017008,Azzano Mella,2023,titolo_di_godimento,abitazioni occupate al 31 dicembre,tutte le voci,totale,tutte le voci,tutte le voci,TOTALE,TOTALE,1378
017009,Bagnolo Mella,2019,occupate_e_non_occupate,abitazioni al 31 dicembre,tutte le voci,totale,tutte le voci,tutte le voci,TOTALE,TOTALE,5810
017009,Bagnolo Mella,2019,occupate_e_non_occupate,abitazioni non occupate al 31 dicembre,tutte le voci,totale,tutte le voci,tutte le voci,TOTALE,TOTALE,741
017009,Bagnolo Mella,2019,occupate_e_non_occupate,abitazioni occupate al 31 dicembre,tutte le voci,totale,tutte le voci,tutte le voci,TOTALE,TOTALE,5069
017009,Bagnolo Mella,2021,occupate_e_non_occupate,abitazioni al 31 dicembre,tutte le voci,totale,tutte le voci,tutte le voci,TOTALE,TOTALE,5823
017009,Bagnolo Mella,2021,occupate_e_non_occupate,abitazioni non occupate al 31 dicembre,tutte le voci,totale,tutte le voci,tutte le voci,TOTALE,TOTALE,678
017009,Bagnolo Mella,2021,occupate_e_non_occupate,abitazioni occupate al 31 dicembre,tutte le voci,totale,tutte le voci,tutte le voci,TOTALE,TOTALE,5145
017009,Bagnolo Mella,2023,occupate_e_non_occupate,abitazioni al 31 dicembre,tutte le voci,totale,tutte le voci,tutte le voci,TOTALE,TOTALE,5833
017009,Bagnolo Mella,2023,occupate_e_non_occupate,abitazioni non occupate al 31 dicembre,tutte le voci,totale,tutte le voci,tutte le voci,TOTALE,TOTALE,728
017009,Bagnolo Mella,2023,occupate_e_non_occupate,abitazioni occupate al 31 dicembre,tutte le voci,totale,tutte le voci,tutte le voci,TOTALE,TOTALE,5105
017009,Bagnolo Mella,2019,titolo_di_godimento,abitazioni occupate al 31 dicembre,affitto,totale,tutte le voci,tutte le voci,TOTALE,TOTALE,703
017009,Bagnolo Mella,2019,titolo_di_godimento,abitazioni occupate al 31 dicembre,"altro titolo diverso da proprietà, affitto",totale,tutte le voci,tutte le voci,TOTALE,TOTALE,216
017009,Bagnolo Mella,2019,titolo_di_godimento,abitazioni occupate al 31 dicembre,proprietà,totale,tutte le voci,tutte le voci,TOTALE,TOTALE,4151
017009,Bagnolo Mella,2019,titolo_di_godimento,abitazioni occupate al 31 dicembre,tutte le voci,totale,tutte le voci,tutte le voci,TOTALE,TOTALE,5069
017009,Bagnolo Mella,2021,titolo_di_godimento,abitazioni occupate al 31 dicembre,tutte le voci,totale,tutte le voci,tutte le voci,TOTALE,TOTALE,5145
017009,Bagnolo Mella,2023,titolo_di_godimento,abitazioni occupate al 31 dicembre,tutte le voci,totale,tutte le voci,tutte le voci,TOTALE,TOTALE,5105
017010,Bagolino,2019,occupate_e_non_occupate,abitazioni al 31 dicembre,tutte le voci,totale,tutte le voci,tutte le voci,TOTALE,TOTALE,4206
017010,Bagolino,2019,occupate_e_non_occupate,abitazioni non occupate al 31 dicembre,tutte le voci,totale,tutte le voci,tutte le voci,TOTALE,TOTALE,2523
017010,Bagolino,2019,occupate_e_non_occupate,abitazioni occupate al 31 dicembre,tutte le voci,totale,tutte le voci,tutte le voci,TOTALE,TOTALE,1683
017010,Bagolino,2021,occupate_e_non_occupate,abitazioni al 31 dicembre,tutte le voci,totale,tutte le voci,tutte le voci,TOTALE,TOTALE,4209
017010,Bagolino,2021,occupate_e_non_occupate,abitazioni non occupate al 31 dicembre,tutte le voci,totale,tutte le voci,tutte le voci,TOTALE,TOTALE,2497
017010,Bagolino,2021,occupate_e_non_occupate,abitazioni occupate al 31 dicembre,tutte le voci,totale,tutte le voci,tutte le voci,TOTALE,TOTALE,1712
017010,Bagolino,2023,occupate_e_non_occupate,abitazioni al 31 dicembre,tutte le voci,totale,tutte le voci,tutte le voci,TOTALE,TOTALE,4253
017010,Bagolino,2023,occupate_e_non_occupate,abitazioni non occupate al 31 dicembre,tutte le voci,totale,tutte le voci,tutte le voci,TOTALE,TOTALE,2526
017010,Bagolino,2023,occupate_e_non_occupate,abitazioni occupate al 31 dicembre,tutte le voci,totale,tutte le voci,tutte le voci,TOTALE,TOTALE,1727
017010,Bagolino,2019,titolo_di_godimento,abitazioni occupate al 31 dicembre,affitto,totale,tutte le voci,tutte le voci,TOTALE,TOTALE,90
017010,Bagolino,2019,titolo_di_godimento,abitazioni occupate al 31 dicembre,"altro titolo diverso da proprietà, affitto",totale,tutte le voci,tutte le voci,TOTALE,TOTALE,99
017010,Bagolino,2019,titolo_di_godimento,abitazioni occupate al 31 dicembre,proprietà,totale,tutte le voci,tutte le voci,TOTALE,TOTALE,1495
017010,Bagolino,2019,titolo_di_godimento,abitazioni occupate al 31 dicembre,tutte le voci,totale,tutte le voci,tutte le voci,TOTALE,TOTALE,1683
017010,Bagolino,2021,titolo_di_godimento,abitazioni occupate al 31 dicembre,tutte le voci,totale,tutte le voci,tutte le voci,TOTALE,TOTALE,1712
017010,Bagolino,2023,titolo_di_godimento,abitazioni occupate al 31 dicembre,tutte le voci,totale,tutte le voci,tutte le voci,TOTALE,TOTALE,1727
017011,Barbariga,2019,occupate_e_non_occupate,abitazioni al 31 dicembre,tutte le voci,totale,tutte le voci,tutte le voci,TOTALE,TOTALE,1058
017011,Barbariga,2019,occupate_e_non_occupate,abitazioni non occupate al 31 dicembre,tutte le voci,totale,tutte le voci,tutte le voci,TOTALE,TOTALE,159
017011,Barbariga,2019,occupate_e_non_occupate,abitazioni occupate al 31 dicembre,tutte le voci,totale,tutte le voci,tutte le voci,TOTALE,TOTALE,899
017011,Barbariga,2021,occupate_e_non_occupate,abitazioni al 31 dicembre,tutte le voci,totale,tutte le voci,tutte le voci,TOTALE,TOTALE,1055
017011,Barbariga,2021,occupate_e_non_occupate,abitazioni non occupate al 31 dicembre,tutte le voci,totale,tutte le voci,tutte le voci,TOTALE,TOTALE,155
017011,Barbariga,2021,occupate_e_non_occupate,abitazioni occupate al 31 dicembre,tutte le voci,totale,tutte le voci,tutte le voci,TOTALE,TOTALE,900
017011,Barbariga,2023,occupate_e_non_occupate,abitazioni al 31 dicembre,tutte le voci,totale,tutte le voci,tutte le voci,TOTALE,TOTALE,1064
017011,Barbariga,2023,occupate_e_non_occupate,abitazioni non occupate al 31 dicembre,tutte le voci,totale,tutte le voci,tutte le voci,TOTALE,TOTALE,146
017011,Barbariga,2023,occupate_e_non_occupate,abitazioni occupate al 31 dicembre,tutte le voci,totale,tutte le voci,tutte le voci,TOTALE,TOTALE,918
017011,Barbariga,2019,titolo_di_godimento,abitazioni occupate al 31 dicembre,affitto,totale,tutte le voci,tutte le voci,TOTALE,TOTALE,100
017011,Barbariga,2019,titolo_di_godimento,abitazioni occupate al 31 dicembre,"altro titolo diverso da proprietà, affitto",totale,tutte le voci,tutte le voci,TOTALE,TOTALE,15
017011,Barbariga,2019,titolo_di_godimento,abitazioni occupate al 31 dicembre,proprietà,totale,tutte le voci,tutte le voci,TOTALE,TOTALE,785
017011,Barbariga,2019,titolo_di_godimento,abitazioni occupate al 31 dicembre,tutte le voci,totale,tutte le voci,tutte le voci,TOTALE,TOTALE,899
017011,Barbariga,2021,titolo_di_godimento,abitazioni occupate al 31 dicembre,tutte le voci,totale,tutte le voci,tutte le voci,TOTALE,TOTALE,900
017011,Barbariga,2023,titolo_di_godimento,abitazioni occupate al 31 dicembre,tutte le voci,totale,tutte le voci,tutte le voci,TOTALE,TOTALE,918
017012,Barghe,2019,occupate_e_non_occupate,abitazioni al 31 dicembre,tutte le voci,totale,tutte le voci,tutte le voci,TOTALE,TOTALE,637
017012,Barghe,2019,occupate_e_non_occupate,abitazioni non occupate al 31 dicembre,tutte le voci,totale,tutte le voci,tutte le voci,TOTALE,TOTALE,182
017012,Barghe,2019,occupate_e_non_occupate,abitazioni occupate al 31 dicembre,tutte le voci,totale,tutte le voci,tutte le voci,TOTALE,TOTALE,455
017012,Barghe,2021,occupate_e_non_occupate,abitazioni al 31 dicembre,tutte le voci,totale,tutte le voci,tutte le voci,TOTALE,TOTALE,636
017012,Barghe,2021,occupate_e_non_occupate,abitazioni non occupate al 31 dicembre,tutte le voci,totale,tutte le voci,tutte le voci,TOTALE,TOTALE,179
017012,Barghe,2021,occupate_e_non_occupate,abitazioni occupate al 31 dicembre,tutte le voci,totale,tutte le voci,tutte le voci,TOTALE,TOTALE,457
017012,Barghe,2023,occupate_e_non_occupate,abitazioni al 31 dicembre,tutte le voci,totale,tutte le voci,tutte le voci,TOTALE,TOTALE,635
017012,Barghe,2023,occupate_e_non_occupate,abitazioni non occupate al 31 dicembre,tutte le voci,totale,tutte le voci,tutte le voci,TOTALE,TOTALE,170
017012,Barghe,2023,occupate_e_non_occupate,abitazioni occupate al 31 dicembre,tutte le voci,totale,tutte le voci,tutte le voci,TOTALE,TOTALE,465
017012,Barghe,2019,titolo_di_godimento,abitazioni occupate al 31 dicembre,affitto,totale,tutte le voci,tutte le voci,TOTALE,TOTALE,47
017012,Barghe,2019,titolo_di_godimento,abitazioni occupate al 31 dicembre,"altro titolo diverso da proprietà, affitto",totale,tutte le voci,tutte le voci,TOTALE,TOTALE,25
017012,Barghe,2019,titolo_di_godimento,abitazioni occupate al 31 dicembre,proprietà,totale,tutte le voci,tutte le voci,TOTALE,TOTALE,383
017012,Barghe,2019,titolo_di_godimento,abitazioni occupate al 31 dicembre,tutte le voci,totale,tutte le voci,tutte le voci,TOTALE,TOTALE,455
017012,Barghe,2021,titolo_di_godimento,abitazioni occupate al 31 dicembre,tutte le voci,totale,tutte le voci,tutte le voci,TOTALE,TOTALE,457
017012,Barghe,2023,titolo_di_godimento,abitazioni occupate al 31 dicembre,tutte le voci,totale,tutte le voci,tutte le voci,TOTALE,TOTALE,465
017013,Bassano Bresciano,2019,occupate_e_non_occupate,abitazioni al 31 dicembre,tutte le voci,totale,tutte le voci,tutte le voci,TOTALE,TOTALE,1059
017013,Bassano Bresciano,2019,occupate_e_non_occupate,abitazioni non occupate al 31 dicembre,tutte le voci,totale,tutte le voci,tutte le voci,TOTALE,TOTALE,202
017013,Bassano Bresciano,2019,occupate_e_non_occupate,abitazioni occupate al 31 dicembre,tutte le voci,totale,tutte le voci,tutte le voci,TOTALE,TOTALE,857
017013,Bassano Bresciano,2021,occupate_e_non_occupate,abitazioni al 31 dicembre,tutte le voci,totale,tutte le voci,tutte le voci,TOTALE,TOTALE,1066
017013,Bassano Bresciano,2021,occupate_e_non_occupate,abitazioni non occupate al 31 dicembre,tutte le voci,totale,tutte le voci,tutte le voci,TOTALE,TOTALE,182
017013,Bassano Bresciano,2021,occupate_e_non_occupate,abitazioni occupate al 31 dicembre,tutte le voci,totale,tutte le voci,tutte le voci,TOTALE,TOTALE,884
017013,Bassano Bresciano,2023,occupate_e_non_occupate,abitazioni al 31 dicembre,tutte le voci,totale,tutte le voci,tutte le voci,TOTALE,TOTALE,1076
017013,Bassano Bresciano,2023,occupate_e_non_occupate,abitazioni non occupate al 31 dicembre,tutte le voci,totale,tutte le voci,tutte le voci,TOTALE,TOTALE,195
017013,Bassano Bresciano,2023,occupate_e_non_occupate,abitazioni occupate al 31 dicembre,tutte le voci,totale,tutte le voci,tutte le voci,TOTALE,TOTALE,881
017013,Bassano Bresciano,2019,titolo_di_godimento,abitazioni occupate al 31 dicembre,affitto,totale,tutte le voci,tutte le voci,TOTALE,TOTALE,160
017013,Bassano Bresciano,2019,titolo_di_godimento,abitazioni occupate al 31 dicembre,"altro titolo diverso da proprietà, affitto",totale,tutte le voci,tutte le voci,TOTALE,TOTALE,29
017013,Bassano Bresciano,2019,titolo_di_godimento,abitazioni occupate al 31 dicembre,proprietà,totale,tutte le voci,tutte le voci,TOTALE,TOTALE,667
017013,Bassano Bresciano,2019,titolo_di_godimento,abitazioni occupate al 31 dicembre,tutte le voci,totale,tutte le voci,tutte le voci,TOTALE,TOTALE,857
017013,Bassano Bresciano,2021,titolo_di_godimento,abitazioni occupate al 31 dicembre,tutte le voci,totale,tutte le voci,tutte le voci,TOTALE,TOTALE,884
017013,Bassano Bresciano,2023,titolo_di_godimento,abitazioni occupate al 31 dicembre,tutte le voci,totale,tutte le voci,tutte le voci,TOTALE,TOTALE,881
017014,Bedizzole,2019,occupate_e_non_occupate,abitazioni al 31 dicembre,tutte le voci,totale,tutte le voci,tutte le voci,TOTALE,TOTALE,5623
017014,Bedizzole,2019,occupate_e_non_occupate,abitazioni non occupate al 31 dicembre,tutte le voci,totale,tutte le voci,tutte le voci,TOTALE,TOTALE,650
017014,Bedizzole,2019,occupate_e_non_occupate,abitazioni occupate al 31 dicembre,tutte le voci,totale,tutte le voci,tutte le voci,TOTALE,TOTALE,4973
017014,Bedizzole,2021,occupate_e_non_occupate,abitazioni al 31 dicembre,tutte le voci,totale,tutte le voci,tutte le voci,TOTALE,TOTALE,5633
017014,Bedizzole,2021,occupate_e_non_occupate,abitazioni non occupate al 31 dicembre,tutte le voci,totale,tutte le voci,tutte le voci,TOTALE,TOTALE,611
017014,Bedizzole,2021,occupate_e_non_occupate,abitazioni occupate al 31 dicembre,tutte le voci,totale,tutte le voci,tutte le voci,TOTALE,TOTALE,5022
017014,Bedizzole,2023,occupate_e_non_occupate,abitazioni al 31 dicembre,tutte le voci,totale,tutte le voci,tutte le voci,TOTALE,TOTALE,5674
017014,Bedizzole,2023,occupate_e_non_occupate,abitazioni non occupate al 31 dicembre,tutte le voci,totale,tutte le voci,tutte le voci,TOTALE,TOTALE,631
017014,Bedizzole,2023,occupate_e_non_occupate,abitazioni occupate al 31 dicembre,tutte le voci,totale,tutte le voci,tutte le voci,TOTALE,TOTALE,5043
017014,Bedizzole,2019,titolo_di_godimento,abitazioni occupate al 31 dicembre,affitto,totale,tutte le voci,tutte le voci,TOTALE,TOTALE,1115
017014,Bedizzole,2019,titolo_di_godimento,abitazioni occupate al 31 dicembre,"altro titolo diverso da proprietà, affitto",totale,tutte le voci,tutte le voci,TOTALE,TOTALE,593
017014,Bedizzole,2019,titolo_di_godimento,abitazioni occupate al 31 dicembre,proprietà,totale,tutte le voci,tutte le voci,TOTALE,TOTALE,3265
017014,Bedizzole,2019,titolo_di_godimento,abitazioni occupate al 31 dicembre,tutte le voci,totale,tutte le voci,tutte le voci,TOTALE,TOTALE,4973
017014,Bedizzole,2021,titolo_di_godimento,abitazioni occupate al 31 dicembre,tutte le voci,totale,tutte le voci,tutte le voci,TOTALE,TOTALE,5022
017014,Bedizzole,2023,titolo_di_godimento,abitazioni occupate al 31 dicembre,tutte le voci,totale,tutte le voci,tutte le voci,TOTALE,TOTALE,5043
017015,Berlingo,2019,occupate_e_non_occupate,abitazioni al 31 dicembre,tutte le voci,totale,tutte le voci,tutte le voci,TOTALE,TOTALE,1219
017015,Berlingo,2019,occupate_e_non_occupate,abitazioni non occupate al 31 dicembre,tutte le voci,totale,tutte le voci,tutte le voci,TOTALE,TOTALE,171
017015,Berlingo,2019,occupate_e_non_occupate,abitazioni occupate al 31 dicembre,tutte le voci,totale,tutte le voci,tutte le voci,TOTALE,TOTALE,1048
017015,Berlingo,2021,occupate_e_non_occupate,abitazioni al 31 dicembre,tutte le voci,totale,tutte le voci,tutte le voci,TOTALE,TOTALE,1223
017015,Berlingo,2021,occupate_e_non_occupate,abitazioni non occupate al 31 dicembre,tutte le voci,totale,tutte le voci,tutte le voci,TOTALE,TOTALE,148
017015,Berlingo,2021,occupate_e_non_occupate,abitazioni occupate al 31 dicembre,tutte le voci,totale,tutte le voci,tutte le voci,TOTALE,TOTALE,1075
017015,Berlingo,2023,occupate_e_non_occupate,abitazioni al 31 dicembre,tutte le voci,totale,tutte le voci,tutte le voci,TOTALE,TOTALE,1220
017015,Berlingo,2023,occupate_e_non_occupate,abitazioni non occupate al 31 dicembre,tutte le voci,totale,tutte le voci,tutte le voci,TOTALE,TOTALE,118
017015,Berlingo,2023,occupate_e_non_occupate,abitazioni occupate al 31 dicembre,tutte le voci,totale,tutte le voci,tutte le voci,TOTALE,TOTALE,1102
017015,Berlingo,2019,titolo_di_godimento,abitazioni occupate al 31 dicembre,affitto,totale,tutte le voci,tutte le voci,TOTALE,TOTALE,146
017015,Berlingo,2019,titolo_di_godimento,abitazioni occupate al 31 dicembre,"altro titolo diverso da proprietà, affitto",totale,tutte le voci,tutte le voci,TOTALE,TOTALE,67
017015,Berlingo,2019,titolo_di_godimento,abitazioni occupate al 31 dicembre,proprietà,totale,tutte le voci,tutte le voci,TOTALE,TOTALE,834
017015,Berlingo,2019,titolo_di_godimento,abitazioni occupate al 31 dicembre,tutte le voci,totale,tutte le voci,tutte le voci,TOTALE,TOTALE,1048
017015,Berlingo,2021,titolo_di_godimento,abitazioni occupate al 31 dicembre,tutte le voci,totale,tutte le voci,tutte le voci,TOTALE,TOTALE,1075
017015,Berlingo,2023,titolo_di_godimento,abitazioni occupate al 31 dicembre,tutte le voci,totale,tutte le voci,tutte le voci,TOTALE,TOTALE,1102
017016,Berzo Demo,2019,occupate_e_non_occupate,abitazioni al 31 dicembre,tutte le voci,totale,tutte le voci,tutte le voci,TOTALE,TOTALE,1330
017016,Berzo Demo,2019,occupate_e_non_occupate,abitazioni non occupate al 31 dicembre,tutte le voci,totale,tutte le voci,tutte le voci,TOTALE,TOTALE,611
017016,Berzo Demo,2019,occupate_e_non_occupate,abitazioni occupate al 31 dicembre,tutte le voci,totale,tutte le voci,tutte le voci,TOTALE,TOTALE,719
017016,Berzo Demo,2021,occupate_e_non_occupate,abitazioni al 31 dicembre,tutte le voci,totale,tutte le voci,tutte le voci,TOTALE,TOTALE,1330
017016,Berzo Demo,2021,occupate_e_non_occupate,abitazioni non occupate al 31 dicembre,tutte le voci,totale,tutte le voci,tutte le voci,TOTALE,TOTALE,641
017016,Berzo Demo,2021,occupate_e_non_occupate,abitazioni occupate al 31 dicembre,tutte le voci,totale,tutte le voci,tutte le voci,TOTALE,TOTALE,689
017016,Berzo Demo,2023,occupate_e_non_occupate,abitazioni al 31 dicembre,tutte le voci,totale,tutte le voci,tutte le voci,TOTALE,TOTALE,1344
017016,Berzo Demo,2023,occupate_e_non_occupate,abitazioni non occupate al 31 dicembre,tutte le voci,totale,tutte le voci,tutte le voci,TOTALE,TOTALE,664
017016,Berzo Demo,2023,occupate_e_non_occupate,abitazioni occupate al 31 dicembre,tutte le voci,totale,tutte le voci,tutte le voci,TOTALE,TOTALE,680
017016,Berzo Demo,2019,titolo_di_godimento,abitazioni occupate al 31 dicembre,affitto,totale,tutte le voci,tutte le voci,TOTALE,TOTALE,48
017016,Berzo Demo,2019,titolo_di_godimento,abitazioni occupate al 31 dicembre,"altro titolo diverso da proprietà, affitto",totale,tutte le voci,tutte le voci,TOTALE,TOTALE,28
017016,Berzo Demo,2019,titolo_di_godimento,abitazioni occupate al 31 dicembre,proprietà,totale,tutte le voci,tutte le voci,TOTALE,TOTALE,644
017016,Berzo Demo,2019,titolo_di_godimento,abitazioni occupate al 31 dicembre,tutte le voci,totale,tutte le voci,tutte le voci,TOTALE,TOTALE,719
017016,Berzo Demo,2021,titolo_di_godimento,abitazioni occupate al 31 dicembre,tutte le voci,totale,tutte le voci,tutte le voci,TOTALE,TOTALE,689
017016,Berzo Demo,2023,titolo_di_godimento,abitazioni occupate al 31 dicembre,tutte le voci,totale,tutte le voci,tutte le voci,TOTALE,TOTALE,680
017017,Berzo Inferiore,2019,occupate_e_non_occupate,abitazioni al 31 dicembre,tutte le voci,totale,tutte le voci,tutte le voci,TOTALE,TOTALE,1564
017017,Berzo Inferiore,2019,occupate_e_non_occupate,abitazioni non occupate al 31 dicembre,tutte le voci,totale,tutte le voci,tutte le voci,TOTALE,TOTALE,600
017017,Berzo Inferiore,2019,occupate_e_non_occupate,abitazioni occupate al 31 dicembre,tutte le voci,totale,tutte le voci,tutte le voci,TOTALE,TOTALE,964
017017,Berzo Inferiore,2021,occupate_e_non_occupate,abitazioni al 31 dicembre,tutte le voci,totale,tutte le voci,tutte le voci,TOTALE,TOTALE,1568
017017,Berzo Inferiore,2021,occupate_e_non_occupate,abitazioni non occupate al 31 dicembre,tutte le voci,totale,tutte le voci,tutte le voci,TOTALE,TOTALE,594
017017,Berzo Inferiore,2021,occupate_e_non_occupate,abitazioni occupate al 31 dicembre,tutte le voci,totale,tutte le voci,tutte le voci,TOTALE,TOTALE,974
017017,Berzo Inferiore,2023,occupate_e_non_occupate,abitazioni al 31 dicembre,tutte le voci,totale,tutte le voci,tutte le voci,TOTALE,TOTALE,1590
017017,Berzo Inferiore,2023,occupate_e_non_occupate,abitazioni non occupate al 31 dicembre,tutte le voci,totale,tutte le voci,tutte le voci,TOTALE,TOTALE,584
017017,Berzo Inferiore,2023,occupate_e_non_occupate,abitazioni occupate al 31 dicembre,tutte le voci,totale,tutte le voci,tutte le voci,TOTALE,TOTALE,1006
017017,Berzo Inferiore,2019,titolo_di_godimento,abitazioni occupate al 31 dicembre,affitto,totale,tutte le voci,tutte le voci,TOTALE,TOTALE,107
017017,Berzo Inferiore,2019,titolo_di_godimento,abitazioni occupate al 31 dicembre,"altro titolo diverso da proprietà, affitto",totale,tutte le voci,tutte le voci,TOTALE,TOTALE,77
017017,Berzo Inferiore,2019,titolo_di_godimento,abitazioni occupate al 31 dicembre,proprietà,totale,tutte le voci,tutte le voci,TOTALE,TOTALE,780
017017,Berzo Inferiore,2019,titolo_di_godimento,abitazioni occupate al 31 dicembre,tutte le voci,totale,tutte le voci,tutte le voci,TOTALE,TOTALE,964
017017,Berzo Inferiore,2021,titolo_di_godimento,abitazioni occupate al 31 dicembre,tutte le voci,totale,tutte le voci,tutte le voci,TOTALE,TOTALE,974
017017,Berzo Inferiore,2023,titolo_di_godimento,abitazioni occupate al 31 dicembre,tutte le voci,totale,tutte le voci,tutte le voci,TOTALE,TOTALE,1006
017018,Bienno,2019,occupate_e_non_occupate,abitazioni al 31 dicembre,tutte le voci,totale,tutte le voci,tutte le voci,TOTALE,TOTALE,3009
017018,Bienno,2019,occupate_e_non_occupate,abitazioni non occupate al 31 dicembre,tutte le voci,totale,tutte le voci,tutte le voci,TOTALE,TOTALE,1362
017018,Bienno,2019,occupate_e_non_occupate,abitazioni occupate al 31 dicembre,tutte le voci,totale,tutte le voci,tutte le voci,TOTALE,TOTALE,1647
017018,Bienno,2021,occupate_e_non_occupate,abitazioni al 31 dicembre,tutte le voci,totale,tutte le voci,tutte le voci,TOTALE,TOTALE,3016
017018,Bienno,2021,occupate_e_non_occupate,abitazioni non occupate al 31 dicembre,tutte le voci,totale,tutte le voci,tutte le voci,TOTALE,TOTALE,1362
017018,Bienno,2021,occupate_e_non_occupate,abitazioni occupate al 31 dicembre,tutte le voci,totale,tutte le voci,tutte le voci,TOTALE,TOTALE,1654
017018,Bienno,2023,occupate_e_non_occupate,abitazioni al 31 dicembre,tutte le voci,totale,tutte le voci,tutte le voci,TOTALE,TOTALE,3056
017018,Bienno,2023,occupate_e_non_occupate,abitazioni non occupate al 31 dicembre,tutte le voci,totale,tutte le voci,tutte le voci,TOTALE,TOTALE,1379
017018,Bienno,2023,occupate_e_non_occupate,abitazioni occupate al 31 dicembre,tutte le voci,totale,tutte le voci,tutte le voci,TOTALE,TOTALE,1677
017018,Bienno,2019,titolo_di_godimento,abitazioni occupate al 31 dicembre,affitto,totale,tutte le voci,tutte le voci,TOTALE,TOTALE,220
017018,Bienno,2019,titolo_di_godimento,abitazioni occupate al 31 dicembre,"altro titolo diverso da proprietà, affitto",totale,tutte le voci,tutte le voci,TOTALE,TOTALE,100
017018,Bienno,2019,titolo_di_godimento,abitazioni occupate al 31 dicembre,proprietà,totale,tutte le voci,tutte le voci,TOTALE,TOTALE,1327
017018,Bienno,2019,titolo_di_godimento,abitazioni occupate al 31 dicembre,tutte le voci,totale,tutte le voci,tutte le voci,TOTALE,TOTALE,1647
017018,Bienno,2021,titolo_di_godimento,abitazioni occupate al 31 dicembre,tutte le voci,totale,tutte le voci,tutte le voci,TOTALE,TOTALE,1654
017018,Bienno,2023,titolo_di_godimento,abitazioni occupate al 31 dicembre,tutte le voci,totale,tutte le voci,tutte le voci,TOTALE,TOTALE,1677
017019,Bione,2019,occupate_e_non_occupate,abitazioni al 31 dicembre,tutte le voci,totale,tutte le voci,tutte le voci,TOTALE,TOTALE,927
017019,Bione,2019,occupate_e_non_occupate,abitazioni non occupate al 31 dicembre,tutte le voci,totale,tutte le voci,tutte le voci,TOTALE,TOTALE,372
017019,Bione,2019,occupate_e_non_occupate,abitazioni occupate al 31 dicembre,tutte le voci,totale,tutte le voci,tutte le voci,TOTALE,TOTALE,555
017019,Bione,2021,occupate_e_non_occupate,abitazioni al 31 dicembre,tutte le voci,totale,tutte le voci,tutte le voci,TOTALE,TOTALE,927
017019,Bione,2021,occupate_e_non_occupate,abitazioni non occupate al 31 dicembre,tutte le voci,totale,tutte le voci,tutte le voci,TOTALE,TOTALE,365
017019,Bione,2021,occupate_e_non_occupate,abitazioni occupate al 31 dicembre,tutte le voci,totale,tutte le voci,tutte le voci,TOTALE,TOTALE,562
017019,Bione,2023,occupate_e_non_occupate,abitazioni al 31 dicembre,tutte le voci,totale,tutte le voci,tutte le voci,TOTALE,TOTALE,934
017019,Bione,2023,occupate_e_non_occupate,abitazioni non occupate al 31 dicembre,tutte le voci,totale,tutte le voci,tutte le voci,TOTALE,TOTALE,372
017019,Bione,2023,occupate_e_non_occupate,abitazioni occupate al 31 dicembre,tutte le voci,totale,tutte le voci,tutte le voci,TOTALE,TOTALE,562
017019,Bione,2019,titolo_di_godimento,abitazioni occupate al 31 dicembre,affitto,totale,tutte le voci,tutte le voci,TOTALE,TOTALE,61
017019,Bione,2019,titolo_di_godimento,abitazioni occupate al 31 dicembre,"altro titolo diverso da proprietà, affitto",totale,tutte le voci,tutte le voci,TOTALE,TOTALE,41
017019,Bione,2019,titolo_di_godimento,abitazioni occupate al 31 dicembre,proprietà,totale,tutte le voci,tutte le voci,TOTALE,TOTALE,453
017019,Bione,2019,titolo_di_godimento,abitazioni occupate al 31 dicembre,tutte le voci,totale,tutte le voci,tutte le voci,TOTALE,TOTALE,555
017019,Bione,2021,titolo_di_godimento,abitazioni occupate al 31 dicembre,tutte le voci,totale,tutte le voci,tutte le voci,TOTALE,TOTALE,562
017019,Bione,2023,titolo_di_godimento,abitazioni occupate al 31 dicembre,tutte le voci,totale,tutte le voci,tutte le voci,TOTALE,TOTALE,562
017020,Borgo San Giacomo,2019,occupate_e_non_occupate,abitazioni al 31 dicembre,tutte le voci,totale,tutte le voci,tutte le voci,TOTALE,TOTALE,2598
017020,Borgo San Giacomo,2019,occupate_e_non_occupate,abitazioni non occupate al 31 dicembre,tutte le voci,totale,tutte le voci,tutte le voci,TOTALE,TOTALE,525
017020,Borgo San Giacomo,2019,occupate_e_non_occupate,abitazioni occupate al 31 dicembre,tutte le voci,totale,tutte le voci,tutte le voci,TOTALE,TOTALE,2073
017020,Borgo San Giacomo,2021,occupate_e_non_occupate,abitazioni al 31 dicembre,tutte le voci,totale,tutte le voci,tutte le voci,TOTALE,TOTALE,2602
017020,Borgo San Giacomo,2021,occupate_e_non_occupate,abitazioni non occupate al 31 dicembre,tutte le voci,totale,tutte le voci,tutte le voci,TOTALE,TOTALE,538
017020,Borgo San Giacomo,2021,occupate_e_non_occupate,abitazioni occupate al 31 dicembre,tutte le voci,totale,tutte le voci,tutte le voci,TOTALE,TOTALE,2064
017020,Borgo San Giacomo,2023,occupate_e_non_occupate,abitazioni al 31 dicembre,tutte le voci,totale,tutte le voci,tutte le voci,TOTALE,TOTALE,2640
017020,Borgo San Giacomo,2023,occupate_e_non_occupate,abitazioni non occupate al 31 dicembre,tutte le voci,totale,tutte le voci,tutte le voci,TOTALE,TOTALE,544
017020,Borgo San Giacomo,2023,occupate_e_non_occupate,abitazioni occupate al 31 dicembre,tutte le voci,totale,tutte le voci,tutte le voci,TOTALE,TOTALE,2096
017020,Borgo San Giacomo,2019,titolo_di_godimento,abitazioni occupate al 31 dicembre,affitto,totale,tutte le voci,tutte le voci,TOTALE,TOTALE,348
017020,Borgo San Giacomo,2019,titolo_di_godimento,abitazioni occupate al 31 dicembre,"altro titolo diverso da proprietà, affitto",totale,tutte le voci,tutte le voci,TOTALE,TOTALE,136
017020,Borgo San Giacomo,2019,titolo_di_godimento,abitazioni occupate al 31 dicembre,proprietà,totale,tutte le voci,tutte le voci,TOTALE,TOTALE,1589
017020,Borgo San Giacomo,2019,titolo_di_godimento,abitazioni occupate al 31 dicembre,tutte le voci,totale,tutte le voci,tutte le voci,TOTALE,TOTALE,2073
017020,Borgo San Giacomo,2021,titolo_di_godimento,abitazioni occupate al 31 dicembre,tutte le voci,totale,tutte le voci,tutte le voci,TOTALE,TOTALE,2064
017020,Borgo San Giacomo,2023,titolo_di_godimento,abitazioni occupate al 31 dicembre,tutte le voci,totale,tutte le voci,tutte le voci,TOTALE,TOTALE,2096
017021,Borgosatollo,2019,occupate_e_non_occupate,abitazioni al 31 dicembre,tutte le voci,totale,tutte le voci,tutte le voci,TOTALE,TOTALE,4332
017021,Borgosatollo,2019,occupate_e_non_occupate,abitazioni non occupate al 31 dicembre,tutte le voci,totale,tutte le voci,tutte le voci,TOTALE,TOTALE,580
017021,Borgosatollo,2019,occupate_e_non_occupate,abitazioni occupate al 31 dicembre,tutte le voci,totale,tutte le voci,tutte le voci,TOTALE,TOTALE,3752
017021,Borgosatollo,2021,occupate_e_non_occupate,abitazioni al 31 dicembre,tutte le voci,totale,tutte le voci,tutte le voci,TOTALE,TOTALE,4340
017021,Borgosatollo,2021,occupate_e_non_occupate,abitazioni non occupate al 31 dicembre,tutte le voci,totale,tutte le voci,tutte le voci,TOTALE,TOTALE,602
017021,Borgosatollo,2021,occupate_e_non_occupate,abitazioni occupate al 31 dicembre,tutte le voci,totale,tutte le voci,tutte le voci,TOTALE,TOTALE,3738
017021,Borgosatollo,2023,occupate_e_non_occupate,abitazioni al 31 dicembre,tutte le voci,totale,tutte le voci,tutte le voci,TOTALE,TOTALE,4392
017021,Borgosatollo,2023,occupate_e_non_occupate,abitazioni non occupate al 31 dicembre,tutte le voci,totale,tutte le voci,tutte le voci,TOTALE,TOTALE,575
017021,Borgosatollo,2023,occupate_e_non_occupate,abitazioni occupate al 31 dicembre,tutte le voci,totale,tutte le voci,tutte le voci,TOTALE,TOTALE,3817
017021,Borgosatollo,2019,titolo_di_godimento,abitazioni occupate al 31 dicembre,affitto,totale,tutte le voci,tutte le voci,TOTALE,TOTALE,780
017021,Borgosatollo,2019,titolo_di_godimento,abitazioni occupate al 31 dicembre,"altro titolo diverso da proprietà, affitto",totale,tutte le voci,tutte le voci,TOTALE,TOTALE,205
017021,Borgosatollo,2019,titolo_di_godimento,abitazioni occupate al 31 dicembre,proprietà,totale,tutte le voci,tutte le voci,TOTALE,TOTALE,2767
017021,Borgosatollo,2019,titolo_di_godimento,abitazioni occupate al 31 dicembre,tutte le voci,totale,tutte le voci,tutte le voci,TOTALE,TOTALE,3752
017021,Borgosatollo,2021,titolo_di_godimento,abitazioni occupate al 31 dicembre,tutte le voci,totale,tutte le voci,tutte le voci,TOTALE,TOTALE,3738
017021,Borgosatollo,2023,titolo_di_godimento,abitazioni occupate al 31 dicembre,tutte le voci,totale,tutte le voci,tutte le voci,TOTALE,TOTALE,3817
017022,Borno,2019,occupate_e_non_occupate,abitazioni al 31 dicembre,tutte le voci,totale,tutte le voci,tutte le voci,TOTALE,TOTALE,4584
017022,Borno,2019,occupate_e_non_occupate,abitazioni non occupate al 31 dicembre,tutte le voci,totale,tutte le voci,tutte le voci,TOTALE,TOTALE,3232
017022,Borno,2019,occupate_e_non_occupate,abitazioni occupate al 31 dicembre,tutte le voci,totale,tutte le voci,tutte le voci,TOTALE,TOTALE,1352
017022,Borno,2021,occupate_e_non_occupate,abitazioni al 31 dicembre,tutte le voci,totale,tutte le voci,tutte le voci,TOTALE,TOTALE,4588
017022,Borno,2021,occupate_e_non_occupate,abitazioni non occupate al 31 dicembre,tutte le voci,totale,tutte le voci,tutte le voci,TOTALE,TOTALE,3325
017022,Borno,2021,occupate_e_non_occupate,abitazioni occupate al 31 dicembre,tutte le voci,totale,tutte le voci,tutte le voci,TOTALE,TOTALE,1263
017022,Borno,2023,occupate_e_non_occupate,abitazioni al 31 dicembre,tutte le voci,totale,tutte le voci,tutte le voci,TOTALE,TOTALE,4583
017022,Borno,2023,occupate_e_non_occupate,abitazioni non occupate al 31 dicembre,tutte le voci,totale,tutte le voci,tutte le voci,TOTALE,TOTALE,3330
017022,Borno,2023,occupate_e_non_occupate,abitazioni occupate al 31 dicembre,tutte le voci,totale,tutte le voci,tutte le voci,TOTALE,TOTALE,1253
017022,Borno,2019,titolo_di_godimento,abitazioni occupate al 31 dicembre,affitto,totale,tutte le voci,tutte le voci,TOTALE,TOTALE,78
017022,Borno,2019,titolo_di_godimento,abitazioni occupate al 31 dicembre,"altro titolo diverso da proprietà, affitto",totale,tutte le voci,tutte le voci,TOTALE,TOTALE,47
017022,Borno,2019,titolo_di_godimento,abitazioni occupate al 31 dicembre,proprietà,totale,tutte le voci,tutte le voci,TOTALE,TOTALE,1227
017022,Borno,2019,titolo_di_godimento,abitazioni occupate al 31 dicembre,tutte le voci,totale,tutte le voci,tutte le voci,TOTALE,TOTALE,1352
017022,Borno,2021,titolo_di_godimento,abitazioni occupate al 31 dicembre,tutte le voci,totale,tutte le voci,tutte le voci,TOTALE,TOTALE,1263
017022,Borno,2023,titolo_di_godimento,abitazioni occupate al 31 dicembre,tutte le voci,totale,tutte le voci,tutte le voci,TOTALE,TOTALE,1253
017023,Botticino,2019,occupate_e_non_occupate,abitazioni al 31 dicembre,tutte le voci,totale,tutte le voci,tutte le voci,TOTALE,TOTALE,5446
017023,Botticino,2019,occupate_e_non_occupate,abitazioni non occupate al 31 dicembre,tutte le voci,totale,tutte le voci,tutte le voci,TOTALE,TOTALE,896
017023,Botticino,2019,occupate_e_non_occupate,abitazioni occupate al 31 dicembre,tutte le voci,totale,tutte le voci,tutte le voci,TOTALE,TOTALE,4550
017023,Botticino,2021,occupate_e_non_occupate,abitazioni al 31 dicembre,tutte le voci,totale,tutte le voci,tutte le voci,TOTALE,TOTALE,5459
017023,Botticino,2021,occupate_e_non_occupate,abitazioni non occupate al 31 dicembre,tutte le voci,totale,tutte le voci,tutte le voci,TOTALE,TOTALE,876
017023,Botticino,2021,occupate_e_non_occupate,abitazioni occupate al 31 dicembre,tutte le voci,totale,tutte le voci,tutte le voci,TOTALE,TOTALE,4583
017023,Botticino,2023,occupate_e_non_occupate,abitazioni al 31 dicembre,tutte le voci,totale,tutte le voci,tutte le voci,TOTALE,TOTALE,5487
017023,Botticino,2023,occupate_e_non_occupate,abitazioni non occupate al 31 dicembre,tutte le voci,totale,tutte le voci,tutte le voci,TOTALE,TOTALE,834
017023,Botticino,2023,occupate_e_non_occupate,abitazioni occupate al 31 dicembre,tutte le voci,totale,tutte le voci,tutte le voci,TOTALE,TOTALE,4653
017023,Botticino,2019,titolo_di_godimento,abitazioni occupate al 31 dicembre,affitto,totale,tutte le voci,tutte le voci,TOTALE,TOTALE,832
017023,Botticino,2019,titolo_di_godimento,abitazioni occupate al 31 dicembre,"altro titolo diverso da proprietà, affitto",totale,tutte le voci,tutte le voci,TOTALE,TOTALE,233
017023,Botticino,2019,titolo_di_godimento,abitazioni occupate al 31 dicembre,proprietà,totale,tutte le voci,tutte le voci,TOTALE,TOTALE,3485
017023,Botticino,2019,titolo_di_godimento,abitazioni occupate al 31 dicembre,tutte le voci,totale,tutte le voci,tutte le voci,TOTALE,TOTALE,4550
017023,Botticino,2021,titolo_di_godimento,abitazioni occupate al 31 dicembre,tutte le voci,totale,tutte le voci,tutte le voci,TOTALE,TOTALE,4583
017023,Botticino,2023,titolo_di_godimento,abitazioni occupate al 31 dicembre,tutte le voci,totale,tutte le voci,tutte le voci,TOTALE,TOTALE,4653
017024,Bovegno,2019,occupate_e_non_occupate,abitazioni al 31 dicembre,tutte le voci,totale,tutte le voci,tutte le voci,TOTALE,TOTALE,2150
017024,Bovegno,2019,occupate_e_non_occupate,abitazioni non occupate al 31 dicembre,tutte le voci,totale,tutte le voci,tutte le voci,TOTALE,TOTALE,1157
017024,Bovegno,2019,occupate_e_non_occupate,abitazioni occupate al 31 dicembre,tutte le voci,totale,tutte le voci,tutte le voci,TOTALE,TOTALE,993
017024,Bovegno,2021,occupate_e_non_occupate,abitazioni al 31 dicembre,tutte le voci,totale,tutte le voci,tutte le voci,TOTALE,TOTALE,2151
017024,Bovegno,2021,occupate_e_non_occupate,abitazioni non occupate al 31 dicembre,tutte le voci,totale,tutte le voci,tutte le voci,TOTALE,TOTALE,1172
017024,Bovegno,2021,occupate_e_non_occupate,abitazioni occupate al 31 dicembre,tutte le voci,totale,tutte le voci,tutte le voci,TOTALE,TOTALE,979
017024,Bovegno,2023,occupate_e_non_occupate,abitazioni al 31 dicembre,tutte le voci,totale,tutte le voci,tutte le voci,TOTALE,TOTALE,2156
017024,Bovegno,2023,occupate_e_non_occupate,abitazioni non occupate al 31 dicembre,tutte le voci,totale,tutte le voci,tutte le voci,TOTALE,TOTALE,1164
017024,Bovegno,2023,occupate_e_non_occupate,abitazioni occupate al 31 dicembre,tutte le voci,totale,tutte le voci,tutte le voci,TOTALE,TOTALE,992
017024,Bovegno,2019,titolo_di_godimento,abitazioni occupate al 31 dicembre,affitto,totale,tutte le voci,tutte le voci,TOTALE,TOTALE,111
017024,Bovegno,2019,titolo_di_godimento,abitazioni occupate al 31 dicembre,"altro titolo diverso da proprietà, affitto",totale,tutte le voci,tutte le voci,TOTALE,TOTALE,5
017024,Bovegno,2019,titolo_di_godimento,abitazioni occupate al 31 dicembre,proprietà,totale,tutte le voci,tutte le voci,TOTALE,TOTALE,877
017024,Bovegno,2019,titolo_di_godimento,abitazioni occupate al 31 dicembre,tutte le voci,totale,tutte le voci,tutte le voci,TOTALE,TOTALE,993
017024,Bovegno,2021,titolo_di_godimento,abitazioni occupate al 31 dicembre,tutte le voci,totale,tutte le voci,tutte le voci,TOTALE,TOTALE,979
017024,Bovegno,2023,titolo_di_godimento,abitazioni occupate al 31 dicembre,tutte le voci,totale,tutte le voci,tutte le voci,TOTALE,TOTALE,992
017025,Bovezzo,2019,occupate_e_non_occupate,abitazioni al 31 dicembre,tutte le voci,totale,tutte le voci,tutte le voci,TOTALE,TOTALE,3601
017025,Bovezzo,2019,occupate_e_non_occupate,abitazioni non occupate al 31 dicembre,tutte le voci,totale,tutte le voci,tutte le voci,TOTALE,TOTALE,334
017025,Bovezzo,2019,occupate_e_non_occupate,abitazioni occupate al 31 dicembre,tutte le voci,totale,tutte le voci,tutte le voci,TOTALE,TOTALE,3267
017025,Bovezzo,2021,occupate_e_non_occupate,abitazioni al 31 dicembre,tutte le voci,totale,tutte le voci,tutte le voci,TOTALE,TOTALE,3610
017025,Bovezzo,2021,occupate_e_non_occupate,abitazioni non occupate al 31 dicembre,tutte le voci,totale,tutte le voci,tutte le voci,TOTALE,TOTALE,331
017025,Bovezzo,2021,occupate_e_non_occupate,abitazioni occupate al 31 dicembre,tutte le voci,totale,tutte le voci,tutte le voci,TOTALE,TOTALE,3279
017025,Bovezzo,2023,occupate_e_non_occupate,abitazioni al 31 dicembre,tutte le voci,totale,tutte le voci,tutte le voci,TOTALE,TOTALE,3658
017025,Bovezzo,2023,occupate_e_non_occupate,abitazioni non occupate al 31 dicembre,tutte le voci,totale,tutte le voci,tutte le voci,TOTALE,TOTALE,317
017025,Bovezzo,2023,occupate_e_non_occupate,abitazioni occupate al 31 dicembre,tutte le voci,totale,tutte le voci,tutte le voci,TOTALE,TOTALE,3341
017025,Bovezzo,2019,titolo_di_godimento,abitazioni occupate al 31 dicembre,affitto,totale,tutte le voci,tutte le voci,TOTALE,TOTALE,493
017025,Bovezzo,2019,titolo_di_godimento,abitazioni occupate al 31 dicembre,"altro titolo diverso da proprietà, affitto",totale,tutte le voci,tutte le voci,TOTALE,TOTALE,164
017025,Bovezzo,2019,titolo_di_godimento,abitazioni occupate al 31 dicembre,proprietà,totale,tutte le voci,tutte le voci,TOTALE,TOTALE,2610
017025,Bovezzo,2019,titolo_di_godimento,abitazioni occupate al 31 dicembre,tutte le voci,totale,tutte le voci,tutte le voci,TOTALE,TOTALE,3267
017025,Bovezzo,2021,titolo_di_godimento,abitazioni occupate al 31 dicembre,tutte le voci,totale,tutte le voci,tutte le voci,TOTALE,TOTALE,3279
017025,Bovezzo,2023,titolo_di_godimento,abitazioni occupate al 31 dicembre,tutte le voci,totale,tutte le voci,tutte le voci,TOTALE,TOTALE,3341
017026,Brandico,2019,occupate_e_non_occupate,abitazioni al 31 dicembre,tutte le voci,totale,tutte le voci,tutte le voci,TOTALE,TOTALE,742
017026,Brandico,2019,occupate_e_non_occupate,abitazioni non occupate al 31 dicembre,tutte le voci,totale,tutte le voci,tutte le voci,TOTALE,TOTALE,94
017026,Brandico,2019,occupate_e_non_occupate,abitazioni occupate al 31 dicembre,tutte le voci,totale,tutte le voci,tutte le voci,TOTALE,TOTALE,648
017026,Brandico,2021,occupate_e_non_occupate,abitazioni al 31 dicembre,tutte le voci,totale,tutte le voci,tutte le voci,TOTALE,TOTALE,757
017026,Brandico,2021,occupate_e_non_occupate,abitazioni non occupate al 31 dicembre,tutte le voci,totale,tutte le voci,tutte le voci,TOTALE,TOTALE,85
017026,Brandico,2021,occupate_e_non_occupate,abitazioni occupate al 31 dicembre,tutte le voci,totale,tutte le voci,tutte le voci,TOTALE,TOTALE,672
017026,Brandico,2023,occupate_e_non_occupate,abitazioni al 31 dicembre,tutte le voci,totale,tutte le voci,tutte le voci,TOTALE,TOTALE,768
017026,Brandico,2023,occupate_e_non_occupate,abitazioni non occupate al 31 dicembre,tutte le voci,totale,tutte le voci,tutte le voci,TOTALE,TOTALE,86
017026,Brandico,2023,occupate_e_non_occupate,abitazioni occupate al 31 dicembre,tutte le voci,totale,tutte le voci,tutte le voci,TOTALE,TOTALE,682
017026,Brandico,2019,titolo_di_godimento,abitazioni occupate al 31 dicembre,affitto,totale,tutte le voci,tutte le voci,TOTALE,TOTALE,65
017026,Brandico,2019,titolo_di_godimento,abitazioni occupate al 31 dicembre,"altro titolo diverso da proprietà, affitto",totale,tutte le voci,tutte le voci,TOTALE,TOTALE,39
017026,Brandico,2019,titolo_di_godimento,abitazioni occupate al 31 dicembre,proprietà,totale,tutte le voci,tutte le voci,TOTALE,TOTALE,544
017026,Brandico,2019,titolo_di_godimento,abitazioni occupate al 31 dicembre,tutte le voci,totale,tutte le voci,tutte le voci,TOTALE,TOTALE,648
017026,Brandico,2021,titolo_di_godimento,abitazioni occupate al 31 dicembre,tutte le voci,totale,tutte le voci,tutte le voci,TOTALE,TOTALE,672
017026,Brandico,2023,titolo_di_godimento,abitazioni occupate al 31 dicembre,tutte le voci,totale,tutte le voci,tutte le voci,TOTALE,TOTALE,682
017027,Braone,2019,occupate_e_non_occupate,abitazioni al 31 dicembre,tutte le voci,totale,tutte le voci,tutte le voci,TOTALE,TOTALE,487
017027,Braone,2019,occupate_e_non_occupate,abitazioni non occupate al 31 dicembre,tutte le voci,totale,tutte le voci,tutte le voci,TOTALE,TOTALE,194
017027,Braone,2019,occupate_e_non_occupate,abitazioni occupate al 31 dicembre,tutte le voci,totale,tutte le voci,tutte le voci,TOTALE,TOTALE,293
017027,Braone,2021,occupate_e_non_occupate,abitazioni al 31 dicembre,tutte le voci,totale,tutte le voci,tutte le voci,TOTALE,TOTALE,488
017027,Braone,2021,occupate_e_non_occupate,abitazioni non occupate al 31 dicembre,tutte le voci,totale,tutte le voci,tutte le voci,TOTALE,TOTALE,192
017027,Braone,2021,occupate_e_non_occupate,abitazioni occupate al 31 dicembre,tutte le voci,totale,tutte le voci,tutte le voci,TOTALE,TOTALE,296
017027,Braone,2023,occupate_e_non_occupate,abitazioni al 31 dicembre,tutte le voci,totale,tutte le voci,tutte le voci,TOTALE,TOTALE,499
017027,Braone,2023,occupate_e_non_occupate,abitazioni non occupate al 31 dicembre,tutte le voci,totale,tutte le voci,tutte le voci,TOTALE,TOTALE,202
017027,Braone,2023,occupate_e_non_occupate,abitazioni occupate al 31 dicembre,tutte le voci,totale,tutte le voci,tutte le voci,TOTALE,TOTALE,297
017027,Braone,2019,titolo_di_godimento,abitazioni occupate al 31 dicembre,affitto,totale,tutte le voci,tutte le voci,TOTALE,TOTALE,32
017027,Braone,2019,titolo_di_godimento,abitazioni occupate al 31 dicembre,"altro titolo diverso da proprietà, affitto",totale,tutte le voci,tutte le voci,TOTALE,TOTALE,16
017027,Braone,2019,titolo_di_godimento,abitazioni occupate al 31 dicembre,proprietà,totale,tutte le voci,tutte le voci,TOTALE,TOTALE,245
017027,Braone,2019,titolo_di_godimento,abitazioni occupate al 31 dicembre,tutte le voci,totale,tutte le voci,tutte le voci,TOTALE,TOTALE,293
017027,Braone,2021,titolo_di_godimento,abitazioni occupate al 31 dicembre,tutte le voci,totale,tutte le voci,tutte le voci,TOTALE,TOTALE,296
017027,Braone,2023,titolo_di_godimento,abitazioni occupate al 31 dicembre,tutte le voci,totale,tutte le voci,tutte le voci,TOTALE,TOTALE,297
017028,Breno,2019,occupate_e_non_occupate,abitazioni al 31 dicembre,tutte le voci,totale,tutte le voci,tutte le voci,TOTALE,TOTALE,3395
017028,Breno,2019,occupate_e_non_occupate,abitazioni non occupate al 31 dicembre,tutte le voci,totale,tutte le voci,tutte le voci,TOTALE,TOTALE,1239
017028,Breno,2019,occupate_e_non_occupate,abitazioni occupate al 31 dicembre,tutte le voci,totale,tutte le voci,tutte le voci,TOTALE,TOTALE,2156
017028,Breno,2021,occupate_e_non_occupate,abitazioni al 31 dicembre,tutte le voci,totale,tutte le voci,tutte le voci,TOTALE,TOTALE,3398
017028,Breno,2021,occupate_e_non_occupate,abitazioni non occupate al 31 dicembre,tutte le voci,totale,tutte le voci,tutte le voci,TOTALE,TOTALE,1292
017028,Breno,2021,occupate_e_non_occupate,abitazioni occupate al 31 dicembre,tutte le voci,totale,tutte le voci,tutte le voci,TOTALE,TOTALE,2106
017028,Breno,2023,occupate_e_non_occupate,abitazioni al 31 dicembre,tutte le voci,totale,tutte le voci,tutte le voci,TOTALE,TOTALE,3424
017028,Breno,2023,occupate_e_non_occupate,abitazioni non occupate al 31 dicembre,tutte le voci,totale,tutte le voci,tutte le voci,TOTALE,TOTALE,1323
017028,Breno,2023,occupate_e_non_occupate,abitazioni occupate al 31 dicembre,tutte le voci,totale,tutte le voci,tutte le voci,TOTALE,TOTALE,2101
017028,Breno,2019,titolo_di_godimento,abitazioni occupate al 31 dicembre,affitto,totale,tutte le voci,tutte le voci,TOTALE,TOTALE,388
017028,Breno,2019,titolo_di_godimento,abitazioni occupate al 31 dicembre,"altro titolo diverso da proprietà, affitto",totale,tutte le voci,tutte le voci,TOTALE,TOTALE,140
017028,Breno,2019,titolo_di_godimento,abitazioni occupate al 31 dicembre,proprietà,totale,tutte le voci,tutte le voci,TOTALE,TOTALE,1628
017028,Breno,2019,titolo_di_godimento,abitazioni occupate al 31 dicembre,tutte le voci,totale,tutte le voci,tutte le voci,TOTALE,TOTALE,2156
017028,Breno,2021,titolo_di_godimento,abitazioni occupate al 31 dicembre,tutte le voci,totale,tutte le voci,tutte le voci,TOTALE,TOTALE,2106
017028,Breno,2023,titolo_di_godimento,abitazioni occupate al 31 dicembre,tutte le voci,totale,tutte le voci,tutte le voci,TOTALE,TOTALE,2101
017029,Brescia,2019,occupate_e_non_occupate,abitazioni al 31 dicembre,tutte le voci,totale,tutte le voci,tutte le voci,TOTALE,TOTALE,105234
017029,Brescia,2019,occupate_e_non_occupate,abitazioni non occupate al 31 dicembre,tutte le voci,totale,tutte le voci,tutte le voci,TOTALE,TOTALE,14248
017029,Brescia,2019,occupate_e_non_occupate,abitazioni occupate al 31 dicembre,tutte le voci,totale,tutte le voci,tutte le voci,TOTALE,TOTALE,90986
017029,Brescia,2021,occupate_e_non_occupate,abitazioni al 31 dicembre,tutte le voci,totale,tutte le voci,tutte le voci,TOTALE,TOTALE,105361
017029,Brescia,2021,occupate_e_non_occupate,abitazioni non occupate al 31 dicembre,tutte le voci,totale,tutte le voci,tutte le voci,TOTALE,TOTALE,13077
017029,Brescia,2021,occupate_e_non_occupate,abitazioni occupate al 31 dicembre,tutte le voci,totale,tutte le voci,tutte le voci,TOTALE,TOTALE,92284
017029,Brescia,2023,occupate_e_non_occupate,abitazioni al 31 dicembre,tutte le voci,totale,tutte le voci,tutte le voci,TOTALE,TOTALE,105953
017029,Brescia,2023,occupate_e_non_occupate,abitazioni non occupate al 31 dicembre,tutte le voci,totale,tutte le voci,tutte le voci,TOTALE,TOTALE,11694
017029,Brescia,2023,occupate_e_non_occupate,abitazioni occupate al 31 dicembre,tutte le voci,totale,tutte le voci,tutte le voci,TOTALE,TOTALE,94259
017029,Brescia,2019,titolo_di_godimento,abitazioni occupate al 31 dicembre,affitto,totale,tutte le voci,tutte le voci,TOTALE,TOTALE,25177
017029,Brescia,2019,titolo_di_godimento,abitazioni occupate al 31 dicembre,"altro titolo diverso da proprietà, affitto",totale,tutte le voci,tutte le voci,TOTALE,TOTALE,5038
017029,Brescia,2019,titolo_di_godimento,abitazioni occupate al 31 dicembre,proprietà,totale,tutte le voci,tutte le voci,TOTALE,TOTALE,60771
017029,Brescia,2019,titolo_di_godimento,abitazioni occupate al 31 dicembre,tutte le voci,totale,tutte le voci,tutte le voci,TOTALE,TOTALE,90986
017029,Brescia,2021,titolo_di_godimento,abitazioni occupate al 31 dicembre,tutte le voci,totale,tutte le voci,tutte le voci,TOTALE,TOTALE,92284
017029,Brescia,2023,titolo_di_godimento,abitazioni occupate al 31 dicembre,tutte le voci,totale,tutte le voci,tutte le voci,TOTALE,TOTALE,94259
017030,Brione,2019,occupate_e_non_occupate,abitazioni al 31 dicembre,tutte le voci,totale,tutte le voci,tutte le voci,TOTALE,TOTALE,668
017030,Brione,2019,occupate_e_non_occupate,abitazioni non occupate al 31 dicembre,tutte le voci,totale,tutte le voci,tutte le voci,TOTALE,TOTALE,329
017030,Brione,2019,occupate_e_non_occupate,abitazioni occupate al 31 dicembre,tutte le voci,totale,tutte le voci,tutte le voci,TOTALE,TOTALE,339
017030,Brione,2021,occupate_e_non_occupate,abitazioni al 31 dicembre,tutte le voci,totale,tutte le voci,tutte le voci,TOTALE,TOTALE,669
017030,Brione,2021,occupate_e_non_occupate,abitazioni non occupate al 31 dicembre,tutte le voci,totale,tutte le voci,tutte le voci,TOTALE,TOTALE,318
017030,Brione,2021,occupate_e_non_occupate,abitazioni occupate al 31 dicembre,tutte le voci,totale,tutte le voci,tutte le voci,TOTALE,TOTALE,351
017030,Brione,2023,occupate_e_non_occupate,abitazioni al 31 dicembre,tutte le voci,totale,tutte le voci,tutte le voci,TOTALE,TOTALE,676
017030,Brione,2023,occupate_e_non_occupate,abitazioni non occupate al 31 dicembre,tutte le voci,totale,tutte le voci,tutte le voci,TOTALE,TOTALE,321
017030,Brione,2023,occupate_e_non_occupate,abitazioni occupate al 31 dicembre,tutte le voci,totale,tutte le voci,tutte le voci,TOTALE,TOTALE,355
017030,Brione,2019,titolo_di_godimento,abitazioni occupate al 31 dicembre,affitto,totale,tutte le voci,tutte le voci,TOTALE,TOTALE,35
017030,Brione,2019,titolo_di_godimento,abitazioni occupate al 31 dicembre,"altro titolo diverso da proprietà, affitto",totale,tutte le voci,tutte le voci,TOTALE,TOTALE,23
017030,Brione,2019,titolo_di_godimento,abitazioni occupate al 31 dicembre,proprietà,totale,tutte le voci,tutte le voci,TOTALE,TOTALE,281
017030,Brione,2019,titolo_di_godimento,abitazioni occupate al 31 dicembre,tutte le voci,totale,tutte le voci,tutte le voci,TOTALE,TOTALE,339
017030,Brione,2021,titolo_di_godimento,abitazioni occupate al 31 dicembre,tutte le voci,totale,tutte le voci,tutte le voci,TOTALE,TOTALE,351
017030,Brione,2023,titolo_di_godimento,abitazioni occupate al 31 dicembre,tutte le voci,totale,tutte le voci,tutte le voci,TOTALE,TOTALE,355
017031,Caino,2019,occupate_e_non_occupate,abitazioni al 31 dicembre,tutte le voci,totale,tutte le voci,tutte le voci,TOTALE,TOTALE,1140
017031,Caino,2019,occupate_e_non_occupate,abitazioni non occupate al 31 dicembre,tutte le voci,totale,tutte le voci,tutte le voci,TOTALE,TOTALE,254
017031,Caino,2019,occupate_e_non_occupate,abitazioni occupate al 31 dicembre,tutte le voci,totale,tutte le voci,tutte le voci,TOTALE,TOTALE,886
017031,Caino,2021,occupate_e_non_occupate,abitazioni al 31 dicembre,tutte le voci,totale,tutte le voci,tutte le voci,TOTALE,TOTALE,1140
017031,Caino,2021,occupate_e_non_occupate,abitazioni non occupate al 31 dicembre,tutte le voci,totale,tutte le voci,tutte le voci,TOTALE,TOTALE,251
017031,Caino,2021,occupate_e_non_occupate,abitazioni occupate al 31 dicembre,tutte le voci,totale,tutte le voci,tutte le voci,TOTALE,TOTALE,889
017031,Caino,2023,occupate_e_non_occupate,abitazioni al 31 dicembre,tutte le voci,totale,tutte le voci,tutte le voci,TOTALE,TOTALE,1146
017031,Caino,2023,occupate_e_non_occupate,abitazioni non occupate al 31 dicembre,tutte le voci,totale,tutte le voci,tutte le voci,TOTALE,TOTALE,236
017031,Caino,2023,occupate_e_non_occupate,abitazioni occupate al 31 dicembre,tutte le voci,totale,tutte le voci,tutte le voci,TOTALE,TOTALE,910
017031,Caino,2019,titolo_di_godimento,abitazioni occupate al 31 dicembre,affitto,totale,tutte le voci,tutte le voci,TOTALE,TOTALE,149
017031,Caino,2019,titolo_di_godimento,abitazioni occupate al 31 dicembre,"altro titolo diverso da proprietà, affitto",totale,tutte le voci,tutte le voci,TOTALE,TOTALE,92
017031,Caino,2019,titolo_di_godimento,abitazioni occupate al 31 dicembre,proprietà,totale,tutte le voci,tutte le voci,TOTALE,TOTALE,645
017031,Caino,2019,titolo_di_godimento,abitazioni occupate al 31 dicembre,tutte le voci,totale,tutte le voci,tutte le voci,TOTALE,TOTALE,886
017031,Caino,2021,titolo_di_godimento,abitazioni occupate al 31 dicembre,tutte le voci,totale,tutte le voci,tutte le voci,TOTALE,TOTALE,889
017031,Caino,2023,titolo_di_godimento,abitazioni occupate al 31 dicembre,tutte le voci,totale,tutte le voci,tutte le voci,TOTALE,TOTALE,910
017032,Calcinato,2019,occupate_e_non_occupate,abitazioni al 31 dicembre,tutte le voci,totale,tutte le voci,tutte le voci,TOTALE,TOTALE,5804
017032,Calcinato,2019,occupate_e_non_occupate,abitazioni non occupate al 31 dicembre,tutte le voci,totale,tutte le voci,tutte le voci,TOTALE,TOTALE,777
017032,Calcinato,2019,occupate_e_non_occupate,abitazioni occupate al 31 dicembre,tutte le voci,totale,tutte le voci,tutte le voci,TOTALE,TOTALE,5027
017032,Calcinato,2021,occupate_e_non_occupate,abitazioni al 31 dicembre,tutte le voci,totale,tutte le voci,tutte le voci,TOTALE,TOTALE,5799
017032,Calcinato,2021,occupate_e_non_occupate,abitazioni non occupate al 31 dicembre,tutte le voci,totale,tutte le voci,tutte le voci,TOTALE,TOTALE,619
017032,Calcinato,2021,occupate_e_non_occupate,abitazioni occupate al 31 dicembre,tutte le voci,totale,tutte le voci,tutte le voci,TOTALE,TOTALE,5180
017032,Calcinato,2023,occupate_e_non_occupate,abitazioni al 31 dicembre,tutte le voci,totale,tutte le voci,tutte le voci,TOTALE,TOTALE,5849
017032,Calcinato,2023,occupate_e_non_occupate,abitazioni non occupate al 31 dicembre,tutte le voci,totale,tutte le voci,tutte le voci,TOTALE,TOTALE,555
017032,Calcinato,2023,occupate_e_non_occupate,abitazioni occupate al 31 dicembre,tutte le voci,totale,tutte le voci,tutte le voci,TOTALE,TOTALE,5294
017032,Calcinato,2019,titolo_di_godimento,abitazioni occupate al 31 dicembre,affitto,totale,tutte le voci,tutte le voci,TOTALE,TOTALE,1219
017032,Calcinato,2019,titolo_di_godimento,abitazioni occupate al 31 dicembre,"altro titolo diverso da proprietà, affitto",totale,tutte le voci,tutte le voci,TOTALE,TOTALE,412
017032,Calcinato,2019,titolo_di_godimento,abitazioni occupate al 31 dicembre,proprietà,totale,tutte le voci,tutte le voci,TOTALE,TOTALE,3396
017032,Calcinato,2019,titolo_di_godimento,abitazioni occupate al 31 dicembre,tutte le voci,totale,tutte le voci,tutte le voci,TOTALE,TOTALE,5027
017032,Calcinato,2021,titolo_di_godimento,abitazioni occupate al 31 dicembre,tutte le voci,totale,tutte le voci,tutte le voci,TOTALE,TOTALE,5180
017032,Calcinato,2023,titolo_di_godimento,abitazioni occupate al 31 dicembre,tutte le voci,totale,tutte le voci,tutte le voci,TOTALE,TOTALE,5294
017033,Calvagese della Riviera,2019,occupate_e_non_occupate,abitazioni al 31 dicembre,tutte le voci,totale,tutte le voci,tutte le voci,TOTALE,TOTALE,1720
017033,Calvagese della Riviera,2019,occupate_e_non_occupate,abitazioni non occupate al 31 dicembre,tutte le voci,totale,tutte le voci,tutte le voci,TOTALE,TOTALE,276
017033,Calvagese della Riviera,2019,occupate_e_non_occupate,abitazioni occupate al 31 dicembre,tutte le voci,totale,tutte le voci,tutte le voci,TOTALE,TOTALE,1444
017033,Calvagese della Riviera,2021,occupate_e_non_occupate,abitazioni al 31 dicembre,tutte le voci,totale,tutte le voci,tutte le voci,TOTALE,TOTALE,1728
017033,Calvagese della Riviera,2021,occupate_e_non_occupate,abitazioni non occupate al 31 dicembre,tutte le voci,totale,tutte le voci,tutte le voci,TOTALE,TOTALE,241
017033,Calvagese della Riviera,2021,occupate_e_non_occupate,abitazioni occupate al 31 dicembre,tutte le voci,totale,tutte le voci,tutte le voci,TOTALE,TOTALE,1487
017033,Calvagese della Riviera,2023,occupate_e_non_occupate,abitazioni al 31 dicembre,tutte le voci,totale,tutte le voci,tutte le voci,TOTALE,TOTALE,1743
017033,Calvagese della Riviera,2023,occupate_e_non_occupate,abitazioni non occupate al 31 dicembre,tutte le voci,totale,tutte le voci,tutte le voci,TOTALE,TOTALE,242
017033,Calvagese della Riviera,2023,occupate_e_non_occupate,abitazioni occupate al 31 dicembre,tutte le voci,totale,tutte le voci,tutte le voci,TOTALE,TOTALE,1501
017033,Calvagese della Riviera,2019,titolo_di_godimento,abitazioni occupate al 31 dicembre,affitto,totale,tutte le voci,tutte le voci,TOTALE,TOTALE,207
017033,Calvagese della Riviera,2019,titolo_di_godimento,abitazioni occupate al 31 dicembre,"altro titolo diverso da proprietà, affitto",totale,tutte le voci,tutte le voci,TOTALE,TOTALE,158
017033,Calvagese della Riviera,2019,titolo_di_godimento,abitazioni occupate al 31 dicembre,proprietà,totale,tutte le voci,tutte le voci,TOTALE,TOTALE,1079
017033,Calvagese della Riviera,2019,titolo_di_godimento,abitazioni occupate al 31 dicembre,tutte le voci,totale,tutte le voci,tutte le voci,TOTALE,TOTALE,1444
017033,Calvagese della Riviera,2021,titolo_di_godimento,abitazioni occupate al 31 dicembre,tutte le voci,totale,tutte le voci,tutte le voci,TOTALE,TOTALE,1487
017033,Calvagese della Riviera,2023,titolo_di_godimento,abitazioni occupate al 31 dicembre,tutte le voci,totale,tutte le voci,tutte le voci,TOTALE,TOTALE,1501
017034,Calvisano,2019,occupate_e_non_occupate,abitazioni al 31 dicembre,tutte le voci,totale,tutte le voci,tutte le voci,TOTALE,TOTALE,3773
017034,Calvisano,2019,occupate_e_non_occupate,abitazioni non occupate al 31 dicembre,tutte le voci,totale,tutte le voci,tutte le voci,TOTALE,TOTALE,550
017034,Calvisano,2019,occupate_e_non_occupate,abitazioni occupate al 31 dicembre,tutte le voci,totale,tutte le voci,tutte le voci,TOTALE,TOTALE,3223
017034,Calvisano,2021,occupate_e_non_occupate,abitazioni al 31 dicembre,tutte le voci,totale,tutte le voci,tutte le voci,TOTALE,TOTALE,3776
017034,Calvisano,2021,occupate_e_non_occupate,abitazioni non occupate al 31 dicembre,tutte le voci,totale,tutte le voci,tutte le voci,TOTALE,TOTALE,479
017034,Calvisano,2021,occupate_e_non_occupate,abitazioni occupate al 31 dicembre,tutte le voci,totale,tutte le voci,tutte le voci,TOTALE,TOTALE,3297
017034,Calvisano,2023,occupate_e_non_occupate,abitazioni al 31 dicembre,tutte le voci,totale,tutte le voci,tutte le voci,TOTALE,TOTALE,3861
017034,Calvisano,2023,occupate_e_non_occupate,abitazioni non occupate al 31 dicembre,tutte le voci,totale,tutte le voci,tutte le voci,TOTALE,TOTALE,524
017034,Calvisano,2023,occupate_e_non_occupate,abitazioni occupate al 31 dicembre,tutte le voci,totale,tutte le voci,tutte le voci,TOTALE,TOTALE,3337
017034,Calvisano,2019,titolo_di_godimento,abitazioni occupate al 31 dicembre,affitto,totale,tutte le voci,tutte le voci,TOTALE,TOTALE,426
017034,Calvisano,2019,titolo_di_godimento,abitazioni occupate al 31 dicembre,"altro titolo diverso da proprietà, affitto",totale,tutte le voci,tutte le voci,TOTALE,TOTALE,142
017034,Calvisano,2019,titolo_di_godimento,abitazioni occupate al 31 dicembre,proprietà,totale,tutte le voci,tutte le voci,TOTALE,TOTALE,2655
017034,Calvisano,2019,titolo_di_godimento,abitazioni occupate al 31 dicembre,tutte le voci,totale,tutte le voci,tutte le voci,TOTALE,TOTALE,3223
017034,Calvisano,2021,titolo_di_godimento,abitazioni occupate al 31 dicembre,tutte le voci,totale,tutte le voci,tutte le voci,TOTALE,TOTALE,3297
017034,Calvisano,2023,titolo_di_godimento,abitazioni occupate al 31 dicembre,tutte le voci,totale,tutte le voci,tutte le voci,TOTALE,TOTALE,3337
017035,Capo di Ponte,2019,occupate_e_non_occupate,abitazioni al 31 dicembre,tutte le voci,totale,tutte le voci,tutte le voci,TOTALE,TOTALE,1852
017035,Capo di Ponte,2019,occupate_e_non_occupate,abitazioni non occupate al 31 dicembre,tutte le voci,totale,tutte le voci,tutte le voci,TOTALE,TOTALE,790
017035,Capo di Ponte,2019,occupate_e_non_occupate,abitazioni occupate al 31 dicembre,tutte le voci,totale,tutte le voci,tutte le voci,TOTALE,TOTALE,1062
017035,Capo di Ponte,2021,occupate_e_non_occupate,abitazioni al 31 dicembre,tutte le voci,totale,tutte le voci,tutte le voci,TOTALE,TOTALE,1851
017035,Capo di Ponte,2021,occupate_e_non_occupate,abitazioni non occupate al 31 dicembre,tutte le voci,totale,tutte le voci,tutte le voci,TOTALE,TOTALE,823
017035,Capo di Ponte,2021,occupate_e_non_occupate,abitazioni occupate al 31 dicembre,tutte le voci,totale,tutte le voci,tutte le voci,TOTALE,TOTALE,1028
017035,Capo di Ponte,2023,occupate_e_non_occupate,abitazioni al 31 dicembre,tutte le voci,totale,tutte le voci,tutte le voci,TOTALE,TOTALE,1878
017035,Capo di Ponte,2023,occupate_e_non_occupate,abitazioni non occupate al 31 dicembre,tutte le voci,totale,tutte le voci,tutte le voci,TOTALE,TOTALE,846
017035,Capo di Ponte,2023,occupate_e_non_occupate,abitazioni occupate al 31 dicembre,tutte le voci,totale,tutte le voci,tutte le voci,TOTALE,TOTALE,1032
017035,Capo di Ponte,2019,titolo_di_godimento,abitazioni occupate al 31 dicembre,affitto,totale,tutte le voci,tutte le voci,TOTALE,TOTALE,114
017035,Capo di Ponte,2019,titolo_di_godimento,abitazioni occupate al 31 dicembre,"altro titolo diverso da proprietà, affitto",totale,tutte le voci,tutte le voci,TOTALE,TOTALE,86
017035,Capo di Ponte,2019,titolo_di_godimento,abitazioni occupate al 31 dicembre,proprietà,totale,tutte le voci,tutte le voci,TOTALE,TOTALE,863
017035,Capo di Ponte,2019,titolo_di_godimento,abitazioni occupate al 31 dicembre,tutte le voci,totale,tutte le voci,tutte le voci,TOTALE,TOTALE,1062
017035,Capo di Ponte,2021,titolo_di_godimento,abitazioni occupate al 31 dicembre,tutte le voci,totale,tutte le voci,tutte le voci,TOTALE,TOTALE,1028
017035,Capo di Ponte,2023,titolo_di_godimento,abitazioni occupate al 31 dicembre,tutte le voci,totale,tutte le voci,tutte le voci,TOTALE,TOTALE,1032
017036,Capovalle,2019,occupate_e_non_occupate,abitazioni al 31 dicembre,tutte le voci,totale,tutte le voci,tutte le voci,TOTALE,TOTALE,536
017036,Capovalle,2019,occupate_e_non_occupate,abitazioni non occupate al 31 dicembre,tutte le voci,totale,tutte le voci,tutte le voci,TOTALE,TOTALE,367
017036,Capovalle,2019,occupate_e_non_occupate,abitazioni occupate al 31 dicembre,tutte le voci,totale,tutte le voci,tutte le voci,TOTALE,TOTALE,169
017036,Capovalle,2021,occupate_e_non_occupate,abitazioni al 31 dicembre,tutte le voci,totale,tutte le voci,tutte le voci,TOTALE,TOTALE,536
017036,Capovalle,2021,occupate_e_non_occupate,abitazioni non occupate al 31 dicembre,tutte le voci,totale,tutte le voci,tutte le voci,TOTALE,TOTALE,364
017036,Capovalle,2021,occupate_e_non_occupate,abitazioni occupate al 31 dicembre,tutte le voci,totale,tutte le voci,tutte le voci,TOTALE,TOTALE,172
017036,Capovalle,2023,occupate_e_non_occupate,abitazioni al 31 dicembre,tutte le voci,totale,tutte le voci,tutte le voci,TOTALE,TOTALE,540
017036,Capovalle,2023,occupate_e_non_occupate,abitazioni non occupate al 31 dicembre,tutte le voci,totale,tutte le voci,tutte le voci,TOTALE,TOTALE,368
017036,Capovalle,2023,occupate_e_non_occupate,abitazioni occupate al 31 dicembre,tutte le voci,totale,tutte le voci,tutte le voci,TOTALE,TOTALE,172
017036,Capovalle,2019,titolo_di_godimento,abitazioni occupate al 31 dicembre,affitto,totale,tutte le voci,tutte le voci,TOTALE,TOTALE,11
017036,Capovalle,2019,titolo_di_godimento,abitazioni occupate al 31 dicembre,"altro titolo diverso da proprietà, affitto",totale,tutte le voci,tutte le voci,TOTALE,TOTALE,10
017036,Capovalle,2019,titolo_di_godimento,abitazioni occupate al 31 dicembre,proprietà,totale,tutte le voci,tutte le voci,TOTALE,TOTALE,148
017036,Capovalle,2019,titolo_di_godimento,abitazioni occupate al 31 dicembre,tutte le voci,totale,tutte le voci,tutte le voci,TOTALE,TOTALE,169
017036,Capovalle,2021,titolo_di_godimento,abitazioni occupate al 31 dicembre,tutte le voci,totale,tutte le voci,tutte le voci,TOTALE,TOTALE,172
017036,Capovalle,2023,titolo_di_godimento,abitazioni occupate al 31 dicembre,tutte le voci,totale,tutte le voci,tutte le voci,TOTALE,TOTALE,172
017037,Capriano del Colle,2019,occupate_e_non_occupate,abitazioni al 31 dicembre,tutte le voci,totale,tutte le voci,tutte le voci,TOTALE,TOTALE,2216
017037,Capriano del Colle,2019,occupate_e_non_occupate,abitazioni non occupate al 31 dicembre,tutte le voci,totale,tutte le voci,tutte le voci,TOTALE,TOTALE,307
017037,Capriano del Colle,2019,occupate_e_non_occupate,abitazioni occupate al 31 dicembre,tutte le voci,totale,tutte le voci,tutte le voci,TOTALE,TOTALE,1909
017037,Capriano del Colle,2021,occupate_e_non_occupate,abitazioni al 31 dicembre,tutte le voci,totale,tutte le voci,tutte le voci,TOTALE,TOTALE,2225
017037,Capriano del Colle,2021,occupate_e_non_occupate,abitazioni non occupate al 31 dicembre,tutte le voci,totale,tutte le voci,tutte le voci,TOTALE,TOTALE,287
017037,Capriano del Colle,2021,occupate_e_non_occupate,abitazioni occupate al 31 dicembre,tutte le voci,totale,tutte le voci,tutte le voci,TOTALE,TOTALE,1938
017037,Capriano del Colle,2023,occupate_e_non_occupate,abitazioni al 31 dicembre,tutte le voci,totale,tutte le voci,tutte le voci,TOTALE,TOTALE,2262
017037,Capriano del Colle,2023,occupate_e_non_occupate,abitazioni non occupate al 31 dicembre,tutte le voci,totale,tutte le voci,tutte le voci,TOTALE,TOTALE,254
017037,Capriano del Colle,2023,occupate_e_non_occupate,abitazioni occupate al 31 dicembre,tutte le voci,totale,tutte le voci,tutte le voci,TOTALE,TOTALE,2008
017037,Capriano del Colle,2019,titolo_di_godimento,abitazioni occupate al 31 dicembre,affitto,totale,tutte le voci,tutte le voci,TOTALE,TOTALE,253
017037,Capriano del Colle,2019,titolo_di_godimento,abitazioni occupate al 31 dicembre,"altro titolo diverso da proprietà, affitto",totale,tutte le voci,tutte le voci,TOTALE,TOTALE,107
017037,Capriano del Colle,2019,titolo_di_godimento,abitazioni occupate al 31 dicembre,proprietà,totale,tutte le voci,tutte le voci,TOTALE,TOTALE,1548
017037,Capriano del Colle,2019,titolo_di_godimento,abitazioni occupate al 31 dicembre,tutte le voci,totale,tutte le voci,tutte le voci,TOTALE,TOTALE,1909
017037,Capriano del Colle,2021,titolo_di_godimento,abitazioni occupate al 31 dicembre,tutte le voci,totale,tutte le voci,tutte le voci,TOTALE,TOTALE,1938
017037,Capriano del Colle,2023,titolo_di_godimento,abitazioni occupate al 31 dicembre,tutte le voci,totale,tutte le voci,tutte le voci,TOTALE,TOTALE,2008
017038,Capriolo,2019,occupate_e_non_occupate,abitazioni al 31 dicembre,tutte le voci,totale,tutte le voci,tutte le voci,TOTALE,TOTALE,4479
017038,Capriolo,2019,occupate_e_non_occupate,abitazioni non occupate al 31 dicembre,tutte le voci,totale,tutte le voci,tutte le voci,TOTALE,TOTALE,758
017038,Capriolo,2019,occupate_e_non_occupate,abitazioni occupate al 31 dicembre,tutte le voci,totale,tutte le voci,tutte le voci,TOTALE,TOTALE,3721
017038,Capriolo,2021,occupate_e_non_occupate,abitazioni al 31 dicembre,tutte le voci,totale,tutte le voci,tutte le voci,TOTALE,TOTALE,4500
017038,Capriolo,2021,occupate_e_non_occupate,abitazioni non occupate al 31 dicembre,tutte le voci,totale,tutte le voci,tutte le voci,TOTALE,TOTALE,702
017038,Capriolo,2021,occupate_e_non_occupate,abitazioni occupate al 31 dicembre,tutte le voci,totale,tutte le voci,tutte le voci,TOTALE,TOTALE,3798
017038,Capriolo,2023,occupate_e_non_occupate,abitazioni al 31 dicembre,tutte le voci,totale,tutte le voci,tutte le voci,TOTALE,TOTALE,4542
017038,Capriolo,2023,occupate_e_non_occupate,abitazioni non occupate al 31 dicembre,tutte le voci,totale,tutte le voci,tutte le voci,TOTALE,TOTALE,717
017038,Capriolo,2023,occupate_e_non_occupate,abitazioni occupate al 31 dicembre,tutte le voci,totale,tutte le voci,tutte le voci,TOTALE,TOTALE,3825
017038,Capriolo,2019,titolo_di_godimento,abitazioni occupate al 31 dicembre,affitto,totale,tutte le voci,tutte le voci,TOTALE,TOTALE,764
017038,Capriolo,2019,titolo_di_godimento,abitazioni occupate al 31 dicembre,"altro titolo diverso da proprietà, affitto",totale,tutte le voci,tutte le voci,TOTALE,TOTALE,321
017038,Capriolo,2019,titolo_di_godimento,abitazioni occupate al 31 dicembre,proprietà,totale,tutte le voci,tutte le voci,TOTALE,TOTALE,2636
017038,Capriolo,2019,titolo_di_godimento,abitazioni occupate al 31 dicembre,tutte le voci,totale,tutte le voci,tutte le voci,TOTALE,TOTALE,3721
017038,Capriolo,2021,titolo_di_godimento,abitazioni occupate al 31 dicembre,tutte le voci,totale,tutte le voci,tutte le voci,TOTALE,TOTALE,3798
017038,Capriolo,2023,titolo_di_godimento,abitazioni occupate al 31 dicembre,tutte le voci,totale,tutte le voci,tutte le voci,TOTALE,TOTALE,3825
017039,Carpenedolo,2019,occupate_e_non_occupate,abitazioni al 31 dicembre,tutte le voci,totale,tutte le voci,tutte le voci,TOTALE,TOTALE,5804
017039,Carpenedolo,2019,occupate_e_non_occupate,abitazioni non occupate al 31 dicembre,tutte le voci,totale,tutte le voci,tutte le voci,TOTALE,TOTALE,783
017039,Carpenedolo,2019,occupate_e_non_occupate,abitazioni occupate al 31 dicembre,tutte le voci,totale,tutte le voci,tutte le voci,TOTALE,TOTALE,5021
017039,Carpenedolo,2021,occupate_e_non_occupate,abitazioni al 31 dicembre,tutte le voci,totale,tutte le voci,tutte le voci,TOTALE,TOTALE,5805
017039,Carpenedolo,2021,occupate_e_non_occupate,abitazioni non occupate al 31 dicembre,tutte le voci,totale,tutte le voci,tutte le voci,TOTALE,TOTALE,731
017039,Carpenedolo,2021,occupate_e_non_occupate,abitazioni occupate al 31 dicembre,tutte le voci,totale,tutte le voci,tutte le voci,TOTALE,TOTALE,5074
017039,Carpenedolo,2023,occupate_e_non_occupate,abitazioni al 31 dicembre,tutte le voci,totale,tutte le voci,tutte le voci,TOTALE,TOTALE,5858
017039,Carpenedolo,2023,occupate_e_non_occupate,abitazioni non occupate al 31 dicembre,tutte le voci,totale,tutte le voci,tutte le voci,TOTALE,TOTALE,724
017039,Carpenedolo,2023,occupate_e_non_occupate,abitazioni occupate al 31 dicembre,tutte le voci,totale,tutte le voci,tutte le voci,TOTALE,TOTALE,5134
017039,Carpenedolo,2019,titolo_di_godimento,abitazioni occupate al 31 dicembre,affitto,totale,tutte le voci,tutte le voci,TOTALE,TOTALE,1021
017039,Carpenedolo,2019,titolo_di_godimento,abitazioni occupate al 31 dicembre,"altro titolo diverso da proprietà, affitto",totale,tutte le voci,tutte le voci,TOTALE,TOTALE,177
017039,Carpenedolo,2019,titolo_di_godimento,abitazioni occupate al 31 dicembre,proprietà,totale,tutte le voci,tutte le voci,TOTALE,TOTALE,3823
017039,Carpenedolo,2019,titolo_di_godimento,abitazioni occupate al 31 dicembre,tutte le voci,totale,tutte le voci,tutte le voci,TOTALE,TOTALE,5021
017039,Carpenedolo,2021,titolo_di_godimento,abitazioni occupate al 31 dicembre,tutte le voci,totale,tutte le voci,tutte le voci,TOTALE,TOTALE,5074
017039,Carpenedolo,2023,titolo_di_godimento,abitazioni occupate al 31 dicembre,tutte le voci,totale,tutte le voci,tutte le voci,TOTALE,TOTALE,5134
017040,Castegnato,2019,occupate_e_non_occupate,abitazioni al 31 dicembre,tutte le voci,totale,tutte le voci,tutte le voci,TOTALE,TOTALE,3790
017040,Castegnato,2019,occupate_e_non_occupate,abitazioni non occupate al 31 dicembre,tutte le voci,totale,tutte le voci,tutte le voci,TOTALE,TOTALE,432
017040,Castegnato,2019,occupate_e_non_occupate,abitazioni occupate al 31 dicembre,tutte le voci,totale,tutte le voci,tutte le voci,TOTALE,TOTALE,3358
017040,Castegnato,2021,occupate_e_non_occupate,abitazioni al 31 dicembre,tutte le voci,totale,tutte le voci,tutte le voci,TOTALE,TOTALE,3812
017040,Castegnato,2021,occupate_e_non_occupate,abitazioni non occupate al 31 dicembre,tutte le voci,totale,tutte le voci,tutte le voci,TOTALE,TOTALE,424
017040,Castegnato,2021,occupate_e_non_occupate,abitazioni occupate al 31 dicembre,tutte le voci,totale,tutte le voci,tutte le voci,TOTALE,TOTALE,3388
017040,Castegnato,2023,occupate_e_non_occupate,abitazioni al 31 dicembre,tutte le voci,totale,tutte le voci,tutte le voci,TOTALE,TOTALE,3882
017040,Castegnato,2023,occupate_e_non_occupate,abitazioni non occupate al 31 dicembre,tutte le voci,totale,tutte le voci,tutte le voci,TOTALE,TOTALE,449
017040,Castegnato,2023,occupate_e_non_occupate,abitazioni occupate al 31 dicembre,tutte le voci,totale,tutte le voci,tutte le voci,TOTALE,TOTALE,3433
017040,Castegnato,2019,titolo_di_godimento,abitazioni occupate al 31 dicembre,affitto,totale,tutte le voci,tutte le voci,TOTALE,TOTALE,762
017040,Castegnato,2019,titolo_di_godimento,abitazioni occupate al 31 dicembre,"altro titolo diverso da proprietà, affitto",totale,tutte le voci,tutte le voci,TOTALE,TOTALE,163
017040,Castegnato,2019,titolo_di_godimento,abitazioni occupate al 31 dicembre,proprietà,totale,tutte le voci,tutte le voci,TOTALE,TOTALE,2433
017040,Castegnato,2019,titolo_di_godimento,abitazioni occupate al 31 dicembre,tutte le voci,totale,tutte le voci,tutte le voci,TOTALE,TOTALE,3358
017040,Castegnato,2021,titolo_di_godimento,abitazioni occupate al 31 dicembre,tutte le voci,totale,tutte le voci,tutte le voci,TOTALE,TOTALE,3388
017040,Castegnato,2023,titolo_di_godimento,abitazioni occupate al 31 dicembre,tutte le voci,totale,tutte le voci,tutte le voci,TOTALE,TOTALE,3433
017041,Castelcovati,2019,occupate_e_non_occupate,abitazioni al 31 dicembre,tutte le voci,totale,tutte le voci,tutte le voci,TOTALE,TOTALE,2962
017041,Castelcovati,2019,occupate_e_non_occupate,abitazioni non occupate al 31 dicembre,tutte le voci,totale,tutte le voci,tutte le voci,TOTALE,TOTALE,502
017041,Castelcovati,2019,occupate_e_non_occupate,abitazioni occupate al 31 dicembre,tutte le voci,totale,tutte le voci,tutte le voci,TOTALE,TOTALE,2460
017041,Castelcovati,2021,occupate_e_non_occupate,abitazioni al 31 dicembre,tutte le voci,totale,tutte le voci,tutte le voci,TOTALE,TOTALE,2967
017041,Castelcovati,2021,occupate_e_non_occupate,abitazioni non occupate al 31 dicembre,tutte le voci,totale,tutte le voci,tutte le voci,TOTALE,TOTALE,463
017041,Castelcovati,2021,occupate_e_non_occupate,abitazioni occupate al 31 dicembre,tutte le voci,totale,tutte le voci,tutte le voci,TOTALE,TOTALE,2504
017041,Castelcovati,2023,occupate_e_non_occupate,abitazioni al 31 dicembre,tutte le voci,totale,tutte le voci,tutte le voci,TOTALE,TOTALE,3002
017041,Castelcovati,2023,occupate_e_non_occupate,abitazioni non occupate al 31 dicembre,tutte le voci,totale,tutte le voci,tutte le voci,TOTALE,TOTALE,418
017041,Castelcovati,2023,occupate_e_non_occupate,abitazioni occupate al 31 dicembre,tutte le voci,totale,tutte le voci,tutte le voci,TOTALE,TOTALE,2584
017041,Castelcovati,2019,titolo_di_godimento,abitazioni occupate al 31 dicembre,affitto,totale,tutte le voci,tutte le voci,TOTALE,TOTALE,616
017041,Castelcovati,2019,titolo_di_godimento,abitazioni occupate al 31 dicembre,"altro titolo diverso da proprietà, affitto",totale,tutte le voci,tutte le voci,TOTALE,TOTALE,118
017041,Castelcovati,2019,titolo_di_godimento,abitazioni occupate al 31 dicembre,proprietà,totale,tutte le voci,tutte le voci,TOTALE,TOTALE,1726
017041,Castelcovati,2019,titolo_di_godimento,abitazioni occupate al 31 dicembre,tutte le voci,totale,tutte le voci,tutte le voci,TOTALE,TOTALE,2460
017041,Castelcovati,2021,titolo_di_godimento,abitazioni occupate al 31 dicembre,tutte le voci,totale,tutte le voci,tutte le voci,TOTALE,TOTALE,2504
017041,Castelcovati,2023,titolo_di_godimento,abitazioni occupate al 31 dicembre,tutte le voci,totale,tutte le voci,tutte le voci,TOTALE,TOTALE,2584
017042,Castel Mella,2019,occupate_e_non_occupate,abitazioni al 31 dicembre,tutte le voci,totale,tutte le voci,tutte le voci,TOTALE,TOTALE,4967
017042,Castel Mella,2019,occupate_e_non_occupate,abitazioni non occupate al 31 dicembre,tutte le voci,totale,tutte le voci,tutte le voci,TOTALE,TOTALE,432
017042,Castel Mella,2019,occupate_e_non_occupate,abitazioni occupate al 31 dicembre,tutte le voci,totale,tutte le voci,tutte le voci,TOTALE,TOTALE,4535
017042,Castel Mella,2021,occupate_e_non_occupate,abitazioni al 31 dicembre,tutte le voci,totale,tutte le voci,tutte le voci,TOTALE,TOTALE,4995
017042,Castel Mella,2021,occupate_e_non_occupate,abitazioni non occupate al 31 dicembre,tutte le voci,totale,tutte le voci,tutte le voci,TOTALE,TOTALE,401
017042,Castel Mella,2021,occupate_e_non_occupate,abitazioni occupate al 31 dicembre,tutte le voci,totale,tutte le voci,tutte le voci,TOTALE,TOTALE,4594
017042,Castel Mella,2023,occupate_e_non_occupate,abitazioni al 31 dicembre,tutte le voci,totale,tutte le voci,tutte le voci,TOTALE,TOTALE,5030
017042,Castel Mella,2023,occupate_e_non_occupate,abitazioni non occupate al 31 dicembre,tutte le voci,totale,tutte le voci,tutte le voci,TOTALE,TOTALE,373
017042,Castel Mella,2023,occupate_e_non_occupate,abitazioni occupate al 31 dicembre,tutte le voci,totale,tutte le voci,tutte le voci,TOTALE,TOTALE,4657
017042,Castel Mella,2019,titolo_di_godimento,abitazioni occupate al 31 dicembre,affitto,totale,tutte le voci,tutte le voci,TOTALE,TOTALE,986
017042,Castel Mella,2019,titolo_di_godimento,abitazioni occupate al 31 dicembre,"altro titolo diverso da proprietà, affitto",totale,tutte le voci,tutte le voci,TOTALE,TOTALE,302
017042,Castel Mella,2019,titolo_di_godimento,abitazioni occupate al 31 dicembre,proprietà,totale,tutte le voci,tutte le voci,TOTALE,TOTALE,3247
017042,Castel Mella,2019,titolo_di_godimento,abitazioni occupate al 31 dicembre,tutte le voci,totale,tutte le voci,tutte le voci,TOTALE,TOTALE,4535
017042,Castel Mella,2021,titolo_di_godimento,abitazioni occupate al 31 dicembre,tutte le voci,totale,tutte le voci,tutte le voci,TOTALE,TOTALE,4594
017042,Castel Mella,2023,titolo_di_godimento,abitazioni occupate al 31 dicembre,tutte le voci,totale,tutte le voci,tutte le voci,TOTALE,TOTALE,4657
017043,Castenedolo,2019,occupate_e_non_occupate,abitazioni al 31 dicembre,tutte le voci,totale,tutte le voci,tutte le voci,TOTALE,TOTALE,5465
017043,Castenedolo,2019,occupate_e_non_occupate,abitazioni non occupate al 31 dicembre,tutte le voci,totale,tutte le voci,tutte le voci,TOTALE,TOTALE,742
017043,Castenedolo,2019,occupate_e_non_occupate,abitazioni occupate al 31 dicembre,tutte le voci,totale,tutte le voci,tutte le voci,TOTALE,TOTALE,4723
017043,Castenedolo,2021,occupate_e_non_occupate,abitazioni al 31 dicembre,tutte le voci,totale,tutte le voci,tutte le voci,TOTALE,TOTALE,5487
017043,Castenedolo,2021,occupate_e_non_occupate,abitazioni non occupate al 31 dicembre,tutte le voci,totale,tutte le voci,tutte le voci,TOTALE,TOTALE,675
017043,Castenedolo,2021,occupate_e_non_occupate,abitazioni occupate al 31 dicembre,tutte le voci,totale,tutte le voci,tutte le voci,TOTALE,TOTALE,4812
017043,Castenedolo,2023,occupate_e_non_occupate,abitazioni al 31 dicembre,tutte le voci,totale,tutte le voci,tutte le voci,TOTALE,TOTALE,5555
017043,Castenedolo,2023,occupate_e_non_occupate,abitazioni non occupate al 31 dicembre,tutte le voci,totale,tutte le voci,tutte le voci,TOTALE,TOTALE,688
017043,Castenedolo,2023,occupate_e_non_occupate,abitazioni occupate al 31 dicembre,tutte le voci,totale,tutte le voci,tutte le voci,TOTALE,TOTALE,4867
017043,Castenedolo,2019,titolo_di_godimento,abitazioni occupate al 31 dicembre,affitto,totale,tutte le voci,tutte le voci,TOTALE,TOTALE,1100
017043,Castenedolo,2019,titolo_di_godimento,abitazioni occupate al 31 dicembre,"altro titolo diverso da proprietà, affitto",totale,tutte le voci,tutte le voci,TOTALE,TOTALE,246
017043,Castenedolo,2019,titolo_di_godimento,abitazioni occupate al 31 dicembre,proprietà,totale,tutte le voci,tutte le voci,TOTALE,TOTALE,3377
017043,Castenedolo,2019,titolo_di_godimento,abitazioni occupate al 31 dicembre,tutte le voci,totale,tutte le voci,tutte le voci,TOTALE,TOTALE,4723
017043,Castenedolo,2021,titolo_di_godimento,abitazioni occupate al 31 dicembre,tutte le voci,totale,tutte le voci,tutte le voci,TOTALE,TOTALE,4812
017043,Castenedolo,2023,titolo_di_godimento,abitazioni occupate al 31 dicembre,tutte le voci,totale,tutte le voci,tutte le voci,TOTALE,TOTALE,4867
017044,Casto,2019,occupate_e_non_occupate,abitazioni al 31 dicembre,tutte le voci,totale,tutte le voci,tutte le voci,TOTALE,TOTALE,1050
017044,Casto,2019,occupate_e_non_occupate,abitazioni non occupate al 31 dicembre,tutte le voci,totale,tutte le voci,tutte le voci,TOTALE,TOTALE,404
017044,Casto,2019,occupate_e_non_occupate,abitazioni occupate al 31 dicembre,tutte le voci,totale,tutte le voci,tutte le voci,TOTALE,TOTALE,646
017044,Casto,2021,occupate_e_non_occupate,abitazioni al 31 dicembre,tutte le voci,totale,tutte le voci,tutte le voci,TOTALE,TOTALE,1051
017044,Casto,2021,occupate_e_non_occupate,abitazioni non occupate al 31 dicembre,tutte le voci,totale,tutte le voci,tutte le voci,TOTALE,TOTALE,408
017044,Casto,2021,occupate_e_non_occupate,abitazioni occupate al 31 dicembre,tutte le voci,totale,tutte le voci,tutte le voci,TOTALE,TOTALE,643
017044,Casto,2023,occupate_e_non_occupate,abitazioni al 31 dicembre,tutte le voci,totale,tutte le voci,tutte le voci,TOTALE,TOTALE,1053
017044,Casto,2023,occupate_e_non_occupate,abitazioni non occupate al 31 dicembre,tutte le voci,totale,tutte le voci,tutte le voci,TOTALE,TOTALE,402
017044,Casto,2023,occupate_e_non_occupate,abitazioni occupate al 31 dicembre,tutte le voci,totale,tutte le voci,tutte le voci,TOTALE,TOTALE,651
017044,Casto,2019,titolo_di_godimento,abitazioni occupate al 31 dicembre,affitto,totale,tutte le voci,tutte le voci,TOTALE,TOTALE,86
017044,Casto,2019,titolo_di_godimento,abitazioni occupate al 31 dicembre,"altro titolo diverso da proprietà, affitto",totale,tutte le voci,tutte le voci,TOTALE,TOTALE,35
017044,Casto,2019,titolo_di_godimento,abitazioni occupate al 31 dicembre,proprietà,totale,tutte le voci,tutte le voci,TOTALE,TOTALE,525
017044,Casto,2019,titolo_di_godimento,abitazioni occupate al 31 dicembre,tutte le voci,totale,tutte le voci,tutte le voci,TOTALE,TOTALE,646
017044,Casto,2021,titolo_di_godimento,abitazioni occupate al 31 dicembre,tutte le voci,totale,tutte le voci,tutte le voci,TOTALE,TOTALE,643
017044,Casto,2023,titolo_di_godimento,abitazioni occupate al 31 dicembre,tutte le voci,totale,tutte le voci,tutte le voci,TOTALE,TOTALE,651
017045,Castrezzato,2019,occupate_e_non_occupate,abitazioni al 31 dicembre,tutte le voci,totale,tutte le voci,tutte le voci,TOTALE,TOTALE,3200
017045,Castrezzato,2019,occupate_e_non_occupate,abitazioni non occupate al 31 dicembre,tutte le voci,totale,tutte le voci,tutte le voci,TOTALE,TOTALE,460
017045,Castrezzato,2019,occupate_e_non_occupate,abitazioni occupate al 31 dicembre,tutte le voci,totale,tutte le voci,tutte le voci,TOTALE,TOTALE,2740
017045,Castrezzato,2021,occupate_e_non_occupate,abitazioni al 31 dicembre,tutte le voci,totale,tutte le voci,tutte le voci,TOTALE,TOTALE,3216
017045,Castrezzato,2021,occupate_e_non_occupate,abitazioni non occupate al 31 dicembre,tutte le voci,totale,tutte le voci,tutte le voci,TOTALE,TOTALE,430
017045,Castrezzato,2021,occupate_e_non_occupate,abitazioni occupate al 31 dicembre,tutte le voci,totale,tutte le voci,tutte le voci,TOTALE,TOTALE,2786
017045,Castrezzato,2023,occupate_e_non_occupate,abitazioni al 31 dicembre,tutte le voci,totale,tutte le voci,tutte le voci,TOTALE,TOTALE,3304
017045,Castrezzato,2023,occupate_e_non_occupate,abitazioni non occupate al 31 dicembre,tutte le voci,totale,tutte le voci,tutte le voci,TOTALE,TOTALE,404
017045,Castrezzato,2023,occupate_e_non_occupate,abitazioni occupate al 31 dicembre,tutte le voci,totale,tutte le voci,tutte le voci,TOTALE,TOTALE,2900
017045,Castrezzato,2019,titolo_di_godimento,abitazioni occupate al 31 dicembre,affitto,totale,tutte le voci,tutte le voci,TOTALE,TOTALE,717
017045,Castrezzato,2019,titolo_di_godimento,abitazioni occupate al 31 dicembre,"altro titolo diverso da proprietà, affitto",totale,tutte le voci,tutte le voci,TOTALE,TOTALE,142
017045,Castrezzato,2019,titolo_di_godimento,abitazioni occupate al 31 dicembre,proprietà,totale,tutte le voci,tutte le voci,TOTALE,TOTALE,1880
017045,Castrezzato,2019,titolo_di_godimento,abitazioni occupate al 31 dicembre,tutte le voci,totale,tutte le voci,tutte le voci,TOTALE,TOTALE,2740
017045,Castrezzato,2021,titolo_di_godimento,abitazioni occupate al 31 dicembre,tutte le voci,totale,tutte le voci,tutte le voci,TOTALE,TOTALE,2786
017045,Castrezzato,2023,titolo_di_godimento,abitazioni occupate al 31 dicembre,tutte le voci,totale,tutte le voci,tutte le voci,TOTALE,TOTALE,2900
017046,Cazzago San Martino,2019,occupate_e_non_occupate,abitazioni al 31 dicembre,tutte le voci,totale,tutte le voci,tutte le voci,TOTALE,TOTALE,5012
017046,Cazzago San Martino,2019,occupate_e_non_occupate,abitazioni non occupate al 31 dicembre,tutte le voci,totale,tutte le voci,tutte le voci,TOTALE,TOTALE,639
017046,Cazzago San Martino,2019,occupate_e_non_occupate,abitazioni occupate al 31 dicembre,tutte le voci,totale,tutte le voci,tutte le voci,TOTALE,TOTALE,4373
017046,Cazzago San Martino,2021,occupate_e_non_occupate,abitazioni al 31 dicembre,tutte le voci,totale,tutte le voci,tutte le voci,TOTALE,TOTALE,5036
017046,Cazzago San Martino,2021,occupate_e_non_occupate,abitazioni non occupate al 31 dicembre,tutte le voci,totale,tutte le voci,tutte le voci,TOTALE,TOTALE,754
017046,Cazzago San Martino,2021,occupate_e_non_occupate,abitazioni occupate al 31 dicembre,tutte le voci,totale,tutte le voci,tutte le voci,TOTALE,TOTALE,4282
017046,Cazzago San Martino,2023,occupate_e_non_occupate,abitazioni al 31 dicembre,tutte le voci,totale,tutte le voci,tutte le voci,TOTALE,TOTALE,5080
017046,Cazzago San Martino,2023,occupate_e_non_occupate,abitazioni non occupate al 31 dicembre,tutte le voci,totale,tutte le voci,tutte le voci,TOTALE,TOTALE,709
017046,Cazzago San Martino,2023,occupate_e_non_occupate,abitazioni occupate al 31 dicembre,tutte le voci,totale,tutte le voci,tutte le voci,TOTALE,TOTALE,4371
017046,Cazzago San Martino,2019,titolo_di_godimento,abitazioni occupate al 31 dicembre,affitto,totale,tutte le voci,tutte le voci,TOTALE,TOTALE,555
017046,Cazzago San Martino,2019,titolo_di_godimento,abitazioni occupate al 31 dicembre,"altro titolo diverso da proprietà, affitto",totale,tutte le voci,tutte le voci,TOTALE,TOTALE,354
017046,Cazzago San Martino,2019,titolo_di_godimento,abitazioni occupate al 31 dicembre,proprietà,totale,tutte le voci,tutte le voci,TOTALE,TOTALE,3465
017046,Cazzago San Martino,2019,titolo_di_godimento,abitazioni occupate al 31 dicembre,tutte le voci,totale,tutte le voci,tutte le voci,TOTALE,TOTALE,4373
017046,Cazzago San Martino,2021,titolo_di_godimento,abitazioni occupate al 31 dicembre,tutte le voci,totale,tutte le voci,tutte le voci,TOTALE,TOTALE,4282
017046,Cazzago San Martino,2023,titolo_di_godimento,abitazioni occupate al 31 dicembre,tutte le voci,totale,tutte le voci,tutte le voci,TOTALE,TOTALE,4371
017047,Cedegolo,2019,occupate_e_non_occupate,abitazioni al 31 dicembre,tutte le voci,totale,tutte le voci,tutte le voci,TOTALE,TOTALE,975
017047,Cedegolo,2019,occupate_e_non_occupate,abitazioni non occupate al 31 dicembre,tutte le voci,totale,tutte le voci,tutte le voci,TOTALE,TOTALE,437
017047,Cedegolo,2019,occupate_e_non_occupate,abitazioni occupate al 31 dicembre,tutte le voci,totale,tutte le voci,tutte le voci,TOTALE,TOTALE,538
017047,Cedegolo,2021,occupate_e_non_occupate,abitazioni al 31 dicembre,tutte le voci,totale,tutte le voci,tutte le voci,TOTALE,TOTALE,985
017047,Cedegolo,2021,occupate_e_non_occupate,abitazioni non occupate al 31 dicembre,tutte le voci,totale,tutte le voci,tutte le voci,TOTALE,TOTALE,479
017047,Cedegolo,2021,occupate_e_non_occupate,abitazioni occupate al 31 dicembre,tutte le voci,totale,tutte le voci,tutte le voci,TOTALE,TOTALE,506
017047,Cedegolo,2023,occupate_e_non_occupate,abitazioni al 31 dicembre,tutte le voci,totale,tutte le voci,tutte le voci,TOTALE,TOTALE,992
017047,Cedegolo,2023,occupate_e_non_occupate,abitazioni non occupate al 31 dicembre,tutte le voci,totale,tutte le voci,tutte le voci,TOTALE,TOTALE,474
017047,Cedegolo,2023,occupate_e_non_occupate,abitazioni occupate al 31 dicembre,tutte le voci,totale,tutte le voci,tutte le voci,TOTALE,TOTALE,518
017047,Cedegolo,2019,titolo_di_godimento,abitazioni occupate al 31 dicembre,affitto,totale,tutte le voci,tutte le voci,TOTALE,TOTALE,63
017047,Cedegolo,2019,titolo_di_godimento,abitazioni occupate al 31 dicembre,"altro titolo diverso da proprietà, affitto",totale,tutte le voci,tutte le voci,TOTALE,TOTALE,36
017047,Cedegolo,2019,titolo_di_godimento,abitazioni occupate al 31 dicembre,proprietà,totale,tutte le voci,tutte le voci,TOTALE,TOTALE,439
017047,Cedegolo,2019,titolo_di_godimento,abitazioni occupate al 31 dicembre,tutte le voci,totale,tutte le voci,tutte le voci,TOTALE,TOTALE,538
017047,Cedegolo,2021,titolo_di_godimento,abitazioni occupate al 31 dicembre,tutte le voci,totale,tutte le voci,tutte le voci,TOTALE,TOTALE,506
017047,Cedegolo,2023,titolo_di_godimento,abitazioni occupate al 31 dicembre,tutte le voci,totale,tutte le voci,tutte le voci,TOTALE,TOTALE,518
017048,Cellatica,2019,occupate_e_non_occupate,abitazioni al 31 dicembre,tutte le voci,totale,tutte le voci,tutte le voci,TOTALE,TOTALE,2391
017048,Cellatica,2019,occupate_e_non_occupate,abitazioni non occupate al 31 dicembre,tutte le voci,totale,tutte le voci,tutte le voci,TOTALE,TOTALE,349
017048,Cellatica,2019,occupate_e_non_occupate,abitazioni occupate al 31 dicembre,tutte le voci,totale,tutte le voci,tutte le voci,TOTALE,TOTALE,2042
017048,Cellatica,2021,occupate_e_non_occupate,abitazioni al 31 dicembre,tutte le voci,totale,tutte le voci,tutte le voci,TOTALE,TOTALE,2395
017048,Cellatica,2021,occupate_e_non_occupate,abitazioni non occupate al 31 dicembre,tutte le voci,totale,tutte le voci,tutte le voci,TOTALE,TOTALE,307
017048,Cellatica,2021,occupate_e_non_occupate,abitazioni occupate al 31 dicembre,tutte le voci,totale,tutte le voci,tutte le voci,TOTALE,TOTALE,2088
017048,Cellatica,2023,occupate_e_non_occupate,abitazioni al 31 dicembre,tutte le voci,totale,tutte le voci,tutte le voci,TOTALE,TOTALE,2409
017048,Cellatica,2023,occupate_e_non_occupate,abitazioni non occupate al 31 dicembre,tutte le voci,totale,tutte le voci,tutte le voci,TOTALE,TOTALE,315
017048,Cellatica,2023,occupate_e_non_occupate,abitazioni occupate al 31 dicembre,tutte le voci,totale,tutte le voci,tutte le voci,TOTALE,TOTALE,2094
017048,Cellatica,2019,titolo_di_godimento,abitazioni occupate al 31 dicembre,affitto,totale,tutte le voci,tutte le voci,TOTALE,TOTALE,336
017048,Cellatica,2019,titolo_di_godimento,abitazioni occupate al 31 dicembre,"altro titolo diverso da proprietà, affitto",totale,tutte le voci,tutte le voci,TOTALE,TOTALE,121
017048,Cellatica,2019,titolo_di_godimento,abitazioni occupate al 31 dicembre,proprietà,totale,tutte le voci,tutte le voci,TOTALE,TOTALE,1585
017048,Cellatica,2019,titolo_di_godimento,abitazioni occupate al 31 dicembre,tutte le voci,totale,tutte le voci,tutte le voci,TOTALE,TOTALE,2042
017048,Cellatica,2021,titolo_di_godimento,abitazioni occupate al 31 dicembre,tutte le voci,totale,tutte le voci,tutte le voci,TOTALE,TOTALE,2088
017048,Cellatica,2023,titolo_di_godimento,abitazioni occupate al 31 dicembre,tutte le voci,totale,tutte le voci,tutte le voci,TOTALE,TOTALE,2094
017049,Cerveno,2019,occupate_e_non_occupate,abitazioni al 31 dicembre,tutte le voci,totale,tutte le voci,tutte le voci,TOTALE,TOTALE,678
017049,Cerveno,2019,occupate_e_non_occupate,abitazioni non occupate al 31 dicembre,tutte le voci,totale,tutte le voci,tutte le voci,TOTALE,TOTALE,381
017049,Cerveno,2019,occupate_e_non_occupate,abitazioni occupate al 31 dicembre,tutte le voci,totale,tutte le voci,tutte le voci,TOTALE,TOTALE,297
017049,Cerveno,2021,occupate_e_non_occupate,abitazioni al 31 dicembre,tutte le voci,totale,tutte le voci,tutte le voci,TOTALE,TOTALE,679
017049,Cerveno,2021,occupate_e_non_occupate,abitazioni non occupate al 31 dicembre,tutte le voci,totale,tutte le voci,tutte le voci,TOTALE,TOTALE,378
017049,Cerveno,2021,occupate_e_non_occupate,abitazioni occupate al 31 dicembre,tutte le voci,totale,tutte le voci,tutte le voci,TOTALE,TOTALE,301
017049,Cerveno,2023,occupate_e_non_occupate,abitazioni al 31 dicembre,tutte le voci,totale,tutte le voci,tutte le voci,TOTALE,TOTALE,699
017049,Cerveno,2023,occupate_e_non_occupate,abitazioni non occupate al 31 dicembre,tutte le voci,totale,tutte le voci,tutte le voci,TOTALE,TOTALE,389
017049,Cerveno,2023,occupate_e_non_occupate,abitazioni occupate al 31 dicembre,tutte le voci,totale,tutte le voci,tutte le voci,TOTALE,TOTALE,310
017049,Cerveno,2019,titolo_di_godimento,abitazioni occupate al 31 dicembre,affitto,totale,tutte le voci,tutte le voci,TOTALE,TOTALE,39
017049,Cerveno,2019,titolo_di_godimento,abitazioni occupate al 31 dicembre,"altro titolo diverso da proprietà, affitto",totale,tutte le voci,tutte le voci,TOTALE,TOTALE,37
017049,Cerveno,2019,titolo_di_godimento,abitazioni occupate al 31 dicembre,proprietà,totale,tutte le voci,tutte le voci,TOTALE,TOTALE,221
017049,Cerveno,2019,titolo_di_godimento,abitazioni occupate al 31 dicembre,tutte le voci,totale,tutte le voci,tutte le voci,TOTALE,TOTALE,297
017049,Cerveno,2021,titolo_di_godimento,abitazioni occupate al 31 dicembre,tutte le voci,totale,tutte le voci,tutte le voci,TOTALE,TOTALE,301
017049,Cerveno,2023,titolo_di_godimento,abitazioni occupate al 31 dicembre,tutte le voci,totale,tutte le voci,tutte le voci,TOTALE,TOTALE,310
017050,Ceto,2019,occupate_e_non_occupate,abitazioni al 31 dicembre,tutte le voci,totale,tutte le voci,tutte le voci,TOTALE,TOTALE,1347
017050,Ceto,2019,occupate_e_non_occupate,abitazioni non occupate al 31 dicembre,tutte le voci,totale,tutte le voci,tutte le voci,TOTALE,TOTALE,594
017050,Ceto,2019,occupate_e_non_occupate,abitazioni occupate al 31 dicembre,tutte le voci,totale,tutte le voci,tutte le voci,TOTALE,TOTALE,753
017050,Ceto,2021,occupate_e_non_occupate,abitazioni al 31 dicembre,tutte le voci,totale,tutte le voci,tutte le voci,TOTALE,TOTALE,1350
017050,Ceto,2021,occupate_e_non_occupate,abitazioni non occupate al 31 dicembre,tutte le voci,totale,tutte le voci,tutte le voci,TOTALE,TOTALE,588
017050,Ceto,2021,occupate_e_non_occupate,abitazioni occupate al 31 dicembre,tutte le voci,totale,tutte le voci,tutte le voci,TOTALE,TOTALE,762
017050,Ceto,2023,occupate_e_non_occupate,abitazioni al 31 dicembre,tutte le voci,totale,tutte le voci,tutte le voci,TOTALE,TOTALE,1364
017050,Ceto,2023,occupate_e_non_occupate,abitazioni non occupate al 31 dicembre,tutte le voci,totale,tutte le voci,tutte le voci,TOTALE,TOTALE,589
017050,Ceto,2023,occupate_e_non_occupate,abitazioni occupate al 31 dicembre,tutte le voci,totale,tutte le voci,tutte le voci,TOTALE,TOTALE,775
017050,Ceto,2019,titolo_di_godimento,abitazioni occupate al 31 dicembre,affitto,totale,tutte le voci,tutte le voci,TOTALE,TOTALE,59
017050,Ceto,2019,titolo_di_godimento,abitazioni occupate al 31 dicembre,"altro titolo diverso da proprietà, affitto",totale,tutte le voci,tutte le voci,TOTALE,TOTALE,46
017050,Ceto,2019,titolo_di_godimento,abitazioni occupate al 31 dicembre,proprietà,totale,tutte le voci,tutte le voci,TOTALE,TOTALE,648
017050,Ceto,2019,titolo_di_godimento,abitazioni occupate al 31 dicembre,tutte le voci,totale,tutte le voci,tutte le voci,TOTALE,TOTALE,753
017050,Ceto,2021,titolo_di_godimento,abitazioni occupate al 31 dicembre,tutte le voci,totale,tutte le voci,tutte le voci,TOTALE,TOTALE,762
017050,Ceto,2023,titolo_di_godimento,abitazioni occupate al 31 dicembre,tutte le voci,totale,tutte le voci,tutte le voci,TOTALE,TOTALE,775
017051,Cevo,2019,occupate_e_non_occupate,abitazioni al 31 dicembre,tutte le voci,totale,tutte le voci,tutte le voci,TOTALE,TOTALE,1212
017051,Cevo,2019,occupate_e_non_occupate,abitazioni non occupate al 31 dicembre,tutte le voci,totale,tutte le voci,tutte le voci,TOTALE,TOTALE,777
017051,Cevo,2019,occupate_e_non_occupate,abitazioni occupate al 31 dicembre,tutte le voci,totale,tutte le voci,tutte le voci,TOTALE,TOTALE,435
017051,Cevo,2021,occupate_e_non_occupate,abitazioni al 31 dicembre,tutte le voci,totale,tutte le voci,tutte le voci,TOTALE,TOTALE,1214
017051,Cevo,2021,occupate_e_non_occupate,abitazioni non occupate al 31 dicembre,tutte le voci,totale,tutte le voci,tutte le voci,TOTALE,TOTALE,796
017051,Cevo,2021,occupate_e_non_occupate,abitazioni occupate al 31 dicembre,tutte le voci,totale,tutte le voci,tutte le voci,TOTALE,TOTALE,418
017051,Cevo,2023,occupate_e_non_occupate,abitazioni al 31 dicembre,tutte le voci,totale,tutte le voci,tutte le voci,TOTALE,TOTALE,1219
017051,Cevo,2023,occupate_e_non_occupate,abitazioni non occupate al 31 dicembre,tutte le voci,totale,tutte le voci,tutte le voci,TOTALE,TOTALE,805
017051,Cevo,2023,occupate_e_non_occupate,abitazioni occupate al 31 dicembre,tutte le voci,totale,tutte le voci,tutte le voci,TOTALE,TOTALE,414
017051,Cevo,2019,titolo_di_godimento,abitazioni occupate al 31 dicembre,affitto,totale,tutte le voci,tutte le voci,TOTALE,TOTALE,17
017051,Cevo,2019,titolo_di_godimento,abitazioni occupate al 31 dicembre,"altro titolo diverso da proprietà, affitto",totale,tutte le voci,tutte le voci,TOTALE,TOTALE,56
017051,Cevo,2019,titolo_di_godimento,abitazioni occupate al 31 dicembre,proprietà,totale,tutte le voci,tutte le voci,TOTALE,TOTALE,361
017051,Cevo,2019,titolo_di_godimento,abitazioni occupate al 31 dicembre,tutte le voci,totale,tutte le voci,tutte le voci,TOTALE,TOTALE,435
017051,Cevo,2021,titolo_di_godimento,abitazioni occupate al 31 dicembre,tutte le voci,totale,tutte le voci,tutte le voci,TOTALE,TOTALE,418
017051,Cevo,2023,titolo_di_godimento,abitazioni occupate al 31 dicembre,tutte le voci,totale,tutte le voci,tutte le voci,TOTALE,TOTALE,414
017052,Chiari,2019,occupate_e_non_occupate,abitazioni al 31 dicembre,tutte le voci,totale,tutte le voci,tutte le voci,TOTALE,TOTALE,9164
017052,Chiari,2019,occupate_e_non_occupate,abitazioni non occupate al 31 dicembre,tutte le voci,totale,tutte le voci,tutte le voci,TOTALE,TOTALE,1407
017052,Chiari,2019,occupate_e_non_occupate,abitazioni occupate al 31 dicembre,tutte le voci,totale,tutte le voci,tutte le voci,TOTALE,TOTALE,7757
017052,Chiari,2021,occupate_e_non_occupate,abitazioni al 31 dicembre,tutte le voci,totale,tutte le voci,tutte le voci,TOTALE,TOTALE,9194
017052,Chiari,2021,occupate_e_non_occupate,abitazioni non occupate al 31 dicembre,tutte le voci,totale,tutte le voci,tutte le voci,TOTALE,TOTALE,1397
017052,Chiari,2021,occupate_e_non_occupate,abitazioni occupate al 31 dicembre,tutte le voci,totale,tutte le voci,tutte le voci,TOTALE,TOTALE,7797
017052,Chiari,2023,occupate_e_non_occupate,abitazioni al 31 dicembre,tutte le voci,totale,tutte le voci,tutte le voci,TOTALE,TOTALE,9338
017052,Chiari,2023,occupate_e_non_occupate,abitazioni non occupate al 31 dicembre,tutte le voci,totale,tutte le voci,tutte le voci,TOTALE,TOTALE,1409
017052,Chiari,2023,occupate_e_non_occupate,abitazioni occupate al 31 dicembre,tutte le voci,totale,tutte le voci,tutte le voci,TOTALE,TOTALE,7929
017052,Chiari,2019,titolo_di_godimento,abitazioni occupate al 31 dicembre,affitto,totale,tutte le voci,tutte le voci,TOTALE,TOTALE,2344
017052,Chiari,2019,titolo_di_godimento,abitazioni occupate al 31 dicembre,"altro titolo diverso da proprietà, affitto",totale,tutte le voci,tutte le voci,TOTALE,TOTALE,513
017052,Chiari,2019,titolo_di_godimento,abitazioni occupate al 31 dicembre,proprietà,totale,tutte le voci,tutte le voci,TOTALE,TOTALE,4900
017052,Chiari,2019,titolo_di_godimento,abitazioni occupate al 31 dicembre,tutte le voci,totale,tutte le voci,tutte le voci,TOTALE,TOTALE,7757
017052,Chiari,2021,titolo_di_godimento,abitazioni occupate al 31 dicembre,tutte le voci,totale,tutte le voci,tutte le voci,TOTALE,TOTALE,7797
017052,Chiari,2023,titolo_di_godimento,abitazioni occupate al 31 dicembre,tutte le voci,totale,tutte le voci,tutte le voci,TOTALE,TOTALE,7929
017053,Cigole,2019,occupate_e_non_occupate,abitazioni al 31 dicembre,tutte le voci,totale,tutte le voci,tutte le voci,TOTALE,TOTALE,727
017053,Cigole,2019,occupate_e_non_occupate,abitazioni non occupate al 31 dicembre,tutte le voci,totale,tutte le voci,tutte le voci,TOTALE,TOTALE,117
017053,Cigole,2019,occupate_e_non_occupate,abitazioni occupate al 31 dicembre,tutte le voci,totale,tutte le voci,tutte le voci,TOTALE,TOTALE,610
017053,Cigole,2021,occupate_e_non_occupate,abitazioni al 31 dicembre,tutte le voci,totale,tutte le voci,tutte le voci,TOTALE,TOTALE,732
017053,Cigole,2021,occupate_e_non_occupate,abitazioni non occupate al 31 dicembre,tutte le voci,totale,tutte le voci,tutte le voci,TOTALE,TOTALE,142
017053,Cigole,2021,occupate_e_non_occupate,abitazioni occupate al 31 dicembre,tutte le voci,totale,tutte le voci,tutte le voci,TOTALE,TOTALE,590
017053,Cigole,2023,occupate_e_non_occupate,abitazioni al 31 dicembre,tutte le voci,totale,tutte le voci,tutte le voci,TOTALE,TOTALE,739
017053,Cigole,2023,occupate_e_non_occupate,abitazioni non occupate al 31 dicembre,tutte le voci,totale,tutte le voci,tutte le voci,TOTALE,TOTALE,125
017053,Cigole,2023,occupate_e_non_occupate,abitazioni occupate al 31 dicembre,tutte le voci,totale,tutte le voci,tutte le voci,TOTALE,TOTALE,614
017053,Cigole,2019,titolo_di_godimento,abitazioni occupate al 31 dicembre,affitto,totale,tutte le voci,tutte le voci,TOTALE,TOTALE,77
017053,Cigole,2019,titolo_di_godimento,abitazioni occupate al 31 dicembre,"altro titolo diverso da proprietà, affitto",totale,tutte le voci,tutte le voci,TOTALE,TOTALE,53
017053,Cigole,2019,titolo_di_godimento,abitazioni occupate al 31 dicembre,proprietà,totale,tutte le voci,tutte le voci,TOTALE,TOTALE,480
017053,Cigole,2019,titolo_di_godimento,abitazioni occupate al 31 dicembre,tutte le voci,totale,tutte le voci,tutte le voci,TOTALE,TOTALE,610
017053,Cigole,2021,titolo_di_godimento,abitazioni occupate al 31 dicembre,tutte le voci,totale,tutte le voci,tutte le voci,TOTALE,TOTALE,590
017053,Cigole,2023,titolo_di_godimento,abitazioni occupate al 31 dicembre,tutte le voci,totale,tutte le voci,tutte le voci,TOTALE,TOTALE,614
017054,Cimbergo,2019,occupate_e_non_occupate,abitazioni al 31 dicembre,tutte le voci,totale,tutte le voci,tutte le voci,TOTALE,TOTALE,759
017054,Cimbergo,2019,occupate_e_non_occupate,abitazioni non occupate al 31 dicembre,tutte le voci,totale,tutte le voci,tutte le voci,TOTALE,TOTALE,497
017054,Cimbergo,2019,occupate_e_non_occupate,abitazioni occupate al 31 dicembre,tutte le voci,totale,tutte le voci,tutte le voci,TOTALE,TOTALE,262
017054,Cimbergo,2021,occupate_e_non_occupate,abitazioni al 31 dicembre,tutte le voci,totale,tutte le voci,tutte le voci,TOTALE,TOTALE,752
017054,Cimbergo,2021,occupate_e_non_occupate,abitazioni non occupate al 31 dicembre,tutte le voci,totale,tutte le voci,tutte le voci,TOTALE,TOTALE,491
017054,Cimbergo,2021,occupate_e_non_occupate,abitazioni occupate al 31 dicembre,tutte le voci,totale,tutte le voci,tutte le voci,TOTALE,TOTALE,261
017054,Cimbergo,2023,occupate_e_non_occupate,abitazioni al 31 dicembre,tutte le voci,totale,tutte le voci,tutte le voci,TOTALE,TOTALE,757
017054,Cimbergo,2023,occupate_e_non_occupate,abitazioni non occupate al 31 dicembre,tutte le voci,totale,tutte le voci,tutte le voci,TOTALE,TOTALE,495
017054,Cimbergo,2023,occupate_e_non_occupate,abitazioni occupate al 31 dicembre,tutte le voci,totale,tutte le voci,tutte le voci,TOTALE,TOTALE,262
017054,Cimbergo,2019,titolo_di_godimento,abitazioni occupate al 31 dicembre,affitto,totale,tutte le voci,tutte le voci,TOTALE,TOTALE,0
017054,Cimbergo,2019,titolo_di_godimento,abitazioni occupate al 31 dicembre,"altro titolo diverso da proprietà, affitto",totale,tutte le voci,tutte le voci,TOTALE,TOTALE,4
017054,Cimbergo,2019,titolo_di_godimento,abitazioni occupate al 31 dicembre,proprietà,totale,tutte le voci,tutte le voci,TOTALE,TOTALE,258
017054,Cimbergo,2019,titolo_di_godimento,abitazioni occupate al 31 dicembre,tutte le voci,totale,tutte le voci,tutte le voci,TOTALE,TOTALE,262
017054,Cimbergo,2021,titolo_di_godimento,abitazioni occupate al 31 dicembre,tutte le voci,totale,tutte le voci,tutte le voci,TOTALE,TOTALE,261
017054,Cimbergo,2023,titolo_di_godimento,abitazioni occupate al 31 dicembre,tutte le voci,totale,tutte le voci,tutte le voci,TOTALE,TOTALE,262
017055,Cividate Camuno,2019,occupate_e_non_occupate,abitazioni al 31 dicembre,tutte le voci,totale,tutte le voci,tutte le voci,TOTALE,TOTALE,1507
017055,Cividate Camuno,2019,occupate_e_non_occupate,abitazioni non occupate al 31 dicembre,tutte le voci,totale,tutte le voci,tutte le voci,TOTALE,TOTALE,384
017055,Cividate Camuno,2019,occupate_e_non_occupate,abitazioni occupate al 31 dicembre,tutte le voci,totale,tutte le voci,tutte le voci,TOTALE,TOTALE,1123
017055,Cividate Camuno,2021,occupate_e_non_occupate,abitazioni al 31 dicembre,tutte le voci,totale,tutte le voci,tutte le voci,TOTALE,TOTALE,1513
017055,Cividate Camuno,2021,occupate_e_non_occupate,abitazioni non occupate al 31 dicembre,tutte le voci,totale,tutte le voci,tutte le voci,TOTALE,TOTALE,402
017055,Cividate Camuno,2021,occupate_e_non_occupate,abitazioni occupate al 31 dicembre,tutte le voci,totale,tutte le voci,tutte le voci,TOTALE,TOTALE,1111
017055,Cividate Camuno,2023,occupate_e_non_occupate,abitazioni al 31 dicembre,tutte le voci,totale,tutte le voci,tutte le voci,TOTALE,TOTALE,1542
017055,Cividate Camuno,2023,occupate_e_non_occupate,abitazioni non occupate al 31 dicembre,tutte le voci,totale,tutte le voci,tutte le voci,TOTALE,TOTALE,423
017055,Cividate Camuno,2023,occupate_e_non_occupate,abitazioni occupate al 31 dicembre,tutte le voci,totale,tutte le voci,tutte le voci,TOTALE,TOTALE,1119
017055,Cividate Camuno,2019,titolo_di_godimento,abitazioni occupate al 31 dicembre,affitto,totale,tutte le voci,tutte le voci,TOTALE,TOTALE,114
017055,Cividate Camuno,2019,titolo_di_godimento,abitazioni occupate al 31 dicembre,"altro titolo diverso da proprietà, affitto",totale,tutte le voci,tutte le voci,TOTALE,TOTALE,75
017055,Cividate Camuno,2019,titolo_di_godimento,abitazioni occupate al 31 dicembre,proprietà,totale,tutte le voci,tutte le voci,TOTALE,TOTALE,935
017055,Cividate Camuno,2019,titolo_di_godimento,abitazioni occupate al 31 dicembre,tutte le voci,totale,tutte le voci,tutte le voci,TOTALE,TOTALE,1123
017055,Cividate Camuno,2021,titolo_di_godimento,abitazioni occupate al 31 dicembre,tutte le voci,totale,tutte le voci,tutte le voci,TOTALE,TOTALE,1111
017055,Cividate Camuno,2023,titolo_di_godimento,abitazioni occupate al 31 dicembre,tutte le voci,totale,tutte le voci,tutte le voci,TOTALE,TOTALE,1119
017056,Coccaglio,2019,occupate_e_non_occupate,abitazioni al 31 dicembre,tutte le voci,totale,tutte le voci,tutte le voci,TOTALE,TOTALE,3883
017056,Coccaglio,2019,occupate_e_non_occupate,abitazioni non occupate al 31 dicembre,tutte le voci,totale,tutte le voci,tutte le voci,TOTALE,TOTALE,457
017056,Coccaglio,2019,occupate_e_non_occupate,abitazioni occupate al 31 dicembre,tutte le voci,totale,tutte le voci,tutte le voci,TOTALE,TOTALE,3426
017056,Coccaglio,2021,occupate_e_non_occupate,abitazioni al 31 dicembre,tutte le voci,totale,tutte le voci,tutte le voci,TOTALE,TOTALE,3891
017056,Coccaglio,2021,occupate_e_non_occupate,abitazioni non occupate al 31 dicembre,tutte le voci,totale,tutte le voci,tutte le voci,TOTALE,TOTALE,437
017056,Coccaglio,2021,occupate_e_non_occupate,abitazioni occupate al 31 dicembre,tutte le voci,totale,tutte le voci,tutte le voci,TOTALE,TOTALE,3454
017056,Coccaglio,2023,occupate_e_non_occupate,abitazioni al 31 dicembre,tutte le voci,totale,tutte le voci,tutte le voci,TOTALE,TOTALE,3939
017056,Coccaglio,2023,occupate_e_non_occupate,abitazioni non occupate al 31 dicembre,tutte le voci,totale,tutte le voci,tutte le voci,TOTALE,TOTALE,421
017056,Coccaglio,2023,occupate_e_non_occupate,abitazioni occupate al 31 dicembre,tutte le voci,totale,tutte le voci,tutte le voci,TOTALE,TOTALE,3518
017056,Coccaglio,2019,titolo_di_godimento,abitazioni occupate al 31 dicembre,affitto,totale,tutte le voci,tutte le voci,TOTALE,TOTALE,657
017056,Coccaglio,2019,titolo_di_godimento,abitazioni occupate al 31 dicembre,"altro titolo diverso da proprietà, affitto",totale,tutte le voci,tutte le voci,TOTALE,TOTALE,67
017056,Coccaglio,2019,titolo_di_godimento,abitazioni occupate al 31 dicembre,proprietà,totale,tutte le voci,tutte le voci,TOTALE,TOTALE,2701
017056,Coccaglio,2019,titolo_di_godimento,abitazioni occupate al 31 dicembre,tutte le voci,totale,tutte le voci,tutte le voci,TOTALE,TOTALE,3426
017056,Coccaglio,2021,titolo_di_godimento,abitazioni occupate al 31 dicembre,tutte le voci,totale,tutte le voci,tutte le voci,TOTALE,TOTALE,3454
017056,Coccaglio,2023,titolo_di_godimento,abitazioni occupate al 31 dicembre,tutte le voci,totale,tutte le voci,tutte le voci,TOTALE,TOTALE,3518
017057,Collebeato,2019,occupate_e_non_occupate,abitazioni al 31 dicembre,tutte le voci,totale,tutte le voci,tutte le voci,TOTALE,TOTALE,2244
017057,Collebeato,2019,occupate_e_non_occupate,abitazioni non occupate al 31 dicembre,tutte le voci,totale,tutte le voci,tutte le voci,TOTALE,TOTALE,285
017057,Collebeato,2019,occupate_e_non_occupate,abitazioni occupate al 31 dicembre,tutte le voci,totale,tutte le voci,tutte le voci,TOTALE,TOTALE,1959
017057,Collebeato,2021,occupate_e_non_occupate,abitazioni al 31 dicembre,tutte le voci,totale,tutte le voci,tutte le voci,TOTALE,TOTALE,2255
017057,Collebeato,2021,occupate_e_non_occupate,abitazioni non occupate al 31 dicembre,tutte le voci,totale,tutte le voci,tutte le voci,TOTALE,TOTALE,268
017057,Collebeato,2021,occupate_e_non_occupate,abitazioni occupate al 31 dicembre,tutte le voci,totale,tutte le voci,tutte le voci,TOTALE,TOTALE,1987
017057,Collebeato,2023,occupate_e_non_occupate,abitazioni al 31 dicembre,tutte le voci,totale,tutte le voci,tutte le voci,TOTALE,TOTALE,2275
017057,Collebeato,2023,occupate_e_non_occupate,abitazioni non occupate al 31 dicembre,tutte le voci,totale,tutte le voci,tutte le voci,TOTALE,TOTALE,274
017057,Collebeato,2023,occupate_e_non_occupate,abitazioni occupate al 31 dicembre,tutte le voci,totale,tutte le voci,tutte le voci,TOTALE,TOTALE,2001
017057,Collebeato,2019,titolo_di_godimento,abitazioni occupate al 31 dicembre,affitto,totale,tutte le voci,tutte le voci,TOTALE,TOTALE,374
017057,Collebeato,2019,titolo_di_godimento,abitazioni occupate al 31 dicembre,"altro titolo diverso da proprietà, affitto",totale,tutte le voci,tutte le voci,TOTALE,TOTALE,206
017057,Collebeato,2019,titolo_di_godimento,abitazioni occupate al 31 dicembre,proprietà,totale,tutte le voci,tutte le voci,TOTALE,TOTALE,1379
017057,Collebeato,2019,titolo_di_godimento,abitazioni occupate al 31 dicembre,tutte le voci,totale,tutte le voci,tutte le voci,TOTALE,TOTALE,1959
017057,Collebeato,2021,titolo_di_godimento,abitazioni occupate al 31 dicembre,tutte le voci,totale,tutte le voci,tutte le voci,TOTALE,TOTALE,1987
017057,Collebeato,2023,titolo_di_godimento,abitazioni occupate al 31 dicembre,tutte le voci,totale,tutte le voci,tutte le voci,TOTALE,TOTALE,2001
017058,Collio,2019,occupate_e_non_occupate,abitazioni al 31 dicembre,tutte le voci,totale,tutte le voci,tutte le voci,TOTALE,TOTALE,2851
017058,Collio,2019,occupate_e_non_occupate,abitazioni non occupate al 31 dicembre,tutte le voci,totale,tutte le voci,tutte le voci,TOTALE,TOTALE,1813
017058,Collio,2019,occupate_e_non_occupate,abitazioni occupate al 31 dicembre,tutte le voci,totale,tutte le voci,tutte le voci,TOTALE,TOTALE,1038
017058,Collio,2021,occupate_e_non_occupate,abitazioni al 31 dicembre,tutte le voci,totale,tutte le voci,tutte le voci,TOTALE,TOTALE,2855
017058,Collio,2021,occupate_e_non_occupate,abitazioni non occupate al 31 dicembre,tutte le voci,totale,tutte le voci,tutte le voci,TOTALE,TOTALE,1828
017058,Collio,2021,occupate_e_non_occupate,abitazioni occupate al 31 dicembre,tutte le voci,totale,tutte le voci,tutte le voci,TOTALE,TOTALE,1027
017058,Collio,2023,occupate_e_non_occupate,abitazioni al 31 dicembre,tutte le voci,totale,tutte le voci,tutte le voci,TOTALE,TOTALE,2869
017058,Collio,2023,occupate_e_non_occupate,abitazioni non occupate al 31 dicembre,tutte le voci,totale,tutte le voci,tutte le voci,TOTALE,TOTALE,1852
017058,Collio,2023,occupate_e_non_occupate,abitazioni occupate al 31 dicembre,tutte le voci,totale,tutte le voci,tutte le voci,TOTALE,TOTALE,1017
017058,Collio,2019,titolo_di_godimento,abitazioni occupate al 31 dicembre,affitto,totale,tutte le voci,tutte le voci,TOTALE,TOTALE,88
017058,Collio,2019,titolo_di_godimento,abitazioni occupate al 31 dicembre,"altro titolo diverso da proprietà, affitto",totale,tutte le voci,tutte le voci,TOTALE,TOTALE,179
017058,Collio,2019,titolo_di_godimento,abitazioni occupate al 31 dicembre,proprietà,totale,tutte le voci,tutte le voci,TOTALE,TOTALE,771
017058,Collio,2019,titolo_di_godimento,abitazioni occupate al 31 dicembre,tutte le voci,totale,tutte le voci,tutte le voci,TOTALE,TOTALE,1038
017058,Collio,2021,titolo_di_godimento,abitazioni occupate al 31 dicembre,tutte le voci,totale,tutte le voci,tutte le voci,TOTALE,TOTALE,1027
017058,Collio,2023,titolo_di_godimento,abitazioni occupate al 31 dicembre,tutte le voci,totale,tutte le voci,tutte le voci,TOTALE,TOTALE,1017
017059,Cologne,2019,occupate_e_non_occupate,abitazioni al 31 dicembre,tutte le voci,totale,tutte le voci,tutte le voci,TOTALE,TOTALE,3408
017059,Cologne,2019,occupate_e_non_occupate,abitazioni non occupate al 31 dicembre,tutte le voci,totale,tutte le voci,tutte le voci,TOTALE,TOTALE,471
017059,Cologne,2019,occupate_e_non_occupate,abitazioni occupate al 31 dicembre,tutte le voci,totale,tutte le voci,tutte le voci,TOTALE,TOTALE,2937
017059,Cologne,2021,occupate_e_non_occupate,abitazioni al 31 dicembre,tutte le voci,totale,tutte le voci,tutte le voci,TOTALE,TOTALE,3411
017059,Cologne,2021,occupate_e_non_occupate,abitazioni non occupate al 31 dicembre,tutte le voci,totale,tutte le voci,tutte le voci,TOTALE,TOTALE,434
017059,Cologne,2021,occupate_e_non_occupate,abitazioni occupate al 31 dicembre,tutte le voci,totale,tutte le voci,tutte le voci,TOTALE,TOTALE,2977
017059,Cologne,2023,occupate_e_non_occupate,abitazioni al 31 dicembre,tutte le voci,totale,tutte le voci,tutte le voci,TOTALE,TOTALE,3441
017059,Cologne,2023,occupate_e_non_occupate,abitazioni non occupate al 31 dicembre,tutte le voci,totale,tutte le voci,tutte le voci,TOTALE,TOTALE,411
017059,Cologne,2023,occupate_e_non_occupate,abitazioni occupate al 31 dicembre,tutte le voci,totale,tutte le voci,tutte le voci,TOTALE,TOTALE,3030
017059,Cologne,2019,titolo_di_godimento,abitazioni occupate al 31 dicembre,affitto,totale,tutte le voci,tutte le voci,TOTALE,TOTALE,456
017059,Cologne,2019,titolo_di_godimento,abitazioni occupate al 31 dicembre,"altro titolo diverso da proprietà, affitto",totale,tutte le voci,tutte le voci,TOTALE,TOTALE,58
017059,Cologne,2019,titolo_di_godimento,abitazioni occupate al 31 dicembre,proprietà,totale,tutte le voci,tutte le voci,TOTALE,TOTALE,2423
017059,Cologne,2019,titolo_di_godimento,abitazioni occupate al 31 dicembre,tutte le voci,totale,tutte le voci,tutte le voci,TOTALE,TOTALE,2937
017059,Cologne,2021,titolo_di_godimento,abitazioni occupate al 31 dicembre,tutte le voci,totale,tutte le voci,tutte le voci,TOTALE,TOTALE,2977
017059,Cologne,2023,titolo_di_godimento,abitazioni occupate al 31 dicembre,tutte le voci,totale,tutte le voci,tutte le voci,TOTALE,TOTALE,3030
017060,Comezzano-Cizzago,2019,occupate_e_non_occupate,abitazioni al 31 dicembre,tutte le voci,totale,tutte le voci,tutte le voci,TOTALE,TOTALE,1630
017060,Comezzano-Cizzago,2019,occupate_e_non_occupate,abitazioni non occupate al 31 dicembre,tutte le voci,totale,tutte le voci,tutte le voci,TOTALE,TOTALE,222
017060,Comezzano-Cizzago,2019,occupate_e_non_occupate,abitazioni occupate al 31 dicembre,tutte le voci,totale,tutte le voci,tutte le voci,TOTALE,TOTALE,1408
017060,Comezzano-Cizzago,2021,occupate_e_non_occupate,abitazioni al 31 dicembre,tutte le voci,totale,tutte le voci,tutte le voci,TOTALE,TOTALE,1639
017060,Comezzano-Cizzago,2021,occupate_e_non_occupate,abitazioni non occupate al 31 dicembre,tutte le voci,totale,tutte le voci,tutte le voci,TOTALE,TOTALE,203
017060,Comezzano-Cizzago,2021,occupate_e_non_occupate,abitazioni occupate al 31 dicembre,tutte le voci,totale,tutte le voci,tutte le voci,TOTALE,TOTALE,1436
017060,Comezzano-Cizzago,2023,occupate_e_non_occupate,abitazioni al 31 dicembre,tutte le voci,totale,tutte le voci,tutte le voci,TOTALE,TOTALE,1661
017060,Comezzano-Cizzago,2023,occupate_e_non_occupate,abitazioni non occupate al 31 dicembre,tutte le voci,totale,tutte le voci,tutte le voci,TOTALE,TOTALE,167
017060,Comezzano-Cizzago,2023,occupate_e_non_occupate,abitazioni occupate al 31 dicembre,tutte le voci,totale,tutte le voci,tutte le voci,TOTALE,TOTALE,1494
017060,Comezzano-Cizzago,2019,titolo_di_godimento,abitazioni occupate al 31 dicembre,affitto,totale,tutte le voci,tutte le voci,TOTALE,TOTALE,162
017060,Comezzano-Cizzago,2019,titolo_di_godimento,abitazioni occupate al 31 dicembre,"altro titolo diverso da proprietà, affitto",totale,tutte le voci,tutte le voci,TOTALE,TOTALE,55
017060,Comezzano-Cizzago,2019,titolo_di_godimento,abitazioni occupate al 31 dicembre,proprietà,totale,tutte le voci,tutte le voci,TOTALE,TOTALE,1191
017060,Comezzano-Cizzago,2019,titolo_di_godimento,abitazioni occupate al 31 dicembre,tutte le voci,totale,tutte le voci,tutte le voci,TOTALE,TOTALE,1408
017060,Comezzano-Cizzago,2021,titolo_di_godimento,abitazioni occupate al 31 dicembre,tutte le voci,totale,tutte le voci,tutte le voci,TOTALE,TOTALE,1436
017060,Comezzano-Cizzago,2023,titolo_di_godimento,abitazioni occupate al 31 dicembre,tutte le voci,totale,tutte le voci,tutte le voci,TOTALE,TOTALE,1494
017061,Concesio,2019,occupate_e_non_occupate,abitazioni al 31 dicembre,tutte le voci,totale,tutte le voci,tutte le voci,TOTALE,TOTALE,7909
017061,Concesio,2019,occupate_e_non_occupate,abitazioni non occupate al 31 dicembre,tutte le voci,totale,tutte le voci,tutte le voci,TOTALE,TOTALE,1228
017061,Concesio,2019,occupate_e_non_occupate,abitazioni occupate al 31 dicembre,tutte le voci,totale,tutte le voci,tutte le voci,TOTALE,TOTALE,6681
017061,Concesio,2021,occupate_e_non_occupate,abitazioni al 31 dicembre,tutte le voci,totale,tutte le voci,tutte le voci,TOTALE,TOTALE,7937
017061,Concesio,2021,occupate_e_non_occupate,abitazioni non occupate al 31 dicembre,tutte le voci,totale,tutte le voci,tutte le voci,TOTALE,TOTALE,1102
017061,Concesio,2021,occupate_e_non_occupate,abitazioni occupate al 31 dicembre,tutte le voci,totale,tutte le voci,tutte le voci,TOTALE,TOTALE,6835
017061,Concesio,2023,occupate_e_non_occupate,abitazioni al 31 dicembre,tutte le voci,totale,tutte le voci,tutte le voci,TOTALE,TOTALE,8023
017061,Concesio,2023,occupate_e_non_occupate,abitazioni non occupate al 31 dicembre,tutte le voci,totale,tutte le voci,tutte le voci,TOTALE,TOTALE,1092
017061,Concesio,2023,occupate_e_non_occupate,abitazioni occupate al 31 dicembre,tutte le voci,totale,tutte le voci,tutte le voci,TOTALE,TOTALE,6931
017061,Concesio,2019,titolo_di_godimento,abitazioni occupate al 31 dicembre,affitto,totale,tutte le voci,tutte le voci,TOTALE,TOTALE,1183
017061,Concesio,2019,titolo_di_godimento,abitazioni occupate al 31 dicembre,"altro titolo diverso da proprietà, affitto",totale,tutte le voci,tutte le voci,TOTALE,TOTALE,674
017061,Concesio,2019,titolo_di_godimento,abitazioni occupate al 31 dicembre,proprietà,totale,tutte le voci,tutte le voci,TOTALE,TOTALE,4825
017061,Concesio,2019,titolo_di_godimento,abitazioni occupate al 31 dicembre,tutte le voci,totale,tutte le voci,tutte le voci,TOTALE,TOTALE,6681
017061,Concesio,2021,titolo_di_godimento,abitazioni occupate al 31 dicembre,tutte le voci,totale,tutte le voci,tutte le voci,TOTALE,TOTALE,6835
017061,Concesio,2023,titolo_di_godimento,abitazioni occupate al 31 dicembre,tutte le voci,totale,tutte le voci,tutte le voci,TOTALE,TOTALE,6931
017062,Corte Franca,2019,occupate_e_non_occupate,abitazioni al 31 dicembre,tutte le voci,totale,tutte le voci,tutte le voci,TOTALE,TOTALE,3551
017062,Corte Franca,2019,occupate_e_non_occupate,abitazioni non occupate al 31 dicembre,tutte le voci,totale,tutte le voci,tutte le voci,TOTALE,TOTALE,606
017062,Corte Franca,2019,occupate_e_non_occupate,abitazioni occupate al 31 dicembre,tutte le voci,totale,tutte le voci,tutte le voci,TOTALE,TOTALE,2945
017062,Corte Franca,2021,occupate_e_non_occupate,abitazioni al 31 dicembre,tutte le voci,totale,tutte le voci,tutte le voci,TOTALE,TOTALE,3563
017062,Corte Franca,2021,occupate_e_non_occupate,abitazioni non occupate al 31 dicembre,tutte le voci,totale,tutte le voci,tutte le voci,TOTALE,TOTALE,594
017062,Corte Franca,2021,occupate_e_non_occupate,abitazioni occupate al 31 dicembre,tutte le voci,totale,tutte le voci,tutte le voci,TOTALE,TOTALE,2969
017062,Corte Franca,2023,occupate_e_non_occupate,abitazioni al 31 dicembre,tutte le voci,totale,tutte le voci,tutte le voci,TOTALE,TOTALE,3650
017062,Corte Franca,2023,occupate_e_non_occupate,abitazioni non occupate al 31 dicembre,tutte le voci,totale,tutte le voci,tutte le voci,TOTALE,TOTALE,650
017062,Corte Franca,2023,occupate_e_non_occupate,abitazioni occupate al 31 dicembre,tutte le voci,totale,tutte le voci,tutte le voci,TOTALE,TOTALE,3000
017062,Corte Franca,2019,titolo_di_godimento,abitazioni occupate al 31 dicembre,affitto,totale,tutte le voci,tutte le voci,TOTALE,TOTALE,448
017062,Corte Franca,2019,titolo_di_godimento,abitazioni occupate al 31 dicembre,"altro titolo diverso da proprietà, affitto",totale,tutte le voci,tutte le voci,TOTALE,TOTALE,378
017062,Corte Franca,2019,titolo_di_godimento,abitazioni occupate al 31 dicembre,proprietà,totale,tutte le voci,tutte le voci,TOTALE,TOTALE,2119
017062,Corte Franca,2019,titolo_di_godimento,abitazioni occupate al 31 dicembre,tutte le voci,totale,tutte le voci,tutte le voci,TOTALE,TOTALE,2945
017062,Corte Franca,2021,titolo_di_godimento,abitazioni occupate al 31 dicembre,tutte le voci,totale,tutte le voci,tutte le voci,TOTALE,TOTALE,2969
017062,Corte Franca,2023,titolo_di_godimento,abitazioni occupate al 31 dicembre,tutte le voci,totale,tutte le voci,tutte le voci,TOTALE,TOTALE,3000
017063,Corteno Golgi,2019,occupate_e_non_occupate,abitazioni al 31 dicembre,tutte le voci,totale,tutte le voci,tutte le voci,TOTALE,TOTALE,5592
017063,Corteno Golgi,2019,occupate_e_non_occupate,abitazioni non occupate al 31 dicembre,tutte le voci,totale,tutte le voci,tutte le voci,TOTALE,TOTALE,4712
017063,Corteno Golgi,2019,occupate_e_non_occupate,abitazioni occupate al 31 dicembre,tutte le voci,totale,tutte le voci,tutte le voci,TOTALE,TOTALE,880
017063,Corteno Golgi,2021,occupate_e_non_occupate,abitazioni al 31 dicembre,tutte le voci,totale,tutte le voci,tutte le voci,TOTALE,TOTALE,5614
017063,Corteno Golgi,2021,occupate_e_non_occupate,abitazioni non occupate al 31 dicembre,tutte le voci,totale,tutte le voci,tutte le voci,TOTALE,TOTALE,4732
017063,Corteno Golgi,2021,occupate_e_non_occupate,abitazioni occupate al 31 dicembre,tutte le voci,totale,tutte le voci,tutte le voci,TOTALE,TOTALE,882
017063,Corteno Golgi,2023,occupate_e_non_occupate,abitazioni al 31 dicembre,tutte le voci,totale,tutte le voci,tutte le voci,TOTALE,TOTALE,5660
017063,Corteno Golgi,2023,occupate_e_non_occupate,abitazioni non occupate al 31 dicembre,tutte le voci,totale,tutte le voci,tutte le voci,TOTALE,TOTALE,4749
017063,Corteno Golgi,2023,occupate_e_non_occupate,abitazioni occupate al 31 dicembre,tutte le voci,totale,tutte le voci,tutte le voci,TOTALE,TOTALE,911
017063,Corteno Golgi,2019,titolo_di_godimento,abitazioni occupate al 31 dicembre,affitto,totale,tutte le voci,tutte le voci,TOTALE,TOTALE,46
017063,Corteno Golgi,2019,titolo_di_godimento,abitazioni occupate al 31 dicembre,"altro titolo diverso da proprietà, affitto",totale,tutte le voci,tutte le voci,TOTALE,TOTALE,83
017063,Corteno Golgi,2019,titolo_di_godimento,abitazioni occupate al 31 dicembre,proprietà,totale,tutte le voci,tutte le voci,TOTALE,TOTALE,751
017063,Corteno Golgi,2019,titolo_di_godimento,abitazioni occupate al 31 dicembre,tutte le voci,totale,tutte le voci,tutte le voci,TOTALE,TOTALE,880
017063,Corteno Golgi,2021,titolo_di_godimento,abitazioni occupate al 31 dicembre,tutte le voci,totale,tutte le voci,tutte le voci,TOTALE,TOTALE,882
017063,Corteno Golgi,2023,titolo_di_godimento,abitazioni occupate al 31 dicembre,tutte le voci,totale,tutte le voci,tutte le voci,TOTALE,TOTALE,911
017064,Corzano,2019,occupate_e_non_occupate,abitazioni al 31 dicembre,tutte le voci,totale,tutte le voci,tutte le voci,TOTALE,TOTALE,670
017064,Corzano,2019,occupate_e_non_occupate,abitazioni non occupate al 31 dicembre,tutte le voci,totale,tutte le voci,tutte le voci,TOTALE,TOTALE,122
017064,Corzano,2019,occupate_e_non_occupate,abitazioni occupate al 31 dicembre,tutte le voci,totale,tutte le voci,tutte le voci,TOTALE,TOTALE,548
017064,Corzano,2021,occupate_e_non_occupate,abitazioni al 31 dicembre,tutte le voci,totale,tutte le voci,tutte le voci,TOTALE,TOTALE,670
017064,Corzano,2021,occupate_e_non_occupate,abitazioni non occupate al 31 dicembre,tutte le voci,totale,tutte le voci,tutte le voci,TOTALE,TOTALE,107
017064,Corzano,2021,occupate_e_non_occupate,abitazioni occupate al 31 dicembre,tutte le voci,totale,tutte le voci,tutte le voci,TOTALE,TOTALE,563
017064,Corzano,2023,occupate_e_non_occupate,abitazioni al 31 dicembre,tutte le voci,totale,tutte le voci,tutte le voci,TOTALE,TOTALE,696
017064,Corzano,2023,occupate_e_non_occupate,abitazioni non occupate al 31 dicembre,tutte le voci,totale,tutte le voci,tutte le voci,TOTALE,TOTALE,111
017064,Corzano,2023,occupate_e_non_occupate,abitazioni occupate al 31 dicembre,tutte le voci,totale,tutte le voci,tutte le voci,TOTALE,TOTALE,585
017064,Corzano,2019,titolo_di_godimento,abitazioni occupate al 31 dicembre,affitto,totale,tutte le voci,tutte le voci,TOTALE,TOTALE,44
017064,Corzano,2019,titolo_di_godimento,abitazioni occupate al 31 dicembre,"altro titolo diverso da proprietà, affitto",totale,tutte le voci,tutte le voci,TOTALE,TOTALE,14
017064,Corzano,2019,titolo_di_godimento,abitazioni occupate al 31 dicembre,proprietà,totale,tutte le voci,tutte le voci,TOTALE,TOTALE,490
017064,Corzano,2019,titolo_di_godimento,abitazioni occupate al 31 dicembre,tutte le voci,totale,tutte le voci,tutte le voci,TOTALE,TOTALE,548
017064,Corzano,2021,titolo_di_godimento,abitazioni occupate al 31 dicembre,tutte le voci,totale,tutte le voci,tutte le voci,TOTALE,TOTALE,563
017064,Corzano,2023,titolo_di_godimento,abitazioni occupate al 31 dicembre,tutte le voci,totale,tutte le voci,tutte le voci,TOTALE,TOTALE,585
017065,Darfo Boario Terme,2019,occupate_e_non_occupate,abitazioni al 31 dicembre,tutte le voci,totale,tutte le voci,tutte le voci,TOTALE,TOTALE,8610
017065,Darfo Boario Terme,2019,occupate_e_non_occupate,abitazioni non occupate al 31 dicembre,tutte le voci,totale,tutte le voci,tutte le voci,TOTALE,TOTALE,1933
017065,Darfo Boario Terme,2019,occupate_e_non_occupate,abitazioni occupate al 31 dicembre,tutte le voci,totale,tutte le voci,tutte le voci,TOTALE,TOTALE,6677
017065,Darfo Boario Terme,2021,occupate_e_non_occupate,abitazioni al 31 dicembre,tutte le voci,totale,tutte le voci,tutte le voci,TOTALE,TOTALE,8657
017065,Darfo Boario Terme,2021,occupate_e_non_occupate,abitazioni non occupate al 31 dicembre,tutte le voci,totale,tutte le voci,tutte le voci,TOTALE,TOTALE,2023
017065,Darfo Boario Terme,2021,occupate_e_non_occupate,abitazioni occupate al 31 dicembre,tutte le voci,totale,tutte le voci,tutte le voci,TOTALE,TOTALE,6634
017065,Darfo Boario Terme,2023,occupate_e_non_occupate,abitazioni al 31 dicembre,tutte le voci,totale,tutte le voci,tutte le voci,TOTALE,TOTALE,8776
017065,Darfo Boario Terme,2023,occupate_e_non_occupate,abitazioni non occupate al 31 dicembre,tutte le voci,totale,tutte le voci,tutte le voci,TOTALE,TOTALE,2012
017065,Darfo Boario Terme,2023,occupate_e_non_occupate,abitazioni occupate al 31 dicembre,tutte le voci,totale,tutte le voci,tutte le voci,TOTALE,TOTALE,6764
017065,Darfo Boario Terme,2019,titolo_di_godimento,abitazioni occupate al 31 dicembre,affitto,totale,tutte le voci,tutte le voci,TOTALE,TOTALE,1274
017065,Darfo Boario Terme,2019,titolo_di_godimento,abitazioni occupate al 31 dicembre,"altro titolo diverso da proprietà, affitto",totale,tutte le voci,tutte le voci,TOTALE,TOTALE,415
017065,Darfo Boario Terme,2019,titolo_di_godimento,abitazioni occupate al 31 dicembre,proprietà,totale,tutte le voci,tutte le voci,TOTALE,TOTALE,4988
017065,Darfo Boario Terme,2019,titolo_di_godimento,abitazioni occupate al 31 dicembre,tutte le voci,totale,tutte le voci,tutte le voci,TOTALE,TOTALE,6677
017065,Darfo Boario Terme,2021,titolo_di_godimento,abitazioni occupate al 31 dicembre,tutte le voci,totale,tutte le voci,tutte le voci,TOTALE,TOTALE,6634
017065,Darfo Boario Terme,2023,titolo_di_godimento,abitazioni occupate al 31 dicembre,tutte le voci,totale,tutte le voci,tutte le voci,TOTALE,TOTALE,6764
017066,Dello,2019,occupate_e_non_occupate,abitazioni al 31 dicembre,tutte le voci,totale,tutte le voci,tutte le voci,TOTALE,TOTALE,2716
017066,Dello,2019,occupate_e_non_occupate,abitazioni non occupate al 31 dicembre,tutte le voci,totale,tutte le voci,tutte le voci,TOTALE,TOTALE,474
017066,Dello,2019,occupate_e_non_occupate,abitazioni occupate al 31 dicembre,tutte le voci,totale,tutte le voci,tutte le voci,TOTALE,TOTALE,2242
017066,Dello,2021,occupate_e_non_occupate,abitazioni al 31 dicembre,tutte le voci,totale,tutte le voci,tutte le voci,TOTALE,TOTALE,2731
017066,Dello,2021,occupate_e_non_occupate,abitazioni non occupate al 31 dicembre,tutte le voci,totale,tutte le voci,tutte le voci,TOTALE,TOTALE,461
017066,Dello,2021,occupate_e_non_occupate,abitazioni occupate al 31 dicembre,tutte le voci,totale,tutte le voci,tutte le voci,TOTALE,TOTALE,2270
017066,Dello,2023,occupate_e_non_occupate,abitazioni al 31 dicembre,tutte le voci,totale,tutte le voci,tutte le voci,TOTALE,TOTALE,2749
017066,Dello,2023,occupate_e_non_occupate,abitazioni non occupate al 31 dicembre,tutte le voci,totale,tutte le voci,tutte le voci,TOTALE,TOTALE,431
017066,Dello,2023,occupate_e_non_occupate,abitazioni occupate al 31 dicembre,tutte le voci,totale,tutte le voci,tutte le voci,TOTALE,TOTALE,2318
017066,Dello,2019,titolo_di_godimento,abitazioni occupate al 31 dicembre,affitto,totale,tutte le voci,tutte le voci,TOTALE,TOTALE,254
017066,Dello,2019,titolo_di_godimento,abitazioni occupate al 31 dicembre,"altro titolo diverso da proprietà, affitto",totale,tutte le voci,tutte le voci,TOTALE,TOTALE,113
017066,Dello,2019,titolo_di_godimento,abitazioni occupate al 31 dicembre,proprietà,totale,tutte le voci,tutte le voci,TOTALE,TOTALE,1875
017066,Dello,2019,titolo_di_godimento,abitazioni occupate al 31 dicembre,tutte le voci,totale,tutte le voci,tutte le voci,TOTALE,TOTALE,2242
017066,Dello,2021,titolo_di_godimento,abitazioni occupate al 31 dicembre,tutte le voci,totale,tutte le voci,tutte le voci,TOTALE,TOTALE,2270
017066,Dello,2023,titolo_di_godimento,abitazioni occupate al 31 dicembre,tutte le voci,totale,tutte le voci,tutte le voci,TOTALE,TOTALE,2318
017067,Desenzano del Garda,2019,occupate_e_non_occupate,abitazioni al 31 dicembre,tutte le voci,totale,tutte le voci,tutte le voci,TOTALE,TOTALE,19263
017067,Desenzano del Garda,2019,occupate_e_non_occupate,abitazioni non occupate al 31 dicembre,tutte le voci,totale,tutte le voci,tutte le voci,TOTALE,TOTALE,5749
017067,Desenzano del Garda,2019,occupate_e_non_occupate,abitazioni occupate al 31 dicembre,tutte le voci,totale,tutte le voci,tutte le voci,TOTALE,TOTALE,13514
017067,Desenzano del Garda,2021,occupate_e_non_occupate,abitazioni al 31 dicembre,tutte le voci,totale,tutte le voci,tutte le voci,TOTALE,TOTALE,19349
017067,Desenzano del Garda,2021,occupate_e_non_occupate,abitazioni non occupate al 31 dicembre,tutte le voci,totale,tutte le voci,tutte le voci,TOTALE,TOTALE,5759
017067,Desenzano del Garda,2021,occupate_e_non_occupate,abitazioni occupate al 31 dicembre,tutte le voci,totale,tutte le voci,tutte le voci,TOTALE,TOTALE,13590
017067,Desenzano del Garda,2023,occupate_e_non_occupate,abitazioni al 31 dicembre,tutte le voci,totale,tutte le voci,tutte le voci,TOTALE,TOTALE,19842
017067,Desenzano del Garda,2023,occupate_e_non_occupate,abitazioni non occupate al 31 dicembre,tutte le voci,totale,tutte le voci,tutte le voci,TOTALE,TOTALE,6056
017067,Desenzano del Garda,2023,occupate_e_non_occupate,abitazioni occupate al 31 dicembre,tutte le voci,totale,tutte le voci,tutte le voci,TOTALE,TOTALE,13786
017067,Desenzano del Garda,2019,titolo_di_godimento,abitazioni occupate al 31 dicembre,affitto,totale,tutte le voci,tutte le voci,TOTALE,TOTALE,3029
017067,Desenzano del Garda,2019,titolo_di_godimento,abitazioni occupate al 31 dicembre,"altro titolo diverso da proprietà, affitto",totale,tutte le voci,tutte le voci,TOTALE,TOTALE,770
017067,Desenzano del Garda,2019,titolo_di_godimento,abitazioni occupate al 31 dicembre,proprietà,totale,tutte le voci,tutte le voci,TOTALE,TOTALE,9715
017067,Desenzano del Garda,2019,titolo_di_godimento,abitazioni occupate al 31 dicembre,tutte le voci,totale,tutte le voci,tutte le voci,TOTALE,TOTALE,13514
017067,Desenzano del Garda,2021,titolo_di_godimento,abitazioni occupate al 31 dicembre,tutte le voci,totale,tutte le voci,tutte le voci,TOTALE,TOTALE,13590
017067,Desenzano del Garda,2023,titolo_di_godimento,abitazioni occupate al 31 dicembre,tutte le voci,totale,tutte le voci,tutte le voci,TOTALE,TOTALE,13786
017068,Edolo,2019,occupate_e_non_occupate,abitazioni al 31 dicembre,tutte le voci,totale,tutte le voci,tutte le voci,TOTALE,TOTALE,4426
017068,Edolo,2019,occupate_e_non_occupate,abitazioni non occupate al 31 dicembre,tutte le voci,totale,tutte le voci,tutte le voci,TOTALE,TOTALE,2379
017068,Edolo,2019,occupate_e_non_occupate,abitazioni occupate al 31 dicembre,tutte le voci,totale,tutte le voci,tutte le voci,TOTALE,TOTALE,2047
017068,Edolo,2021,occupate_e_non_occupate,abitazioni al 31 dicembre,tutte le voci,totale,tutte le voci,tutte le voci,TOTALE,TOTALE,4433
017068,Edolo,2021,occupate_e_non_occupate,abitazioni non occupate al 31 dicembre,tutte le voci,totale,tutte le voci,tutte le voci,TOTALE,TOTALE,2387
017068,Edolo,2021,occupate_e_non_occupate,abitazioni occupate al 31 dicembre,tutte le voci,totale,tutte le voci,tutte le voci,TOTALE,TOTALE,2046
017068,Edolo,2023,occupate_e_non_occupate,abitazioni al 31 dicembre,tutte le voci,totale,tutte le voci,tutte le voci,TOTALE,TOTALE,4446
017068,Edolo,2023,occupate_e_non_occupate,abitazioni non occupate al 31 dicembre,tutte le voci,totale,tutte le voci,tutte le voci,TOTALE,TOTALE,2404
017068,Edolo,2023,occupate_e_non_occupate,abitazioni occupate al 31 dicembre,tutte le voci,totale,tutte le voci,tutte le voci,TOTALE,TOTALE,2042
017068,Edolo,2019,titolo_di_godimento,abitazioni occupate al 31 dicembre,affitto,totale,tutte le voci,tutte le voci,TOTALE,TOTALE,250
017068,Edolo,2019,titolo_di_godimento,abitazioni occupate al 31 dicembre,"altro titolo diverso da proprietà, affitto",totale,tutte le voci,tutte le voci,TOTALE,TOTALE,105
017068,Edolo,2019,titolo_di_godimento,abitazioni occupate al 31 dicembre,proprietà,totale,tutte le voci,tutte le voci,TOTALE,TOTALE,1692
017068,Edolo,2019,titolo_di_godimento,abitazioni occupate al 31 dicembre,tutte le voci,totale,tutte le voci,tutte le voci,TOTALE,TOTALE,2047
017068,Edolo,2021,titolo_di_godimento,abitazioni occupate al 31 dicembre,tutte le voci,totale,tutte le voci,tutte le voci,TOTALE,TOTALE,2046
017068,Edolo,2023,titolo_di_godimento,abitazioni occupate al 31 dicembre,tutte le voci,totale,tutte le voci,tutte le voci,TOTALE,TOTALE,2042
017069,Erbusco,2019,occupate_e_non_occupate,abitazioni al 31 dicembre,tutte le voci,totale,tutte le voci,tutte le voci,TOTALE,TOTALE,4141
017069,Erbusco,2019,occupate_e_non_occupate,abitazioni non occupate al 31 dicembre,tutte le voci,totale,tutte le voci,tutte le voci,TOTALE,TOTALE,686
017069,Erbusco,2019,occupate_e_non_occupate,abitazioni occupate al 31 dicembre,tutte le voci,totale,tutte le voci,tutte le voci,TOTALE,TOTALE,3455
017069,Erbusco,2021,occupate_e_non_occupate,abitazioni al 31 dicembre,tutte le voci,totale,tutte le voci,tutte le voci,TOTALE,TOTALE,4148
017069,Erbusco,2021,occupate_e_non_occupate,abitazioni non occupate al 31 dicembre,tutte le voci,totale,tutte le voci,tutte le voci,TOTALE,TOTALE,626
017069,Erbusco,2021,occupate_e_non_occupate,abitazioni occupate al 31 dicembre,tutte le voci,totale,tutte le voci,tutte le voci,TOTALE,TOTALE,3522
017069,Erbusco,2023,occupate_e_non_occupate,abitazioni al 31 dicembre,tutte le voci,totale,tutte le voci,tutte le voci,TOTALE,TOTALE,4227
017069,Erbusco,2023,occupate_e_non_occupate,abitazioni non occupate al 31 dicembre,tutte le voci,totale,tutte le voci,tutte le voci,TOTALE,TOTALE,643
017069,Erbusco,2023,occupate_e_non_occupate,abitazioni occupate al 31 dicembre,tutte le voci,totale,tutte le voci,tutte le voci,TOTALE,TOTALE,3584
017069,Erbusco,2019,titolo_di_godimento,abitazioni occupate al 31 dicembre,affitto,totale,tutte le voci,tutte le voci,TOTALE,TOTALE,493
017069,Erbusco,2019,titolo_di_godimento,abitazioni occupate al 31 dicembre,"altro titolo diverso da proprietà, affitto",totale,tutte le voci,tutte le voci,TOTALE,TOTALE,399
017069,Erbusco,2019,titolo_di_godimento,abitazioni occupate al 31 dicembre,proprietà,totale,tutte le voci,tutte le voci,TOTALE,TOTALE,2563
017069,Erbusco,2019,titolo_di_godimento,abitazioni occupate al 31 dicembre,tutte le voci,totale,tutte le voci,tutte le voci,TOTALE,TOTALE,3455
017069,Erbusco,2021,titolo_di_godimento,abitazioni occupate al 31 dicembre,tutte le voci,totale,tutte le voci,tutte le voci,TOTALE,TOTALE,3522
017069,Erbusco,2023,titolo_di_godimento,abitazioni occupate al 31 dicembre,tutte le voci,totale,tutte le voci,tutte le voci,TOTALE,TOTALE,3584
017070,Esine,2019,occupate_e_non_occupate,abitazioni al 31 dicembre,tutte le voci,totale,tutte le voci,tutte le voci,TOTALE,TOTALE,2986
017070,Esine,2019,occupate_e_non_occupate,abitazioni non occupate al 31 dicembre,tutte le voci,totale,tutte le voci,tutte le voci,TOTALE,TOTALE,766
017070,Esine,2019,occupate_e_non_occupate,abitazioni occupate al 31 dicembre,tutte le voci,totale,tutte le voci,tutte le voci,TOTALE,TOTALE,2220
017070,Esine,2021,occupate_e_non_occupate,abitazioni al 31 dicembre,tutte le voci,totale,tutte le voci,tutte le voci,TOTALE,TOTALE,3000
017070,Esine,2021,occupate_e_non_occupate,abitazioni non occupate al 31 dicembre,tutte le voci,totale,tutte le voci,tutte le voci,TOTALE,TOTALE,794
017070,Esine,2021,occupate_e_non_occupate,abitazioni occupate al 31 dicembre,tutte le voci,totale,tutte le voci,tutte le voci,TOTALE,TOTALE,2206
017070,Esine,2023,occupate_e_non_occupate,abitazioni al 31 dicembre,tutte le voci,totale,tutte le voci,tutte le voci,TOTALE,TOTALE,3035
017070,Esine,2023,occupate_e_non_occupate,abitazioni non occupate al 31 dicembre,tutte le voci,totale,tutte le voci,tutte le voci,TOTALE,TOTALE,828
017070,Esine,2023,occupate_e_non_occupate,abitazioni occupate al 31 dicembre,tutte le voci,totale,tutte le voci,tutte le voci,TOTALE,TOTALE,2207
017070,Esine,2019,titolo_di_godimento,abitazioni occupate al 31 dicembre,affitto,totale,tutte le voci,tutte le voci,TOTALE,TOTALE,373
017070,Esine,2019,titolo_di_godimento,abitazioni occupate al 31 dicembre,"altro titolo diverso da proprietà, affitto",totale,tutte le voci,tutte le voci,TOTALE,TOTALE,157
017070,Esine,2019,titolo_di_godimento,abitazioni occupate al 31 dicembre,proprietà,totale,tutte le voci,tutte le voci,TOTALE,TOTALE,1690
017070,Esine,2019,titolo_di_godimento,abitazioni occupate al 31 dicembre,tutte le voci,totale,tutte le voci,tutte le voci,TOTALE,TOTALE,2220
017070,Esine,2021,titolo_di_godimento,abitazioni occupate al 31 dicembre,tutte le voci,totale,tutte le voci,tutte le voci,TOTALE,TOTALE,2206
017070,Esine,2023,titolo_di_godimento,abitazioni occupate al 31 dicembre,tutte le voci,totale,tutte le voci,tutte le voci,TOTALE,TOTALE,2207
017071,Fiesse,2019,occupate_e_non_occupate,abitazioni al 31 dicembre,tutte le voci,totale,tutte le voci,tutte le voci,TOTALE,TOTALE,1007
017071,Fiesse,2019,occupate_e_non_occupate,abitazioni non occupate al 31 dicembre,tutte le voci,totale,tutte le voci,tutte le voci,TOTALE,TOTALE,223
017071,Fiesse,2019,occupate_e_non_occupate,abitazioni occupate al 31 dicembre,tutte le voci,totale,tutte le voci,tutte le voci,TOTALE,TOTALE,784
017071,Fiesse,2021,occupate_e_non_occupate,abitazioni al 31 dicembre,tutte le voci,totale,tutte le voci,tutte le voci,TOTALE,TOTALE,1007
017071,Fiesse,2021,occupate_e_non_occupate,abitazioni non occupate al 31 dicembre,tutte le voci,totale,tutte le voci,tutte le voci,TOTALE,TOTALE,232
017071,Fiesse,2021,occupate_e_non_occupate,abitazioni occupate al 31 dicembre,tutte le voci,totale,tutte le voci,tutte le voci,TOTALE,TOTALE,775
017071,Fiesse,2023,occupate_e_non_occupate,abitazioni al 31 dicembre,tutte le voci,totale,tutte le voci,tutte le voci,TOTALE,TOTALE,1014
017071,Fiesse,2023,occupate_e_non_occupate,abitazioni non occupate al 31 dicembre,tutte le voci,totale,tutte le voci,tutte le voci,TOTALE,TOTALE,222
017071,Fiesse,2023,occupate_e_non_occupate,abitazioni occupate al 31 dicembre,tutte le voci,totale,tutte le voci,tutte le voci,TOTALE,TOTALE,792
017071,Fiesse,2019,titolo_di_godimento,abitazioni occupate al 31 dicembre,affitto,totale,tutte le voci,tutte le voci,TOTALE,TOTALE,76
017071,Fiesse,2019,titolo_di_godimento,abitazioni occupate al 31 dicembre,"altro titolo diverso da proprietà, affitto",totale,tutte le voci,tutte le voci,TOTALE,TOTALE,48
017071,Fiesse,2019,titolo_di_godimento,abitazioni occupate al 31 dicembre,proprietà,totale,tutte le voci,tutte le voci,TOTALE,TOTALE,659
017071,Fiesse,2019,titolo_di_godimento,abitazioni occupate al 31 dicembre,tutte le voci,totale,tutte le voci,tutte le voci,TOTALE,TOTALE,784
017071,Fiesse,2021,titolo_di_godimento,abitazioni occupate al 31 dicembre,tutte le voci,totale,tutte le voci,tutte le voci,TOTALE,TOTALE,775
017071,Fiesse,2023,titolo_di_godimento,abitazioni occupate al 31 dicembre,tutte le voci,totale,tutte le voci,tutte le voci,TOTALE,TOTALE,792
017072,Flero,2019,occupate_e_non_occupate,abitazioni al 31 dicembre,tutte le voci,totale,tutte le voci,tutte le voci,TOTALE,TOTALE,4049
017072,Flero,2019,occupate_e_non_occupate,abitazioni non occupate al 31 dicembre,tutte le voci,totale,tutte le voci,tutte le voci,TOTALE,TOTALE,337
017072,Flero,2019,occupate_e_non_occupate,abitazioni occupate al 31 dicembre,tutte le voci,totale,tutte le voci,tutte le voci,TOTALE,TOTALE,3712
017072,Flero,2021,occupate_e_non_occupate,abitazioni al 31 dicembre,tutte le voci,totale,tutte le voci,tutte le voci,TOTALE,TOTALE,4042
017072,Flero,2021,occupate_e_non_occupate,abitazioni non occupate al 31 dicembre,tutte le voci,totale,tutte le voci,tutte le voci,TOTALE,TOTALE,305
017072,Flero,2021,occupate_e_non_occupate,abitazioni occupate al 31 dicembre,tutte le voci,totale,tutte le voci,tutte le voci,TOTALE,TOTALE,3737
017072,Flero,2023,occupate_e_non_occupate,abitazioni al 31 dicembre,tutte le voci,totale,tutte le voci,tutte le voci,TOTALE,TOTALE,4068
017072,Flero,2023,occupate_e_non_occupate,abitazioni non occupate al 31 dicembre,tutte le voci,totale,tutte le voci,tutte le voci,TOTALE,TOTALE,304
017072,Flero,2023,occupate_e_non_occupate,abitazioni occupate al 31 dicembre,tutte le voci,totale,tutte le voci,tutte le voci,TOTALE,TOTALE,3764
017072,Flero,2019,titolo_di_godimento,abitazioni occupate al 31 dicembre,affitto,totale,tutte le voci,tutte le voci,TOTALE,TOTALE,532
017072,Flero,2019,titolo_di_godimento,abitazioni occupate al 31 dicembre,"altro titolo diverso da proprietà, affitto",totale,tutte le voci,tutte le voci,TOTALE,TOTALE,190
017072,Flero,2019,titolo_di_godimento,abitazioni occupate al 31 dicembre,proprietà,totale,tutte le voci,tutte le voci,TOTALE,TOTALE,2990
017072,Flero,2019,titolo_di_godimento,abitazioni occupate al 31 dicembre,tutte le voci,totale,tutte le voci,tutte le voci,TOTALE,TOTALE,3712
017072,Flero,2021,titolo_di_godimento,abitazioni occupate al 31 dicembre,tutte le voci,totale,tutte le voci,tutte le voci,TOTALE,TOTALE,3737
017072,Flero,2023,titolo_di_godimento,abitazioni occupate al 31 dicembre,tutte le voci,totale,tutte le voci,tutte le voci,TOTALE,TOTALE,3764
017073,Gambara,2019,occupate_e_non_occupate,abitazioni al 31 dicembre,tutte le voci,totale,tutte le voci,tutte le voci,TOTALE,TOTALE,2218
017073,Gambara,2019,occupate_e_non_occupate,abitazioni non occupate al 31 dicembre,tutte le voci,totale,tutte le voci,tutte le voci,TOTALE,TOTALE,437
017073,Gambara,2019,occupate_e_non_occupate,abitazioni occupate al 31 dicembre,tutte le voci,totale,tutte le voci,tutte le voci,TOTALE,TOTALE,1781
017073,Gambara,2021,occupate_e_non_occupate,abitazioni al 31 dicembre,tutte le voci,totale,tutte le voci,tutte le voci,TOTALE,TOTALE,2227
017073,Gambara,2021,occupate_e_non_occupate,abitazioni non occupate al 31 dicembre,tutte le voci,totale,tutte le voci,tutte le voci,TOTALE,TOTALE,421
017073,Gambara,2021,occupate_e_non_occupate,abitazioni occupate al 31 dicembre,tutte le voci,totale,tutte le voci,tutte le voci,TOTALE,TOTALE,1806
017073,Gambara,2023,occupate_e_non_occupate,abitazioni al 31 dicembre,tutte le voci,totale,tutte le voci,tutte le voci,TOTALE,TOTALE,2246
017073,Gambara,2023,occupate_e_non_occupate,abitazioni non occupate al 31 dicembre,tutte le voci,totale,tutte le voci,tutte le voci,TOTALE,TOTALE,408
017073,Gambara,2023,occupate_e_non_occupate,abitazioni occupate al 31 dicembre,tutte le voci,totale,tutte le voci,tutte le voci,TOTALE,TOTALE,1838
017073,Gambara,2019,titolo_di_godimento,abitazioni occupate al 31 dicembre,affitto,totale,tutte le voci,tutte le voci,TOTALE,TOTALE,317
017073,Gambara,2019,titolo_di_godimento,abitazioni occupate al 31 dicembre,"altro titolo diverso da proprietà, affitto",totale,tutte le voci,tutte le voci,TOTALE,TOTALE,232
017073,Gambara,2019,titolo_di_godimento,abitazioni occupate al 31 dicembre,proprietà,totale,tutte le voci,tutte le voci,TOTALE,TOTALE,1232
017073,Gambara,2019,titolo_di_godimento,abitazioni occupate al 31 dicembre,tutte le voci,totale,tutte le voci,tutte le voci,TOTALE,TOTALE,1781
017073,Gambara,2021,titolo_di_godimento,abitazioni occupate al 31 dicembre,tutte le voci,totale,tutte le voci,tutte le voci,TOTALE,TOTALE,1806
017073,Gambara,2023,titolo_di_godimento,abitazioni occupate al 31 dicembre,tutte le voci,totale,tutte le voci,tutte le voci,TOTALE,TOTALE,1838
017074,Gardone Riviera,2019,occupate_e_non_occupate,abitazioni al 31 dicembre,tutte le voci,totale,tutte le voci,tutte le voci,TOTALE,TOTALE,2973
017074,Gardone Riviera,2019,occupate_e_non_occupate,abitazioni non occupate al 31 dicembre,tutte le voci,totale,tutte le voci,tutte le voci,TOTALE,TOTALE,1652
017074,Gardone Riviera,2019,occupate_e_non_occupate,abitazioni occupate al 31 dicembre,tutte le voci,totale,tutte le voci,tutte le voci,TOTALE,TOTALE,1321
017074,Gardone Riviera,2021,occupate_e_non_occupate,abitazioni al 31 dicembre,tutte le voci,totale,tutte le voci,tutte le voci,TOTALE,TOTALE,2964
017074,Gardone Riviera,2021,occupate_e_non_occupate,abitazioni non occupate al 31 dicembre,tutte le voci,totale,tutte le voci,tutte le voci,TOTALE,TOTALE,1658
017074,Gardone Riviera,2021,occupate_e_non_occupate,abitazioni occupate al 31 dicembre,tutte le voci,totale,tutte le voci,tutte le voci,TOTALE,TOTALE,1306
017074,Gardone Riviera,2023,occupate_e_non_occupate,abitazioni al 31 dicembre,tutte le voci,totale,tutte le voci,tutte le voci,TOTALE,TOTALE,2974
017074,Gardone Riviera,2023,occupate_e_non_occupate,abitazioni non occupate al 31 dicembre,tutte le voci,totale,tutte le voci,tutte le voci,TOTALE,TOTALE,1656
017074,Gardone Riviera,2023,occupate_e_non_occupate,abitazioni occupate al 31 dicembre,tutte le voci,totale,tutte le voci,tutte le voci,TOTALE,TOTALE,1318
017074,Gardone Riviera,2019,titolo_di_godimento,abitazioni occupate al 31 dicembre,affitto,totale,tutte le voci,tutte le voci,TOTALE,TOTALE,190
017074,Gardone Riviera,2019,titolo_di_godimento,abitazioni occupate al 31 dicembre,"altro titolo diverso da proprietà, affitto",totale,tutte le voci,tutte le voci,TOTALE,TOTALE,217
017074,Gardone Riviera,2019,titolo_di_godimento,abitazioni occupate al 31 dicembre,proprietà,totale,tutte le voci,tutte le voci,TOTALE,TOTALE,914
017074,Gardone Riviera,2019,titolo_di_godimento,abitazioni occupate al 31 dicembre,tutte le voci,totale,tutte le voci,tutte le voci,TOTALE,TOTALE,1321
017074,Gardone Riviera,2021,titolo_di_godimento,abitazioni occupate al 31 dicembre,tutte le voci,totale,tutte le voci,tutte le voci,TOTALE,TOTALE,1306
017074,Gardone Riviera,2023,titolo_di_godimento,abitazioni occupate al 31 dicembre,tutte le voci,totale,tutte le voci,tutte le voci,TOTALE,TOTALE,1318
017075,Gardone Val Trompia,2019,occupate_e_non_occupate,abitazioni al 31 dicembre,tutte le voci,totale,tutte le voci,tutte le voci,TOTALE,TOTALE,6334
017075,Gardone Val Trompia,2019,occupate_e_non_occupate,abitazioni non occupate al 31 dicembre,tutte le voci,totale,tutte le voci,tutte le voci,TOTALE,TOTALE,1397
017075,Gardone Val Trompia,2019,occupate_e_non_occupate,abitazioni occupate al 31 dicembre,tutte le voci,totale,tutte le voci,tutte le voci,TOTALE,TOTALE,4937
017075,Gardone Val Trompia,2021,occupate_e_non_occupate,abitazioni al 31 dicembre,tutte le voci,totale,tutte le voci,tutte le voci,TOTALE,TOTALE,6321
017075,Gardone Val Trompia,2021,occupate_e_non_occupate,abitazioni non occupate al 31 dicembre,tutte le voci,totale,tutte le voci,tutte le voci,TOTALE,TOTALE,1424
017075,Gardone Val Trompia,2021,occupate_e_non_occupate,abitazioni occupate al 31 dicembre,tutte le voci,totale,tutte le voci,tutte le voci,TOTALE,TOTALE,4897
017075,Gardone Val Trompia,2023,occupate_e_non_occupate,abitazioni al 31 dicembre,tutte le voci,totale,tutte le voci,tutte le voci,TOTALE,TOTALE,6301
017075,Gardone Val Trompia,2023,occupate_e_non_occupate,abitazioni non occupate al 31 dicembre,tutte le voci,totale,tutte le voci,tutte le voci,TOTALE,TOTALE,1336
017075,Gardone Val Trompia,2023,occupate_e_non_occupate,abitazioni occupate al 31 dicembre,tutte le voci,totale,tutte le voci,tutte le voci,TOTALE,TOTALE,4965
017075,Gardone Val Trompia,2019,titolo_di_godimento,abitazioni occupate al 31 dicembre,affitto,totale,tutte le voci,tutte le voci,TOTALE,TOTALE,1245
017075,Gardone Val Trompia,2019,titolo_di_godimento,abitazioni occupate al 31 dicembre,"altro titolo diverso da proprietà, affitto",totale,tutte le voci,tutte le voci,TOTALE,TOTALE,237
017075,Gardone Val Trompia,2019,titolo_di_godimento,abitazioni occupate al 31 dicembre,proprietà,totale,tutte le voci,tutte le voci,TOTALE,TOTALE,3455
017075,Gardone Val Trompia,2019,titolo_di_godimento,abitazioni occupate al 31 dicembre,tutte le voci,totale,tutte le voci,tutte le voci,TOTALE,TOTALE,4937
017075,Gardone Val Trompia,2021,titolo_di_godimento,abitazioni occupate al 31 dicembre,tutte le voci,totale,tutte le voci,tutte le voci,TOTALE,TOTALE,4897
017075,Gardone Val Trompia,2023,titolo_di_godimento,abitazioni occupate al 31 dicembre,tutte le voci,totale,tutte le voci,tutte le voci,TOTALE,TOTALE,4965
017076,Gargnano,2019,occupate_e_non_occupate,abitazioni al 31 dicembre,tutte le voci,totale,tutte le voci,tutte le voci,TOTALE,TOTALE,3518
017076,Gargnano,2019,occupate_e_non_occupate,abitazioni non occupate al 31 dicembre,tutte le voci,totale,tutte le voci,tutte le voci,TOTALE,TOTALE,2118
017076,Gargnano,2019,occupate_e_non_occupate,abitazioni occupate al 31 dicembre,tutte le voci,totale,tutte le voci,tutte le voci,TOTALE,TOTALE,1400
017076,Gargnano,2021,occupate_e_non_occupate,abitazioni al 31 dicembre,tutte le voci,totale,tutte le voci,tutte le voci,TOTALE,TOTALE,3529
017076,Gargnano,2021,occupate_e_non_occupate,abitazioni non occupate al 31 dicembre,tutte le voci,totale,tutte le voci,tutte le voci,TOTALE,TOTALE,2135
017076,Gargnano,2021,occupate_e_non_occupate,abitazioni occupate al 31 dicembre,tutte le voci,totale,tutte le voci,tutte le voci,TOTALE,TOTALE,1394
017076,Gargnano,2023,occupate_e_non_occupate,abitazioni al 31 dicembre,tutte le voci,totale,tutte le voci,tutte le voci,TOTALE,TOTALE,3557
017076,Gargnano,2023,occupate_e_non_occupate,abitazioni non occupate al 31 dicembre,tutte le voci,totale,tutte le voci,tutte le voci,TOTALE,TOTALE,2183
017076,Gargnano,2023,occupate_e_non_occupate,abitazioni occupate al 31 dicembre,tutte le voci,totale,tutte le voci,tutte le voci,TOTALE,TOTALE,1374
017076,Gargnano,2019,titolo_di_godimento,abitazioni occupate al 31 dicembre,affitto,totale,tutte le voci,tutte le voci,TOTALE,TOTALE,190
017076,Gargnano,2019,titolo_di_godimento,abitazioni occupate al 31 dicembre,"altro titolo diverso da proprietà, affitto",totale,tutte le voci,tutte le voci,TOTALE,TOTALE,27
017076,Gargnano,2019,titolo_di_godimento,abitazioni occupate al 31 dicembre,proprietà,totale,tutte le voci,tutte le voci,TOTALE,TOTALE,1183
017076,Gargnano,2019,titolo_di_godimento,abitazioni occupate al 31 dicembre,tutte le voci,totale,tutte le voci,tutte le voci,TOTALE,TOTALE,1400
017076,Gargnano,2021,titolo_di_godimento,abitazioni occupate al 31 dicembre,tutte le voci,totale,tutte le voci,tutte le voci,TOTALE,TOTALE,1394
017076,Gargnano,2023,titolo_di_godimento,abitazioni occupate al 31 dicembre,tutte le voci,totale,tutte le voci,tutte le voci,TOTALE,TOTALE,1374
017077,Gavardo,2019,occupate_e_non_occupate,abitazioni al 31 dicembre,tutte le voci,totale,tutte le voci,tutte le voci,TOTALE,TOTALE,6091
017077,Gavardo,2019,occupate_e_non_occupate,abitazioni non occupate al 31 dicembre,tutte le voci,totale,tutte le voci,tutte le voci,TOTALE,TOTALE,1074
017077,Gavardo,2019,occupate_e_non_occupate,abitazioni occupate al 31 dicembre,tutte le voci,totale,tutte le voci,tutte le voci,TOTALE,TOTALE,5017
017077,Gavardo,2021,occupate_e_non_occupate,abitazioni al 31 dicembre,tutte le voci,totale,tutte le voci,tutte le voci,TOTALE,TOTALE,6099
017077,Gavardo,2021,occupate_e_non_occupate,abitazioni non occupate al 31 dicembre,tutte le voci,totale,tutte le voci,tutte le voci,TOTALE,TOTALE,1131
017077,Gavardo,2021,occupate_e_non_occupate,abitazioni occupate al 31 dicembre,tutte le voci,totale,tutte le voci,tutte le voci,TOTALE,TOTALE,4968
017077,Gavardo,2023,occupate_e_non_occupate,abitazioni al 31 dicembre,tutte le voci,totale,tutte le voci,tutte le voci,TOTALE,TOTALE,6132
017077,Gavardo,2023,occupate_e_non_occupate,abitazioni non occupate al 31 dicembre,tutte le voci,totale,tutte le voci,tutte le voci,TOTALE,TOTALE,1060
017077,Gavardo,2023,occupate_e_non_occupate,abitazioni occupate al 31 dicembre,tutte le voci,totale,tutte le voci,tutte le voci,TOTALE,TOTALE,5072
017077,Gavardo,2019,titolo_di_godimento,abitazioni occupate al 31 dicembre,affitto,totale,tutte le voci,tutte le voci,TOTALE,TOTALE,955
017077,Gavardo,2019,titolo_di_godimento,abitazioni occupate al 31 dicembre,"altro titolo diverso da proprietà, affitto",totale,tutte le voci,tutte le voci,TOTALE,TOTALE,417
017077,Gavardo,2019,titolo_di_godimento,abitazioni occupate al 31 dicembre,proprietà,totale,tutte le voci,tutte le voci,TOTALE,TOTALE,3645
017077,Gavardo,2019,titolo_di_godimento,abitazioni occupate al 31 dicembre,tutte le voci,totale,tutte le voci,tutte le voci,TOTALE,TOTALE,5017
017077,Gavardo,2021,titolo_di_godimento,abitazioni occupate al 31 dicembre,tutte le voci,totale,tutte le voci,tutte le voci,TOTALE,TOTALE,4968
017077,Gavardo,2023,titolo_di_godimento,abitazioni occupate al 31 dicembre,tutte le voci,totale,tutte le voci,tutte le voci,TOTALE,TOTALE,5072
017078,Ghedi,2019,occupate_e_non_occupate,abitazioni al 31 dicembre,tutte le voci,totale,tutte le voci,tutte le voci,TOTALE,TOTALE,8158
017078,Ghedi,2019,occupate_e_non_occupate,abitazioni non occupate al 31 dicembre,tutte le voci,totale,tutte le voci,tutte le voci,TOTALE,TOTALE,956
017078,Ghedi,2019,occupate_e_non_occupate,abitazioni occupate al 31 dicembre,tutte le voci,totale,tutte le voci,tutte le voci,TOTALE,TOTALE,7202
017078,Ghedi,2021,occupate_e_non_occupate,abitazioni al 31 dicembre,tutte le voci,totale,tutte le voci,tutte le voci,TOTALE,TOTALE,8179
017078,Ghedi,2021,occupate_e_non_occupate,abitazioni non occupate al 31 dicembre,tutte le voci,totale,tutte le voci,tutte le voci,TOTALE,TOTALE,915
017078,Ghedi,2021,occupate_e_non_occupate,abitazioni occupate al 31 dicembre,tutte le voci,totale,tutte le voci,tutte le voci,TOTALE,TOTALE,7264
017078,Ghedi,2023,occupate_e_non_occupate,abitazioni al 31 dicembre,tutte le voci,totale,tutte le voci,tutte le voci,TOTALE,TOTALE,8259
017078,Ghedi,2023,occupate_e_non_occupate,abitazioni non occupate al 31 dicembre,tutte le voci,totale,tutte le voci,tutte le voci,TOTALE,TOTALE,924
017078,Ghedi,2023,occupate_e_non_occupate,abitazioni occupate al 31 dicembre,tutte le voci,totale,tutte le voci,tutte le voci,TOTALE,TOTALE,7335
017078,Ghedi,2019,titolo_di_godimento,abitazioni occupate al 31 dicembre,affitto,totale,tutte le voci,tutte le voci,TOTALE,TOTALE,1626
017078,Ghedi,2019,titolo_di_godimento,abitazioni occupate al 31 dicembre,"altro titolo diverso da proprietà, affitto",totale,tutte le voci,tutte le voci,TOTALE,TOTALE,485
017078,Ghedi,2019,titolo_di_godimento,abitazioni occupate al 31 dicembre,proprietà,totale,tutte le voci,tutte le voci,TOTALE,TOTALE,5091
017078,Ghedi,2019,titolo_di_godimento,abitazioni occupate al 31 dicembre,tutte le voci,totale,tutte le voci,tutte le voci,TOTALE,TOTALE,7202
017078,Ghedi,2021,titolo_di_godimento,abitazioni occupate al 31 dicembre,tutte le voci,totale,tutte le voci,tutte le voci,TOTALE,TOTALE,7264
017078,Ghedi,2023,titolo_di_godimento,abitazioni occupate al 31 dicembre,tutte le voci,totale,tutte le voci,tutte le voci,TOTALE,TOTALE,7335
017079,Gianico,2019,occupate_e_non_occupate,abitazioni al 31 dicembre,tutte le voci,totale,tutte le voci,tutte le voci,TOTALE,TOTALE,1164
017079,Gianico,2019,occupate_e_non_occupate,abitazioni non occupate al 31 dicembre,tutte le voci,totale,tutte le voci,tutte le voci,TOTALE,TOTALE,293
017079,Gianico,2019,occupate_e_non_occupate,abitazioni occupate al 31 dicembre,tutte le voci,totale,tutte le voci,tutte le voci,TOTALE,TOTALE,871
017079,Gianico,2021,occupate_e_non_occupate,abitazioni al 31 dicembre,tutte le voci,totale,tutte le voci,tutte le voci,TOTALE,TOTALE,1168
017079,Gianico,2021,occupate_e_non_occupate,abitazioni non occupate al 31 dicembre,tutte le voci,totale,tutte le voci,tutte le voci,TOTALE,TOTALE,290
017079,Gianico,2021,occupate_e_non_occupate,abitazioni occupate al 31 dicembre,tutte le voci,totale,tutte le voci,tutte le voci,TOTALE,TOTALE,878
017079,Gianico,2023,occupate_e_non_occupate,abitazioni al 31 dicembre,tutte le voci,totale,tutte le voci,tutte le voci,TOTALE,TOTALE,1180
017079,Gianico,2023,occupate_e_non_occupate,abitazioni non occupate al 31 dicembre,tutte le voci,totale,tutte le voci,tutte le voci,TOTALE,TOTALE,300
017079,Gianico,2023,occupate_e_non_occupate,abitazioni occupate al 31 dicembre,tutte le voci,totale,tutte le voci,tutte le voci,TOTALE,TOTALE,880
017079,Gianico,2019,titolo_di_godimento,abitazioni occupate al 31 dicembre,affitto,totale,tutte le voci,tutte le voci,TOTALE,TOTALE,125
017079,Gianico,2019,titolo_di_godimento,abitazioni occupate al 31 dicembre,"altro titolo diverso da proprietà, affitto",totale,tutte le voci,tutte le voci,TOTALE,TOTALE,75
017079,Gianico,2019,titolo_di_godimento,abitazioni occupate al 31 dicembre,proprietà,totale,tutte le voci,tutte le voci,TOTALE,TOTALE,671
017079,Gianico,2019,titolo_di_godimento,abitazioni occupate al 31 dicembre,tutte le voci,totale,tutte le voci,tutte le voci,TOTALE,TOTALE,871
017079,Gianico,2021,titolo_di_godimento,abitazioni occupate al 31 dicembre,tutte le voci,totale,tutte le voci,tutte le voci,TOTALE,TOTALE,878
017079,Gianico,2023,titolo_di_godimento,abitazioni occupate al 31 dicembre,tutte le voci,totale,tutte le voci,tutte le voci,TOTALE,TOTALE,880
017080,Gottolengo,2019,occupate_e_non_occupate,abitazioni al 31 dicembre,tutte le voci,totale,tutte le voci,tutte le voci,TOTALE,TOTALE,2352
017080,Gottolengo,2019,occupate_e_non_occupate,abitazioni non occupate al 31 dicembre,tutte le voci,totale,tutte le voci,tutte le voci,TOTALE,TOTALE,374
017080,Gottolengo,2019,occupate_e_non_occupate,abitazioni occupate al 31 dicembre,tutte le voci,totale,tutte le voci,tutte le voci,TOTALE,TOTALE,1978
017080,Gottolengo,2021,occupate_e_non_occupate,abitazioni al 31 dicembre,tutte le voci,totale,tutte le voci,tutte le voci,TOTALE,TOTALE,2352
017080,Gottolengo,2021,occupate_e_non_occupate,abitazioni non occupate al 31 dicembre,tutte le voci,totale,tutte le voci,tutte le voci,TOTALE,TOTALE,385
017080,Gottolengo,2021,occupate_e_non_occupate,abitazioni occupate al 31 dicembre,tutte le voci,totale,tutte le voci,tutte le voci,TOTALE,TOTALE,1967
017080,Gottolengo,2023,occupate_e_non_occupate,abitazioni al 31 dicembre,tutte le voci,totale,tutte le voci,tutte le voci,TOTALE,TOTALE,2368
017080,Gottolengo,2023,occupate_e_non_occupate,abitazioni non occupate al 31 dicembre,tutte le voci,totale,tutte le voci,tutte le voci,TOTALE,TOTALE,375
017080,Gottolengo,2023,occupate_e_non_occupate,abitazioni occupate al 31 dicembre,tutte le voci,totale,tutte le voci,tutte le voci,TOTALE,TOTALE,1993
017080,Gottolengo,2019,titolo_di_godimento,abitazioni occupate al 31 dicembre,affitto,totale,tutte le voci,tutte le voci,TOTALE,TOTALE,280
017080,Gottolengo,2019,titolo_di_godimento,abitazioni occupate al 31 dicembre,"altro titolo diverso da proprietà, affitto",totale,tutte le voci,tutte le voci,TOTALE,TOTALE,233
017080,Gottolengo,2019,titolo_di_godimento,abitazioni occupate al 31 dicembre,proprietà,totale,tutte le voci,tutte le voci,TOTALE,TOTALE,1465
017080,Gottolengo,2019,titolo_di_godimento,abitazioni occupate al 31 dicembre,tutte le voci,totale,tutte le voci,tutte le voci,TOTALE,TOTALE,1978
017080,Gottolengo,2021,titolo_di_godimento,abitazioni occupate al 31 dicembre,tutte le voci,totale,tutte le voci,tutte le voci,TOTALE,TOTALE,1967
017080,Gottolengo,2023,titolo_di_godimento,abitazioni occupate al 31 dicembre,tutte le voci,totale,tutte le voci,tutte le voci,TOTALE,TOTALE,1993
017081,Gussago,2019,occupate_e_non_occupate,abitazioni al 31 dicembre,tutte le voci,totale,tutte le voci,tutte le voci,TOTALE,TOTALE,7913
017081,Gussago,2019,occupate_e_non_occupate,abitazioni non occupate al 31 dicembre,tutte le voci,totale,tutte le voci,tutte le voci,TOTALE,TOTALE,1073
017081,Gussago,2019,occupate_e_non_occupate,abitazioni occupate al 31 dicembre,tutte le voci,totale,tutte le voci,tutte le voci,TOTALE,TOTALE,6840
017081,Gussago,2021,occupate_e_non_occupate,abitazioni al 31 dicembre,tutte le voci,totale,tutte le voci,tutte le voci,TOTALE,TOTALE,7937
017081,Gussago,2021,occupate_e_non_occupate,abitazioni non occupate al 31 dicembre,tutte le voci,totale,tutte le voci,tutte le voci,TOTALE,TOTALE,1038
017081,Gussago,2021,occupate_e_non_occupate,abitazioni occupate al 31 dicembre,tutte le voci,totale,tutte le voci,tutte le voci,TOTALE,TOTALE,6899
017081,Gussago,2023,occupate_e_non_occupate,abitazioni al 31 dicembre,tutte le voci,totale,tutte le voci,tutte le voci,TOTALE,TOTALE,8054
017081,Gussago,2023,occupate_e_non_occupate,abitazioni non occupate al 31 dicembre,tutte le voci,totale,tutte le voci,tutte le voci,TOTALE,TOTALE,961
017081,Gussago,2023,occupate_e_non_occupate,abitazioni occupate al 31 dicembre,tutte le voci,totale,tutte le voci,tutte le voci,TOTALE,TOTALE,7093
017081,Gussago,2019,titolo_di_godimento,abitazioni occupate al 31 dicembre,affitto,totale,tutte le voci,tutte le voci,TOTALE,TOTALE,1013
017081,Gussago,2019,titolo_di_godimento,abitazioni occupate al 31 dicembre,"altro titolo diverso da proprietà, affitto",totale,tutte le voci,tutte le voci,TOTALE,TOTALE,370
017081,Gussago,2019,titolo_di_godimento,abitazioni occupate al 31 dicembre,proprietà,totale,tutte le voci,tutte le voci,TOTALE,TOTALE,5458
017081,Gussago,2019,titolo_di_godimento,abitazioni occupate al 31 dicembre,tutte le voci,totale,tutte le voci,tutte le voci,TOTALE,TOTALE,6840
017081,Gussago,2021,titolo_di_godimento,abitazioni occupate al 31 dicembre,tutte le voci,totale,tutte le voci,tutte le voci,TOTALE,TOTALE,6899
017081,Gussago,2023,titolo_di_godimento,abitazioni occupate al 31 dicembre,tutte le voci,totale,tutte le voci,tutte le voci,TOTALE,TOTALE,7093
017082,Idro,2019,occupate_e_non_occupate,abitazioni al 31 dicembre,tutte le voci,totale,tutte le voci,tutte le voci,TOTALE,TOTALE,2019
017082,Idro,2019,occupate_e_non_occupate,abitazioni non occupate al 31 dicembre,tutte le voci,totale,tutte le voci,tutte le voci,TOTALE,TOTALE,1181
017082,Idro,2019,occupate_e_non_occupate,abitazioni occupate al 31 dicembre,tutte le voci,totale,tutte le voci,tutte le voci,TOTALE,TOTALE,838
017082,Idro,2021,occupate_e_non_occupate,abitazioni al 31 dicembre,tutte le voci,totale,tutte le voci,tutte le voci,TOTALE,TOTALE,2018
017082,Idro,2021,occupate_e_non_occupate,abitazioni non occupate al 31 dicembre,tutte le voci,totale,tutte le voci,tutte le voci,TOTALE,TOTALE,1182
017082,Idro,2021,occupate_e_non_occupate,abitazioni occupate al 31 dicembre,tutte le voci,totale,tutte le voci,tutte le voci,TOTALE,TOTALE,836
017082,Idro,2023,occupate_e_non_occupate,abitazioni al 31 dicembre,tutte le voci,totale,tutte le voci,tutte le voci,TOTALE,TOTALE,2026
017082,Idro,2023,occupate_e_non_occupate,abitazioni non occupate al 31 dicembre,tutte le voci,totale,tutte le voci,tutte le voci,TOTALE,TOTALE,1168
017082,Idro,2023,occupate_e_non_occupate,abitazioni occupate al 31 dicembre,tutte le voci,totale,tutte le voci,tutte le voci,TOTALE,TOTALE,858
017082,Idro,2019,titolo_di_godimento,abitazioni occupate al 31 dicembre,affitto,totale,tutte le voci,tutte le voci,TOTALE,TOTALE,73
017082,Idro,2019,titolo_di_godimento,abitazioni occupate al 31 dicembre,"altro titolo diverso da proprietà, affitto",totale,tutte le voci,tutte le voci,TOTALE,TOTALE,66
017082,Idro,2019,titolo_di_godimento,abitazioni occupate al 31 dicembre,proprietà,totale,tutte le voci,tutte le voci,TOTALE,TOTALE,699
017082,Idro,2019,titolo_di_godimento,abitazioni occupate al 31 dicembre,tutte le voci,totale,tutte le voci,tutte le voci,TOTALE,TOTALE,838
017082,Idro,2021,titolo_di_godimento,abitazioni occupate al 31 dicembre,tutte le voci,totale,tutte le voci,tutte le voci,TOTALE,TOTALE,836
017082,Idro,2023,titolo_di_godimento,abitazioni occupate al 31 dicembre,tutte le voci,totale,tutte le voci,tutte le voci,TOTALE,TOTALE,858
017083,Incudine,2019,occupate_e_non_occupate,abitazioni al 31 dicembre,tutte le voci,totale,tutte le voci,tutte le voci,TOTALE,TOTALE,686
017083,Incudine,2019,occupate_e_non_occupate,abitazioni non occupate al 31 dicembre,tutte le voci,totale,tutte le voci,tutte le voci,TOTALE,TOTALE,517
017083,Incudine,2019,occupate_e_non_occupate,abitazioni occupate al 31 dicembre,tutte le voci,totale,tutte le voci,tutte le voci,TOTALE,TOTALE,169
017083,Incudine,2021,occupate_e_non_occupate,abitazioni al 31 dicembre,tutte le voci,totale,tutte le voci,tutte le voci,TOTALE,TOTALE,688
017083,Incudine,2021,occupate_e_non_occupate,abitazioni non occupate al 31 dicembre,tutte le voci,totale,tutte le voci,tutte le voci,TOTALE,TOTALE,522
017083,Incudine,2021,occupate_e_non_occupate,abitazioni occupate al 31 dicembre,tutte le voci,totale,tutte le voci,tutte le voci,TOTALE,TOTALE,166
017083,Incudine,2023,occupate_e_non_occupate,abitazioni al 31 dicembre,tutte le voci,totale,tutte le voci,tutte le voci,TOTALE,TOTALE,697
017083,Incudine,2023,occupate_e_non_occupate,abitazioni non occupate al 31 dicembre,tutte le voci,totale,tutte le voci,tutte le voci,TOTALE,TOTALE,526
017083,Incudine,2023,occupate_e_non_occupate,abitazioni occupate al 31 dicembre,tutte le voci,totale,tutte le voci,tutte le voci,TOTALE,TOTALE,171
017083,Incudine,2019,titolo_di_godimento,abitazioni occupate al 31 dicembre,affitto,totale,tutte le voci,tutte le voci,TOTALE,TOTALE,3
017083,Incudine,2019,titolo_di_godimento,abitazioni occupate al 31 dicembre,"altro titolo diverso da proprietà, affitto",totale,tutte le voci,tutte le voci,TOTALE,TOTALE,19
017083,Incudine,2019,titolo_di_godimento,abitazioni occupate al 31 dicembre,proprietà,totale,tutte le voci,tutte le voci,TOTALE,TOTALE,147
017083,Incudine,2019,titolo_di_godimento,abitazioni occupate al 31 dicembre,tutte le voci,totale,tutte le voci,tutte le voci,TOTALE,TOTALE,169
017083,Incudine,2021,titolo_di_godimento,abitazioni occupate al 31 dicembre,tutte le voci,totale,tutte le voci,tutte le voci,TOTALE,TOTALE,166
017083,Incudine,2023,titolo_di_godimento,abitazioni occupate al 31 dicembre,tutte le voci,totale,tutte le voci,tutte le voci,TOTALE,TOTALE,171
017084,Irma,2019,occupate_e_non_occupate,abitazioni al 31 dicembre,tutte le voci,totale,tutte le voci,tutte le voci,TOTALE,TOTALE,183
017084,Irma,2019,occupate_e_non_occupate,abitazioni non occupate al 31 dicembre,tutte le voci,totale,tutte le voci,tutte le voci,TOTALE,TOTALE,120
017084,Irma,2019,occupate_e_non_occupate,abitazioni occupate al 31 dicembre,tutte le voci,totale,tutte le voci,tutte le voci,TOTALE,TOTALE,63
017084,Irma,2021,occupate_e_non_occupate,abitazioni al 31 dicembre,tutte le voci,totale,tutte le voci,tutte le voci,TOTALE,TOTALE,184
017084,Irma,2021,occupate_e_non_occupate,abitazioni non occupate al 31 dicembre,tutte le voci,totale,tutte le voci,tutte le voci,TOTALE,TOTALE,119
017084,Irma,2021,occupate_e_non_occupate,abitazioni occupate al 31 dicembre,tutte le voci,totale,tutte le voci,tutte le voci,TOTALE,TOTALE,65
017084,Irma,2023,occupate_e_non_occupate,abitazioni al 31 dicembre,tutte le voci,totale,tutte le voci,tutte le voci,TOTALE,TOTALE,183
017084,Irma,2023,occupate_e_non_occupate,abitazioni non occupate al 31 dicembre,tutte le voci,totale,tutte le voci,tutte le voci,TOTALE,TOTALE,119
017084,Irma,2023,occupate_e_non_occupate,abitazioni occupate al 31 dicembre,tutte le voci,totale,tutte le voci,tutte le voci,TOTALE,TOTALE,64
017084,Irma,2019,titolo_di_godimento,abitazioni occupate al 31 dicembre,affitto,totale,tutte le voci,tutte le voci,TOTALE,TOTALE,10
017084,Irma,2019,titolo_di_godimento,abitazioni occupate al 31 dicembre,"altro titolo diverso da proprietà, affitto",totale,tutte le voci,tutte le voci,TOTALE,TOTALE,9
017084,Irma,2019,titolo_di_godimento,abitazioni occupate al 31 dicembre,proprietà,totale,tutte le voci,tutte le voci,TOTALE,TOTALE,45
017084,Irma,2019,titolo_di_godimento,abitazioni occupate al 31 dicembre,tutte le voci,totale,tutte le voci,tutte le voci,TOTALE,TOTALE,63
017084,Irma,2021,titolo_di_godimento,abitazioni occupate al 31 dicembre,tutte le voci,totale,tutte le voci,tutte le voci,TOTALE,TOTALE,65
017084,Irma,2023,titolo_di_godimento,abitazioni occupate al 31 dicembre,tutte le voci,totale,tutte le voci,tutte le voci,TOTALE,TOTALE,64
017085,Iseo,2019,occupate_e_non_occupate,abitazioni al 31 dicembre,tutte le voci,totale,tutte le voci,tutte le voci,TOTALE,TOTALE,5717
017085,Iseo,2019,occupate_e_non_occupate,abitazioni non occupate al 31 dicembre,tutte le voci,totale,tutte le voci,tutte le voci,TOTALE,TOTALE,1558
017085,Iseo,2019,occupate_e_non_occupate,abitazioni occupate al 31 dicembre,tutte le voci,totale,tutte le voci,tutte le voci,TOTALE,TOTALE,4159
017085,Iseo,2021,occupate_e_non_occupate,abitazioni al 31 dicembre,tutte le voci,totale,tutte le voci,tutte le voci,TOTALE,TOTALE,5734
017085,Iseo,2021,occupate_e_non_occupate,abitazioni non occupate al 31 dicembre,tutte le voci,totale,tutte le voci,tutte le voci,TOTALE,TOTALE,1642
017085,Iseo,2021,occupate_e_non_occupate,abitazioni occupate al 31 dicembre,tutte le voci,totale,tutte le voci,tutte le voci,TOTALE,TOTALE,4092
017085,Iseo,2023,occupate_e_non_occupate,abitazioni al 31 dicembre,tutte le voci,totale,tutte le voci,tutte le voci,TOTALE,TOTALE,5822
017085,Iseo,2023,occupate_e_non_occupate,abitazioni non occupate al 31 dicembre,tutte le voci,totale,tutte le voci,tutte le voci,TOTALE,TOTALE,1696
017085,Iseo,2023,occupate_e_non_occupate,abitazioni occupate al 31 dicembre,tutte le voci,totale,tutte le voci,tutte le voci,TOTALE,TOTALE,4126
017085,Iseo,2019,titolo_di_godimento,abitazioni occupate al 31 dicembre,affitto,totale,tutte le voci,tutte le voci,TOTALE,TOTALE,965
017085,Iseo,2019,titolo_di_godimento,abitazioni occupate al 31 dicembre,"altro titolo diverso da proprietà, affitto",totale,tutte le voci,tutte le voci,TOTALE,TOTALE,310
017085,Iseo,2019,titolo_di_godimento,abitazioni occupate al 31 dicembre,proprietà,totale,tutte le voci,tutte le voci,TOTALE,TOTALE,2884
017085,Iseo,2019,titolo_di_godimento,abitazioni occupate al 31 dicembre,tutte le voci,totale,tutte le voci,tutte le voci,TOTALE,TOTALE,4159
017085,Iseo,2021,titolo_di_godimento,abitazioni occupate al 31 dicembre,tutte le voci,totale,tutte le voci,tutte le voci,TOTALE,TOTALE,4092
017085,Iseo,2023,titolo_di_godimento,abitazioni occupate al 31 dicembre,tutte le voci,totale,tutte le voci,tutte le voci,TOTALE,TOTALE,4126
017086,Isorella,2019,occupate_e_non_occupate,abitazioni al 31 dicembre,tutte le voci,totale,tutte le voci,tutte le voci,TOTALE,TOTALE,1869
017086,Isorella,2019,occupate_e_non_occupate,abitazioni non occupate al 31 dicembre,tutte le voci,totale,tutte le voci,tutte le voci,TOTALE,TOTALE,339
017086,Isorella,2019,occupate_e_non_occupate,abitazioni occupate al 31 dicembre,tutte le voci,totale,tutte le voci,tutte le voci,TOTALE,TOTALE,1530
017086,Isorella,2021,occupate_e_non_occupate,abitazioni al 31 dicembre,tutte le voci,totale,tutte le voci,tutte le voci,TOTALE,TOTALE,1879
017086,Isorella,2021,occupate_e_non_occupate,abitazioni non occupate al 31 dicembre,tutte le voci,totale,tutte le voci,tutte le voci,TOTALE,TOTALE,318
017086,Isorella,2021,occupate_e_non_occupate,abitazioni occupate al 31 dicembre,tutte le voci,totale,tutte le voci,tutte le voci,TOTALE,TOTALE,1561
017086,Isorella,2023,occupate_e_non_occupate,abitazioni al 31 dicembre,tutte le voci,totale,tutte le voci,tutte le voci,TOTALE,TOTALE,1882
017086,Isorella,2023,occupate_e_non_occupate,abitazioni non occupate al 31 dicembre,tutte le voci,totale,tutte le voci,tutte le voci,TOTALE,TOTALE,296
017086,Isorella,2023,occupate_e_non_occupate,abitazioni occupate al 31 dicembre,tutte le voci,totale,tutte le voci,tutte le voci,TOTALE,TOTALE,1586
017086,Isorella,2019,titolo_di_godimento,abitazioni occupate al 31 dicembre,affitto,totale,tutte le voci,tutte le voci,TOTALE,TOTALE,218
017086,Isorella,2019,titolo_di_godimento,abitazioni occupate al 31 dicembre,"altro titolo diverso da proprietà, affitto",totale,tutte le voci,tutte le voci,TOTALE,TOTALE,100
017086,Isorella,2019,titolo_di_godimento,abitazioni occupate al 31 dicembre,proprietà,totale,tutte le voci,tutte le voci,TOTALE,TOTALE,1213
017086,Isorella,2019,titolo_di_godimento,abitazioni occupate al 31 dicembre,tutte le voci,totale,tutte le voci,tutte le voci,TOTALE,TOTALE,1530
017086,Isorella,2021,titolo_di_godimento,abitazioni occupate al 31 dicembre,tutte le voci,totale,tutte le voci,tutte le voci,TOTALE,TOTALE,1561
017086,Isorella,2023,titolo_di_godimento,abitazioni occupate al 31 dicembre,tutte le voci,totale,tutte le voci,tutte le voci,TOTALE,TOTALE,1586
017087,Lavenone,2019,occupate_e_non_occupate,abitazioni al 31 dicembre,tutte le voci,totale,tutte le voci,tutte le voci,TOTALE,TOTALE,591
017087,Lavenone,2019,occupate_e_non_occupate,abitazioni non occupate al 31 dicembre,tutte le voci,totale,tutte le voci,tutte le voci,TOTALE,TOTALE,344
017087,Lavenone,2019,occupate_e_non_occupate,abitazioni occupate al 31 dicembre,tutte le voci,totale,tutte le voci,tutte le voci,TOTALE,TOTALE,247
017087,Lavenone,2021,occupate_e_non_occupate,abitazioni al 31 dicembre,tutte le voci,totale,tutte le voci,tutte le voci,TOTALE,TOTALE,591
017087,Lavenone,2021,occupate_e_non_occupate,abitazioni non occupate al 31 dicembre,tutte le voci,totale,tutte le voci,tutte le voci,TOTALE,TOTALE,344
017087,Lavenone,2021,occupate_e_non_occupate,abitazioni occupate al 31 dicembre,tutte le voci,totale,tutte le voci,tutte le voci,TOTALE,TOTALE,247
017087,Lavenone,2023,occupate_e_non_occupate,abitazioni al 31 dicembre,tutte le voci,totale,tutte le voci,tutte le voci,TOTALE,TOTALE,595
017087,Lavenone,2023,occupate_e_non_occupate,abitazioni non occupate al 31 dicembre,tutte le voci,totale,tutte le voci,tutte le voci,TOTALE,TOTALE,352
017087,Lavenone,2023,occupate_e_non_occupate,abitazioni occupate al 31 dicembre,tutte le voci,totale,tutte le voci,tutte le voci,TOTALE,TOTALE,243
017087,Lavenone,2019,titolo_di_godimento,abitazioni occupate al 31 dicembre,affitto,totale,tutte le voci,tutte le voci,TOTALE,TOTALE,25
017087,Lavenone,2019,titolo_di_godimento,abitazioni occupate al 31 dicembre,"altro titolo diverso da proprietà, affitto",totale,tutte le voci,tutte le voci,TOTALE,TOTALE,18
017087,Lavenone,2019,titolo_di_godimento,abitazioni occupate al 31 dicembre,proprietà,totale,tutte le voci,tutte le voci,TOTALE,TOTALE,204
017087,Lavenone,2019,titolo_di_godimento,abitazioni occupate al 31 dicembre,tutte le voci,totale,tutte le voci,tutte le voci,TOTALE,TOTALE,247
017087,Lavenone,2021,titolo_di_godimento,abitazioni occupate al 31 dicembre,tutte le voci,totale,tutte le voci,tutte le voci,TOTALE,TOTALE,247
017087,Lavenone,2023,titolo_di_godimento,abitazioni occupate al 31 dicembre,tutte le voci,totale,tutte le voci,tutte le voci,TOTALE,TOTALE,243
017088,Leno,2019,occupate_e_non_occupate,abitazioni al 31 dicembre,tutte le voci,totale,tutte le voci,tutte le voci,TOTALE,TOTALE,6450
017088,Leno,2019,occupate_e_non_occupate,abitazioni non occupate al 31 dicembre,tutte le voci,totale,tutte le voci,tutte le voci,TOTALE,TOTALE,1075
017088,Leno,2019,occupate_e_non_occupate,abitazioni occupate al 31 dicembre,tutte le voci,totale,tutte le voci,tutte le voci,TOTALE,TOTALE,5375
017088,Leno,2021,occupate_e_non_occupate,abitazioni al 31 dicembre,tutte le voci,totale,tutte le voci,tutte le voci,TOTALE,TOTALE,6473
017088,Leno,2021,occupate_e_non_occupate,abitazioni non occupate al 31 dicembre,tutte le voci,totale,tutte le voci,tutte le voci,TOTALE,TOTALE,886
017088,Leno,2021,occupate_e_non_occupate,abitazioni occupate al 31 dicembre,tutte le voci,totale,tutte le voci,tutte le voci,TOTALE,TOTALE,5587
017088,Leno,2023,occupate_e_non_occupate,abitazioni al 31 dicembre,tutte le voci,totale,tutte le voci,tutte le voci,TOTALE,TOTALE,6591
017088,Leno,2023,occupate_e_non_occupate,abitazioni non occupate al 31 dicembre,tutte le voci,totale,tutte le voci,tutte le voci,TOTALE,TOTALE,856
017088,Leno,2023,occupate_e_non_occupate,abitazioni occupate al 31 dicembre,tutte le voci,totale,tutte le voci,tutte le voci,TOTALE,TOTALE,5735
017088,Leno,2019,titolo_di_godimento,abitazioni occupate al 31 dicembre,affitto,totale,tutte le voci,tutte le voci,TOTALE,TOTALE,1004
017088,Leno,2019,titolo_di_godimento,abitazioni occupate al 31 dicembre,"altro titolo diverso da proprietà, affitto",totale,tutte le voci,tutte le voci,TOTALE,TOTALE,232
017088,Leno,2019,titolo_di_godimento,abitazioni occupate al 31 dicembre,proprietà,totale,tutte le voci,tutte le voci,TOTALE,TOTALE,4139
017088,Leno,2019,titolo_di_godimento,abitazioni occupate al 31 dicembre,tutte le voci,totale,tutte le voci,tutte le voci,TOTALE,TOTALE,5375
017088,Leno,2021,titolo_di_godimento,abitazioni occupate al 31 dicembre,tutte le voci,totale,tutte le voci,tutte le voci,TOTALE,TOTALE,5587
017088,Leno,2023,titolo_di_godimento,abitazioni occupate al 31 dicembre,tutte le voci,totale,tutte le voci,tutte le voci,TOTALE,TOTALE,5735
017089,Limone sul Garda,2019,occupate_e_non_occupate,abitazioni al 31 dicembre,tutte le voci,totale,tutte le voci,tutte le voci,TOTALE,TOTALE,905
017089,Limone sul Garda,2019,occupate_e_non_occupate,abitazioni non occupate al 31 dicembre,tutte le voci,totale,tutte le voci,tutte le voci,TOTALE,TOTALE,408
017089,Limone sul Garda,2019,occupate_e_non_occupate,abitazioni occupate al 31 dicembre,tutte le voci,totale,tutte le voci,tutte le voci,TOTALE,TOTALE,497
017089,Limone sul Garda,2021,occupate_e_non_occupate,abitazioni al 31 dicembre,tutte le voci,totale,tutte le voci,tutte le voci,TOTALE,TOTALE,913
017089,Limone sul Garda,2021,occupate_e_non_occupate,abitazioni non occupate al 31 dicembre,tutte le voci,totale,tutte le voci,tutte le voci,TOTALE,TOTALE,416
017089,Limone sul Garda,2021,occupate_e_non_occupate,abitazioni occupate al 31 dicembre,tutte le voci,totale,tutte le voci,tutte le voci,TOTALE,TOTALE,497
017089,Limone sul Garda,2023,occupate_e_non_occupate,abitazioni al 31 dicembre,tutte le voci,totale,tutte le voci,tutte le voci,TOTALE,TOTALE,921
017089,Limone sul Garda,2023,occupate_e_non_occupate,abitazioni non occupate al 31 dicembre,tutte le voci,totale,tutte le voci,tutte le voci,TOTALE,TOTALE,432
017089,Limone sul Garda,2023,occupate_e_non_occupate,abitazioni occupate al 31 dicembre,tutte le voci,totale,tutte le voci,tutte le voci,TOTALE,TOTALE,489
017089,Limone sul Garda,2019,titolo_di_godimento,abitazioni occupate al 31 dicembre,affitto,totale,tutte le voci,tutte le voci,TOTALE,TOTALE,94
017089,Limone sul Garda,2019,titolo_di_godimento,abitazioni occupate al 31 dicembre,"altro titolo diverso da proprietà, affitto",totale,tutte le voci,tutte le voci,TOTALE,TOTALE,22
017089,Limone sul Garda,2019,titolo_di_godimento,abitazioni occupate al 31 dicembre,proprietà,totale,tutte le voci,tutte le voci,TOTALE,TOTALE,381
017089,Limone sul Garda,2019,titolo_di_godimento,abitazioni occupate al 31 dicembre,tutte le voci,totale,tutte le voci,tutte le voci,TOTALE,TOTALE,497
017089,Limone sul Garda,2021,titolo_di_godimento,abitazioni occupate al 31 dicembre,tutte le voci,totale,tutte le voci,tutte le voci,TOTALE,TOTALE,497
017089,Limone sul Garda,2023,titolo_di_godimento,abitazioni occupate al 31 dicembre,tutte le voci,totale,tutte le voci,tutte le voci,TOTALE,TOTALE,489
017090,Lodrino,2019,occupate_e_non_occupate,abitazioni al 31 dicembre,tutte le voci,totale,tutte le voci,tutte le voci,TOTALE,TOTALE,1270
017090,Lodrino,2019,occupate_e_non_occupate,abitazioni non occupate al 31 dicembre,tutte le voci,totale,tutte le voci,tutte le voci,TOTALE,TOTALE,603
017090,Lodrino,2019,occupate_e_non_occupate,abitazioni occupate al 31 dicembre,tutte le voci,totale,tutte le voci,tutte le voci,TOTALE,TOTALE,667
017090,Lodrino,2021,occupate_e_non_occupate,abitazioni al 31 dicembre,tutte le voci,totale,tutte le voci,tutte le voci,TOTALE,TOTALE,1274
017090,Lodrino,2021,occupate_e_non_occupate,abitazioni non occupate al 31 dicembre,tutte le voci,totale,tutte le voci,tutte le voci,TOTALE,TOTALE,596
017090,Lodrino,2021,occupate_e_non_occupate,abitazioni occupate al 31 dicembre,tutte le voci,totale,tutte le voci,tutte le voci,TOTALE,TOTALE,678
017090,Lodrino,2023,occupate_e_non_occupate,abitazioni al 31 dicembre,tutte le voci,totale,tutte le voci,tutte le voci,TOTALE,TOTALE,1274
017090,Lodrino,2023,occupate_e_non_occupate,abitazioni non occupate al 31 dicembre,tutte le voci,totale,tutte le voci,tutte le voci,TOTALE,TOTALE,569
017090,Lodrino,2023,occupate_e_non_occupate,abitazioni occupate al 31 dicembre,tutte le voci,totale,tutte le voci,tutte le voci,TOTALE,TOTALE,705
017090,Lodrino,2019,titolo_di_godimento,abitazioni occupate al 31 dicembre,affitto,totale,tutte le voci,tutte le voci,TOTALE,TOTALE,105
017090,Lodrino,2019,titolo_di_godimento,abitazioni occupate al 31 dicembre,"altro titolo diverso da proprietà, affitto",totale,tutte le voci,tutte le voci,TOTALE,TOTALE,77
017090,Lodrino,2019,titolo_di_godimento,abitazioni occupate al 31 dicembre,proprietà,totale,tutte le voci,tutte le voci,TOTALE,TOTALE,485
017090,Lodrino,2019,titolo_di_godimento,abitazioni occupate al 31 dicembre,tutte le voci,totale,tutte le voci,tutte le voci,TOTALE,TOTALE,667
017090,Lodrino,2021,titolo_di_godimento,abitazioni occupate al 31 dicembre,tutte le voci,totale,tutte le voci,tutte le voci,TOTALE,TOTALE,678
017090,Lodrino,2023,titolo_di_godimento,abitazioni occupate al 31 dicembre,tutte le voci,totale,tutte le voci,tutte le voci,TOTALE,TOTALE,705
017091,Lograto,2019,occupate_e_non_occupate,abitazioni al 31 dicembre,tutte le voci,totale,tutte le voci,tutte le voci,TOTALE,TOTALE,1698
017091,Lograto,2019,occupate_e_non_occupate,abitazioni non occupate al 31 dicembre,tutte le voci,totale,tutte le voci,tutte le voci,TOTALE,TOTALE,249
017091,Lograto,2019,occupate_e_non_occupate,abitazioni occupate al 31 dicembre,tutte le voci,totale,tutte le voci,tutte le voci,TOTALE,TOTALE,1449
017091,Lograto,2021,occupate_e_non_occupate,abitazioni al 31 dicembre,tutte le voci,totale,tutte le voci,tutte le voci,TOTALE,TOTALE,1706
017091,Lograto,2021,occupate_e_non_occupate,abitazioni non occupate al 31 dicembre,tutte le voci,totale,tutte le voci,tutte le voci,TOTALE,TOTALE,241
017091,Lograto,2021,occupate_e_non_occupate,abitazioni occupate al 31 dicembre,tutte le voci,totale,tutte le voci,tutte le voci,TOTALE,TOTALE,1465
017091,Lograto,2023,occupate_e_non_occupate,abitazioni al 31 dicembre,tutte le voci,totale,tutte le voci,tutte le voci,TOTALE,TOTALE,1710
017091,Lograto,2023,occupate_e_non_occupate,abitazioni non occupate al 31 dicembre,tutte le voci,totale,tutte le voci,tutte le voci,TOTALE,TOTALE,233
017091,Lograto,2023,occupate_e_non_occupate,abitazioni occupate al 31 dicembre,tutte le voci,totale,tutte le voci,tutte le voci,TOTALE,TOTALE,1477
017091,Lograto,2019,titolo_di_godimento,abitazioni occupate al 31 dicembre,affitto,totale,tutte le voci,tutte le voci,TOTALE,TOTALE,404
017091,Lograto,2019,titolo_di_godimento,abitazioni occupate al 31 dicembre,"altro titolo diverso da proprietà, affitto",totale,tutte le voci,tutte le voci,TOTALE,TOTALE,51
017091,Lograto,2019,titolo_di_godimento,abitazioni occupate al 31 dicembre,proprietà,totale,tutte le voci,tutte le voci,TOTALE,TOTALE,994
017091,Lograto,2019,titolo_di_godimento,abitazioni occupate al 31 dicembre,tutte le voci,totale,tutte le voci,tutte le voci,TOTALE,TOTALE,1449
017091,Lograto,2021,titolo_di_godimento,abitazioni occupate al 31 dicembre,tutte le voci,totale,tutte le voci,tutte le voci,TOTALE,TOTALE,1465
017091,Lograto,2023,titolo_di_godimento,abitazioni occupate al 31 dicembre,tutte le voci,totale,tutte le voci,tutte le voci,TOTALE,TOTALE,1477
017092,Lonato del Garda,2019,occupate_e_non_occupate,abitazioni al 31 dicembre,tutte le voci,totale,tutte le voci,tutte le voci,TOTALE,TOTALE,8701
017092,Lonato del Garda,2019,occupate_e_non_occupate,abitazioni non occupate al 31 dicembre,tutte le voci,totale,tutte le voci,tutte le voci,TOTALE,TOTALE,1807
017092,Lonato del Garda,2019,occupate_e_non_occupate,abitazioni occupate al 31 dicembre,tutte le voci,totale,tutte le voci,tutte le voci,TOTALE,TOTALE,6894
017092,Lonato del Garda,2021,occupate_e_non_occupate,abitazioni al 31 dicembre,tutte le voci,totale,tutte le voci,tutte le voci,TOTALE,TOTALE,8757
017092,Lonato del Garda,2021,occupate_e_non_occupate,abitazioni non occupate al 31 dicembre,tutte le voci,totale,tutte le voci,tutte le voci,TOTALE,TOTALE,1692
017092,Lonato del Garda,2021,occupate_e_non_occupate,abitazioni occupate al 31 dicembre,tutte le voci,totale,tutte le voci,tutte le voci,TOTALE,TOTALE,7065
017092,Lonato del Garda,2023,occupate_e_non_occupate,abitazioni al 31 dicembre,tutte le voci,totale,tutte le voci,tutte le voci,TOTALE,TOTALE,8974
017092,Lonato del Garda,2023,occupate_e_non_occupate,abitazioni non occupate al 31 dicembre,tutte le voci,totale,tutte le voci,tutte le voci,TOTALE,TOTALE,1763
017092,Lonato del Garda,2023,occupate_e_non_occupate,abitazioni occupate al 31 dicembre,tutte le voci,totale,tutte le voci,tutte le voci,TOTALE,TOTALE,7211
017092,Lonato del Garda,2019,titolo_di_godimento,abitazioni occupate al 31 dicembre,affitto,totale,tutte le voci,tutte le voci,TOTALE,TOTALE,1265
017092,Lonato del Garda,2019,titolo_di_godimento,abitazioni occupate al 31 dicembre,"altro titolo diverso da proprietà, affitto",totale,tutte le voci,tutte le voci,TOTALE,TOTALE,456
017092,Lonato del Garda,2019,titolo_di_godimento,abitazioni occupate al 31 dicembre,proprietà,totale,tutte le voci,tutte le voci,TOTALE,TOTALE,5173
017092,Lonato del Garda,2019,titolo_di_godimento,abitazioni occupate al 31 dicembre,tutte le voci,totale,tutte le voci,tutte le voci,TOTALE,TOTALE,6894
017092,Lonato del Garda,2021,titolo_di_godimento,abitazioni occupate al 31 dicembre,tutte le voci,totale,tutte le voci,tutte le voci,TOTALE,TOTALE,7065
017092,Lonato del Garda,2023,titolo_di_godimento,abitazioni occupate al 31 dicembre,tutte le voci,totale,tutte le voci,tutte le voci,TOTALE,TOTALE,7211
017093,Longhena,2019,occupate_e_non_occupate,abitazioni al 31 dicembre,tutte le voci,totale,tutte le voci,tutte le voci,TOTALE,TOTALE,281
017093,Longhena,2019,occupate_e_non_occupate,abitazioni non occupate al 31 dicembre,tutte le voci,totale,tutte le voci,tutte le voci,TOTALE,TOTALE,48
017093,Longhena,2019,occupate_e_non_occupate,abitazioni occupate al 31 dicembre,tutte le voci,totale,tutte le voci,tutte le voci,TOTALE,TOTALE,233
017093,Longhena,2021,occupate_e_non_occupate,abitazioni al 31 dicembre,tutte le voci,totale,tutte le voci,tutte le voci,TOTALE,TOTALE,283
017093,Longhena,2021,occupate_e_non_occupate,abitazioni non occupate al 31 dicembre,tutte le voci,totale,tutte le voci,tutte le voci,TOTALE,TOTALE,60
017093,Longhena,2021,occupate_e_non_occupate,abitazioni occupate al 31 dicembre,tutte le voci,totale,tutte le voci,tutte le voci,TOTALE,TOTALE,223
017093,Longhena,2023,occupate_e_non_occupate,abitazioni al 31 dicembre,tutte le voci,totale,tutte le voci,tutte le voci,TOTALE,TOTALE,283
017093,Longhena,2023,occupate_e_non_occupate,abitazioni non occupate al 31 dicembre,tutte le voci,totale,tutte le voci,tutte le voci,TOTALE,TOTALE,48
017093,Longhena,2023,occupate_e_non_occupate,abitazioni occupate al 31 dicembre,tutte le voci,totale,tutte le voci,tutte le voci,TOTALE,TOTALE,235
017093,Longhena,2019,titolo_di_godimento,abitazioni occupate al 31 dicembre,affitto,totale,tutte le voci,tutte le voci,TOTALE,TOTALE,39
017093,Longhena,2019,titolo_di_godimento,abitazioni occupate al 31 dicembre,"altro titolo diverso da proprietà, affitto",totale,tutte le voci,tutte le voci,TOTALE,TOTALE,39
017093,Longhena,2019,titolo_di_godimento,abitazioni occupate al 31 dicembre,proprietà,totale,tutte le voci,tutte le voci,TOTALE,TOTALE,156
017093,Longhena,2019,titolo_di_godimento,abitazioni occupate al 31 dicembre,tutte le voci,totale,tutte le voci,tutte le voci,TOTALE,TOTALE,233
017093,Longhena,2021,titolo_di_godimento,abitazioni occupate al 31 dicembre,tutte le voci,totale,tutte le voci,tutte le voci,TOTALE,TOTALE,223
017093,Longhena,2023,titolo_di_godimento,abitazioni occupate al 31 dicembre,tutte le voci,totale,tutte le voci,tutte le voci,TOTALE,TOTALE,235
017094,Losine,2019,occupate_e_non_occupate,abitazioni al 31 dicembre,tutte le voci,totale,tutte le voci,tutte le voci,TOTALE,TOTALE,529
017094,Losine,2019,occupate_e_non_occupate,abitazioni non occupate al 31 dicembre,tutte le voci,totale,tutte le voci,tutte le voci,TOTALE,TOTALE,248
017094,Losine,2019,occupate_e_non_occupate,abitazioni occupate al 31 dicembre,tutte le voci,totale,tutte le voci,tutte le voci,TOTALE,TOTALE,281
017094,Losine,2021,occupate_e_non_occupate,abitazioni al 31 dicembre,tutte le voci,totale,tutte le voci,tutte le voci,TOTALE,TOTALE,530
017094,Losine,2021,occupate_e_non_occupate,abitazioni non occupate al 31 dicembre,tutte le voci,totale,tutte le voci,tutte le voci,TOTALE,TOTALE,242
017094,Losine,2021,occupate_e_non_occupate,abitazioni occupate al 31 dicembre,tutte le voci,totale,tutte le voci,tutte le voci,TOTALE,TOTALE,288
017094,Losine,2023,occupate_e_non_occupate,abitazioni al 31 dicembre,tutte le voci,totale,tutte le voci,tutte le voci,TOTALE,TOTALE,541
017094,Losine,2023,occupate_e_non_occupate,abitazioni non occupate al 31 dicembre,tutte le voci,totale,tutte le voci,tutte le voci,TOTALE,TOTALE,252
017094,Losine,2023,occupate_e_non_occupate,abitazioni occupate al 31 dicembre,tutte le voci,totale,tutte le voci,tutte le voci,TOTALE,TOTALE,289
017094,Losine,2019,titolo_di_godimento,abitazioni occupate al 31 dicembre,affitto,totale,tutte le voci,tutte le voci,TOTALE,TOTALE,20
017094,Losine,2019,titolo_di_godimento,abitazioni occupate al 31 dicembre,"altro titolo diverso da proprietà, affitto",totale,tutte le voci,tutte le voci,TOTALE,TOTALE,21
017094,Losine,2019,titolo_di_godimento,abitazioni occupate al 31 dicembre,proprietà,totale,tutte le voci,tutte le voci,TOTALE,TOTALE,239
017094,Losine,2019,titolo_di_godimento,abitazioni occupate al 31 dicembre,tutte le voci,totale,tutte le voci,tutte le voci,TOTALE,TOTALE,281
017094,Losine,2021,titolo_di_godimento,abitazioni occupate al 31 dicembre,tutte le voci,totale,tutte le voci,tutte le voci,TOTALE,TOTALE,288
017094,Losine,2023,titolo_di_godimento,abitazioni occupate al 31 dicembre,tutte le voci,totale,tutte le voci,tutte le voci,TOTALE,TOTALE,289
017095,Lozio,2019,occupate_e_non_occupate,abitazioni al 31 dicembre,tutte le voci,totale,tutte le voci,tutte le voci,TOTALE,TOTALE,980
017095,Lozio,2019,occupate_e_non_occupate,abitazioni non occupate al 31 dicembre,tutte le voci,totale,tutte le voci,tutte le voci,TOTALE,TOTALE,760
017095,Lozio,2019,occupate_e_non_occupate,abitazioni occupate al 31 dicembre,tutte le voci,totale,tutte le voci,tutte le voci,TOTALE,TOTALE,220
017095,Lozio,2021,occupate_e_non_occupate,abitazioni al 31 dicembre,tutte le voci,totale,tutte le voci,tutte le voci,TOTALE,TOTALE,977
017095,Lozio,2021,occupate_e_non_occupate,abitazioni non occupate al 31 dicembre,tutte le voci,totale,tutte le voci,tutte le voci,TOTALE,TOTALE,771
017095,Lozio,2021,occupate_e_non_occupate,abitazioni occupate al 31 dicembre,tutte le voci,totale,tutte le voci,tutte le voci,TOTALE,TOTALE,206
017095,Lozio,2023,occupate_e_non_occupate,abitazioni al 31 dicembre,tutte le voci,totale,tutte le voci,tutte le voci,TOTALE,TOTALE,1000
017095,Lozio,2023,occupate_e_non_occupate,abitazioni non occupate al 31 dicembre,tutte le voci,totale,tutte le voci,tutte le voci,TOTALE,TOTALE,784
017095,Lozio,2023,occupate_e_non_occupate,abitazioni occupate al 31 dicembre,tutte le voci,totale,tutte le voci,tutte le voci,TOTALE,TOTALE,216
017095,Lozio,2019,titolo_di_godimento,abitazioni occupate al 31 dicembre,affitto,totale,tutte le voci,tutte le voci,TOTALE,TOTALE,5
017095,Lozio,2019,titolo_di_godimento,abitazioni occupate al 31 dicembre,"altro titolo diverso da proprietà, affitto",totale,tutte le voci,tutte le voci,TOTALE,TOTALE,30
017095,Lozio,2019,titolo_di_godimento,abitazioni occupate al 31 dicembre,proprietà,totale,tutte le voci,tutte le voci,TOTALE,TOTALE,184
017095,Lozio,2019,titolo_di_godimento,abitazioni occupate al 31 dicembre,tutte le voci,totale,tutte le voci,tutte le voci,TOTALE,TOTALE,220
017095,Lozio,2021,titolo_di_godimento,abitazioni occupate al 31 dicembre,tutte le voci,totale,tutte le voci,tutte le voci,TOTALE,TOTALE,206
017095,Lozio,2023,titolo_di_godimento,abitazioni occupate al 31 dicembre,tutte le voci,totale,tutte le voci,tutte le voci,TOTALE,TOTALE,216
017096,Lumezzane,2019,occupate_e_non_occupate,abitazioni al 31 dicembre,tutte le voci,totale,tutte le voci,tutte le voci,TOTALE,TOTALE,11866
017096,Lumezzane,2019,occupate_e_non_occupate,abitazioni non occupate al 31 dicembre,tutte le voci,totale,tutte le voci,tutte le voci,TOTALE,TOTALE,3023
017096,Lumezzane,2019,occupate_e_non_occupate,abitazioni occupate al 31 dicembre,tutte le voci,totale,tutte le voci,tutte le voci,TOTALE,TOTALE,8843
017096,Lumezzane,2021,occupate_e_non_occupate,abitazioni al 31 dicembre,tutte le voci,totale,tutte le voci,tutte le voci,TOTALE,TOTALE,11866
017096,Lumezzane,2021,occupate_e_non_occupate,abitazioni non occupate al 31 dicembre,tutte le voci,totale,tutte le voci,tutte le voci,TOTALE,TOTALE,2718
017096,Lumezzane,2021,occupate_e_non_occupate,abitazioni occupate al 31 dicembre,tutte le voci,totale,tutte le voci,tutte le voci,TOTALE,TOTALE,9148
017096,Lumezzane,2023,occupate_e_non_occupate,abitazioni al 31 dicembre,tutte le voci,totale,tutte le voci,tutte le voci,TOTALE,TOTALE,11911
017096,Lumezzane,2023,occupate_e_non_occupate,abitazioni non occupate al 31 dicembre,tutte le voci,totale,tutte le voci,tutte le voci,TOTALE,TOTALE,2591
017096,Lumezzane,2023,occupate_e_non_occupate,abitazioni occupate al 31 dicembre,tutte le voci,totale,tutte le voci,tutte le voci,TOTALE,TOTALE,9320
017096,Lumezzane,2019,titolo_di_godimento,abitazioni occupate al 31 dicembre,affitto,totale,tutte le voci,tutte le voci,TOTALE,TOTALE,2010
017096,Lumezzane,2019,titolo_di_godimento,abitazioni occupate al 31 dicembre,"altro titolo diverso da proprietà, affitto",totale,tutte le voci,tutte le voci,TOTALE,TOTALE,714
017096,Lumezzane,2019,titolo_di_godimento,abitazioni occupate al 31 dicembre,proprietà,totale,tutte le voci,tutte le voci,TOTALE,TOTALE,6120
017096,Lumezzane,2019,titolo_di_godimento,abitazioni occupate al 31 dicembre,tutte le voci,totale,tutte le voci,tutte le voci,TOTALE,TOTALE,8843
017096,Lumezzane,2021,titolo_di_godimento,abitazioni occupate al 31 dicembre,tutte le voci,totale,tutte le voci,tutte le voci,TOTALE,TOTALE,9148
017096,Lumezzane,2023,titolo_di_godimento,abitazioni occupate al 31 dicembre,tutte le voci,totale,tutte le voci,tutte le voci,TOTALE,TOTALE,9320
017097,Maclodio,2019,occupate_e_non_occupate,abitazioni al 31 dicembre,tutte le voci,totale,tutte le voci,tutte le voci,TOTALE,TOTALE,641
017097,Maclodio,2019,occupate_e_non_occupate,abitazioni non occupate al 31 dicembre,tutte le voci,totale,tutte le voci,tutte le voci,TOTALE,TOTALE,119
017097,Maclodio,2019,occupate_e_non_occupate,abitazioni occupate al 31 dicembre,tutte le voci,totale,tutte le voci,tutte le voci,TOTALE,TOTALE,522
017097,Maclodio,2021,occupate_e_non_occupate,abitazioni al 31 dicembre,tutte le voci,totale,tutte le voci,tutte le voci,TOTALE,TOTALE,646
017097,Maclodio,2021,occupate_e_non_occupate,abitazioni non occupate al 31 dicembre,tutte le voci,totale,tutte le voci,tutte le voci,TOTALE,TOTALE,109
017097,Maclodio,2021,occupate_e_non_occupate,abitazioni occupate al 31 dicembre,tutte le voci,totale,tutte le voci,tutte le voci,TOTALE,TOTALE,537
017097,Maclodio,2023,occupate_e_non_occupate,abitazioni al 31 dicembre,tutte le voci,totale,tutte le voci,tutte le voci,TOTALE,TOTALE,654
017097,Maclodio,2023,occupate_e_non_occupate,abitazioni non occupate al 31 dicembre,tutte le voci,totale,tutte le voci,tutte le voci,TOTALE,TOTALE,96
017097,Maclodio,2023,occupate_e_non_occupate,abitazioni occupate al 31 dicembre,tutte le voci,totale,tutte le voci,tutte le voci,TOTALE,TOTALE,558
017097,Maclodio,2019,titolo_di_godimento,abitazioni occupate al 31 dicembre,affitto,totale,tutte le voci,tutte le voci,TOTALE,TOTALE,98
017097,Maclodio,2019,titolo_di_godimento,abitazioni occupate al 31 dicembre,"altro titolo diverso da proprietà, affitto",totale,tutte le voci,tutte le voci,TOTALE,TOTALE,8
017097,Maclodio,2019,titolo_di_godimento,abitazioni occupate al 31 dicembre,proprietà,totale,tutte le voci,tutte le voci,TOTALE,TOTALE,416
017097,Maclodio,2019,titolo_di_godimento,abitazioni occupate al 31 dicembre,tutte le voci,totale,tutte le voci,tutte le voci,TOTALE,TOTALE,522
017097,Maclodio,2021,titolo_di_godimento,abitazioni occupate al 31 dicembre,tutte le voci,totale,tutte le voci,tutte le voci,TOTALE,TOTALE,537
017097,Maclodio,2023,titolo_di_godimento,abitazioni occupate al 31 dicembre,tutte le voci,totale,tutte le voci,tutte le voci,TOTALE,TOTALE,558
017098,Magasa,2019,occupate_e_non_occupate,abitazioni al 31 dicembre,tutte le voci,totale,tutte le voci,tutte le voci,TOTALE,TOTALE,260
017098,Magasa,2019,occupate_e_non_occupate,abitazioni non occupate al 31 dicembre,tutte le voci,totale,tutte le voci,tutte le voci,TOTALE,TOTALE,186
017098,Magasa,2019,occupate_e_non_occupate,abitazioni occupate al 31 dicembre,tutte le voci,totale,tutte le voci,tutte le voci,TOTALE,TOTALE,74
017098,Magasa,2021,occupate_e_non_occupate,abitazioni al 31 dicembre,tutte le voci,totale,tutte le voci,tutte le voci,TOTALE,TOTALE,261
017098,Magasa,2021,occupate_e_non_occupate,abitazioni non occupate al 31 dicembre,tutte le voci,totale,tutte le voci,tutte le voci,TOTALE,TOTALE,187
017098,Magasa,2021,occupate_e_non_occupate,abitazioni occupate al 31 dicembre,tutte le voci,totale,tutte le voci,tutte le voci,TOTALE,TOTALE,74
017098,Magasa,2023,occupate_e_non_occupate,abitazioni al 31 dicembre,tutte le voci,totale,tutte le voci,tutte le voci,TOTALE,TOTALE,268
017098,Magasa,2023,occupate_e_non_occupate,abitazioni non occupate al 31 dicembre,tutte le voci,totale,tutte le voci,tutte le voci,TOTALE,TOTALE,194
017098,Magasa,2023,occupate_e_non_occupate,abitazioni occupate al 31 dicembre,tutte le voci,totale,tutte le voci,tutte le voci,TOTALE,TOTALE,74
017098,Magasa,2019,titolo_di_godimento,abitazioni occupate al 31 dicembre,affitto,totale,tutte le voci,tutte le voci,TOTALE,TOTALE,3
017098,Magasa,2019,titolo_di_godimento,abitazioni occupate al 31 dicembre,"altro titolo diverso da proprietà, affitto",totale,tutte le voci,tutte le voci,TOTALE,TOTALE,3
017098,Magasa,2019,titolo_di_godimento,abitazioni occupate al 31 dicembre,proprietà,totale,tutte le voci,tutte le voci,TOTALE,TOTALE,68
017098,Magasa,2019,titolo_di_godimento,abitazioni occupate al 31 dicembre,tutte le voci,totale,tutte le voci,tutte le voci,TOTALE,TOTALE,74
017098,Magasa,2021,titolo_di_godimento,abitazioni occupate al 31 dicembre,tutte le voci,totale,tutte le voci,tutte le voci,TOTALE,TOTALE,74
017098,Magasa,2023,titolo_di_godimento,abitazioni occupate al 31 dicembre,tutte le voci,totale,tutte le voci,tutte le voci,TOTALE,TOTALE,74
017099,Mairano,2019,occupate_e_non_occupate,abitazioni al 31 dicembre,tutte le voci,totale,tutte le voci,tutte le voci,TOTALE,TOTALE,1604
017099,Mairano,2019,occupate_e_non_occupate,abitazioni non occupate al 31 dicembre,tutte le voci,totale,tutte le voci,tutte le voci,TOTALE,TOTALE,236
017099,Mairano,2019,occupate_e_non_occupate,abitazioni occupate al 31 dicembre,tutte le voci,totale,tutte le voci,tutte le voci,TOTALE,TOTALE,1368
017099,Mairano,2021,occupate_e_non_occupate,abitazioni al 31 dicembre,tutte le voci,totale,tutte le voci,tutte le voci,TOTALE,TOTALE,1606
017099,Mairano,2021,occupate_e_non_occupate,abitazioni non occupate al 31 dicembre,tutte le voci,totale,tutte le voci,tutte le voci,TOTALE,TOTALE,227
017099,Mairano,2021,occupate_e_non_occupate,abitazioni occupate al 31 dicembre,tutte le voci,totale,tutte le voci,tutte le voci,TOTALE,TOTALE,1379
017099,Mairano,2023,occupate_e_non_occupate,abitazioni al 31 dicembre,tutte le voci,totale,tutte le voci,tutte le voci,TOTALE,TOTALE,1603
017099,Mairano,2023,occupate_e_non_occupate,abitazioni non occupate al 31 dicembre,tutte le voci,totale,tutte le voci,tutte le voci,TOTALE,TOTALE,213
017099,Mairano,2023,occupate_e_non_occupate,abitazioni occupate al 31 dicembre,tutte le voci,totale,tutte le voci,tutte le voci,TOTALE,TOTALE,1390
017099,Mairano,2019,titolo_di_godimento,abitazioni occupate al 31 dicembre,affitto,totale,tutte le voci,tutte le voci,TOTALE,TOTALE,345
017099,Mairano,2019,titolo_di_godimento,abitazioni occupate al 31 dicembre,"altro titolo diverso da proprietà, affitto",totale,tutte le voci,tutte le voci,TOTALE,TOTALE,86
017099,Mairano,2019,titolo_di_godimento,abitazioni occupate al 31 dicembre,proprietà,totale,tutte le voci,tutte le voci,TOTALE,TOTALE,937
017099,Mairano,2019,titolo_di_godimento,abitazioni occupate al 31 dicembre,tutte le voci,totale,tutte le voci,tutte le voci,TOTALE,TOTALE,1368
017099,Mairano,2021,titolo_di_godimento,abitazioni occupate al 31 dicembre,tutte le voci,totale,tutte le voci,tutte le voci,TOTALE,TOTALE,1379
017099,Mairano,2023,titolo_di_godimento,abitazioni occupate al 31 dicembre,tutte le voci,totale,tutte le voci,tutte le voci,TOTALE,TOTALE,1390
017100,Malegno,2019,occupate_e_non_occupate,abitazioni al 31 dicembre,tutte le voci,totale,tutte le voci,tutte le voci,TOTALE,TOTALE,1307
017100,Malegno,2019,occupate_e_non_occupate,abitazioni non occupate al 31 dicembre,tutte le voci,totale,tutte le voci,tutte le voci,TOTALE,TOTALE,467
017100,Malegno,2019,occupate_e_non_occupate,abitazioni occupate al 31 dicembre,tutte le voci,totale,tutte le voci,tutte le voci,TOTALE,TOTALE,840
017100,Malegno,2021,occupate_e_non_occupate,abitazioni al 31 dicembre,tutte le voci,totale,tutte le voci,tutte le voci,TOTALE,TOTALE,1309
017100,Malegno,2021,occupate_e_non_occupate,abitazioni non occupate al 31 dicembre,tutte le voci,totale,tutte le voci,tutte le voci,TOTALE,TOTALE,473
017100,Malegno,2021,occupate_e_non_occupate,abitazioni occupate al 31 dicembre,tutte le voci,totale,tutte le voci,tutte le voci,TOTALE,TOTALE,836
017100,Malegno,2023,occupate_e_non_occupate,abitazioni al 31 dicembre,tutte le voci,totale,tutte le voci,tutte le voci,TOTALE,TOTALE,1311
017100,Malegno,2023,occupate_e_non_occupate,abitazioni non occupate al 31 dicembre,tutte le voci,totale,tutte le voci,tutte le voci,TOTALE,TOTALE,471
017100,Malegno,2023,occupate_e_non_occupate,abitazioni occupate al 31 dicembre,tutte le voci,totale,tutte le voci,tutte le voci,TOTALE,TOTALE,840
017100,Malegno,2019,titolo_di_godimento,abitazioni occupate al 31 dicembre,affitto,totale,tutte le voci,tutte le voci,TOTALE,TOTALE,116
017100,Malegno,2019,titolo_di_godimento,abitazioni occupate al 31 dicembre,"altro titolo diverso da proprietà, affitto",totale,tutte le voci,tutte le voci,TOTALE,TOTALE,45
017100,Malegno,2019,titolo_di_godimento,abitazioni occupate al 31 dicembre,proprietà,totale,tutte le voci,tutte le voci,TOTALE,TOTALE,680
017100,Malegno,2019,titolo_di_godimento,abitazioni occupate al 31 dicembre,tutte le voci,totale,tutte le voci,tutte le voci,TOTALE,TOTALE,840
017100,Malegno,2021,titolo_di_godimento,abitazioni occupate al 31 dicembre,tutte le voci,totale,tutte le voci,tutte le voci,TOTALE,TOTALE,836
017100,Malegno,2023,titolo_di_godimento,abitazioni occupate al 31 dicembre,tutte le voci,totale,tutte le voci,tutte le voci,TOTALE,TOTALE,840
017101,Malonno,2019,occupate_e_non_occupate,abitazioni al 31 dicembre,tutte le voci,totale,tutte le voci,tutte le voci,TOTALE,TOTALE,2568
017101,Malonno,2019,occupate_e_non_occupate,abitazioni non occupate al 31 dicembre,tutte le voci,totale,tutte le voci,tutte le voci,TOTALE,TOTALE,1236
017101,Malonno,2019,occupate_e_non_occupate,abitazioni occupate al 31 dicembre,tutte le voci,totale,tutte le voci,tutte le voci,TOTALE,TOTALE,1332
017101,Malonno,2021,occupate_e_non_occupate,abitazioni al 31 dicembre,tutte le voci,totale,tutte le voci,tutte le voci,TOTALE,TOTALE,2569
017101,Malonno,2021,occupate_e_non_occupate,abitazioni non occupate al 31 dicembre,tutte le voci,totale,tutte le voci,tutte le voci,TOTALE,TOTALE,1265
017101,Malonno,2021,occupate_e_non_occupate,abitazioni occupate al 31 dicembre,tutte le voci,totale,tutte le voci,tutte le voci,TOTALE,TOTALE,1304
017101,Malonno,2023,occupate_e_non_occupate,abitazioni al 31 dicembre,tutte le voci,totale,tutte le voci,tutte le voci,TOTALE,TOTALE,2603
017101,Malonno,2023,occupate_e_non_occupate,abitazioni non occupate al 31 dicembre,tutte le voci,totale,tutte le voci,tutte le voci,TOTALE,TOTALE,1291
017101,Malonno,2023,occupate_e_non_occupate,abitazioni occupate al 31 dicembre,tutte le voci,totale,tutte le voci,tutte le voci,TOTALE,TOTALE,1312
017101,Malonno,2019,titolo_di_godimento,abitazioni occupate al 31 dicembre,affitto,totale,tutte le voci,tutte le voci,TOTALE,TOTALE,112
017101,Malonno,2019,titolo_di_godimento,abitazioni occupate al 31 dicembre,"altro titolo diverso da proprietà, affitto",totale,tutte le voci,tutte le voci,TOTALE,TOTALE,88
017101,Malonno,2019,titolo_di_godimento,abitazioni occupate al 31 dicembre,proprietà,totale,tutte le voci,tutte le voci,TOTALE,TOTALE,1132
017101,Malonno,2019,titolo_di_godimento,abitazioni occupate al 31 dicembre,tutte le voci,totale,tutte le voci,tutte le voci,TOTALE,TOTALE,1332
017101,Malonno,2021,titolo_di_godimento,abitazioni occupate al 31 dicembre,tutte le voci,totale,tutte le voci,tutte le voci,TOTALE,TOTALE,1304
017101,Malonno,2023,titolo_di_godimento,abitazioni occupate al 31 dicembre,tutte le voci,totale,tutte le voci,tutte le voci,TOTALE,TOTALE,1312
017102,Manerba del Garda,2019,occupate_e_non_occupate,abitazioni al 31 dicembre,tutte le voci,totale,tutte le voci,tutte le voci,TOTALE,TOTALE,6711
017102,Manerba del Garda,2019,occupate_e_non_occupate,abitazioni non occupate al 31 dicembre,tutte le voci,totale,tutte le voci,tutte le voci,TOTALE,TOTALE,4112
017102,Manerba del Garda,2019,occupate_e_non_occupate,abitazioni occupate al 31 dicembre,tutte le voci,totale,tutte le voci,tutte le voci,TOTALE,TOTALE,2599
017102,Manerba del Garda,2021,occupate_e_non_occupate,abitazioni al 31 dicembre,tutte le voci,totale,tutte le voci,tutte le voci,TOTALE,TOTALE,6745
017102,Manerba del Garda,2021,occupate_e_non_occupate,abitazioni non occupate al 31 dicembre,tutte le voci,totale,tutte le voci,tutte le voci,TOTALE,TOTALE,4141
017102,Manerba del Garda,2021,occupate_e_non_occupate,abitazioni occupate al 31 dicembre,tutte le voci,totale,tutte le voci,tutte le voci,TOTALE,TOTALE,2604
017102,Manerba del Garda,2023,occupate_e_non_occupate,abitazioni al 31 dicembre,tutte le voci,totale,tutte le voci,tutte le voci,TOTALE,TOTALE,6875
017102,Manerba del Garda,2023,occupate_e_non_occupate,abitazioni non occupate al 31 dicembre,tutte le voci,totale,tutte le voci,tutte le voci,TOTALE,TOTALE,4265
017102,Manerba del Garda,2023,occupate_e_non_occupate,abitazioni occupate al 31 dicembre,tutte le voci,totale,tutte le voci,tutte le voci,TOTALE,TOTALE,2610
017102,Manerba del Garda,2019,titolo_di_godimento,abitazioni occupate al 31 dicembre,affitto,totale,tutte le voci,tutte le voci,TOTALE,TOTALE,499
017102,Manerba del Garda,2019,titolo_di_godimento,abitazioni occupate al 31 dicembre,"altro titolo diverso da proprietà, affitto",totale,tutte le voci,tutte le voci,TOTALE,TOTALE,120
017102,Manerba del Garda,2019,titolo_di_godimento,abitazioni occupate al 31 dicembre,proprietà,totale,tutte le voci,tutte le voci,TOTALE,TOTALE,1980
017102,Manerba del Garda,2019,titolo_di_godimento,abitazioni occupate al 31 dicembre,tutte le voci,totale,tutte le voci,tutte le voci,TOTALE,TOTALE,2599
017102,Manerba del Garda,2021,titolo_di_godimento,abitazioni occupate al 31 dicembre,tutte le voci,totale,tutte le voci,tutte le voci,TOTALE,TOTALE,2604
017102,Manerba del Garda,2023,titolo_di_godimento,abitazioni occupate al 31 dicembre,tutte le voci,totale,tutte le voci,tutte le voci,TOTALE,TOTALE,2610
017103,Manerbio,2019,occupate_e_non_occupate,abitazioni al 31 dicembre,tutte le voci,totale,tutte le voci,tutte le voci,TOTALE,TOTALE,6357
017103,Manerbio,2019,occupate_e_non_occupate,abitazioni non occupate al 31 dicembre,tutte le voci,totale,tutte le voci,tutte le voci,TOTALE,TOTALE,1115
017103,Manerbio,2019,occupate_e_non_occupate,abitazioni occupate al 31 dicembre,tutte le voci,totale,tutte le voci,tutte le voci,TOTALE,TOTALE,5242
017103,Manerbio,2021,occupate_e_non_occupate,abitazioni al 31 dicembre,tutte le voci,totale,tutte le voci,tutte le voci,TOTALE,TOTALE,6362
017103,Manerbio,2021,occupate_e_non_occupate,abitazioni non occupate al 31 dicembre,tutte le voci,totale,tutte le voci,tutte le voci,TOTALE,TOTALE,937
017103,Manerbio,2021,occupate_e_non_occupate,abitazioni occupate al 31 dicembre,tutte le voci,totale,tutte le voci,tutte le voci,TOTALE,TOTALE,5425
017103,Manerbio,2023,occupate_e_non_occupate,abitazioni al 31 dicembre,tutte le voci,totale,tutte le voci,tutte le voci,TOTALE,TOTALE,6420
017103,Manerbio,2023,occupate_e_non_occupate,abitazioni non occupate al 31 dicembre,tutte le voci,totale,tutte le voci,tutte le voci,TOTALE,TOTALE,826
017103,Manerbio,2023,occupate_e_non_occupate,abitazioni occupate al 31 dicembre,tutte le voci,totale,tutte le voci,tutte le voci,TOTALE,TOTALE,5594
017103,Manerbio,2019,titolo_di_godimento,abitazioni occupate al 31 dicembre,affitto,totale,tutte le voci,tutte le voci,TOTALE,TOTALE,861
017103,Manerbio,2019,titolo_di_godimento,abitazioni occupate al 31 dicembre,"altro titolo diverso da proprietà, affitto",totale,tutte le voci,tutte le voci,TOTALE,TOTALE,305
017103,Manerbio,2019,titolo_di_godimento,abitazioni occupate al 31 dicembre,proprietà,totale,tutte le voci,tutte le voci,TOTALE,TOTALE,4076
017103,Manerbio,2019,titolo_di_godimento,abitazioni occupate al 31 dicembre,tutte le voci,totale,tutte le voci,tutte le voci,TOTALE,TOTALE,5242
017103,Manerbio,2021,titolo_di_godimento,abitazioni occupate al 31 dicembre,tutte le voci,totale,tutte le voci,tutte le voci,TOTALE,TOTALE,5425
017103,Manerbio,2023,titolo_di_godimento,abitazioni occupate al 31 dicembre,tutte le voci,totale,tutte le voci,tutte le voci,TOTALE,TOTALE,5594
017104,Marcheno,2019,occupate_e_non_occupate,abitazioni al 31 dicembre,tutte le voci,totale,tutte le voci,tutte le voci,TOTALE,TOTALE,2472
017104,Marcheno,2019,occupate_e_non_occupate,abitazioni non occupate al 31 dicembre,tutte le voci,totale,tutte le voci,tutte le voci,TOTALE,TOTALE,714
017104,Marcheno,2019,occupate_e_non_occupate,abitazioni occupate al 31 dicembre,tutte le voci,totale,tutte le voci,tutte le voci,TOTALE,TOTALE,1758
017104,Marcheno,2021,occupate_e_non_occupate,abitazioni al 31 dicembre,tutte le voci,totale,tutte le voci,tutte le voci,TOTALE,TOTALE,2476
017104,Marcheno,2021,occupate_e_non_occupate,abitazioni non occupate al 31 dicembre,tutte le voci,totale,tutte le voci,tutte le voci,TOTALE,TOTALE,726
017104,Marcheno,2021,occupate_e_non_occupate,abitazioni occupate al 31 dicembre,tutte le voci,totale,tutte le voci,tutte le voci,TOTALE,TOTALE,1750
017104,Marcheno,2023,occupate_e_non_occupate,abitazioni al 31 dicembre,tutte le voci,totale,tutte le voci,tutte le voci,TOTALE,TOTALE,2492
017104,Marcheno,2023,occupate_e_non_occupate,abitazioni non occupate al 31 dicembre,tutte le voci,totale,tutte le voci,tutte le voci,TOTALE,TOTALE,724
017104,Marcheno,2023,occupate_e_non_occupate,abitazioni occupate al 31 dicembre,tutte le voci,totale,tutte le voci,tutte le voci,TOTALE,TOTALE,1768
017104,Marcheno,2019,titolo_di_godimento,abitazioni occupate al 31 dicembre,affitto,totale,tutte le voci,tutte le voci,TOTALE,TOTALE,291
017104,Marcheno,2019,titolo_di_godimento,abitazioni occupate al 31 dicembre,"altro titolo diverso da proprietà, affitto",totale,tutte le voci,tutte le voci,TOTALE,TOTALE,79
017104,Marcheno,2019,titolo_di_godimento,abitazioni occupate al 31 dicembre,proprietà,totale,tutte le voci,tutte le voci,TOTALE,TOTALE,1388
017104,Marcheno,2019,titolo_di_godimento,abitazioni occupate al 31 dicembre,tutte le voci,totale,tutte le voci,tutte le voci,TOTALE,TOTALE,1758
017104,Marcheno,2021,titolo_di_godimento,abitazioni occupate al 31 dicembre,tutte le voci,totale,tutte le voci,tutte le voci,TOTALE,TOTALE,1750
017104,Marcheno,2023,titolo_di_godimento,abitazioni occupate al 31 dicembre,tutte le voci,totale,tutte le voci,tutte le voci,TOTALE,TOTALE,1768
017105,Marmentino,2019,occupate_e_non_occupate,abitazioni al 31 dicembre,tutte le voci,totale,tutte le voci,tutte le voci,TOTALE,TOTALE,842
017105,Marmentino,2019,occupate_e_non_occupate,abitazioni non occupate al 31 dicembre,tutte le voci,totale,tutte le voci,tutte le voci,TOTALE,TOTALE,516
017105,Marmentino,2019,occupate_e_non_occupate,abitazioni occupate al 31 dicembre,tutte le voci,totale,tutte le voci,tutte le voci,TOTALE,TOTALE,326
017105,Marmentino,2021,occupate_e_non_occupate,abitazioni al 31 dicembre,tutte le voci,totale,tutte le voci,tutte le voci,TOTALE,TOTALE,841
017105,Marmentino,2021,occupate_e_non_occupate,abitazioni non occupate al 31 dicembre,tutte le voci,totale,tutte le voci,tutte le voci,TOTALE,TOTALE,510
017105,Marmentino,2021,occupate_e_non_occupate,abitazioni occupate al 31 dicembre,tutte le voci,totale,tutte le voci,tutte le voci,TOTALE,TOTALE,331
017105,Marmentino,2023,occupate_e_non_occupate,abitazioni al 31 dicembre,tutte le voci,totale,tutte le voci,tutte le voci,TOTALE,TOTALE,844
017105,Marmentino,2023,occupate_e_non_occupate,abitazioni non occupate al 31 dicembre,tutte le voci,totale,tutte le voci,tutte le voci,TOTALE,TOTALE,511
017105,Marmentino,2023,occupate_e_non_occupate,abitazioni occupate al 31 dicembre,tutte le voci,totale,tutte le voci,tutte le voci,TOTALE,TOTALE,333
017105,Marmentino,2019,titolo_di_godimento,abitazioni occupate al 31 dicembre,affitto,totale,tutte le voci,tutte le voci,TOTALE,TOTALE,21
017105,Marmentino,2019,titolo_di_godimento,abitazioni occupate al 31 dicembre,"altro titolo diverso da proprietà, affitto",totale,tutte le voci,tutte le voci,TOTALE,TOTALE,10
017105,Marmentino,2019,titolo_di_godimento,abitazioni occupate al 31 dicembre,proprietà,totale,tutte le voci,tutte le voci,TOTALE,TOTALE,295
017105,Marmentino,2019,titolo_di_godimento,abitazioni occupate al 31 dicembre,tutte le voci,totale,tutte le voci,tutte le voci,TOTALE,TOTALE,326
017105,Marmentino,2021,titolo_di_godimento,abitazioni occupate al 31 dicembre,tutte le voci,totale,tutte le voci,tutte le voci,TOTALE,TOTALE,331
017105,Marmentino,2023,titolo_di_godimento,abitazioni occupate al 31 dicembre,tutte le voci,totale,tutte le voci,tutte le voci,TOTALE,TOTALE,333
017106,Marone,2019,occupate_e_non_occupate,abitazioni al 31 dicembre,tutte le voci,totale,tutte le voci,tutte le voci,TOTALE,TOTALE,2034
017106,Marone,2019,occupate_e_non_occupate,abitazioni non occupate al 31 dicembre,tutte le voci,totale,tutte le voci,tutte le voci,TOTALE,TOTALE,697
017106,Marone,2019,occupate_e_non_occupate,abitazioni occupate al 31 dicembre,tutte le voci,totale,tutte le voci,tutte le voci,TOTALE,TOTALE,1337
017106,Marone,2021,occupate_e_non_occupate,abitazioni al 31 dicembre,tutte le voci,totale,tutte le voci,tutte le voci,TOTALE,TOTALE,2053
017106,Marone,2021,occupate_e_non_occupate,abitazioni non occupate al 31 dicembre,tutte le voci,totale,tutte le voci,tutte le voci,TOTALE,TOTALE,720
017106,Marone,2021,occupate_e_non_occupate,abitazioni occupate al 31 dicembre,tutte le voci,totale,tutte le voci,tutte le voci,TOTALE,TOTALE,1333
017106,Marone,2023,occupate_e_non_occupate,abitazioni al 31 dicembre,tutte le voci,totale,tutte le voci,tutte le voci,TOTALE,TOTALE,2089
017106,Marone,2023,occupate_e_non_occupate,abitazioni non occupate al 31 dicembre,tutte le voci,totale,tutte le voci,tutte le voci,TOTALE,TOTALE,732
017106,Marone,2023,occupate_e_non_occupate,abitazioni occupate al 31 dicembre,tutte le voci,totale,tutte le voci,tutte le voci,TOTALE,TOTALE,1357
017106,Marone,2019,titolo_di_godimento,abitazioni occupate al 31 dicembre,affitto,totale,tutte le voci,tutte le voci,TOTALE,TOTALE,126
017106,Marone,2019,titolo_di_godimento,abitazioni occupate al 31 dicembre,"altro titolo diverso da proprietà, affitto",totale,tutte le voci,tutte le voci,TOTALE,TOTALE,90
017106,Marone,2019,titolo_di_godimento,abitazioni occupate al 31 dicembre,proprietà,totale,tutte le voci,tutte le voci,TOTALE,TOTALE,1121
017106,Marone,2019,titolo_di_godimento,abitazioni occupate al 31 dicembre,tutte le voci,totale,tutte le voci,tutte le voci,TOTALE,TOTALE,1337
017106,Marone,2021,titolo_di_godimento,abitazioni occupate al 31 dicembre,tutte le voci,totale,tutte le voci,tutte le voci,TOTALE,TOTALE,1333
017106,Marone,2023,titolo_di_godimento,abitazioni occupate al 31 dicembre,tutte le voci,totale,tutte le voci,tutte le voci,TOTALE,TOTALE,1357
017107,Mazzano,2019,occupate_e_non_occupate,abitazioni al 31 dicembre,tutte le voci,totale,tutte le voci,tutte le voci,TOTALE,TOTALE,5621
017107,Mazzano,2019,occupate_e_non_occupate,abitazioni non occupate al 31 dicembre,tutte le voci,totale,tutte le voci,tutte le voci,TOTALE,TOTALE,506
017107,Mazzano,2019,occupate_e_non_occupate,abitazioni occupate al 31 dicembre,tutte le voci,totale,tutte le voci,tutte le voci,TOTALE,TOTALE,5115
017107,Mazzano,2021,occupate_e_non_occupate,abitazioni al 31 dicembre,tutte le voci,totale,tutte le voci,tutte le voci,TOTALE,TOTALE,5648
017107,Mazzano,2021,occupate_e_non_occupate,abitazioni non occupate al 31 dicembre,tutte le voci,totale,tutte le voci,tutte le voci,TOTALE,TOTALE,468
017107,Mazzano,2021,occupate_e_non_occupate,abitazioni occupate al 31 dicembre,tutte le voci,totale,tutte le voci,tutte le voci,TOTALE,TOTALE,5180
017107,Mazzano,2023,occupate_e_non_occupate,abitazioni al 31 dicembre,tutte le voci,totale,tutte le voci,tutte le voci,TOTALE,TOTALE,5789
017107,Mazzano,2023,occupate_e_non_occupate,abitazioni non occupate al 31 dicembre,tutte le voci,totale,tutte le voci,tutte le voci,TOTALE,TOTALE,491
017107,Mazzano,2023,occupate_e_non_occupate,abitazioni occupate al 31 dicembre,tutte le voci,totale,tutte le voci,tutte le voci,TOTALE,TOTALE,5298
017107,Mazzano,2019,titolo_di_godimento,abitazioni occupate al 31 dicembre,affitto,totale,tutte le voci,tutte le voci,TOTALE,TOTALE,895
017107,Mazzano,2019,titolo_di_godimento,abitazioni occupate al 31 dicembre,"altro titolo diverso da proprietà, affitto",totale,tutte le voci,tutte le voci,TOTALE,TOTALE,184
017107,Mazzano,2019,titolo_di_godimento,abitazioni occupate al 31 dicembre,proprietà,totale,tutte le voci,tutte le voci,TOTALE,TOTALE,4036
017107,Mazzano,2019,titolo_di_godimento,abitazioni occupate al 31 dicembre,tutte le voci,totale,tutte le voci,tutte le voci,TOTALE,TOTALE,5115
017107,Mazzano,2021,titolo_di_godimento,abitazioni occupate al 31 dicembre,tutte le voci,totale,tutte le voci,tutte le voci,TOTALE,TOTALE,5180
017107,Mazzano,2023,titolo_di_godimento,abitazioni occupate al 31 dicembre,tutte le voci,totale,tutte le voci,tutte le voci,TOTALE,TOTALE,5298
017108,Milzano,2019,occupate_e_non_occupate,abitazioni al 31 dicembre,tutte le voci,totale,tutte le voci,tutte le voci,TOTALE,TOTALE,779
017108,Milzano,2019,occupate_e_non_occupate,abitazioni non occupate al 31 dicembre,tutte le voci,totale,tutte le voci,tutte le voci,TOTALE,TOTALE,109
017108,Milzano,2019,occupate_e_non_occupate,abitazioni occupate al 31 dicembre,tutte le voci,totale,tutte le voci,tutte le voci,TOTALE,TOTALE,670
017108,Milzano,2021,occupate_e_non_occupate,abitazioni al 31 dicembre,tutte le voci,totale,tutte le voci,tutte le voci,TOTALE,TOTALE,779
017108,Milzano,2021,occupate_e_non_occupate,abitazioni non occupate al 31 dicembre,tutte le voci,totale,tutte le voci,tutte le voci,TOTALE,TOTALE,115
017108,Milzano,2021,occupate_e_non_occupate,abitazioni occupate al 31 dicembre,tutte le voci,totale,tutte le voci,tutte le voci,TOTALE,TOTALE,664
017108,Milzano,2023,occupate_e_non_occupate,abitazioni al 31 dicembre,tutte le voci,totale,tutte le voci,tutte le voci,TOTALE,TOTALE,783
017108,Milzano,2023,occupate_e_non_occupate,abitazioni non occupate al 31 dicembre,tutte le voci,totale,tutte le voci,tutte le voci,TOTALE,TOTALE,100
017108,Milzano,2023,occupate_e_non_occupate,abitazioni occupate al 31 dicembre,tutte le voci,totale,tutte le voci,tutte le voci,TOTALE,TOTALE,683
017108,Milzano,2019,titolo_di_godimento,abitazioni occupate al 31 dicembre,affitto,totale,tutte le voci,tutte le voci,TOTALE,TOTALE,89
017108,Milzano,2019,titolo_di_godimento,abitazioni occupate al 31 dicembre,"altro titolo diverso da proprietà, affitto",totale,tutte le voci,tutte le voci,TOTALE,TOTALE,42
017108,Milzano,2019,titolo_di_godimento,abitazioni occupate al 31 dicembre,proprietà,totale,tutte le voci,tutte le voci,TOTALE,TOTALE,538
017108,Milzano,2019,titolo_di_godimento,abitazioni occupate al 31 dicembre,tutte le voci,totale,tutte le voci,tutte le voci,TOTALE,TOTALE,670
017108,Milzano,2021,titolo_di_godimento,abitazioni occupate al 31 dicembre,tutte le voci,totale,tutte le voci,tutte le voci,TOTALE,TOTALE,664
017108,Milzano,2023,titolo_di_godimento,abitazioni occupate al 31 dicembre,tutte le voci,totale,tutte le voci,tutte le voci,TOTALE,TOTALE,683
017109,Moniga del Garda,2019,occupate_e_non_occupate,abitazioni al 31 dicembre,tutte le voci,totale,tutte le voci,tutte le voci,TOTALE,TOTALE,2758
017109,Moniga del Garda,2019,occupate_e_non_occupate,abitazioni non occupate al 31 dicembre,tutte le voci,totale,tutte le voci,tutte le voci,TOTALE,TOTALE,1467
017109,Moniga del Garda,2019,occupate_e_non_occupate,abitazioni occupate al 31 dicembre,tutte le voci,totale,tutte le voci,tutte le voci,TOTALE,TOTALE,1291
017109,Moniga del Garda,2021,occupate_e_non_occupate,abitazioni al 31 dicembre,tutte le voci,totale,tutte le voci,tutte le voci,TOTALE,TOTALE,2764
017109,Moniga del Garda,2021,occupate_e_non_occupate,abitazioni non occupate al 31 dicembre,tutte le voci,totale,tutte le voci,tutte le voci,TOTALE,TOTALE,1442
017109,Moniga del Garda,2021,occupate_e_non_occupate,abitazioni occupate al 31 dicembre,tutte le voci,totale,tutte le voci,tutte le voci,TOTALE,TOTALE,1322
017109,Moniga del Garda,2023,occupate_e_non_occupate,abitazioni al 31 dicembre,tutte le voci,totale,tutte le voci,tutte le voci,TOTALE,TOTALE,2829
017109,Moniga del Garda,2023,occupate_e_non_occupate,abitazioni non occupate al 31 dicembre,tutte le voci,totale,tutte le voci,tutte le voci,TOTALE,TOTALE,1484
017109,Moniga del Garda,2023,occupate_e_non_occupate,abitazioni occupate al 31 dicembre,tutte le voci,totale,tutte le voci,tutte le voci,TOTALE,TOTALE,1345
017109,Moniga del Garda,2019,titolo_di_godimento,abitazioni occupate al 31 dicembre,affitto,totale,tutte le voci,tutte le voci,TOTALE,TOTALE,273
017109,Moniga del Garda,2019,titolo_di_godimento,abitazioni occupate al 31 dicembre,"altro titolo diverso da proprietà, affitto",totale,tutte le voci,tutte le voci,TOTALE,TOTALE,165
017109,Moniga del Garda,2019,titolo_di_godimento,abitazioni occupate al 31 dicembre,proprietà,totale,tutte le voci,tutte le voci,TOTALE,TOTALE,854
017109,Moniga del Garda,2019,titolo_di_godimento,abitazioni occupate al 31 dicembre,tutte le voci,totale,tutte le voci,tutte le voci,TOTALE,TOTALE,1291
017109,Moniga del Garda,2021,titolo_di_godimento,abitazioni occupate al 31 dicembre,tutte le voci,totale,tutte le voci,tutte le voci,TOTALE,TOTALE,1322
017109,Moniga del Garda,2023,titolo_di_godimento,abitazioni occupate al 31 dicembre,tutte le voci,totale,tutte le voci,tutte le voci,TOTALE,TOTALE,1345
017110,Monno,2019,occupate_e_non_occupate,abitazioni al 31 dicembre,tutte le voci,totale,tutte le voci,tutte le voci,TOTALE,TOTALE,877
017110,Monno,2019,occupate_e_non_occupate,abitazioni non occupate al 31 dicembre,tutte le voci,totale,tutte le voci,tutte le voci,TOTALE,TOTALE,619
017110,Monno,2019,occupate_e_non_occupate,abitazioni occupate al 31 dicembre,tutte le voci,totale,tutte le voci,tutte le voci,TOTALE,TOTALE,258
017110,Monno,2021,occupate_e_non_occupate,abitazioni al 31 dicembre,tutte le voci,totale,tutte le voci,tutte le voci,TOTALE,TOTALE,883
017110,Monno,2021,occupate_e_non_occupate,abitazioni non occupate al 31 dicembre,tutte le voci,totale,tutte le voci,tutte le voci,TOTALE,TOTALE,627
017110,Monno,2021,occupate_e_non_occupate,abitazioni occupate al 31 dicembre,tutte le voci,totale,tutte le voci,tutte le voci,TOTALE,TOTALE,256
017110,Monno,2023,occupate_e_non_occupate,abitazioni al 31 dicembre,tutte le voci,totale,tutte le voci,tutte le voci,TOTALE,TOTALE,901
017110,Monno,2023,occupate_e_non_occupate,abitazioni non occupate al 31 dicembre,tutte le voci,totale,tutte le voci,tutte le voci,TOTALE,TOTALE,644
017110,Monno,2023,occupate_e_non_occupate,abitazioni occupate al 31 dicembre,tutte le voci,totale,tutte le voci,tutte le voci,TOTALE,TOTALE,257
017110,Monno,2019,titolo_di_godimento,abitazioni occupate al 31 dicembre,affitto,totale,tutte le voci,tutte le voci,TOTALE,TOTALE,9
017110,Monno,2019,titolo_di_godimento,abitazioni occupate al 31 dicembre,"altro titolo diverso da proprietà, affitto",totale,tutte le voci,tutte le voci,TOTALE,TOTALE,22
017110,Monno,2019,titolo_di_godimento,abitazioni occupate al 31 dicembre,proprietà,totale,tutte le voci,tutte le voci,TOTALE,TOTALE,227
017110,Monno,2019,titolo_di_godimento,abitazioni occupate al 31 dicembre,tutte le voci,totale,tutte le voci,tutte le voci,TOTALE,TOTALE,258
017110,Monno,2021,titolo_di_godimento,abitazioni occupate al 31 dicembre,tutte le voci,totale,tutte le voci,tutte le voci,TOTALE,TOTALE,256
017110,Monno,2023,titolo_di_godimento,abitazioni occupate al 31 dicembre,tutte le voci,totale,tutte le voci,tutte le voci,TOTALE,TOTALE,257
017111,Monte Isola,2019,occupate_e_non_occupate,abitazioni al 31 dicembre,tutte le voci,totale,tutte le voci,tutte le voci,TOTALE,TOTALE,1459
017111,Monte Isola,2019,occupate_e_non_occupate,abitazioni non occupate al 31 dicembre,tutte le voci,totale,tutte le voci,tutte le voci,TOTALE,TOTALE,731
017111,Monte Isola,2019,occupate_e_non_occupate,abitazioni occupate al 31 dicembre,tutte le voci,totale,tutte le voci,tutte le voci,TOTALE,TOTALE,728
017111,Monte Isola,2021,occupate_e_non_occupate,abitazioni al 31 dicembre,tutte le voci,totale,tutte le voci,tutte le voci,TOTALE,TOTALE,1455
017111,Monte Isola,2021,occupate_e_non_occupate,abitazioni non occupate al 31 dicembre,tutte le voci,totale,tutte le voci,tutte le voci,TOTALE,TOTALE,751
017111,Monte Isola,2021,occupate_e_non_occupate,abitazioni occupate al 31 dicembre,tutte le voci,totale,tutte le voci,tutte le voci,TOTALE,TOTALE,704
017111,Monte Isola,2023,occupate_e_non_occupate,abitazioni al 31 dicembre,tutte le voci,totale,tutte le voci,tutte le voci,TOTALE,TOTALE,1468
017111,Monte Isola,2023,occupate_e_non_occupate,abitazioni non occupate al 31 dicembre,tutte le voci,totale,tutte le voci,tutte le voci,TOTALE,TOTALE,753
017111,Monte Isola,2023,occupate_e_non_occupate,abitazioni occupate al 31 dicembre,tutte le voci,totale,tutte le voci,tutte le voci,TOTALE,TOTALE,715
017111,Monte Isola,2019,titolo_di_godimento,abitazioni occupate al 31 dicembre,affitto,totale,tutte le voci,tutte le voci,TOTALE,TOTALE,40
017111,Monte Isola,2019,titolo_di_godimento,abitazioni occupate al 31 dicembre,"altro titolo diverso da proprietà, affitto",totale,tutte le voci,tutte le voci,TOTALE,TOTALE,47
017111,Monte Isola,2019,titolo_di_godimento,abitazioni occupate al 31 dicembre,proprietà,totale,tutte le voci,tutte le voci,TOTALE,TOTALE,641
017111,Monte Isola,2019,titolo_di_godimento,abitazioni occupate al 31 dicembre,tutte le voci,totale,tutte le voci,tutte le voci,TOTALE,TOTALE,728
017111,Monte Isola,2021,titolo_di_godimento,abitazioni occupate al 31 dicembre,tutte le voci,totale,tutte le voci,tutte le voci,TOTALE,TOTALE,704
017111,Monte Isola,2023,titolo_di_godimento,abitazioni occupate al 31 dicembre,tutte le voci,totale,tutte le voci,tutte le voci,TOTALE,TOTALE,715
017112,Monticelli Brusati,2019,occupate_e_non_occupate,abitazioni al 31 dicembre,tutte le voci,totale,tutte le voci,tutte le voci,TOTALE,TOTALE,2171
017112,Monticelli Brusati,2019,occupate_e_non_occupate,abitazioni non occupate al 31 dicembre,tutte le voci,totale,tutte le voci,tutte le voci,TOTALE,TOTALE,330
017112,Monticelli Brusati,2019,occupate_e_non_occupate,abitazioni occupate al 31 dicembre,tutte le voci,totale,tutte le voci,tutte le voci,TOTALE,TOTALE,1841
017112,Monticelli Brusati,2021,occupate_e_non_occupate,abitazioni al 31 dicembre,tutte le voci,totale,tutte le voci,tutte le voci,TOTALE,TOTALE,2180
017112,Monticelli Brusati,2021,occupate_e_non_occupate,abitazioni non occupate al 31 dicembre,tutte le voci,totale,tutte le voci,tutte le voci,TOTALE,TOTALE,325
017112,Monticelli Brusati,2021,occupate_e_non_occupate,abitazioni occupate al 31 dicembre,tutte le voci,totale,tutte le voci,tutte le voci,TOTALE,TOTALE,1855
017112,Monticelli Brusati,2023,occupate_e_non_occupate,abitazioni al 31 dicembre,tutte le voci,totale,tutte le voci,tutte le voci,TOTALE,TOTALE,2209
017112,Monticelli Brusati,2023,occupate_e_non_occupate,abitazioni non occupate al 31 dicembre,tutte le voci,totale,tutte le voci,tutte le voci,TOTALE,TOTALE,317
017112,Monticelli Brusati,2023,occupate_e_non_occupate,abitazioni occupate al 31 dicembre,tutte le voci,totale,tutte le voci,tutte le voci,TOTALE,TOTALE,1892
017112,Monticelli Brusati,2019,titolo_di_godimento,abitazioni occupate al 31 dicembre,affitto,totale,tutte le voci,tutte le voci,TOTALE,TOTALE,221
017112,Monticelli Brusati,2019,titolo_di_godimento,abitazioni occupate al 31 dicembre,"altro titolo diverso da proprietà, affitto",totale,tutte le voci,tutte le voci,TOTALE,TOTALE,100
017112,Monticelli Brusati,2019,titolo_di_godimento,abitazioni occupate al 31 dicembre,proprietà,totale,tutte le voci,tutte le voci,TOTALE,TOTALE,1520
017112,Monticelli Brusati,2019,titolo_di_godimento,abitazioni occupate al 31 dicembre,tutte le voci,totale,tutte le voci,tutte le voci,TOTALE,TOTALE,1841
017112,Monticelli Brusati,2021,titolo_di_godimento,abitazioni occupate al 31 dicembre,tutte le voci,totale,tutte le voci,tutte le voci,TOTALE,TOTALE,1855
017112,Monticelli Brusati,2023,titolo_di_godimento,abitazioni occupate al 31 dicembre,tutte le voci,totale,tutte le voci,tutte le voci,TOTALE,TOTALE,1892
017113,Montichiari,2019,occupate_e_non_occupate,abitazioni al 31 dicembre,tutte le voci,totale,tutte le voci,tutte le voci,TOTALE,TOTALE,11861
017113,Montichiari,2019,occupate_e_non_occupate,abitazioni non occupate al 31 dicembre,tutte le voci,totale,tutte le voci,tutte le voci,TOTALE,TOTALE,1522
017113,Montichiari,2019,occupate_e_non_occupate,abitazioni occupate al 31 dicembre,tutte le voci,totale,tutte le voci,tutte le voci,TOTALE,TOTALE,10339
017113,Montichiari,2021,occupate_e_non_occupate,abitazioni al 31 dicembre,tutte le voci,totale,tutte le voci,tutte le voci,TOTALE,TOTALE,11961
017113,Montichiari,2021,occupate_e_non_occupate,abitazioni non occupate al 31 dicembre,tutte le voci,totale,tutte le voci,tutte le voci,TOTALE,TOTALE,1420
017113,Montichiari,2021,occupate_e_non_occupate,abitazioni occupate al 31 dicembre,tutte le voci,totale,tutte le voci,tutte le voci,TOTALE,TOTALE,10541
017113,Montichiari,2023,occupate_e_non_occupate,abitazioni al 31 dicembre,tutte le voci,totale,tutte le voci,tutte le voci,TOTALE,TOTALE,12160
017113,Montichiari,2023,occupate_e_non_occupate,abitazioni non occupate al 31 dicembre,tutte le voci,totale,tutte le voci,tutte le voci,TOTALE,TOTALE,1433
017113,Montichiari,2023,occupate_e_non_occupate,abitazioni occupate al 31 dicembre,tutte le voci,totale,tutte le voci,tutte le voci,TOTALE,TOTALE,10727
017113,Montichiari,2019,titolo_di_godimento,abitazioni occupate al 31 dicembre,affitto,totale,tutte le voci,tutte le voci,TOTALE,TOTALE,2348
017113,Montichiari,2019,titolo_di_godimento,abitazioni occupate al 31 dicembre,"altro titolo diverso da proprietà, affitto",totale,tutte le voci,tutte le voci,TOTALE,TOTALE,693
017113,Montichiari,2019,titolo_di_godimento,abitazioni occupate al 31 dicembre,proprietà,totale,tutte le voci,tutte le voci,TOTALE,TOTALE,7297
017113,Montichiari,2019,titolo_di_godimento,abitazioni occupate al 31 dicembre,tutte le voci,totale,tutte le voci,tutte le voci,TOTALE,TOTALE,10339
017113,Montichiari,2021,titolo_di_godimento,abitazioni occupate al 31 dicembre,tutte le voci,totale,tutte le voci,tutte le voci,TOTALE,TOTALE,10541
017113,Montichiari,2023,titolo_di_godimento,abitazioni occupate al 31 dicembre,tutte le voci,totale,tutte le voci,tutte le voci,TOTALE,TOTALE,10727
017114,Montirone,2019,occupate_e_non_occupate,abitazioni al 31 dicembre,tutte le voci,totale,tutte le voci,tutte le voci,TOTALE,TOTALE,2274
017114,Montirone,2019,occupate_e_non_occupate,abitazioni non occupate al 31 dicembre,tutte le voci,totale,tutte le voci,tutte le voci,TOTALE,TOTALE,268
017114,Montirone,2019,occupate_e_non_occupate,abitazioni occupate al 31 dicembre,tutte le voci,totale,tutte le voci,tutte le voci,TOTALE,TOTALE,2006
017114,Montirone,2021,occupate_e_non_occupate,abitazioni al 31 dicembre,tutte le voci,totale,tutte le voci,tutte le voci,TOTALE,TOTALE,2274
017114,Montirone,2021,occupate_e_non_occupate,abitazioni non occupate al 31 dicembre,tutte le voci,totale,tutte le voci,tutte le voci,TOTALE,TOTALE,209
017114,Montirone,2021,occupate_e_non_occupate,abitazioni occupate al 31 dicembre,tutte le voci,totale,tutte le voci,tutte le voci,TOTALE,TOTALE,2065
017114,Montirone,2023,occupate_e_non_occupate,abitazioni al 31 dicembre,tutte le voci,totale,tutte le voci,tutte le voci,TOTALE,TOTALE,2291
017114,Montirone,2023,occupate_e_non_occupate,abitazioni non occupate al 31 dicembre,tutte le voci,totale,tutte le voci,tutte le voci,TOTALE,TOTALE,183
017114,Montirone,2023,occupate_e_non_occupate,abitazioni occupate al 31 dicembre,tutte le voci,totale,tutte le voci,tutte le voci,TOTALE,TOTALE,2108
017114,Montirone,2019,titolo_di_godimento,abitazioni occupate al 31 dicembre,affitto,totale,tutte le voci,tutte le voci,TOTALE,TOTALE,351
017114,Montirone,2019,titolo_di_godimento,abitazioni occupate al 31 dicembre,"altro titolo diverso da proprietà, affitto",totale,tutte le voci,tutte le voci,TOTALE,TOTALE,77
017114,Montirone,2019,titolo_di_godimento,abitazioni occupate al 31 dicembre,proprietà,totale,tutte le voci,tutte le voci,TOTALE,TOTALE,1578
017114,Montirone,2019,titolo_di_godimento,abitazioni occupate al 31 dicembre,tutte le voci,totale,tutte le voci,tutte le voci,TOTALE,TOTALE,2006
017114,Montirone,2021,titolo_di_godimento,abitazioni occupate al 31 dicembre,tutte le voci,totale,tutte le voci,tutte le voci,TOTALE,TOTALE,2065
017114,Montirone,2023,titolo_di_godimento,abitazioni occupate al 31 dicembre,tutte le voci,totale,tutte le voci,tutte le voci,TOTALE,TOTALE,2108
017115,Mura,2019,occupate_e_non_occupate,abitazioni al 31 dicembre,tutte le voci,totale,tutte le voci,tutte le voci,TOTALE,TOTALE,507
017115,Mura,2019,occupate_e_non_occupate,abitazioni non occupate al 31 dicembre,tutte le voci,totale,tutte le voci,tutte le voci,TOTALE,TOTALE,192
017115,Mura,2019,occupate_e_non_occupate,abitazioni occupate al 31 dicembre,tutte le voci,totale,tutte le voci,tutte le voci,TOTALE,TOTALE,315
017115,Mura,2021,occupate_e_non_occupate,abitazioni al 31 dicembre,tutte le voci,totale,tutte le voci,tutte le voci,TOTALE,TOTALE,506
017115,Mura,2021,occupate_e_non_occupate,abitazioni non occupate al 31 dicembre,tutte le voci,totale,tutte le voci,tutte le voci,TOTALE,TOTALE,171
017115,Mura,2021,occupate_e_non_occupate,abitazioni occupate al 31 dicembre,tutte le voci,totale,tutte le voci,tutte le voci,TOTALE,TOTALE,335
017115,Mura,2023,occupate_e_non_occupate,abitazioni al 31 dicembre,tutte le voci,totale,tutte le voci,tutte le voci,TOTALE,TOTALE,505
017115,Mura,2023,occupate_e_non_occupate,abitazioni non occupate al 31 dicembre,tutte le voci,totale,tutte le voci,tutte le voci,TOTALE,TOTALE,170
017115,Mura,2023,occupate_e_non_occupate,abitazioni occupate al 31 dicembre,tutte le voci,totale,tutte le voci,tutte le voci,TOTALE,TOTALE,335
017115,Mura,2019,titolo_di_godimento,abitazioni occupate al 31 dicembre,affitto,totale,tutte le voci,tutte le voci,TOTALE,TOTALE,34
017115,Mura,2019,titolo_di_godimento,abitazioni occupate al 31 dicembre,"altro titolo diverso da proprietà, affitto",totale,tutte le voci,tutte le voci,TOTALE,TOTALE,24
017115,Mura,2019,titolo_di_godimento,abitazioni occupate al 31 dicembre,proprietà,totale,tutte le voci,tutte le voci,TOTALE,TOTALE,257
017115,Mura,2019,titolo_di_godimento,abitazioni occupate al 31 dicembre,tutte le voci,totale,tutte le voci,tutte le voci,TOTALE,TOTALE,315
017115,Mura,2021,titolo_di_godimento,abitazioni occupate al 31 dicembre,tutte le voci,totale,tutte le voci,tutte le voci,TOTALE,TOTALE,335
017115,Mura,2023,titolo_di_godimento,abitazioni occupate al 31 dicembre,tutte le voci,totale,tutte le voci,tutte le voci,TOTALE,TOTALE,335
017116,Muscoline,2019,occupate_e_non_occupate,abitazioni al 31 dicembre,tutte le voci,totale,tutte le voci,tutte le voci,TOTALE,TOTALE,1577
017116,Muscoline,2019,occupate_e_non_occupate,abitazioni non occupate al 31 dicembre,tutte le voci,totale,tutte le voci,tutte le voci,TOTALE,TOTALE,466
017116,Muscoline,2019,occupate_e_non_occupate,abitazioni occupate al 31 dicembre,tutte le voci,totale,tutte le voci,tutte le voci,TOTALE,TOTALE,1111
017116,Muscoline,2021,occupate_e_non_occupate,abitazioni al 31 dicembre,tutte le voci,totale,tutte le voci,tutte le voci,TOTALE,TOTALE,1580
017116,Muscoline,2021,occupate_e_non_occupate,abitazioni non occupate al 31 dicembre,tutte le voci,totale,tutte le voci,tutte le voci,TOTALE,TOTALE,442
017116,Muscoline,2021,occupate_e_non_occupate,abitazioni occupate al 31 dicembre,tutte le voci,totale,tutte le voci,tutte le voci,TOTALE,TOTALE,1138
017116,Muscoline,2023,occupate_e_non_occupate,abitazioni al 31 dicembre,tutte le voci,totale,tutte le voci,tutte le voci,TOTALE,TOTALE,1594
017116,Muscoline,2023,occupate_e_non_occupate,abitazioni non occupate al 31 dicembre,tutte le voci,totale,tutte le voci,tutte le voci,TOTALE,TOTALE,437
017116,Muscoline,2023,occupate_e_non_occupate,abitazioni occupate al 31 dicembre,tutte le voci,totale,tutte le voci,tutte le voci,TOTALE,TOTALE,1157
017116,Muscoline,2019,titolo_di_godimento,abitazioni occupate al 31 dicembre,affitto,totale,tutte le voci,tutte le voci,TOTALE,TOTALE,128
017116,Muscoline,2019,titolo_di_godimento,abitazioni occupate al 31 dicembre,"altro titolo diverso da proprietà, affitto",totale,tutte le voci,tutte le voci,TOTALE,TOTALE,111
017116,Muscoline,2019,titolo_di_godimento,abitazioni occupate al 31 dicembre,proprietà,totale,tutte le voci,tutte le voci,TOTALE,TOTALE,872
017116,Muscoline,2019,titolo_di_godimento,abitazioni occupate al 31 dicembre,tutte le voci,totale,tutte le voci,tutte le voci,TOTALE,TOTALE,1111
017116,Muscoline,2021,titolo_di_godimento,abitazioni occupate al 31 dicembre,tutte le voci,totale,tutte le voci,tutte le voci,TOTALE,TOTALE,1138
017116,Muscoline,2023,titolo_di_godimento,abitazioni occupate al 31 dicembre,tutte le voci,totale,tutte le voci,tutte le voci,TOTALE,TOTALE,1157
017117,Nave,2019,occupate_e_non_occupate,abitazioni al 31 dicembre,tutte le voci,totale,tutte le voci,tutte le voci,TOTALE,TOTALE,5255
017117,Nave,2019,occupate_e_non_occupate,abitazioni non occupate al 31 dicembre,tutte le voci,totale,tutte le voci,tutte le voci,TOTALE,TOTALE,821
017117,Nave,2019,occupate_e_non_occupate,abitazioni occupate al 31 dicembre,tutte le voci,totale,tutte le voci,tutte le voci,TOTALE,TOTALE,4434
017117,Nave,2021,occupate_e_non_occupate,abitazioni al 31 dicembre,tutte le voci,totale,tutte le voci,tutte le voci,TOTALE,TOTALE,5263
017117,Nave,2021,occupate_e_non_occupate,abitazioni non occupate al 31 dicembre,tutte le voci,totale,tutte le voci,tutte le voci,TOTALE,TOTALE,677
017117,Nave,2021,occupate_e_non_occupate,abitazioni occupate al 31 dicembre,tutte le voci,totale,tutte le voci,tutte le voci,TOTALE,TOTALE,4586
017117,Nave,2023,occupate_e_non_occupate,abitazioni al 31 dicembre,tutte le voci,totale,tutte le voci,tutte le voci,TOTALE,TOTALE,5327
017117,Nave,2023,occupate_e_non_occupate,abitazioni non occupate al 31 dicembre,tutte le voci,totale,tutte le voci,tutte le voci,TOTALE,TOTALE,689
017117,Nave,2023,occupate_e_non_occupate,abitazioni occupate al 31 dicembre,tutte le voci,totale,tutte le voci,tutte le voci,TOTALE,TOTALE,4638
017117,Nave,2019,titolo_di_godimento,abitazioni occupate al 31 dicembre,affitto,totale,tutte le voci,tutte le voci,TOTALE,TOTALE,608
017117,Nave,2019,titolo_di_godimento,abitazioni occupate al 31 dicembre,"altro titolo diverso da proprietà, affitto",totale,tutte le voci,tutte le voci,TOTALE,TOTALE,248
017117,Nave,2019,titolo_di_godimento,abitazioni occupate al 31 dicembre,proprietà,totale,tutte le voci,tutte le voci,TOTALE,TOTALE,3578
017117,Nave,2019,titolo_di_godimento,abitazioni occupate al 31 dicembre,tutte le voci,totale,tutte le voci,tutte le voci,TOTALE,TOTALE,4434
017117,Nave,2021,titolo_di_godimento,abitazioni occupate al 31 dicembre,tutte le voci,totale,tutte le voci,tutte le voci,TOTALE,TOTALE,4586
017117,Nave,2023,titolo_di_godimento,abitazioni occupate al 31 dicembre,tutte le voci,totale,tutte le voci,tutte le voci,TOTALE,TOTALE,4638
017118,Niardo,2019,occupate_e_non_occupate,abitazioni al 31 dicembre,tutte le voci,totale,tutte le voci,tutte le voci,TOTALE,TOTALE,1216
017118,Niardo,2019,occupate_e_non_occupate,abitazioni non occupate al 31 dicembre,tutte le voci,totale,tutte le voci,tutte le voci,TOTALE,TOTALE,365
017118,Niardo,2019,occupate_e_non_occupate,abitazioni occupate al 31 dicembre,tutte le voci,totale,tutte le voci,tutte le voci,TOTALE,TOTALE,851
017118,Niardo,2021,occupate_e_non_occupate,abitazioni al 31 dicembre,tutte le voci,totale,tutte le voci,tutte le voci,TOTALE,TOTALE,1218
017118,Niardo,2021,occupate_e_non_occupate,abitazioni non occupate al 31 dicembre,tutte le voci,totale,tutte le voci,tutte le voci,TOTALE,TOTALE,390
017118,Niardo,2021,occupate_e_non_occupate,abitazioni occupate al 31 dicembre,tutte le voci,totale,tutte le voci,tutte le voci,TOTALE,TOTALE,828
017118,Niardo,2023,occupate_e_non_occupate,abitazioni al 31 dicembre,tutte le voci,totale,tutte le voci,tutte le voci,TOTALE,TOTALE,1220
017118,Niardo,2023,occupate_e_non_occupate,abitazioni non occupate al 31 dicembre,tutte le voci,totale,tutte le voci,tutte le voci,TOTALE,TOTALE,394
017118,Niardo,2023,occupate_e_non_occupate,abitazioni occupate al 31 dicembre,tutte le voci,totale,tutte le voci,tutte le voci,TOTALE,TOTALE,826
017118,Niardo,2019,titolo_di_godimento,abitazioni occupate al 31 dicembre,affitto,totale,tutte le voci,tutte le voci,TOTALE,TOTALE,105
017118,Niardo,2019,titolo_di_godimento,abitazioni occupate al 31 dicembre,"altro titolo diverso da proprietà, affitto",totale,tutte le voci,tutte le voci,TOTALE,TOTALE,62
017118,Niardo,2019,titolo_di_godimento,abitazioni occupate al 31 dicembre,proprietà,totale,tutte le voci,tutte le voci,TOTALE,TOTALE,683
017118,Niardo,2019,titolo_di_godimento,abitazioni occupate al 31 dicembre,tutte le voci,totale,tutte le voci,tutte le voci,TOTALE,TOTALE,851
017118,Niardo,2021,titolo_di_godimento,abitazioni occupate al 31 dicembre,tutte le voci,totale,tutte le voci,tutte le voci,TOTALE,TOTALE,828
017118,Niardo,2023,titolo_di_godimento,abitazioni occupate al 31 dicembre,tutte le voci,totale,tutte le voci,tutte le voci,TOTALE,TOTALE,826
017119,Nuvolento,2019,occupate_e_non_occupate,abitazioni al 31 dicembre,tutte le voci,totale,tutte le voci,tutte le voci,TOTALE,TOTALE,1893
017119,Nuvolento,2019,occupate_e_non_occupate,abitazioni non occupate al 31 dicembre,tutte le voci,totale,tutte le voci,tutte le voci,TOTALE,TOTALE,353
017119,Nuvolento,2019,occupate_e_non_occupate,abitazioni occupate al 31 dicembre,tutte le voci,totale,tutte le voci,tutte le voci,TOTALE,TOTALE,1540
017119,Nuvolento,2021,occupate_e_non_occupate,abitazioni al 31 dicembre,tutte le voci,totale,tutte le voci,tutte le voci,TOTALE,TOTALE,1896
017119,Nuvolento,2021,occupate_e_non_occupate,abitazioni non occupate al 31 dicembre,tutte le voci,totale,tutte le voci,tutte le voci,TOTALE,TOTALE,334
017119,Nuvolento,2021,occupate_e_non_occupate,abitazioni occupate al 31 dicembre,tutte le voci,totale,tutte le voci,tutte le voci,TOTALE,TOTALE,1562
017119,Nuvolento,2023,occupate_e_non_occupate,abitazioni al 31 dicembre,tutte le voci,totale,tutte le voci,tutte le voci,TOTALE,TOTALE,1900
017119,Nuvolento,2023,occupate_e_non_occupate,abitazioni non occupate al 31 dicembre,tutte le voci,totale,tutte le voci,tutte le voci,TOTALE,TOTALE,306
017119,Nuvolento,2023,occupate_e_non_occupate,abitazioni occupate al 31 dicembre,tutte le voci,totale,tutte le voci,tutte le voci,TOTALE,TOTALE,1594
017119,Nuvolento,2019,titolo_di_godimento,abitazioni occupate al 31 dicembre,affitto,totale,tutte le voci,tutte le voci,TOTALE,TOTALE,186
017119,Nuvolento,2019,titolo_di_godimento,abitazioni occupate al 31 dicembre,"altro titolo diverso da proprietà, affitto",totale,tutte le voci,tutte le voci,TOTALE,TOTALE,44
017119,Nuvolento,2019,titolo_di_godimento,abitazioni occupate al 31 dicembre,proprietà,totale,tutte le voci,tutte le voci,TOTALE,TOTALE,1310
017119,Nuvolento,2019,titolo_di_godimento,abitazioni occupate al 31 dicembre,tutte le voci,totale,tutte le voci,tutte le voci,TOTALE,TOTALE,1540
017119,Nuvolento,2021,titolo_di_godimento,abitazioni occupate al 31 dicembre,tutte le voci,totale,tutte le voci,tutte le voci,TOTALE,TOTALE,1562
017119,Nuvolento,2023,titolo_di_godimento,abitazioni occupate al 31 dicembre,tutte le voci,totale,tutte le voci,tutte le voci,TOTALE,TOTALE,1594
017120,Nuvolera,2019,occupate_e_non_occupate,abitazioni al 31 dicembre,tutte le voci,totale,tutte le voci,tutte le voci,TOTALE,TOTALE,2158
017120,Nuvolera,2019,occupate_e_non_occupate,abitazioni non occupate al 31 dicembre,tutte le voci,totale,tutte le voci,tutte le voci,TOTALE,TOTALE,309
017120,Nuvolera,2019,occupate_e_non_occupate,abitazioni occupate al 31 dicembre,tutte le voci,totale,tutte le voci,tutte le voci,TOTALE,TOTALE,1849
017120,Nuvolera,2021,occupate_e_non_occupate,abitazioni al 31 dicembre,tutte le voci,totale,tutte le voci,tutte le voci,TOTALE,TOTALE,2170
017120,Nuvolera,2021,occupate_e_non_occupate,abitazioni non occupate al 31 dicembre,tutte le voci,totale,tutte le voci,tutte le voci,TOTALE,TOTALE,304
017120,Nuvolera,2021,occupate_e_non_occupate,abitazioni occupate al 31 dicembre,tutte le voci,totale,tutte le voci,tutte le voci,TOTALE,TOTALE,1866
017120,Nuvolera,2023,occupate_e_non_occupate,abitazioni al 31 dicembre,tutte le voci,totale,tutte le voci,tutte le voci,TOTALE,TOTALE,2200
017120,Nuvolera,2023,occupate_e_non_occupate,abitazioni non occupate al 31 dicembre,tutte le voci,totale,tutte le voci,tutte le voci,TOTALE,TOTALE,284
017120,Nuvolera,2023,occupate_e_non_occupate,abitazioni occupate al 31 dicembre,tutte le voci,totale,tutte le voci,tutte le voci,TOTALE,TOTALE,1916
017120,Nuvolera,2019,titolo_di_godimento,abitazioni occupate al 31 dicembre,affitto,totale,tutte le voci,tutte le voci,TOTALE,TOTALE,282
017120,Nuvolera,2019,titolo_di_godimento,abitazioni occupate al 31 dicembre,"altro titolo diverso da proprietà, affitto",totale,tutte le voci,tutte le voci,TOTALE,TOTALE,65
017120,Nuvolera,2019,titolo_di_godimento,abitazioni occupate al 31 dicembre,proprietà,totale,tutte le voci,tutte le voci,TOTALE,TOTALE,1502
017120,Nuvolera,2019,titolo_di_godimento,abitazioni occupate al 31 dicembre,tutte le voci,totale,tutte le voci,tutte le voci,TOTALE,TOTALE,1849
017120,Nuvolera,2021,titolo_di_godimento,abitazioni occupate al 31 dicembre,tutte le voci,totale,tutte le voci,tutte le voci,TOTALE,TOTALE,1866
017120,Nuvolera,2023,titolo_di_godimento,abitazioni occupate al 31 dicembre,tutte le voci,totale,tutte le voci,tutte le voci,TOTALE,TOTALE,1916
017121,Odolo,2019,occupate_e_non_occupate,abitazioni al 31 dicembre,tutte le voci,totale,tutte le voci,tutte le voci,TOTALE,TOTALE,1012
017121,Odolo,2019,occupate_e_non_occupate,abitazioni non occupate al 31 dicembre,tutte le voci,totale,tutte le voci,tutte le voci,TOTALE,TOTALE,246
017121,Odolo,2019,occupate_e_non_occupate,abitazioni occupate al 31 dicembre,tutte le voci,totale,tutte le voci,tutte le voci,TOTALE,TOTALE,766
017121,Odolo,2021,occupate_e_non_occupate,abitazioni al 31 dicembre,tutte le voci,totale,tutte le voci,tutte le voci,TOTALE,TOTALE,1013
017121,Odolo,2021,occupate_e_non_occupate,abitazioni non occupate al 31 dicembre,tutte le voci,totale,tutte le voci,tutte le voci,TOTALE,TOTALE,236
017121,Odolo,2021,occupate_e_non_occupate,abitazioni occupate al 31 dicembre,tutte le voci,totale,tutte le voci,tutte le voci,TOTALE,TOTALE,777
017121,Odolo,2023,occupate_e_non_occupate,abitazioni al 31 dicembre,tutte le voci,totale,tutte le voci,tutte le voci,TOTALE,TOTALE,1018
017121,Odolo,2023,occupate_e_non_occupate,abitazioni non occupate al 31 dicembre,tutte le voci,totale,tutte le voci,tutte le voci,TOTALE,TOTALE,259
017121,Odolo,2023,occupate_e_non_occupate,abitazioni occupate al 31 dicembre,tutte le voci,totale,tutte le voci,tutte le voci,TOTALE,TOTALE,759
017121,Odolo,2019,titolo_di_godimento,abitazioni occupate al 31 dicembre,affitto,totale,tutte le voci,tutte le voci,TOTALE,TOTALE,258
017121,Odolo,2019,titolo_di_godimento,abitazioni occupate al 31 dicembre,"altro titolo diverso da proprietà, affitto",totale,tutte le voci,tutte le voci,TOTALE,TOTALE,57
017121,Odolo,2019,titolo_di_godimento,abitazioni occupate al 31 dicembre,proprietà,totale,tutte le voci,tutte le voci,TOTALE,TOTALE,451
017121,Odolo,2019,titolo_di_godimento,abitazioni occupate al 31 dicembre,tutte le voci,totale,tutte le voci,tutte le voci,TOTALE,TOTALE,766
017121,Odolo,2021,titolo_di_godimento,abitazioni occupate al 31 dicembre,tutte le voci,totale,tutte le voci,tutte le voci,TOTALE,TOTALE,777
017121,Odolo,2023,titolo_di_godimento,abitazioni occupate al 31 dicembre,tutte le voci,totale,tutte le voci,tutte le voci,TOTALE,TOTALE,759
017122,Offlaga,2019,occupate_e_non_occupate,abitazioni al 31 dicembre,tutte le voci,totale,tutte le voci,tutte le voci,TOTALE,TOTALE,1842
017122,Offlaga,2019,occupate_e_non_occupate,abitazioni non occupate al 31 dicembre,tutte le voci,totale,tutte le voci,tutte le voci,TOTALE,TOTALE,308
017122,Offlaga,2019,occupate_e_non_occupate,abitazioni occupate al 31 dicembre,tutte le voci,totale,tutte le voci,tutte le voci,TOTALE,TOTALE,1534
017122,Offlaga,2021,occupate_e_non_occupate,abitazioni al 31 dicembre,tutte le voci,totale,tutte le voci,tutte le voci,TOTALE,TOTALE,1855
017122,Offlaga,2021,occupate_e_non_occupate,abitazioni non occupate al 31 dicembre,tutte le voci,totale,tutte le voci,tutte le voci,TOTALE,TOTALE,286
017122,Offlaga,2021,occupate_e_non_occupate,abitazioni occupate al 31 dicembre,tutte le voci,totale,tutte le voci,tutte le voci,TOTALE,TOTALE,1569
017122,Offlaga,2023,occupate_e_non_occupate,abitazioni al 31 dicembre,tutte le voci,totale,tutte le voci,tutte le voci,TOTALE,TOTALE,1865
017122,Offlaga,2023,occupate_e_non_occupate,abitazioni non occupate al 31 dicembre,tutte le voci,totale,tutte le voci,tutte le voci,TOTALE,TOTALE,262
017122,Offlaga,2023,occupate_e_non_occupate,abitazioni occupate al 31 dicembre,tutte le voci,totale,tutte le voci,tutte le voci,TOTALE,TOTALE,1603
017122,Offlaga,2019,titolo_di_godimento,abitazioni occupate al 31 dicembre,affitto,totale,tutte le voci,tutte le voci,TOTALE,TOTALE,190
017122,Offlaga,2019,titolo_di_godimento,abitazioni occupate al 31 dicembre,"altro titolo diverso da proprietà, affitto",totale,tutte le voci,tutte le voci,TOTALE,TOTALE,80
017122,Offlaga,2019,titolo_di_godimento,abitazioni occupate al 31 dicembre,proprietà,totale,tutte le voci,tutte le voci,TOTALE,TOTALE,1264
017122,Offlaga,2019,titolo_di_godimento,abitazioni occupate al 31 dicembre,tutte le voci,totale,tutte le voci,tutte le voci,TOTALE,TOTALE,1534
017122,Offlaga,2021,titolo_di_godimento,abitazioni occupate al 31 dicembre,tutte le voci,totale,tutte le voci,tutte le voci,TOTALE,TOTALE,1569
017122,Offlaga,2023,titolo_di_godimento,abitazioni occupate al 31 dicembre,tutte le voci,totale,tutte le voci,tutte le voci,TOTALE,TOTALE,1603
017123,Ome,2019,occupate_e_non_occupate,abitazioni al 31 dicembre,tutte le voci,totale,tutte le voci,tutte le voci,TOTALE,TOTALE,1686
017123,Ome,2019,occupate_e_non_occupate,abitazioni non occupate al 31 dicembre,tutte le voci,totale,tutte le voci,tutte le voci,TOTALE,TOTALE,364
017123,Ome,2019,occupate_e_non_occupate,abitazioni occupate al 31 dicembre,tutte le voci,totale,tutte le voci,tutte le voci,TOTALE,TOTALE,1322
017123,Ome,2021,occupate_e_non_occupate,abitazioni al 31 dicembre,tutte le voci,totale,tutte le voci,tutte le voci,TOTALE,TOTALE,1690
017123,Ome,2021,occupate_e_non_occupate,abitazioni non occupate al 31 dicembre,tutte le voci,totale,tutte le voci,tutte le voci,TOTALE,TOTALE,378
017123,Ome,2021,occupate_e_non_occupate,abitazioni occupate al 31 dicembre,tutte le voci,totale,tutte le voci,tutte le voci,TOTALE,TOTALE,1312
017123,Ome,2023,occupate_e_non_occupate,abitazioni al 31 dicembre,tutte le voci,totale,tutte le voci,tutte le voci,TOTALE,TOTALE,1698
017123,Ome,2023,occupate_e_non_occupate,abitazioni non occupate al 31 dicembre,tutte le voci,totale,tutte le voci,tutte le voci,TOTALE,TOTALE,364
017123,Ome,2023,occupate_e_non_occupate,abitazioni occupate al 31 dicembre,tutte le voci,totale,tutte le voci,tutte le voci,TOTALE,TOTALE,1334
017123,Ome,2019,titolo_di_godimento,abitazioni occupate al 31 dicembre,affitto,totale,tutte le voci,tutte le voci,TOTALE,TOTALE,142
017123,Ome,2019,titolo_di_godimento,abitazioni occupate al 31 dicembre,"altro titolo diverso da proprietà, affitto",totale,tutte le voci,tutte le voci,TOTALE,TOTALE,63
017123,Ome,2019,titolo_di_godimento,abitazioni occupate al 31 dicembre,proprietà,totale,tutte le voci,tutte le voci,TOTALE,TOTALE,1117
017123,Ome,2019,titolo_di_godimento,abitazioni occupate al 31 dicembre,tutte le voci,totale,tutte le voci,tutte le voci,TOTALE,TOTALE,1322
017123,Ome,2021,titolo_di_godimento,abitazioni occupate al 31 dicembre,tutte le voci,totale,tutte le voci,tutte le voci,TOTALE,TOTALE,1312
017123,Ome,2023,titolo_di_godimento,abitazioni occupate al 31 dicembre,tutte le voci,totale,tutte le voci,tutte le voci,TOTALE,TOTALE,1334
017124,Ono San Pietro,2019,occupate_e_non_occupate,abitazioni al 31 dicembre,tutte le voci,totale,tutte le voci,tutte le voci,TOTALE,TOTALE,750
017124,Ono San Pietro,2019,occupate_e_non_occupate,abitazioni non occupate al 31 dicembre,tutte le voci,totale,tutte le voci,tutte le voci,TOTALE,TOTALE,331
017124,Ono San Pietro,2019,occupate_e_non_occupate,abitazioni occupate al 31 dicembre,tutte le voci,totale,tutte le voci,tutte le voci,TOTALE,TOTALE,419
017124,Ono San Pietro,2021,occupate_e_non_occupate,abitazioni al 31 dicembre,tutte le voci,totale,tutte le voci,tutte le voci,TOTALE,TOTALE,753
017124,Ono San Pietro,2021,occupate_e_non_occupate,abitazioni non occupate al 31 dicembre,tutte le voci,totale,tutte le voci,tutte le voci,TOTALE,TOTALE,332
017124,Ono San Pietro,2021,occupate_e_non_occupate,abitazioni occupate al 31 dicembre,tutte le voci,totale,tutte le voci,tutte le voci,TOTALE,TOTALE,421
017124,Ono San Pietro,2023,occupate_e_non_occupate,abitazioni al 31 dicembre,tutte le voci,totale,tutte le voci,tutte le voci,TOTALE,TOTALE,764
017124,Ono San Pietro,2023,occupate_e_non_occupate,abitazioni non occupate al 31 dicembre,tutte le voci,totale,tutte le voci,tutte le voci,TOTALE,TOTALE,356
017124,Ono San Pietro,2023,occupate_e_non_occupate,abitazioni occupate al 31 dicembre,tutte le voci,totale,tutte le voci,tutte le voci,TOTALE,TOTALE,408
017124,Ono San Pietro,2019,titolo_di_godimento,abitazioni occupate al 31 dicembre,affitto,totale,tutte le voci,tutte le voci,TOTALE,TOTALE,5
017124,Ono San Pietro,2019,titolo_di_godimento,abitazioni occupate al 31 dicembre,"altro titolo diverso da proprietà, affitto",totale,tutte le voci,tutte le voci,TOTALE,TOTALE,5
017124,Ono San Pietro,2019,titolo_di_godimento,abitazioni occupate al 31 dicembre,proprietà,totale,tutte le voci,tutte le voci,TOTALE,TOTALE,410
017124,Ono San Pietro,2019,titolo_di_godimento,abitazioni occupate al 31 dicembre,tutte le voci,totale,tutte le voci,tutte le voci,TOTALE,TOTALE,419
017124,Ono San Pietro,2021,titolo_di_godimento,abitazioni occupate al 31 dicembre,tutte le voci,totale,tutte le voci,tutte le voci,TOTALE,TOTALE,421
017124,Ono San Pietro,2023,titolo_di_godimento,abitazioni occupate al 31 dicembre,tutte le voci,totale,tutte le voci,tutte le voci,TOTALE,TOTALE,408
017125,Orzinuovi,2019,occupate_e_non_occupate,abitazioni al 31 dicembre,tutte le voci,totale,tutte le voci,tutte le voci,TOTALE,TOTALE,6031
017125,Orzinuovi,2019,occupate_e_non_occupate,abitazioni non occupate al 31 dicembre,tutte le voci,totale,tutte le voci,tutte le voci,TOTALE,TOTALE,1068
017125,Orzinuovi,2019,occupate_e_non_occupate,abitazioni occupate al 31 dicembre,tutte le voci,totale,tutte le voci,tutte le voci,TOTALE,TOTALE,4963
017125,Orzinuovi,2021,occupate_e_non_occupate,abitazioni al 31 dicembre,tutte le voci,totale,tutte le voci,tutte le voci,TOTALE,TOTALE,6046
017125,Orzinuovi,2021,occupate_e_non_occupate,abitazioni non occupate al 31 dicembre,tutte le voci,totale,tutte le voci,tutte le voci,TOTALE,TOTALE,992
017125,Orzinuovi,2021,occupate_e_non_occupate,abitazioni occupate al 31 dicembre,tutte le voci,totale,tutte le voci,tutte le voci,TOTALE,TOTALE,5054
017125,Orzinuovi,2023,occupate_e_non_occupate,abitazioni al 31 dicembre,tutte le voci,totale,tutte le voci,tutte le voci,TOTALE,TOTALE,6127
017125,Orzinuovi,2023,occupate_e_non_occupate,abitazioni non occupate al 31 dicembre,tutte le voci,totale,tutte le voci,tutte le voci,TOTALE,TOTALE,1024
017125,Orzinuovi,2023,occupate_e_non_occupate,abitazioni occupate al 31 dicembre,tutte le voci,totale,tutte le voci,tutte le voci,TOTALE,TOTALE,5103
017125,Orzinuovi,2019,titolo_di_godimento,abitazioni occupate al 31 dicembre,affitto,totale,tutte le voci,tutte le voci,TOTALE,TOTALE,1042
017125,Orzinuovi,2019,titolo_di_godimento,abitazioni occupate al 31 dicembre,"altro titolo diverso da proprietà, affitto",totale,tutte le voci,tutte le voci,TOTALE,TOTALE,293
017125,Orzinuovi,2019,titolo_di_godimento,abitazioni occupate al 31 dicembre,proprietà,totale,tutte le voci,tutte le voci,TOTALE,TOTALE,3628
017125,Orzinuovi,2019,titolo_di_godimento,abitazioni occupate al 31 dicembre,tutte le voci,totale,tutte le voci,tutte le voci,TOTALE,TOTALE,4963
017125,Orzinuovi,2021,titolo_di_godimento,abitazioni occupate al 31 dicembre,tutte le voci,totale,tutte le voci,tutte le voci,TOTALE,TOTALE,5054
017125,Orzinuovi,2023,titolo_di_godimento,abitazioni occupate al 31 dicembre,tutte le voci,totale,tutte le voci,tutte le voci,TOTALE,TOTALE,5103
017126,Orzivecchi,2019,occupate_e_non_occupate,abitazioni al 31 dicembre,tutte le voci,totale,tutte le voci,tutte le voci,TOTALE,TOTALE,1138
017126,Orzivecchi,2019,occupate_e_non_occupate,abitazioni non occupate al 31 dicembre,tutte le voci,totale,tutte le voci,tutte le voci,TOTALE,TOTALE,194
017126,Orzivecchi,2019,occupate_e_non_occupate,abitazioni occupate al 31 dicembre,tutte le voci,totale,tutte le voci,tutte le voci,TOTALE,TOTALE,944
017126,Orzivecchi,2021,occupate_e_non_occupate,abitazioni al 31 dicembre,tutte le voci,totale,tutte le voci,tutte le voci,TOTALE,TOTALE,1142
017126,Orzivecchi,2021,occupate_e_non_occupate,abitazioni non occupate al 31 dicembre,tutte le voci,totale,tutte le voci,tutte le voci,TOTALE,TOTALE,185
017126,Orzivecchi,2021,occupate_e_non_occupate,abitazioni occupate al 31 dicembre,tutte le voci,totale,tutte le voci,tutte le voci,TOTALE,TOTALE,957
017126,Orzivecchi,2023,occupate_e_non_occupate,abitazioni al 31 dicembre,tutte le voci,totale,tutte le voci,tutte le voci,TOTALE,TOTALE,1164
017126,Orzivecchi,2023,occupate_e_non_occupate,abitazioni non occupate al 31 dicembre,tutte le voci,totale,tutte le voci,tutte le voci,TOTALE,TOTALE,173
017126,Orzivecchi,2023,occupate_e_non_occupate,abitazioni occupate al 31 dicembre,tutte le voci,totale,tutte le voci,tutte le voci,TOTALE,TOTALE,991
017126,Orzivecchi,2019,titolo_di_godimento,abitazioni occupate al 31 dicembre,affitto,totale,tutte le voci,tutte le voci,TOTALE,TOTALE,135
017126,Orzivecchi,2019,titolo_di_godimento,abitazioni occupate al 31 dicembre,"altro titolo diverso da proprietà, affitto",totale,tutte le voci,tutte le voci,TOTALE,TOTALE,58
017126,Orzivecchi,2019,titolo_di_godimento,abitazioni occupate al 31 dicembre,proprietà,totale,tutte le voci,tutte le voci,TOTALE,TOTALE,751
017126,Orzivecchi,2019,titolo_di_godimento,abitazioni occupate al 31 dicembre,tutte le voci,totale,tutte le voci,tutte le voci,TOTALE,TOTALE,944
017126,Orzivecchi,2021,titolo_di_godimento,abitazioni occupate al 31 dicembre,tutte le voci,totale,tutte le voci,tutte le voci,TOTALE,TOTALE,957
017126,Orzivecchi,2023,titolo_di_godimento,abitazioni occupate al 31 dicembre,tutte le voci,totale,tutte le voci,tutte le voci,TOTALE,TOTALE,991
017127,Ospitaletto,2019,occupate_e_non_occupate,abitazioni al 31 dicembre,tutte le voci,totale,tutte le voci,tutte le voci,TOTALE,TOTALE,6423
017127,Ospitaletto,2019,occupate_e_non_occupate,abitazioni non occupate al 31 dicembre,tutte le voci,totale,tutte le voci,tutte le voci,TOTALE,TOTALE,817
017127,Ospitaletto,2019,occupate_e_non_occupate,abitazioni occupate al 31 dicembre,tutte le voci,totale,tutte le voci,tutte le voci,TOTALE,TOTALE,5606
017127,Ospitaletto,2021,occupate_e_non_occupate,abitazioni al 31 dicembre,tutte le voci,totale,tutte le voci,tutte le voci,TOTALE,TOTALE,6429
017127,Ospitaletto,2021,occupate_e_non_occupate,abitazioni non occupate al 31 dicembre,tutte le voci,totale,tutte le voci,tutte le voci,TOTALE,TOTALE,594
017127,Ospitaletto,2021,occupate_e_non_occupate,abitazioni occupate al 31 dicembre,tutte le voci,totale,tutte le voci,tutte le voci,TOTALE,TOTALE,5835
017127,Ospitaletto,2023,occupate_e_non_occupate,abitazioni al 31 dicembre,tutte le voci,totale,tutte le voci,tutte le voci,TOTALE,TOTALE,6522
017127,Ospitaletto,2023,occupate_e_non_occupate,abitazioni non occupate al 31 dicembre,tutte le voci,totale,tutte le voci,tutte le voci,TOTALE,TOTALE,552
017127,Ospitaletto,2023,occupate_e_non_occupate,abitazioni occupate al 31 dicembre,tutte le voci,totale,tutte le voci,tutte le voci,TOTALE,TOTALE,5970
017127,Ospitaletto,2019,titolo_di_godimento,abitazioni occupate al 31 dicembre,affitto,totale,tutte le voci,tutte le voci,TOTALE,TOTALE,1132
017127,Ospitaletto,2019,titolo_di_godimento,abitazioni occupate al 31 dicembre,"altro titolo diverso da proprietà, affitto",totale,tutte le voci,tutte le voci,TOTALE,TOTALE,172
017127,Ospitaletto,2019,titolo_di_godimento,abitazioni occupate al 31 dicembre,proprietà,totale,tutte le voci,tutte le voci,TOTALE,TOTALE,4302
017127,Ospitaletto,2019,titolo_di_godimento,abitazioni occupate al 31 dicembre,tutte le voci,totale,tutte le voci,tutte le voci,TOTALE,TOTALE,5606
017127,Ospitaletto,2021,titolo_di_godimento,abitazioni occupate al 31 dicembre,tutte le voci,totale,tutte le voci,tutte le voci,TOTALE,TOTALE,5835
017127,Ospitaletto,2023,titolo_di_godimento,abitazioni occupate al 31 dicembre,tutte le voci,totale,tutte le voci,tutte le voci,TOTALE,TOTALE,5970
017128,Ossimo,2019,occupate_e_non_occupate,abitazioni al 31 dicembre,tutte le voci,totale,tutte le voci,tutte le voci,TOTALE,TOTALE,1772
017128,Ossimo,2019,occupate_e_non_occupate,abitazioni non occupate al 31 dicembre,tutte le voci,totale,tutte le voci,tutte le voci,TOTALE,TOTALE,990
017128,Ossimo,2019,occupate_e_non_occupate,abitazioni occupate al 31 dicembre,tutte le voci,totale,tutte le voci,tutte le voci,TOTALE,TOTALE,782
017128,Ossimo,2021,occupate_e_non_occupate,abitazioni al 31 dicembre,tutte le voci,totale,tutte le voci,tutte le voci,TOTALE,TOTALE,1780
017128,Ossimo,2021,occupate_e_non_occupate,abitazioni non occupate al 31 dicembre,tutte le voci,totale,tutte le voci,tutte le voci,TOTALE,TOTALE,1050
017128,Ossimo,2021,occupate_e_non_occupate,abitazioni occupate al 31 dicembre,tutte le voci,totale,tutte le voci,tutte le voci,TOTALE,TOTALE,730
017128,Ossimo,2023,occupate_e_non_occupate,abitazioni al 31 dicembre,tutte le voci,totale,tutte le voci,tutte le voci,TOTALE,TOTALE,1802
017128,Ossimo,2023,occupate_e_non_occupate,abitazioni non occupate al 31 dicembre,tutte le voci,totale,tutte le voci,tutte le voci,TOTALE,TOTALE,1052
017128,Ossimo,2023,occupate_e_non_occupate,abitazioni occupate al 31 dicembre,tutte le voci,totale,tutte le voci,tutte le voci,TOTALE,TOTALE,750
017128,Ossimo,2019,titolo_di_godimento,abitazioni occupate al 31 dicembre,affitto,totale,tutte le voci,tutte le voci,TOTALE,TOTALE,30
017128,Ossimo,2019,titolo_di_godimento,abitazioni occupate al 31 dicembre,"altro titolo diverso da proprietà, affitto",totale,tutte le voci,tutte le voci,TOTALE,TOTALE,65
017128,Ossimo,2019,titolo_di_godimento,abitazioni occupate al 31 dicembre,proprietà,totale,tutte le voci,tutte le voci,TOTALE,TOTALE,687
017128,Ossimo,2019,titolo_di_godimento,abitazioni occupate al 31 dicembre,tutte le voci,totale,tutte le voci,tutte le voci,TOTALE,TOTALE,782
017128,Ossimo,2021,titolo_di_godimento,abitazioni occupate al 31 dicembre,tutte le voci,totale,tutte le voci,tutte le voci,TOTALE,TOTALE,730
017128,Ossimo,2023,titolo_di_godimento,abitazioni occupate al 31 dicembre,tutte le voci,totale,tutte le voci,tutte le voci,TOTALE,TOTALE,750
017129,Padenghe sul Garda,2019,occupate_e_non_occupate,abitazioni al 31 dicembre,tutte le voci,totale,tutte le voci,tutte le voci,TOTALE,TOTALE,4677
017129,Padenghe sul Garda,2019,occupate_e_non_occupate,abitazioni non occupate al 31 dicembre,tutte le voci,totale,tutte le voci,tutte le voci,TOTALE,TOTALE,2466
017129,Padenghe sul Garda,2019,occupate_e_non_occupate,abitazioni occupate al 31 dicembre,tutte le voci,totale,tutte le voci,tutte le voci,TOTALE,TOTALE,2211
017129,Padenghe sul Garda,2021,occupate_e_non_occupate,abitazioni al 31 dicembre,tutte le voci,totale,tutte le voci,tutte le voci,TOTALE,TOTALE,4692
017129,Padenghe sul Garda,2021,occupate_e_non_occupate,abitazioni non occupate al 31 dicembre,tutte le voci,totale,tutte le voci,tutte le voci,TOTALE,TOTALE,2413
017129,Padenghe sul Garda,2021,occupate_e_non_occupate,abitazioni occupate al 31 dicembre,tutte le voci,totale,tutte le voci,tutte le voci,TOTALE,TOTALE,2279
017129,Padenghe sul Garda,2023,occupate_e_non_occupate,abitazioni al 31 dicembre,tutte le voci,totale,tutte le voci,tutte le voci,TOTALE,TOTALE,4853
017129,Padenghe sul Garda,2023,occupate_e_non_occupate,abitazioni non occupate al 31 dicembre,tutte le voci,totale,tutte le voci,tutte le voci,TOTALE,TOTALE,2509
017129,Padenghe sul Garda,2023,occupate_e_non_occupate,abitazioni occupate al 31 dicembre,tutte le voci,totale,tutte le voci,tutte le voci,TOTALE,TOTALE,2344
017129,Padenghe sul Garda,2019,titolo_di_godimento,abitazioni occupate al 31 dicembre,affitto,totale,tutte le voci,tutte le voci,TOTALE,TOTALE,289
017129,Padenghe sul Garda,2019,titolo_di_godimento,abitazioni occupate al 31 dicembre,"altro titolo diverso da proprietà, affitto",totale,tutte le voci,tutte le voci,TOTALE,TOTALE,86
017129,Padenghe sul Garda,2019,titolo_di_godimento,abitazioni occupate al 31 dicembre,proprietà,totale,tutte le voci,tutte le voci,TOTALE,TOTALE,1836
017129,Padenghe sul Garda,2019,titolo_di_godimento,abitazioni occupate al 31 dicembre,tutte le voci,totale,tutte le voci,tutte le voci,TOTALE,TOTALE,2211
017129,Padenghe sul Garda,2021,titolo_di_godimento,abitazioni occupate al 31 dicembre,tutte le voci,totale,tutte le voci,tutte le voci,TOTALE,TOTALE,2279
017129,Padenghe sul Garda,2023,titolo_di_godimento,abitazioni occupate al 31 dicembre,tutte le voci,totale,tutte le voci,tutte le voci,TOTALE,TOTALE,2344
017130,Paderno Franciacorta,2019,occupate_e_non_occupate,abitazioni al 31 dicembre,tutte le voci,totale,tutte le voci,tutte le voci,TOTALE,TOTALE,1712
017130,Paderno Franciacorta,2019,occupate_e_non_occupate,abitazioni non occupate al 31 dicembre,tutte le voci,totale,tutte le voci,tutte le voci,TOTALE,TOTALE,281
017130,Paderno Franciacorta,2019,occupate_e_non_occupate,abitazioni occupate al 31 dicembre,tutte le voci,totale,tutte le voci,tutte le voci,TOTALE,TOTALE,1431
017130,Paderno Franciacorta,2021,occupate_e_non_occupate,abitazioni al 31 dicembre,tutte le voci,totale,tutte le voci,tutte le voci,TOTALE,TOTALE,1715
017130,Paderno Franciacorta,2021,occupate_e_non_occupate,abitazioni non occupate al 31 dicembre,tutte le voci,totale,tutte le voci,tutte le voci,TOTALE,TOTALE,251
017130,Paderno Franciacorta,2021,occupate_e_non_occupate,abitazioni occupate al 31 dicembre,tutte le voci,totale,tutte le voci,tutte le voci,TOTALE,TOTALE,1464
017130,Paderno Franciacorta,2023,occupate_e_non_occupate,abitazioni al 31 dicembre,tutte le voci,totale,tutte le voci,tutte le voci,TOTALE,TOTALE,1727
017130,Paderno Franciacorta,2023,occupate_e_non_occupate,abitazioni non occupate al 31 dicembre,tutte le voci,totale,tutte le voci,tutte le voci,TOTALE,TOTALE,241
017130,Paderno Franciacorta,2023,occupate_e_non_occupate,abitazioni occupate al 31 dicembre,tutte le voci,totale,tutte le voci,tutte le voci,TOTALE,TOTALE,1486
017130,Paderno Franciacorta,2019,titolo_di_godimento,abitazioni occupate al 31 dicembre,affitto,totale,tutte le voci,tutte le voci,TOTALE,TOTALE,279
017130,Paderno Franciacorta,2019,titolo_di_godimento,abitazioni occupate al 31 dicembre,"altro titolo diverso da proprietà, affitto",totale,tutte le voci,tutte le voci,TOTALE,TOTALE,88
017130,Paderno Franciacorta,2019,titolo_di_godimento,abitazioni occupate al 31 dicembre,proprietà,totale,tutte le voci,tutte le voci,TOTALE,TOTALE,1065
017130,Paderno Franciacorta,2019,titolo_di_godimento,abitazioni occupate al 31 dicembre,tutte le voci,totale,tutte le voci,tutte le voci,TOTALE,TOTALE,1431
017130,Paderno Franciacorta,2021,titolo_di_godimento,abitazioni occupate al 31 dicembre,tutte le voci,totale,tutte le voci,tutte le voci,TOTALE,TOTALE,1464
017130,Paderno Franciacorta,2023,titolo_di_godimento,abitazioni occupate al 31 dicembre,tutte le voci,totale,tutte le voci,tutte le voci,TOTALE,TOTALE,1486
017131,Paisco Loveno,2019,occupate_e_non_occupate,abitazioni al 31 dicembre,tutte le voci,totale,tutte le voci,tutte le voci,TOTALE,TOTALE,462
017131,Paisco Loveno,2019,occupate_e_non_occupate,abitazioni non occupate al 31 dicembre,tutte le voci,totale,tutte le voci,tutte le voci,TOTALE,TOTALE,372
017131,Paisco Loveno,2019,occupate_e_non_occupate,abitazioni occupate al 31 dicembre,tutte le voci,totale,tutte le voci,tutte le voci,TOTALE,TOTALE,90
017131,Paisco Loveno,2021,occupate_e_non_occupate,abitazioni al 31 dicembre,tutte le voci,totale,tutte le voci,tutte le voci,TOTALE,TOTALE,460
017131,Paisco Loveno,2021,occupate_e_non_occupate,abitazioni non occupate al 31 dicembre,tutte le voci,totale,tutte le voci,tutte le voci,TOTALE,TOTALE,366
017131,Paisco Loveno,2021,occupate_e_non_occupate,abitazioni occupate al 31 dicembre,tutte le voci,totale,tutte le voci,tutte le voci,TOTALE,TOTALE,94
017131,Paisco Loveno,2023,occupate_e_non_occupate,abitazioni al 31 dicembre,tutte le voci,totale,tutte le voci,tutte le voci,TOTALE,TOTALE,462
017131,Paisco Loveno,2023,occupate_e_non_occupate,abitazioni non occupate al 31 dicembre,tutte le voci,totale,tutte le voci,tutte le voci,TOTALE,TOTALE,370
017131,Paisco Loveno,2023,occupate_e_non_occupate,abitazioni occupate al 31 dicembre,tutte le voci,totale,tutte le voci,tutte le voci,TOTALE,TOTALE,92
017131,Paisco Loveno,2019,titolo_di_godimento,abitazioni occupate al 31 dicembre,affitto,totale,tutte le voci,tutte le voci,TOTALE,TOTALE,1
017131,Paisco Loveno,2019,titolo_di_godimento,abitazioni occupate al 31 dicembre,proprietà,totale,tutte le voci,tutte le voci,TOTALE,TOTALE,89
017131,Paisco Loveno,2019,titolo_di_godimento,abitazioni occupate al 31 dicembre,tutte le voci,totale,tutte le voci,tutte le voci,TOTALE,TOTALE,90
017131,Paisco Loveno,2021,titolo_di_godimento,abitazioni occupate al 31 dicembre,tutte le voci,totale,tutte le voci,tutte le voci,TOTALE,TOTALE,94
017131,Paisco Loveno,2023,titolo_di_godimento,abitazioni occupate al 31 dicembre,tutte le voci,totale,tutte le voci,tutte le voci,TOTALE,TOTALE,92
017132,Paitone,2019,occupate_e_non_occupate,abitazioni al 31 dicembre,tutte le voci,totale,tutte le voci,tutte le voci,TOTALE,TOTALE,1088
017132,Paitone,2019,occupate_e_non_occupate,abitazioni non occupate al 31 dicembre,tutte le voci,totale,tutte le voci,tutte le voci,TOTALE,TOTALE,210
017132,Paitone,2019,occupate_e_non_occupate,abitazioni occupate al 31 dicembre,tutte le voci,totale,tutte le voci,tutte le voci,TOTALE,TOTALE,878
017132,Paitone,2021,occupate_e_non_occupate,abitazioni al 31 dicembre,tutte le voci,totale,tutte le voci,tutte le voci,TOTALE,TOTALE,1090
017132,Paitone,2021,occupate_e_non_occupate,abitazioni non occupate al 31 dicembre,tutte le voci,totale,tutte le voci,tutte le voci,TOTALE,TOTALE,203
017132,Paitone,2021,occupate_e_non_occupate,abitazioni occupate al 31 dicembre,tutte le voci,totale,tutte le voci,tutte le voci,TOTALE,TOTALE,887
017132,Paitone,2023,occupate_e_non_occupate,abitazioni al 31 dicembre,tutte le voci,totale,tutte le voci,tutte le voci,TOTALE,TOTALE,1107
017132,Paitone,2023,occupate_e_non_occupate,abitazioni non occupate al 31 dicembre,tutte le voci,totale,tutte le voci,tutte le voci,TOTALE,TOTALE,193
017132,Paitone,2023,occupate_e_non_occupate,abitazioni occupate al 31 dicembre,tutte le voci,totale,tutte le voci,tutte le voci,TOTALE,TOTALE,914
017132,Paitone,2019,titolo_di_godimento,abitazioni occupate al 31 dicembre,affitto,totale,tutte le voci,tutte le voci,TOTALE,TOTALE,157
017132,Paitone,2019,titolo_di_godimento,abitazioni occupate al 31 dicembre,"altro titolo diverso da proprietà, affitto",totale,tutte le voci,tutte le voci,TOTALE,TOTALE,65
017132,Paitone,2019,titolo_di_godimento,abitazioni occupate al 31 dicembre,proprietà,totale,tutte le voci,tutte le voci,TOTALE,TOTALE,655
017132,Paitone,2019,titolo_di_godimento,abitazioni occupate al 31 dicembre,tutte le voci,totale,tutte le voci,tutte le voci,TOTALE,TOTALE,878
017132,Paitone,2021,titolo_di_godimento,abitazioni occupate al 31 dicembre,tutte le voci,totale,tutte le voci,tutte le voci,TOTALE,TOTALE,887
017132,Paitone,2023,titolo_di_godimento,abitazioni occupate al 31 dicembre,tutte le voci,totale,tutte le voci,tutte le voci,TOTALE,TOTALE,914
017133,Palazzolo sull'Oglio,2019,occupate_e_non_occupate,abitazioni al 31 dicembre,tutte le voci,totale,tutte le voci,tutte le voci,TOTALE,TOTALE,9578
017133,Palazzolo sull'Oglio,2019,occupate_e_non_occupate,abitazioni non occupate al 31 dicembre,tutte le voci,totale,tutte le voci,tutte le voci,TOTALE,TOTALE,1416
017133,Palazzolo sull'Oglio,2019,occupate_e_non_occupate,abitazioni occupate al 31 dicembre,tutte le voci,totale,tutte le voci,tutte le voci,TOTALE,TOTALE,8162
017133,Palazzolo sull'Oglio,2021,occupate_e_non_occupate,abitazioni al 31 dicembre,tutte le voci,totale,tutte le voci,tutte le voci,TOTALE,TOTALE,9593
017133,Palazzolo sull'Oglio,2021,occupate_e_non_occupate,abitazioni non occupate al 31 dicembre,tutte le voci,totale,tutte le voci,tutte le voci,TOTALE,TOTALE,1295
017133,Palazzolo sull'Oglio,2021,occupate_e_non_occupate,abitazioni occupate al 31 dicembre,tutte le voci,totale,tutte le voci,tutte le voci,TOTALE,TOTALE,8298
017133,Palazzolo sull'Oglio,2023,occupate_e_non_occupate,abitazioni al 31 dicembre,tutte le voci,totale,tutte le voci,tutte le voci,TOTALE,TOTALE,9651
017133,Palazzolo sull'Oglio,2023,occupate_e_non_occupate,abitazioni non occupate al 31 dicembre,tutte le voci,totale,tutte le voci,tutte le voci,TOTALE,TOTALE,1170
017133,Palazzolo sull'Oglio,2023,occupate_e_non_occupate,abitazioni occupate al 31 dicembre,tutte le voci,totale,tutte le voci,tutte le voci,TOTALE,TOTALE,8481
017133,Palazzolo sull'Oglio,2019,titolo_di_godimento,abitazioni occupate al 31 dicembre,affitto,totale,tutte le voci,tutte le voci,TOTALE,TOTALE,1550
017133,Palazzolo sull'Oglio,2019,titolo_di_godimento,abitazioni occupate al 31 dicembre,"altro titolo diverso da proprietà, affitto",totale,tutte le voci,tutte le voci,TOTALE,TOTALE,460
017133,Palazzolo sull'Oglio,2019,titolo_di_godimento,abitazioni occupate al 31 dicembre,proprietà,totale,tutte le voci,tutte le voci,TOTALE,TOTALE,6151
017133,Palazzolo sull'Oglio,2019,titolo_di_godimento,abitazioni occupate al 31 dicembre,tutte le voci,totale,tutte le voci,tutte le voci,TOTALE,TOTALE,8162
017133,Palazzolo sull'Oglio,2021,titolo_di_godimento,abitazioni occupate al 31 dicembre,tutte le voci,totale,tutte le voci,tutte le voci,TOTALE,TOTALE,8298
017133,Palazzolo sull'Oglio,2023,titolo_di_godimento,abitazioni occupate al 31 dicembre,tutte le voci,totale,tutte le voci,tutte le voci,TOTALE,TOTALE,8481
017134,Paratico,2019,occupate_e_non_occupate,abitazioni al 31 dicembre,tutte le voci,totale,tutte le voci,tutte le voci,TOTALE,TOTALE,2753
017134,Paratico,2019,occupate_e_non_occupate,abitazioni non occupate al 31 dicembre,tutte le voci,totale,tutte le voci,tutte le voci,TOTALE,TOTALE,698
017134,Paratico,2019,occupate_e_non_occupate,abitazioni occupate al 31 dicembre,tutte le voci,totale,tutte le voci,tutte le voci,TOTALE,TOTALE,2055
017134,Paratico,2021,occupate_e_non_occupate,abitazioni al 31 dicembre,tutte le voci,totale,tutte le voci,tutte le voci,TOTALE,TOTALE,2795
017134,Paratico,2021,occupate_e_non_occupate,abitazioni non occupate al 31 dicembre,tutte le voci,totale,tutte le voci,tutte le voci,TOTALE,TOTALE,671
017134,Paratico,2021,occupate_e_non_occupate,abitazioni occupate al 31 dicembre,tutte le voci,totale,tutte le voci,tutte le voci,TOTALE,TOTALE,2124
017134,Paratico,2023,occupate_e_non_occupate,abitazioni al 31 dicembre,tutte le voci,totale,tutte le voci,tutte le voci,TOTALE,TOTALE,2833
017134,Paratico,2023,occupate_e_non_occupate,abitazioni non occupate al 31 dicembre,tutte le voci,totale,tutte le voci,tutte le voci,TOTALE,TOTALE,662
017134,Paratico,2023,occupate_e_non_occupate,abitazioni occupate al 31 dicembre,tutte le voci,totale,tutte le voci,tutte le voci,TOTALE,TOTALE,2171
017134,Paratico,2019,titolo_di_godimento,abitazioni occupate al 31 dicembre,affitto,totale,tutte le voci,tutte le voci,TOTALE,TOTALE,269
017134,Paratico,2019,titolo_di_godimento,abitazioni occupate al 31 dicembre,"altro titolo diverso da proprietà, affitto",totale,tutte le voci,tutte le voci,TOTALE,TOTALE,145
017134,Paratico,2019,titolo_di_godimento,abitazioni occupate al 31 dicembre,proprietà,totale,tutte le voci,tutte le voci,TOTALE,TOTALE,1640
017134,Paratico,2019,titolo_di_godimento,abitazioni occupate al 31 dicembre,tutte le voci,totale,tutte le voci,tutte le voci,TOTALE,TOTALE,2055
017134,Paratico,2021,titolo_di_godimento,abitazioni occupate al 31 dicembre,tutte le voci,totale,tutte le voci,tutte le voci,TOTALE,TOTALE,2124
017134,Paratico,2023,titolo_di_godimento,abitazioni occupate al 31 dicembre,tutte le voci,totale,tutte le voci,tutte le voci,TOTALE,TOTALE,2171
017135,Paspardo,2019,occupate_e_non_occupate,abitazioni al 31 dicembre,tutte le voci,totale,tutte le voci,tutte le voci,TOTALE,TOTALE,819
017135,Paspardo,2019,occupate_e_non_occupate,abitazioni non occupate al 31 dicembre,tutte le voci,totale,tutte le voci,tutte le voci,TOTALE,TOTALE,528
017135,Paspardo,2019,occupate_e_non_occupate,abitazioni occupate al 31 dicembre,tutte le voci,totale,tutte le voci,tutte le voci,TOTALE,TOTALE,291
017135,Paspardo,2021,occupate_e_non_occupate,abitazioni al 31 dicembre,tutte le voci,totale,tutte le voci,tutte le voci,TOTALE,TOTALE,819
017135,Paspardo,2021,occupate_e_non_occupate,abitazioni non occupate al 31 dicembre,tutte le voci,totale,tutte le voci,tutte le voci,TOTALE,TOTALE,536
017135,Paspardo,2021,occupate_e_non_occupate,abitazioni occupate al 31 dicembre,tutte le voci,totale,tutte le voci,tutte le voci,TOTALE,TOTALE,283
017135,Paspardo,2023,occupate_e_non_occupate,abitazioni al 31 dicembre,tutte le voci,totale,tutte le voci,tutte le voci,TOTALE,TOTALE,821
017135,Paspardo,2023,occupate_e_non_occupate,abitazioni non occupate al 31 dicembre,tutte le voci,totale,tutte le voci,tutte le voci,TOTALE,TOTALE,538
017135,Paspardo,2023,occupate_e_non_occupate,abitazioni occupate al 31 dicembre,tutte le voci,totale,tutte le voci,tutte le voci,TOTALE,TOTALE,283
017135,Paspardo,2019,titolo_di_godimento,abitazioni occupate al 31 dicembre,affitto,totale,tutte le voci,tutte le voci,TOTALE,TOTALE,20
017135,Paspardo,2019,titolo_di_godimento,abitazioni occupate al 31 dicembre,"altro titolo diverso da proprietà, affitto",totale,tutte le voci,tutte le voci,TOTALE,TOTALE,8
017135,Paspardo,2019,titolo_di_godimento,abitazioni occupate al 31 dicembre,proprietà,totale,tutte le voci,tutte le voci,TOTALE,TOTALE,263
017135,Paspardo,2019,titolo_di_godimento,abitazioni occupate al 31 dicembre,tutte le voci,totale,tutte le voci,tutte le voci,TOTALE,TOTALE,291
017135,Paspardo,2021,titolo_di_godimento,abitazioni occupate al 31 dicembre,tutte le voci,totale,tutte le voci,tutte le voci,TOTALE,TOTALE,283
017135,Paspardo,2023,titolo_di_godimento,abitazioni occupate al 31 dicembre,tutte le voci,totale,tutte le voci,tutte le voci,TOTALE,TOTALE,283
017136,Passirano,2019,occupate_e_non_occupate,abitazioni al 31 dicembre,tutte le voci,totale,tutte le voci,tutte le voci,TOTALE,TOTALE,3478
017136,Passirano,2019,occupate_e_non_occupate,abitazioni non occupate al 31 dicembre,tutte le voci,totale,tutte le voci,tutte le voci,TOTALE,TOTALE,556
017136,Passirano,2019,occupate_e_non_occupate,abitazioni occupate al 31 dicembre,tutte le voci,totale,tutte le voci,tutte le voci,TOTALE,TOTALE,2922
017136,Passirano,2021,occupate_e_non_occupate,abitazioni al 31 dicembre,tutte le voci,totale,tutte le voci,tutte le voci,TOTALE,TOTALE,3483
017136,Passirano,2021,occupate_e_non_occupate,abitazioni non occupate al 31 dicembre,tutte le voci,totale,tutte le voci,tutte le voci,TOTALE,TOTALE,515
017136,Passirano,2021,occupate_e_non_occupate,abitazioni occupate al 31 dicembre,tutte le voci,totale,tutte le voci,tutte le voci,TOTALE,TOTALE,2968
017136,Passirano,2023,occupate_e_non_occupate,abitazioni al 31 dicembre,tutte le voci,totale,tutte le voci,tutte le voci,TOTALE,TOTALE,3516
017136,Passirano,2023,occupate_e_non_occupate,abitazioni non occupate al 31 dicembre,tutte le voci,totale,tutte le voci,tutte le voci,TOTALE,TOTALE,547
017136,Passirano,2023,occupate_e_non_occupate,abitazioni occupate al 31 dicembre,tutte le voci,totale,tutte le voci,tutte le voci,TOTALE,TOTALE,2969
017136,Passirano,2019,titolo_di_godimento,abitazioni occupate al 31 dicembre,affitto,totale,tutte le voci,tutte le voci,TOTALE,TOTALE,418
017136,Passirano,2019,titolo_di_godimento,abitazioni occupate al 31 dicembre,"altro titolo diverso da proprietà, affitto",totale,tutte le voci,tutte le voci,TOTALE,TOTALE,221
017136,Passirano,2019,titolo_di_godimento,abitazioni occupate al 31 dicembre,proprietà,totale,tutte le voci,tutte le voci,TOTALE,TOTALE,2283
017136,Passirano,2019,titolo_di_godimento,abitazioni occupate al 31 dicembre,tutte le voci,totale,tutte le voci,tutte le voci,TOTALE,TOTALE,2922
017136,Passirano,2021,titolo_di_godimento,abitazioni occupate al 31 dicembre,tutte le voci,totale,tutte le voci,tutte le voci,TOTALE,TOTALE,2968
017136,Passirano,2023,titolo_di_godimento,abitazioni occupate al 31 dicembre,tutte le voci,totale,tutte le voci,tutte le voci,TOTALE,TOTALE,2969
017137,Pavone del Mella,2019,occupate_e_non_occupate,abitazioni al 31 dicembre,tutte le voci,totale,tutte le voci,tutte le voci,TOTALE,TOTALE,1294
017137,Pavone del Mella,2019,occupate_e_non_occupate,abitazioni non occupate al 31 dicembre,tutte le voci,totale,tutte le voci,tutte le voci,TOTALE,TOTALE,235
017137,Pavone del Mella,2019,occupate_e_non_occupate,abitazioni occupate al 31 dicembre,tutte le voci,totale,tutte le voci,tutte le voci,TOTALE,TOTALE,1059
017137,Pavone del Mella,2021,occupate_e_non_occupate,abitazioni al 31 dicembre,tutte le voci,totale,tutte le voci,tutte le voci,TOTALE,TOTALE,1302
017137,Pavone del Mella,2021,occupate_e_non_occupate,abitazioni non occupate al 31 dicembre,tutte le voci,totale,tutte le voci,tutte le voci,TOTALE,TOTALE,217
017137,Pavone del Mella,2021,occupate_e_non_occupate,abitazioni occupate al 31 dicembre,tutte le voci,totale,tutte le voci,tutte le voci,TOTALE,TOTALE,1085
017137,Pavone del Mella,2023,occupate_e_non_occupate,abitazioni al 31 dicembre,tutte le voci,totale,tutte le voci,tutte le voci,TOTALE,TOTALE,1312
017137,Pavone del Mella,2023,occupate_e_non_occupate,abitazioni non occupate al 31 dicembre,tutte le voci,totale,tutte le voci,tutte le voci,TOTALE,TOTALE,228
017137,Pavone del Mella,2023,occupate_e_non_occupate,abitazioni occupate al 31 dicembre,tutte le voci,totale,tutte le voci,tutte le voci,TOTALE,TOTALE,1084
017137,Pavone del Mella,2019,titolo_di_godimento,abitazioni occupate al 31 dicembre,affitto,totale,tutte le voci,tutte le voci,TOTALE,TOTALE,108
017137,Pavone del Mella,2019,titolo_di_godimento,abitazioni occupate al 31 dicembre,"altro titolo diverso da proprietà, affitto",totale,tutte le voci,tutte le voci,TOTALE,TOTALE,33
017137,Pavone del Mella,2019,titolo_di_godimento,abitazioni occupate al 31 dicembre,proprietà,totale,tutte le voci,tutte le voci,TOTALE,TOTALE,918
017137,Pavone del Mella,2019,titolo_di_godimento,abitazioni occupate al 31 dicembre,tutte le voci,totale,tutte le voci,tutte le voci,TOTALE,TOTALE,1059
017137,Pavone del Mella,2021,titolo_di_godimento,abitazioni occupate al 31 dicembre,tutte le voci,totale,tutte le voci,tutte le voci,TOTALE,TOTALE,1085
017137,Pavone del Mella,2023,titolo_di_godimento,abitazioni occupate al 31 dicembre,tutte le voci,totale,tutte le voci,tutte le voci,TOTALE,TOTALE,1084
017138,San Paolo,2019,occupate_e_non_occupate,abitazioni al 31 dicembre,tutte le voci,totale,tutte le voci,tutte le voci,TOTALE,TOTALE,2042
017138,San Paolo,2019,occupate_e_non_occupate,abitazioni non occupate al 31 dicembre,tutte le voci,totale,tutte le voci,tutte le voci,TOTALE,TOTALE,330
017138,San Paolo,2019,occupate_e_non_occupate,abitazioni occupate al 31 dicembre,tutte le voci,totale,tutte le voci,tutte le voci,TOTALE,TOTALE,1712
017138,San Paolo,2021,occupate_e_non_occupate,abitazioni al 31 dicembre,tutte le voci,totale,tutte le voci,tutte le voci,TOTALE,TOTALE,2042
017138,San Paolo,2021,occupate_e_non_occupate,abitazioni non occupate al 31 dicembre,tutte le voci,totale,tutte le voci,tutte le voci,TOTALE,TOTALE,351
017138,San Paolo,2021,occupate_e_non_occupate,abitazioni occupate al 31 dicembre,tutte le voci,totale,tutte le voci,tutte le voci,TOTALE,TOTALE,1691
017138,San Paolo,2023,occupate_e_non_occupate,abitazioni al 31 dicembre,tutte le voci,totale,tutte le voci,tutte le voci,TOTALE,TOTALE,2056
017138,San Paolo,2023,occupate_e_non_occupate,abitazioni non occupate al 31 dicembre,tutte le voci,totale,tutte le voci,tutte le voci,TOTALE,TOTALE,351
017138,San Paolo,2023,occupate_e_non_occupate,abitazioni occupate al 31 dicembre,tutte le voci,totale,tutte le voci,tutte le voci,TOTALE,TOTALE,1705
017138,San Paolo,2019,titolo_di_godimento,abitazioni occupate al 31 dicembre,affitto,totale,tutte le voci,tutte le voci,TOTALE,TOTALE,286
017138,San Paolo,2019,titolo_di_godimento,abitazioni occupate al 31 dicembre,"altro titolo diverso da proprietà, affitto",totale,tutte le voci,tutte le voci,TOTALE,TOTALE,105
017138,San Paolo,2019,titolo_di_godimento,abitazioni occupate al 31 dicembre,proprietà,totale,tutte le voci,tutte le voci,TOTALE,TOTALE,1321
017138,San Paolo,2019,titolo_di_godimento,abitazioni occupate al 31 dicembre,tutte le voci,totale,tutte le voci,tutte le voci,TOTALE,TOTALE,1712
017138,San Paolo,2021,titolo_di_godimento,abitazioni occupate al 31 dicembre,tutte le voci,totale,tutte le voci,tutte le voci,TOTALE,TOTALE,1691
017138,San Paolo,2023,titolo_di_godimento,abitazioni occupate al 31 dicembre,tutte le voci,totale,tutte le voci,tutte le voci,TOTALE,TOTALE,1705
017139,Pertica Alta,2019,occupate_e_non_occupate,abitazioni al 31 dicembre,tutte le voci,totale,tutte le voci,tutte le voci,TOTALE,TOTALE,753
017139,Pertica Alta,2019,occupate_e_non_occupate,abitazioni non occupate al 31 dicembre,tutte le voci,totale,tutte le voci,tutte le voci,TOTALE,TOTALE,494
017139,Pertica Alta,2019,occupate_e_non_occupate,abitazioni occupate al 31 dicembre,tutte le voci,totale,tutte le voci,tutte le voci,TOTALE,TOTALE,259
017139,Pertica Alta,2021,occupate_e_non_occupate,abitazioni al 31 dicembre,tutte le voci,totale,tutte le voci,tutte le voci,TOTALE,TOTALE,753
017139,Pertica Alta,2021,occupate_e_non_occupate,abitazioni non occupate al 31 dicembre,tutte le voci,totale,tutte le voci,tutte le voci,TOTALE,TOTALE,489
017139,Pertica Alta,2021,occupate_e_non_occupate,abitazioni occupate al 31 dicembre,tutte le voci,totale,tutte le voci,tutte le voci,TOTALE,TOTALE,264
017139,Pertica Alta,2023,occupate_e_non_occupate,abitazioni al 31 dicembre,tutte le voci,totale,tutte le voci,tutte le voci,TOTALE,TOTALE,760
017139,Pertica Alta,2023,occupate_e_non_occupate,abitazioni non occupate al 31 dicembre,tutte le voci,totale,tutte le voci,tutte le voci,TOTALE,TOTALE,497
017139,Pertica Alta,2023,occupate_e_non_occupate,abitazioni occupate al 31 dicembre,tutte le voci,totale,tutte le voci,tutte le voci,TOTALE,TOTALE,263
017139,Pertica Alta,2019,titolo_di_godimento,abitazioni occupate al 31 dicembre,affitto,totale,tutte le voci,tutte le voci,TOTALE,TOTALE,11
017139,Pertica Alta,2019,titolo_di_godimento,abitazioni occupate al 31 dicembre,"altro titolo diverso da proprietà, affitto",totale,tutte le voci,tutte le voci,TOTALE,TOTALE,18
017139,Pertica Alta,2019,titolo_di_godimento,abitazioni occupate al 31 dicembre,proprietà,totale,tutte le voci,tutte le voci,TOTALE,TOTALE,230
017139,Pertica Alta,2019,titolo_di_godimento,abitazioni occupate al 31 dicembre,tutte le voci,totale,tutte le voci,tutte le voci,TOTALE,TOTALE,259
017139,Pertica Alta,2021,titolo_di_godimento,abitazioni occupate al 31 dicembre,tutte le voci,totale,tutte le voci,tutte le voci,TOTALE,TOTALE,264
017139,Pertica Alta,2023,titolo_di_godimento,abitazioni occupate al 31 dicembre,tutte le voci,totale,tutte le voci,tutte le voci,TOTALE,TOTALE,263
017140,Pertica Bassa,2019,occupate_e_non_occupate,abitazioni al 31 dicembre,tutte le voci,totale,tutte le voci,tutte le voci,TOTALE,TOTALE,667
017140,Pertica Bassa,2019,occupate_e_non_occupate,abitazioni non occupate al 31 dicembre,tutte le voci,totale,tutte le voci,tutte le voci,TOTALE,TOTALE,390
017140,Pertica Bassa,2019,occupate_e_non_occupate,abitazioni occupate al 31 dicembre,tutte le voci,totale,tutte le voci,tutte le voci,TOTALE,TOTALE,277
017140,Pertica Bassa,2021,occupate_e_non_occupate,abitazioni al 31 dicembre,tutte le voci,totale,tutte le voci,tutte le voci,TOTALE,TOTALE,667
017140,Pertica Bassa,2021,occupate_e_non_occupate,abitazioni non occupate al 31 dicembre,tutte le voci,totale,tutte le voci,tutte le voci,TOTALE,TOTALE,396
017140,Pertica Bassa,2021,occupate_e_non_occupate,abitazioni occupate al 31 dicembre,tutte le voci,totale,tutte le voci,tutte le voci,TOTALE,TOTALE,271
017140,Pertica Bassa,2023,occupate_e_non_occupate,abitazioni al 31 dicembre,tutte le voci,totale,tutte le voci,tutte le voci,TOTALE,TOTALE,672
017140,Pertica Bassa,2023,occupate_e_non_occupate,abitazioni non occupate al 31 dicembre,tutte le voci,totale,tutte le voci,tutte le voci,TOTALE,TOTALE,394
017140,Pertica Bassa,2023,occupate_e_non_occupate,abitazioni occupate al 31 dicembre,tutte le voci,totale,tutte le voci,tutte le voci,TOTALE,TOTALE,278
017140,Pertica Bassa,2019,titolo_di_godimento,abitazioni occupate al 31 dicembre,affitto,totale,tutte le voci,tutte le voci,TOTALE,TOTALE,15
017140,Pertica Bassa,2019,titolo_di_godimento,abitazioni occupate al 31 dicembre,"altro titolo diverso da proprietà, affitto",totale,tutte le voci,tutte le voci,TOTALE,TOTALE,21
017140,Pertica Bassa,2019,titolo_di_godimento,abitazioni occupate al 31 dicembre,proprietà,totale,tutte le voci,tutte le voci,TOTALE,TOTALE,241
017140,Pertica Bassa,2019,titolo_di_godimento,abitazioni occupate al 31 dicembre,tutte le voci,totale,tutte le voci,tutte le voci,TOTALE,TOTALE,277
017140,Pertica Bassa,2021,titolo_di_godimento,abitazioni occupate al 31 dicembre,tutte le voci,totale,tutte le voci,tutte le voci,TOTALE,TOTALE,271
017140,Pertica Bassa,2023,titolo_di_godimento,abitazioni occupate al 31 dicembre,tutte le voci,totale,tutte le voci,tutte le voci,TOTALE,TOTALE,278
017141,Pezzaze,2019,occupate_e_non_occupate,abitazioni al 31 dicembre,tutte le voci,totale,tutte le voci,tutte le voci,TOTALE,TOTALE,1319
017141,Pezzaze,2019,occupate_e_non_occupate,abitazioni non occupate al 31 dicembre,tutte le voci,totale,tutte le voci,tutte le voci,TOTALE,TOTALE,647
017141,Pezzaze,2019,occupate_e_non_occupate,abitazioni occupate al 31 dicembre,tutte le voci,totale,tutte le voci,tutte le voci,TOTALE,TOTALE,672
017141,Pezzaze,2021,occupate_e_non_occupate,abitazioni al 31 dicembre,tutte le voci,totale,tutte le voci,tutte le voci,TOTALE,TOTALE,1318
017141,Pezzaze,2021,occupate_e_non_occupate,abitazioni non occupate al 31 dicembre,tutte le voci,totale,tutte le voci,tutte le voci,TOTALE,TOTALE,654
017141,Pezzaze,2021,occupate_e_non_occupate,abitazioni occupate al 31 dicembre,tutte le voci,totale,tutte le voci,tutte le voci,TOTALE,TOTALE,664
017141,Pezzaze,2023,occupate_e_non_occupate,abitazioni al 31 dicembre,tutte le voci,totale,tutte le voci,tutte le voci,TOTALE,TOTALE,1326
017141,Pezzaze,2023,occupate_e_non_occupate,abitazioni non occupate al 31 dicembre,tutte le voci,totale,tutte le voci,tutte le voci,TOTALE,TOTALE,645
017141,Pezzaze,2023,occupate_e_non_occupate,abitazioni occupate al 31 dicembre,tutte le voci,totale,tutte le voci,tutte le voci,TOTALE,TOTALE,681
017141,Pezzaze,2019,titolo_di_godimento,abitazioni occupate al 31 dicembre,affitto,totale,tutte le voci,tutte le voci,TOTALE,TOTALE,70
017141,Pezzaze,2019,titolo_di_godimento,abitazioni occupate al 31 dicembre,"altro titolo diverso da proprietà, affitto",totale,tutte le voci,tutte le voci,TOTALE,TOTALE,73
017141,Pezzaze,2019,titolo_di_godimento,abitazioni occupate al 31 dicembre,proprietà,totale,tutte le voci,tutte le voci,TOTALE,TOTALE,529
017141,Pezzaze,2019,titolo_di_godimento,abitazioni occupate al 31 dicembre,tutte le voci,totale,tutte le voci,tutte le voci,TOTALE,TOTALE,672
017141,Pezzaze,2021,titolo_di_godimento,abitazioni occupate al 31 dicembre,tutte le voci,totale,tutte le voci,tutte le voci,TOTALE,TOTALE,664
017141,Pezzaze,2023,titolo_di_godimento,abitazioni occupate al 31 dicembre,tutte le voci,totale,tutte le voci,tutte le voci,TOTALE,TOTALE,681
017142,Pian Camuno,2019,occupate_e_non_occupate,abitazioni al 31 dicembre,tutte le voci,totale,tutte le voci,tutte le voci,TOTALE,TOTALE,3269
017142,Pian Camuno,2019,occupate_e_non_occupate,abitazioni non occupate al 31 dicembre,tutte le voci,totale,tutte le voci,tutte le voci,TOTALE,TOTALE,1270
017142,Pian Camuno,2019,occupate_e_non_occupate,abitazioni occupate al 31 dicembre,tutte le voci,totale,tutte le voci,tutte le voci,TOTALE,TOTALE,1999
017142,Pian Camuno,2021,occupate_e_non_occupate,abitazioni al 31 dicembre,tutte le voci,totale,tutte le voci,tutte le voci,TOTALE,TOTALE,3293
017142,Pian Camuno,2021,occupate_e_non_occupate,abitazioni non occupate al 31 dicembre,tutte le voci,totale,tutte le voci,tutte le voci,TOTALE,TOTALE,1277
017142,Pian Camuno,2021,occupate_e_non_occupate,abitazioni occupate al 31 dicembre,tutte le voci,totale,tutte le voci,tutte le voci,TOTALE,TOTALE,2016
017142,Pian Camuno,2023,occupate_e_non_occupate,abitazioni al 31 dicembre,tutte le voci,totale,tutte le voci,tutte le voci,TOTALE,TOTALE,3340
017142,Pian Camuno,2023,occupate_e_non_occupate,abitazioni non occupate al 31 dicembre,tutte le voci,totale,tutte le voci,tutte le voci,TOTALE,TOTALE,1297
017142,Pian Camuno,2023,occupate_e_non_occupate,abitazioni occupate al 31 dicembre,tutte le voci,totale,tutte le voci,tutte le voci,TOTALE,TOTALE,2043
017142,Pian Camuno,2019,titolo_di_godimento,abitazioni occupate al 31 dicembre,affitto,totale,tutte le voci,tutte le voci,TOTALE,TOTALE,520
017142,Pian Camuno,2019,titolo_di_godimento,abitazioni occupate al 31 dicembre,"altro titolo diverso da proprietà, affitto",totale,tutte le voci,tutte le voci,TOTALE,TOTALE,102
017142,Pian Camuno,2019,titolo_di_godimento,abitazioni occupate al 31 dicembre,proprietà,totale,tutte le voci,tutte le voci,TOTALE,TOTALE,1377
017142,Pian Camuno,2019,titolo_di_godimento,abitazioni occupate al 31 dicembre,tutte le voci,totale,tutte le voci,tutte le voci,TOTALE,TOTALE,1999
017142,Pian Camuno,2021,titolo_di_godimento,abitazioni occupate al 31 dicembre,tutte le voci,totale,tutte le voci,tutte le voci,TOTALE,TOTALE,2016
017142,Pian Camuno,2023,titolo_di_godimento,abitazioni occupate al 31 dicembre,tutte le voci,totale,tutte le voci,tutte le voci,TOTALE,TOTALE,2043
017143,Pisogne,2019,occupate_e_non_occupate,abitazioni al 31 dicembre,tutte le voci,totale,tutte le voci,tutte le voci,TOTALE,TOTALE,5346
017143,Pisogne,2019,occupate_e_non_occupate,abitazioni non occupate al 31 dicembre,tutte le voci,totale,tutte le voci,tutte le voci,TOTALE,TOTALE,1858
017143,Pisogne,2019,occupate_e_non_occupate,abitazioni occupate al 31 dicembre,tutte le voci,totale,tutte le voci,tutte le voci,TOTALE,TOTALE,3488
017143,Pisogne,2021,occupate_e_non_occupate,abitazioni al 31 dicembre,tutte le voci,totale,tutte le voci,tutte le voci,TOTALE,TOTALE,5367
017143,Pisogne,2021,occupate_e_non_occupate,abitazioni non occupate al 31 dicembre,tutte le voci,totale,tutte le voci,tutte le voci,TOTALE,TOTALE,1811
017143,Pisogne,2021,occupate_e_non_occupate,abitazioni occupate al 31 dicembre,tutte le voci,totale,tutte le voci,tutte le voci,TOTALE,TOTALE,3556
017143,Pisogne,2023,occupate_e_non_occupate,abitazioni al 31 dicembre,tutte le voci,totale,tutte le voci,tutte le voci,TOTALE,TOTALE,5462
017143,Pisogne,2023,occupate_e_non_occupate,abitazioni non occupate al 31 dicembre,tutte le voci,totale,tutte le voci,tutte le voci,TOTALE,TOTALE,1850
017143,Pisogne,2023,occupate_e_non_occupate,abitazioni occupate al 31 dicembre,tutte le voci,totale,tutte le voci,tutte le voci,TOTALE,TOTALE,3612
017143,Pisogne,2019,titolo_di_godimento,abitazioni occupate al 31 dicembre,affitto,totale,tutte le voci,tutte le voci,TOTALE,TOTALE,555
017143,Pisogne,2019,titolo_di_godimento,abitazioni occupate al 31 dicembre,"altro titolo diverso da proprietà, affitto",totale,tutte le voci,tutte le voci,TOTALE,TOTALE,289
017143,Pisogne,2019,titolo_di_godimento,abitazioni occupate al 31 dicembre,proprietà,totale,tutte le voci,tutte le voci,TOTALE,TOTALE,2644
017143,Pisogne,2019,titolo_di_godimento,abitazioni occupate al 31 dicembre,tutte le voci,totale,tutte le voci,tutte le voci,TOTALE,TOTALE,3488
017143,Pisogne,2021,titolo_di_godimento,abitazioni occupate al 31 dicembre,tutte le voci,totale,tutte le voci,tutte le voci,TOTALE,TOTALE,3556
017143,Pisogne,2023,titolo_di_godimento,abitazioni occupate al 31 dicembre,tutte le voci,totale,tutte le voci,tutte le voci,TOTALE,TOTALE,3612
017144,Polaveno,2019,occupate_e_non_occupate,abitazioni al 31 dicembre,tutte le voci,totale,tutte le voci,tutte le voci,TOTALE,TOTALE,1565
017144,Polaveno,2019,occupate_e_non_occupate,abitazioni non occupate al 31 dicembre,tutte le voci,totale,tutte le voci,tutte le voci,TOTALE,TOTALE,535
017144,Polaveno,2019,occupate_e_non_occupate,abitazioni occupate al 31 dicembre,tutte le voci,totale,tutte le voci,tutte le voci,TOTALE,TOTALE,1030
017144,Polaveno,2021,occupate_e_non_occupate,abitazioni al 31 dicembre,tutte le voci,totale,tutte le voci,tutte le voci,TOTALE,TOTALE,1568
017144,Polaveno,2021,occupate_e_non_occupate,abitazioni non occupate al 31 dicembre,tutte le voci,totale,tutte le voci,tutte le voci,TOTALE,TOTALE,532
017144,Polaveno,2021,occupate_e_non_occupate,abitazioni occupate al 31 dicembre,tutte le voci,totale,tutte le voci,tutte le voci,TOTALE,TOTALE,1036
017144,Polaveno,2023,occupate_e_non_occupate,abitazioni al 31 dicembre,tutte le voci,totale,tutte le voci,tutte le voci,TOTALE,TOTALE,1575
017144,Polaveno,2023,occupate_e_non_occupate,abitazioni non occupate al 31 dicembre,tutte le voci,totale,tutte le voci,tutte le voci,TOTALE,TOTALE,509
017144,Polaveno,2023,occupate_e_non_occupate,abitazioni occupate al 31 dicembre,tutte le voci,totale,tutte le voci,tutte le voci,TOTALE,TOTALE,1066
017144,Polaveno,2019,titolo_di_godimento,abitazioni occupate al 31 dicembre,affitto,totale,tutte le voci,tutte le voci,TOTALE,TOTALE,82
017144,Polaveno,2019,titolo_di_godimento,abitazioni occupate al 31 dicembre,"altro titolo diverso da proprietà, affitto",totale,tutte le voci,tutte le voci,TOTALE,TOTALE,29
017144,Polaveno,2019,titolo_di_godimento,abitazioni occupate al 31 dicembre,proprietà,totale,tutte le voci,tutte le voci,TOTALE,TOTALE,919
017144,Polaveno,2019,titolo_di_godimento,abitazioni occupate al 31 dicembre,tutte le voci,totale,tutte le voci,tutte le voci,TOTALE,TOTALE,1030
017144,Polaveno,2021,titolo_di_godimento,abitazioni occupate al 31 dicembre,tutte le voci,totale,tutte le voci,tutte le voci,TOTALE,TOTALE,1036
017144,Polaveno,2023,titolo_di_godimento,abitazioni occupate al 31 dicembre,tutte le voci,totale,tutte le voci,tutte le voci,TOTALE,TOTALE,1066
017145,Polpenazze del Garda,2019,occupate_e_non_occupate,abitazioni al 31 dicembre,tutte le voci,totale,tutte le voci,tutte le voci,TOTALE,TOTALE,2269
017145,Polpenazze del Garda,2019,occupate_e_non_occupate,abitazioni non occupate al 31 dicembre,tutte le voci,totale,tutte le voci,tutte le voci,TOTALE,TOTALE,993
017145,Polpenazze del Garda,2019,occupate_e_non_occupate,abitazioni occupate al 31 dicembre,tutte le voci,totale,tutte le voci,tutte le voci,TOTALE,TOTALE,1276
017145,Polpenazze del Garda,2021,occupate_e_non_occupate,abitazioni al 31 dicembre,tutte le voci,totale,tutte le voci,tutte le voci,TOTALE,TOTALE,2255
017145,Polpenazze del Garda,2021,occupate_e_non_occupate,abitazioni non occupate al 31 dicembre,tutte le voci,totale,tutte le voci,tutte le voci,TOTALE,TOTALE,940
017145,Polpenazze del Garda,2021,occupate_e_non_occupate,abitazioni occupate al 31 dicembre,tutte le voci,totale,tutte le voci,tutte le voci,TOTALE,TOTALE,1315
017145,Polpenazze del Garda,2023,occupate_e_non_occupate,abitazioni al 31 dicembre,tutte le voci,totale,tutte le voci,tutte le voci,TOTALE,TOTALE,2320
017145,Polpenazze del Garda,2023,occupate_e_non_occupate,abitazioni non occupate al 31 dicembre,tutte le voci,totale,tutte le voci,tutte le voci,TOTALE,TOTALE,967
017145,Polpenazze del Garda,2023,occupate_e_non_occupate,abitazioni occupate al 31 dicembre,tutte le voci,totale,tutte le voci,tutte le voci,TOTALE,TOTALE,1353
017145,Polpenazze del Garda,2019,titolo_di_godimento,abitazioni occupate al 31 dicembre,affitto,totale,tutte le voci,tutte le voci,TOTALE,TOTALE,273
017145,Polpenazze del Garda,2019,titolo_di_godimento,abitazioni occupate al 31 dicembre,"altro titolo diverso da proprietà, affitto",totale,tutte le voci,tutte le voci,TOTALE,TOTALE,109
017145,Polpenazze del Garda,2019,titolo_di_godimento,abitazioni occupate al 31 dicembre,proprietà,totale,tutte le voci,tutte le voci,TOTALE,TOTALE,894
017145,Polpenazze del Garda,2019,titolo_di_godimento,abitazioni occupate al 31 dicembre,tutte le voci,totale,tutte le voci,tutte le voci,TOTALE,TOTALE,1276
017145,Polpenazze del Garda,2021,titolo_di_godimento,abitazioni occupate al 31 dicembre,tutte le voci,totale,tutte le voci,tutte le voci,TOTALE,TOTALE,1315
017145,Polpenazze del Garda,2023,titolo_di_godimento,abitazioni occupate al 31 dicembre,tutte le voci,totale,tutte le voci,tutte le voci,TOTALE,TOTALE,1353
017146,Pompiano,2019,occupate_e_non_occupate,abitazioni al 31 dicembre,tutte le voci,totale,tutte le voci,tutte le voci,TOTALE,TOTALE,1643
017146,Pompiano,2019,occupate_e_non_occupate,abitazioni non occupate al 31 dicembre,tutte le voci,totale,tutte le voci,tutte le voci,TOTALE,TOTALE,193
017146,Pompiano,2019,occupate_e_non_occupate,abitazioni occupate al 31 dicembre,tutte le voci,totale,tutte le voci,tutte le voci,TOTALE,TOTALE,1450
017146,Pompiano,2021,occupate_e_non_occupate,abitazioni al 31 dicembre,tutte le voci,totale,tutte le voci,tutte le voci,TOTALE,TOTALE,1643
017146,Pompiano,2021,occupate_e_non_occupate,abitazioni non occupate al 31 dicembre,tutte le voci,totale,tutte le voci,tutte le voci,TOTALE,TOTALE,173
017146,Pompiano,2021,occupate_e_non_occupate,abitazioni occupate al 31 dicembre,tutte le voci,totale,tutte le voci,tutte le voci,TOTALE,TOTALE,1470
017146,Pompiano,2023,occupate_e_non_occupate,abitazioni al 31 dicembre,tutte le voci,totale,tutte le voci,tutte le voci,TOTALE,TOTALE,1651
017146,Pompiano,2023,occupate_e_non_occupate,abitazioni non occupate al 31 dicembre,tutte le voci,totale,tutte le voci,tutte le voci,TOTALE,TOTALE,176
017146,Pompiano,2023,occupate_e_non_occupate,abitazioni occupate al 31 dicembre,tutte le voci,totale,tutte le voci,tutte le voci,TOTALE,TOTALE,1475
017146,Pompiano,2019,titolo_di_godimento,abitazioni occupate al 31 dicembre,affitto,totale,tutte le voci,tutte le voci,TOTALE,TOTALE,201
017146,Pompiano,2019,titolo_di_godimento,abitazioni occupate al 31 dicembre,"altro titolo diverso da proprietà, affitto",totale,tutte le voci,tutte le voci,TOTALE,TOTALE,87
017146,Pompiano,2019,titolo_di_godimento,abitazioni occupate al 31 dicembre,proprietà,totale,tutte le voci,tutte le voci,TOTALE,TOTALE,1162
017146,Pompiano,2019,titolo_di_godimento,abitazioni occupate al 31 dicembre,tutte le voci,totale,tutte le voci,tutte le voci,TOTALE,TOTALE,1450
017146,Pompiano,2021,titolo_di_godimento,abitazioni occupate al 31 dicembre,tutte le voci,totale,tutte le voci,tutte le voci,TOTALE,TOTALE,1470
017146,Pompiano,2023,titolo_di_godimento,abitazioni occupate al 31 dicembre,tutte le voci,totale,tutte le voci,tutte le voci,TOTALE,TOTALE,1475
017147,Poncarale,2019,occupate_e_non_occupate,abitazioni al 31 dicembre,tutte le voci,totale,tutte le voci,tutte le voci,TOTALE,TOTALE,2385
017147,Poncarale,2019,occupate_e_non_occupate,abitazioni non occupate al 31 dicembre,tutte le voci,totale,tutte le voci,tutte le voci,TOTALE,TOTALE,277
017147,Poncarale,2019,occupate_e_non_occupate,abitazioni occupate al 31 dicembre,tutte le voci,totale,tutte le voci,tutte le voci,TOTALE,TOTALE,2108
017147,Poncarale,2021,occupate_e_non_occupate,abitazioni al 31 dicembre,tutte le voci,totale,tutte le voci,tutte le voci,TOTALE,TOTALE,2389
017147,Poncarale,2021,occupate_e_non_occupate,abitazioni non occupate al 31 dicembre,tutte le voci,totale,tutte le voci,tutte le voci,TOTALE,TOTALE,272
017147,Poncarale,2021,occupate_e_non_occupate,abitazioni occupate al 31 dicembre,tutte le voci,totale,tutte le voci,tutte le voci,TOTALE,TOTALE,2117
017147,Poncarale,2023,occupate_e_non_occupate,abitazioni al 31 dicembre,tutte le voci,totale,tutte le voci,tutte le voci,TOTALE,TOTALE,2397
017147,Poncarale,2023,occupate_e_non_occupate,abitazioni non occupate al 31 dicembre,tutte le voci,totale,tutte le voci,tutte le voci,TOTALE,TOTALE,260
017147,Poncarale,2023,occupate_e_non_occupate,abitazioni occupate al 31 dicembre,tutte le voci,totale,tutte le voci,tutte le voci,TOTALE,TOTALE,2137
017147,Poncarale,2019,titolo_di_godimento,abitazioni occupate al 31 dicembre,affitto,totale,tutte le voci,tutte le voci,TOTALE,TOTALE,280
017147,Poncarale,2019,titolo_di_godimento,abitazioni occupate al 31 dicembre,"altro titolo diverso da proprietà, affitto",totale,tutte le voci,tutte le voci,TOTALE,TOTALE,84
017147,Poncarale,2019,titolo_di_godimento,abitazioni occupate al 31 dicembre,proprietà,totale,tutte le voci,tutte le voci,TOTALE,TOTALE,1743
017147,Poncarale,2019,titolo_di_godimento,abitazioni occupate al 31 dicembre,tutte le voci,totale,tutte le voci,tutte le voci,TOTALE,TOTALE,2108
017147,Poncarale,2021,titolo_di_godimento,abitazioni occupate al 31 dicembre,tutte le voci,totale,tutte le voci,tutte le voci,TOTALE,TOTALE,2117
017147,Poncarale,2023,titolo_di_godimento,abitazioni occupate al 31 dicembre,tutte le voci,totale,tutte le voci,tutte le voci,TOTALE,TOTALE,2137
017148,Ponte di Legno,2019,occupate_e_non_occupate,abitazioni al 31 dicembre,tutte le voci,totale,tutte le voci,tutte le voci,TOTALE,TOTALE,6575
017148,Ponte di Legno,2019,occupate_e_non_occupate,abitazioni non occupate al 31 dicembre,tutte le voci,totale,tutte le voci,tutte le voci,TOTALE,TOTALE,5673
017148,Ponte di Legno,2019,occupate_e_non_occupate,abitazioni occupate al 31 dicembre,tutte le voci,totale,tutte le voci,tutte le voci,TOTALE,TOTALE,902
017148,Ponte di Legno,2021,occupate_e_non_occupate,abitazioni al 31 dicembre,tutte le voci,totale,tutte le voci,tutte le voci,TOTALE,TOTALE,6556
017148,Ponte di Legno,2021,occupate_e_non_occupate,abitazioni non occupate al 31 dicembre,tutte le voci,totale,tutte le voci,tutte le voci,TOTALE,TOTALE,5651
017148,Ponte di Legno,2021,occupate_e_non_occupate,abitazioni occupate al 31 dicembre,tutte le voci,totale,tutte le voci,tutte le voci,TOTALE,TOTALE,905
017148,Ponte di Legno,2023,occupate_e_non_occupate,abitazioni al 31 dicembre,tutte le voci,totale,tutte le voci,tutte le voci,TOTALE,TOTALE,6726
017148,Ponte di Legno,2023,occupate_e_non_occupate,abitazioni non occupate al 31 dicembre,tutte le voci,totale,tutte le voci,tutte le voci,TOTALE,TOTALE,5798
017148,Ponte di Legno,2023,occupate_e_non_occupate,abitazioni occupate al 31 dicembre,tutte le voci,totale,tutte le voci,tutte le voci,TOTALE,TOTALE,928
017148,Ponte di Legno,2019,titolo_di_godimento,abitazioni occupate al 31 dicembre,affitto,totale,tutte le voci,tutte le voci,TOTALE,TOTALE,92
017148,Ponte di Legno,2019,titolo_di_godimento,abitazioni occupate al 31 dicembre,"altro titolo diverso da proprietà, affitto",totale,tutte le voci,tutte le voci,TOTALE,TOTALE,84
017148,Ponte di Legno,2019,titolo_di_godimento,abitazioni occupate al 31 dicembre,proprietà,totale,tutte le voci,tutte le voci,TOTALE,TOTALE,726
017148,Ponte di Legno,2019,titolo_di_godimento,abitazioni occupate al 31 dicembre,tutte le voci,totale,tutte le voci,tutte le voci,TOTALE,TOTALE,902
017148,Ponte di Legno,2021,titolo_di_godimento,abitazioni occupate al 31 dicembre,tutte le voci,totale,tutte le voci,tutte le voci,TOTALE,TOTALE,905
017148,Ponte di Legno,2023,titolo_di_godimento,abitazioni occupate al 31 dicembre,tutte le voci,totale,tutte le voci,tutte le voci,TOTALE,TOTALE,928
017149,Pontevico,2019,occupate_e_non_occupate,abitazioni al 31 dicembre,tutte le voci,totale,tutte le voci,tutte le voci,TOTALE,TOTALE,3507
017149,Pontevico,2019,occupate_e_non_occupate,abitazioni non occupate al 31 dicembre,tutte le voci,totale,tutte le voci,tutte le voci,TOTALE,TOTALE,797
017149,Pontevico,2019,occupate_e_non_occupate,abitazioni occupate al 31 dicembre,tutte le voci,totale,tutte le voci,tutte le voci,TOTALE,TOTALE,2710
017149,Pontevico,2021,occupate_e_non_occupate,abitazioni al 31 dicembre,tutte le voci,totale,tutte le voci,tutte le voci,TOTALE,TOTALE,3513
017149,Pontevico,2021,occupate_e_non_occupate,abitazioni non occupate al 31 dicembre,tutte le voci,totale,tutte le voci,tutte le voci,TOTALE,TOTALE,782
017149,Pontevico,2021,occupate_e_non_occupate,abitazioni occupate al 31 dicembre,tutte le voci,totale,tutte le voci,tutte le voci,TOTALE,TOTALE,2731
017149,Pontevico,2023,occupate_e_non_occupate,abitazioni al 31 dicembre,tutte le voci,totale,tutte le voci,tutte le voci,TOTALE,TOTALE,3516
017149,Pontevico,2023,occupate_e_non_occupate,abitazioni non occupate al 31 dicembre,tutte le voci,totale,tutte le voci,tutte le voci,TOTALE,TOTALE,741
017149,Pontevico,2023,occupate_e_non_occupate,abitazioni occupate al 31 dicembre,tutte le voci,totale,tutte le voci,tutte le voci,TOTALE,TOTALE,2775
017149,Pontevico,2019,titolo_di_godimento,abitazioni occupate al 31 dicembre,affitto,totale,tutte le voci,tutte le voci,TOTALE,TOTALE,590
017149,Pontevico,2019,titolo_di_godimento,abitazioni occupate al 31 dicembre,"altro titolo diverso da proprietà, affitto",totale,tutte le voci,tutte le voci,TOTALE,TOTALE,143
017149,Pontevico,2019,titolo_di_godimento,abitazioni occupate al 31 dicembre,proprietà,totale,tutte le voci,tutte le voci,TOTALE,TOTALE,1977
017149,Pontevico,2019,titolo_di_godimento,abitazioni occupate al 31 dicembre,tutte le voci,totale,tutte le voci,tutte le voci,TOTALE,TOTALE,2710
017149,Pontevico,2021,titolo_di_godimento,abitazioni occupate al 31 dicembre,tutte le voci,totale,tutte le voci,tutte le voci,TOTALE,TOTALE,2731
017149,Pontevico,2023,titolo_di_godimento,abitazioni occupate al 31 dicembre,tutte le voci,totale,tutte le voci,tutte le voci,TOTALE,TOTALE,2775
017150,Pontoglio,2019,occupate_e_non_occupate,abitazioni al 31 dicembre,tutte le voci,totale,tutte le voci,tutte le voci,TOTALE,TOTALE,3120
017150,Pontoglio,2019,occupate_e_non_occupate,abitazioni non occupate al 31 dicembre,tutte le voci,totale,tutte le voci,tutte le voci,TOTALE,TOTALE,495
017150,Pontoglio,2019,occupate_e_non_occupate,abitazioni occupate al 31 dicembre,tutte le voci,totale,tutte le voci,tutte le voci,TOTALE,TOTALE,2625
017150,Pontoglio,2021,occupate_e_non_occupate,abitazioni al 31 dicembre,tutte le voci,totale,tutte le voci,tutte le voci,TOTALE,TOTALE,3125
017150,Pontoglio,2021,occupate_e_non_occupate,abitazioni non occupate al 31 dicembre,tutte le voci,totale,tutte le voci,tutte le voci,TOTALE,TOTALE,461
017150,Pontoglio,2021,occupate_e_non_occupate,abitazioni occupate al 31 dicembre,tutte le voci,totale,tutte le voci,tutte le voci,TOTALE,TOTALE,2664
017150,Pontoglio,2023,occupate_e_non_occupate,abitazioni al 31 dicembre,tutte le voci,totale,tutte le voci,tutte le voci,TOTALE,TOTALE,3132
017150,Pontoglio,2023,occupate_e_non_occupate,abitazioni non occupate al 31 dicembre,tutte le voci,totale,tutte le voci,tutte le voci,TOTALE,TOTALE,433
017150,Pontoglio,2023,occupate_e_non_occupate,abitazioni occupate al 31 dicembre,tutte le voci,totale,tutte le voci,tutte le voci,TOTALE,TOTALE,2699
017150,Pontoglio,2019,titolo_di_godimento,abitazioni occupate al 31 dicembre,affitto,totale,tutte le voci,tutte le voci,TOTALE,TOTALE,517
017150,Pontoglio,2019,titolo_di_godimento,abitazioni occupate al 31 dicembre,"altro titolo diverso da proprietà, affitto",totale,tutte le voci,tutte le voci,TOTALE,TOTALE,108
017150,Pontoglio,2019,titolo_di_godimento,abitazioni occupate al 31 dicembre,proprietà,totale,tutte le voci,tutte le voci,TOTALE,TOTALE,2000
017150,Pontoglio,2019,titolo_di_godimento,abitazioni occupate al 31 dicembre,tutte le voci,totale,tutte le voci,tutte le voci,TOTALE,TOTALE,2625
017150,Pontoglio,2021,titolo_di_godimento,abitazioni occupate al 31 dicembre,tutte le voci,totale,tutte le voci,tutte le voci,TOTALE,TOTALE,2664
017150,Pontoglio,2023,titolo_di_godimento,abitazioni occupate al 31 dicembre,tutte le voci,totale,tutte le voci,tutte le voci,TOTALE,TOTALE,2699
017151,Pozzolengo,2019,occupate_e_non_occupate,abitazioni al 31 dicembre,tutte le voci,totale,tutte le voci,tutte le voci,TOTALE,TOTALE,2209
017151,Pozzolengo,2019,occupate_e_non_occupate,abitazioni non occupate al 31 dicembre,tutte le voci,totale,tutte le voci,tutte le voci,TOTALE,TOTALE,782
017151,Pozzolengo,2019,occupate_e_non_occupate,abitazioni occupate al 31 dicembre,tutte le voci,totale,tutte le voci,tutte le voci,TOTALE,TOTALE,1427
017151,Pozzolengo,2021,occupate_e_non_occupate,abitazioni al 31 dicembre,tutte le voci,totale,tutte le voci,tutte le voci,TOTALE,TOTALE,2215
017151,Pozzolengo,2021,occupate_e_non_occupate,abitazioni non occupate al 31 dicembre,tutte le voci,totale,tutte le voci,tutte le voci,TOTALE,TOTALE,770
017151,Pozzolengo,2021,occupate_e_non_occupate,abitazioni occupate al 31 dicembre,tutte le voci,totale,tutte le voci,tutte le voci,TOTALE,TOTALE,1445
017151,Pozzolengo,2023,occupate_e_non_occupate,abitazioni al 31 dicembre,tutte le voci,totale,tutte le voci,tutte le voci,TOTALE,TOTALE,2243
017151,Pozzolengo,2023,occupate_e_non_occupate,abitazioni non occupate al 31 dicembre,tutte le voci,totale,tutte le voci,tutte le voci,TOTALE,TOTALE,783
017151,Pozzolengo,2023,occupate_e_non_occupate,abitazioni occupate al 31 dicembre,tutte le voci,totale,tutte le voci,tutte le voci,TOTALE,TOTALE,1460
017151,Pozzolengo,2019,titolo_di_godimento,abitazioni occupate al 31 dicembre,affitto,totale,tutte le voci,tutte le voci,TOTALE,TOTALE,242
017151,Pozzolengo,2019,titolo_di_godimento,abitazioni occupate al 31 dicembre,"altro titolo diverso da proprietà, affitto",totale,tutte le voci,tutte le voci,TOTALE,TOTALE,113
017151,Pozzolengo,2019,titolo_di_godimento,abitazioni occupate al 31 dicembre,proprietà,totale,tutte le voci,tutte le voci,TOTALE,TOTALE,1072
017151,Pozzolengo,2019,titolo_di_godimento,abitazioni occupate al 31 dicembre,tutte le voci,totale,tutte le voci,tutte le voci,TOTALE,TOTALE,1427
017151,Pozzolengo,2021,titolo_di_godimento,abitazioni occupate al 31 dicembre,tutte le voci,totale,tutte le voci,tutte le voci,TOTALE,TOTALE,1445
017151,Pozzolengo,2023,titolo_di_godimento,abitazioni occupate al 31 dicembre,tutte le voci,totale,tutte le voci,tutte le voci,TOTALE,TOTALE,1460
017152,Pralboino,2019,occupate_e_non_occupate,abitazioni al 31 dicembre,tutte le voci,totale,tutte le voci,tutte le voci,TOTALE,TOTALE,1448
017152,Pralboino,2019,occupate_e_non_occupate,abitazioni non occupate al 31 dicembre,tutte le voci,totale,tutte le voci,tutte le voci,TOTALE,TOTALE,296
017152,Pralboino,2019,occupate_e_non_occupate,abitazioni occupate al 31 dicembre,tutte le voci,totale,tutte le voci,tutte le voci,TOTALE,TOTALE,1152
017152,Pralboino,2021,occupate_e_non_occupate,abitazioni al 31 dicembre,tutte le voci,totale,tutte le voci,tutte le voci,TOTALE,TOTALE,1451
017152,Pralboino,2021,occupate_e_non_occupate,abitazioni non occupate al 31 dicembre,tutte le voci,totale,tutte le voci,tutte le voci,TOTALE,TOTALE,315
017152,Pralboino,2021,occupate_e_non_occupate,abitazioni occupate al 31 dicembre,tutte le voci,totale,tutte le voci,tutte le voci,TOTALE,TOTALE,1136
017152,Pralboino,2023,occupate_e_non_occupate,abitazioni al 31 dicembre,tutte le voci,totale,tutte le voci,tutte le voci,TOTALE,TOTALE,1470
017152,Pralboino,2023,occupate_e_non_occupate,abitazioni non occupate al 31 dicembre,tutte le voci,totale,tutte le voci,tutte le voci,TOTALE,TOTALE,321
017152,Pralboino,2023,occupate_e_non_occupate,abitazioni occupate al 31 dicembre,tutte le voci,totale,tutte le voci,tutte le voci,TOTALE,TOTALE,1149
017152,Pralboino,2019,titolo_di_godimento,abitazioni occupate al 31 dicembre,affitto,totale,tutte le voci,tutte le voci,TOTALE,TOTALE,289
017152,Pralboino,2019,titolo_di_godimento,abitazioni occupate al 31 dicembre,"altro titolo diverso da proprietà, affitto",totale,tutte le voci,tutte le voci,TOTALE,TOTALE,117
017152,Pralboino,2019,titolo_di_godimento,abitazioni occupate al 31 dicembre,proprietà,totale,tutte le voci,tutte le voci,TOTALE,TOTALE,747
017152,Pralboino,2019,titolo_di_godimento,abitazioni occupate al 31 dicembre,tutte le voci,totale,tutte le voci,tutte le voci,TOTALE,TOTALE,1152
017152,Pralboino,2021,titolo_di_godimento,abitazioni occupate al 31 dicembre,tutte le voci,totale,tutte le voci,tutte le voci,TOTALE,TOTALE,1136
017152,Pralboino,2023,titolo_di_godimento,abitazioni occupate al 31 dicembre,tutte le voci,totale,tutte le voci,tutte le voci,TOTALE,TOTALE,1149
017153,Preseglie,2019,occupate_e_non_occupate,abitazioni al 31 dicembre,tutte le voci,totale,tutte le voci,tutte le voci,TOTALE,TOTALE,885
017153,Preseglie,2019,occupate_e_non_occupate,abitazioni non occupate al 31 dicembre,tutte le voci,totale,tutte le voci,tutte le voci,TOTALE,TOTALE,270
017153,Preseglie,2019,occupate_e_non_occupate,abitazioni occupate al 31 dicembre,tutte le voci,totale,tutte le voci,tutte le voci,TOTALE,TOTALE,615
017153,Preseglie,2021,occupate_e_non_occupate,abitazioni al 31 dicembre,tutte le voci,totale,tutte le voci,tutte le voci,TOTALE,TOTALE,886
017153,Preseglie,2021,occupate_e_non_occupate,abitazioni non occupate al 31 dicembre,tutte le voci,totale,tutte le voci,tutte le voci,TOTALE,TOTALE,277
017153,Preseglie,2021,occupate_e_non_occupate,abitazioni occupate al 31 dicembre,tutte le voci,totale,tutte le voci,tutte le voci,TOTALE,TOTALE,609
017153,Preseglie,2023,occupate_e_non_occupate,abitazioni al 31 dicembre,tutte le voci,totale,tutte le voci,tutte le voci,TOTALE,TOTALE,898
017153,Preseglie,2023,occupate_e_non_occupate,abitazioni non occupate al 31 dicembre,tutte le voci,totale,tutte le voci,tutte le voci,TOTALE,TOTALE,292
017153,Preseglie,2023,occupate_e_non_occupate,abitazioni occupate al 31 dicembre,tutte le voci,totale,tutte le voci,tutte le voci,TOTALE,TOTALE,606
017153,Preseglie,2019,titolo_di_godimento,abitazioni occupate al 31 dicembre,affitto,totale,tutte le voci,tutte le voci,TOTALE,TOTALE,78
017153,Preseglie,2019,titolo_di_godimento,abitazioni occupate al 31 dicembre,"altro titolo diverso da proprietà, affitto",totale,tutte le voci,tutte le voci,TOTALE,TOTALE,51
017153,Preseglie,2019,titolo_di_godimento,abitazioni occupate al 31 dicembre,proprietà,totale,tutte le voci,tutte le voci,TOTALE,TOTALE,485
017153,Preseglie,2019,titolo_di_godimento,abitazioni occupate al 31 dicembre,tutte le voci,totale,tutte le voci,tutte le voci,TOTALE,TOTALE,615
017153,Preseglie,2021,titolo_di_godimento,abitazioni occupate al 31 dicembre,tutte le voci,totale,tutte le voci,tutte le voci,TOTALE,TOTALE,609
017153,Preseglie,2023,titolo_di_godimento,abitazioni occupate al 31 dicembre,tutte le voci,totale,tutte le voci,tutte le voci,TOTALE,TOTALE,606
017155,Prevalle,2019,occupate_e_non_occupate,abitazioni al 31 dicembre,tutte le voci,totale,tutte le voci,tutte le voci,TOTALE,TOTALE,3016
017155,Prevalle,2019,occupate_e_non_occupate,abitazioni non occupate al 31 dicembre,tutte le voci,totale,tutte le voci,tutte le voci,TOTALE,TOTALE,402
017155,Prevalle,2019,occupate_e_non_occupate,abitazioni occupate al 31 dicembre,tutte le voci,totale,tutte le voci,tutte le voci,TOTALE,TOTALE,2614
017155,Prevalle,2021,occupate_e_non_occupate,abitazioni al 31 dicembre,tutte le voci,totale,tutte le voci,tutte le voci,TOTALE,TOTALE,3018
017155,Prevalle,2021,occupate_e_non_occupate,abitazioni non occupate al 31 dicembre,tutte le voci,totale,tutte le voci,tutte le voci,TOTALE,TOTALE,338
017155,Prevalle,2021,occupate_e_non_occupate,abitazioni occupate al 31 dicembre,tutte le voci,totale,tutte le voci,tutte le voci,TOTALE,TOTALE,2680
017155,Prevalle,2023,occupate_e_non_occupate,abitazioni al 31 dicembre,tutte le voci,totale,tutte le voci,tutte le voci,TOTALE,TOTALE,3065
017155,Prevalle,2023,occupate_e_non_occupate,abitazioni non occupate al 31 dicembre,tutte le voci,totale,tutte le voci,tutte le voci,TOTALE,TOTALE,321
017155,Prevalle,2023,occupate_e_non_occupate,abitazioni occupate al 31 dicembre,tutte le voci,totale,tutte le voci,tutte le voci,TOTALE,TOTALE,2744
017155,Prevalle,2019,titolo_di_godimento,abitazioni occupate al 31 dicembre,affitto,totale,tutte le voci,tutte le voci,TOTALE,TOTALE,583
017155,Prevalle,2019,titolo_di_godimento,abitazioni occupate al 31 dicembre,"altro titolo diverso da proprietà, affitto",totale,tutte le voci,tutte le voci,TOTALE,TOTALE,339
017155,Prevalle,2019,titolo_di_godimento,abitazioni occupate al 31 dicembre,proprietà,totale,tutte le voci,tutte le voci,TOTALE,TOTALE,1692
017155,Prevalle,2019,titolo_di_godimento,abitazioni occupate al 31 dicembre,tutte le voci,totale,tutte le voci,tutte le voci,TOTALE,TOTALE,2614
017155,Prevalle,2021,titolo_di_godimento,abitazioni occupate al 31 dicembre,tutte le voci,totale,tutte le voci,tutte le voci,TOTALE,TOTALE,2680
017155,Prevalle,2023,titolo_di_godimento,abitazioni occupate al 31 dicembre,tutte le voci,totale,tutte le voci,tutte le voci,TOTALE,TOTALE,2744
017156,Provaglio d'Iseo,2019,occupate_e_non_occupate,abitazioni al 31 dicembre,tutte le voci,totale,tutte le voci,tutte le voci,TOTALE,TOTALE,3493
017156,Provaglio d'Iseo,2019,occupate_e_non_occupate,abitazioni non occupate al 31 dicembre,tutte le voci,totale,tutte le voci,tutte le voci,TOTALE,TOTALE,499
017156,Provaglio d'Iseo,2019,occupate_e_non_occupate,abitazioni occupate al 31 dicembre,tutte le voci,totale,tutte le voci,tutte le voci,TOTALE,TOTALE,2994
017156,Provaglio d'Iseo,2021,occupate_e_non_occupate,abitazioni al 31 dicembre,tutte le voci,totale,tutte le voci,tutte le voci,TOTALE,TOTALE,3508
017156,Provaglio d'Iseo,2021,occupate_e_non_occupate,abitazioni non occupate al 31 dicembre,tutte le voci,totale,tutte le voci,tutte le voci,TOTALE,TOTALE,495
017156,Provaglio d'Iseo,2021,occupate_e_non_occupate,abitazioni occupate al 31 dicembre,tutte le voci,totale,tutte le voci,tutte le voci,TOTALE,TOTALE,3013
017156,Provaglio d'Iseo,2023,occupate_e_non_occupate,abitazioni al 31 dicembre,tutte le voci,totale,tutte le voci,tutte le voci,TOTALE,TOTALE,3557
017156,Provaglio d'Iseo,2023,occupate_e_non_occupate,abitazioni non occupate al 31 dicembre,tutte le voci,totale,tutte le voci,tutte le voci,TOTALE,TOTALE,531
017156,Provaglio d'Iseo,2023,occupate_e_non_occupate,abitazioni occupate al 31 dicembre,tutte le voci,totale,tutte le voci,tutte le voci,TOTALE,TOTALE,3026
017156,Provaglio d'Iseo,2019,titolo_di_godimento,abitazioni occupate al 31 dicembre,affitto,totale,tutte le voci,tutte le voci,TOTALE,TOTALE,303
017156,Provaglio d'Iseo,2019,titolo_di_godimento,abitazioni occupate al 31 dicembre,"altro titolo diverso da proprietà, affitto",totale,tutte le voci,tutte le voci,TOTALE,TOTALE,93
017156,Provaglio d'Iseo,2019,titolo_di_godimento,abitazioni occupate al 31 dicembre,proprietà,totale,tutte le voci,tutte le voci,TOTALE,TOTALE,2599
017156,Provaglio d'Iseo,2019,titolo_di_godimento,abitazioni occupate al 31 dicembre,tutte le voci,totale,tutte le voci,tutte le voci,TOTALE,TOTALE,2994
017156,Provaglio d'Iseo,2021,titolo_di_godimento,abitazioni occupate al 31 dicembre,tutte le voci,totale,tutte le voci,tutte le voci,TOTALE,TOTALE,3013
017156,Provaglio d'Iseo,2023,titolo_di_godimento,abitazioni occupate al 31 dicembre,tutte le voci,totale,tutte le voci,tutte le voci,TOTALE,TOTALE,3026
017157,Provaglio Val Sabbia,2019,occupate_e_non_occupate,abitazioni al 31 dicembre,tutte le voci,totale,tutte le voci,tutte le voci,TOTALE,TOTALE,674
017157,Provaglio Val Sabbia,2019,occupate_e_non_occupate,abitazioni non occupate al 31 dicembre,tutte le voci,totale,tutte le voci,tutte le voci,TOTALE,TOTALE,308
017157,Provaglio Val Sabbia,2019,occupate_e_non_occupate,abitazioni occupate al 31 dicembre,tutte le voci,totale,tutte le voci,tutte le voci,TOTALE,TOTALE,366
017157,Provaglio Val Sabbia,2021,occupate_e_non_occupate,abitazioni al 31 dicembre,tutte le voci,totale,tutte le voci,tutte le voci,TOTALE,TOTALE,673
017157,Provaglio Val Sabbia,2021,occupate_e_non_occupate,abitazioni non occupate al 31 dicembre,tutte le voci,totale,tutte le voci,tutte le voci,TOTALE,TOTALE,308
017157,Provaglio Val Sabbia,2021,occupate_e_non_occupate,abitazioni occupate al 31 dicembre,tutte le voci,totale,tutte le voci,tutte le voci,TOTALE,TOTALE,365
017157,Provaglio Val Sabbia,2023,occupate_e_non_occupate,abitazioni al 31 dicembre,tutte le voci,totale,tutte le voci,tutte le voci,TOTALE,TOTALE,681
017157,Provaglio Val Sabbia,2023,occupate_e_non_occupate,abitazioni non occupate al 31 dicembre,tutte le voci,totale,tutte le voci,tutte le voci,TOTALE,TOTALE,313
017157,Provaglio Val Sabbia,2023,occupate_e_non_occupate,abitazioni occupate al 31 dicembre,tutte le voci,totale,tutte le voci,tutte le voci,TOTALE,TOTALE,368
017157,Provaglio Val Sabbia,2019,titolo_di_godimento,abitazioni occupate al 31 dicembre,affitto,totale,tutte le voci,tutte le voci,TOTALE,TOTALE,11
017157,Provaglio Val Sabbia,2019,titolo_di_godimento,abitazioni occupate al 31 dicembre,"altro titolo diverso da proprietà, affitto",totale,tutte le voci,tutte le voci,TOTALE,TOTALE,13
017157,Provaglio Val Sabbia,2019,titolo_di_godimento,abitazioni occupate al 31 dicembre,proprietà,totale,tutte le voci,tutte le voci,TOTALE,TOTALE,342
017157,Provaglio Val Sabbia,2019,titolo_di_godimento,abitazioni occupate al 31 dicembre,tutte le voci,totale,tutte le voci,tutte le voci,TOTALE,TOTALE,366
017157,Provaglio Val Sabbia,2021,titolo_di_godimento,abitazioni occupate al 31 dicembre,tutte le voci,totale,tutte le voci,tutte le voci,TOTALE,TOTALE,365
017157,Provaglio Val Sabbia,2023,titolo_di_godimento,abitazioni occupate al 31 dicembre,tutte le voci,totale,tutte le voci,tutte le voci,TOTALE,TOTALE,368
017158,Puegnago del Garda,2019,occupate_e_non_occupate,abitazioni al 31 dicembre,tutte le voci,totale,tutte le voci,tutte le voci,TOTALE,TOTALE,2297
017158,Puegnago del Garda,2019,occupate_e_non_occupate,abitazioni non occupate al 31 dicembre,tutte le voci,totale,tutte le voci,tutte le voci,TOTALE,TOTALE,777
017158,Puegnago del Garda,2019,occupate_e_non_occupate,abitazioni occupate al 31 dicembre,tutte le voci,totale,tutte le voci,tutte le voci,TOTALE,TOTALE,1520
017158,Puegnago del Garda,2021,occupate_e_non_occupate,abitazioni al 31 dicembre,tutte le voci,totale,tutte le voci,tutte le voci,TOTALE,TOTALE,2299
017158,Puegnago del Garda,2021,occupate_e_non_occupate,abitazioni non occupate al 31 dicembre,tutte le voci,totale,tutte le voci,tutte le voci,TOTALE,TOTALE,757
017158,Puegnago del Garda,2021,occupate_e_non_occupate,abitazioni occupate al 31 dicembre,tutte le voci,totale,tutte le voci,tutte le voci,TOTALE,TOTALE,1542
017158,Puegnago del Garda,2023,occupate_e_non_occupate,abitazioni al 31 dicembre,tutte le voci,totale,tutte le voci,tutte le voci,TOTALE,TOTALE,2341
017158,Puegnago del Garda,2023,occupate_e_non_occupate,abitazioni non occupate al 31 dicembre,tutte le voci,totale,tutte le voci,tutte le voci,TOTALE,TOTALE,801
017158,Puegnago del Garda,2023,occupate_e_non_occupate,abitazioni occupate al 31 dicembre,tutte le voci,totale,tutte le voci,tutte le voci,TOTALE,TOTALE,1540
017158,Puegnago del Garda,2019,titolo_di_godimento,abitazioni occupate al 31 dicembre,affitto,totale,tutte le voci,tutte le voci,TOTALE,TOTALE,183
017158,Puegnago del Garda,2019,titolo_di_godimento,abitazioni occupate al 31 dicembre,"altro titolo diverso da proprietà, affitto",totale,tutte le voci,tutte le voci,TOTALE,TOTALE,115
017158,Puegnago del Garda,2019,titolo_di_godimento,abitazioni occupate al 31 dicembre,proprietà,totale,tutte le voci,tutte le voci,TOTALE,TOTALE,1222
017158,Puegnago del Garda,2019,titolo_di_godimento,abitazioni occupate al 31 dicembre,tutte le voci,totale,tutte le voci,tutte le voci,TOTALE,TOTALE,1520
017158,Puegnago del Garda,2021,titolo_di_godimento,abitazioni occupate al 31 dicembre,tutte le voci,totale,tutte le voci,tutte le voci,TOTALE,TOTALE,1542
017158,Puegnago del Garda,2023,titolo_di_godimento,abitazioni occupate al 31 dicembre,tutte le voci,totale,tutte le voci,tutte le voci,TOTALE,TOTALE,1540
017159,Quinzano d'Oglio,2019,occupate_e_non_occupate,abitazioni al 31 dicembre,tutte le voci,totale,tutte le voci,tutte le voci,TOTALE,TOTALE,3086
017159,Quinzano d'Oglio,2019,occupate_e_non_occupate,abitazioni non occupate al 31 dicembre,tutte le voci,totale,tutte le voci,tutte le voci,TOTALE,TOTALE,567
017159,Quinzano d'Oglio,2019,occupate_e_non_occupate,abitazioni occupate al 31 dicembre,tutte le voci,totale,tutte le voci,tutte le voci,TOTALE,TOTALE,2519
017159,Quinzano d'Oglio,2021,occupate_e_non_occupate,abitazioni al 31 dicembre,tutte le voci,totale,tutte le voci,tutte le voci,TOTALE,TOTALE,3088
017159,Quinzano d'Oglio,2021,occupate_e_non_occupate,abitazioni non occupate al 31 dicembre,tutte le voci,totale,tutte le voci,tutte le voci,TOTALE,TOTALE,565
017159,Quinzano d'Oglio,2021,occupate_e_non_occupate,abitazioni occupate al 31 dicembre,tutte le voci,totale,tutte le voci,tutte le voci,TOTALE,TOTALE,2523
017159,Quinzano d'Oglio,2023,occupate_e_non_occupate,abitazioni al 31 dicembre,tutte le voci,totale,tutte le voci,tutte le voci,TOTALE,TOTALE,3100
017159,Quinzano d'Oglio,2023,occupate_e_non_occupate,abitazioni non occupate al 31 dicembre,tutte le voci,totale,tutte le voci,tutte le voci,TOTALE,TOTALE,540
017159,Quinzano d'Oglio,2023,occupate_e_non_occupate,abitazioni occupate al 31 dicembre,tutte le voci,totale,tutte le voci,tutte le voci,TOTALE,TOTALE,2560
017159,Quinzano d'Oglio,2019,titolo_di_godimento,abitazioni occupate al 31 dicembre,affitto,totale,tutte le voci,tutte le voci,TOTALE,TOTALE,302
017159,Quinzano d'Oglio,2019,titolo_di_godimento,abitazioni occupate al 31 dicembre,"altro titolo diverso da proprietà, affitto",totale,tutte le voci,tutte le voci,TOTALE,TOTALE,92
017159,Quinzano d'Oglio,2019,titolo_di_godimento,abitazioni occupate al 31 dicembre,proprietà,totale,tutte le voci,tutte le voci,TOTALE,TOTALE,2125
017159,Quinzano d'Oglio,2019,titolo_di_godimento,abitazioni occupate al 31 dicembre,tutte le voci,totale,tutte le voci,tutte le voci,TOTALE,TOTALE,2519
017159,Quinzano d'Oglio,2021,titolo_di_godimento,abitazioni occupate al 31 dicembre,tutte le voci,totale,tutte le voci,tutte le voci,TOTALE,TOTALE,2523
017159,Quinzano d'Oglio,2023,titolo_di_godimento,abitazioni occupate al 31 dicembre,tutte le voci,totale,tutte le voci,tutte le voci,TOTALE,TOTALE,2560
017160,Remedello,2019,occupate_e_non_occupate,abitazioni al 31 dicembre,tutte le voci,totale,tutte le voci,tutte le voci,TOTALE,TOTALE,1556
017160,Remedello,2019,occupate_e_non_occupate,abitazioni non occupate al 31 dicembre,tutte le voci,totale,tutte le voci,tutte le voci,TOTALE,TOTALE,321
017160,Remedello,2019,occupate_e_non_occupate,abitazioni occupate al 31 dicembre,tutte le voci,totale,tutte le voci,tutte le voci,TOTALE,TOTALE,1235
017160,Remedello,2021,occupate_e_non_occupate,abitazioni al 31 dicembre,tutte le voci,totale,tutte le voci,tutte le voci,TOTALE,TOTALE,1558
017160,Remedello,2021,occupate_e_non_occupate,abitazioni non occupate al 31 dicembre,tutte le voci,totale,tutte le voci,tutte le voci,TOTALE,TOTALE,314
017160,Remedello,2021,occupate_e_non_occupate,abitazioni occupate al 31 dicembre,tutte le voci,totale,tutte le voci,tutte le voci,TOTALE,TOTALE,1244
017160,Remedello,2023,occupate_e_non_occupate,abitazioni al 31 dicembre,tutte le voci,totale,tutte le voci,tutte le voci,TOTALE,TOTALE,1568
017160,Remedello,2023,occupate_e_non_occupate,abitazioni non occupate al 31 dicembre,tutte le voci,totale,tutte le voci,tutte le voci,TOTALE,TOTALE,284
017160,Remedello,2023,occupate_e_non_occupate,abitazioni occupate al 31 dicembre,tutte le voci,totale,tutte le voci,tutte le voci,TOTALE,TOTALE,1284
017160,Remedello,2019,titolo_di_godimento,abitazioni occupate al 31 dicembre,affitto,totale,tutte le voci,tutte le voci,TOTALE,TOTALE,213
017160,Remedello,2019,titolo_di_godimento,abitazioni occupate al 31 dicembre,"altro titolo diverso da proprietà, affitto",totale,tutte le voci,tutte le voci,TOTALE,TOTALE,67
017160,Remedello,2019,titolo_di_godimento,abitazioni occupate al 31 dicembre,proprietà,totale,tutte le voci,tutte le voci,TOTALE,TOTALE,955
017160,Remedello,2019,titolo_di_godimento,abitazioni occupate al 31 dicembre,tutte le voci,totale,tutte le voci,tutte le voci,TOTALE,TOTALE,1235
017160,Remedello,2021,titolo_di_godimento,abitazioni occupate al 31 dicembre,tutte le voci,totale,tutte le voci,tutte le voci,TOTALE,TOTALE,1244
017160,Remedello,2023,titolo_di_godimento,abitazioni occupate al 31 dicembre,tutte le voci,totale,tutte le voci,tutte le voci,TOTALE,TOTALE,1284
017161,Rezzato,2019,occupate_e_non_occupate,abitazioni al 31 dicembre,tutte le voci,totale,tutte le voci,tutte le voci,TOTALE,TOTALE,6575
017161,Rezzato,2019,occupate_e_non_occupate,abitazioni non occupate al 31 dicembre,tutte le voci,totale,tutte le voci,tutte le voci,TOTALE,TOTALE,1008
017161,Rezzato,2019,occupate_e_non_occupate,abitazioni occupate al 31 dicembre,tutte le voci,totale,tutte le voci,tutte le voci,TOTALE,TOTALE,5567
017161,Rezzato,2021,occupate_e_non_occupate,abitazioni al 31 dicembre,tutte le voci,totale,tutte le voci,tutte le voci,TOTALE,TOTALE,6595
017161,Rezzato,2021,occupate_e_non_occupate,abitazioni non occupate al 31 dicembre,tutte le voci,totale,tutte le voci,tutte le voci,TOTALE,TOTALE,833
017161,Rezzato,2021,occupate_e_non_occupate,abitazioni occupate al 31 dicembre,tutte le voci,totale,tutte le voci,tutte le voci,TOTALE,TOTALE,5762
017161,Rezzato,2023,occupate_e_non_occupate,abitazioni al 31 dicembre,tutte le voci,totale,tutte le voci,tutte le voci,TOTALE,TOTALE,6667
017161,Rezzato,2023,occupate_e_non_occupate,abitazioni non occupate al 31 dicembre,tutte le voci,totale,tutte le voci,tutte le voci,TOTALE,TOTALE,772
017161,Rezzato,2023,occupate_e_non_occupate,abitazioni occupate al 31 dicembre,tutte le voci,totale,tutte le voci,tutte le voci,TOTALE,TOTALE,5895
017161,Rezzato,2019,titolo_di_godimento,abitazioni occupate al 31 dicembre,affitto,totale,tutte le voci,tutte le voci,TOTALE,TOTALE,1333
017161,Rezzato,2019,titolo_di_godimento,abitazioni occupate al 31 dicembre,"altro titolo diverso da proprietà, affitto",totale,tutte le voci,tutte le voci,TOTALE,TOTALE,330
017161,Rezzato,2019,titolo_di_godimento,abitazioni occupate al 31 dicembre,proprietà,totale,tutte le voci,tutte le voci,TOTALE,TOTALE,3904
017161,Rezzato,2019,titolo_di_godimento,abitazioni occupate al 31 dicembre,tutte le voci,totale,tutte le voci,tutte le voci,TOTALE,TOTALE,5567
017161,Rezzato,2021,titolo_di_godimento,abitazioni occupate al 31 dicembre,tutte le voci,totale,tutte le voci,tutte le voci,TOTALE,TOTALE,5762
017161,Rezzato,2023,titolo_di_godimento,abitazioni occupate al 31 dicembre,tutte le voci,totale,tutte le voci,tutte le voci,TOTALE,TOTALE,5895
017162,Roccafranca,2019,occupate_e_non_occupate,abitazioni al 31 dicembre,tutte le voci,totale,tutte le voci,tutte le voci,TOTALE,TOTALE,2033
017162,Roccafranca,2019,occupate_e_non_occupate,abitazioni non occupate al 31 dicembre,tutte le voci,totale,tutte le voci,tutte le voci,TOTALE,TOTALE,284
017162,Roccafranca,2019,occupate_e_non_occupate,abitazioni occupate al 31 dicembre,tutte le voci,totale,tutte le voci,tutte le voci,TOTALE,TOTALE,1749
017162,Roccafranca,2021,occupate_e_non_occupate,abitazioni al 31 dicembre,tutte le voci,totale,tutte le voci,tutte le voci,TOTALE,TOTALE,2044
017162,Roccafranca,2021,occupate_e_non_occupate,abitazioni non occupate al 31 dicembre,tutte le voci,totale,tutte le voci,tutte le voci,TOTALE,TOTALE,283
017162,Roccafranca,2021,occupate_e_non_occupate,abitazioni occupate al 31 dicembre,tutte le voci,totale,tutte le voci,tutte le voci,TOTALE,TOTALE,1761
017162,Roccafranca,2023,occupate_e_non_occupate,abitazioni al 31 dicembre,tutte le voci,totale,tutte le voci,tutte le voci,TOTALE,TOTALE,2084
017162,Roccafranca,2023,occupate_e_non_occupate,abitazioni non occupate al 31 dicembre,tutte le voci,totale,tutte le voci,tutte le voci,TOTALE,TOTALE,279
017162,Roccafranca,2023,occupate_e_non_occupate,abitazioni occupate al 31 dicembre,tutte le voci,totale,tutte le voci,tutte le voci,TOTALE,TOTALE,1805
017162,Roccafranca,2019,titolo_di_godimento,abitazioni occupate al 31 dicembre,affitto,totale,tutte le voci,tutte le voci,TOTALE,TOTALE,383
017162,Roccafranca,2019,titolo_di_godimento,abitazioni occupate al 31 dicembre,"altro titolo diverso da proprietà, affitto",totale,tutte le voci,tutte le voci,TOTALE,TOTALE,20
017162,Roccafranca,2019,titolo_di_godimento,abitazioni occupate al 31 dicembre,proprietà,totale,tutte le voci,tutte le voci,TOTALE,TOTALE,1345
017162,Roccafranca,2019,titolo_di_godimento,abitazioni occupate al 31 dicembre,tutte le voci,totale,tutte le voci,tutte le voci,TOTALE,TOTALE,1749
017162,Roccafranca,2021,titolo_di_godimento,abitazioni occupate al 31 dicembre,tutte le voci,totale,tutte le voci,tutte le voci,TOTALE,TOTALE,1761
017162,Roccafranca,2023,titolo_di_godimento,abitazioni occupate al 31 dicembre,tutte le voci,totale,tutte le voci,tutte le voci,TOTALE,TOTALE,1805
017163,Rodengo Saiano,2019,occupate_e_non_occupate,abitazioni al 31 dicembre,tutte le voci,totale,tutte le voci,tutte le voci,TOTALE,TOTALE,4405
017163,Rodengo Saiano,2019,occupate_e_non_occupate,abitazioni non occupate al 31 dicembre,tutte le voci,totale,tutte le voci,tutte le voci,TOTALE,TOTALE,391
017163,Rodengo Saiano,2019,occupate_e_non_occupate,abitazioni occupate al 31 dicembre,tutte le voci,totale,tutte le voci,tutte le voci,TOTALE,TOTALE,4014
017163,Rodengo Saiano,2021,occupate_e_non_occupate,abitazioni al 31 dicembre,tutte le voci,totale,tutte le voci,tutte le voci,TOTALE,TOTALE,4429
017163,Rodengo Saiano,2021,occupate_e_non_occupate,abitazioni non occupate al 31 dicembre,tutte le voci,totale,tutte le voci,tutte le voci,TOTALE,TOTALE,404
017163,Rodengo Saiano,2021,occupate_e_non_occupate,abitazioni occupate al 31 dicembre,tutte le voci,totale,tutte le voci,tutte le voci,TOTALE,TOTALE,4025
017163,Rodengo Saiano,2023,occupate_e_non_occupate,abitazioni al 31 dicembre,tutte le voci,totale,tutte le voci,tutte le voci,TOTALE,TOTALE,4519
017163,Rodengo Saiano,2023,occupate_e_non_occupate,abitazioni non occupate al 31 dicembre,tutte le voci,totale,tutte le voci,tutte le voci,TOTALE,TOTALE,392
017163,Rodengo Saiano,2023,occupate_e_non_occupate,abitazioni occupate al 31 dicembre,tutte le voci,totale,tutte le voci,tutte le voci,TOTALE,TOTALE,4127
017163,Rodengo Saiano,2019,titolo_di_godimento,abitazioni occupate al 31 dicembre,affitto,totale,tutte le voci,tutte le voci,TOTALE,TOTALE,545
017163,Rodengo Saiano,2019,titolo_di_godimento,abitazioni occupate al 31 dicembre,"altro titolo diverso da proprietà, affitto",totale,tutte le voci,tutte le voci,TOTALE,TOTALE,231
017163,Rodengo Saiano,2019,titolo_di_godimento,abitazioni occupate al 31 dicembre,proprietà,totale,tutte le voci,tutte le voci,TOTALE,TOTALE,3238
017163,Rodengo Saiano,2019,titolo_di_godimento,abitazioni occupate al 31 dicembre,tutte le voci,totale,tutte le voci,tutte le voci,TOTALE,TOTALE,4014
017163,Rodengo Saiano,2021,titolo_di_godimento,abitazioni occupate al 31 dicembre,tutte le voci,totale,tutte le voci,tutte le voci,TOTALE,TOTALE,4025
017163,Rodengo Saiano,2023,titolo_di_godimento,abitazioni occupate al 31 dicembre,tutte le voci,totale,tutte le voci,tutte le voci,TOTALE,TOTALE,4127
017164,Roè Volciano,2019,occupate_e_non_occupate,abitazioni al 31 dicembre,tutte le voci,totale,tutte le voci,tutte le voci,TOTALE,TOTALE,2513
017164,Roè Volciano,2019,occupate_e_non_occupate,abitazioni non occupate al 31 dicembre,tutte le voci,totale,tutte le voci,tutte le voci,TOTALE,TOTALE,574
017164,Roè Volciano,2019,occupate_e_non_occupate,abitazioni occupate al 31 dicembre,tutte le voci,totale,tutte le voci,tutte le voci,TOTALE,TOTALE,1939
017164,Roè Volciano,2021,occupate_e_non_occupate,abitazioni al 31 dicembre,tutte le voci,totale,tutte le voci,tutte le voci,TOTALE,TOTALE,2516
017164,Roè Volciano,2021,occupate_e_non_occupate,abitazioni non occupate al 31 dicembre,tutte le voci,totale,tutte le voci,tutte le voci,TOTALE,TOTALE,581
017164,Roè Volciano,2021,occupate_e_non_occupate,abitazioni occupate al 31 dicembre,tutte le voci,totale,tutte le voci,tutte le voci,TOTALE,TOTALE,1935
017164,Roè Volciano,2023,occupate_e_non_occupate,abitazioni al 31 dicembre,tutte le voci,totale,tutte le voci,tutte le voci,TOTALE,TOTALE,2549
017164,Roè Volciano,2023,occupate_e_non_occupate,abitazioni non occupate al 31 dicembre,tutte le voci,totale,tutte le voci,tutte le voci,TOTALE,TOTALE,610
017164,Roè Volciano,2023,occupate_e_non_occupate,abitazioni occupate al 31 dicembre,tutte le voci,totale,tutte le voci,tutte le voci,TOTALE,TOTALE,1939
017164,Roè Volciano,2019,titolo_di_godimento,abitazioni occupate al 31 dicembre,affitto,totale,tutte le voci,tutte le voci,TOTALE,TOTALE,356
017164,Roè Volciano,2019,titolo_di_godimento,abitazioni occupate al 31 dicembre,"altro titolo diverso da proprietà, affitto",totale,tutte le voci,tutte le voci,TOTALE,TOTALE,151
017164,Roè Volciano,2019,titolo_di_godimento,abitazioni occupate al 31 dicembre,proprietà,totale,tutte le voci,tutte le voci,TOTALE,TOTALE,1431
017164,Roè Volciano,2019,titolo_di_godimento,abitazioni occupate al 31 dicembre,tutte le voci,totale,tutte le voci,tutte le voci,TOTALE,TOTALE,1939
017164,Roè Volciano,2021,titolo_di_godimento,abitazioni occupate al 31 dicembre,tutte le voci,totale,tutte le voci,tutte le voci,TOTALE,TOTALE,1935
017164,Roè Volciano,2023,titolo_di_godimento,abitazioni occupate al 31 dicembre,tutte le voci,totale,tutte le voci,tutte le voci,TOTALE,TOTALE,1939
017165,Roncadelle,2019,occupate_e_non_occupate,abitazioni al 31 dicembre,tutte le voci,totale,tutte le voci,tutte le voci,TOTALE,TOTALE,4264
017165,Roncadelle,2019,occupate_e_non_occupate,abitazioni non occupate al 31 dicembre,tutte le voci,totale,tutte le voci,tutte le voci,TOTALE,TOTALE,436
017165,Roncadelle,2019,occupate_e_non_occupate,abitazioni occupate al 31 dicembre,tutte le voci,totale,tutte le voci,tutte le voci,TOTALE,TOTALE,3828
017165,Roncadelle,2021,occupate_e_non_occupate,abitazioni al 31 dicembre,tutte le voci,totale,tutte le voci,tutte le voci,TOTALE,TOTALE,4272
017165,Roncadelle,2021,occupate_e_non_occupate,abitazioni non occupate al 31 dicembre,tutte le voci,totale,tutte le voci,tutte le voci,TOTALE,TOTALE,384
017165,Roncadelle,2021,occupate_e_non_occupate,abitazioni occupate al 31 dicembre,tutte le voci,totale,tutte le voci,tutte le voci,TOTALE,TOTALE,3888
017165,Roncadelle,2023,occupate_e_non_occupate,abitazioni al 31 dicembre,tutte le voci,totale,tutte le voci,tutte le voci,TOTALE,TOTALE,4326
017165,Roncadelle,2023,occupate_e_non_occupate,abitazioni non occupate al 31 dicembre,tutte le voci,totale,tutte le voci,tutte le voci,TOTALE,TOTALE,402
017165,Roncadelle,2023,occupate_e_non_occupate,abitazioni occupate al 31 dicembre,tutte le voci,totale,tutte le voci,tutte le voci,TOTALE,TOTALE,3924
017165,Roncadelle,2019,titolo_di_godimento,abitazioni occupate al 31 dicembre,affitto,totale,tutte le voci,tutte le voci,TOTALE,TOTALE,795
017165,Roncadelle,2019,titolo_di_godimento,abitazioni occupate al 31 dicembre,"altro titolo diverso da proprietà, affitto",totale,tutte le voci,tutte le voci,TOTALE,TOTALE,188
017165,Roncadelle,2019,titolo_di_godimento,abitazioni occupate al 31 dicembre,proprietà,totale,tutte le voci,tutte le voci,TOTALE,TOTALE,2846
017165,Roncadelle,2019,titolo_di_godimento,abitazioni occupate al 31 dicembre,tutte le voci,totale,tutte le voci,tutte le voci,TOTALE,TOTALE,3828
017165,Roncadelle,2021,titolo_di_godimento,abitazioni occupate al 31 dicembre,tutte le voci,totale,tutte le voci,tutte le voci,TOTALE,TOTALE,3888
017165,Roncadelle,2023,titolo_di_godimento,abitazioni occupate al 31 dicembre,tutte le voci,totale,tutte le voci,tutte le voci,TOTALE,TOTALE,3924
017166,Rovato,2019,occupate_e_non_occupate,abitazioni al 31 dicembre,tutte le voci,totale,tutte le voci,tutte le voci,TOTALE,TOTALE,8939
017166,Rovato,2019,occupate_e_non_occupate,abitazioni non occupate al 31 dicembre,tutte le voci,totale,tutte le voci,tutte le voci,TOTALE,TOTALE,1409
017166,Rovato,2019,occupate_e_non_occupate,abitazioni occupate al 31 dicembre,tutte le voci,totale,tutte le voci,tutte le voci,TOTALE,TOTALE,7530
017166,Rovato,2021,occupate_e_non_occupate,abitazioni al 31 dicembre,tutte le voci,totale,tutte le voci,tutte le voci,TOTALE,TOTALE,8983
017166,Rovato,2021,occupate_e_non_occupate,abitazioni non occupate al 31 dicembre,tutte le voci,totale,tutte le voci,tutte le voci,TOTALE,TOTALE,1274
017166,Rovato,2021,occupate_e_non_occupate,abitazioni occupate al 31 dicembre,tutte le voci,totale,tutte le voci,tutte le voci,TOTALE,TOTALE,7709
017166,Rovato,2023,occupate_e_non_occupate,abitazioni al 31 dicembre,tutte le voci,totale,tutte le voci,tutte le voci,TOTALE,TOTALE,9091
017166,Rovato,2023,occupate_e_non_occupate,abitazioni non occupate al 31 dicembre,tutte le voci,totale,tutte le voci,tutte le voci,TOTALE,TOTALE,1278
017166,Rovato,2023,occupate_e_non_occupate,abitazioni occupate al 31 dicembre,tutte le voci,totale,tutte le voci,tutte le voci,TOTALE,TOTALE,7813
017166,Rovato,2019,titolo_di_godimento,abitazioni occupate al 31 dicembre,affitto,totale,tutte le voci,tutte le voci,TOTALE,TOTALE,1924
017166,Rovato,2019,titolo_di_godimento,abitazioni occupate al 31 dicembre,"altro titolo diverso da proprietà, affitto",totale,tutte le voci,tutte le voci,TOTALE,TOTALE,423
017166,Rovato,2019,titolo_di_godimento,abitazioni occupate al 31 dicembre,proprietà,totale,tutte le voci,tutte le voci,TOTALE,TOTALE,5183
017166,Rovato,2019,titolo_di_godimento,abitazioni occupate al 31 dicembre,tutte le voci,totale,tutte le voci,tutte le voci,TOTALE,TOTALE,7530
017166,Rovato,2021,titolo_di_godimento,abitazioni occupate al 31 dicembre,tutte le voci,totale,tutte le voci,tutte le voci,TOTALE,TOTALE,7709
017166,Rovato,2023,titolo_di_godimento,abitazioni occupate al 31 dicembre,tutte le voci,totale,tutte le voci,tutte le voci,TOTALE,TOTALE,7813
017167,Rudiano,2019,occupate_e_non_occupate,abitazioni al 31 dicembre,tutte le voci,totale,tutte le voci,tutte le voci,TOTALE,TOTALE,2456
017167,Rudiano,2019,occupate_e_non_occupate,abitazioni non occupate al 31 dicembre,tutte le voci,totale,tutte le voci,tutte le voci,TOTALE,TOTALE,326
017167,Rudiano,2019,occupate_e_non_occupate,abitazioni occupate al 31 dicembre,tutte le voci,totale,tutte le voci,tutte le voci,TOTALE,TOTALE,2130
017167,Rudiano,2021,occupate_e_non_occupate,abitazioni al 31 dicembre,tutte le voci,totale,tutte le voci,tutte le voci,TOTALE,TOTALE,2460
017167,Rudiano,2021,occupate_e_non_occupate,abitazioni non occupate al 31 dicembre,tutte le voci,totale,tutte le voci,tutte le voci,TOTALE,TOTALE,311
017167,Rudiano,2021,occupate_e_non_occupate,abitazioni occupate al 31 dicembre,tutte le voci,totale,tutte le voci,tutte le voci,TOTALE,TOTALE,2149
017167,Rudiano,2023,occupate_e_non_occupate,abitazioni al 31 dicembre,tutte le voci,totale,tutte le voci,tutte le voci,TOTALE,TOTALE,2504
017167,Rudiano,2023,occupate_e_non_occupate,abitazioni non occupate al 31 dicembre,tutte le voci,totale,tutte le voci,tutte le voci,TOTALE,TOTALE,298
017167,Rudiano,2023,occupate_e_non_occupate,abitazioni occupate al 31 dicembre,tutte le voci,totale,tutte le voci,tutte le voci,TOTALE,TOTALE,2206
017167,Rudiano,2019,titolo_di_godimento,abitazioni occupate al 31 dicembre,affitto,totale,tutte le voci,tutte le voci,TOTALE,TOTALE,526
017167,Rudiano,2019,titolo_di_godimento,abitazioni occupate al 31 dicembre,"altro titolo diverso da proprietà, affitto",totale,tutte le voci,tutte le voci,TOTALE,TOTALE,214
017167,Rudiano,2019,titolo_di_godimento,abitazioni occupate al 31 dicembre,proprietà,totale,tutte le voci,tutte le voci,TOTALE,TOTALE,1390
017167,Rudiano,2019,titolo_di_godimento,abitazioni occupate al 31 dicembre,tutte le voci,totale,tutte le voci,tutte le voci,TOTALE,TOTALE,2130
017167,Rudiano,2021,titolo_di_godimento,abitazioni occupate al 31 dicembre,tutte le voci,totale,tutte le voci,tutte le voci,TOTALE,TOTALE,2149
017167,Rudiano,2023,titolo_di_godimento,abitazioni occupate al 31 dicembre,tutte le voci,totale,tutte le voci,tutte le voci,TOTALE,TOTALE,2206
017168,Sabbio Chiese,2019,occupate_e_non_occupate,abitazioni al 31 dicembre,tutte le voci,totale,tutte le voci,tutte le voci,TOTALE,TOTALE,2032
017168,Sabbio Chiese,2019,occupate_e_non_occupate,abitazioni non occupate al 31 dicembre,tutte le voci,totale,tutte le voci,tutte le voci,TOTALE,TOTALE,473
017168,Sabbio Chiese,2019,occupate_e_non_occupate,abitazioni occupate al 31 dicembre,tutte le voci,totale,tutte le voci,tutte le voci,TOTALE,TOTALE,1559
017168,Sabbio Chiese,2021,occupate_e_non_occupate,abitazioni al 31 dicembre,tutte le voci,totale,tutte le voci,tutte le voci,TOTALE,TOTALE,2037
017168,Sabbio Chiese,2021,occupate_e_non_occupate,abitazioni non occupate al 31 dicembre,tutte le voci,totale,tutte le voci,tutte le voci,TOTALE,TOTALE,459
017168,Sabbio Chiese,2021,occupate_e_non_occupate,abitazioni occupate al 31 dicembre,tutte le voci,totale,tutte le voci,tutte le voci,TOTALE,TOTALE,1578
017168,Sabbio Chiese,2023,occupate_e_non_occupate,abitazioni al 31 dicembre,tutte le voci,totale,tutte le voci,tutte le voci,TOTALE,TOTALE,2076
017168,Sabbio Chiese,2023,occupate_e_non_occupate,abitazioni non occupate al 31 dicembre,tutte le voci,totale,tutte le voci,tutte le voci,TOTALE,TOTALE,468
017168,Sabbio Chiese,2023,occupate_e_non_occupate,abitazioni occupate al 31 dicembre,tutte le voci,totale,tutte le voci,tutte le voci,TOTALE,TOTALE,1608
017168,Sabbio Chiese,2019,titolo_di_godimento,abitazioni occupate al 31 dicembre,affitto,totale,tutte le voci,tutte le voci,TOTALE,TOTALE,252
017168,Sabbio Chiese,2019,titolo_di_godimento,abitazioni occupate al 31 dicembre,"altro titolo diverso da proprietà, affitto",totale,tutte le voci,tutte le voci,TOTALE,TOTALE,107
017168,Sabbio Chiese,2019,titolo_di_godimento,abitazioni occupate al 31 dicembre,proprietà,totale,tutte le voci,tutte le voci,TOTALE,TOTALE,1200
017168,Sabbio Chiese,2019,titolo_di_godimento,abitazioni occupate al 31 dicembre,tutte le voci,totale,tutte le voci,tutte le voci,TOTALE,TOTALE,1559
017168,Sabbio Chiese,2021,titolo_di_godimento,abitazioni occupate al 31 dicembre,tutte le voci,totale,tutte le voci,tutte le voci,TOTALE,TOTALE,1578
017168,Sabbio Chiese,2023,titolo_di_godimento,abitazioni occupate al 31 dicembre,tutte le voci,totale,tutte le voci,tutte le voci,TOTALE,TOTALE,1608
017169,Sale Marasino,2019,occupate_e_non_occupate,abitazioni al 31 dicembre,tutte le voci,totale,tutte le voci,tutte le voci,TOTALE,TOTALE,2515
017169,Sale Marasino,2019,occupate_e_non_occupate,abitazioni non occupate al 31 dicembre,tutte le voci,totale,tutte le voci,tutte le voci,TOTALE,TOTALE,1052
017169,Sale Marasino,2019,occupate_e_non_occupate,abitazioni occupate al 31 dicembre,tutte le voci,totale,tutte le voci,tutte le voci,TOTALE,TOTALE,1463
017169,Sale Marasino,2021,occupate_e_non_occupate,abitazioni al 31 dicembre,tutte le voci,totale,tutte le voci,tutte le voci,TOTALE,TOTALE,2522
017169,Sale Marasino,2021,occupate_e_non_occupate,abitazioni non occupate al 31 dicembre,tutte le voci,totale,tutte le voci,tutte le voci,TOTALE,TOTALE,1058
017169,Sale Marasino,2021,occupate_e_non_occupate,abitazioni occupate al 31 dicembre,tutte le voci,totale,tutte le voci,tutte le voci,TOTALE,TOTALE,1464
017169,Sale Marasino,2023,occupate_e_non_occupate,abitazioni al 31 dicembre,tutte le voci,totale,tutte le voci,tutte le voci,TOTALE,TOTALE,2538
017169,Sale Marasino,2023,occupate_e_non_occupate,abitazioni non occupate al 31 dicembre,tutte le voci,totale,tutte le voci,tutte le voci,TOTALE,TOTALE,1074
017169,Sale Marasino,2023,occupate_e_non_occupate,abitazioni occupate al 31 dicembre,tutte le voci,totale,tutte le voci,tutte le voci,TOTALE,TOTALE,1464
017169,Sale Marasino,2019,titolo_di_godimento,abitazioni occupate al 31 dicembre,affitto,totale,tutte le voci,tutte le voci,TOTALE,TOTALE,247
017169,Sale Marasino,2019,titolo_di_godimento,abitazioni occupate al 31 dicembre,"altro titolo diverso da proprietà, affitto",totale,tutte le voci,tutte le voci,TOTALE,TOTALE,103
017169,Sale Marasino,2019,titolo_di_godimento,abitazioni occupate al 31 dicembre,proprietà,totale,tutte le voci,tutte le voci,TOTALE,TOTALE,1113
017169,Sale Marasino,2019,titolo_di_godimento,abitazioni occupate al 31 dicembre,tutte le voci,totale,tutte le voci,tutte le voci,TOTALE,TOTALE,1463
017169,Sale Marasino,2021,titolo_di_godimento,abitazioni occupate al 31 dicembre,tutte le voci,totale,tutte le voci,tutte le voci,TOTALE,TOTALE,1464
017169,Sale Marasino,2023,titolo_di_godimento,abitazioni occupate al 31 dicembre,tutte le voci,totale,tutte le voci,tutte le voci,TOTALE,TOTALE,1464
017170,Salò,2019,occupate_e_non_occupate,abitazioni al 31 dicembre,tutte le voci,totale,tutte le voci,tutte le voci,TOTALE,TOTALE,7635
017170,Salò,2019,occupate_e_non_occupate,abitazioni non occupate al 31 dicembre,tutte le voci,totale,tutte le voci,tutte le voci,TOTALE,TOTALE,2688
017170,Salò,2019,occupate_e_non_occupate,abitazioni occupate al 31 dicembre,tutte le voci,totale,tutte le voci,tutte le voci,TOTALE,TOTALE,4947
017170,Salò,2021,occupate_e_non_occupate,abitazioni al 31 dicembre,tutte le voci,totale,tutte le voci,tutte le voci,TOTALE,TOTALE,7657
017170,Salò,2021,occupate_e_non_occupate,abitazioni non occupate al 31 dicembre,tutte le voci,totale,tutte le voci,tutte le voci,TOTALE,TOTALE,2628
017170,Salò,2021,occupate_e_non_occupate,abitazioni occupate al 31 dicembre,tutte le voci,totale,tutte le voci,tutte le voci,TOTALE,TOTALE,5029
017170,Salò,2023,occupate_e_non_occupate,abitazioni al 31 dicembre,tutte le voci,totale,tutte le voci,tutte le voci,TOTALE,TOTALE,7712
017170,Salò,2023,occupate_e_non_occupate,abitazioni non occupate al 31 dicembre,tutte le voci,totale,tutte le voci,tutte le voci,TOTALE,TOTALE,2700
017170,Salò,2023,occupate_e_non_occupate,abitazioni occupate al 31 dicembre,tutte le voci,totale,tutte le voci,tutte le voci,TOTALE,TOTALE,5012
017170,Salò,2019,titolo_di_godimento,abitazioni occupate al 31 dicembre,affitto,totale,tutte le voci,tutte le voci,TOTALE,TOTALE,1288
017170,Salò,2019,titolo_di_godimento,abitazioni occupate al 31 dicembre,"altro titolo diverso da proprietà, affitto",totale,tutte le voci,tutte le voci,TOTALE,TOTALE,278
017170,Salò,2019,titolo_di_godimento,abitazioni occupate al 31 dicembre,proprietà,totale,tutte le voci,tutte le voci,TOTALE,TOTALE,3381
017170,Salò,2019,titolo_di_godimento,abitazioni occupate al 31 dicembre,tutte le voci,totale,tutte le voci,tutte le voci,TOTALE,TOTALE,4947
017170,Salò,2021,titolo_di_godimento,abitazioni occupate al 31 dicembre,tutte le voci,totale,tutte le voci,tutte le voci,TOTALE,TOTALE,5029
017170,Salò,2023,titolo_di_godimento,abitazioni occupate al 31 dicembre,tutte le voci,totale,tutte le voci,tutte le voci,TOTALE,TOTALE,5012
017171,San Felice del Benaco,2019,occupate_e_non_occupate,abitazioni al 31 dicembre,tutte le voci,totale,tutte le voci,tutte le voci,TOTALE,TOTALE,3114
017171,San Felice del Benaco,2019,occupate_e_non_occupate,abitazioni non occupate al 31 dicembre,tutte le voci,totale,tutte le voci,tutte le voci,TOTALE,TOTALE,1513
017171,San Felice del Benaco,2019,occupate_e_non_occupate,abitazioni occupate al 31 dicembre,tutte le voci,totale,tutte le voci,tutte le voci,TOTALE,TOTALE,1601
017171,San Felice del Benaco,2021,occupate_e_non_occupate,abitazioni al 31 dicembre,tutte le voci,totale,tutte le voci,tutte le voci,TOTALE,TOTALE,3126
017171,San Felice del Benaco,2021,occupate_e_non_occupate,abitazioni non occupate al 31 dicembre,tutte le voci,totale,tutte le voci,tutte le voci,TOTALE,TOTALE,1504
017171,San Felice del Benaco,2021,occupate_e_non_occupate,abitazioni occupate al 31 dicembre,tutte le voci,totale,tutte le voci,tutte le voci,TOTALE,TOTALE,1622
017171,San Felice del Benaco,2023,occupate_e_non_occupate,abitazioni al 31 dicembre,tutte le voci,totale,tutte le voci,tutte le voci,TOTALE,TOTALE,3171
017171,San Felice del Benaco,2023,occupate_e_non_occupate,abitazioni non occupate al 31 dicembre,tutte le voci,totale,tutte le voci,tutte le voci,TOTALE,TOTALE,1546
017171,San Felice del Benaco,2023,occupate_e_non_occupate,abitazioni occupate al 31 dicembre,tutte le voci,totale,tutte le voci,tutte le voci,TOTALE,TOTALE,1625
017171,San Felice del Benaco,2019,titolo_di_godimento,abitazioni occupate al 31 dicembre,affitto,totale,tutte le voci,tutte le voci,TOTALE,TOTALE,280
017171,San Felice del Benaco,2019,titolo_di_godimento,abitazioni occupate al 31 dicembre,"altro titolo diverso da proprietà, affitto",totale,tutte le voci,tutte le voci,TOTALE,TOTALE,110
017171,San Felice del Benaco,2019,titolo_di_godimento,abitazioni occupate al 31 dicembre,proprietà,totale,tutte le voci,tutte le voci,TOTALE,TOTALE,1211
017171,San Felice del Benaco,2019,titolo_di_godimento,abitazioni occupate al 31 dicembre,tutte le voci,totale,tutte le voci,tutte le voci,TOTALE,TOTALE,1601
017171,San Felice del Benaco,2021,titolo_di_godimento,abitazioni occupate al 31 dicembre,tutte le voci,totale,tutte le voci,tutte le voci,TOTALE,TOTALE,1622
017171,San Felice del Benaco,2023,titolo_di_godimento,abitazioni occupate al 31 dicembre,tutte le voci,totale,tutte le voci,tutte le voci,TOTALE,TOTALE,1625
017172,San Gervasio Bresciano,2019,occupate_e_non_occupate,abitazioni al 31 dicembre,tutte le voci,totale,tutte le voci,tutte le voci,TOTALE,TOTALE,1246
017172,San Gervasio Bresciano,2019,occupate_e_non_occupate,abitazioni non occupate al 31 dicembre,tutte le voci,totale,tutte le voci,tutte le voci,TOTALE,TOTALE,207
017172,San Gervasio Bresciano,2019,occupate_e_non_occupate,abitazioni occupate al 31 dicembre,tutte le voci,totale,tutte le voci,tutte le voci,TOTALE,TOTALE,1039
017172,San Gervasio Bresciano,2021,occupate_e_non_occupate,abitazioni al 31 dicembre,tutte le voci,totale,tutte le voci,tutte le voci,TOTALE,TOTALE,1247
017172,San Gervasio Bresciano,2021,occupate_e_non_occupate,abitazioni non occupate al 31 dicembre,tutte le voci,totale,tutte le voci,tutte le voci,TOTALE,TOTALE,192
017172,San Gervasio Bresciano,2021,occupate_e_non_occupate,abitazioni occupate al 31 dicembre,tutte le voci,totale,tutte le voci,tutte le voci,TOTALE,TOTALE,1055
017172,San Gervasio Bresciano,2023,occupate_e_non_occupate,abitazioni al 31 dicembre,tutte le voci,totale,tutte le voci,tutte le voci,TOTALE,TOTALE,1255
017172,San Gervasio Bresciano,2023,occupate_e_non_occupate,abitazioni non occupate al 31 dicembre,tutte le voci,totale,tutte le voci,tutte le voci,TOTALE,TOTALE,189
017172,San Gervasio Bresciano,2023,occupate_e_non_occupate,abitazioni occupate al 31 dicembre,tutte le voci,totale,tutte le voci,tutte le voci,TOTALE,TOTALE,1066
017172,San Gervasio Bresciano,2019,titolo_di_godimento,abitazioni occupate al 31 dicembre,affitto,totale,tutte le voci,tutte le voci,TOTALE,TOTALE,138
017172,San Gervasio Bresciano,2019,titolo_di_godimento,abitazioni occupate al 31 dicembre,"altro titolo diverso da proprietà, affitto",totale,tutte le voci,tutte le voci,TOTALE,TOTALE,24
017172,San Gervasio Bresciano,2019,titolo_di_godimento,abitazioni occupate al 31 dicembre,proprietà,totale,tutte le voci,tutte le voci,TOTALE,TOTALE,877
017172,San Gervasio Bresciano,2019,titolo_di_godimento,abitazioni occupate al 31 dicembre,tutte le voci,totale,tutte le voci,tutte le voci,TOTALE,TOTALE,1039
017172,San Gervasio Bresciano,2021,titolo_di_godimento,abitazioni occupate al 31 dicembre,tutte le voci,totale,tutte le voci,tutte le voci,TOTALE,TOTALE,1055
017172,San Gervasio Bresciano,2023,titolo_di_godimento,abitazioni occupate al 31 dicembre,tutte le voci,totale,tutte le voci,tutte le voci,TOTALE,TOTALE,1066
017173,San Zeno Naviglio,2019,occupate_e_non_occupate,abitazioni al 31 dicembre,tutte le voci,totale,tutte le voci,tutte le voci,TOTALE,TOTALE,2311
017173,San Zeno Naviglio,2019,occupate_e_non_occupate,abitazioni non occupate al 31 dicembre,tutte le voci,totale,tutte le voci,tutte le voci,TOTALE,TOTALE,300
017173,San Zeno Naviglio,2019,occupate_e_non_occupate,abitazioni occupate al 31 dicembre,tutte le voci,totale,tutte le voci,tutte le voci,TOTALE,TOTALE,2011
017173,San Zeno Naviglio,2021,occupate_e_non_occupate,abitazioni al 31 dicembre,tutte le voci,totale,tutte le voci,tutte le voci,TOTALE,TOTALE,2307
017173,San Zeno Naviglio,2021,occupate_e_non_occupate,abitazioni non occupate al 31 dicembre,tutte le voci,totale,tutte le voci,tutte le voci,TOTALE,TOTALE,224
017173,San Zeno Naviglio,2021,occupate_e_non_occupate,abitazioni occupate al 31 dicembre,tutte le voci,totale,tutte le voci,tutte le voci,TOTALE,TOTALE,2083
017173,San Zeno Naviglio,2023,occupate_e_non_occupate,abitazioni al 31 dicembre,tutte le voci,totale,tutte le voci,tutte le voci,TOTALE,TOTALE,2312
017173,San Zeno Naviglio,2023,occupate_e_non_occupate,abitazioni non occupate al 31 dicembre,tutte le voci,totale,tutte le voci,tutte le voci,TOTALE,TOTALE,230
017173,San Zeno Naviglio,2023,occupate_e_non_occupate,abitazioni occupate al 31 dicembre,tutte le voci,totale,tutte le voci,tutte le voci,TOTALE,TOTALE,2082
017173,San Zeno Naviglio,2019,titolo_di_godimento,abitazioni occupate al 31 dicembre,affitto,totale,tutte le voci,tutte le voci,TOTALE,TOTALE,498
017173,San Zeno Naviglio,2019,titolo_di_godimento,abitazioni occupate al 31 dicembre,"altro titolo diverso da proprietà, affitto",totale,tutte le voci,tutte le voci,TOTALE,TOTALE,99
017173,San Zeno Naviglio,2019,titolo_di_godimento,abitazioni occupate al 31 dicembre,proprietà,totale,tutte le voci,tutte le voci,TOTALE,TOTALE,1414
017173,San Zeno Naviglio,2019,titolo_di_godimento,abitazioni occupate al 31 dicembre,tutte le voci,totale,tutte le voci,tutte le voci,TOTALE,TOTALE,2011
017173,San Zeno Naviglio,2021,titolo_di_godimento,abitazioni occupate al 31 dicembre,tutte le voci,totale,tutte le voci,tutte le voci,TOTALE,TOTALE,2083
017173,San Zeno Naviglio,2023,titolo_di_godimento,abitazioni occupate al 31 dicembre,tutte le voci,totale,tutte le voci,tutte le voci,TOTALE,TOTALE,2082
017174,Sarezzo,2019,occupate_e_non_occupate,abitazioni al 31 dicembre,tutte le voci,totale,tutte le voci,tutte le voci,TOTALE,TOTALE,6597
017174,Sarezzo,2019,occupate_e_non_occupate,abitazioni non occupate al 31 dicembre,tutte le voci,totale,tutte le voci,tutte le voci,TOTALE,TOTALE,1219
017174,Sarezzo,2019,occupate_e_non_occupate,abitazioni occupate al 31 dicembre,tutte le voci,totale,tutte le voci,tutte le voci,TOTALE,TOTALE,5378
017174,Sarezzo,2021,occupate_e_non_occupate,abitazioni al 31 dicembre,tutte le voci,totale,tutte le voci,tutte le voci,TOTALE,TOTALE,6617
017174,Sarezzo,2021,occupate_e_non_occupate,abitazioni non occupate al 31 dicembre,tutte le voci,totale,tutte le voci,tutte le voci,TOTALE,TOTALE,1178
017174,Sarezzo,2021,occupate_e_non_occupate,abitazioni occupate al 31 dicembre,tutte le voci,totale,tutte le voci,tutte le voci,TOTALE,TOTALE,5439
017174,Sarezzo,2023,occupate_e_non_occupate,abitazioni al 31 dicembre,tutte le voci,totale,tutte le voci,tutte le voci,TOTALE,TOTALE,6654
017174,Sarezzo,2023,occupate_e_non_occupate,abitazioni non occupate al 31 dicembre,tutte le voci,totale,tutte le voci,tutte le voci,TOTALE,TOTALE,1145
017174,Sarezzo,2023,occupate_e_non_occupate,abitazioni occupate al 31 dicembre,tutte le voci,totale,tutte le voci,tutte le voci,TOTALE,TOTALE,5509
017174,Sarezzo,2019,titolo_di_godimento,abitazioni occupate al 31 dicembre,affitto,totale,tutte le voci,tutte le voci,TOTALE,TOTALE,1181
017174,Sarezzo,2019,titolo_di_godimento,abitazioni occupate al 31 dicembre,"altro titolo diverso da proprietà, affitto",totale,tutte le voci,tutte le voci,TOTALE,TOTALE,158
017174,Sarezzo,2019,titolo_di_godimento,abitazioni occupate al 31 dicembre,proprietà,totale,tutte le voci,tutte le voci,TOTALE,TOTALE,4039
017174,Sarezzo,2019,titolo_di_godimento,abitazioni occupate al 31 dicembre,tutte le voci,totale,tutte le voci,tutte le voci,TOTALE,TOTALE,5378
017174,Sarezzo,2021,titolo_di_godimento,abitazioni occupate al 31 dicembre,tutte le voci,totale,tutte le voci,tutte le voci,TOTALE,TOTALE,5439
017174,Sarezzo,2023,titolo_di_godimento,abitazioni occupate al 31 dicembre,tutte le voci,totale,tutte le voci,tutte le voci,TOTALE,TOTALE,5509
017175,Saviore dell'Adamello,2019,occupate_e_non_occupate,abitazioni al 31 dicembre,tutte le voci,totale,tutte le voci,tutte le voci,TOTALE,TOTALE,1583
017175,Saviore dell'Adamello,2019,occupate_e_non_occupate,abitazioni non occupate al 31 dicembre,tutte le voci,totale,tutte le voci,tutte le voci,TOTALE,TOTALE,1131
017175,Saviore dell'Adamello,2019,occupate_e_non_occupate,abitazioni occupate al 31 dicembre,tutte le voci,totale,tutte le voci,tutte le voci,TOTALE,TOTALE,452
017175,Saviore dell'Adamello,2021,occupate_e_non_occupate,abitazioni al 31 dicembre,tutte le voci,totale,tutte le voci,tutte le voci,TOTALE,TOTALE,1584
017175,Saviore dell'Adamello,2021,occupate_e_non_occupate,abitazioni non occupate al 31 dicembre,tutte le voci,totale,tutte le voci,tutte le voci,TOTALE,TOTALE,1169
017175,Saviore dell'Adamello,2021,occupate_e_non_occupate,abitazioni occupate al 31 dicembre,tutte le voci,totale,tutte le voci,tutte le voci,TOTALE,TOTALE,415
017175,Saviore dell'Adamello,2023,occupate_e_non_occupate,abitazioni al 31 dicembre,tutte le voci,totale,tutte le voci,tutte le voci,TOTALE,TOTALE,1604
017175,Saviore dell'Adamello,2023,occupate_e_non_occupate,abitazioni non occupate al 31 dicembre,tutte le voci,totale,tutte le voci,tutte le voci,TOTALE,TOTALE,1191
017175,Saviore dell'Adamello,2023,occupate_e_non_occupate,abitazioni occupate al 31 dicembre,tutte le voci,totale,tutte le voci,tutte le voci,TOTALE,TOTALE,413
017175,Saviore dell'Adamello,2019,titolo_di_godimento,abitazioni occupate al 31 dicembre,affitto,totale,tutte le voci,tutte le voci,TOTALE,TOTALE,16
017175,Saviore dell'Adamello,2019,titolo_di_godimento,abitazioni occupate al 31 dicembre,"altro titolo diverso da proprietà, affitto",totale,tutte le voci,tutte le voci,TOTALE,TOTALE,20
017175,Saviore dell'Adamello,2019,titolo_di_godimento,abitazioni occupate al 31 dicembre,proprietà,totale,tutte le voci,tutte le voci,TOTALE,TOTALE,416
017175,Saviore dell'Adamello,2019,titolo_di_godimento,abitazioni occupate al 31 dicembre,tutte le voci,totale,tutte le voci,tutte le voci,TOTALE,TOTALE,452
017175,Saviore dell'Adamello,2021,titolo_di_godimento,abitazioni occupate al 31 dicembre,tutte le voci,totale,tutte le voci,tutte le voci,TOTALE,TOTALE,415
017175,Saviore dell'Adamello,2023,titolo_di_godimento,abitazioni occupate al 31 dicembre,tutte le voci,totale,tutte le voci,tutte le voci,TOTALE,TOTALE,413
017176,Sellero,2019,occupate_e_non_occupate,abitazioni al 31 dicembre,tutte le voci,totale,tutte le voci,tutte le voci,TOTALE,TOTALE,1048
017176,Sellero,2019,occupate_e_non_occupate,abitazioni non occupate al 31 dicembre,tutte le voci,totale,tutte le voci,tutte le voci,TOTALE,TOTALE,428
017176,Sellero,2019,occupate_e_non_occupate,abitazioni occupate al 31 dicembre,tutte le voci,totale,tutte le voci,tutte le voci,TOTALE,TOTALE,620
017176,Sellero,2021,occupate_e_non_occupate,abitazioni al 31 dicembre,tutte le voci,totale,tutte le voci,tutte le voci,TOTALE,TOTALE,1048
017176,Sellero,2021,occupate_e_non_occupate,abitazioni non occupate al 31 dicembre,tutte le voci,totale,tutte le voci,tutte le voci,TOTALE,TOTALE,436
017176,Sellero,2021,occupate_e_non_occupate,abitazioni occupate al 31 dicembre,tutte le voci,totale,tutte le voci,tutte le voci,TOTALE,TOTALE,612
017176,Sellero,2023,occupate_e_non_occupate,abitazioni al 31 dicembre,tutte le voci,totale,tutte le voci,tutte le voci,TOTALE,TOTALE,1053
017176,Sellero,2023,occupate_e_non_occupate,abitazioni non occupate al 31 dicembre,tutte le voci,totale,tutte le voci,tutte le voci,TOTALE,TOTALE,453
017176,Sellero,2023,occupate_e_non_occupate,abitazioni occupate al 31 dicembre,tutte le voci,totale,tutte le voci,tutte le voci,TOTALE,TOTALE,600
017176,Sellero,2019,titolo_di_godimento,abitazioni occupate al 31 dicembre,affitto,totale,tutte le voci,tutte le voci,TOTALE,TOTALE,26
017176,Sellero,2019,titolo_di_godimento,abitazioni occupate al 31 dicembre,"altro titolo diverso da proprietà, affitto",totale,tutte le voci,tutte le voci,TOTALE,TOTALE,32
017176,Sellero,2019,titolo_di_godimento,abitazioni occupate al 31 dicembre,proprietà,totale,tutte le voci,tutte le voci,TOTALE,TOTALE,561
017176,Sellero,2019,titolo_di_godimento,abitazioni occupate al 31 dicembre,tutte le voci,totale,tutte le voci,tutte le voci,TOTALE,TOTALE,620
017176,Sellero,2021,titolo_di_godimento,abitazioni occupate al 31 dicembre,tutte le voci,totale,tutte le voci,tutte le voci,TOTALE,TOTALE,612
017176,Sellero,2023,titolo_di_godimento,abitazioni occupate al 31 dicembre,tutte le voci,totale,tutte le voci,tutte le voci,TOTALE,TOTALE,600
017177,Seniga,2019,occupate_e_non_occupate,abitazioni al 31 dicembre,tutte le voci,totale,tutte le voci,tutte le voci,TOTALE,TOTALE,831
017177,Seniga,2019,occupate_e_non_occupate,abitazioni non occupate al 31 dicembre,tutte le voci,totale,tutte le voci,tutte le voci,TOTALE,TOTALE,217
017177,Seniga,2019,occupate_e_non_occupate,abitazioni occupate al 31 dicembre,tutte le voci,totale,tutte le voci,tutte le voci,TOTALE,TOTALE,614
017177,Seniga,2021,occupate_e_non_occupate,abitazioni al 31 dicembre,tutte le voci,totale,tutte le voci,tutte le voci,TOTALE,TOTALE,831
017177,Seniga,2021,occupate_e_non_occupate,abitazioni non occupate al 31 dicembre,tutte le voci,totale,tutte le voci,tutte le voci,TOTALE,TOTALE,213
017177,Seniga,2021,occupate_e_non_occupate,abitazioni occupate al 31 dicembre,tutte le voci,totale,tutte le voci,tutte le voci,TOTALE,TOTALE,618
017177,Seniga,2023,occupate_e_non_occupate,abitazioni al 31 dicembre,tutte le voci,totale,tutte le voci,tutte le voci,TOTALE,TOTALE,830
017177,Seniga,2023,occupate_e_non_occupate,abitazioni non occupate al 31 dicembre,tutte le voci,totale,tutte le voci,tutte le voci,TOTALE,TOTALE,213
017177,Seniga,2023,occupate_e_non_occupate,abitazioni occupate al 31 dicembre,tutte le voci,totale,tutte le voci,tutte le voci,TOTALE,TOTALE,617
017177,Seniga,2019,titolo_di_godimento,abitazioni occupate al 31 dicembre,affitto,totale,tutte le voci,tutte le voci,TOTALE,TOTALE,89
017177,Seniga,2019,titolo_di_godimento,abitazioni occupate al 31 dicembre,"altro titolo diverso da proprietà, affitto",totale,tutte le voci,tutte le voci,TOTALE,TOTALE,51
017177,Seniga,2019,titolo_di_godimento,abitazioni occupate al 31 dicembre,proprietà,totale,tutte le voci,tutte le voci,TOTALE,TOTALE,474
017177,Seniga,2019,titolo_di_godimento,abitazioni occupate al 31 dicembre,tutte le voci,totale,tutte le voci,tutte le voci,TOTALE,TOTALE,614
017177,Seniga,2021,titolo_di_godimento,abitazioni occupate al 31 dicembre,tutte le voci,totale,tutte le voci,tutte le voci,TOTALE,TOTALE,618
017177,Seniga,2023,titolo_di_godimento,abitazioni occupate al 31 dicembre,tutte le voci,totale,tutte le voci,tutte le voci,TOTALE,TOTALE,617
017178,Serle,2019,occupate_e_non_occupate,abitazioni al 31 dicembre,tutte le voci,totale,tutte le voci,tutte le voci,TOTALE,TOTALE,1988
017178,Serle,2019,occupate_e_non_occupate,abitazioni non occupate al 31 dicembre,tutte le voci,totale,tutte le voci,tutte le voci,TOTALE,TOTALE,701
017178,Serle,2019,occupate_e_non_occupate,abitazioni occupate al 31 dicembre,tutte le voci,totale,tutte le voci,tutte le voci,TOTALE,TOTALE,1287
017178,Serle,2021,occupate_e_non_occupate,abitazioni al 31 dicembre,tutte le voci,totale,tutte le voci,tutte le voci,TOTALE,TOTALE,1990
017178,Serle,2021,occupate_e_non_occupate,abitazioni non occupate al 31 dicembre,tutte le voci,totale,tutte le voci,tutte le voci,TOTALE,TOTALE,674
017178,Serle,2021,occupate_e_non_occupate,abitazioni occupate al 31 dicembre,tutte le voci,totale,tutte le voci,tutte le voci,TOTALE,TOTALE,1316
017178,Serle,2023,occupate_e_non_occupate,abitazioni al 31 dicembre,tutte le voci,totale,tutte le voci,tutte le voci,TOTALE,TOTALE,1990
017178,Serle,2023,occupate_e_non_occupate,abitazioni non occupate al 31 dicembre,tutte le voci,totale,tutte le voci,tutte le voci,TOTALE,TOTALE,661
017178,Serle,2023,occupate_e_non_occupate,abitazioni occupate al 31 dicembre,tutte le voci,totale,tutte le voci,tutte le voci,TOTALE,TOTALE,1329
017178,Serle,2019,titolo_di_godimento,abitazioni occupate al 31 dicembre,affitto,totale,tutte le voci,tutte le voci,TOTALE,TOTALE,105
017178,Serle,2019,titolo_di_godimento,abitazioni occupate al 31 dicembre,"altro titolo diverso da proprietà, affitto",totale,tutte le voci,tutte le voci,TOTALE,TOTALE,93
017178,Serle,2019,titolo_di_godimento,abitazioni occupate al 31 dicembre,proprietà,totale,tutte le voci,tutte le voci,TOTALE,TOTALE,1088
017178,Serle,2019,titolo_di_godimento,abitazioni occupate al 31 dicembre,tutte le voci,totale,tutte le voci,tutte le voci,TOTALE,TOTALE,1287
017178,Serle,2021,titolo_di_godimento,abitazioni occupate al 31 dicembre,tutte le voci,totale,tutte le voci,tutte le voci,TOTALE,TOTALE,1316
017178,Serle,2023,titolo_di_godimento,abitazioni occupate al 31 dicembre,tutte le voci,totale,tutte le voci,tutte le voci,TOTALE,TOTALE,1329
017179,Sirmione,2019,occupate_e_non_occupate,abitazioni al 31 dicembre,tutte le voci,totale,tutte le voci,tutte le voci,TOTALE,TOTALE,8789
017179,Sirmione,2019,occupate_e_non_occupate,abitazioni non occupate al 31 dicembre,tutte le voci,totale,tutte le voci,tutte le voci,TOTALE,TOTALE,4892
017179,Sirmione,2019,occupate_e_non_occupate,abitazioni occupate al 31 dicembre,tutte le voci,totale,tutte le voci,tutte le voci,TOTALE,TOTALE,3897
017179,Sirmione,2021,occupate_e_non_occupate,abitazioni al 31 dicembre,tutte le voci,totale,tutte le voci,tutte le voci,TOTALE,TOTALE,8789
017179,Sirmione,2021,occupate_e_non_occupate,abitazioni non occupate al 31 dicembre,tutte le voci,totale,tutte le voci,tutte le voci,TOTALE,TOTALE,4799
017179,Sirmione,2021,occupate_e_non_occupate,abitazioni occupate al 31 dicembre,tutte le voci,totale,tutte le voci,tutte le voci,TOTALE,TOTALE,3990
017179,Sirmione,2023,occupate_e_non_occupate,abitazioni al 31 dicembre,tutte le voci,totale,tutte le voci,tutte le voci,TOTALE,TOTALE,8903
017179,Sirmione,2023,occupate_e_non_occupate,abitazioni non occupate al 31 dicembre,tutte le voci,totale,tutte le voci,tutte le voci,TOTALE,TOTALE,4834
017179,Sirmione,2023,occupate_e_non_occupate,abitazioni occupate al 31 dicembre,tutte le voci,totale,tutte le voci,tutte le voci,TOTALE,TOTALE,4069
017179,Sirmione,2019,titolo_di_godimento,abitazioni occupate al 31 dicembre,affitto,totale,tutte le voci,tutte le voci,TOTALE,TOTALE,836
017179,Sirmione,2019,titolo_di_godimento,abitazioni occupate al 31 dicembre,"altro titolo diverso da proprietà, affitto",totale,tutte le voci,tutte le voci,TOTALE,TOTALE,234
017179,Sirmione,2019,titolo_di_godimento,abitazioni occupate al 31 dicembre,proprietà,totale,tutte le voci,tutte le voci,TOTALE,TOTALE,2827
017179,Sirmione,2019,titolo_di_godimento,abitazioni occupate al 31 dicembre,tutte le voci,totale,tutte le voci,tutte le voci,TOTALE,TOTALE,3897
017179,Sirmione,2021,titolo_di_godimento,abitazioni occupate al 31 dicembre,tutte le voci,totale,tutte le voci,tutte le voci,TOTALE,TOTALE,3990
017179,Sirmione,2023,titolo_di_godimento,abitazioni occupate al 31 dicembre,tutte le voci,totale,tutte le voci,tutte le voci,TOTALE,TOTALE,4069
017180,Soiano del Lago,2019,occupate_e_non_occupate,abitazioni al 31 dicembre,tutte le voci,totale,tutte le voci,tutte le voci,TOTALE,TOTALE,2026
017180,Soiano del Lago,2019,occupate_e_non_occupate,abitazioni non occupate al 31 dicembre,tutte le voci,totale,tutte le voci,tutte le voci,TOTALE,TOTALE,1123
017180,Soiano del Lago,2019,occupate_e_non_occupate,abitazioni occupate al 31 dicembre,tutte le voci,totale,tutte le voci,tutte le voci,TOTALE,TOTALE,903
017180,Soiano del Lago,2021,occupate_e_non_occupate,abitazioni al 31 dicembre,tutte le voci,totale,tutte le voci,tutte le voci,TOTALE,TOTALE,2026
017180,Soiano del Lago,2021,occupate_e_non_occupate,abitazioni non occupate al 31 dicembre,tutte le voci,totale,tutte le voci,tutte le voci,TOTALE,TOTALE,1081
017180,Soiano del Lago,2021,occupate_e_non_occupate,abitazioni occupate al 31 dicembre,tutte le voci,totale,tutte le voci,tutte le voci,TOTALE,TOTALE,945
017180,Soiano del Lago,2023,occupate_e_non_occupate,abitazioni al 31 dicembre,tutte le voci,totale,tutte le voci,tutte le voci,TOTALE,TOTALE,2044
017180,Soiano del Lago,2023,occupate_e_non_occupate,abitazioni non occupate al 31 dicembre,tutte le voci,totale,tutte le voci,tutte le voci,TOTALE,TOTALE,1101
017180,Soiano del Lago,2023,occupate_e_non_occupate,abitazioni occupate al 31 dicembre,tutte le voci,totale,tutte le voci,tutte le voci,TOTALE,TOTALE,943
017180,Soiano del Lago,2019,titolo_di_godimento,abitazioni occupate al 31 dicembre,affitto,totale,tutte le voci,tutte le voci,TOTALE,TOTALE,103
017180,Soiano del Lago,2019,titolo_di_godimento,abitazioni occupate al 31 dicembre,"altro titolo diverso da proprietà, affitto",totale,tutte le voci,tutte le voci,TOTALE,TOTALE,61
017180,Soiano del Lago,2019,titolo_di_godimento,abitazioni occupate al 31 dicembre,proprietà,totale,tutte le voci,tutte le voci,TOTALE,TOTALE,739
017180,Soiano del Lago,2019,titolo_di_godimento,abitazioni occupate al 31 dicembre,tutte le voci,totale,tutte le voci,tutte le voci,TOTALE,TOTALE,903
017180,Soiano del Lago,2021,titolo_di_godimento,abitazioni occupate al 31 dicembre,tutte le voci,totale,tutte le voci,tutte le voci,TOTALE,TOTALE,945
017180,Soiano del Lago,2023,titolo_di_godimento,abitazioni occupate al 31 dicembre,tutte le voci,totale,tutte le voci,tutte le voci,TOTALE,TOTALE,943
017181,Sonico,2019,occupate_e_non_occupate,abitazioni al 31 dicembre,tutte le voci,totale,tutte le voci,tutte le voci,TOTALE,TOTALE,1351
017181,Sonico,2019,occupate_e_non_occupate,abitazioni non occupate al 31 dicembre,tutte le voci,totale,tutte le voci,tutte le voci,TOTALE,TOTALE,794
017181,Sonico,2019,occupate_e_non_occupate,abitazioni occupate al 31 dicembre,tutte le voci,totale,tutte le voci,tutte le voci,TOTALE,TOTALE,557
017181,Sonico,2021,occupate_e_non_occupate,abitazioni al 31 dicembre,tutte le voci,totale,tutte le voci,tutte le voci,TOTALE,TOTALE,1350
017181,Sonico,2021,occupate_e_non_occupate,abitazioni non occupate al 31 dicembre,tutte le voci,totale,tutte le voci,tutte le voci,TOTALE,TOTALE,810
017181,Sonico,2021,occupate_e_non_occupate,abitazioni occupate al 31 dicembre,tutte le voci,totale,tutte le voci,tutte le voci,TOTALE,TOTALE,540
017181,Sonico,2023,occupate_e_non_occupate,abitazioni al 31 dicembre,tutte le voci,totale,tutte le voci,tutte le voci,TOTALE,TOTALE,1354
017181,Sonico,2023,occupate_e_non_occupate,abitazioni non occupate al 31 dicembre,tutte le voci,totale,tutte le voci,tutte le voci,TOTALE,TOTALE,810
017181,Sonico,2023,occupate_e_non_occupate,abitazioni occupate al 31 dicembre,tutte le voci,totale,tutte le voci,tutte le voci,TOTALE,TOTALE,544
017181,Sonico,2019,titolo_di_godimento,abitazioni occupate al 31 dicembre,affitto,totale,tutte le voci,tutte le voci,TOTALE,TOTALE,26
017181,Sonico,2019,titolo_di_godimento,abitazioni occupate al 31 dicembre,"altro titolo diverso da proprietà, affitto",totale,tutte le voci,tutte le voci,TOTALE,TOTALE,57
017181,Sonico,2019,titolo_di_godimento,abitazioni occupate al 31 dicembre,proprietà,totale,tutte le voci,tutte le voci,TOTALE,TOTALE,474
017181,Sonico,2019,titolo_di_godimento,abitazioni occupate al 31 dicembre,tutte le voci,totale,tutte le voci,tutte le voci,TOTALE,TOTALE,557
017181,Sonico,2021,titolo_di_godimento,abitazioni occupate al 31 dicembre,tutte le voci,totale,tutte le voci,tutte le voci,TOTALE,TOTALE,540
017181,Sonico,2023,titolo_di_godimento,abitazioni occupate al 31 dicembre,tutte le voci,totale,tutte le voci,tutte le voci,TOTALE,TOTALE,544
017182,Sulzano,2019,occupate_e_non_occupate,abitazioni al 31 dicembre,tutte le voci,totale,tutte le voci,tutte le voci,TOTALE,TOTALE,1617
017182,Sulzano,2019,occupate_e_non_occupate,abitazioni non occupate al 31 dicembre,tutte le voci,totale,tutte le voci,tutte le voci,TOTALE,TOTALE,690
017182,Sulzano,2019,occupate_e_non_occupate,abitazioni occupate al 31 dicembre,tutte le voci,totale,tutte le voci,tutte le voci,TOTALE,TOTALE,927
017182,Sulzano,2021,occupate_e_non_occupate,abitazioni al 31 dicembre,tutte le voci,totale,tutte le voci,tutte le voci,TOTALE,TOTALE,1625
017182,Sulzano,2021,occupate_e_non_occupate,abitazioni non occupate al 31 dicembre,tutte le voci,totale,tutte le voci,tutte le voci,TOTALE,TOTALE,696
017182,Sulzano,2021,occupate_e_non_occupate,abitazioni occupate al 31 dicembre,tutte le voci,totale,tutte le voci,tutte le voci,TOTALE,TOTALE,929
017182,Sulzano,2023,occupate_e_non_occupate,abitazioni al 31 dicembre,tutte le voci,totale,tutte le voci,tutte le voci,TOTALE,TOTALE,1644
017182,Sulzano,2023,occupate_e_non_occupate,abitazioni non occupate al 31 dicembre,tutte le voci,totale,tutte le voci,tutte le voci,TOTALE,TOTALE,715
017182,Sulzano,2023,occupate_e_non_occupate,abitazioni occupate al 31 dicembre,tutte le voci,totale,tutte le voci,tutte le voci,TOTALE,TOTALE,929
017182,Sulzano,2019,titolo_di_godimento,abitazioni occupate al 31 dicembre,affitto,totale,tutte le voci,tutte le voci,TOTALE,TOTALE,98
017182,Sulzano,2019,titolo_di_godimento,abitazioni occupate al 31 dicembre,"altro titolo diverso da proprietà, affitto",totale,tutte le voci,tutte le voci,TOTALE,TOTALE,77
017182,Sulzano,2019,titolo_di_godimento,abitazioni occupate al 31 dicembre,proprietà,totale,tutte le voci,tutte le voci,TOTALE,TOTALE,752
017182,Sulzano,2019,titolo_di_godimento,abitazioni occupate al 31 dicembre,tutte le voci,totale,tutte le voci,tutte le voci,TOTALE,TOTALE,927
017182,Sulzano,2021,titolo_di_godimento,abitazioni occupate al 31 dicembre,tutte le voci,totale,tutte le voci,tutte le voci,TOTALE,TOTALE,929
017182,Sulzano,2023,titolo_di_godimento,abitazioni occupate al 31 dicembre,tutte le voci,totale,tutte le voci,tutte le voci,TOTALE,TOTALE,929
017183,Tavernole sul Mella,2019,occupate_e_non_occupate,abitazioni al 31 dicembre,tutte le voci,totale,tutte le voci,tutte le voci,TOTALE,TOTALE,1120
017183,Tavernole sul Mella,2019,occupate_e_non_occupate,abitazioni non occupate al 31 dicembre,tutte le voci,totale,tutte le voci,tutte le voci,TOTALE,TOTALE,562
017183,Tavernole sul Mella,2019,occupate_e_non_occupate,abitazioni occupate al 31 dicembre,tutte le voci,totale,tutte le voci,tutte le voci,TOTALE,TOTALE,558
017183,Tavernole sul Mella,2021,occupate_e_non_occupate,abitazioni al 31 dicembre,tutte le voci,totale,tutte le voci,tutte le voci,TOTALE,TOTALE,1121
017183,Tavernole sul Mella,2021,occupate_e_non_occupate,abitazioni non occupate al 31 dicembre,tutte le voci,totale,tutte le voci,tutte le voci,TOTALE,TOTALE,553
017183,Tavernole sul Mella,2021,occupate_e_non_occupate,abitazioni occupate al 31 dicembre,tutte le voci,totale,tutte le voci,tutte le voci,TOTALE,TOTALE,568
017183,Tavernole sul Mella,2023,occupate_e_non_occupate,abitazioni al 31 dicembre,tutte le voci,totale,tutte le voci,tutte le voci,TOTALE,TOTALE,1122
017183,Tavernole sul Mella,2023,occupate_e_non_occupate,abitazioni non occupate al 31 dicembre,tutte le voci,totale,tutte le voci,tutte le voci,TOTALE,TOTALE,551
017183,Tavernole sul Mella,2023,occupate_e_non_occupate,abitazioni occupate al 31 dicembre,tutte le voci,totale,tutte le voci,tutte le voci,TOTALE,TOTALE,571
017183,Tavernole sul Mella,2019,titolo_di_godimento,abitazioni occupate al 31 dicembre,affitto,totale,tutte le voci,tutte le voci,TOTALE,TOTALE,60
017183,Tavernole sul Mella,2019,titolo_di_godimento,abitazioni occupate al 31 dicembre,"altro titolo diverso da proprietà, affitto",totale,tutte le voci,tutte le voci,TOTALE,TOTALE,14
017183,Tavernole sul Mella,2019,titolo_di_godimento,abitazioni occupate al 31 dicembre,proprietà,totale,tutte le voci,tutte le voci,TOTALE,TOTALE,484
017183,Tavernole sul Mella,2019,titolo_di_godimento,abitazioni occupate al 31 dicembre,tutte le voci,totale,tutte le voci,tutte le voci,TOTALE,TOTALE,558
017183,Tavernole sul Mella,2021,titolo_di_godimento,abitazioni occupate al 31 dicembre,tutte le voci,totale,tutte le voci,tutte le voci,TOTALE,TOTALE,568
017183,Tavernole sul Mella,2023,titolo_di_godimento,abitazioni occupate al 31 dicembre,tutte le voci,totale,tutte le voci,tutte le voci,TOTALE,TOTALE,571
017184,Temù,2019,occupate_e_non_occupate,abitazioni al 31 dicembre,tutte le voci,totale,tutte le voci,tutte le voci,TOTALE,TOTALE,3730
017184,Temù,2019,occupate_e_non_occupate,abitazioni non occupate al 31 dicembre,tutte le voci,totale,tutte le voci,tutte le voci,TOTALE,TOTALE,3190
017184,Temù,2019,occupate_e_non_occupate,abitazioni occupate al 31 dicembre,tutte le voci,totale,tutte le voci,tutte le voci,TOTALE,TOTALE,540
017184,Temù,2021,occupate_e_non_occupate,abitazioni al 31 dicembre,tutte le voci,totale,tutte le voci,tutte le voci,TOTALE,TOTALE,3744
017184,Temù,2021,occupate_e_non_occupate,abitazioni non occupate al 31 dicembre,tutte le voci,totale,tutte le voci,tutte le voci,TOTALE,TOTALE,3205
017184,Temù,2021,occupate_e_non_occupate,abitazioni occupate al 31 dicembre,tutte le voci,totale,tutte le voci,tutte le voci,TOTALE,TOTALE,539
017184,Temù,2023,occupate_e_non_occupate,abitazioni al 31 dicembre,tutte le voci,totale,tutte le voci,tutte le voci,TOTALE,TOTALE,3861
017184,Temù,2023,occupate_e_non_occupate,abitazioni non occupate al 31 dicembre,tutte le voci,totale,tutte le voci,tutte le voci,TOTALE,TOTALE,3299
017184,Temù,2023,occupate_e_non_occupate,abitazioni occupate al 31 dicembre,tutte le voci,totale,tutte le voci,tutte le voci,TOTALE,TOTALE,562
017184,Temù,2019,titolo_di_godimento,abitazioni occupate al 31 dicembre,affitto,totale,tutte le voci,tutte le voci,TOTALE,TOTALE,61
017184,Temù,2019,titolo_di_godimento,abitazioni occupate al 31 dicembre,"altro titolo diverso da proprietà, affitto",totale,tutte le voci,tutte le voci,TOTALE,TOTALE,73
017184,Temù,2019,titolo_di_godimento,abitazioni occupate al 31 dicembre,proprietà,totale,tutte le voci,tutte le voci,TOTALE,TOTALE,406
017184,Temù,2019,titolo_di_godimento,abitazioni occupate al 31 dicembre,tutte le voci,totale,tutte le voci,tutte le voci,TOTALE,TOTALE,540
017184,Temù,2021,titolo_di_godimento,abitazioni occupate al 31 dicembre,tutte le voci,totale,tutte le voci,tutte le voci,TOTALE,TOTALE,539
017184,Temù,2023,titolo_di_godimento,abitazioni occupate al 31 dicembre,tutte le voci,totale,tutte le voci,tutte le voci,TOTALE,TOTALE,562
017185,Tignale,2019,occupate_e_non_occupate,abitazioni al 31 dicembre,tutte le voci,totale,tutte le voci,tutte le voci,TOTALE,TOTALE,2655
017185,Tignale,2019,occupate_e_non_occupate,abitazioni non occupate al 31 dicembre,tutte le voci,totale,tutte le voci,tutte le voci,TOTALE,TOTALE,2089
017185,Tignale,2019,occupate_e_non_occupate,abitazioni occupate al 31 dicembre,tutte le voci,totale,tutte le voci,tutte le voci,TOTALE,TOTALE,566
017185,Tignale,2021,occupate_e_non_occupate,abitazioni al 31 dicembre,tutte le voci,totale,tutte le voci,tutte le voci,TOTALE,TOTALE,2691
017185,Tignale,2021,occupate_e_non_occupate,abitazioni non occupate al 31 dicembre,tutte le voci,totale,tutte le voci,tutte le voci,TOTALE,TOTALE,2144
017185,Tignale,2021,occupate_e_non_occupate,abitazioni occupate al 31 dicembre,tutte le voci,totale,tutte le voci,tutte le voci,TOTALE,TOTALE,547
017185,Tignale,2023,occupate_e_non_occupate,abitazioni al 31 dicembre,tutte le voci,totale,tutte le voci,tutte le voci,TOTALE,TOTALE,2719
017185,Tignale,2023,occupate_e_non_occupate,abitazioni non occupate al 31 dicembre,tutte le voci,totale,tutte le voci,tutte le voci,TOTALE,TOTALE,2168
017185,Tignale,2023,occupate_e_non_occupate,abitazioni occupate al 31 dicembre,tutte le voci,totale,tutte le voci,tutte le voci,TOTALE,TOTALE,551
017185,Tignale,2019,titolo_di_godimento,abitazioni occupate al 31 dicembre,affitto,totale,tutte le voci,tutte le voci,TOTALE,TOTALE,54
017185,Tignale,2019,titolo_di_godimento,abitazioni occupate al 31 dicembre,"altro titolo diverso da proprietà, affitto",totale,tutte le voci,tutte le voci,TOTALE,TOTALE,14
017185,Tignale,2019,titolo_di_godimento,abitazioni occupate al 31 dicembre,proprietà,totale,tutte le voci,tutte le voci,TOTALE,TOTALE,498
017185,Tignale,2019,titolo_di_godimento,abitazioni occupate al 31 dicembre,tutte le voci,totale,tutte le voci,tutte le voci,TOTALE,TOTALE,566
017185,Tignale,2021,titolo_di_godimento,abitazioni occupate al 31 dicembre,tutte le voci,totale,tutte le voci,tutte le voci,TOTALE,TOTALE,547
017185,Tignale,2023,titolo_di_godimento,abitazioni occupate al 31 dicembre,tutte le voci,totale,tutte le voci,tutte le voci,TOTALE,TOTALE,551
017186,Torbole Casaglia,2019,occupate_e_non_occupate,abitazioni al 31 dicembre,tutte le voci,totale,tutte le voci,tutte le voci,TOTALE,TOTALE,2885
017186,Torbole Casaglia,2019,occupate_e_non_occupate,abitazioni non occupate al 31 dicembre,tutte le voci,totale,tutte le voci,tutte le voci,TOTALE,TOTALE,356
017186,Torbole Casaglia,2019,occupate_e_non_occupate,abitazioni occupate al 31 dicembre,tutte le voci,totale,tutte le voci,tutte le voci,TOTALE,TOTALE,2529
017186,Torbole Casaglia,2021,occupate_e_non_occupate,abitazioni al 31 dicembre,tutte le voci,totale,tutte le voci,tutte le voci,TOTALE,TOTALE,2869
017186,Torbole Casaglia,2021,occupate_e_non_occupate,abitazioni non occupate al 31 dicembre,tutte le voci,totale,tutte le voci,tutte le voci,TOTALE,TOTALE,282
017186,Torbole Casaglia,2021,occupate_e_non_occupate,abitazioni occupate al 31 dicembre,tutte le voci,totale,tutte le voci,tutte le voci,TOTALE,TOTALE,2587
017186,Torbole Casaglia,2023,occupate_e_non_occupate,abitazioni al 31 dicembre,tutte le voci,totale,tutte le voci,tutte le voci,TOTALE,TOTALE,2879
017186,Torbole Casaglia,2023,occupate_e_non_occupate,abitazioni non occupate al 31 dicembre,tutte le voci,totale,tutte le voci,tutte le voci,TOTALE,TOTALE,247
017186,Torbole Casaglia,2023,occupate_e_non_occupate,abitazioni occupate al 31 dicembre,tutte le voci,totale,tutte le voci,tutte le voci,TOTALE,TOTALE,2632
017186,Torbole Casaglia,2019,titolo_di_godimento,abitazioni occupate al 31 dicembre,affitto,totale,tutte le voci,tutte le voci,TOTALE,TOTALE,507
017186,Torbole Casaglia,2019,titolo_di_godimento,abitazioni occupate al 31 dicembre,"altro titolo diverso da proprietà, affitto",totale,tutte le voci,tutte le voci,TOTALE,TOTALE,122
017186,Torbole Casaglia,2019,titolo_di_godimento,abitazioni occupate al 31 dicembre,proprietà,totale,tutte le voci,tutte le voci,TOTALE,TOTALE,1900
017186,Torbole Casaglia,2019,titolo_di_godimento,abitazioni occupate al 31 dicembre,tutte le voci,totale,tutte le voci,tutte le voci,TOTALE,TOTALE,2529
017186,Torbole Casaglia,2021,titolo_di_godimento,abitazioni occupate al 31 dicembre,tutte le voci,totale,tutte le voci,tutte le voci,TOTALE,TOTALE,2587
017186,Torbole Casaglia,2023,titolo_di_godimento,abitazioni occupate al 31 dicembre,tutte le voci,totale,tutte le voci,tutte le voci,TOTALE,TOTALE,2632
017187,Toscolano-Maderno,2019,occupate_e_non_occupate,abitazioni al 31 dicembre,tutte le voci,totale,tutte le voci,tutte le voci,TOTALE,TOTALE,8844
017187,Toscolano-Maderno,2019,occupate_e_non_occupate,abitazioni non occupate al 31 dicembre,tutte le voci,totale,tutte le voci,tutte le voci,TOTALE,TOTALE,5153
017187,Toscolano-Maderno,2019,occupate_e_non_occupate,abitazioni occupate al 31 dicembre,tutte le voci,totale,tutte le voci,tutte le voci,TOTALE,TOTALE,3691
017187,Toscolano-Maderno,2021,occupate_e_non_occupate,abitazioni al 31 dicembre,tutte le voci,totale,tutte le voci,tutte le voci,TOTALE,TOTALE,8854
017187,Toscolano-Maderno,2021,occupate_e_non_occupate,abitazioni non occupate al 31 dicembre,tutte le voci,totale,tutte le voci,tutte le voci,TOTALE,TOTALE,5213
017187,Toscolano-Maderno,2021,occupate_e_non_occupate,abitazioni occupate al 31 dicembre,tutte le voci,totale,tutte le voci,tutte le voci,TOTALE,TOTALE,3641
017187,Toscolano-Maderno,2023,occupate_e_non_occupate,abitazioni al 31 dicembre,tutte le voci,totale,tutte le voci,tutte le voci,TOTALE,TOTALE,8944
017187,Toscolano-Maderno,2023,occupate_e_non_occupate,abitazioni non occupate al 31 dicembre,tutte le voci,totale,tutte le voci,tutte le voci,TOTALE,TOTALE,5216
017187,Toscolano-Maderno,2023,occupate_e_non_occupate,abitazioni occupate al 31 dicembre,tutte le voci,totale,tutte le voci,tutte le voci,TOTALE,TOTALE,3728
017187,Toscolano-Maderno,2019,titolo_di_godimento,abitazioni occupate al 31 dicembre,affitto,totale,tutte le voci,tutte le voci,TOTALE,TOTALE,710
017187,Toscolano-Maderno,2019,titolo_di_godimento,abitazioni occupate al 31 dicembre,"altro titolo diverso da proprietà, affitto",totale,tutte le voci,tutte le voci,TOTALE,TOTALE,205
017187,Toscolano-Maderno,2019,titolo_di_godimento,abitazioni occupate al 31 dicembre,proprietà,totale,tutte le voci,tutte le voci,TOTALE,TOTALE,2777
017187,Toscolano-Maderno,2019,titolo_di_godimento,abitazioni occupate al 31 dicembre,tutte le voci,totale,tutte le voci,tutte le voci,TOTALE,TOTALE,3691
017187,Toscolano-Maderno,2021,titolo_di_godimento,abitazioni occupate al 31 dicembre,tutte le voci,totale,tutte le voci,tutte le voci,TOTALE,TOTALE,3641
017187,Toscolano-Maderno,2023,titolo_di_godimento,abitazioni occupate al 31 dicembre,tutte le voci,totale,tutte le voci,tutte le voci,TOTALE,TOTALE,3728
017188,Travagliato,2019,occupate_e_non_occupate,abitazioni al 31 dicembre,tutte le voci,totale,tutte le voci,tutte le voci,TOTALE,TOTALE,6363
017188,Travagliato,2019,occupate_e_non_occupate,abitazioni non occupate al 31 dicembre,tutte le voci,totale,tutte le voci,tutte le voci,TOTALE,TOTALE,763
017188,Travagliato,2019,occupate_e_non_occupate,abitazioni occupate al 31 dicembre,tutte le voci,totale,tutte le voci,tutte le voci,TOTALE,TOTALE,5600
017188,Travagliato,2021,occupate_e_non_occupate,abitazioni al 31 dicembre,tutte le voci,totale,tutte le voci,tutte le voci,TOTALE,TOTALE,6381
017188,Travagliato,2021,occupate_e_non_occupate,abitazioni non occupate al 31 dicembre,tutte le voci,totale,tutte le voci,tutte le voci,TOTALE,TOTALE,746
017188,Travagliato,2021,occupate_e_non_occupate,abitazioni occupate al 31 dicembre,tutte le voci,totale,tutte le voci,tutte le voci,TOTALE,TOTALE,5635
017188,Travagliato,2023,occupate_e_non_occupate,abitazioni al 31 dicembre,tutte le voci,totale,tutte le voci,tutte le voci,TOTALE,TOTALE,6456
017188,Travagliato,2023,occupate_e_non_occupate,abitazioni non occupate al 31 dicembre,tutte le voci,totale,tutte le voci,tutte le voci,TOTALE,TOTALE,747
017188,Travagliato,2023,occupate_e_non_occupate,abitazioni occupate al 31 dicembre,tutte le voci,totale,tutte le voci,tutte le voci,TOTALE,TOTALE,5709
017188,Travagliato,2019,titolo_di_godimento,abitazioni occupate al 31 dicembre,affitto,totale,tutte le voci,tutte le voci,TOTALE,TOTALE,1305
017188,Travagliato,2019,titolo_di_godimento,abitazioni occupate al 31 dicembre,"altro titolo diverso da proprietà, affitto",totale,tutte le voci,tutte le voci,TOTALE,TOTALE,535
017188,Travagliato,2019,titolo_di_godimento,abitazioni occupate al 31 dicembre,proprietà,totale,tutte le voci,tutte le voci,TOTALE,TOTALE,3760
017188,Travagliato,2019,titolo_di_godimento,abitazioni occupate al 31 dicembre,tutte le voci,totale,tutte le voci,tutte le voci,TOTALE,TOTALE,5600
017188,Travagliato,2021,titolo_di_godimento,abitazioni occupate al 31 dicembre,tutte le voci,totale,tutte le voci,tutte le voci,TOTALE,TOTALE,5635
017188,Travagliato,2023,titolo_di_godimento,abitazioni occupate al 31 dicembre,tutte le voci,totale,tutte le voci,tutte le voci,TOTALE,TOTALE,5709
017189,Tremosine sul Garda,2019,occupate_e_non_occupate,abitazioni al 31 dicembre,tutte le voci,totale,tutte le voci,tutte le voci,TOTALE,TOTALE,3487
017189,Tremosine sul Garda,2019,occupate_e_non_occupate,abitazioni non occupate al 31 dicembre,tutte le voci,totale,tutte le voci,tutte le voci,TOTALE,TOTALE,2581
017189,Tremosine sul Garda,2019,occupate_e_non_occupate,abitazioni occupate al 31 dicembre,tutte le voci,totale,tutte le voci,tutte le voci,TOTALE,TOTALE,906
017189,Tremosine sul Garda,2021,occupate_e_non_occupate,abitazioni al 31 dicembre,tutte le voci,totale,tutte le voci,tutte le voci,TOTALE,TOTALE,3504
017189,Tremosine sul Garda,2021,occupate_e_non_occupate,abitazioni non occupate al 31 dicembre,tutte le voci,totale,tutte le voci,tutte le voci,TOTALE,TOTALE,2609
017189,Tremosine sul Garda,2021,occupate_e_non_occupate,abitazioni occupate al 31 dicembre,tutte le voci,totale,tutte le voci,tutte le voci,TOTALE,TOTALE,895
017189,Tremosine sul Garda,2023,occupate_e_non_occupate,abitazioni al 31 dicembre,tutte le voci,totale,tutte le voci,tutte le voci,TOTALE,TOTALE,3553
017189,Tremosine sul Garda,2023,occupate_e_non_occupate,abitazioni non occupate al 31 dicembre,tutte le voci,totale,tutte le voci,tutte le voci,TOTALE,TOTALE,2637
017189,Tremosine sul Garda,2023,occupate_e_non_occupate,abitazioni occupate al 31 dicembre,tutte le voci,totale,tutte le voci,tutte le voci,TOTALE,TOTALE,916
017189,Tremosine sul Garda,2019,titolo_di_godimento,abitazioni occupate al 31 dicembre,affitto,totale,tutte le voci,tutte le voci,TOTALE,TOTALE,104
017189,Tremosine sul Garda,2019,titolo_di_godimento,abitazioni occupate al 31 dicembre,"altro titolo diverso da proprietà, affitto",totale,tutte le voci,tutte le voci,TOTALE,TOTALE,64
017189,Tremosine sul Garda,2019,titolo_di_godimento,abitazioni occupate al 31 dicembre,proprietà,totale,tutte le voci,tutte le voci,TOTALE,TOTALE,737
017189,Tremosine sul Garda,2019,titolo_di_godimento,abitazioni occupate al 31 dicembre,tutte le voci,totale,tutte le voci,tutte le voci,TOTALE,TOTALE,906
017189,Tremosine sul Garda,2021,titolo_di_godimento,abitazioni occupate al 31 dicembre,tutte le voci,totale,tutte le voci,tutte le voci,TOTALE,TOTALE,895
017189,Tremosine sul Garda,2023,titolo_di_godimento,abitazioni occupate al 31 dicembre,tutte le voci,totale,tutte le voci,tutte le voci,TOTALE,TOTALE,916
017190,Trenzano,2019,occupate_e_non_occupate,abitazioni al 31 dicembre,tutte le voci,totale,tutte le voci,tutte le voci,TOTALE,TOTALE,2436
017190,Trenzano,2019,occupate_e_non_occupate,abitazioni non occupate al 31 dicembre,tutte le voci,totale,tutte le voci,tutte le voci,TOTALE,TOTALE,426
017190,Trenzano,2019,occupate_e_non_occupate,abitazioni occupate al 31 dicembre,tutte le voci,totale,tutte le voci,tutte le voci,TOTALE,TOTALE,2010
017190,Trenzano,2021,occupate_e_non_occupate,abitazioni al 31 dicembre,tutte le voci,totale,tutte le voci,tutte le voci,TOTALE,TOTALE,2445
017190,Trenzano,2021,occupate_e_non_occupate,abitazioni non occupate al 31 dicembre,tutte le voci,totale,tutte le voci,tutte le voci,TOTALE,TOTALE,415
017190,Trenzano,2021,occupate_e_non_occupate,abitazioni occupate al 31 dicembre,tutte le voci,totale,tutte le voci,tutte le voci,TOTALE,TOTALE,2030
017190,Trenzano,2023,occupate_e_non_occupate,abitazioni al 31 dicembre,tutte le voci,totale,tutte le voci,tutte le voci,TOTALE,TOTALE,2484
017190,Trenzano,2023,occupate_e_non_occupate,abitazioni non occupate al 31 dicembre,tutte le voci,totale,tutte le voci,tutte le voci,TOTALE,TOTALE,411
017190,Trenzano,2023,occupate_e_non_occupate,abitazioni occupate al 31 dicembre,tutte le voci,totale,tutte le voci,tutte le voci,TOTALE,TOTALE,2073
017190,Trenzano,2019,titolo_di_godimento,abitazioni occupate al 31 dicembre,affitto,totale,tutte le voci,tutte le voci,TOTALE,TOTALE,315
017190,Trenzano,2019,titolo_di_godimento,abitazioni occupate al 31 dicembre,"altro titolo diverso da proprietà, affitto",totale,tutte le voci,tutte le voci,TOTALE,TOTALE,137
017190,Trenzano,2019,titolo_di_godimento,abitazioni occupate al 31 dicembre,proprietà,totale,tutte le voci,tutte le voci,TOTALE,TOTALE,1559
017190,Trenzano,2019,titolo_di_godimento,abitazioni occupate al 31 dicembre,tutte le voci,totale,tutte le voci,tutte le voci,TOTALE,TOTALE,2010
017190,Trenzano,2021,titolo_di_godimento,abitazioni occupate al 31 dicembre,tutte le voci,totale,tutte le voci,tutte le voci,TOTALE,TOTALE,2030
017190,Trenzano,2023,titolo_di_godimento,abitazioni occupate al 31 dicembre,tutte le voci,totale,tutte le voci,tutte le voci,TOTALE,TOTALE,2073
017191,Treviso Bresciano,2019,occupate_e_non_occupate,abitazioni al 31 dicembre,tutte le voci,totale,tutte le voci,tutte le voci,TOTALE,TOTALE,622
017191,Treviso Bresciano,2019,occupate_e_non_occupate,abitazioni non occupate al 31 dicembre,tutte le voci,totale,tutte le voci,tutte le voci,TOTALE,TOTALE,396
017191,Treviso Bresciano,2019,occupate_e_non_occupate,abitazioni occupate al 31 dicembre,tutte le voci,totale,tutte le voci,tutte le voci,TOTALE,TOTALE,226
017191,Treviso Bresciano,2021,occupate_e_non_occupate,abitazioni al 31 dicembre,tutte le voci,totale,tutte le voci,tutte le voci,TOTALE,TOTALE,621
017191,Treviso Bresciano,2021,occupate_e_non_occupate,abitazioni non occupate al 31 dicembre,tutte le voci,totale,tutte le voci,tutte le voci,TOTALE,TOTALE,391
017191,Treviso Bresciano,2021,occupate_e_non_occupate,abitazioni occupate al 31 dicembre,tutte le voci,totale,tutte le voci,tutte le voci,TOTALE,TOTALE,230
017191,Treviso Bresciano,2023,occupate_e_non_occupate,abitazioni al 31 dicembre,tutte le voci,totale,tutte le voci,tutte le voci,TOTALE,TOTALE,624
017191,Treviso Bresciano,2023,occupate_e_non_occupate,abitazioni non occupate al 31 dicembre,tutte le voci,totale,tutte le voci,tutte le voci,TOTALE,TOTALE,393
017191,Treviso Bresciano,2023,occupate_e_non_occupate,abitazioni occupate al 31 dicembre,tutte le voci,totale,tutte le voci,tutte le voci,TOTALE,TOTALE,231
017191,Treviso Bresciano,2019,titolo_di_godimento,abitazioni occupate al 31 dicembre,affitto,totale,tutte le voci,tutte le voci,TOTALE,TOTALE,17
017191,Treviso Bresciano,2019,titolo_di_godimento,abitazioni occupate al 31 dicembre,"altro titolo diverso da proprietà, affitto",totale,tutte le voci,tutte le voci,TOTALE,TOTALE,17
017191,Treviso Bresciano,2019,titolo_di_godimento,abitazioni occupate al 31 dicembre,proprietà,totale,tutte le voci,tutte le voci,TOTALE,TOTALE,192
017191,Treviso Bresciano,2019,titolo_di_godimento,abitazioni occupate al 31 dicembre,tutte le voci,totale,tutte le voci,tutte le voci,TOTALE,TOTALE,226
017191,Treviso Bresciano,2021,titolo_di_godimento,abitazioni occupate al 31 dicembre,tutte le voci,totale,tutte le voci,tutte le voci,TOTALE,TOTALE,230
017191,Treviso Bresciano,2023,titolo_di_godimento,abitazioni occupate al 31 dicembre,tutte le voci,totale,tutte le voci,tutte le voci,TOTALE,TOTALE,231
017192,Urago d'Oglio,2019,occupate_e_non_occupate,abitazioni al 31 dicembre,tutte le voci,totale,tutte le voci,tutte le voci,TOTALE,TOTALE,1705
017192,Urago d'Oglio,2019,occupate_e_non_occupate,abitazioni non occupate al 31 dicembre,tutte le voci,totale,tutte le voci,tutte le voci,TOTALE,TOTALE,309
017192,Urago d'Oglio,2019,occupate_e_non_occupate,abitazioni occupate al 31 dicembre,tutte le voci,totale,tutte le voci,tutte le voci,TOTALE,TOTALE,1396
017192,Urago d'Oglio,2021,occupate_e_non_occupate,abitazioni al 31 dicembre,tutte le voci,totale,tutte le voci,tutte le voci,TOTALE,TOTALE,1709
017192,Urago d'Oglio,2021,occupate_e_non_occupate,abitazioni non occupate al 31 dicembre,tutte le voci,totale,tutte le voci,tutte le voci,TOTALE,TOTALE,280
017192,Urago d'Oglio,2021,occupate_e_non_occupate,abitazioni occupate al 31 dicembre,tutte le voci,totale,tutte le voci,tutte le voci,TOTALE,TOTALE,1429
017192,Urago d'Oglio,2023,occupate_e_non_occupate,abitazioni al 31 dicembre,tutte le voci,totale,tutte le voci,tutte le voci,TOTALE,TOTALE,1715
017192,Urago d'Oglio,2023,occupate_e_non_occupate,abitazioni non occupate al 31 dicembre,tutte le voci,totale,tutte le voci,tutte le voci,TOTALE,TOTALE,259
017192,Urago d'Oglio,2023,occupate_e_non_occupate,abitazioni occupate al 31 dicembre,tutte le voci,totale,tutte le voci,tutte le voci,TOTALE,TOTALE,1456
017192,Urago d'Oglio,2019,titolo_di_godimento,abitazioni occupate al 31 dicembre,affitto,totale,tutte le voci,tutte le voci,TOTALE,TOTALE,166
017192,Urago d'Oglio,2019,titolo_di_godimento,abitazioni occupate al 31 dicembre,"altro titolo diverso da proprietà, affitto",totale,tutte le voci,tutte le voci,TOTALE,TOTALE,36
017192,Urago d'Oglio,2019,titolo_di_godimento,abitazioni occupate al 31 dicembre,proprietà,totale,tutte le voci,tutte le voci,TOTALE,TOTALE,1194
017192,Urago d'Oglio,2019,titolo_di_godimento,abitazioni occupate al 31 dicembre,tutte le voci,totale,tutte le voci,tutte le voci,TOTALE,TOTALE,1396
017192,Urago d'Oglio,2021,titolo_di_godimento,abitazioni occupate al 31 dicembre,tutte le voci,totale,tutte le voci,tutte le voci,TOTALE,TOTALE,1429
017192,Urago d'Oglio,2023,titolo_di_godimento,abitazioni occupate al 31 dicembre,tutte le voci,totale,tutte le voci,tutte le voci,TOTALE,TOTALE,1456
017193,Vallio Terme,2019,occupate_e_non_occupate,abitazioni al 31 dicembre,tutte le voci,totale,tutte le voci,tutte le voci,TOTALE,TOTALE,911
017193,Vallio Terme,2019,occupate_e_non_occupate,abitazioni non occupate al 31 dicembre,tutte le voci,totale,tutte le voci,tutte le voci,TOTALE,TOTALE,301
017193,Vallio Terme,2019,occupate_e_non_occupate,abitazioni occupate al 31 dicembre,tutte le voci,totale,tutte le voci,tutte le voci,TOTALE,TOTALE,610
017193,Vallio Terme,2021,occupate_e_non_occupate,abitazioni al 31 dicembre,tutte le voci,totale,tutte le voci,tutte le voci,TOTALE,TOTALE,913
017193,Vallio Terme,2021,occupate_e_non_occupate,abitazioni non occupate al 31 dicembre,tutte le voci,totale,tutte le voci,tutte le voci,TOTALE,TOTALE,297
017193,Vallio Terme,2021,occupate_e_non_occupate,abitazioni occupate al 31 dicembre,tutte le voci,totale,tutte le voci,tutte le voci,TOTALE,TOTALE,616
017193,Vallio Terme,2023,occupate_e_non_occupate,abitazioni al 31 dicembre,tutte le voci,totale,tutte le voci,tutte le voci,TOTALE,TOTALE,918
017193,Vallio Terme,2023,occupate_e_non_occupate,abitazioni non occupate al 31 dicembre,tutte le voci,totale,tutte le voci,tutte le voci,TOTALE,TOTALE,302
017193,Vallio Terme,2023,occupate_e_non_occupate,abitazioni occupate al 31 dicembre,tutte le voci,totale,tutte le voci,tutte le voci,TOTALE,TOTALE,616
017193,Vallio Terme,2019,titolo_di_godimento,abitazioni occupate al 31 dicembre,affitto,totale,tutte le voci,tutte le voci,TOTALE,TOTALE,80
017193,Vallio Terme,2019,titolo_di_godimento,abitazioni occupate al 31 dicembre,"altro titolo diverso da proprietà, affitto",totale,tutte le voci,tutte le voci,TOTALE,TOTALE,44
017193,Vallio Terme,2019,titolo_di_godimento,abitazioni occupate al 31 dicembre,proprietà,totale,tutte le voci,tutte le voci,TOTALE,TOTALE,486
017193,Vallio Terme,2019,titolo_di_godimento,abitazioni occupate al 31 dicembre,tutte le voci,totale,tutte le voci,tutte le voci,TOTALE,TOTALE,610
017193,Vallio Terme,2021,titolo_di_godimento,abitazioni occupate al 31 dicembre,tutte le voci,totale,tutte le voci,tutte le voci,TOTALE,TOTALE,616
017193,Vallio Terme,2023,titolo_di_godimento,abitazioni occupate al 31 dicembre,tutte le voci,totale,tutte le voci,tutte le voci,TOTALE,TOTALE,616
017194,Valvestino,2019,occupate_e_non_occupate,abitazioni al 31 dicembre,tutte le voci,totale,tutte le voci,tutte le voci,TOTALE,TOTALE,422
017194,Valvestino,2019,occupate_e_non_occupate,abitazioni non occupate al 31 dicembre,tutte le voci,totale,tutte le voci,tutte le voci,TOTALE,TOTALE,317
017194,Valvestino,2019,occupate_e_non_occupate,abitazioni occupate al 31 dicembre,tutte le voci,totale,tutte le voci,tutte le voci,TOTALE,TOTALE,105
017194,Valvestino,2021,occupate_e_non_occupate,abitazioni al 31 dicembre,tutte le voci,totale,tutte le voci,tutte le voci,TOTALE,TOTALE,422
017194,Valvestino,2021,occupate_e_non_occupate,abitazioni non occupate al 31 dicembre,tutte le voci,totale,tutte le voci,tutte le voci,TOTALE,TOTALE,321
017194,Valvestino,2021,occupate_e_non_occupate,abitazioni occupate al 31 dicembre,tutte le voci,totale,tutte le voci,tutte le voci,TOTALE,TOTALE,101
017194,Valvestino,2023,occupate_e_non_occupate,abitazioni al 31 dicembre,tutte le voci,totale,tutte le voci,tutte le voci,TOTALE,TOTALE,429
017194,Valvestino,2023,occupate_e_non_occupate,abitazioni non occupate al 31 dicembre,tutte le voci,totale,tutte le voci,tutte le voci,TOTALE,TOTALE,337
017194,Valvestino,2023,occupate_e_non_occupate,abitazioni occupate al 31 dicembre,tutte le voci,totale,tutte le voci,tutte le voci,TOTALE,TOTALE,92
017194,Valvestino,2019,titolo_di_godimento,abitazioni occupate al 31 dicembre,affitto,totale,tutte le voci,tutte le voci,TOTALE,TOTALE,4
017194,Valvestino,2019,titolo_di_godimento,abitazioni occupate al 31 dicembre,"altro titolo diverso da proprietà, affitto",totale,tutte le voci,tutte le voci,TOTALE,TOTALE,9
017194,Valvestino,2019,titolo_di_godimento,abitazioni occupate al 31 dicembre,proprietà,totale,tutte le voci,tutte le voci,TOTALE,TOTALE,92
017194,Valvestino,2019,titolo_di_godimento,abitazioni occupate al 31 dicembre,tutte le voci,totale,tutte le voci,tutte le voci,TOTALE,TOTALE,105
017194,Valvestino,2021,titolo_di_godimento,abitazioni occupate al 31 dicembre,tutte le voci,totale,tutte le voci,tutte le voci,TOTALE,TOTALE,101
017194,Valvestino,2023,titolo_di_godimento,abitazioni occupate al 31 dicembre,tutte le voci,totale,tutte le voci,tutte le voci,TOTALE,TOTALE,92
017195,Verolanuova,2019,occupate_e_non_occupate,abitazioni al 31 dicembre,tutte le voci,totale,tutte le voci,tutte le voci,TOTALE,TOTALE,3945
017195,Verolanuova,2019,occupate_e_non_occupate,abitazioni non occupate al 31 dicembre,tutte le voci,totale,tutte le voci,tutte le voci,TOTALE,TOTALE,699
017195,Verolanuova,2019,occupate_e_non_occupate,abitazioni occupate al 31 dicembre,tutte le voci,totale,tutte le voci,tutte le voci,TOTALE,TOTALE,3246
017195,Verolanuova,2021,occupate_e_non_occupate,abitazioni al 31 dicembre,tutte le voci,totale,tutte le voci,tutte le voci,TOTALE,TOTALE,3958
017195,Verolanuova,2021,occupate_e_non_occupate,abitazioni non occupate al 31 dicembre,tutte le voci,totale,tutte le voci,tutte le voci,TOTALE,TOTALE,683
017195,Verolanuova,2021,occupate_e_non_occupate,abitazioni occupate al 31 dicembre,tutte le voci,totale,tutte le voci,tutte le voci,TOTALE,TOTALE,3275
017195,Verolanuova,2023,occupate_e_non_occupate,abitazioni al 31 dicembre,tutte le voci,totale,tutte le voci,tutte le voci,TOTALE,TOTALE,4026
017195,Verolanuova,2023,occupate_e_non_occupate,abitazioni non occupate al 31 dicembre,tutte le voci,totale,tutte le voci,tutte le voci,TOTALE,TOTALE,717
017195,Verolanuova,2023,occupate_e_non_occupate,abitazioni occupate al 31 dicembre,tutte le voci,totale,tutte le voci,tutte le voci,TOTALE,TOTALE,3309
017195,Verolanuova,2019,titolo_di_godimento,abitazioni occupate al 31 dicembre,affitto,totale,tutte le voci,tutte le voci,TOTALE,TOTALE,499
017195,Verolanuova,2019,titolo_di_godimento,abitazioni occupate al 31 dicembre,"altro titolo diverso da proprietà, affitto",totale,tutte le voci,tutte le voci,TOTALE,TOTALE,104
017195,Verolanuova,2019,titolo_di_godimento,abitazioni occupate al 31 dicembre,proprietà,totale,tutte le voci,tutte le voci,TOTALE,TOTALE,2644
017195,Verolanuova,2019,titolo_di_godimento,abitazioni occupate al 31 dicembre,tutte le voci,totale,tutte le voci,tutte le voci,TOTALE,TOTALE,3246
017195,Verolanuova,2021,titolo_di_godimento,abitazioni occupate al 31 dicembre,tutte le voci,totale,tutte le voci,tutte le voci,TOTALE,TOTALE,3275
017195,Verolanuova,2023,titolo_di_godimento,abitazioni occupate al 31 dicembre,tutte le voci,totale,tutte le voci,tutte le voci,TOTALE,TOTALE,3309
017196,Verolavecchia,2019,occupate_e_non_occupate,abitazioni al 31 dicembre,tutte le voci,totale,tutte le voci,tutte le voci,TOTALE,TOTALE,1999
017196,Verolavecchia,2019,occupate_e_non_occupate,abitazioni non occupate al 31 dicembre,tutte le voci,totale,tutte le voci,tutte le voci,TOTALE,TOTALE,416
017196,Verolavecchia,2019,occupate_e_non_occupate,abitazioni occupate al 31 dicembre,tutte le voci,totale,tutte le voci,tutte le voci,TOTALE,TOTALE,1583
017196,Verolavecchia,2021,occupate_e_non_occupate,abitazioni al 31 dicembre,tutte le voci,totale,tutte le voci,tutte le voci,TOTALE,TOTALE,1998
017196,Verolavecchia,2021,occupate_e_non_occupate,abitazioni non occupate al 31 dicembre,tutte le voci,totale,tutte le voci,tutte le voci,TOTALE,TOTALE,421
017196,Verolavecchia,2021,occupate_e_non_occupate,abitazioni occupate al 31 dicembre,tutte le voci,totale,tutte le voci,tutte le voci,TOTALE,TOTALE,1577
017196,Verolavecchia,2023,occupate_e_non_occupate,abitazioni al 31 dicembre,tutte le voci,totale,tutte le voci,tutte le voci,TOTALE,TOTALE,2021
017196,Verolavecchia,2023,occupate_e_non_occupate,abitazioni non occupate al 31 dicembre,tutte le voci,totale,tutte le voci,tutte le voci,TOTALE,TOTALE,416
017196,Verolavecchia,2023,occupate_e_non_occupate,abitazioni occupate al 31 dicembre,tutte le voci,totale,tutte le voci,tutte le voci,TOTALE,TOTALE,1605
017196,Verolavecchia,2019,titolo_di_godimento,abitazioni occupate al 31 dicembre,affitto,totale,tutte le voci,tutte le voci,TOTALE,TOTALE,189
017196,Verolavecchia,2019,titolo_di_godimento,abitazioni occupate al 31 dicembre,"altro titolo diverso da proprietà, affitto",totale,tutte le voci,tutte le voci,TOTALE,TOTALE,84
017196,Verolavecchia,2019,titolo_di_godimento,abitazioni occupate al 31 dicembre,proprietà,totale,tutte le voci,tutte le voci,TOTALE,TOTALE,1309
017196,Verolavecchia,2019,titolo_di_godimento,abitazioni occupate al 31 dicembre,tutte le voci,totale,tutte le voci,tutte le voci,TOTALE,TOTALE,1583
017196,Verolavecchia,2021,titolo_di_godimento,abitazioni occupate al 31 dicembre,tutte le voci,totale,tutte le voci,tutte le voci,TOTALE,TOTALE,1577
017196,Verolavecchia,2023,titolo_di_godimento,abitazioni occupate al 31 dicembre,tutte le voci,totale,tutte le voci,tutte le voci,TOTALE,TOTALE,1605
017197,Vestone,2019,occupate_e_non_occupate,abitazioni al 31 dicembre,tutte le voci,totale,tutte le voci,tutte le voci,TOTALE,TOTALE,2342
017197,Vestone,2019,occupate_e_non_occupate,abitazioni non occupate al 31 dicembre,tutte le voci,totale,tutte le voci,tutte le voci,TOTALE,TOTALE,631
017197,Vestone,2019,occupate_e_non_occupate,abitazioni occupate al 31 dicembre,tutte le voci,totale,tutte le voci,tutte le voci,TOTALE,TOTALE,1711
017197,Vestone,2021,occupate_e_non_occupate,abitazioni al 31 dicembre,tutte le voci,totale,tutte le voci,tutte le voci,TOTALE,TOTALE,2348
017197,Vestone,2021,occupate_e_non_occupate,abitazioni non occupate al 31 dicembre,tutte le voci,totale,tutte le voci,tutte le voci,TOTALE,TOTALE,643
017197,Vestone,2021,occupate_e_non_occupate,abitazioni occupate al 31 dicembre,tutte le voci,totale,tutte le voci,tutte le voci,TOTALE,TOTALE,1705
017197,Vestone,2023,occupate_e_non_occupate,abitazioni al 31 dicembre,tutte le voci,totale,tutte le voci,tutte le voci,TOTALE,TOTALE,2358
017197,Vestone,2023,occupate_e_non_occupate,abitazioni non occupate al 31 dicembre,tutte le voci,totale,tutte le voci,tutte le voci,TOTALE,TOTALE,653
017197,Vestone,2023,occupate_e_non_occupate,abitazioni occupate al 31 dicembre,tutte le voci,totale,tutte le voci,tutte le voci,TOTALE,TOTALE,1705
017197,Vestone,2019,titolo_di_godimento,abitazioni occupate al 31 dicembre,affitto,totale,tutte le voci,tutte le voci,TOTALE,TOTALE,318
017197,Vestone,2019,titolo_di_godimento,abitazioni occupate al 31 dicembre,"altro titolo diverso da proprietà, affitto",totale,tutte le voci,tutte le voci,TOTALE,TOTALE,199
017197,Vestone,2019,titolo_di_godimento,abitazioni occupate al 31 dicembre,proprietà,totale,tutte le voci,tutte le voci,TOTALE,TOTALE,1193
017197,Vestone,2019,titolo_di_godimento,abitazioni occupate al 31 dicembre,tutte le voci,totale,tutte le voci,tutte le voci,TOTALE,TOTALE,1711
017197,Vestone,2021,titolo_di_godimento,abitazioni occupate al 31 dicembre,tutte le voci,totale,tutte le voci,tutte le voci,TOTALE,TOTALE,1705
017197,Vestone,2023,titolo_di_godimento,abitazioni occupate al 31 dicembre,tutte le voci,totale,tutte le voci,tutte le voci,TOTALE,TOTALE,1705
017198,Vezza d'Oglio,2019,occupate_e_non_occupate,abitazioni al 31 dicembre,tutte le voci,totale,tutte le voci,tutte le voci,TOTALE,TOTALE,3521
017198,Vezza d'Oglio,2019,occupate_e_non_occupate,abitazioni non occupate al 31 dicembre,tutte le voci,totale,tutte le voci,tutte le voci,TOTALE,TOTALE,2880
017198,Vezza d'Oglio,2019,occupate_e_non_occupate,abitazioni occupate al 31 dicembre,tutte le voci,totale,tutte le voci,tutte le voci,TOTALE,TOTALE,641
017198,Vezza d'Oglio,2021,occupate_e_non_occupate,abitazioni al 31 dicembre,tutte le voci,totale,tutte le voci,tutte le voci,TOTALE,TOTALE,3535
017198,Vezza d'Oglio,2021,occupate_e_non_occupate,abitazioni non occupate al 31 dicembre,tutte le voci,totale,tutte le voci,tutte le voci,TOTALE,TOTALE,2872
017198,Vezza d'Oglio,2021,occupate_e_non_occupate,abitazioni occupate al 31 dicembre,tutte le voci,totale,tutte le voci,tutte le voci,TOTALE,TOTALE,663
017198,Vezza d'Oglio,2023,occupate_e_non_occupate,abitazioni al 31 dicembre,tutte le voci,totale,tutte le voci,tutte le voci,TOTALE,TOTALE,3630
017198,Vezza d'Oglio,2023,occupate_e_non_occupate,abitazioni non occupate al 31 dicembre,tutte le voci,totale,tutte le voci,tutte le voci,TOTALE,TOTALE,2961
017198,Vezza d'Oglio,2023,occupate_e_non_occupate,abitazioni occupate al 31 dicembre,tutte le voci,totale,tutte le voci,tutte le voci,TOTALE,TOTALE,669
017198,Vezza d'Oglio,2019,titolo_di_godimento,abitazioni occupate al 31 dicembre,affitto,totale,tutte le voci,tutte le voci,TOTALE,TOTALE,42
017198,Vezza d'Oglio,2019,titolo_di_godimento,abitazioni occupate al 31 dicembre,"altro titolo diverso da proprietà, affitto",totale,tutte le voci,tutte le voci,TOTALE,TOTALE,86
017198,Vezza d'Oglio,2019,titolo_di_godimento,abitazioni occupate al 31 dicembre,proprietà,totale,tutte le voci,tutte le voci,TOTALE,TOTALE,513
017198,Vezza d'Oglio,2019,titolo_di_godimento,abitazioni occupate al 31 dicembre,tutte le voci,totale,tutte le voci,tutte le voci,TOTALE,TOTALE,641
017198,Vezza d'Oglio,2021,titolo_di_godimento,abitazioni occupate al 31 dicembre,tutte le voci,totale,tutte le voci,tutte le voci,TOTALE,TOTALE,663
017198,Vezza d'Oglio,2023,titolo_di_godimento,abitazioni occupate al 31 dicembre,tutte le voci,totale,tutte le voci,tutte le voci,TOTALE,TOTALE,669
017199,Villa Carcina,2019,occupate_e_non_occupate,abitazioni al 31 dicembre,tutte le voci,totale,tutte le voci,tutte le voci,TOTALE,TOTALE,5357
017199,Villa Carcina,2019,occupate_e_non_occupate,abitazioni non occupate al 31 dicembre,tutte le voci,totale,tutte le voci,tutte le voci,TOTALE,TOTALE,934
017199,Villa Carcina,2019,occupate_e_non_occupate,abitazioni occupate al 31 dicembre,tutte le voci,totale,tutte le voci,tutte le voci,TOTALE,TOTALE,4423
017199,Villa Carcina,2021,occupate_e_non_occupate,abitazioni al 31 dicembre,tutte le voci,totale,tutte le voci,tutte le voci,TOTALE,TOTALE,5355
017199,Villa Carcina,2021,occupate_e_non_occupate,abitazioni non occupate al 31 dicembre,tutte le voci,totale,tutte le voci,tutte le voci,TOTALE,TOTALE,836
017199,Villa Carcina,2021,occupate_e_non_occupate,abitazioni occupate al 31 dicembre,tutte le voci,totale,tutte le voci,tutte le voci,TOTALE,TOTALE,4519
017199,Villa Carcina,2023,occupate_e_non_occupate,abitazioni al 31 dicembre,tutte le voci,totale,tutte le voci,tutte le voci,TOTALE,TOTALE,5378
017199,Villa Carcina,2023,occupate_e_non_occupate,abitazioni non occupate al 31 dicembre,tutte le voci,totale,tutte le voci,tutte le voci,TOTALE,TOTALE,822
017199,Villa Carcina,2023,occupate_e_non_occupate,abitazioni occupate al 31 dicembre,tutte le voci,totale,tutte le voci,tutte le voci,TOTALE,TOTALE,4556
017199,Villa Carcina,2019,titolo_di_godimento,abitazioni occupate al 31 dicembre,affitto,totale,tutte le voci,tutte le voci,TOTALE,TOTALE,774
017199,Villa Carcina,2019,titolo_di_godimento,abitazioni occupate al 31 dicembre,"altro titolo diverso da proprietà, affitto",totale,tutte le voci,tutte le voci,TOTALE,TOTALE,251
017199,Villa Carcina,2019,titolo_di_godimento,abitazioni occupate al 31 dicembre,proprietà,totale,tutte le voci,tutte le voci,TOTALE,TOTALE,3398
017199,Villa Carcina,2019,titolo_di_godimento,abitazioni occupate al 31 dicembre,tutte le voci,totale,tutte le voci,tutte le voci,TOTALE,TOTALE,4423
017199,Villa Carcina,2021,titolo_di_godimento,abitazioni occupate al 31 dicembre,tutte le voci,totale,tutte le voci,tutte le voci,TOTALE,TOTALE,4519
017199,Villa Carcina,2023,titolo_di_godimento,abitazioni occupate al 31 dicembre,tutte le voci,totale,tutte le voci,tutte le voci,TOTALE,TOTALE,4556
017200,Villachiara,2019,occupate_e_non_occupate,abitazioni al 31 dicembre,tutte le voci,totale,tutte le voci,tutte le voci,TOTALE,TOTALE,681
017200,Villachiara,2019,occupate_e_non_occupate,abitazioni non occupate al 31 dicembre,tutte le voci,totale,tutte le voci,tutte le voci,TOTALE,TOTALE,131
017200,Villachiara,2019,occupate_e_non_occupate,abitazioni occupate al 31 dicembre,tutte le voci,totale,tutte le voci,tutte le voci,TOTALE,TOTALE,550
017200,Villachiara,2021,occupate_e_non_occupate,abitazioni al 31 dicembre,tutte le voci,totale,tutte le voci,tutte le voci,TOTALE,TOTALE,684
017200,Villachiara,2021,occupate_e_non_occupate,abitazioni non occupate al 31 dicembre,tutte le voci,totale,tutte le voci,tutte le voci,TOTALE,TOTALE,139
017200,Villachiara,2021,occupate_e_non_occupate,abitazioni occupate al 31 dicembre,tutte le voci,totale,tutte le voci,tutte le voci,TOTALE,TOTALE,545
017200,Villachiara,2023,occupate_e_non_occupate,abitazioni al 31 dicembre,tutte le voci,totale,tutte le voci,tutte le voci,TOTALE,TOTALE,689
017200,Villachiara,2023,occupate_e_non_occupate,abitazioni non occupate al 31 dicembre,tutte le voci,totale,tutte le voci,tutte le voci,TOTALE,TOTALE,139
017200,Villachiara,2023,occupate_e_non_occupate,abitazioni occupate al 31 dicembre,tutte le voci,totale,tutte le voci,tutte le voci,TOTALE,TOTALE,550
017200,Villachiara,2019,titolo_di_godimento,abitazioni occupate al 31 dicembre,affitto,totale,tutte le voci,tutte le voci,TOTALE,TOTALE,127
017200,Villachiara,2019,titolo_di_godimento,abitazioni occupate al 31 dicembre,"altro titolo diverso da proprietà, affitto",totale,tutte le voci,tutte le voci,TOTALE,TOTALE,69
017200,Villachiara,2019,titolo_di_godimento,abitazioni occupate al 31 dicembre,proprietà,totale,tutte le voci,tutte le voci,TOTALE,TOTALE,354
017200,Villachiara,2019,titolo_di_godimento,abitazioni occupate al 31 dicembre,tutte le voci,totale,tutte le voci,tutte le voci,TOTALE,TOTALE,550
017200,Villachiara,2021,titolo_di_godimento,abitazioni occupate al 31 dicembre,tutte le voci,totale,tutte le voci,tutte le voci,TOTALE,TOTALE,545
017200,Villachiara,2023,titolo_di_godimento,abitazioni occupate al 31 dicembre,tutte le voci,totale,tutte le voci,tutte le voci,TOTALE,TOTALE,550
017201,Villanuova sul Clisi,2019,occupate_e_non_occupate,abitazioni al 31 dicembre,tutte le voci,totale,tutte le voci,tutte le voci,TOTALE,TOTALE,3152
017201,Villanuova sul Clisi,2019,occupate_e_non_occupate,abitazioni non occupate al 31 dicembre,tutte le voci,totale,tutte le voci,tutte le voci,TOTALE,TOTALE,642
017201,Villanuova sul Clisi,2019,occupate_e_non_occupate,abitazioni occupate al 31 dicembre,tutte le voci,totale,tutte le voci,tutte le voci,TOTALE,TOTALE,2510
017201,Villanuova sul Clisi,2021,occupate_e_non_occupate,abitazioni al 31 dicembre,tutte le voci,totale,tutte le voci,tutte le voci,TOTALE,TOTALE,3159
017201,Villanuova sul Clisi,2021,occupate_e_non_occupate,abitazioni non occupate al 31 dicembre,tutte le voci,totale,tutte le voci,tutte le voci,TOTALE,TOTALE,620
017201,Villanuova sul Clisi,2021,occupate_e_non_occupate,abitazioni occupate al 31 dicembre,tutte le voci,totale,tutte le voci,tutte le voci,TOTALE,TOTALE,2539
017201,Villanuova sul Clisi,2023,occupate_e_non_occupate,abitazioni al 31 dicembre,tutte le voci,totale,tutte le voci,tutte le voci,TOTALE,TOTALE,3185
017201,Villanuova sul Clisi,2023,occupate_e_non_occupate,abitazioni non occupate al 31 dicembre,tutte le voci,totale,tutte le voci,tutte le voci,TOTALE,TOTALE,613
017201,Villanuova sul Clisi,2023,occupate_e_non_occupate,abitazioni occupate al 31 dicembre,tutte le voci,totale,tutte le voci,tutte le voci,TOTALE,TOTALE,2572
017201,Villanuova sul Clisi,2019,titolo_di_godimento,abitazioni occupate al 31 dicembre,affitto,totale,tutte le voci,tutte le voci,TOTALE,TOTALE,455
017201,Villanuova sul Clisi,2019,titolo_di_godimento,abitazioni occupate al 31 dicembre,"altro titolo diverso da proprietà, affitto",totale,tutte le voci,tutte le voci,TOTALE,TOTALE,160
017201,Villanuova sul Clisi,2019,titolo_di_godimento,abitazioni occupate al 31 dicembre,proprietà,totale,tutte le voci,tutte le voci,TOTALE,TOTALE,1895
017201,Villanuova sul Clisi,2019,titolo_di_godimento,abitazioni occupate al 31 dicembre,tutte le voci,totale,tutte le voci,tutte le voci,TOTALE,TOTALE,2510
017201,Villanuova sul Clisi,2021,titolo_di_godimento,abitazioni occupate al 31 dicembre,tutte le voci,totale,tutte le voci,tutte le voci,TOTALE,TOTALE,2539
017201,Villanuova sul Clisi,2023,titolo_di_godimento,abitazioni occupate al 31 dicembre,tutte le voci,totale,tutte le voci,tutte le voci,TOTALE,TOTALE,2572
017202,Vione,2019,occupate_e_non_occupate,abitazioni al 31 dicembre,tutte le voci,totale,tutte le voci,tutte le voci,TOTALE,TOTALE,2013
017202,Vione,2019,occupate_e_non_occupate,abitazioni non occupate al 31 dicembre,tutte le voci,totale,tutte le voci,tutte le voci,TOTALE,TOTALE,1678
017202,Vione,2019,occupate_e_non_occupate,abitazioni occupate al 31 dicembre,tutte le voci,totale,tutte le voci,tutte le voci,TOTALE,TOTALE,335
017202,Vione,2021,occupate_e_non_occupate,abitazioni al 31 dicembre,tutte le voci,totale,tutte le voci,tutte le voci,TOTALE,TOTALE,2019
017202,Vione,2021,occupate_e_non_occupate,abitazioni non occupate al 31 dicembre,tutte le voci,totale,tutte le voci,tutte le voci,TOTALE,TOTALE,1701
017202,Vione,2021,occupate_e_non_occupate,abitazioni occupate al 31 dicembre,tutte le voci,totale,tutte le voci,tutte le voci,TOTALE,TOTALE,318
017202,Vione,2023,occupate_e_non_occupate,abitazioni al 31 dicembre,tutte le voci,totale,tutte le voci,tutte le voci,TOTALE,TOTALE,2048
017202,Vione,2023,occupate_e_non_occupate,abitazioni non occupate al 31 dicembre,tutte le voci,totale,tutte le voci,tutte le voci,TOTALE,TOTALE,1722
017202,Vione,2023,occupate_e_non_occupate,abitazioni occupate al 31 dicembre,tutte le voci,totale,tutte le voci,tutte le voci,TOTALE,TOTALE,326
017202,Vione,2019,titolo_di_godimento,abitazioni occupate al 31 dicembre,affitto,totale,tutte le voci,tutte le voci,TOTALE,TOTALE,25
017202,Vione,2019,titolo_di_godimento,abitazioni occupate al 31 dicembre,"altro titolo diverso da proprietà, affitto",totale,tutte le voci,tutte le voci,TOTALE,TOTALE,24
017202,Vione,2019,titolo_di_godimento,abitazioni occupate al 31 dicembre,proprietà,totale,tutte le voci,tutte le voci,TOTALE,TOTALE,286
017202,Vione,2019,titolo_di_godimento,abitazioni occupate al 31 dicembre,tutte le voci,totale,tutte le voci,tutte le voci,TOTALE,TOTALE,335
017202,Vione,2021,titolo_di_godimento,abitazioni occupate al 31 dicembre,tutte le voci,totale,tutte le voci,tutte le voci,TOTALE,TOTALE,318
017202,Vione,2023,titolo_di_godimento,abitazioni occupate al 31 dicembre,tutte le voci,totale,tutte le voci,tutte le voci,TOTALE,TOTALE,326
017203,Visano,2019,occupate_e_non_occupate,abitazioni al 31 dicembre,tutte le voci,totale,tutte le voci,tutte le voci,TOTALE,TOTALE,881
017203,Visano,2019,occupate_e_non_occupate,abitazioni non occupate al 31 dicembre,tutte le voci,totale,tutte le voci,tutte le voci,TOTALE,TOTALE,168
017203,Visano,2019,occupate_e_non_occupate,abitazioni occupate al 31 dicembre,tutte le voci,totale,tutte le voci,tutte le voci,TOTALE,TOTALE,713
017203,Visano,2021,occupate_e_non_occupate,abitazioni al 31 dicembre,tutte le voci,totale,tutte le voci,tutte le voci,TOTALE,TOTALE,888
017203,Visano,2021,occupate_e_non_occupate,abitazioni non occupate al 31 dicembre,tutte le voci,totale,tutte le voci,tutte le voci,TOTALE,TOTALE,146
017203,Visano,2021,occupate_e_non_occupate,abitazioni occupate al 31 dicembre,tutte le voci,totale,tutte le voci,tutte le voci,TOTALE,TOTALE,742
017203,Visano,2023,occupate_e_non_occupate,abitazioni al 31 dicembre,tutte le voci,totale,tutte le voci,tutte le voci,TOTALE,TOTALE,889
017203,Visano,2023,occupate_e_non_occupate,abitazioni non occupate al 31 dicembre,tutte le voci,totale,tutte le voci,tutte le voci,TOTALE,TOTALE,146
017203,Visano,2023,occupate_e_non_occupate,abitazioni occupate al 31 dicembre,tutte le voci,totale,tutte le voci,tutte le voci,TOTALE,TOTALE,743
017203,Visano,2019,titolo_di_godimento,abitazioni occupate al 31 dicembre,affitto,totale,tutte le voci,tutte le voci,TOTALE,TOTALE,79
017203,Visano,2019,titolo_di_godimento,abitazioni occupate al 31 dicembre,"altro titolo diverso da proprietà, affitto",totale,tutte le voci,tutte le voci,TOTALE,TOTALE,57
017203,Visano,2019,titolo_di_godimento,abitazioni occupate al 31 dicembre,proprietà,totale,tutte le voci,tutte le voci,TOTALE,TOTALE,577
017203,Visano,2019,titolo_di_godimento,abitazioni occupate al 31 dicembre,tutte le voci,totale,tutte le voci,tutte le voci,TOTALE,TOTALE,713
017203,Visano,2021,titolo_di_godimento,abitazioni occupate al 31 dicembre,tutte le voci,totale,tutte le voci,tutte le voci,TOTALE,TOTALE,742
017203,Visano,2023,titolo_di_godimento,abitazioni occupate al 31 dicembre,tutte le voci,totale,tutte le voci,tutte le voci,TOTALE,TOTALE,743
017204,Vobarno,2019,occupate_e_non_occupate,abitazioni al 31 dicembre,tutte le voci,totale,tutte le voci,tutte le voci,TOTALE,TOTALE,4680
017204,Vobarno,2019,occupate_e_non_occupate,abitazioni non occupate al 31 dicembre,tutte le voci,totale,tutte le voci,tutte le voci,TOTALE,TOTALE,1182
017204,Vobarno,2019,occupate_e_non_occupate,abitazioni occupate al 31 dicembre,tutte le voci,totale,tutte le voci,tutte le voci,TOTALE,TOTALE,3498
017204,Vobarno,2021,occupate_e_non_occupate,abitazioni al 31 dicembre,tutte le voci,totale,tutte le voci,tutte le voci,TOTALE,TOTALE,4685
017204,Vobarno,2021,occupate_e_non_occupate,abitazioni non occupate al 31 dicembre,tutte le voci,totale,tutte le voci,tutte le voci,TOTALE,TOTALE,1144
017204,Vobarno,2021,occupate_e_non_occupate,abitazioni occupate al 31 dicembre,tutte le voci,totale,tutte le voci,tutte le voci,TOTALE,TOTALE,3541
017204,Vobarno,2023,occupate_e_non_occupate,abitazioni al 31 dicembre,tutte le voci,totale,tutte le voci,tutte le voci,TOTALE,TOTALE,4694
017204,Vobarno,2023,occupate_e_non_occupate,abitazioni non occupate al 31 dicembre,tutte le voci,totale,tutte le voci,tutte le voci,TOTALE,TOTALE,1127
017204,Vobarno,2023,occupate_e_non_occupate,abitazioni occupate al 31 dicembre,tutte le voci,totale,tutte le voci,tutte le voci,TOTALE,TOTALE,3567
017204,Vobarno,2019,titolo_di_godimento,abitazioni occupate al 31 dicembre,affitto,totale,tutte le voci,tutte le voci,TOTALE,TOTALE,831
017204,Vobarno,2019,titolo_di_godimento,abitazioni occupate al 31 dicembre,"altro titolo diverso da proprietà, affitto",totale,tutte le voci,tutte le voci,TOTALE,TOTALE,398
017204,Vobarno,2019,titolo_di_godimento,abitazioni occupate al 31 dicembre,proprietà,totale,tutte le voci,tutte le voci,TOTALE,TOTALE,2269
017204,Vobarno,2019,titolo_di_godimento,abitazioni occupate al 31 dicembre,tutte le voci,totale,tutte le voci,tutte le voci,TOTALE,TOTALE,3498
017204,Vobarno,2021,titolo_di_godimento,abitazioni occupate al 31 dicembre,tutte le voci,totale,tutte le voci,tutte le voci,TOTALE,TOTALE,3541
017204,Vobarno,2023,titolo_di_godimento,abitazioni occupate al 31 dicembre,tutte le voci,totale,tutte le voci,tutte le voci,TOTALE,TOTALE,3567
017205,Zone,2019,occupate_e_non_occupate,abitazioni al 31 dicembre,tutte le voci,totale,tutte le voci,tutte le voci,TOTALE,TOTALE,1152
017205,Zone,2019,occupate_e_non_occupate,abitazioni non occupate al 31 dicembre,tutte le voci,totale,tutte le voci,tutte le voci,TOTALE,TOTALE,623
017205,Zone,2019,occupate_e_non_occupate,abitazioni occupate al 31 dicembre,tutte le voci,totale,tutte le voci,tutte le voci,TOTALE,TOTALE,529
017205,Zone,2021,occupate_e_non_occupate,abitazioni al 31 dicembre,tutte le voci,totale,tutte le voci,tutte le voci,TOTALE,TOTALE,1154
017205,Zone,2021,occupate_e_non_occupate,abitazioni non occupate al 31 dicembre,tutte le voci,totale,tutte le voci,tutte le voci,TOTALE,TOTALE,615
017205,Zone,2021,occupate_e_non_occupate,abitazioni occupate al 31 dicembre,tutte le voci,totale,tutte le voci,tutte le voci,TOTALE,TOTALE,539
017205,Zone,2023,occupate_e_non_occupate,abitazioni al 31 dicembre,tutte le voci,totale,tutte le voci,tutte le voci,TOTALE,TOTALE,1160
017205,Zone,2023,occupate_e_non_occupate,abitazioni non occupate al 31 dicembre,tutte le voci,totale,tutte le voci,tutte le voci,TOTALE,TOTALE,617
017205,Zone,2023,occupate_e_non_occupate,abitazioni occupate al 31 dicembre,tutte le voci,totale,tutte le voci,tutte le voci,TOTALE,TOTALE,543
017205,Zone,2019,titolo_di_godimento,abitazioni occupate al 31 dicembre,affitto,totale,tutte le voci,tutte le voci,TOTALE,TOTALE,39
017205,Zone,2019,titolo_di_godimento,abitazioni occupate al 31 dicembre,"altro titolo diverso da proprietà, affitto",totale,tutte le voci,tutte le voci,TOTALE,TOTALE,36
017205,Zone,2019,titolo_di_godimento,abitazioni occupate al 31 dicembre,proprietà,totale,tutte le voci,tutte le voci,TOTALE,TOTALE,454
017205,Zone,2019,titolo_di_godimento,abitazioni occupate al 31 dicembre,tutte le voci,totale,tutte le voci,tutte le voci,TOTALE,TOTALE,529
017205,Zone,2021,titolo_di_godimento,abitazioni occupate al 31 dicembre,tutte le voci,totale,tutte le voci,tutte le voci,TOTALE,TOTALE,539
017205,Zone,2023,titolo_di_godimento,abitazioni occupate al 31 dicembre,tutte le voci,totale,tutte le voci,tutte le voci,TOTALE,TOTALE,543
017206,Piancogno,2019,occupate_e_non_occupate,abitazioni al 31 dicembre,tutte le voci,totale,tutte le voci,tutte le voci,TOTALE,TOTALE,2711
017206,Piancogno,2019,occupate_e_non_occupate,abitazioni non occupate al 31 dicembre,tutte le voci,totale,tutte le voci,tutte le voci,TOTALE,TOTALE,744
017206,Piancogno,2019,occupate_e_non_occupate,abitazioni occupate al 31 dicembre,tutte le voci,totale,tutte le voci,tutte le voci,TOTALE,TOTALE,1967
017206,Piancogno,2021,occupate_e_non_occupate,abitazioni al 31 dicembre,tutte le voci,totale,tutte le voci,tutte le voci,TOTALE,TOTALE,2724
017206,Piancogno,2021,occupate_e_non_occupate,abitazioni non occupate al 31 dicembre,tutte le voci,totale,tutte le voci,tutte le voci,TOTALE,TOTALE,729
017206,Piancogno,2021,occupate_e_non_occupate,abitazioni occupate al 31 dicembre,tutte le voci,totale,tutte le voci,tutte le voci,TOTALE,TOTALE,1995
017206,Piancogno,2023,occupate_e_non_occupate,abitazioni al 31 dicembre,tutte le voci,totale,tutte le voci,tutte le voci,TOTALE,TOTALE,2741
017206,Piancogno,2023,occupate_e_non_occupate,abitazioni non occupate al 31 dicembre,tutte le voci,totale,tutte le voci,tutte le voci,TOTALE,TOTALE,714
017206,Piancogno,2023,occupate_e_non_occupate,abitazioni occupate al 31 dicembre,tutte le voci,totale,tutte le voci,tutte le voci,TOTALE,TOTALE,2027
017206,Piancogno,2019,titolo_di_godimento,abitazioni occupate al 31 dicembre,affitto,totale,tutte le voci,tutte le voci,TOTALE,TOTALE,374
017206,Piancogno,2019,titolo_di_godimento,abitazioni occupate al 31 dicembre,"altro titolo diverso da proprietà, affitto",totale,tutte le voci,tutte le voci,TOTALE,TOTALE,126
017206,Piancogno,2019,titolo_di_godimento,abitazioni occupate al 31 dicembre,proprietà,totale,tutte le voci,tutte le voci,TOTALE,TOTALE,1467
017206,Piancogno,2019,titolo_di_godimento,abitazioni occupate al 31 dicembre,tutte le voci,totale,tutte le voci,tutte le voci,TOTALE,TOTALE,1967
017206,Piancogno,2021,titolo_di_godimento,abitazioni occupate al 31 dicembre,tutte le voci,totale,tutte le voci,tutte le voci,TOTALE,TOTALE,1995
017206,Piancogno,2023,titolo_di_godimento,abitazioni occupate al 31 dicembre,tutte le voci,totale,tutte le voci,tutte le voci,TOTALE,TOTALE,2027
