codice_istat,comune,anno,indicatore,valore
017001,Acquafredda,2021,italiani,1336
017001,Acquafredda,2021,italiani_acquisiti,27
017001,Acquafredda,2021,italiani_acquisiti_nati_all_estero,21
017001,Acquafredda,2021,italiani_acquisiti_nati_in_italia,6
017001,Acquafredda,2021,italiani_acquisiti_nati_in_italia_minorenni,3
017001,Acquafredda,2021,italiani_dalla_nascita,1309
017001,Acquafredda,2021,italiani_dalla_nascita_nati_all_estero,10
017001,Acquafredda,2021,italiani_dalla_nascita_nati_in_italia,1299
017001,Acquafredda,2021,popolazione_residente,1518
017001,Acquafredda,2021,stranieri,182
017001,Acquafredda,2021,stranieri_nati_all_estero,131
017001,Acquafredda,2021,stranieri_nati_in_italia,51
017001,Acquafredda,2021,stranieri_nati_in_italia_minorenni,45
017001,Acquafredda,2022,italiani,1328
017001,Acquafredda,2022,italiani_acquisiti,38
017001,Acquafredda,2022,italiani_acquisiti_nati_all_estero,26
017001,Acquafredda,2022,italiani_acquisiti_nati_in_italia,12
017001,Acquafredda,2022,italiani_acquisiti_nati_in_italia_minorenni,8
017001,Acquafredda,2022,italiani_dalla_nascita,1290
017001,Acquafredda,2022,italiani_dalla_nascita_nati_all_estero,14
017001,Acquafredda,2022,italiani_dalla_nascita_nati_in_italia,1276
017001,Acquafredda,2022,popolazione_residente,1525
017001,Acquafredda,2022,stranieri,197
017001,Acquafredda,2022,stranieri_nati_all_estero,145
017001,Acquafredda,2022,stranieri_nati_in_italia,52
017001,Acquafredda,2022,stranieri_nati_in_italia_minorenni,45
017001,Acquafredda,2023,italiani,1347
017001,Acquafredda,2023,italiani_acquisiti,44
017001,Acquafredda,2023,italiani_acquisiti_nati_all_estero,26
017001,Acquafredda,2023,italiani_acquisiti_nati_in_italia,18
017001,Acquafredda,2023,italiani_acquisiti_nati_in_italia_minorenni,13
017001,Acquafredda,2023,italiani_dalla_nascita,1303
017001,Acquafredda,2023,italiani_dalla_nascita_nati_all_estero,12
017001,Acquafredda,2023,italiani_dalla_nascita_nati_in_italia,1291
017001,Acquafredda,2023,popolazione_residente,1550
017001,Acquafredda,2023,stranieri,203
017001,Acquafredda,2023,stranieri_nati_all_estero,152
017001,Acquafredda,2023,stranieri_nati_in_italia,51
017001,Acquafredda,2023,stranieri_nati_in_italia_minorenni,43
017002,Adro,2021,italiani,6730
017002,Adro,2021,italiani_acquisiti,241
017002,Adro,2021,italiani_acquisiti_nati_all_estero,164
017002,Adro,2021,italiani_acquisiti_nati_in_italia,77
017002,Adro,2021,italiani_acquisiti_nati_in_italia_minorenni,48
017002,Adro,2021,italiani_dalla_nascita,6489
017002,Adro,2021,italiani_dalla_nascita_nati_all_estero,48
017002,Adro,2021,italiani_dalla_nascita_nati_in_italia,6441
017002,Adro,2021,popolazione_residente,7171
017002,Adro,2021,stranieri,441
017002,Adro,2021,stranieri_nati_all_estero,364
017002,Adro,2021,stranieri_nati_in_italia,77
017002,Adro,2021,stranieri_nati_in_italia_minorenni,74
017002,Adro,2022,italiani,6743
017002,Adro,2022,italiani_acquisiti,266
017002,Adro,2022,italiani_acquisiti_nati_all_estero,172
017002,Adro,2022,italiani_acquisiti_nati_in_italia,94
017002,Adro,2022,italiani_acquisiti_nati_in_italia_minorenni,58
017002,Adro,2022,italiani_dalla_nascita,6477
017002,Adro,2022,italiani_dalla_nascita_nati_all_estero,51
017002,Adro,2022,italiani_dalla_nascita_nati_in_italia,6426
017002,Adro,2022,popolazione_residente,7151
017002,Adro,2022,stranieri,408
017002,Adro,2022,stranieri_nati_all_estero,343
017002,Adro,2022,stranieri_nati_in_italia,65
017002,Adro,2022,stranieri_nati_in_italia_minorenni,63
017002,Adro,2023,italiani,6742
017002,Adro,2023,italiani_acquisiti,274
017002,Adro,2023,italiani_acquisiti_nati_all_estero,180
017002,Adro,2023,italiani_acquisiti_nati_in_italia,94
017002,Adro,2023,italiani_acquisiti_nati_in_italia_minorenni,54
017002,Adro,2023,italiani_dalla_nascita,6468
017002,Adro,2023,italiani_dalla_nascita_nati_all_estero,51
017002,Adro,2023,italiani_dalla_nascita_nati_in_italia,6417
017002,Adro,2023,popolazione_residente,7151
017002,Adro,2023,stranieri,409
017002,Adro,2023,stranieri_nati_all_estero,346
017002,Adro,2023,stranieri_nati_in_italia,63
017002,Adro,2023,stranieri_nati_in_italia_minorenni,62
017003,Agnosine,2021,italiani,1544
017003,Agnosine,2021,italiani_acquisiti,41
017003,Agnosine,2021,italiani_acquisiti_nati_all_estero,29
017003,Agnosine,2021,italiani_acquisiti_nati_in_italia,12
017003,Agnosine,2021,italiani_acquisiti_nati_in_italia_minorenni,10
017003,Agnosine,2021,italiani_dalla_nascita,1503
017003,Agnosine,2021,italiani_dalla_nascita_nati_all_estero,7
017003,Agnosine,2021,italiani_dalla_nascita_nati_in_italia,1496
017003,Agnosine,2021,popolazione_residente,1622
017003,Agnosine,2021,stranieri,78
017003,Agnosine,2021,stranieri_nati_all_estero,62
017003,Agnosine,2021,stranieri_nati_in_italia,16
017003,Agnosine,2021,stranieri_nati_in_italia_minorenni,15
017003,Agnosine,2022,italiani,1547
017003,Agnosine,2022,italiani_acquisiti,48
017003,Agnosine,2022,italiani_acquisiti_nati_all_estero,34
017003,Agnosine,2022,italiani_acquisiti_nati_in_italia,14
017003,Agnosine,2022,italiani_acquisiti_nati_in_italia_minorenni,11
017003,Agnosine,2022,italiani_dalla_nascita,1499
017003,Agnosine,2022,italiani_dalla_nascita_nati_all_estero,9
017003,Agnosine,2022,italiani_dalla_nascita_nati_in_italia,1490
017003,Agnosine,2022,popolazione_residente,1654
017003,Agnosine,2022,stranieri,107
017003,Agnosine,2022,stranieri_nati_all_estero,84
017003,Agnosine,2022,stranieri_nati_in_italia,23
017003,Agnosine,2022,stranieri_nati_in_italia_minorenni,22
017003,Agnosine,2023,italiani,1529
017003,Agnosine,2023,italiani_acquisiti,54
017003,Agnosine,2023,italiani_acquisiti_nati_all_estero,39
017003,Agnosine,2023,italiani_acquisiti_nati_in_italia,15
017003,Agnosine,2023,italiani_acquisiti_nati_in_italia_minorenni,10
017003,Agnosine,2023,italiani_dalla_nascita,1475
017003,Agnosine,2023,italiani_dalla_nascita_nati_all_estero,9
017003,Agnosine,2023,italiani_dalla_nascita_nati_in_italia,1466
017003,Agnosine,2023,popolazione_residente,1638
017003,Agnosine,2023,stranieri,109
017003,Agnosine,2023,stranieri_nati_all_estero,85
017003,Agnosine,2023,stranieri_nati_in_italia,24
017003,Agnosine,2023,stranieri_nati_in_italia_minorenni,23
017004,Alfianello,2021,italiani,2117
017004,Alfianello,2021,italiani_acquisiti,108
017004,Alfianello,2021,italiani_acquisiti_nati_all_estero,63
017004,Alfianello,2021,italiani_acquisiti_nati_in_italia,45
017004,Alfianello,2021,italiani_acquisiti_nati_in_italia_minorenni,35
017004,Alfianello,2021,italiani_dalla_nascita,2009
017004,Alfianello,2021,italiani_dalla_nascita_nati_all_estero,7
017004,Alfianello,2021,italiani_dalla_nascita_nati_in_italia,2002
017004,Alfianello,2021,popolazione_residente,2372
017004,Alfianello,2021,stranieri,255
017004,Alfianello,2021,stranieri_nati_all_estero,211
017004,Alfianello,2021,stranieri_nati_in_italia,44
017004,Alfianello,2021,stranieri_nati_in_italia_minorenni,43
017004,Alfianello,2022,italiani,2085
017004,Alfianello,2022,italiani_acquisiti,111
017004,Alfianello,2022,italiani_acquisiti_nati_all_estero,64
017004,Alfianello,2022,italiani_acquisiti_nati_in_italia,47
017004,Alfianello,2022,italiani_acquisiti_nati_in_italia_minorenni,34
017004,Alfianello,2022,italiani_dalla_nascita,1974
017004,Alfianello,2022,italiani_dalla_nascita_nati_all_estero,9
017004,Alfianello,2022,italiani_dalla_nascita_nati_in_italia,1965
017004,Alfianello,2022,popolazione_residente,2331
017004,Alfianello,2022,stranieri,246
017004,Alfianello,2022,stranieri_nati_all_estero,204
017004,Alfianello,2022,stranieri_nati_in_italia,42
017004,Alfianello,2022,stranieri_nati_in_italia_minorenni,40
017004,Alfianello,2023,italiani,2067
017004,Alfianello,2023,italiani_acquisiti,125
017004,Alfianello,2023,italiani_acquisiti_nati_all_estero,76
017004,Alfianello,2023,italiani_acquisiti_nati_in_italia,49
017004,Alfianello,2023,italiani_acquisiti_nati_in_italia_minorenni,37
017004,Alfianello,2023,italiani_dalla_nascita,1942
017004,Alfianello,2023,italiani_dalla_nascita_nati_all_estero,11
017004,Alfianello,2023,italiani_dalla_nascita_nati_in_italia,1931
017004,Alfianello,2023,popolazione_residente,2281
017004,Alfianello,2023,stranieri,214
017004,Alfianello,2023,stranieri_nati_all_estero,177
017004,Alfianello,2023,stranieri_nati_in_italia,37
017004,Alfianello,2023,stranieri_nati_in_italia_minorenni,36
017005,Anfo,2021,italiani,421
017005,Anfo,2021,italiani_acquisiti,34
017005,Anfo,2021,italiani_acquisiti_nati_all_estero,20
017005,Anfo,2021,italiani_acquisiti_nati_in_italia,14
017005,Anfo,2021,italiani_acquisiti_nati_in_italia_minorenni,14
017005,Anfo,2021,italiani_dalla_nascita,387
017005,Anfo,2021,italiani_dalla_nascita_nati_all_estero,2
017005,Anfo,2021,italiani_dalla_nascita_nati_in_italia,385
017005,Anfo,2021,popolazione_residente,450
017005,Anfo,2021,stranieri,29
017005,Anfo,2021,stranieri_nati_all_estero,22
017005,Anfo,2021,stranieri_nati_in_italia,7
017005,Anfo,2021,stranieri_nati_in_italia_minorenni,6
017005,Anfo,2022,italiani,420
017005,Anfo,2022,italiani_acquisiti,30
017005,Anfo,2022,italiani_acquisiti_nati_all_estero,18
017005,Anfo,2022,italiani_acquisiti_nati_in_italia,12
017005,Anfo,2022,italiani_acquisiti_nati_in_italia_minorenni,12
017005,Anfo,2022,italiani_dalla_nascita,390
017005,Anfo,2022,italiani_dalla_nascita_nati_all_estero,3
017005,Anfo,2022,italiani_dalla_nascita_nati_in_italia,387
017005,Anfo,2022,popolazione_residente,447
017005,Anfo,2022,stranieri,27
017005,Anfo,2022,stranieri_nati_all_estero,20
017005,Anfo,2022,stranieri_nati_in_italia,7
017005,Anfo,2022,stranieri_nati_in_italia_minorenni,5
017005,Anfo,2023,italiani,411
017005,Anfo,2023,italiani_acquisiti,19
017005,Anfo,2023,italiani_acquisiti_nati_all_estero,14
017005,Anfo,2023,italiani_acquisiti_nati_in_italia,5
017005,Anfo,2023,italiani_acquisiti_nati_in_italia_minorenni,5
017005,Anfo,2023,italiani_dalla_nascita,392
017005,Anfo,2023,italiani_dalla_nascita_nati_all_estero,2
017005,Anfo,2023,italiani_dalla_nascita_nati_in_italia,390
017005,Anfo,2023,popolazione_residente,438
017005,Anfo,2023,stranieri,27
017005,Anfo,2023,stranieri_nati_all_estero,20
017005,Anfo,2023,stranieri_nati_in_italia,7
017005,Anfo,2023,stranieri_nati_in_italia_minorenni,5
017006,Angolo Terme,2021,italiani,2204
017006,Angolo Terme,2021,italiani_acquisiti,19
017006,Angolo Terme,2021,italiani_acquisiti_nati_all_estero,19
017006,Angolo Terme,2021,italiani_dalla_nascita,2185
017006,Angolo Terme,2021,italiani_dalla_nascita_nati_all_estero,32
017006,Angolo Terme,2021,italiani_dalla_nascita_nati_in_italia,2153
017006,Angolo Terme,2021,popolazione_residente,2309
017006,Angolo Terme,2021,stranieri,105
017006,Angolo Terme,2021,stranieri_nati_all_estero,87
017006,Angolo Terme,2021,stranieri_nati_in_italia,18
017006,Angolo Terme,2021,stranieri_nati_in_italia_minorenni,17
017006,Angolo Terme,2022,italiani,2197
017006,Angolo Terme,2022,italiani_acquisiti,21
017006,Angolo Terme,2022,italiani_acquisiti_nati_all_estero,20
017006,Angolo Terme,2022,italiani_acquisiti_nati_in_italia,1
017006,Angolo Terme,2022,italiani_dalla_nascita,2176
017006,Angolo Terme,2022,italiani_dalla_nascita_nati_all_estero,33
017006,Angolo Terme,2022,italiani_dalla_nascita_nati_in_italia,2143
017006,Angolo Terme,2022,popolazione_residente,2306
017006,Angolo Terme,2022,stranieri,109
017006,Angolo Terme,2022,stranieri_nati_all_estero,91
017006,Angolo Terme,2022,stranieri_nati_in_italia,18
017006,Angolo Terme,2022,stranieri_nati_in_italia_minorenni,18
017006,Angolo Terme,2023,italiani,2171
017006,Angolo Terme,2023,italiani_acquisiti,21
017006,Angolo Terme,2023,italiani_acquisiti_nati_all_estero,20
017006,Angolo Terme,2023,italiani_acquisiti_nati_in_italia,1
017006,Angolo Terme,2023,italiani_dalla_nascita,2150
017006,Angolo Terme,2023,italiani_dalla_nascita_nati_all_estero,33
017006,Angolo Terme,2023,italiani_dalla_nascita_nati_in_italia,2117
017006,Angolo Terme,2023,popolazione_residente,2295
017006,Angolo Terme,2023,stranieri,124
017006,Angolo Terme,2023,stranieri_nati_all_estero,105
017006,Angolo Terme,2023,stranieri_nati_in_italia,19
017006,Angolo Terme,2023,stranieri_nati_in_italia_minorenni,19
017007,Artogne,2021,italiani,3275
017007,Artogne,2021,italiani_acquisiti,86
017007,Artogne,2021,italiani_acquisiti_nati_all_estero,61
017007,Artogne,2021,italiani_acquisiti_nati_in_italia,25
017007,Artogne,2021,italiani_acquisiti_nati_in_italia_minorenni,18
017007,Artogne,2021,italiani_dalla_nascita,3189
017007,Artogne,2021,italiani_dalla_nascita_nati_all_estero,55
017007,Artogne,2021,italiani_dalla_nascita_nati_in_italia,3134
017007,Artogne,2021,popolazione_residente,3567
017007,Artogne,2021,stranieri,292
017007,Artogne,2021,stranieri_nati_all_estero,233
017007,Artogne,2021,stranieri_nati_in_italia,59
017007,Artogne,2021,stranieri_nati_in_italia_minorenni,53
017007,Artogne,2022,italiani,3293
017007,Artogne,2022,italiani_acquisiti,110
017007,Artogne,2022,italiani_acquisiti_nati_all_estero,73
017007,Artogne,2022,italiani_acquisiti_nati_in_italia,37
017007,Artogne,2022,italiani_acquisiti_nati_in_italia_minorenni,26
017007,Artogne,2022,italiani_dalla_nascita,3183
017007,Artogne,2022,italiani_dalla_nascita_nati_all_estero,60
017007,Artogne,2022,italiani_dalla_nascita_nati_in_italia,3123
017007,Artogne,2022,popolazione_residente,3582
017007,Artogne,2022,stranieri,289
017007,Artogne,2022,stranieri_nati_all_estero,236
017007,Artogne,2022,stranieri_nati_in_italia,53
017007,Artogne,2022,stranieri_nati_in_italia_minorenni,49
017007,Artogne,2023,italiani,3301
017007,Artogne,2023,italiani_acquisiti,112
017007,Artogne,2023,italiani_acquisiti_nati_all_estero,74
017007,Artogne,2023,italiani_acquisiti_nati_in_italia,38
017007,Artogne,2023,italiani_acquisiti_nati_in_italia_minorenni,23
017007,Artogne,2023,italiani_dalla_nascita,3189
017007,Artogne,2023,italiani_dalla_nascita_nati_all_estero,63
017007,Artogne,2023,italiani_dalla_nascita_nati_in_italia,3126
017007,Artogne,2023,popolazione_residente,3621
017007,Artogne,2023,stranieri,320
017007,Artogne,2023,stranieri_nati_all_estero,264
017007,Artogne,2023,stranieri_nati_in_italia,56
017007,Artogne,2023,stranieri_nati_in_italia_minorenni,54
017008,Azzano Mella,2021,italiani,3061
017008,Azzano Mella,2021,italiani_acquisiti,150
017008,Azzano Mella,2021,italiani_acquisiti_nati_all_estero,103
017008,Azzano Mella,2021,italiani_acquisiti_nati_in_italia,47
017008,Azzano Mella,2021,italiani_acquisiti_nati_in_italia_minorenni,31
017008,Azzano Mella,2021,italiani_dalla_nascita,2911
017008,Azzano Mella,2021,italiani_dalla_nascita_nati_all_estero,38
017008,Azzano Mella,2021,italiani_dalla_nascita_nati_in_italia,2873
017008,Azzano Mella,2021,popolazione_residente,3398
017008,Azzano Mella,2021,stranieri,337
017008,Azzano Mella,2021,stranieri_nati_all_estero,274
017008,Azzano Mella,2021,stranieri_nati_in_italia,63
017008,Azzano Mella,2021,stranieri_nati_in_italia_minorenni,61
017008,Azzano Mella,2022,italiani,3091
017008,Azzano Mella,2022,italiani_acquisiti,174
017008,Azzano Mella,2022,italiani_acquisiti_nati_all_estero,117
017008,Azzano Mella,2022,italiani_acquisiti_nati_in_italia,57
017008,Azzano Mella,2022,italiani_acquisiti_nati_in_italia_minorenni,40
017008,Azzano Mella,2022,italiani_dalla_nascita,2917
017008,Azzano Mella,2022,italiani_dalla_nascita_nati_all_estero,36
017008,Azzano Mella,2022,italiani_dalla_nascita_nati_in_italia,2881
017008,Azzano Mella,2022,popolazione_residente,3418
017008,Azzano Mella,2022,stranieri,327
017008,Azzano Mella,2022,stranieri_nati_all_estero,270
017008,Azzano Mella,2022,stranieri_nati_in_italia,57
017008,Azzano Mella,2022,stranieri_nati_in_italia_minorenni,53
017008,Azzano Mella,2023,italiani,3115
017008,Azzano Mella,2023,italiani_acquisiti,196
017008,Azzano Mella,2023,italiani_acquisiti_nati_all_estero,132
017008,Azzano Mella,2023,italiani_acquisiti_nati_in_italia,64
017008,Azzano Mella,2023,italiani_acquisiti_nati_in_italia_minorenni,47
017008,Azzano Mella,2023,italiani_dalla_nascita,2919
017008,Azzano Mella,2023,italiani_dalla_nascita_nati_all_estero,37
017008,Azzano Mella,2023,italiani_dalla_nascita_nati_in_italia,2882
017008,Azzano Mella,2023,popolazione_residente,3498
017008,Azzano Mella,2023,stranieri,383
017008,Azzano Mella,2023,stranieri_nati_all_estero,329
017008,Azzano Mella,2023,stranieri_nati_in_italia,54
017008,Azzano Mella,2023,stranieri_nati_in_italia_minorenni,48
017009,Bagnolo Mella,2021,italiani,10830
017009,Bagnolo Mella,2021,italiani_acquisiti,709
017009,Bagnolo Mella,2021,italiani_acquisiti_nati_all_estero,444
017009,Bagnolo Mella,2021,italiani_acquisiti_nati_in_italia,265
017009,Bagnolo Mella,2021,italiani_acquisiti_nati_in_italia_minorenni,185
017009,Bagnolo Mella,2021,italiani_dalla_nascita,10121
017009,Bagnolo Mella,2021,italiani_dalla_nascita_nati_all_estero,102
017009,Bagnolo Mella,2021,italiani_dalla_nascita_nati_in_italia,10019
017009,Bagnolo Mella,2021,popolazione_residente,12494
017009,Bagnolo Mella,2021,stranieri,1664
017009,Bagnolo Mella,2021,stranieri_nati_all_estero,1312
017009,Bagnolo Mella,2021,stranieri_nati_in_italia,352
017009,Bagnolo Mella,2021,stranieri_nati_in_italia_minorenni,344
017009,Bagnolo Mella,2022,italiani,10833
017009,Bagnolo Mella,2022,italiani_acquisiti,800
017009,Bagnolo Mella,2022,italiani_acquisiti_nati_all_estero,500
017009,Bagnolo Mella,2022,italiani_acquisiti_nati_in_italia,300
017009,Bagnolo Mella,2022,italiani_acquisiti_nati_in_italia_minorenni,209
017009,Bagnolo Mella,2022,italiani_dalla_nascita,10033
017009,Bagnolo Mella,2022,italiani_dalla_nascita_nati_all_estero,106
017009,Bagnolo Mella,2022,italiani_dalla_nascita_nati_in_italia,9927
017009,Bagnolo Mella,2022,popolazione_residente,12487
017009,Bagnolo Mella,2022,stranieri,1654
017009,Bagnolo Mella,2022,stranieri_nati_all_estero,1309
017009,Bagnolo Mella,2022,stranieri_nati_in_italia,345
017009,Bagnolo Mella,2022,stranieri_nati_in_italia_minorenni,333
017009,Bagnolo Mella,2023,italiani,10819
017009,Bagnolo Mella,2023,italiani_acquisiti,901
017009,Bagnolo Mella,2023,italiani_acquisiti_nati_all_estero,559
017009,Bagnolo Mella,2023,italiani_acquisiti_nati_in_italia,342
017009,Bagnolo Mella,2023,italiani_acquisiti_nati_in_italia_minorenni,237
017009,Bagnolo Mella,2023,italiani_dalla_nascita,9918
017009,Bagnolo Mella,2023,italiani_dalla_nascita_nati_all_estero,102
017009,Bagnolo Mella,2023,italiani_dalla_nascita_nati_in_italia,9816
017009,Bagnolo Mella,2023,popolazione_residente,12437
017009,Bagnolo Mella,2023,stranieri,1618
017009,Bagnolo Mella,2023,stranieri_nati_all_estero,1281
017009,Bagnolo Mella,2023,stranieri_nati_in_italia,337
017009,Bagnolo Mella,2023,stranieri_nati_in_italia_minorenni,325
017010,Bagolino,2021,italiani,3685
017010,Bagolino,2021,italiani_acquisiti,36
017010,Bagolino,2021,italiani_acquisiti_nati_all_estero,28
017010,Bagolino,2021,italiani_acquisiti_nati_in_italia,8
017010,Bagolino,2021,italiani_acquisiti_nati_in_italia_minorenni,8
017010,Bagolino,2021,italiani_dalla_nascita,3649
017010,Bagolino,2021,italiani_dalla_nascita_nati_all_estero,19
017010,Bagolino,2021,italiani_dalla_nascita_nati_in_italia,3630
017010,Bagolino,2021,popolazione_residente,3755
017010,Bagolino,2021,stranieri,70
017010,Bagolino,2021,stranieri_nati_all_estero,68
017010,Bagolino,2021,stranieri_nati_in_italia,2
017010,Bagolino,2021,stranieri_nati_in_italia_minorenni,2
017010,Bagolino,2022,italiani,3701
017010,Bagolino,2022,italiani_acquisiti,42
017010,Bagolino,2022,italiani_acquisiti_nati_all_estero,34
017010,Bagolino,2022,italiani_acquisiti_nati_in_italia,8
017010,Bagolino,2022,italiani_acquisiti_nati_in_italia_minorenni,8
017010,Bagolino,2022,italiani_dalla_nascita,3659
017010,Bagolino,2022,italiani_dalla_nascita_nati_all_estero,19
017010,Bagolino,2022,italiani_dalla_nascita_nati_in_italia,3640
017010,Bagolino,2022,popolazione_residente,3767
017010,Bagolino,2022,stranieri,66
017010,Bagolino,2022,stranieri_nati_all_estero,63
017010,Bagolino,2022,stranieri_nati_in_italia,3
017010,Bagolino,2022,stranieri_nati_in_italia_minorenni,3
017010,Bagolino,2023,italiani,3701
017010,Bagolino,2023,italiani_acquisiti,47
017010,Bagolino,2023,italiani_acquisiti_nati_all_estero,37
017010,Bagolino,2023,italiani_acquisiti_nati_in_italia,10
017010,Bagolino,2023,italiani_acquisiti_nati_in_italia_minorenni,9
017010,Bagolino,2023,italiani_dalla_nascita,3654
017010,Bagolino,2023,italiani_dalla_nascita_nati_all_estero,20
017010,Bagolino,2023,italiani_dalla_nascita_nati_in_italia,3634
017010,Bagolino,2023,popolazione_residente,3781
017010,Bagolino,2023,stranieri,80
017010,Bagolino,2023,stranieri_nati_all_estero,75
017010,Bagolino,2023,stranieri_nati_in_italia,5
017010,Bagolino,2023,stranieri_nati_in_italia_minorenni,4
017011,Barbariga,2021,italiani,2037
017011,Barbariga,2021,italiani_acquisiti,113
017011,Barbariga,2021,italiani_acquisiti_nati_all_estero,66
017011,Barbariga,2021,italiani_acquisiti_nati_in_italia,47
017011,Barbariga,2021,italiani_acquisiti_nati_in_italia_minorenni,37
017011,Barbariga,2021,italiani_dalla_nascita,1924
017011,Barbariga,2021,italiani_dalla_nascita_nati_all_estero,13
017011,Barbariga,2021,italiani_dalla_nascita_nati_in_italia,1911
017011,Barbariga,2021,popolazione_residente,2317
017011,Barbariga,2021,stranieri,280
017011,Barbariga,2021,stranieri_nati_all_estero,221
017011,Barbariga,2021,stranieri_nati_in_italia,59
017011,Barbariga,2021,stranieri_nati_in_italia_minorenni,58
017011,Barbariga,2022,italiani,2054
017011,Barbariga,2022,italiani_acquisiti,126
017011,Barbariga,2022,italiani_acquisiti_nati_all_estero,78
017011,Barbariga,2022,italiani_acquisiti_nati_in_italia,48
017011,Barbariga,2022,italiani_acquisiti_nati_in_italia_minorenni,35
017011,Barbariga,2022,italiani_dalla_nascita,1928
017011,Barbariga,2022,italiani_dalla_nascita_nati_all_estero,16
017011,Barbariga,2022,italiani_dalla_nascita_nati_in_italia,1912
017011,Barbariga,2022,popolazione_residente,2330
017011,Barbariga,2022,stranieri,276
017011,Barbariga,2022,stranieri_nati_all_estero,215
017011,Barbariga,2022,stranieri_nati_in_italia,61
017011,Barbariga,2022,stranieri_nati_in_italia_minorenni,60
017011,Barbariga,2023,italiani,2048
017011,Barbariga,2023,italiani_acquisiti,137
017011,Barbariga,2023,italiani_acquisiti_nati_all_estero,86
017011,Barbariga,2023,italiani_acquisiti_nati_in_italia,51
017011,Barbariga,2023,italiani_acquisiti_nati_in_italia_minorenni,38
017011,Barbariga,2023,italiani_dalla_nascita,1911
017011,Barbariga,2023,italiani_dalla_nascita_nati_all_estero,17
017011,Barbariga,2023,italiani_dalla_nascita_nati_in_italia,1894
017011,Barbariga,2023,popolazione_residente,2323
017011,Barbariga,2023,stranieri,275
017011,Barbariga,2023,stranieri_nati_all_estero,216
017011,Barbariga,2023,stranieri_nati_in_italia,59
017011,Barbariga,2023,stranieri_nati_in_italia_minorenni,57
017012,Barghe,2021,italiani,1071
017012,Barghe,2021,italiani_acquisiti,52
017012,Barghe,2021,italiani_acquisiti_nati_all_estero,37
017012,Barghe,2021,italiani_acquisiti_nati_in_italia,15
017012,Barghe,2021,italiani_acquisiti_nati_in_italia_minorenni,11
017012,Barghe,2021,italiani_dalla_nascita,1019
017012,Barghe,2021,italiani_dalla_nascita_nati_all_estero,17
017012,Barghe,2021,italiani_dalla_nascita_nati_in_italia,1002
017012,Barghe,2021,popolazione_residente,1138
017012,Barghe,2021,stranieri,67
017012,Barghe,2021,stranieri_nati_all_estero,57
017012,Barghe,2021,stranieri_nati_in_italia,10
017012,Barghe,2021,stranieri_nati_in_italia_minorenni,10
017012,Barghe,2022,italiani,1079
017012,Barghe,2022,italiani_acquisiti,61
017012,Barghe,2022,italiani_acquisiti_nati_all_estero,43
017012,Barghe,2022,italiani_acquisiti_nati_in_italia,18
017012,Barghe,2022,italiani_acquisiti_nati_in_italia_minorenni,13
017012,Barghe,2022,italiani_dalla_nascita,1018
017012,Barghe,2022,italiani_dalla_nascita_nati_all_estero,17
017012,Barghe,2022,italiani_dalla_nascita_nati_in_italia,1001
017012,Barghe,2022,popolazione_residente,1137
017012,Barghe,2022,stranieri,58
017012,Barghe,2022,stranieri_nati_all_estero,51
017012,Barghe,2022,stranieri_nati_in_italia,7
017012,Barghe,2022,stranieri_nati_in_italia_minorenni,7
017012,Barghe,2023,italiani,1083
017012,Barghe,2023,italiani_acquisiti,69
017012,Barghe,2023,italiani_acquisiti_nati_all_estero,48
017012,Barghe,2023,italiani_acquisiti_nati_in_italia,21
017012,Barghe,2023,italiani_acquisiti_nati_in_italia_minorenni,16
017012,Barghe,2023,italiani_dalla_nascita,1014
017012,Barghe,2023,italiani_dalla_nascita_nati_all_estero,17
017012,Barghe,2023,italiani_dalla_nascita_nati_in_italia,997
017012,Barghe,2023,popolazione_residente,1141
017012,Barghe,2023,stranieri,58
017012,Barghe,2023,stranieri_nati_all_estero,52
017012,Barghe,2023,stranieri_nati_in_italia,6
017012,Barghe,2023,stranieri_nati_in_italia_minorenni,6
017013,Bassano Bresciano,2021,italiani,2016
017013,Bassano Bresciano,2021,italiani_acquisiti,116
017013,Bassano Bresciano,2021,italiani_acquisiti_nati_all_estero,76
017013,Bassano Bresciano,2021,italiani_acquisiti_nati_in_italia,40
017013,Bassano Bresciano,2021,italiani_acquisiti_nati_in_italia_minorenni,24
017013,Bassano Bresciano,2021,italiani_dalla_nascita,1900
017013,Bassano Bresciano,2021,italiani_dalla_nascita_nati_all_estero,13
017013,Bassano Bresciano,2021,italiani_dalla_nascita_nati_in_italia,1887
017013,Bassano Bresciano,2021,popolazione_residente,2333
017013,Bassano Bresciano,2021,stranieri,317
017013,Bassano Bresciano,2021,stranieri_nati_all_estero,254
017013,Bassano Bresciano,2021,stranieri_nati_in_italia,63
017013,Bassano Bresciano,2021,stranieri_nati_in_italia_minorenni,58
017013,Bassano Bresciano,2022,italiani,2050
017013,Bassano Bresciano,2022,italiani_acquisiti,137
017013,Bassano Bresciano,2022,italiani_acquisiti_nati_all_estero,87
017013,Bassano Bresciano,2022,italiani_acquisiti_nati_in_italia,50
017013,Bassano Bresciano,2022,italiani_acquisiti_nati_in_italia_minorenni,34
017013,Bassano Bresciano,2022,italiani_dalla_nascita,1913
017013,Bassano Bresciano,2022,italiani_dalla_nascita_nati_all_estero,12
017013,Bassano Bresciano,2022,italiani_dalla_nascita_nati_in_italia,1901
017013,Bassano Bresciano,2022,popolazione_residente,2334
017013,Bassano Bresciano,2022,stranieri,284
017013,Bassano Bresciano,2022,stranieri_nati_all_estero,234
017013,Bassano Bresciano,2022,stranieri_nati_in_italia,50
017013,Bassano Bresciano,2022,stranieri_nati_in_italia_minorenni,46
017013,Bassano Bresciano,2023,italiani,2035
017013,Bassano Bresciano,2023,italiani_acquisiti,150
017013,Bassano Bresciano,2023,italiani_acquisiti_nati_all_estero,94
017013,Bassano Bresciano,2023,italiani_acquisiti_nati_in_italia,56
017013,Bassano Bresciano,2023,italiani_acquisiti_nati_in_italia_minorenni,38
017013,Bassano Bresciano,2023,italiani_dalla_nascita,1885
017013,Bassano Bresciano,2023,italiani_dalla_nascita_nati_all_estero,12
017013,Bassano Bresciano,2023,italiani_dalla_nascita_nati_in_italia,1873
017013,Bassano Bresciano,2023,popolazione_residente,2319
017013,Bassano Bresciano,2023,stranieri,284
017013,Bassano Bresciano,2023,stranieri_nati_all_estero,234
017013,Bassano Bresciano,2023,stranieri_nati_in_italia,50
017013,Bassano Bresciano,2023,stranieri_nati_in_italia_minorenni,46
017014,Bedizzole,2021,italiani,10925
017014,Bedizzole,2021,italiani_acquisiti,675
017014,Bedizzole,2021,italiani_acquisiti_nati_all_estero,447
017014,Bedizzole,2021,italiani_acquisiti_nati_in_italia,228
017014,Bedizzole,2021,italiani_acquisiti_nati_in_italia_minorenni,191
017014,Bedizzole,2021,italiani_dalla_nascita,10250
017014,Bedizzole,2021,italiani_dalla_nascita_nati_all_estero,126
017014,Bedizzole,2021,italiani_dalla_nascita_nati_in_italia,10124
017014,Bedizzole,2021,popolazione_residente,12278
017014,Bedizzole,2021,stranieri,1353
017014,Bedizzole,2021,stranieri_nati_all_estero,1108
017014,Bedizzole,2021,stranieri_nati_in_italia,245
017014,Bedizzole,2021,stranieri_nati_in_italia_minorenni,239
017014,Bedizzole,2022,italiani,10964
017014,Bedizzole,2022,italiani_acquisiti,740
017014,Bedizzole,2022,italiani_acquisiti_nati_all_estero,501
017014,Bedizzole,2022,italiani_acquisiti_nati_in_italia,239
017014,Bedizzole,2022,italiani_acquisiti_nati_in_italia_minorenni,189
017014,Bedizzole,2022,italiani_dalla_nascita,10224
017014,Bedizzole,2022,italiani_dalla_nascita_nati_all_estero,133
017014,Bedizzole,2022,italiani_dalla_nascita_nati_in_italia,10091
017014,Bedizzole,2022,popolazione_residente,12245
017014,Bedizzole,2022,stranieri,1281
017014,Bedizzole,2022,stranieri_nati_all_estero,1060
017014,Bedizzole,2022,stranieri_nati_in_italia,221
017014,Bedizzole,2022,stranieri_nati_in_italia_minorenni,212
017014,Bedizzole,2023,italiani,10926
017014,Bedizzole,2023,italiani_acquisiti,759
017014,Bedizzole,2023,italiani_acquisiti_nati_all_estero,514
017014,Bedizzole,2023,italiani_acquisiti_nati_in_italia,245
017014,Bedizzole,2023,italiani_acquisiti_nati_in_italia_minorenni,176
017014,Bedizzole,2023,italiani_dalla_nascita,10167
017014,Bedizzole,2023,italiani_dalla_nascita_nati_all_estero,137
017014,Bedizzole,2023,italiani_dalla_nascita_nati_in_italia,10030
017014,Bedizzole,2023,popolazione_residente,12207
017014,Bedizzole,2023,stranieri,1281
017014,Bedizzole,2023,stranieri_nati_all_estero,1061
017014,Bedizzole,2023,stranieri_nati_in_italia,220
017014,Bedizzole,2023,stranieri_nati_in_italia_minorenni,211
017015,Berlingo,2021,italiani,2448
017015,Berlingo,2021,italiani_acquisiti,125
017015,Berlingo,2021,italiani_acquisiti_nati_all_estero,77
017015,Berlingo,2021,italiani_acquisiti_nati_in_italia,48
017015,Berlingo,2021,italiani_acquisiti_nati_in_italia_minorenni,29
017015,Berlingo,2021,italiani_dalla_nascita,2323
017015,Berlingo,2021,italiani_dalla_nascita_nati_all_estero,16
017015,Berlingo,2021,italiani_dalla_nascita_nati_in_italia,2307
017015,Berlingo,2021,popolazione_residente,2752
017015,Berlingo,2021,stranieri,304
017015,Berlingo,2021,stranieri_nati_all_estero,260
017015,Berlingo,2021,stranieri_nati_in_italia,44
017015,Berlingo,2021,stranieri_nati_in_italia_minorenni,43
017015,Berlingo,2022,italiani,2444
017015,Berlingo,2022,italiani_acquisiti,133
017015,Berlingo,2022,italiani_acquisiti_nati_all_estero,92
017015,Berlingo,2022,italiani_acquisiti_nati_in_italia,41
017015,Berlingo,2022,italiani_acquisiti_nati_in_italia_minorenni,21
017015,Berlingo,2022,italiani_dalla_nascita,2311
017015,Berlingo,2022,italiani_dalla_nascita_nati_all_estero,15
017015,Berlingo,2022,italiani_dalla_nascita_nati_in_italia,2296
017015,Berlingo,2022,popolazione_residente,2755
017015,Berlingo,2022,stranieri,311
017015,Berlingo,2022,stranieri_nati_all_estero,257
017015,Berlingo,2022,stranieri_nati_in_italia,54
017015,Berlingo,2022,stranieri_nati_in_italia_minorenni,52
017015,Berlingo,2023,italiani,2420
017015,Berlingo,2023,italiani_acquisiti,137
017015,Berlingo,2023,italiani_acquisiti_nati_all_estero,96
017015,Berlingo,2023,italiani_acquisiti_nati_in_italia,41
017015,Berlingo,2023,italiani_acquisiti_nati_in_italia_minorenni,20
017015,Berlingo,2023,italiani_dalla_nascita,2283
017015,Berlingo,2023,italiani_dalla_nascita_nati_all_estero,14
017015,Berlingo,2023,italiani_dalla_nascita_nati_in_italia,2269
017015,Berlingo,2023,popolazione_residente,2738
017015,Berlingo,2023,stranieri,318
017015,Berlingo,2023,stranieri_nati_all_estero,259
017015,Berlingo,2023,stranieri_nati_in_italia,59
017015,Berlingo,2023,stranieri_nati_in_italia_minorenni,57
017016,Berzo Demo,2021,italiani,1496
017016,Berzo Demo,2021,italiani_acquisiti,12
017016,Berzo Demo,2021,italiani_acquisiti_nati_all_estero,9
017016,Berzo Demo,2021,italiani_acquisiti_nati_in_italia,3
017016,Berzo Demo,2021,italiani_acquisiti_nati_in_italia_minorenni,2
017016,Berzo Demo,2021,italiani_dalla_nascita,1484
017016,Berzo Demo,2021,italiani_dalla_nascita_nati_all_estero,15
017016,Berzo Demo,2021,italiani_dalla_nascita_nati_in_italia,1469
017016,Berzo Demo,2021,popolazione_residente,1525
017016,Berzo Demo,2021,stranieri,29
017016,Berzo Demo,2021,stranieri_nati_all_estero,27
017016,Berzo Demo,2021,stranieri_nati_in_italia,2
017016,Berzo Demo,2021,stranieri_nati_in_italia_minorenni,2
017016,Berzo Demo,2022,italiani,1481
017016,Berzo Demo,2022,italiani_acquisiti,12
017016,Berzo Demo,2022,italiani_acquisiti_nati_all_estero,9
017016,Berzo Demo,2022,italiani_acquisiti_nati_in_italia,3
017016,Berzo Demo,2022,italiani_acquisiti_nati_in_italia_minorenni,2
017016,Berzo Demo,2022,italiani_dalla_nascita,1469
017016,Berzo Demo,2022,italiani_dalla_nascita_nati_all_estero,16
017016,Berzo Demo,2022,italiani_dalla_nascita_nati_in_italia,1453
017016,Berzo Demo,2022,popolazione_residente,1505
017016,Berzo Demo,2022,stranieri,24
017016,Berzo Demo,2022,stranieri_nati_all_estero,24
017016,Berzo Demo,2023,italiani,1456
017016,Berzo Demo,2023,italiani_acquisiti,12
017016,Berzo Demo,2023,italiani_acquisiti_nati_all_estero,10
017016,Berzo Demo,2023,italiani_acquisiti_nati_in_italia,2
017016,Berzo Demo,2023,italiani_acquisiti_nati_in_italia_minorenni,1
017016,Berzo Demo,2023,italiani_dalla_nascita,1444
017016,Berzo Demo,2023,italiani_dalla_nascita_nati_all_estero,15
017016,Berzo Demo,2023,italiani_dalla_nascita_nati_in_italia,1429
017016,Berzo Demo,2023,popolazione_residente,1482
017016,Berzo Demo,2023,stranieri,26
017016,Berzo Demo,2023,stranieri_nati_all_estero,26
017017,Berzo Inferiore,2021,italiani,2285
017017,Berzo Inferiore,2021,italiani_acquisiti,72
017017,Berzo Inferiore,2021,italiani_acquisiti_nati_all_estero,47
017017,Berzo Inferiore,2021,italiani_acquisiti_nati_in_italia,25
017017,Berzo Inferiore,2021,italiani_acquisiti_nati_in_italia_minorenni,18
017017,Berzo Inferiore,2021,italiani_dalla_nascita,2213
017017,Berzo Inferiore,2021,italiani_dalla_nascita_nati_all_estero,48
017017,Berzo Inferiore,2021,italiani_dalla_nascita_nati_in_italia,2165
017017,Berzo Inferiore,2021,popolazione_residente,2447
017017,Berzo Inferiore,2021,stranieri,162
017017,Berzo Inferiore,2021,stranieri_nati_all_estero,117
017017,Berzo Inferiore,2021,stranieri_nati_in_italia,45
017017,Berzo Inferiore,2021,stranieri_nati_in_italia_minorenni,45
017017,Berzo Inferiore,2022,italiani,2281
017017,Berzo Inferiore,2022,italiani_acquisiti,84
017017,Berzo Inferiore,2022,italiani_acquisiti_nati_all_estero,59
017017,Berzo Inferiore,2022,italiani_acquisiti_nati_in_italia,25
017017,Berzo Inferiore,2022,italiani_acquisiti_nati_in_italia_minorenni,15
017017,Berzo Inferiore,2022,italiani_dalla_nascita,2197
017017,Berzo Inferiore,2022,italiani_dalla_nascita_nati_all_estero,48
017017,Berzo Inferiore,2022,italiani_dalla_nascita_nati_in_italia,2149
017017,Berzo Inferiore,2022,popolazione_residente,2450
017017,Berzo Inferiore,2022,stranieri,169
017017,Berzo Inferiore,2022,stranieri_nati_all_estero,123
017017,Berzo Inferiore,2022,stranieri_nati_in_italia,46
017017,Berzo Inferiore,2022,stranieri_nati_in_italia_minorenni,44
017017,Berzo Inferiore,2023,italiani,2275
017017,Berzo Inferiore,2023,italiani_acquisiti,81
017017,Berzo Inferiore,2023,italiani_acquisiti_nati_all_estero,57
017017,Berzo Inferiore,2023,italiani_acquisiti_nati_in_italia,24
017017,Berzo Inferiore,2023,italiani_acquisiti_nati_in_italia_minorenni,14
017017,Berzo Inferiore,2023,italiani_dalla_nascita,2194
017017,Berzo Inferiore,2023,italiani_dalla_nascita_nati_all_estero,49
017017,Berzo Inferiore,2023,italiani_dalla_nascita_nati_in_italia,2145
017017,Berzo Inferiore,2023,popolazione_residente,2460
017017,Berzo Inferiore,2023,stranieri,185
017017,Berzo Inferiore,2023,stranieri_nati_all_estero,145
017017,Berzo Inferiore,2023,stranieri_nati_in_italia,40
017017,Berzo Inferiore,2023,stranieri_nati_in_italia_minorenni,40
017018,Bienno,2021,italiani,3564
017018,Bienno,2021,italiani_acquisiti,69
017018,Bienno,2021,italiani_acquisiti_nati_all_estero,50
017018,Bienno,2021,italiani_acquisiti_nati_in_italia,19
017018,Bienno,2021,italiani_acquisiti_nati_in_italia_minorenni,10
017018,Bienno,2021,italiani_dalla_nascita,3495
017018,Bienno,2021,italiani_dalla_nascita_nati_all_estero,60
017018,Bienno,2021,italiani_dalla_nascita_nati_in_italia,3435
017018,Bienno,2021,popolazione_residente,3760
017018,Bienno,2021,stranieri,196
017018,Bienno,2021,stranieri_nati_all_estero,156
017018,Bienno,2021,stranieri_nati_in_italia,40
017018,Bienno,2021,stranieri_nati_in_italia_minorenni,40
017018,Bienno,2022,italiani,3563
017018,Bienno,2022,italiani_acquisiti,79
017018,Bienno,2022,italiani_acquisiti_nati_all_estero,58
017018,Bienno,2022,italiani_acquisiti_nati_in_italia,21
017018,Bienno,2022,italiani_acquisiti_nati_in_italia_minorenni,12
017018,Bienno,2022,italiani_dalla_nascita,3484
017018,Bienno,2022,italiani_dalla_nascita_nati_all_estero,58
017018,Bienno,2022,italiani_dalla_nascita_nati_in_italia,3426
017018,Bienno,2022,popolazione_residente,3771
017018,Bienno,2022,stranieri,208
017018,Bienno,2022,stranieri_nati_all_estero,166
017018,Bienno,2022,stranieri_nati_in_italia,42
017018,Bienno,2022,stranieri_nati_in_italia_minorenni,41
017018,Bienno,2023,italiani,3551
017018,Bienno,2023,italiani_acquisiti,83
017018,Bienno,2023,italiani_acquisiti_nati_all_estero,60
017018,Bienno,2023,italiani_acquisiti_nati_in_italia,23
017018,Bienno,2023,italiani_acquisiti_nati_in_italia_minorenni,12
017018,Bienno,2023,italiani_dalla_nascita,3468
017018,Bienno,2023,italiani_dalla_nascita_nati_all_estero,62
017018,Bienno,2023,italiani_dalla_nascita_nati_in_italia,3406
017018,Bienno,2023,popolazione_residente,3756
017018,Bienno,2023,stranieri,205
017018,Bienno,2023,stranieri_nati_all_estero,165
017018,Bienno,2023,stranieri_nati_in_italia,40
017018,Bienno,2023,stranieri_nati_in_italia_minorenni,39
017019,Bione,2021,italiani,1255
017019,Bione,2021,italiani_acquisiti,60
017019,Bione,2021,italiani_acquisiti_nati_all_estero,41
017019,Bione,2021,italiani_acquisiti_nati_in_italia,19
017019,Bione,2021,italiani_acquisiti_nati_in_italia_minorenni,18
017019,Bione,2021,italiani_dalla_nascita,1195
017019,Bione,2021,italiani_dalla_nascita_nati_all_estero,10
017019,Bione,2021,italiani_dalla_nascita_nati_in_italia,1185
017019,Bione,2021,popolazione_residente,1311
017019,Bione,2021,stranieri,56
017019,Bione,2021,stranieri_nati_all_estero,43
017019,Bione,2021,stranieri_nati_in_italia,13
017019,Bione,2021,stranieri_nati_in_italia_minorenni,11
017019,Bione,2022,italiani,1245
017019,Bione,2022,italiani_acquisiti,61
017019,Bione,2022,italiani_acquisiti_nati_all_estero,40
017019,Bione,2022,italiani_acquisiti_nati_in_italia,21
017019,Bione,2022,italiani_acquisiti_nati_in_italia_minorenni,19
017019,Bione,2022,italiani_dalla_nascita,1184
017019,Bione,2022,italiani_dalla_nascita_nati_all_estero,11
017019,Bione,2022,italiani_dalla_nascita_nati_in_italia,1173
017019,Bione,2022,popolazione_residente,1305
017019,Bione,2022,stranieri,60
017019,Bione,2022,stranieri_nati_all_estero,50
017019,Bione,2022,stranieri_nati_in_italia,10
017019,Bione,2022,stranieri_nati_in_italia_minorenni,8
017019,Bione,2023,italiani,1228
017019,Bione,2023,italiani_acquisiti,58
017019,Bione,2023,italiani_acquisiti_nati_all_estero,37
017019,Bione,2023,italiani_acquisiti_nati_in_italia,21
017019,Bione,2023,italiani_acquisiti_nati_in_italia_minorenni,18
017019,Bione,2023,italiani_dalla_nascita,1170
017019,Bione,2023,italiani_dalla_nascita_nati_all_estero,11
017019,Bione,2023,italiani_dalla_nascita_nati_in_italia,1159
017019,Bione,2023,popolazione_residente,1299
017019,Bione,2023,stranieri,71
017019,Bione,2023,stranieri_nati_all_estero,60
017019,Bione,2023,stranieri_nati_in_italia,11
017019,Bione,2023,stranieri_nati_in_italia_minorenni,9
017020,Borgo San Giacomo,2021,italiani,4660
017020,Borgo San Giacomo,2021,italiani_acquisiti,372
017020,Borgo San Giacomo,2021,italiani_acquisiti_nati_all_estero,225
017020,Borgo San Giacomo,2021,italiani_acquisiti_nati_in_italia,147
017020,Borgo San Giacomo,2021,italiani_acquisiti_nati_in_italia_minorenni,104
017020,Borgo San Giacomo,2021,italiani_dalla_nascita,4288
017020,Borgo San Giacomo,2021,italiani_dalla_nascita_nati_all_estero,22
017020,Borgo San Giacomo,2021,italiani_dalla_nascita_nati_in_italia,4266
017020,Borgo San Giacomo,2021,popolazione_residente,5388
017020,Borgo San Giacomo,2021,stranieri,728
017020,Borgo San Giacomo,2021,stranieri_nati_all_estero,586
017020,Borgo San Giacomo,2021,stranieri_nati_in_italia,142
017020,Borgo San Giacomo,2021,stranieri_nati_in_italia_minorenni,138
017020,Borgo San Giacomo,2022,italiani,4683
017020,Borgo San Giacomo,2022,italiani_acquisiti,428
017020,Borgo San Giacomo,2022,italiani_acquisiti_nati_all_estero,267
017020,Borgo San Giacomo,2022,italiani_acquisiti_nati_in_italia,161
017020,Borgo San Giacomo,2022,italiani_acquisiti_nati_in_italia_minorenni,113
017020,Borgo San Giacomo,2022,italiani_dalla_nascita,4255
017020,Borgo San Giacomo,2022,italiani_dalla_nascita_nati_all_estero,25
017020,Borgo San Giacomo,2022,italiani_dalla_nascita_nati_in_italia,4230
017020,Borgo San Giacomo,2022,popolazione_residente,5420
017020,Borgo San Giacomo,2022,stranieri,737
017020,Borgo San Giacomo,2022,stranieri_nati_all_estero,598
017020,Borgo San Giacomo,2022,stranieri_nati_in_italia,139
017020,Borgo San Giacomo,2022,stranieri_nati_in_italia_minorenni,135
017020,Borgo San Giacomo,2023,italiani,4710
017020,Borgo San Giacomo,2023,italiani_acquisiti,459
017020,Borgo San Giacomo,2023,italiani_acquisiti_nati_all_estero,282
017020,Borgo San Giacomo,2023,italiani_acquisiti_nati_in_italia,177
017020,Borgo San Giacomo,2023,italiani_acquisiti_nati_in_italia_minorenni,120
017020,Borgo San Giacomo,2023,italiani_dalla_nascita,4251
017020,Borgo San Giacomo,2023,italiani_dalla_nascita_nati_all_estero,23
017020,Borgo San Giacomo,2023,italiani_dalla_nascita_nati_in_italia,4228
017020,Borgo San Giacomo,2023,popolazione_residente,5520
017020,Borgo San Giacomo,2023,stranieri,810
017020,Borgo San Giacomo,2023,stranieri_nati_all_estero,668
017020,Borgo San Giacomo,2023,stranieri_nati_in_italia,142
017020,Borgo San Giacomo,2023,stranieri_nati_in_italia_minorenni,136
017021,Borgosatollo,2021,italiani,8197
017021,Borgosatollo,2021,italiani_acquisiti,392
017021,Borgosatollo,2021,italiani_acquisiti_nati_all_estero,249
017021,Borgosatollo,2021,italiani_acquisiti_nati_in_italia,143
017021,Borgosatollo,2021,italiani_acquisiti_nati_in_italia_minorenni,86
017021,Borgosatollo,2021,italiani_dalla_nascita,7805
017021,Borgosatollo,2021,italiani_dalla_nascita_nati_all_estero,71
017021,Borgosatollo,2021,italiani_dalla_nascita_nati_in_italia,7734
017021,Borgosatollo,2021,popolazione_residente,9061
017021,Borgosatollo,2021,stranieri,864
017021,Borgosatollo,2021,stranieri_nati_all_estero,676
017021,Borgosatollo,2021,stranieri_nati_in_italia,188
017021,Borgosatollo,2021,stranieri_nati_in_italia_minorenni,183
017021,Borgosatollo,2022,italiani,8254
017021,Borgosatollo,2022,italiani_acquisiti,465
017021,Borgosatollo,2022,italiani_acquisiti_nati_all_estero,295
017021,Borgosatollo,2022,italiani_acquisiti_nati_in_italia,170
017021,Borgosatollo,2022,italiani_acquisiti_nati_in_italia_minorenni,101
017021,Borgosatollo,2022,italiani_dalla_nascita,7789
017021,Borgosatollo,2022,italiani_dalla_nascita_nati_all_estero,78
017021,Borgosatollo,2022,italiani_dalla_nascita_nati_in_italia,7711
017021,Borgosatollo,2022,popolazione_residente,9100
017021,Borgosatollo,2022,stranieri,846
017021,Borgosatollo,2022,stranieri_nati_all_estero,660
017021,Borgosatollo,2022,stranieri_nati_in_italia,186
017021,Borgosatollo,2022,stranieri_nati_in_italia_minorenni,179
017021,Borgosatollo,2023,italiani,8238
017021,Borgosatollo,2023,italiani_acquisiti,491
017021,Borgosatollo,2023,italiani_acquisiti_nati_all_estero,312
017021,Borgosatollo,2023,italiani_acquisiti_nati_in_italia,179
017021,Borgosatollo,2023,italiani_acquisiti_nati_in_italia_minorenni,95
017021,Borgosatollo,2023,italiani_dalla_nascita,7747
017021,Borgosatollo,2023,italiani_dalla_nascita_nati_all_estero,79
017021,Borgosatollo,2023,italiani_dalla_nascita_nati_in_italia,7668
017021,Borgosatollo,2023,popolazione_residente,9079
017021,Borgosatollo,2023,stranieri,841
017021,Borgosatollo,2023,stranieri_nati_all_estero,666
017021,Borgosatollo,2023,stranieri_nati_in_italia,175
017021,Borgosatollo,2023,stranieri_nati_in_italia_minorenni,167
017022,Borno,2021,italiani,2435
017022,Borno,2021,italiani_acquisiti,27
017022,Borno,2021,italiani_acquisiti_nati_all_estero,27
017022,Borno,2021,italiani_dalla_nascita,2408
017022,Borno,2021,italiani_dalla_nascita_nati_all_estero,35
017022,Borno,2021,italiani_dalla_nascita_nati_in_italia,2373
017022,Borno,2021,popolazione_residente,2479
017022,Borno,2021,stranieri,44
017022,Borno,2021,stranieri_nati_all_estero,42
017022,Borno,2021,stranieri_nati_in_italia,2
017022,Borno,2021,stranieri_nati_in_italia_minorenni,2
017022,Borno,2022,italiani,2390
017022,Borno,2022,italiani_acquisiti,23
017022,Borno,2022,italiani_acquisiti_nati_all_estero,23
017022,Borno,2022,italiani_dalla_nascita,2367
017022,Borno,2022,italiani_dalla_nascita_nati_all_estero,32
017022,Borno,2022,italiani_dalla_nascita_nati_in_italia,2335
017022,Borno,2022,popolazione_residente,2436
017022,Borno,2022,stranieri,46
017022,Borno,2022,stranieri_nati_all_estero,44
017022,Borno,2022,stranieri_nati_in_italia,2
017022,Borno,2022,stranieri_nati_in_italia_minorenni,2
017022,Borno,2023,italiani,2386
017022,Borno,2023,italiani_acquisiti,24
017022,Borno,2023,italiani_acquisiti_nati_all_estero,24
017022,Borno,2023,italiani_dalla_nascita,2362
017022,Borno,2023,italiani_dalla_nascita_nati_all_estero,30
017022,Borno,2023,italiani_dalla_nascita_nati_in_italia,2332
017022,Borno,2023,popolazione_residente,2440
017022,Borno,2023,stranieri,54
017022,Borno,2023,stranieri_nati_all_estero,51
017022,Borno,2023,stranieri_nati_in_italia,3
017022,Borno,2023,stranieri_nati_in_italia_minorenni,3
017023,Botticino,2021,italiani,9910
017023,Botticino,2021,italiani_acquisiti,376
017023,Botticino,2021,italiani_acquisiti_nati_all_estero,256
017023,Botticino,2021,italiani_acquisiti_nati_in_italia,120
017023,Botticino,2021,italiani_acquisiti_nati_in_italia_minorenni,88
017023,Botticino,2021,italiani_dalla_nascita,9534
017023,Botticino,2021,italiani_dalla_nascita_nati_all_estero,103
017023,Botticino,2021,italiani_dalla_nascita_nati_in_italia,9431
017023,Botticino,2021,popolazione_residente,10706
017023,Botticino,2021,stranieri,796
017023,Botticino,2021,stranieri_nati_all_estero,653
017023,Botticino,2021,stranieri_nati_in_italia,143
017023,Botticino,2021,stranieri_nati_in_italia_minorenni,138
017023,Botticino,2022,italiani,9914
017023,Botticino,2022,italiani_acquisiti,419
017023,Botticino,2022,italiani_acquisiti_nati_all_estero,292
017023,Botticino,2022,italiani_acquisiti_nati_in_italia,127
017023,Botticino,2022,italiani_acquisiti_nati_in_italia_minorenni,92
017023,Botticino,2022,italiani_dalla_nascita,9495
017023,Botticino,2022,italiani_dalla_nascita_nati_all_estero,104
017023,Botticino,2022,italiani_dalla_nascita_nati_in_italia,9391
017023,Botticino,2022,popolazione_residente,10711
017023,Botticino,2022,stranieri,797
017023,Botticino,2022,stranieri_nati_all_estero,646
017023,Botticino,2022,stranieri_nati_in_italia,151
017023,Botticino,2022,stranieri_nati_in_italia_minorenni,146
017023,Botticino,2023,italiani,9880
017023,Botticino,2023,italiani_acquisiti,452
017023,Botticino,2023,italiani_acquisiti_nati_all_estero,302
017023,Botticino,2023,italiani_acquisiti_nati_in_italia,150
017023,Botticino,2023,italiani_acquisiti_nati_in_italia_minorenni,104
017023,Botticino,2023,italiani_dalla_nascita,9428
017023,Botticino,2023,italiani_dalla_nascita_nati_all_estero,103
017023,Botticino,2023,italiani_dalla_nascita_nati_in_italia,9325
017023,Botticino,2023,popolazione_residente,10722
017023,Botticino,2023,stranieri,842
017023,Botticino,2023,stranieri_nati_all_estero,686
017023,Botticino,2023,stranieri_nati_in_italia,156
017023,Botticino,2023,stranieri_nati_in_italia_minorenni,148
017024,Bovegno,2021,italiani,1985
017024,Bovegno,2021,italiani_acquisiti,32
017024,Bovegno,2021,italiani_acquisiti_nati_all_estero,29
017024,Bovegno,2021,italiani_acquisiti_nati_in_italia,3
017024,Bovegno,2021,italiani_acquisiti_nati_in_italia_minorenni,3
017024,Bovegno,2021,italiani_dalla_nascita,1953
017024,Bovegno,2021,italiani_dalla_nascita_nati_all_estero,12
017024,Bovegno,2021,italiani_dalla_nascita_nati_in_italia,1941
017024,Bovegno,2021,popolazione_residente,2025
017024,Bovegno,2021,stranieri,40
017024,Bovegno,2021,stranieri_nati_all_estero,36
017024,Bovegno,2021,stranieri_nati_in_italia,4
017024,Bovegno,2021,stranieri_nati_in_italia_minorenni,4
017024,Bovegno,2022,italiani,1974
017024,Bovegno,2022,italiani_acquisiti,31
017024,Bovegno,2022,italiani_acquisiti_nati_all_estero,28
017024,Bovegno,2022,italiani_acquisiti_nati_in_italia,3
017024,Bovegno,2022,italiani_acquisiti_nati_in_italia_minorenni,3
017024,Bovegno,2022,italiani_dalla_nascita,1943
017024,Bovegno,2022,italiani_dalla_nascita_nati_all_estero,15
017024,Bovegno,2022,italiani_dalla_nascita_nati_in_italia,1928
017024,Bovegno,2022,popolazione_residente,2017
017024,Bovegno,2022,stranieri,43
017024,Bovegno,2022,stranieri_nati_all_estero,39
017024,Bovegno,2022,stranieri_nati_in_italia,4
017024,Bovegno,2022,stranieri_nati_in_italia_minorenni,4
017024,Bovegno,2023,italiani,1953
017024,Bovegno,2023,italiani_acquisiti,33
017024,Bovegno,2023,italiani_acquisiti_nati_all_estero,30
017024,Bovegno,2023,italiani_acquisiti_nati_in_italia,3
017024,Bovegno,2023,italiani_acquisiti_nati_in_italia_minorenni,3
017024,Bovegno,2023,italiani_dalla_nascita,1920
017024,Bovegno,2023,italiani_dalla_nascita_nati_all_estero,15
017024,Bovegno,2023,italiani_dalla_nascita_nati_in_italia,1905
017024,Bovegno,2023,popolazione_residente,2003
017024,Bovegno,2023,stranieri,50
017024,Bovegno,2023,stranieri_nati_all_estero,48
017024,Bovegno,2023,stranieri_nati_in_italia,2
017024,Bovegno,2023,stranieri_nati_in_italia_minorenni,2
017025,Bovezzo,2021,italiani,6808
017025,Bovezzo,2021,italiani_acquisiti,323
017025,Bovezzo,2021,italiani_acquisiti_nati_all_estero,242
017025,Bovezzo,2021,italiani_acquisiti_nati_in_italia,81
017025,Bovezzo,2021,italiani_acquisiti_nati_in_italia_minorenni,60
017025,Bovezzo,2021,italiani_dalla_nascita,6485
017025,Bovezzo,2021,italiani_dalla_nascita_nati_all_estero,91
017025,Bovezzo,2021,italiani_dalla_nascita_nati_in_italia,6394
017025,Bovezzo,2021,popolazione_residente,7356
017025,Bovezzo,2021,stranieri,548
017025,Bovezzo,2021,stranieri_nati_all_estero,458
017025,Bovezzo,2021,stranieri_nati_in_italia,90
017025,Bovezzo,2021,stranieri_nati_in_italia_minorenni,89
017025,Bovezzo,2022,italiani,6780
017025,Bovezzo,2022,italiani_acquisiti,371
017025,Bovezzo,2022,italiani_acquisiti_nati_all_estero,277
017025,Bovezzo,2022,italiani_acquisiti_nati_in_italia,94
017025,Bovezzo,2022,italiani_acquisiti_nati_in_italia_minorenni,66
017025,Bovezzo,2022,italiani_dalla_nascita,6409
017025,Bovezzo,2022,italiani_dalla_nascita_nati_all_estero,89
017025,Bovezzo,2022,italiani_dalla_nascita_nati_in_italia,6320
017025,Bovezzo,2022,popolazione_residente,7308
017025,Bovezzo,2022,stranieri,528
017025,Bovezzo,2022,stranieri_nati_all_estero,434
017025,Bovezzo,2022,stranieri_nati_in_italia,94
017025,Bovezzo,2022,stranieri_nati_in_italia_minorenni,92
017025,Bovezzo,2023,italiani,6800
017025,Bovezzo,2023,italiani_acquisiti,378
017025,Bovezzo,2023,italiani_acquisiti_nati_all_estero,277
017025,Bovezzo,2023,italiani_acquisiti_nati_in_italia,101
017025,Bovezzo,2023,italiani_acquisiti_nati_in_italia_minorenni,69
017025,Bovezzo,2023,italiani_dalla_nascita,6422
017025,Bovezzo,2023,italiani_dalla_nascita_nati_all_estero,90
017025,Bovezzo,2023,italiani_dalla_nascita_nati_in_italia,6332
017025,Bovezzo,2023,popolazione_residente,7319
017025,Bovezzo,2023,stranieri,519
017025,Bovezzo,2023,stranieri_nati_all_estero,424
017025,Bovezzo,2023,stranieri_nati_in_italia,95
017025,Bovezzo,2023,stranieri_nati_in_italia_minorenni,93
017026,Brandico,2021,italiani,1587
017026,Brandico,2021,italiani_acquisiti,97
017026,Brandico,2021,italiani_acquisiti_nati_all_estero,58
017026,Brandico,2021,italiani_acquisiti_nati_in_italia,39
017026,Brandico,2021,italiani_acquisiti_nati_in_italia_minorenni,34
017026,Brandico,2021,italiani_dalla_nascita,1490
017026,Brandico,2021,italiani_dalla_nascita_nati_all_estero,20
017026,Brandico,2021,italiani_dalla_nascita_nati_in_italia,1470
017026,Brandico,2021,popolazione_residente,1744
017026,Brandico,2021,stranieri,157
017026,Brandico,2021,stranieri_nati_all_estero,125
017026,Brandico,2021,stranieri_nati_in_italia,32
017026,Brandico,2021,stranieri_nati_in_italia_minorenni,29
017026,Brandico,2022,italiani,1589
017026,Brandico,2022,italiani_acquisiti,121
017026,Brandico,2022,italiani_acquisiti_nati_all_estero,73
017026,Brandico,2022,italiani_acquisiti_nati_in_italia,48
017026,Brandico,2022,italiani_acquisiti_nati_in_italia_minorenni,41
017026,Brandico,2022,italiani_dalla_nascita,1468
017026,Brandico,2022,italiani_dalla_nascita_nati_all_estero,19
017026,Brandico,2022,italiani_dalla_nascita_nati_in_italia,1449
017026,Brandico,2022,popolazione_residente,1733
017026,Brandico,2022,stranieri,144
017026,Brandico,2022,stranieri_nati_all_estero,117
017026,Brandico,2022,stranieri_nati_in_italia,27
017026,Brandico,2022,stranieri_nati_in_italia_minorenni,22
017026,Brandico,2023,italiani,1591
017026,Brandico,2023,italiani_acquisiti,129
017026,Brandico,2023,italiani_acquisiti_nati_all_estero,79
017026,Brandico,2023,italiani_acquisiti_nati_in_italia,50
017026,Brandico,2023,italiani_acquisiti_nati_in_italia_minorenni,42
017026,Brandico,2023,italiani_dalla_nascita,1462
017026,Brandico,2023,italiani_dalla_nascita_nati_all_estero,19
017026,Brandico,2023,italiani_dalla_nascita_nati_in_italia,1443
017026,Brandico,2023,popolazione_residente,1731
017026,Brandico,2023,stranieri,140
017026,Brandico,2023,stranieri_nati_all_estero,112
017026,Brandico,2023,stranieri_nati_in_italia,28
017026,Brandico,2023,stranieri_nati_in_italia_minorenni,22
017027,Braone,2021,italiani,618
017027,Braone,2021,italiani_acquisiti,16
017027,Braone,2021,italiani_acquisiti_nati_all_estero,12
017027,Braone,2021,italiani_acquisiti_nati_in_italia,4
017027,Braone,2021,italiani_acquisiti_nati_in_italia_minorenni,3
017027,Braone,2021,italiani_dalla_nascita,602
017027,Braone,2021,italiani_dalla_nascita_nati_all_estero,13
017027,Braone,2021,italiani_dalla_nascita_nati_in_italia,589
017027,Braone,2021,popolazione_residente,682
017027,Braone,2021,stranieri,64
017027,Braone,2021,stranieri_nati_all_estero,54
017027,Braone,2021,stranieri_nati_in_italia,10
017027,Braone,2021,stranieri_nati_in_italia_minorenni,10
017027,Braone,2022,italiani,627
017027,Braone,2022,italiani_acquisiti,18
017027,Braone,2022,italiani_acquisiti_nati_all_estero,13
017027,Braone,2022,italiani_acquisiti_nati_in_italia,5
017027,Braone,2022,italiani_acquisiti_nati_in_italia_minorenni,4
017027,Braone,2022,italiani_dalla_nascita,609
017027,Braone,2022,italiani_dalla_nascita_nati_all_estero,13
017027,Braone,2022,italiani_dalla_nascita_nati_in_italia,596
017027,Braone,2022,popolazione_residente,690
017027,Braone,2022,stranieri,63
017027,Braone,2022,stranieri_nati_all_estero,54
017027,Braone,2022,stranieri_nati_in_italia,9
017027,Braone,2022,stranieri_nati_in_italia_minorenni,9
017027,Braone,2023,italiani,627
017027,Braone,2023,italiani_acquisiti,19
017027,Braone,2023,italiani_acquisiti_nati_all_estero,13
017027,Braone,2023,italiani_acquisiti_nati_in_italia,6
017027,Braone,2023,italiani_acquisiti_nati_in_italia_minorenni,3
017027,Braone,2023,italiani_dalla_nascita,608
017027,Braone,2023,italiani_dalla_nascita_nati_all_estero,12
017027,Braone,2023,italiani_dalla_nascita_nati_in_italia,596
017027,Braone,2023,popolazione_residente,690
017027,Braone,2023,stranieri,63
017027,Braone,2023,stranieri_nati_all_estero,54
017027,Braone,2023,stranieri_nati_in_italia,9
017027,Braone,2023,stranieri_nati_in_italia_minorenni,9
017028,Breno,2021,italiani,4176
017028,Breno,2021,italiani_acquisiti,109
017028,Breno,2021,italiani_acquisiti_nati_all_estero,80
017028,Breno,2021,italiani_acquisiti_nati_in_italia,29
017028,Breno,2021,italiani_acquisiti_nati_in_italia_minorenni,24
017028,Breno,2021,italiani_dalla_nascita,4067
017028,Breno,2021,italiani_dalla_nascita_nati_all_estero,48
017028,Breno,2021,italiani_dalla_nascita_nati_in_italia,4019
017028,Breno,2021,popolazione_residente,4632
017028,Breno,2021,stranieri,456
017028,Breno,2021,stranieri_nati_all_estero,377
017028,Breno,2021,stranieri_nati_in_italia,79
017028,Breno,2021,stranieri_nati_in_italia_minorenni,76
017028,Breno,2022,italiani,4172
017028,Breno,2022,italiani_acquisiti,139
017028,Breno,2022,italiani_acquisiti_nati_all_estero,99
017028,Breno,2022,italiani_acquisiti_nati_in_italia,40
017028,Breno,2022,italiani_acquisiti_nati_in_italia_minorenni,31
017028,Breno,2022,italiani_dalla_nascita,4033
017028,Breno,2022,italiani_dalla_nascita_nati_all_estero,46
017028,Breno,2022,italiani_dalla_nascita_nati_in_italia,3987
017028,Breno,2022,popolazione_residente,4643
017028,Breno,2022,stranieri,471
017028,Breno,2022,stranieri_nati_all_estero,384
017028,Breno,2022,stranieri_nati_in_italia,87
017028,Breno,2022,stranieri_nati_in_italia_minorenni,83
017028,Breno,2023,italiani,4164
017028,Breno,2023,italiani_acquisiti,153
017028,Breno,2023,italiani_acquisiti_nati_all_estero,109
017028,Breno,2023,italiani_acquisiti_nati_in_italia,44
017028,Breno,2023,italiani_acquisiti_nati_in_italia_minorenni,31
017028,Breno,2023,italiani_dalla_nascita,4011
017028,Breno,2023,italiani_dalla_nascita_nati_all_estero,47
017028,Breno,2023,italiani_dalla_nascita_nati_in_italia,3964
017028,Breno,2023,popolazione_residente,4627
017028,Breno,2023,stranieri,463
017028,Breno,2023,stranieri_nati_all_estero,379
017028,Breno,2023,stranieri_nati_in_italia,84
017028,Breno,2023,stranieri_nati_in_italia_minorenni,80
017029,Brescia,2021,italiani,159021
017029,Brescia,2021,italiani_acquisiti,11681
017029,Brescia,2021,italiani_acquisiti_nati_all_estero,7909
017029,Brescia,2021,italiani_acquisiti_nati_in_italia,3772
017029,Brescia,2021,italiani_acquisiti_nati_in_italia_minorenni,2535
017029,Brescia,2021,italiani_dalla_nascita,147340
017029,Brescia,2021,italiani_dalla_nascita_nati_all_estero,2496
017029,Brescia,2021,italiani_dalla_nascita_nati_in_italia,144844
017029,Brescia,2021,popolazione_residente,195906
017029,Brescia,2021,stranieri,36885
017029,Brescia,2021,stranieri_nati_all_estero,30215
017029,Brescia,2021,stranieri_nati_in_italia,6670
017029,Brescia,2021,stranieri_nati_in_italia_minorenni,6413
017029,Brescia,2022,italiani,160623
017029,Brescia,2022,italiani_acquisiti,14171
017029,Brescia,2022,italiani_acquisiti_nati_all_estero,9518
017029,Brescia,2022,italiani_acquisiti_nati_in_italia,4653
017029,Brescia,2022,italiani_acquisiti_nati_in_italia_minorenni,3147
017029,Brescia,2022,italiani_dalla_nascita,146452
017029,Brescia,2022,italiani_dalla_nascita_nati_all_estero,2640
017029,Brescia,2022,italiani_dalla_nascita_nati_in_italia,143812
017029,Brescia,2022,popolazione_residente,197236
017029,Brescia,2022,stranieri,36613
017029,Brescia,2022,stranieri_nati_all_estero,30383
017029,Brescia,2022,stranieri_nati_in_italia,6230
017029,Brescia,2022,stranieri_nati_in_italia_minorenni,5925
017029,Brescia,2023,italiani,160781
017029,Brescia,2023,italiani_acquisiti,14899
017029,Brescia,2023,italiani_acquisiti_nati_all_estero,9940
017029,Brescia,2023,italiani_acquisiti_nati_in_italia,4959
017029,Brescia,2023,italiani_acquisiti_nati_in_italia_minorenni,3182
017029,Brescia,2023,italiani_dalla_nascita,145882
017029,Brescia,2023,italiani_dalla_nascita_nati_all_estero,2824
017029,Brescia,2023,italiani_dalla_nascita_nati_in_italia,143058
017029,Brescia,2023,popolazione_residente,198259
017029,Brescia,2023,stranieri,37478
017029,Brescia,2023,stranieri_nati_all_estero,31290
017029,Brescia,2023,stranieri_nati_in_italia,6188
017029,Brescia,2023,stranieri_nati_in_italia_minorenni,5838
017030,Brione,2021,italiani,674
017030,Brione,2021,italiani_acquisiti,11
017030,Brione,2021,italiani_acquisiti_nati_all_estero,11
017030,Brione,2021,italiani_dalla_nascita,663
017030,Brione,2021,italiani_dalla_nascita_nati_all_estero,13
017030,Brione,2021,italiani_dalla_nascita_nati_in_italia,650
017030,Brione,2021,popolazione_residente,737
017030,Brione,2021,stranieri,63
017030,Brione,2021,stranieri_nati_all_estero,51
017030,Brione,2021,stranieri_nati_in_italia,12
017030,Brione,2021,stranieri_nati_in_italia_minorenni,12
017030,Brione,2022,italiani,690
017030,Brione,2022,italiani_acquisiti,13
017030,Brione,2022,italiani_acquisiti_nati_all_estero,13
017030,Brione,2022,italiani_dalla_nascita,677
017030,Brione,2022,italiani_dalla_nascita_nati_all_estero,13
017030,Brione,2022,italiani_dalla_nascita_nati_in_italia,664
017030,Brione,2022,popolazione_residente,749
017030,Brione,2022,stranieri,59
017030,Brione,2022,stranieri_nati_all_estero,48
017030,Brione,2022,stranieri_nati_in_italia,11
017030,Brione,2022,stranieri_nati_in_italia_minorenni,11
017030,Brione,2023,italiani,686
017030,Brione,2023,italiani_acquisiti,14
017030,Brione,2023,italiani_acquisiti_nati_all_estero,14
017030,Brione,2023,italiani_dalla_nascita,672
017030,Brione,2023,italiani_dalla_nascita_nati_all_estero,8
017030,Brione,2023,italiani_dalla_nascita_nati_in_italia,664
017030,Brione,2023,popolazione_residente,750
017030,Brione,2023,stranieri,64
017030,Brione,2023,stranieri_nati_all_estero,53
017030,Brione,2023,stranieri_nati_in_italia,11
017030,Brione,2023,stranieri_nati_in_italia_minorenni,11
017031,Caino,2021,italiani,1971
017031,Caino,2021,italiani_acquisiti,68
017031,Caino,2021,italiani_acquisiti_nati_all_estero,47
017031,Caino,2021,italiani_acquisiti_nati_in_italia,21
017031,Caino,2021,italiani_acquisiti_nati_in_italia_minorenni,17
017031,Caino,2021,italiani_dalla_nascita,1903
017031,Caino,2021,italiani_dalla_nascita_nati_all_estero,19
017031,Caino,2021,italiani_dalla_nascita_nati_in_italia,1884
017031,Caino,2021,popolazione_residente,2136
017031,Caino,2021,stranieri,165
017031,Caino,2021,stranieri_nati_all_estero,149
017031,Caino,2021,stranieri_nati_in_italia,16
017031,Caino,2021,stranieri_nati_in_italia_minorenni,14
017031,Caino,2022,italiani,1984
017031,Caino,2022,italiani_acquisiti,90
017031,Caino,2022,italiani_acquisiti_nati_all_estero,65
017031,Caino,2022,italiani_acquisiti_nati_in_italia,25
017031,Caino,2022,italiani_acquisiti_nati_in_italia_minorenni,18
017031,Caino,2022,italiani_dalla_nascita,1894
017031,Caino,2022,italiani_dalla_nascita_nati_all_estero,21
017031,Caino,2022,italiani_dalla_nascita_nati_in_italia,1873
017031,Caino,2022,popolazione_residente,2161
017031,Caino,2022,stranieri,177
017031,Caino,2022,stranieri_nati_all_estero,158
017031,Caino,2022,stranieri_nati_in_italia,19
017031,Caino,2022,stranieri_nati_in_italia_minorenni,17
017031,Caino,2023,italiani,1995
017031,Caino,2023,italiani_acquisiti,86
017031,Caino,2023,italiani_acquisiti_nati_all_estero,66
017031,Caino,2023,italiani_acquisiti_nati_in_italia,20
017031,Caino,2023,italiani_acquisiti_nati_in_italia_minorenni,13
017031,Caino,2023,italiani_dalla_nascita,1909
017031,Caino,2023,italiani_dalla_nascita_nati_all_estero,24
017031,Caino,2023,italiani_dalla_nascita_nati_in_italia,1885
017031,Caino,2023,popolazione_residente,2190
017031,Caino,2023,stranieri,195
017031,Caino,2023,stranieri_nati_all_estero,176
017031,Caino,2023,stranieri_nati_in_italia,19
017031,Caino,2023,stranieri_nati_in_italia_minorenni,18
017032,Calcinato,2021,italiani,10864
017032,Calcinato,2021,italiani_acquisiti,1046
017032,Calcinato,2021,italiani_acquisiti_nati_all_estero,690
017032,Calcinato,2021,italiani_acquisiti_nati_in_italia,356
017032,Calcinato,2021,italiani_acquisiti_nati_in_italia_minorenni,242
017032,Calcinato,2021,italiani_dalla_nascita,9818
017032,Calcinato,2021,italiani_dalla_nascita_nati_all_estero,128
017032,Calcinato,2021,italiani_dalla_nascita_nati_in_italia,9690
017032,Calcinato,2021,popolazione_residente,12890
017032,Calcinato,2021,stranieri,2026
017032,Calcinato,2021,stranieri_nati_all_estero,1586
017032,Calcinato,2021,stranieri_nati_in_italia,440
017032,Calcinato,2021,stranieri_nati_in_italia_minorenni,422
017032,Calcinato,2022,italiani,10920
017032,Calcinato,2022,italiani_acquisiti,1154
017032,Calcinato,2022,italiani_acquisiti_nati_all_estero,750
017032,Calcinato,2022,italiani_acquisiti_nati_in_italia,404
017032,Calcinato,2022,italiani_acquisiti_nati_in_italia_minorenni,266
017032,Calcinato,2022,italiani_dalla_nascita,9766
017032,Calcinato,2022,italiani_dalla_nascita_nati_all_estero,133
017032,Calcinato,2022,italiani_dalla_nascita_nati_in_italia,9633
017032,Calcinato,2022,popolazione_residente,12897
017032,Calcinato,2022,stranieri,1977
017032,Calcinato,2022,stranieri_nati_all_estero,1570
017032,Calcinato,2022,stranieri_nati_in_italia,407
017032,Calcinato,2022,stranieri_nati_in_italia_minorenni,383
017032,Calcinato,2023,italiani,11010
017032,Calcinato,2023,italiani_acquisiti,1247
017032,Calcinato,2023,italiani_acquisiti_nati_all_estero,806
017032,Calcinato,2023,italiani_acquisiti_nati_in_italia,441
017032,Calcinato,2023,italiani_acquisiti_nati_in_italia_minorenni,289
017032,Calcinato,2023,italiani_dalla_nascita,9763
017032,Calcinato,2023,italiani_dalla_nascita_nati_all_estero,127
017032,Calcinato,2023,italiani_dalla_nascita_nati_in_italia,9636
017032,Calcinato,2023,popolazione_residente,13017
017032,Calcinato,2023,stranieri,2007
017032,Calcinato,2023,stranieri_nati_all_estero,1616
017032,Calcinato,2023,stranieri_nati_in_italia,391
017032,Calcinato,2023,stranieri_nati_in_italia_minorenni,373
017033,Calvagese della Riviera,2021,italiani,3314
017033,Calvagese della Riviera,2021,italiani_acquisiti,139
017033,Calvagese della Riviera,2021,italiani_acquisiti_nati_all_estero,103
017033,Calvagese della Riviera,2021,italiani_acquisiti_nati_in_italia,36
017033,Calvagese della Riviera,2021,italiani_acquisiti_nati_in_italia_minorenni,23
017033,Calvagese della Riviera,2021,italiani_dalla_nascita,3175
017033,Calvagese della Riviera,2021,italiani_dalla_nascita_nati_all_estero,46
017033,Calvagese della Riviera,2021,italiani_dalla_nascita_nati_in_italia,3129
017033,Calvagese della Riviera,2021,popolazione_residente,3644
017033,Calvagese della Riviera,2021,stranieri,330
017033,Calvagese della Riviera,2021,stranieri_nati_all_estero,288
017033,Calvagese della Riviera,2021,stranieri_nati_in_italia,42
017033,Calvagese della Riviera,2021,stranieri_nati_in_italia_minorenni,40
017033,Calvagese della Riviera,2022,italiani,3352
017033,Calvagese della Riviera,2022,italiani_acquisiti,149
017033,Calvagese della Riviera,2022,italiani_acquisiti_nati_all_estero,109
017033,Calvagese della Riviera,2022,italiani_acquisiti_nati_in_italia,40
017033,Calvagese della Riviera,2022,italiani_acquisiti_nati_in_italia_minorenni,24
017033,Calvagese della Riviera,2022,italiani_dalla_nascita,3203
017033,Calvagese della Riviera,2022,italiani_dalla_nascita_nati_all_estero,48
017033,Calvagese della Riviera,2022,italiani_dalla_nascita_nati_in_italia,3155
017033,Calvagese della Riviera,2022,popolazione_residente,3671
017033,Calvagese della Riviera,2022,stranieri,319
017033,Calvagese della Riviera,2022,stranieri_nati_all_estero,273
017033,Calvagese della Riviera,2022,stranieri_nati_in_italia,46
017033,Calvagese della Riviera,2022,stranieri_nati_in_italia_minorenni,44
017033,Calvagese della Riviera,2023,italiani,3352
017033,Calvagese della Riviera,2023,italiani_acquisiti,144
017033,Calvagese della Riviera,2023,italiani_acquisiti_nati_all_estero,108
017033,Calvagese della Riviera,2023,italiani_acquisiti_nati_in_italia,36
017033,Calvagese della Riviera,2023,italiani_acquisiti_nati_in_italia_minorenni,17
017033,Calvagese della Riviera,2023,italiani_dalla_nascita,3208
017033,Calvagese della Riviera,2023,italiani_dalla_nascita_nati_all_estero,51
017033,Calvagese della Riviera,2023,italiani_dalla_nascita_nati_in_italia,3157
017033,Calvagese della Riviera,2023,popolazione_residente,3689
017033,Calvagese della Riviera,2023,stranieri,337
017033,Calvagese della Riviera,2023,stranieri_nati_all_estero,289
017033,Calvagese della Riviera,2023,stranieri_nati_in_italia,48
017033,Calvagese della Riviera,2023,stranieri_nati_in_italia_minorenni,47
017034,Calvisano,2021,italiani,7327
017034,Calvisano,2021,italiani_acquisiti,348
017034,Calvisano,2021,italiani_acquisiti_nati_all_estero,233
017034,Calvisano,2021,italiani_acquisiti_nati_in_italia,115
017034,Calvisano,2021,italiani_acquisiti_nati_in_italia_minorenni,80
017034,Calvisano,2021,italiani_dalla_nascita,6979
017034,Calvisano,2021,italiani_dalla_nascita_nati_all_estero,45
017034,Calvisano,2021,italiani_dalla_nascita_nati_in_italia,6934
017034,Calvisano,2021,popolazione_residente,8375
017034,Calvisano,2021,stranieri,1048
017034,Calvisano,2021,stranieri_nati_all_estero,844
017034,Calvisano,2021,stranieri_nati_in_italia,204
017034,Calvisano,2021,stranieri_nati_in_italia_minorenni,199
017034,Calvisano,2022,italiani,7321
017034,Calvisano,2022,italiani_acquisiti,375
017034,Calvisano,2022,italiani_acquisiti_nati_all_estero,247
017034,Calvisano,2022,italiani_acquisiti_nati_in_italia,128
017034,Calvisano,2022,italiani_acquisiti_nati_in_italia_minorenni,92
017034,Calvisano,2022,italiani_dalla_nascita,6946
017034,Calvisano,2022,italiani_dalla_nascita_nati_all_estero,48
017034,Calvisano,2022,italiani_dalla_nascita_nati_in_italia,6898
017034,Calvisano,2022,popolazione_residente,8374
017034,Calvisano,2022,stranieri,1053
017034,Calvisano,2022,stranieri_nati_all_estero,846
017034,Calvisano,2022,stranieri_nati_in_italia,207
017034,Calvisano,2022,stranieri_nati_in_italia_minorenni,197
017034,Calvisano,2023,italiani,7282
017034,Calvisano,2023,italiani_acquisiti,386
017034,Calvisano,2023,italiani_acquisiti_nati_all_estero,248
017034,Calvisano,2023,italiani_acquisiti_nati_in_italia,138
017034,Calvisano,2023,italiani_acquisiti_nati_in_italia_minorenni,89
017034,Calvisano,2023,italiani_dalla_nascita,6896
017034,Calvisano,2023,italiani_dalla_nascita_nati_all_estero,49
017034,Calvisano,2023,italiani_dalla_nascita_nati_in_italia,6847
017034,Calvisano,2023,popolazione_residente,8380
017034,Calvisano,2023,stranieri,1098
017034,Calvisano,2023,stranieri_nati_all_estero,893
017034,Calvisano,2023,stranieri_nati_in_italia,205
017034,Calvisano,2023,stranieri_nati_in_italia_minorenni,192
017035,Capo di Ponte,2021,italiani,2215
017035,Capo di Ponte,2021,italiani_acquisiti,38
017035,Capo di Ponte,2021,italiani_acquisiti_nati_all_estero,30
017035,Capo di Ponte,2021,italiani_acquisiti_nati_in_italia,8
017035,Capo di Ponte,2021,italiani_acquisiti_nati_in_italia_minorenni,4
017035,Capo di Ponte,2021,italiani_dalla_nascita,2177
017035,Capo di Ponte,2021,italiani_dalla_nascita_nati_all_estero,21
017035,Capo di Ponte,2021,italiani_dalla_nascita_nati_in_italia,2156
017035,Capo di Ponte,2021,popolazione_residente,2327
017035,Capo di Ponte,2021,stranieri,112
017035,Capo di Ponte,2021,stranieri_nati_all_estero,92
017035,Capo di Ponte,2021,stranieri_nati_in_italia,20
017035,Capo di Ponte,2021,stranieri_nati_in_italia_minorenni,20
017035,Capo di Ponte,2022,italiani,2204
017035,Capo di Ponte,2022,italiani_acquisiti,42
017035,Capo di Ponte,2022,italiani_acquisiti_nati_all_estero,32
017035,Capo di Ponte,2022,italiani_acquisiti_nati_in_italia,10
017035,Capo di Ponte,2022,italiani_acquisiti_nati_in_italia_minorenni,6
017035,Capo di Ponte,2022,italiani_dalla_nascita,2162
017035,Capo di Ponte,2022,italiani_dalla_nascita_nati_all_estero,21
017035,Capo di Ponte,2022,italiani_dalla_nascita_nati_in_italia,2141
017035,Capo di Ponte,2022,popolazione_residente,2323
017035,Capo di Ponte,2022,stranieri,119
017035,Capo di Ponte,2022,stranieri_nati_all_estero,100
017035,Capo di Ponte,2022,stranieri_nati_in_italia,19
017035,Capo di Ponte,2022,stranieri_nati_in_italia_minorenni,19
017035,Capo di Ponte,2023,italiani,2178
017035,Capo di Ponte,2023,italiani_acquisiti,51
017035,Capo di Ponte,2023,italiani_acquisiti_nati_all_estero,39
017035,Capo di Ponte,2023,italiani_acquisiti_nati_in_italia,12
017035,Capo di Ponte,2023,italiani_acquisiti_nati_in_italia_minorenni,8
017035,Capo di Ponte,2023,italiani_dalla_nascita,2127
017035,Capo di Ponte,2023,italiani_dalla_nascita_nati_all_estero,20
017035,Capo di Ponte,2023,italiani_dalla_nascita_nati_in_italia,2107
017035,Capo di Ponte,2023,popolazione_residente,2303
017035,Capo di Ponte,2023,stranieri,125
017035,Capo di Ponte,2023,stranieri_nati_all_estero,105
017035,Capo di Ponte,2023,stranieri_nati_in_italia,20
017035,Capo di Ponte,2023,stranieri_nati_in_italia_minorenni,20
017036,Capovalle,2021,italiani,345
017036,Capovalle,2021,italiani_acquisiti,4
017036,Capovalle,2021,italiani_acquisiti_nati_all_estero,4
017036,Capovalle,2021,italiani_dalla_nascita,341
017036,Capovalle,2021,italiani_dalla_nascita_nati_all_estero,17
017036,Capovalle,2021,italiani_dalla_nascita_nati_in_italia,324
017036,Capovalle,2021,popolazione_residente,345
017036,Capovalle,2022,italiani,338
017036,Capovalle,2022,italiani_acquisiti,4
017036,Capovalle,2022,italiani_acquisiti_nati_all_estero,4
017036,Capovalle,2022,italiani_dalla_nascita,334
017036,Capovalle,2022,italiani_dalla_nascita_nati_all_estero,17
017036,Capovalle,2022,italiani_dalla_nascita_nati_in_italia,317
017036,Capovalle,2022,popolazione_residente,338
017036,Capovalle,2023,italiani,335
017036,Capovalle,2023,italiani_acquisiti,4
017036,Capovalle,2023,italiani_acquisiti_nati_all_estero,4
017036,Capovalle,2023,italiani_dalla_nascita,331
017036,Capovalle,2023,italiani_dalla_nascita_nati_all_estero,17
017036,Capovalle,2023,italiani_dalla_nascita_nati_in_italia,314
017036,Capovalle,2023,popolazione_residente,336
017036,Capovalle,2023,stranieri,1
017036,Capovalle,2023,stranieri_nati_all_estero,1
017037,Capriano del Colle,2021,italiani,4130
017037,Capriano del Colle,2021,italiani_acquisiti,175
017037,Capriano del Colle,2021,italiani_acquisiti_nati_all_estero,121
017037,Capriano del Colle,2021,italiani_acquisiti_nati_in_italia,54
017037,Capriano del Colle,2021,italiani_acquisiti_nati_in_italia_minorenni,49
017037,Capriano del Colle,2021,italiani_dalla_nascita,3955
017037,Capriano del Colle,2021,italiani_dalla_nascita_nati_all_estero,30
017037,Capriano del Colle,2021,italiani_dalla_nascita_nati_in_italia,3925
017037,Capriano del Colle,2021,popolazione_residente,4633
017037,Capriano del Colle,2021,stranieri,503
017037,Capriano del Colle,2021,stranieri_nati_all_estero,404
017037,Capriano del Colle,2021,stranieri_nati_in_italia,99
017037,Capriano del Colle,2021,stranieri_nati_in_italia_minorenni,95
017037,Capriano del Colle,2022,italiani,4167
017037,Capriano del Colle,2022,italiani_acquisiti,198
017037,Capriano del Colle,2022,italiani_acquisiti_nati_all_estero,138
017037,Capriano del Colle,2022,italiani_acquisiti_nati_in_italia,60
017037,Capriano del Colle,2022,italiani_acquisiti_nati_in_italia_minorenni,54
017037,Capriano del Colle,2022,italiani_dalla_nascita,3969
017037,Capriano del Colle,2022,italiani_dalla_nascita_nati_all_estero,32
017037,Capriano del Colle,2022,italiani_dalla_nascita_nati_in_italia,3937
017037,Capriano del Colle,2022,popolazione_residente,4713
017037,Capriano del Colle,2022,stranieri,546
017037,Capriano del Colle,2022,stranieri_nati_all_estero,441
017037,Capriano del Colle,2022,stranieri_nati_in_italia,105
017037,Capriano del Colle,2022,stranieri_nati_in_italia_minorenni,101
017037,Capriano del Colle,2023,italiani,4267
017037,Capriano del Colle,2023,italiani_acquisiti,251
017037,Capriano del Colle,2023,italiani_acquisiti_nati_all_estero,165
017037,Capriano del Colle,2023,italiani_acquisiti_nati_in_italia,86
017037,Capriano del Colle,2023,italiani_acquisiti_nati_in_italia_minorenni,77
017037,Capriano del Colle,2023,italiani_dalla_nascita,4016
017037,Capriano del Colle,2023,italiani_dalla_nascita_nati_all_estero,37
017037,Capriano del Colle,2023,italiani_dalla_nascita_nati_in_italia,3979
017037,Capriano del Colle,2023,popolazione_residente,4814
017037,Capriano del Colle,2023,stranieri,547
017037,Capriano del Colle,2023,stranieri_nati_all_estero,459
017037,Capriano del Colle,2023,stranieri_nati_in_italia,88
017037,Capriano del Colle,2023,stranieri_nati_in_italia_minorenni,83
017038,Capriolo,2021,italiani,8263
017038,Capriolo,2021,italiani_acquisiti,457
017038,Capriolo,2021,italiani_acquisiti_nati_all_estero,277
017038,Capriolo,2021,italiani_acquisiti_nati_in_italia,180
017038,Capriolo,2021,italiani_acquisiti_nati_in_italia_minorenni,130
017038,Capriolo,2021,italiani_dalla_nascita,7806
017038,Capriolo,2021,italiani_dalla_nascita_nati_all_estero,78
017038,Capriolo,2021,italiani_dalla_nascita_nati_in_italia,7728
017038,Capriolo,2021,popolazione_residente,9431
017038,Capriolo,2021,stranieri,1168
017038,Capriolo,2021,stranieri_nati_all_estero,893
017038,Capriolo,2021,stranieri_nati_in_italia,275
017038,Capriolo,2021,stranieri_nati_in_italia_minorenni,265
017038,Capriolo,2022,italiani,8299
017038,Capriolo,2022,italiani_acquisiti,532
017038,Capriolo,2022,italiani_acquisiti_nati_all_estero,332
017038,Capriolo,2022,italiani_acquisiti_nati_in_italia,200
017038,Capriolo,2022,italiani_acquisiti_nati_in_italia_minorenni,146
017038,Capriolo,2022,italiani_dalla_nascita,7767
017038,Capriolo,2022,italiani_dalla_nascita_nati_all_estero,78
017038,Capriolo,2022,italiani_dalla_nascita_nati_in_italia,7689
017038,Capriolo,2022,popolazione_residente,9415
017038,Capriolo,2022,stranieri,1116
017038,Capriolo,2022,stranieri_nati_all_estero,858
017038,Capriolo,2022,stranieri_nati_in_italia,258
017038,Capriolo,2022,stranieri_nati_in_italia_minorenni,245
017038,Capriolo,2023,italiani,8276
017038,Capriolo,2023,italiani_acquisiti,556
017038,Capriolo,2023,italiani_acquisiti_nati_all_estero,345
017038,Capriolo,2023,italiani_acquisiti_nati_in_italia,211
017038,Capriolo,2023,italiani_acquisiti_nati_in_italia_minorenni,142
017038,Capriolo,2023,italiani_dalla_nascita,7720
017038,Capriolo,2023,italiani_dalla_nascita_nati_all_estero,74
017038,Capriolo,2023,italiani_dalla_nascita_nati_in_italia,7646
017038,Capriolo,2023,popolazione_residente,9379
017038,Capriolo,2023,stranieri,1103
017038,Capriolo,2023,stranieri_nati_all_estero,850
017038,Capriolo,2023,stranieri_nati_in_italia,253
017038,Capriolo,2023,stranieri_nati_in_italia_minorenni,240
017039,Carpenedolo,2021,italiani,10902
017039,Carpenedolo,2021,italiani_acquisiti,993
017039,Carpenedolo,2021,italiani_acquisiti_nati_all_estero,585
017039,Carpenedolo,2021,italiani_acquisiti_nati_in_italia,408
017039,Carpenedolo,2021,italiani_acquisiti_nati_in_italia_minorenni,317
017039,Carpenedolo,2021,italiani_dalla_nascita,9909
017039,Carpenedolo,2021,italiani_dalla_nascita_nati_all_estero,63
017039,Carpenedolo,2021,italiani_dalla_nascita_nati_in_italia,9846
017039,Carpenedolo,2021,popolazione_residente,12977
017039,Carpenedolo,2021,stranieri,2075
017039,Carpenedolo,2021,stranieri_nati_all_estero,1625
017039,Carpenedolo,2021,stranieri_nati_in_italia,450
017039,Carpenedolo,2021,stranieri_nati_in_italia_minorenni,434
017039,Carpenedolo,2022,italiani,11024
017039,Carpenedolo,2022,italiani_acquisiti,1132
017039,Carpenedolo,2022,italiani_acquisiti_nati_all_estero,681
017039,Carpenedolo,2022,italiani_acquisiti_nati_in_italia,451
017039,Carpenedolo,2022,italiani_acquisiti_nati_in_italia_minorenni,345
017039,Carpenedolo,2022,italiani_dalla_nascita,9892
017039,Carpenedolo,2022,italiani_dalla_nascita_nati_all_estero,67
017039,Carpenedolo,2022,italiani_dalla_nascita_nati_in_italia,9825
017039,Carpenedolo,2022,popolazione_residente,12990
017039,Carpenedolo,2022,stranieri,1966
017039,Carpenedolo,2022,stranieri_nati_all_estero,1548
017039,Carpenedolo,2022,stranieri_nati_in_italia,418
017039,Carpenedolo,2022,stranieri_nati_in_italia_minorenni,401
017039,Carpenedolo,2023,italiani,11012
017039,Carpenedolo,2023,italiani_acquisiti,1179
017039,Carpenedolo,2023,italiani_acquisiti_nati_all_estero,715
017039,Carpenedolo,2023,italiani_acquisiti_nati_in_italia,464
017039,Carpenedolo,2023,italiani_acquisiti_nati_in_italia_minorenni,340
017039,Carpenedolo,2023,italiani_dalla_nascita,9833
017039,Carpenedolo,2023,italiani_dalla_nascita_nati_all_estero,66
017039,Carpenedolo,2023,italiani_dalla_nascita_nati_in_italia,9767
017039,Carpenedolo,2023,popolazione_residente,12986
017039,Carpenedolo,2023,stranieri,1974
017039,Carpenedolo,2023,stranieri_nati_all_estero,1561
017039,Carpenedolo,2023,stranieri_nati_in_italia,413
017039,Carpenedolo,2023,stranieri_nati_in_italia_minorenni,390
017040,Castegnato,2021,italiani,7403
017040,Castegnato,2021,italiani_acquisiti,344
017040,Castegnato,2021,italiani_acquisiti_nati_all_estero,249
017040,Castegnato,2021,italiani_acquisiti_nati_in_italia,95
017040,Castegnato,2021,italiani_acquisiti_nati_in_italia_minorenni,73
017040,Castegnato,2021,italiani_dalla_nascita,7059
017040,Castegnato,2021,italiani_dalla_nascita_nati_all_estero,73
017040,Castegnato,2021,italiani_dalla_nascita_nati_in_italia,6986
017040,Castegnato,2021,popolazione_residente,8327
017040,Castegnato,2021,stranieri,924
017040,Castegnato,2021,stranieri_nati_all_estero,728
017040,Castegnato,2021,stranieri_nati_in_italia,196
017040,Castegnato,2021,stranieri_nati_in_italia_minorenni,189
017040,Castegnato,2022,italiani,7452
017040,Castegnato,2022,italiani_acquisiti,412
017040,Castegnato,2022,italiani_acquisiti_nati_all_estero,297
017040,Castegnato,2022,italiani_acquisiti_nati_in_italia,115
017040,Castegnato,2022,italiani_acquisiti_nati_in_italia_minorenni,81
017040,Castegnato,2022,italiani_dalla_nascita,7040
017040,Castegnato,2022,italiani_dalla_nascita_nati_all_estero,81
017040,Castegnato,2022,italiani_dalla_nascita_nati_in_italia,6959
017040,Castegnato,2022,popolazione_residente,8340
017040,Castegnato,2022,stranieri,888
017040,Castegnato,2022,stranieri_nati_all_estero,707
017040,Castegnato,2022,stranieri_nati_in_italia,181
017040,Castegnato,2022,stranieri_nati_in_italia_minorenni,175
017040,Castegnato,2023,italiani,7470
017040,Castegnato,2023,italiani_acquisiti,428
017040,Castegnato,2023,italiani_acquisiti_nati_all_estero,305
017040,Castegnato,2023,italiani_acquisiti_nati_in_italia,123
017040,Castegnato,2023,italiani_acquisiti_nati_in_italia_minorenni,88
017040,Castegnato,2023,italiani_dalla_nascita,7042
017040,Castegnato,2023,italiani_dalla_nascita_nati_all_estero,92
017040,Castegnato,2023,italiani_dalla_nascita_nati_in_italia,6950
017040,Castegnato,2023,popolazione_residente,8372
017040,Castegnato,2023,stranieri,902
017040,Castegnato,2023,stranieri_nati_all_estero,716
017040,Castegnato,2023,stranieri_nati_in_italia,186
017040,Castegnato,2023,stranieri_nati_in_italia_minorenni,178
017041,Castelcovati,2021,italiani,5384
017041,Castelcovati,2021,italiani_acquisiti,482
017041,Castelcovati,2021,italiani_acquisiti_nati_all_estero,287
017041,Castelcovati,2021,italiani_acquisiti_nati_in_italia,195
017041,Castelcovati,2021,italiani_acquisiti_nati_in_italia_minorenni,163
017041,Castelcovati,2021,italiani_dalla_nascita,4902
017041,Castelcovati,2021,italiani_dalla_nascita_nati_all_estero,35
017041,Castelcovati,2021,italiani_dalla_nascita_nati_in_italia,4867
017041,Castelcovati,2021,popolazione_residente,6785
017041,Castelcovati,2021,stranieri,1401
017041,Castelcovati,2021,stranieri_nati_all_estero,1054
017041,Castelcovati,2021,stranieri_nati_in_italia,347
017041,Castelcovati,2021,stranieri_nati_in_italia_minorenni,342
017041,Castelcovati,2022,italiani,5547
017041,Castelcovati,2022,italiani_acquisiti,648
017041,Castelcovati,2022,italiani_acquisiti_nati_all_estero,383
017041,Castelcovati,2022,italiani_acquisiti_nati_in_italia,265
017041,Castelcovati,2022,italiani_acquisiti_nati_in_italia_minorenni,221
017041,Castelcovati,2022,italiani_dalla_nascita,4899
017041,Castelcovati,2022,italiani_dalla_nascita_nati_all_estero,37
017041,Castelcovati,2022,italiani_dalla_nascita_nati_in_italia,4862
017041,Castelcovati,2022,popolazione_residente,6875
017041,Castelcovati,2022,stranieri,1328
017041,Castelcovati,2022,stranieri_nati_all_estero,1039
017041,Castelcovati,2022,stranieri_nati_in_italia,289
017041,Castelcovati,2022,stranieri_nati_in_italia_minorenni,281
017041,Castelcovati,2023,italiani,5588
017041,Castelcovati,2023,italiani_acquisiti,729
017041,Castelcovati,2023,italiani_acquisiti_nati_all_estero,438
017041,Castelcovati,2023,italiani_acquisiti_nati_in_italia,291
017041,Castelcovati,2023,italiani_acquisiti_nati_in_italia_minorenni,232
017041,Castelcovati,2023,italiani_dalla_nascita,4859
017041,Castelcovati,2023,italiani_dalla_nascita_nati_all_estero,40
017041,Castelcovati,2023,italiani_dalla_nascita_nati_in_italia,4819
017041,Castelcovati,2023,popolazione_residente,6929
017041,Castelcovati,2023,stranieri,1341
017041,Castelcovati,2023,stranieri_nati_all_estero,1067
017041,Castelcovati,2023,stranieri_nati_in_italia,274
017041,Castelcovati,2023,stranieri_nati_in_italia_minorenni,267
017042,Castel Mella,2021,italiani,10082
017042,Castel Mella,2021,italiani_acquisiti,348
017042,Castel Mella,2021,italiani_acquisiti_nati_all_estero,244
017042,Castel Mella,2021,italiani_acquisiti_nati_in_italia,104
017042,Castel Mella,2021,italiani_acquisiti_nati_in_italia_minorenni,75
017042,Castel Mella,2021,italiani_dalla_nascita,9734
017042,Castel Mella,2021,italiani_dalla_nascita_nati_all_estero,132
017042,Castel Mella,2021,italiani_dalla_nascita_nati_in_italia,9602
017042,Castel Mella,2021,popolazione_residente,10993
017042,Castel Mella,2021,stranieri,911
017042,Castel Mella,2021,stranieri_nati_all_estero,747
017042,Castel Mella,2021,stranieri_nati_in_italia,164
017042,Castel Mella,2021,stranieri_nati_in_italia_minorenni,159
017042,Castel Mella,2022,italiani,10045
017042,Castel Mella,2022,italiani_acquisiti,407
017042,Castel Mella,2022,italiani_acquisiti_nati_all_estero,279
017042,Castel Mella,2022,italiani_acquisiti_nati_in_italia,128
017042,Castel Mella,2022,italiani_acquisiti_nati_in_italia_minorenni,89
017042,Castel Mella,2022,italiani_dalla_nascita,9638
017042,Castel Mella,2022,italiani_dalla_nascita_nati_all_estero,138
017042,Castel Mella,2022,italiani_dalla_nascita_nati_in_italia,9500
017042,Castel Mella,2022,popolazione_residente,10909
017042,Castel Mella,2022,stranieri,864
017042,Castel Mella,2022,stranieri_nati_all_estero,717
017042,Castel Mella,2022,stranieri_nati_in_italia,147
017042,Castel Mella,2022,stranieri_nati_in_italia_minorenni,140
017042,Castel Mella,2023,italiani,9943
017042,Castel Mella,2023,italiani_acquisiti,429
017042,Castel Mella,2023,italiani_acquisiti_nati_all_estero,290
017042,Castel Mella,2023,italiani_acquisiti_nati_in_italia,139
017042,Castel Mella,2023,italiani_acquisiti_nati_in_italia_minorenni,91
017042,Castel Mella,2023,italiani_dalla_nascita,9514
017042,Castel Mella,2023,italiani_dalla_nascita_nati_all_estero,133
017042,Castel Mella,2023,italiani_dalla_nascita_nati_in_italia,9381
017042,Castel Mella,2023,popolazione_residente,10886
017042,Castel Mella,2023,stranieri,943
017042,Castel Mella,2023,stranieri_nati_all_estero,784
017042,Castel Mella,2023,stranieri_nati_in_italia,159
017042,Castel Mella,2023,stranieri_nati_in_italia_minorenni,149
017043,Castenedolo,2021,italiani,10412
017043,Castenedolo,2021,italiani_acquisiti,553
017043,Castenedolo,2021,italiani_acquisiti_nati_all_estero,377
017043,Castenedolo,2021,italiani_acquisiti_nati_in_italia,176
017043,Castenedolo,2021,italiani_acquisiti_nati_in_italia_minorenni,130
017043,Castenedolo,2021,italiani_dalla_nascita,9859
017043,Castenedolo,2021,italiani_dalla_nascita_nati_all_estero,91
017043,Castenedolo,2021,italiani_dalla_nascita_nati_in_italia,9768
017043,Castenedolo,2021,popolazione_residente,11553
017043,Castenedolo,2021,stranieri,1141
017043,Castenedolo,2021,stranieri_nati_all_estero,919
017043,Castenedolo,2021,stranieri_nati_in_italia,222
017043,Castenedolo,2021,stranieri_nati_in_italia_minorenni,204
017043,Castenedolo,2022,italiani,10435
017043,Castenedolo,2022,italiani_acquisiti,631
017043,Castenedolo,2022,italiani_acquisiti_nati_all_estero,422
017043,Castenedolo,2022,italiani_acquisiti_nati_in_italia,209
017043,Castenedolo,2022,italiani_acquisiti_nati_in_italia_minorenni,151
017043,Castenedolo,2022,italiani_dalla_nascita,9804
017043,Castenedolo,2022,italiani_dalla_nascita_nati_all_estero,96
017043,Castenedolo,2022,italiani_dalla_nascita_nati_in_italia,9708
017043,Castenedolo,2022,popolazione_residente,11596
017043,Castenedolo,2022,stranieri,1161
017043,Castenedolo,2022,stranieri_nati_all_estero,944
017043,Castenedolo,2022,stranieri_nati_in_italia,217
017043,Castenedolo,2022,stranieri_nati_in_italia_minorenni,196
017043,Castenedolo,2023,italiani,10522
017043,Castenedolo,2023,italiani_acquisiti,642
017043,Castenedolo,2023,italiani_acquisiti_nati_all_estero,428
017043,Castenedolo,2023,italiani_acquisiti_nati_in_italia,214
017043,Castenedolo,2023,italiani_acquisiti_nati_in_italia_minorenni,152
017043,Castenedolo,2023,italiani_dalla_nascita,9880
017043,Castenedolo,2023,italiani_dalla_nascita_nati_all_estero,97
017043,Castenedolo,2023,italiani_dalla_nascita_nati_in_italia,9783
017043,Castenedolo,2023,popolazione_residente,11709
017043,Castenedolo,2023,stranieri,1187
017043,Castenedolo,2023,stranieri_nati_all_estero,974
017043,Castenedolo,2023,stranieri_nati_in_italia,213
017043,Castenedolo,2023,stranieri_nati_in_italia_minorenni,197
017044,Casto,2021,italiani,1464
017044,Casto,2021,italiani_acquisiti,95
017044,Casto,2021,italiani_acquisiti_nati_all_estero,52
017044,Casto,2021,italiani_acquisiti_nati_in_italia,43
017044,Casto,2021,italiani_acquisiti_nati_in_italia_minorenni,30
017044,Casto,2021,italiani_dalla_nascita,1369
017044,Casto,2021,italiani_dalla_nascita_nati_all_estero,4
017044,Casto,2021,italiani_dalla_nascita_nati_in_italia,1365
017044,Casto,2021,popolazione_residente,1625
017044,Casto,2021,stranieri,161
017044,Casto,2021,stranieri_nati_all_estero,119
017044,Casto,2021,stranieri_nati_in_italia,42
017044,Casto,2021,stranieri_nati_in_italia_minorenni,39
017044,Casto,2022,italiani,1454
017044,Casto,2022,italiani_acquisiti,99
017044,Casto,2022,italiani_acquisiti_nati_all_estero,55
017044,Casto,2022,italiani_acquisiti_nati_in_italia,44
017044,Casto,2022,italiani_acquisiti_nati_in_italia_minorenni,29
017044,Casto,2022,italiani_dalla_nascita,1355
017044,Casto,2022,italiani_dalla_nascita_nati_all_estero,7
017044,Casto,2022,italiani_dalla_nascita_nati_in_italia,1348
017044,Casto,2022,popolazione_residente,1607
017044,Casto,2022,stranieri,153
017044,Casto,2022,stranieri_nati_all_estero,112
017044,Casto,2022,stranieri_nati_in_italia,41
017044,Casto,2022,stranieri_nati_in_italia_minorenni,37
017044,Casto,2023,italiani,1462
017044,Casto,2023,italiani_acquisiti,109
017044,Casto,2023,italiani_acquisiti_nati_all_estero,60
017044,Casto,2023,italiani_acquisiti_nati_in_italia,49
017044,Casto,2023,italiani_acquisiti_nati_in_italia_minorenni,28
017044,Casto,2023,italiani_dalla_nascita,1353
017044,Casto,2023,italiani_dalla_nascita_nati_all_estero,5
017044,Casto,2023,italiani_dalla_nascita_nati_in_italia,1348
017044,Casto,2023,popolazione_residente,1638
017044,Casto,2023,stranieri,176
017044,Casto,2023,stranieri_nati_all_estero,131
017044,Casto,2023,stranieri_nati_in_italia,45
017044,Casto,2023,stranieri_nati_in_italia_minorenni,40
017045,Castrezzato,2021,italiani,6342
017045,Castrezzato,2021,italiani_acquisiti,555
017045,Castrezzato,2021,italiani_acquisiti_nati_all_estero,320
017045,Castrezzato,2021,italiani_acquisiti_nati_in_italia,235
017045,Castrezzato,2021,italiani_acquisiti_nati_in_italia_minorenni,173
017045,Castrezzato,2021,italiani_dalla_nascita,5787
017045,Castrezzato,2021,italiani_dalla_nascita_nati_all_estero,50
017045,Castrezzato,2021,italiani_dalla_nascita_nati_in_italia,5737
017045,Castrezzato,2021,popolazione_residente,7494
017045,Castrezzato,2021,stranieri,1152
017045,Castrezzato,2021,stranieri_nati_all_estero,874
017045,Castrezzato,2021,stranieri_nati_in_italia,278
017045,Castrezzato,2021,stranieri_nati_in_italia_minorenni,270
017045,Castrezzato,2022,italiani,6539
017045,Castrezzato,2022,italiani_acquisiti,707
017045,Castrezzato,2022,italiani_acquisiti_nati_all_estero,397
017045,Castrezzato,2022,italiani_acquisiti_nati_in_italia,310
017045,Castrezzato,2022,italiani_acquisiti_nati_in_italia_minorenni,234
017045,Castrezzato,2022,italiani_dalla_nascita,5832
017045,Castrezzato,2022,italiani_dalla_nascita_nati_all_estero,57
017045,Castrezzato,2022,italiani_dalla_nascita_nati_in_italia,5775
017045,Castrezzato,2022,popolazione_residente,7593
017045,Castrezzato,2022,stranieri,1054
017045,Castrezzato,2022,stranieri_nati_all_estero,847
017045,Castrezzato,2022,stranieri_nati_in_italia,207
017045,Castrezzato,2022,stranieri_nati_in_italia_minorenni,200
017045,Castrezzato,2023,italiani,6631
017045,Castrezzato,2023,italiani_acquisiti,777
017045,Castrezzato,2023,italiani_acquisiti_nati_all_estero,437
017045,Castrezzato,2023,italiani_acquisiti_nati_in_italia,340
017045,Castrezzato,2023,italiani_acquisiti_nati_in_italia_minorenni,248
017045,Castrezzato,2023,italiani_dalla_nascita,5854
017045,Castrezzato,2023,italiani_dalla_nascita_nati_all_estero,59
017045,Castrezzato,2023,italiani_dalla_nascita_nati_in_italia,5795
017045,Castrezzato,2023,popolazione_residente,7713
017045,Castrezzato,2023,stranieri,1082
017045,Castrezzato,2023,stranieri_nati_all_estero,873
017045,Castrezzato,2023,stranieri_nati_in_italia,209
017045,Castrezzato,2023,stranieri_nati_in_italia_minorenni,202
017046,Cazzago San Martino,2021,italiani,10099
017046,Cazzago San Martino,2021,italiani_acquisiti,455
017046,Cazzago San Martino,2021,italiani_acquisiti_nati_all_estero,311
017046,Cazzago San Martino,2021,italiani_acquisiti_nati_in_italia,144
017046,Cazzago San Martino,2021,italiani_acquisiti_nati_in_italia_minorenni,109
017046,Cazzago San Martino,2021,italiani_dalla_nascita,9644
017046,Cazzago San Martino,2021,italiani_dalla_nascita_nati_all_estero,89
017046,Cazzago San Martino,2021,italiani_dalla_nascita_nati_in_italia,9555
017046,Cazzago San Martino,2021,popolazione_residente,10749
017046,Cazzago San Martino,2021,stranieri,650
017046,Cazzago San Martino,2021,stranieri_nati_all_estero,524
017046,Cazzago San Martino,2021,stranieri_nati_in_italia,126
017046,Cazzago San Martino,2021,stranieri_nati_in_italia_minorenni,120
017046,Cazzago San Martino,2022,italiani,10053
017046,Cazzago San Martino,2022,italiani_acquisiti,487
017046,Cazzago San Martino,2022,italiani_acquisiti_nati_all_estero,332
017046,Cazzago San Martino,2022,italiani_acquisiti_nati_in_italia,155
017046,Cazzago San Martino,2022,italiani_acquisiti_nati_in_italia_minorenni,107
017046,Cazzago San Martino,2022,italiani_dalla_nascita,9566
017046,Cazzago San Martino,2022,italiani_dalla_nascita_nati_all_estero,85
017046,Cazzago San Martino,2022,italiani_dalla_nascita_nati_in_italia,9481
017046,Cazzago San Martino,2022,popolazione_residente,10704
017046,Cazzago San Martino,2022,stranieri,651
017046,Cazzago San Martino,2022,stranieri_nati_all_estero,535
017046,Cazzago San Martino,2022,stranieri_nati_in_italia,116
017046,Cazzago San Martino,2022,stranieri_nati_in_italia_minorenni,110
017046,Cazzago San Martino,2023,italiani,10105
017046,Cazzago San Martino,2023,italiani_acquisiti,528
017046,Cazzago San Martino,2023,italiani_acquisiti_nati_all_estero,359
017046,Cazzago San Martino,2023,italiani_acquisiti_nati_in_italia,169
017046,Cazzago San Martino,2023,italiani_acquisiti_nati_in_italia_minorenni,109
017046,Cazzago San Martino,2023,italiani_dalla_nascita,9577
017046,Cazzago San Martino,2023,italiani_dalla_nascita_nati_all_estero,84
017046,Cazzago San Martino,2023,italiani_dalla_nascita_nati_in_italia,9493
017046,Cazzago San Martino,2023,popolazione_residente,10796
017046,Cazzago San Martino,2023,stranieri,691
017046,Cazzago San Martino,2023,stranieri_nati_all_estero,574
017046,Cazzago San Martino,2023,stranieri_nati_in_italia,117
017046,Cazzago San Martino,2023,stranieri_nati_in_italia_minorenni,107
017047,Cedegolo,2021,italiani,991
017047,Cedegolo,2021,italiani_acquisiti,21
017047,Cedegolo,2021,italiani_acquisiti_nati_all_estero,18
017047,Cedegolo,2021,italiani_acquisiti_nati_in_italia,3
017047,Cedegolo,2021,italiani_acquisiti_nati_in_italia_minorenni,1
017047,Cedegolo,2021,italiani_dalla_nascita,970
017047,Cedegolo,2021,italiani_dalla_nascita_nati_all_estero,6
017047,Cedegolo,2021,italiani_dalla_nascita_nati_in_italia,964
017047,Cedegolo,2021,popolazione_residente,1098
017047,Cedegolo,2021,stranieri,107
017047,Cedegolo,2021,stranieri_nati_all_estero,83
017047,Cedegolo,2021,stranieri_nati_in_italia,24
017047,Cedegolo,2021,stranieri_nati_in_italia_minorenni,24
017047,Cedegolo,2022,italiani,999
017047,Cedegolo,2022,italiani_acquisiti,38
017047,Cedegolo,2022,italiani_acquisiti_nati_all_estero,26
017047,Cedegolo,2022,italiani_acquisiti_nati_in_italia,12
017047,Cedegolo,2022,italiani_acquisiti_nati_in_italia_minorenni,10
017047,Cedegolo,2022,italiani_dalla_nascita,961
017047,Cedegolo,2022,italiani_dalla_nascita_nati_all_estero,5
017047,Cedegolo,2022,italiani_dalla_nascita_nati_in_italia,956
017047,Cedegolo,2022,popolazione_residente,1095
017047,Cedegolo,2022,stranieri,96
017047,Cedegolo,2022,stranieri_nati_all_estero,80
017047,Cedegolo,2022,stranieri_nati_in_italia,16
017047,Cedegolo,2022,stranieri_nati_in_italia_minorenni,16
017047,Cedegolo,2023,italiani,1008
017047,Cedegolo,2023,italiani_acquisiti,38
017047,Cedegolo,2023,italiani_acquisiti_nati_all_estero,26
017047,Cedegolo,2023,italiani_acquisiti_nati_in_italia,12
017047,Cedegolo,2023,italiani_acquisiti_nati_in_italia_minorenni,10
017047,Cedegolo,2023,italiani_dalla_nascita,970
017047,Cedegolo,2023,italiani_dalla_nascita_nati_all_estero,5
017047,Cedegolo,2023,italiani_dalla_nascita_nati_in_italia,965
017047,Cedegolo,2023,popolazione_residente,1109
017047,Cedegolo,2023,stranieri,101
017047,Cedegolo,2023,stranieri_nati_all_estero,83
017047,Cedegolo,2023,stranieri_nati_in_italia,18
017047,Cedegolo,2023,stranieri_nati_in_italia_minorenni,17
017048,Cellatica,2021,italiani,4493
017048,Cellatica,2021,italiani_acquisiti,145
017048,Cellatica,2021,italiani_acquisiti_nati_all_estero,109
017048,Cellatica,2021,italiani_acquisiti_nati_in_italia,36
017048,Cellatica,2021,italiani_acquisiti_nati_in_italia_minorenni,24
017048,Cellatica,2021,italiani_dalla_nascita,4348
017048,Cellatica,2021,italiani_dalla_nascita_nati_all_estero,75
017048,Cellatica,2021,italiani_dalla_nascita_nati_in_italia,4273
017048,Cellatica,2021,popolazione_residente,4862
017048,Cellatica,2021,stranieri,369
017048,Cellatica,2021,stranieri_nati_all_estero,311
017048,Cellatica,2021,stranieri_nati_in_italia,58
017048,Cellatica,2021,stranieri_nati_in_italia_minorenni,54
017048,Cellatica,2022,italiani,4505
017048,Cellatica,2022,italiani_acquisiti,176
017048,Cellatica,2022,italiani_acquisiti_nati_all_estero,129
017048,Cellatica,2022,italiani_acquisiti_nati_in_italia,47
017048,Cellatica,2022,italiani_acquisiti_nati_in_italia_minorenni,33
017048,Cellatica,2022,italiani_dalla_nascita,4329
017048,Cellatica,2022,italiani_dalla_nascita_nati_all_estero,74
017048,Cellatica,2022,italiani_dalla_nascita_nati_in_italia,4255
017048,Cellatica,2022,popolazione_residente,4859
017048,Cellatica,2022,stranieri,354
017048,Cellatica,2022,stranieri_nati_all_estero,306
017048,Cellatica,2022,stranieri_nati_in_italia,48
017048,Cellatica,2022,stranieri_nati_in_italia_minorenni,44
017048,Cellatica,2023,italiani,4477
017048,Cellatica,2023,italiani_acquisiti,177
017048,Cellatica,2023,italiani_acquisiti_nati_all_estero,131
017048,Cellatica,2023,italiani_acquisiti_nati_in_italia,46
017048,Cellatica,2023,italiani_acquisiti_nati_in_italia_minorenni,31
017048,Cellatica,2023,italiani_dalla_nascita,4300
017048,Cellatica,2023,italiani_dalla_nascita_nati_all_estero,67
017048,Cellatica,2023,italiani_dalla_nascita_nati_in_italia,4233
017048,Cellatica,2023,popolazione_residente,4845
017048,Cellatica,2023,stranieri,368
017048,Cellatica,2023,stranieri_nati_all_estero,326
017048,Cellatica,2023,stranieri_nati_in_italia,42
017048,Cellatica,2023,stranieri_nati_in_italia_minorenni,37
017049,Cerveno,2021,italiani,637
017049,Cerveno,2021,italiani_acquisiti,8
017049,Cerveno,2021,italiani_acquisiti_nati_all_estero,7
017049,Cerveno,2021,italiani_acquisiti_nati_in_italia,1
017049,Cerveno,2021,italiani_acquisiti_nati_in_italia_minorenni,1
017049,Cerveno,2021,italiani_dalla_nascita,629
017049,Cerveno,2021,italiani_dalla_nascita_nati_all_estero,5
017049,Cerveno,2021,italiani_dalla_nascita_nati_in_italia,624
017049,Cerveno,2021,popolazione_residente,657
017049,Cerveno,2021,stranieri,20
017049,Cerveno,2021,stranieri_nati_all_estero,14
017049,Cerveno,2021,stranieri_nati_in_italia,6
017049,Cerveno,2021,stranieri_nati_in_italia_minorenni,6
017049,Cerveno,2022,italiani,642
017049,Cerveno,2022,italiani_acquisiti,8
017049,Cerveno,2022,italiani_acquisiti_nati_all_estero,7
017049,Cerveno,2022,italiani_acquisiti_nati_in_italia,1
017049,Cerveno,2022,italiani_acquisiti_nati_in_italia_minorenni,1
017049,Cerveno,2022,italiani_dalla_nascita,634
017049,Cerveno,2022,italiani_dalla_nascita_nati_all_estero,5
017049,Cerveno,2022,italiani_dalla_nascita_nati_in_italia,629
017049,Cerveno,2022,popolazione_residente,659
017049,Cerveno,2022,stranieri,17
017049,Cerveno,2022,stranieri_nati_all_estero,13
017049,Cerveno,2022,stranieri_nati_in_italia,4
017049,Cerveno,2022,stranieri_nati_in_italia_minorenni,3
017049,Cerveno,2023,italiani,672
017049,Cerveno,2023,italiani_acquisiti,11
017049,Cerveno,2023,italiani_acquisiti_nati_all_estero,9
017049,Cerveno,2023,italiani_acquisiti_nati_in_italia,2
017049,Cerveno,2023,italiani_acquisiti_nati_in_italia_minorenni,1
017049,Cerveno,2023,italiani_dalla_nascita,661
017049,Cerveno,2023,italiani_dalla_nascita_nati_all_estero,6
017049,Cerveno,2023,italiani_dalla_nascita_nati_in_italia,655
017049,Cerveno,2023,popolazione_residente,693
017049,Cerveno,2023,stranieri,21
017049,Cerveno,2023,stranieri_nati_all_estero,14
017049,Cerveno,2023,stranieri_nati_in_italia,7
017049,Cerveno,2023,stranieri_nati_in_italia_minorenni,6
017050,Ceto,2021,italiani,1694
017050,Ceto,2021,italiani_acquisiti,34
017050,Ceto,2021,italiani_acquisiti_nati_all_estero,23
017050,Ceto,2021,italiani_acquisiti_nati_in_italia,11
017050,Ceto,2021,italiani_acquisiti_nati_in_italia_minorenni,8
017050,Ceto,2021,italiani_dalla_nascita,1660
017050,Ceto,2021,italiani_dalla_nascita_nati_all_estero,15
017050,Ceto,2021,italiani_dalla_nascita_nati_in_italia,1645
017050,Ceto,2021,popolazione_residente,1788
017050,Ceto,2021,stranieri,94
017050,Ceto,2021,stranieri_nati_all_estero,81
017050,Ceto,2021,stranieri_nati_in_italia,13
017050,Ceto,2021,stranieri_nati_in_italia_minorenni,13
017050,Ceto,2022,italiani,1690
017050,Ceto,2022,italiani_acquisiti,39
017050,Ceto,2022,italiani_acquisiti_nati_all_estero,27
017050,Ceto,2022,italiani_acquisiti_nati_in_italia,12
017050,Ceto,2022,italiani_acquisiti_nati_in_italia_minorenni,8
017050,Ceto,2022,italiani_dalla_nascita,1651
017050,Ceto,2022,italiani_dalla_nascita_nati_all_estero,16
017050,Ceto,2022,italiani_dalla_nascita_nati_in_italia,1635
017050,Ceto,2022,popolazione_residente,1773
017050,Ceto,2022,stranieri,83
017050,Ceto,2022,stranieri_nati_all_estero,74
017050,Ceto,2022,stranieri_nati_in_italia,9
017050,Ceto,2022,stranieri_nati_in_italia_minorenni,9
017050,Ceto,2023,italiani,1671
017050,Ceto,2023,italiani_acquisiti,42
017050,Ceto,2023,italiani_acquisiti_nati_all_estero,30
017050,Ceto,2023,italiani_acquisiti_nati_in_italia,12
017050,Ceto,2023,italiani_acquisiti_nati_in_italia_minorenni,7
017050,Ceto,2023,italiani_dalla_nascita,1629
017050,Ceto,2023,italiani_dalla_nascita_nati_all_estero,17
017050,Ceto,2023,italiani_dalla_nascita_nati_in_italia,1612
017050,Ceto,2023,popolazione_residente,1768
017050,Ceto,2023,stranieri,97
017050,Ceto,2023,stranieri_nati_all_estero,86
017050,Ceto,2023,stranieri_nati_in_italia,11
017050,Ceto,2023,stranieri_nati_in_italia_minorenni,11
017051,Cevo,2021,italiani,807
017051,Cevo,2021,italiani_acquisiti,9
017051,Cevo,2021,italiani_acquisiti_nati_all_estero,8
017051,Cevo,2021,italiani_acquisiti_nati_in_italia,1
017051,Cevo,2021,italiani_acquisiti_nati_in_italia_minorenni,1
017051,Cevo,2021,italiani_dalla_nascita,798
017051,Cevo,2021,italiani_dalla_nascita_nati_all_estero,14
017051,Cevo,2021,italiani_dalla_nascita_nati_in_italia,784
017051,Cevo,2021,popolazione_residente,820
017051,Cevo,2021,stranieri,13
017051,Cevo,2021,stranieri_nati_all_estero,13
017051,Cevo,2022,italiani,796
017051,Cevo,2022,italiani_acquisiti,8
017051,Cevo,2022,italiani_acquisiti_nati_all_estero,7
017051,Cevo,2022,italiani_acquisiti_nati_in_italia,1
017051,Cevo,2022,italiani_acquisiti_nati_in_italia_minorenni,1
017051,Cevo,2022,italiani_dalla_nascita,788
017051,Cevo,2022,italiani_dalla_nascita_nati_all_estero,14
017051,Cevo,2022,italiani_dalla_nascita_nati_in_italia,774
017051,Cevo,2022,popolazione_residente,816
017051,Cevo,2022,stranieri,20
017051,Cevo,2022,stranieri_nati_all_estero,20
017051,Cevo,2023,italiani,786
017051,Cevo,2023,italiani_acquisiti,7
017051,Cevo,2023,italiani_acquisiti_nati_all_estero,7
017051,Cevo,2023,italiani_dalla_nascita,779
017051,Cevo,2023,italiani_dalla_nascita_nati_all_estero,13
017051,Cevo,2023,italiani_dalla_nascita_nati_in_italia,766
017051,Cevo,2023,popolazione_residente,802
017051,Cevo,2023,stranieri,16
017051,Cevo,2023,stranieri_nati_all_estero,16
017052,Chiari,2021,italiani,15809
017052,Chiari,2021,italiani_acquisiti,1120
017052,Chiari,2021,italiani_acquisiti_nati_all_estero,674
017052,Chiari,2021,italiani_acquisiti_nati_in_italia,446
017052,Chiari,2021,italiani_acquisiti_nati_in_italia_minorenni,312
017052,Chiari,2021,italiani_dalla_nascita,14689
017052,Chiari,2021,italiani_dalla_nascita_nati_all_estero,144
017052,Chiari,2021,italiani_dalla_nascita_nati_in_italia,14545
017052,Chiari,2021,popolazione_residente,19131
017052,Chiari,2021,stranieri,3322
017052,Chiari,2021,stranieri_nati_all_estero,2547
017052,Chiari,2021,stranieri_nati_in_italia,775
017052,Chiari,2021,stranieri_nati_in_italia_minorenni,763
017052,Chiari,2022,italiani,16019
017052,Chiari,2022,italiani_acquisiti,1431
017052,Chiari,2022,italiani_acquisiti_nati_all_estero,849
017052,Chiari,2022,italiani_acquisiti_nati_in_italia,582
017052,Chiari,2022,italiani_acquisiti_nati_in_italia_minorenni,416
017052,Chiari,2022,italiani_dalla_nascita,14588
017052,Chiari,2022,italiani_dalla_nascita_nati_all_estero,153
017052,Chiari,2022,italiani_dalla_nascita_nati_in_italia,14435
017052,Chiari,2022,popolazione_residente,19225
017052,Chiari,2022,stranieri,3206
017052,Chiari,2022,stranieri_nati_all_estero,2513
017052,Chiari,2022,stranieri_nati_in_italia,693
017052,Chiari,2022,stranieri_nati_in_italia_minorenni,669
017052,Chiari,2023,italiani,16099
017052,Chiari,2023,italiani_acquisiti,1623
017052,Chiari,2023,italiani_acquisiti_nati_all_estero,968
017052,Chiari,2023,italiani_acquisiti_nati_in_italia,655
017052,Chiari,2023,italiani_acquisiti_nati_in_italia_minorenni,442
017052,Chiari,2023,italiani_dalla_nascita,14476
017052,Chiari,2023,italiani_dalla_nascita_nati_all_estero,155
017052,Chiari,2023,italiani_dalla_nascita_nati_in_italia,14321
017052,Chiari,2023,popolazione_residente,19347
017052,Chiari,2023,stranieri,3248
017052,Chiari,2023,stranieri_nati_all_estero,2563
017052,Chiari,2023,stranieri_nati_in_italia,685
017052,Chiari,2023,stranieri_nati_in_italia_minorenni,661
017053,Cigole,2021,italiani,1312
017053,Cigole,2021,italiani_acquisiti,83
017053,Cigole,2021,italiani_acquisiti_nati_all_estero,51
017053,Cigole,2021,italiani_acquisiti_nati_in_italia,32
017053,Cigole,2021,italiani_acquisiti_nati_in_italia_minorenni,21
017053,Cigole,2021,italiani_dalla_nascita,1229
017053,Cigole,2021,italiani_dalla_nascita_nati_all_estero,6
017053,Cigole,2021,italiani_dalla_nascita_nati_in_italia,1223
017053,Cigole,2021,popolazione_residente,1441
017053,Cigole,2021,stranieri,129
017053,Cigole,2021,stranieri_nati_all_estero,106
017053,Cigole,2021,stranieri_nati_in_italia,23
017053,Cigole,2021,stranieri_nati_in_italia_minorenni,23
017053,Cigole,2022,italiani,1309
017053,Cigole,2022,italiani_acquisiti,96
017053,Cigole,2022,italiani_acquisiti_nati_all_estero,60
017053,Cigole,2022,italiani_acquisiti_nati_in_italia,36
017053,Cigole,2022,italiani_acquisiti_nati_in_italia_minorenni,25
017053,Cigole,2022,italiani_dalla_nascita,1213
017053,Cigole,2022,italiani_dalla_nascita_nati_all_estero,6
017053,Cigole,2022,italiani_dalla_nascita_nati_in_italia,1207
017053,Cigole,2022,popolazione_residente,1453
017053,Cigole,2022,stranieri,144
017053,Cigole,2022,stranieri_nati_all_estero,120
017053,Cigole,2022,stranieri_nati_in_italia,24
017053,Cigole,2022,stranieri_nati_in_italia_minorenni,24
017053,Cigole,2023,italiani,1315
017053,Cigole,2023,italiani_acquisiti,107
017053,Cigole,2023,italiani_acquisiti_nati_all_estero,70
017053,Cigole,2023,italiani_acquisiti_nati_in_italia,37
017053,Cigole,2023,italiani_acquisiti_nati_in_italia_minorenni,25
017053,Cigole,2023,italiani_dalla_nascita,1208
017053,Cigole,2023,italiani_dalla_nascita_nati_all_estero,11
017053,Cigole,2023,italiani_dalla_nascita_nati_in_italia,1197
017053,Cigole,2023,popolazione_residente,1485
017053,Cigole,2023,stranieri,170
017053,Cigole,2023,stranieri_nati_all_estero,144
017053,Cigole,2023,stranieri_nati_in_italia,26
017053,Cigole,2023,stranieri_nati_in_italia_minorenni,26
017054,Cimbergo,2021,italiani,536
017054,Cimbergo,2021,italiani_acquisiti,6
017054,Cimbergo,2021,italiani_acquisiti_nati_all_estero,6
017054,Cimbergo,2021,italiani_dalla_nascita,530
017054,Cimbergo,2021,italiani_dalla_nascita_nati_all_estero,8
017054,Cimbergo,2021,italiani_dalla_nascita_nati_in_italia,522
017054,Cimbergo,2021,popolazione_residente,543
017054,Cimbergo,2021,stranieri,7
017054,Cimbergo,2021,stranieri_nati_all_estero,7
017054,Cimbergo,2022,italiani,527
017054,Cimbergo,2022,italiani_acquisiti,6
017054,Cimbergo,2022,italiani_acquisiti_nati_all_estero,6
017054,Cimbergo,2022,italiani_dalla_nascita,521
017054,Cimbergo,2022,italiani_dalla_nascita_nati_all_estero,8
017054,Cimbergo,2022,italiani_dalla_nascita_nati_in_italia,513
017054,Cimbergo,2022,popolazione_residente,533
017054,Cimbergo,2022,stranieri,6
017054,Cimbergo,2022,stranieri_nati_all_estero,6
017054,Cimbergo,2023,italiani,528
017054,Cimbergo,2023,italiani_acquisiti,6
017054,Cimbergo,2023,italiani_acquisiti_nati_all_estero,6
017054,Cimbergo,2023,italiani_dalla_nascita,522
017054,Cimbergo,2023,italiani_dalla_nascita_nati_all_estero,8
017054,Cimbergo,2023,italiani_dalla_nascita_nati_in_italia,514
017054,Cimbergo,2023,popolazione_residente,535
017054,Cimbergo,2023,stranieri,7
017054,Cimbergo,2023,stranieri_nati_all_estero,7
017055,Cividate Camuno,2021,italiani,2498
017055,Cividate Camuno,2021,italiani_acquisiti,54
017055,Cividate Camuno,2021,italiani_acquisiti_nati_all_estero,38
017055,Cividate Camuno,2021,italiani_acquisiti_nati_in_italia,16
017055,Cividate Camuno,2021,italiani_acquisiti_nati_in_italia_minorenni,16
017055,Cividate Camuno,2021,italiani_dalla_nascita,2444
017055,Cividate Camuno,2021,italiani_dalla_nascita_nati_all_estero,39
017055,Cividate Camuno,2021,italiani_dalla_nascita_nati_in_italia,2405
017055,Cividate Camuno,2021,popolazione_residente,2655
017055,Cividate Camuno,2021,stranieri,157
017055,Cividate Camuno,2021,stranieri_nati_all_estero,130
017055,Cividate Camuno,2021,stranieri_nati_in_italia,27
017055,Cividate Camuno,2021,stranieri_nati_in_italia_minorenni,26
017055,Cividate Camuno,2022,italiani,2482
017055,Cividate Camuno,2022,italiani_acquisiti,60
017055,Cividate Camuno,2022,italiani_acquisiti_nati_all_estero,41
017055,Cividate Camuno,2022,italiani_acquisiti_nati_in_italia,19
017055,Cividate Camuno,2022,italiani_acquisiti_nati_in_italia_minorenni,18
017055,Cividate Camuno,2022,italiani_dalla_nascita,2422
017055,Cividate Camuno,2022,italiani_dalla_nascita_nati_all_estero,39
017055,Cividate Camuno,2022,italiani_dalla_nascita_nati_in_italia,2383
017055,Cividate Camuno,2022,popolazione_residente,2656
017055,Cividate Camuno,2022,stranieri,174
017055,Cividate Camuno,2022,stranieri_nati_all_estero,146
017055,Cividate Camuno,2022,stranieri_nati_in_italia,28
017055,Cividate Camuno,2022,stranieri_nati_in_italia_minorenni,26
017055,Cividate Camuno,2023,italiani,2490
017055,Cividate Camuno,2023,italiani_acquisiti,76
017055,Cividate Camuno,2023,italiani_acquisiti_nati_all_estero,49
017055,Cividate Camuno,2023,italiani_acquisiti_nati_in_italia,27
017055,Cividate Camuno,2023,italiani_acquisiti_nati_in_italia_minorenni,23
017055,Cividate Camuno,2023,italiani_dalla_nascita,2414
017055,Cividate Camuno,2023,italiani_dalla_nascita_nati_all_estero,40
017055,Cividate Camuno,2023,italiani_dalla_nascita_nati_in_italia,2374
017055,Cividate Camuno,2023,popolazione_residente,2677
017055,Cividate Camuno,2023,stranieri,187
017055,Cividate Camuno,2023,stranieri_nati_all_estero,162
017055,Cividate Camuno,2023,stranieri_nati_in_italia,25
017055,Cividate Camuno,2023,stranieri_nati_in_italia_minorenni,24
017056,Coccaglio,2021,italiani,7367
017056,Coccaglio,2021,italiani_acquisiti,692
017056,Coccaglio,2021,italiani_acquisiti_nati_all_estero,442
017056,Coccaglio,2021,italiani_acquisiti_nati_in_italia,250
017056,Coccaglio,2021,italiani_acquisiti_nati_in_italia_minorenni,190
017056,Coccaglio,2021,italiani_dalla_nascita,6675
017056,Coccaglio,2021,italiani_dalla_nascita_nati_all_estero,78
017056,Coccaglio,2021,italiani_dalla_nascita_nati_in_italia,6597
017056,Coccaglio,2021,popolazione_residente,8728
017056,Coccaglio,2021,stranieri,1361
017056,Coccaglio,2021,stranieri_nati_all_estero,1101
017056,Coccaglio,2021,stranieri_nati_in_italia,260
017056,Coccaglio,2021,stranieri_nati_in_italia_minorenni,251
017056,Coccaglio,2022,italiani,7443
017056,Coccaglio,2022,italiani_acquisiti,796
017056,Coccaglio,2022,italiani_acquisiti_nati_all_estero,501
017056,Coccaglio,2022,italiani_acquisiti_nati_in_italia,295
017056,Coccaglio,2022,italiani_acquisiti_nati_in_italia_minorenni,224
017056,Coccaglio,2022,italiani_dalla_nascita,6647
017056,Coccaglio,2022,italiani_dalla_nascita_nati_all_estero,88
017056,Coccaglio,2022,italiani_dalla_nascita_nati_in_italia,6559
017056,Coccaglio,2022,popolazione_residente,8771
017056,Coccaglio,2022,stranieri,1328
017056,Coccaglio,2022,stranieri_nati_all_estero,1087
017056,Coccaglio,2022,stranieri_nati_in_italia,241
017056,Coccaglio,2022,stranieri_nati_in_italia_minorenni,233
017056,Coccaglio,2023,italiani,7504
017056,Coccaglio,2023,italiani_acquisiti,845
017056,Coccaglio,2023,italiani_acquisiti_nati_all_estero,531
017056,Coccaglio,2023,italiani_acquisiti_nati_in_italia,314
017056,Coccaglio,2023,italiani_acquisiti_nati_in_italia_minorenni,222
017056,Coccaglio,2023,italiani_dalla_nascita,6659
017056,Coccaglio,2023,italiani_dalla_nascita_nati_all_estero,88
017056,Coccaglio,2023,italiani_dalla_nascita_nati_in_italia,6571
017056,Coccaglio,2023,popolazione_residente,8827
017056,Coccaglio,2023,stranieri,1323
017056,Coccaglio,2023,stranieri_nati_all_estero,1087
017056,Coccaglio,2023,stranieri_nati_in_italia,236
017056,Coccaglio,2023,stranieri_nati_in_italia_minorenni,230
017057,Collebeato,2021,italiani,4306
017057,Collebeato,2021,italiani_acquisiti,92
017057,Collebeato,2021,italiani_acquisiti_nati_all_estero,73
017057,Collebeato,2021,italiani_acquisiti_nati_in_italia,19
017057,Collebeato,2021,italiani_acquisiti_nati_in_italia_minorenni,11
017057,Collebeato,2021,italiani_dalla_nascita,4214
017057,Collebeato,2021,italiani_dalla_nascita_nati_all_estero,48
017057,Collebeato,2021,italiani_dalla_nascita_nati_in_italia,4166
017057,Collebeato,2021,popolazione_residente,4479
017057,Collebeato,2021,stranieri,173
017057,Collebeato,2021,stranieri_nati_all_estero,148
017057,Collebeato,2021,stranieri_nati_in_italia,25
017057,Collebeato,2021,stranieri_nati_in_italia_minorenni,24
017057,Collebeato,2022,italiani,4265
017057,Collebeato,2022,italiani_acquisiti,105
017057,Collebeato,2022,italiani_acquisiti_nati_all_estero,82
017057,Collebeato,2022,italiani_acquisiti_nati_in_italia,23
017057,Collebeato,2022,italiani_acquisiti_nati_in_italia_minorenni,16
017057,Collebeato,2022,italiani_dalla_nascita,4160
017057,Collebeato,2022,italiani_dalla_nascita_nati_all_estero,57
017057,Collebeato,2022,italiani_dalla_nascita_nati_in_italia,4103
017057,Collebeato,2022,popolazione_residente,4454
017057,Collebeato,2022,stranieri,189
017057,Collebeato,2022,stranieri_nati_all_estero,166
017057,Collebeato,2022,stranieri_nati_in_italia,23
017057,Collebeato,2022,stranieri_nati_in_italia_minorenni,20
017057,Collebeato,2023,italiani,4236
017057,Collebeato,2023,italiani_acquisiti,99
017057,Collebeato,2023,italiani_acquisiti_nati_all_estero,75
017057,Collebeato,2023,italiani_acquisiti_nati_in_italia,24
017057,Collebeato,2023,italiani_acquisiti_nati_in_italia_minorenni,14
017057,Collebeato,2023,italiani_dalla_nascita,4137
017057,Collebeato,2023,italiani_dalla_nascita_nati_all_estero,54
017057,Collebeato,2023,italiani_dalla_nascita_nati_in_italia,4083
017057,Collebeato,2023,popolazione_residente,4436
017057,Collebeato,2023,stranieri,200
017057,Collebeato,2023,stranieri_nati_all_estero,179
017057,Collebeato,2023,stranieri_nati_in_italia,21
017057,Collebeato,2023,stranieri_nati_in_italia_minorenni,20
017058,Collio,2021,italiani,1933
017058,Collio,2021,italiani_acquisiti,55
017058,Collio,2021,italiani_acquisiti_nati_all_estero,42
017058,Collio,2021,italiani_acquisiti_nati_in_italia,13
017058,Collio,2021,italiani_acquisiti_nati_in_italia_minorenni,11
017058,Collio,2021,italiani_dalla_nascita,1878
017058,Collio,2021,italiani_dalla_nascita_nati_all_estero,26
017058,Collio,2021,italiani_dalla_nascita_nati_in_italia,1852
017058,Collio,2021,popolazione_residente,2041
017058,Collio,2021,stranieri,108
017058,Collio,2021,stranieri_nati_all_estero,93
017058,Collio,2021,stranieri_nati_in_italia,15
017058,Collio,2021,stranieri_nati_in_italia_minorenni,15
017058,Collio,2022,italiani,1892
017058,Collio,2022,italiani_acquisiti,54
017058,Collio,2022,italiani_acquisiti_nati_all_estero,41
017058,Collio,2022,italiani_acquisiti_nati_in_italia,13
017058,Collio,2022,italiani_acquisiti_nati_in_italia_minorenni,11
017058,Collio,2022,italiani_dalla_nascita,1838
017058,Collio,2022,italiani_dalla_nascita_nati_all_estero,23
017058,Collio,2022,italiani_dalla_nascita_nati_in_italia,1815
017058,Collio,2022,popolazione_residente,1991
017058,Collio,2022,stranieri,99
017058,Collio,2022,stranieri_nati_all_estero,87
017058,Collio,2022,stranieri_nati_in_italia,12
017058,Collio,2022,stranieri_nati_in_italia_minorenni,12
017058,Collio,2023,italiani,1879
017058,Collio,2023,italiani_acquisiti,44
017058,Collio,2023,italiani_acquisiti_nati_all_estero,32
017058,Collio,2023,italiani_acquisiti_nati_in_italia,12
017058,Collio,2023,italiani_acquisiti_nati_in_italia_minorenni,8
017058,Collio,2023,italiani_dalla_nascita,1835
017058,Collio,2023,italiani_dalla_nascita_nati_all_estero,31
017058,Collio,2023,italiani_dalla_nascita_nati_in_italia,1804
017058,Collio,2023,popolazione_residente,1994
017058,Collio,2023,stranieri,115
017058,Collio,2023,stranieri_nati_all_estero,104
017058,Collio,2023,stranieri_nati_in_italia,11
017058,Collio,2023,stranieri_nati_in_italia_minorenni,9
017059,Cologne,2021,italiani,6700
017059,Cologne,2021,italiani_acquisiti,422
017059,Cologne,2021,italiani_acquisiti_nati_all_estero,260
017059,Cologne,2021,italiani_acquisiti_nati_in_italia,162
017059,Cologne,2021,italiani_acquisiti_nati_in_italia_minorenni,110
017059,Cologne,2021,italiani_dalla_nascita,6278
017059,Cologne,2021,italiani_dalla_nascita_nati_all_estero,62
017059,Cologne,2021,italiani_dalla_nascita_nati_in_italia,6216
017059,Cologne,2021,popolazione_residente,7562
017059,Cologne,2021,stranieri,862
017059,Cologne,2021,stranieri_nati_all_estero,660
017059,Cologne,2021,stranieri_nati_in_italia,202
017059,Cologne,2021,stranieri_nati_in_italia_minorenni,198
017059,Cologne,2022,italiani,6798
017059,Cologne,2022,italiani_acquisiti,518
017059,Cologne,2022,italiani_acquisiti_nati_all_estero,310
017059,Cologne,2022,italiani_acquisiti_nati_in_italia,208
017059,Cologne,2022,italiani_acquisiti_nati_in_italia_minorenni,144
017059,Cologne,2022,italiani_dalla_nascita,6280
017059,Cologne,2022,italiani_dalla_nascita_nati_all_estero,65
017059,Cologne,2022,italiani_dalla_nascita_nati_in_italia,6215
017059,Cologne,2022,popolazione_residente,7602
017059,Cologne,2022,stranieri,804
017059,Cologne,2022,stranieri_nati_all_estero,640
017059,Cologne,2022,stranieri_nati_in_italia,164
017059,Cologne,2022,stranieri_nati_in_italia_minorenni,157
017059,Cologne,2023,italiani,6822
017059,Cologne,2023,italiani_acquisiti,559
017059,Cologne,2023,italiani_acquisiti_nati_all_estero,333
017059,Cologne,2023,italiani_acquisiti_nati_in_italia,226
017059,Cologne,2023,italiani_acquisiti_nati_in_italia_minorenni,152
017059,Cologne,2023,italiani_dalla_nascita,6263
017059,Cologne,2023,italiani_dalla_nascita_nati_all_estero,69
017059,Cologne,2023,italiani_dalla_nascita_nati_in_italia,6194
017059,Cologne,2023,popolazione_residente,7607
017059,Cologne,2023,stranieri,785
017059,Cologne,2023,stranieri_nati_all_estero,628
017059,Cologne,2023,stranieri_nati_in_italia,157
017059,Cologne,2023,stranieri_nati_in_italia_minorenni,149
017060,Comezzano-Cizzago,2021,italiani,3590
017060,Comezzano-Cizzago,2021,italiani_acquisiti,217
017060,Comezzano-Cizzago,2021,italiani_acquisiti_nati_all_estero,133
017060,Comezzano-Cizzago,2021,italiani_acquisiti_nati_in_italia,84
017060,Comezzano-Cizzago,2021,italiani_acquisiti_nati_in_italia_minorenni,71
017060,Comezzano-Cizzago,2021,italiani_dalla_nascita,3373
017060,Comezzano-Cizzago,2021,italiani_dalla_nascita_nati_all_estero,22
017060,Comezzano-Cizzago,2021,italiani_dalla_nascita_nati_in_italia,3351
017060,Comezzano-Cizzago,2021,popolazione_residente,4029
017060,Comezzano-Cizzago,2021,stranieri,439
017060,Comezzano-Cizzago,2021,stranieri_nati_all_estero,351
017060,Comezzano-Cizzago,2021,stranieri_nati_in_italia,88
017060,Comezzano-Cizzago,2021,stranieri_nati_in_italia_minorenni,85
017060,Comezzano-Cizzago,2022,italiani,3670
017060,Comezzano-Cizzago,2022,italiani_acquisiti,287
017060,Comezzano-Cizzago,2022,italiani_acquisiti_nati_all_estero,171
017060,Comezzano-Cizzago,2022,italiani_acquisiti_nati_in_italia,116
017060,Comezzano-Cizzago,2022,italiani_acquisiti_nati_in_italia_minorenni,100
017060,Comezzano-Cizzago,2022,italiani_dalla_nascita,3383
017060,Comezzano-Cizzago,2022,italiani_dalla_nascita_nati_all_estero,24
017060,Comezzano-Cizzago,2022,italiani_dalla_nascita_nati_in_italia,3359
017060,Comezzano-Cizzago,2022,popolazione_residente,4102
017060,Comezzano-Cizzago,2022,stranieri,432
017060,Comezzano-Cizzago,2022,stranieri_nati_all_estero,356
017060,Comezzano-Cizzago,2022,stranieri_nati_in_italia,76
017060,Comezzano-Cizzago,2022,stranieri_nati_in_italia_minorenni,73
017060,Comezzano-Cizzago,2023,italiani,3670
017060,Comezzano-Cizzago,2023,italiani_acquisiti,300
017060,Comezzano-Cizzago,2023,italiani_acquisiti_nati_all_estero,180
017060,Comezzano-Cizzago,2023,italiani_acquisiti_nati_in_italia,120
017060,Comezzano-Cizzago,2023,italiani_acquisiti_nati_in_italia_minorenni,91
017060,Comezzano-Cizzago,2023,italiani_dalla_nascita,3370
017060,Comezzano-Cizzago,2023,italiani_dalla_nascita_nati_all_estero,20
017060,Comezzano-Cizzago,2023,italiani_dalla_nascita_nati_in_italia,3350
017060,Comezzano-Cizzago,2023,popolazione_residente,4150
017060,Comezzano-Cizzago,2023,stranieri,480
017060,Comezzano-Cizzago,2023,stranieri_nati_all_estero,401
017060,Comezzano-Cizzago,2023,stranieri_nati_in_italia,79
017060,Comezzano-Cizzago,2023,stranieri_nati_in_italia_minorenni,73
017061,Concesio,2021,italiani,14423
017061,Concesio,2021,italiani_acquisiti,588
017061,Concesio,2021,italiani_acquisiti_nati_all_estero,438
017061,Concesio,2021,italiani_acquisiti_nati_in_italia,150
017061,Concesio,2021,italiani_acquisiti_nati_in_italia_minorenni,105
017061,Concesio,2021,italiani_dalla_nascita,13835
017061,Concesio,2021,italiani_dalla_nascita_nati_all_estero,144
017061,Concesio,2021,italiani_dalla_nascita_nati_in_italia,13691
017061,Concesio,2021,popolazione_residente,15623
017061,Concesio,2021,stranieri,1200
017061,Concesio,2021,stranieri_nati_all_estero,988
017061,Concesio,2021,stranieri_nati_in_italia,212
017061,Concesio,2021,stranieri_nati_in_italia_minorenni,205
017061,Concesio,2022,italiani,14513
017061,Concesio,2022,italiani_acquisiti,673
017061,Concesio,2022,italiani_acquisiti_nati_all_estero,494
017061,Concesio,2022,italiani_acquisiti_nati_in_italia,179
017061,Concesio,2022,italiani_acquisiti_nati_in_italia_minorenni,126
017061,Concesio,2022,italiani_dalla_nascita,13840
017061,Concesio,2022,italiani_dalla_nascita_nati_all_estero,150
017061,Concesio,2022,italiani_dalla_nascita_nati_in_italia,13690
017061,Concesio,2022,popolazione_residente,15698
017061,Concesio,2022,stranieri,1185
017061,Concesio,2022,stranieri_nati_all_estero,983
017061,Concesio,2022,stranieri_nati_in_italia,202
017061,Concesio,2022,stranieri_nati_in_italia_minorenni,190
017061,Concesio,2023,italiani,14445
017061,Concesio,2023,italiani_acquisiti,696
017061,Concesio,2023,italiani_acquisiti_nati_all_estero,506
017061,Concesio,2023,italiani_acquisiti_nati_in_italia,190
017061,Concesio,2023,italiani_acquisiti_nati_in_italia_minorenni,125
017061,Concesio,2023,italiani_dalla_nascita,13749
017061,Concesio,2023,italiani_dalla_nascita_nati_all_estero,156
017061,Concesio,2023,italiani_dalla_nascita_nati_in_italia,13593
017061,Concesio,2023,popolazione_residente,15661
017061,Concesio,2023,stranieri,1216
017061,Concesio,2023,stranieri_nati_all_estero,1015
017061,Concesio,2023,stranieri_nati_in_italia,201
017061,Concesio,2023,stranieri_nati_in_italia_minorenni,189
017062,Corte Franca,2021,italiani,6691
017062,Corte Franca,2021,italiani_acquisiti,213
017062,Corte Franca,2021,italiani_acquisiti_nati_all_estero,160
017062,Corte Franca,2021,italiani_acquisiti_nati_in_italia,53
017062,Corte Franca,2021,italiani_acquisiti_nati_in_italia_minorenni,33
017062,Corte Franca,2021,italiani_dalla_nascita,6478
017062,Corte Franca,2021,italiani_dalla_nascita_nati_all_estero,53
017062,Corte Franca,2021,italiani_dalla_nascita_nati_in_italia,6425
017062,Corte Franca,2021,popolazione_residente,7147
017062,Corte Franca,2021,stranieri,456
017062,Corte Franca,2021,stranieri_nati_all_estero,376
017062,Corte Franca,2021,stranieri_nati_in_italia,80
017062,Corte Franca,2021,stranieri_nati_in_italia_minorenni,76
017062,Corte Franca,2022,italiani,6731
017062,Corte Franca,2022,italiani_acquisiti,239
017062,Corte Franca,2022,italiani_acquisiti_nati_all_estero,179
017062,Corte Franca,2022,italiani_acquisiti_nati_in_italia,60
017062,Corte Franca,2022,italiani_acquisiti_nati_in_italia_minorenni,40
017062,Corte Franca,2022,italiani_dalla_nascita,6492
017062,Corte Franca,2022,italiani_dalla_nascita_nati_all_estero,59
017062,Corte Franca,2022,italiani_dalla_nascita_nati_in_italia,6433
017062,Corte Franca,2022,popolazione_residente,7173
017062,Corte Franca,2022,stranieri,442
017062,Corte Franca,2022,stranieri_nati_all_estero,363
017062,Corte Franca,2022,stranieri_nati_in_italia,79
017062,Corte Franca,2022,stranieri_nati_in_italia_minorenni,73
017062,Corte Franca,2023,italiani,6727
017062,Corte Franca,2023,italiani_acquisiti,272
017062,Corte Franca,2023,italiani_acquisiti_nati_all_estero,199
017062,Corte Franca,2023,italiani_acquisiti_nati_in_italia,73
017062,Corte Franca,2023,italiani_acquisiti_nati_in_italia_minorenni,41
017062,Corte Franca,2023,italiani_dalla_nascita,6455
017062,Corte Franca,2023,italiani_dalla_nascita_nati_all_estero,62
017062,Corte Franca,2023,italiani_dalla_nascita_nati_in_italia,6393
017062,Corte Franca,2023,popolazione_residente,7176
017062,Corte Franca,2023,stranieri,449
017062,Corte Franca,2023,stranieri_nati_all_estero,373
017062,Corte Franca,2023,stranieri_nati_in_italia,76
017062,Corte Franca,2023,stranieri_nati_in_italia_minorenni,71
017063,Corteno Golgi,2021,italiani,1862
017063,Corteno Golgi,2021,italiani_acquisiti,13
017063,Corteno Golgi,2021,italiani_acquisiti_nati_all_estero,12
017063,Corteno Golgi,2021,italiani_acquisiti_nati_in_italia,1
017063,Corteno Golgi,2021,italiani_acquisiti_nati_in_italia_minorenni,1
017063,Corteno Golgi,2021,italiani_dalla_nascita,1849
017063,Corteno Golgi,2021,italiani_dalla_nascita_nati_all_estero,18
017063,Corteno Golgi,2021,italiani_dalla_nascita_nati_in_italia,1831
017063,Corteno Golgi,2021,popolazione_residente,1922
017063,Corteno Golgi,2021,stranieri,60
017063,Corteno Golgi,2021,stranieri_nati_all_estero,48
017063,Corteno Golgi,2021,stranieri_nati_in_italia,12
017063,Corteno Golgi,2021,stranieri_nati_in_italia_minorenni,12
017063,Corteno Golgi,2022,italiani,1853
017063,Corteno Golgi,2022,italiani_acquisiti,12
017063,Corteno Golgi,2022,italiani_acquisiti_nati_all_estero,11
017063,Corteno Golgi,2022,italiani_acquisiti_nati_in_italia,1
017063,Corteno Golgi,2022,italiani_acquisiti_nati_in_italia_minorenni,1
017063,Corteno Golgi,2022,italiani_dalla_nascita,1841
017063,Corteno Golgi,2022,italiani_dalla_nascita_nati_all_estero,25
017063,Corteno Golgi,2022,italiani_dalla_nascita_nati_in_italia,1816
017063,Corteno Golgi,2022,popolazione_residente,1910
017063,Corteno Golgi,2022,stranieri,57
017063,Corteno Golgi,2022,stranieri_nati_all_estero,52
017063,Corteno Golgi,2022,stranieri_nati_in_italia,5
017063,Corteno Golgi,2022,stranieri_nati_in_italia_minorenni,5
017063,Corteno Golgi,2023,italiani,1854
017063,Corteno Golgi,2023,italiani_acquisiti,13
017063,Corteno Golgi,2023,italiani_acquisiti_nati_all_estero,12
017063,Corteno Golgi,2023,italiani_acquisiti_nati_in_italia,1
017063,Corteno Golgi,2023,italiani_acquisiti_nati_in_italia_minorenni,1
017063,Corteno Golgi,2023,italiani_dalla_nascita,1841
017063,Corteno Golgi,2023,italiani_dalla_nascita_nati_all_estero,25
017063,Corteno Golgi,2023,italiani_dalla_nascita_nati_in_italia,1816
017063,Corteno Golgi,2023,popolazione_residente,1908
017063,Corteno Golgi,2023,stranieri,54
017063,Corteno Golgi,2023,stranieri_nati_all_estero,49
017063,Corteno Golgi,2023,stranieri_nati_in_italia,5
017063,Corteno Golgi,2023,stranieri_nati_in_italia_minorenni,5
017064,Corzano,2021,italiani,1356
017064,Corzano,2021,italiani_acquisiti,53
017064,Corzano,2021,italiani_acquisiti_nati_all_estero,36
017064,Corzano,2021,italiani_acquisiti_nati_in_italia,17
017064,Corzano,2021,italiani_acquisiti_nati_in_italia_minorenni,11
017064,Corzano,2021,italiani_dalla_nascita,1303
017064,Corzano,2021,italiani_dalla_nascita_nati_all_estero,8
017064,Corzano,2021,italiani_dalla_nascita_nati_in_italia,1295
017064,Corzano,2021,popolazione_residente,1419
017064,Corzano,2021,stranieri,63
017064,Corzano,2021,stranieri_nati_all_estero,56
017064,Corzano,2021,stranieri_nati_in_italia,7
017064,Corzano,2021,stranieri_nati_in_italia_minorenni,7
017064,Corzano,2022,italiani,1349
017064,Corzano,2022,italiani_acquisiti,50
017064,Corzano,2022,italiani_acquisiti_nati_all_estero,34
017064,Corzano,2022,italiani_acquisiti_nati_in_italia,16
017064,Corzano,2022,italiani_acquisiti_nati_in_italia_minorenni,9
017064,Corzano,2022,italiani_dalla_nascita,1299
017064,Corzano,2022,italiani_dalla_nascita_nati_all_estero,11
017064,Corzano,2022,italiani_dalla_nascita_nati_in_italia,1288
017064,Corzano,2022,popolazione_residente,1429
017064,Corzano,2022,stranieri,80
017064,Corzano,2022,stranieri_nati_all_estero,71
017064,Corzano,2022,stranieri_nati_in_italia,9
017064,Corzano,2022,stranieri_nati_in_italia_minorenni,9
017064,Corzano,2023,italiani,1357
017064,Corzano,2023,italiani_acquisiti,54
017064,Corzano,2023,italiani_acquisiti_nati_all_estero,37
017064,Corzano,2023,italiani_acquisiti_nati_in_italia,17
017064,Corzano,2023,italiani_acquisiti_nati_in_italia_minorenni,9
017064,Corzano,2023,italiani_dalla_nascita,1303
017064,Corzano,2023,italiani_dalla_nascita_nati_all_estero,10
017064,Corzano,2023,italiani_dalla_nascita_nati_in_italia,1293
017064,Corzano,2023,popolazione_residente,1440
017064,Corzano,2023,stranieri,83
017064,Corzano,2023,stranieri_nati_all_estero,72
017064,Corzano,2023,stranieri_nati_in_italia,11
017064,Corzano,2023,stranieri_nati_in_italia_minorenni,11
017065,Darfo Boario Terme,2021,italiani,13115
017065,Darfo Boario Terme,2021,italiani_acquisiti,722
017065,Darfo Boario Terme,2021,italiani_acquisiti_nati_all_estero,486
017065,Darfo Boario Terme,2021,italiani_acquisiti_nati_in_italia,236
017065,Darfo Boario Terme,2021,italiani_acquisiti_nati_in_italia_minorenni,161
017065,Darfo Boario Terme,2021,italiani_dalla_nascita,12393
017065,Darfo Boario Terme,2021,italiani_dalla_nascita_nati_all_estero,233
017065,Darfo Boario Terme,2021,italiani_dalla_nascita_nati_in_italia,12160
017065,Darfo Boario Terme,2021,popolazione_residente,15546
017065,Darfo Boario Terme,2021,stranieri,2431
017065,Darfo Boario Terme,2021,stranieri_nati_all_estero,1967
017065,Darfo Boario Terme,2021,stranieri_nati_in_italia,464
017065,Darfo Boario Terme,2021,stranieri_nati_in_italia_minorenni,459
017065,Darfo Boario Terme,2022,italiani,13171
017065,Darfo Boario Terme,2022,italiani_acquisiti,850
017065,Darfo Boario Terme,2022,italiani_acquisiti_nati_all_estero,569
017065,Darfo Boario Terme,2022,italiani_acquisiti_nati_in_italia,281
017065,Darfo Boario Terme,2022,italiani_acquisiti_nati_in_italia_minorenni,190
017065,Darfo Boario Terme,2022,italiani_dalla_nascita,12321
017065,Darfo Boario Terme,2022,italiani_dalla_nascita_nati_all_estero,237
017065,Darfo Boario Terme,2022,italiani_dalla_nascita_nati_in_italia,12084
017065,Darfo Boario Terme,2022,popolazione_residente,15655
017065,Darfo Boario Terme,2022,stranieri,2484
017065,Darfo Boario Terme,2022,stranieri_nati_all_estero,2027
017065,Darfo Boario Terme,2022,stranieri_nati_in_italia,457
017065,Darfo Boario Terme,2022,stranieri_nati_in_italia_minorenni,447
017065,Darfo Boario Terme,2023,italiani,13229
017065,Darfo Boario Terme,2023,italiani_acquisiti,988
017065,Darfo Boario Terme,2023,italiani_acquisiti_nati_all_estero,661
017065,Darfo Boario Terme,2023,italiani_acquisiti_nati_in_italia,327
017065,Darfo Boario Terme,2023,italiani_acquisiti_nati_in_italia_minorenni,226
017065,Darfo Boario Terme,2023,italiani_dalla_nascita,12241
017065,Darfo Boario Terme,2023,italiani_dalla_nascita_nati_all_estero,241
017065,Darfo Boario Terme,2023,italiani_dalla_nascita_nati_in_italia,12000
017065,Darfo Boario Terme,2023,popolazione_residente,15748
017065,Darfo Boario Terme,2023,stranieri,2519
017065,Darfo Boario Terme,2023,stranieri_nati_all_estero,2064
017065,Darfo Boario Terme,2023,stranieri_nati_in_italia,455
017065,Darfo Boario Terme,2023,stranieri_nati_in_italia_minorenni,433
017066,Dello,2021,italiani,4947
017066,Dello,2021,italiani_acquisiti,312
017066,Dello,2021,italiani_acquisiti_nati_all_estero,214
017066,Dello,2021,italiani_acquisiti_nati_in_italia,98
017066,Dello,2021,italiani_acquisiti_nati_in_italia_minorenni,69
017066,Dello,2021,italiani_dalla_nascita,4635
017066,Dello,2021,italiani_dalla_nascita_nati_all_estero,27
017066,Dello,2021,italiani_dalla_nascita_nati_in_italia,4608
017066,Dello,2021,popolazione_residente,5578
017066,Dello,2021,stranieri,631
017066,Dello,2021,stranieri_nati_all_estero,514
017066,Dello,2021,stranieri_nati_in_italia,117
017066,Dello,2021,stranieri_nati_in_italia_minorenni,114
017066,Dello,2022,italiani,4990
017066,Dello,2022,italiani_acquisiti,355
017066,Dello,2022,italiani_acquisiti_nati_all_estero,243
017066,Dello,2022,italiani_acquisiti_nati_in_italia,112
017066,Dello,2022,italiani_acquisiti_nati_in_italia_minorenni,81
017066,Dello,2022,italiani_dalla_nascita,4635
017066,Dello,2022,italiani_dalla_nascita_nati_all_estero,28
017066,Dello,2022,italiani_dalla_nascita_nati_in_italia,4607
017066,Dello,2022,popolazione_residente,5619
017066,Dello,2022,stranieri,629
017066,Dello,2022,stranieri_nati_all_estero,528
017066,Dello,2022,stranieri_nati_in_italia,101
017066,Dello,2022,stranieri_nati_in_italia_minorenni,99
017066,Dello,2023,italiani,5024
017066,Dello,2023,italiani_acquisiti,378
017066,Dello,2023,italiani_acquisiti_nati_all_estero,261
017066,Dello,2023,italiani_acquisiti_nati_in_italia,117
017066,Dello,2023,italiani_acquisiti_nati_in_italia_minorenni,86
017066,Dello,2023,italiani_dalla_nascita,4646
017066,Dello,2023,italiani_dalla_nascita_nati_all_estero,30
017066,Dello,2023,italiani_dalla_nascita_nati_in_italia,4616
017066,Dello,2023,popolazione_residente,5656
017066,Dello,2023,stranieri,632
017066,Dello,2023,stranieri_nati_all_estero,544
017066,Dello,2023,stranieri_nati_in_italia,88
017066,Dello,2023,stranieri_nati_in_italia_minorenni,86
017067,Desenzano del Garda,2021,italiani,25451
017067,Desenzano del Garda,2021,italiani_acquisiti,1380
017067,Desenzano del Garda,2021,italiani_acquisiti_nati_all_estero,1078
017067,Desenzano del Garda,2021,italiani_acquisiti_nati_in_italia,302
017067,Desenzano del Garda,2021,italiani_acquisiti_nati_in_italia_minorenni,200
017067,Desenzano del Garda,2021,italiani_dalla_nascita,24071
017067,Desenzano del Garda,2021,italiani_dalla_nascita_nati_all_estero,527
017067,Desenzano del Garda,2021,italiani_dalla_nascita_nati_in_italia,23544
017067,Desenzano del Garda,2021,popolazione_residente,29093
017067,Desenzano del Garda,2021,stranieri,3642
017067,Desenzano del Garda,2021,stranieri_nati_all_estero,3107
017067,Desenzano del Garda,2021,stranieri_nati_in_italia,535
017067,Desenzano del Garda,2021,stranieri_nati_in_italia_minorenni,500
017067,Desenzano del Garda,2022,italiani,25635
017067,Desenzano del Garda,2022,italiani_acquisiti,1575
017067,Desenzano del Garda,2022,italiani_acquisiti_nati_all_estero,1217
017067,Desenzano del Garda,2022,italiani_acquisiti_nati_in_italia,358
017067,Desenzano del Garda,2022,italiani_acquisiti_nati_in_italia_minorenni,235
017067,Desenzano del Garda,2022,italiani_dalla_nascita,24060
017067,Desenzano del Garda,2022,italiani_dalla_nascita_nati_all_estero,550
017067,Desenzano del Garda,2022,italiani_dalla_nascita_nati_in_italia,23510
017067,Desenzano del Garda,2022,popolazione_residente,29197
017067,Desenzano del Garda,2022,stranieri,3562
017067,Desenzano del Garda,2022,stranieri_nati_all_estero,3087
017067,Desenzano del Garda,2022,stranieri_nati_in_italia,475
017067,Desenzano del Garda,2022,stranieri_nati_in_italia_minorenni,428
017067,Desenzano del Garda,2023,italiani,25725
017067,Desenzano del Garda,2023,italiani_acquisiti,1669
017067,Desenzano del Garda,2023,italiani_acquisiti_nati_all_estero,1282
017067,Desenzano del Garda,2023,italiani_acquisiti_nati_in_italia,387
017067,Desenzano del Garda,2023,italiani_acquisiti_nati_in_italia_minorenni,234
017067,Desenzano del Garda,2023,italiani_dalla_nascita,24056
017067,Desenzano del Garda,2023,italiani_dalla_nascita_nati_all_estero,576
017067,Desenzano del Garda,2023,italiani_dalla_nascita_nati_in_italia,23480
017067,Desenzano del Garda,2023,popolazione_residente,29255
017067,Desenzano del Garda,2023,stranieri,3530
017067,Desenzano del Garda,2023,stranieri_nati_all_estero,3086
017067,Desenzano del Garda,2023,stranieri_nati_in_italia,444
017067,Desenzano del Garda,2023,stranieri_nati_in_italia_minorenni,392
017068,Edolo,2021,italiani,4070
017068,Edolo,2021,italiani_acquisiti,97
017068,Edolo,2021,italiani_acquisiti_nati_all_estero,67
017068,Edolo,2021,italiani_acquisiti_nati_in_italia,30
017068,Edolo,2021,italiani_acquisiti_nati_in_italia_minorenni,24
017068,Edolo,2021,italiani_dalla_nascita,3973
017068,Edolo,2021,italiani_dalla_nascita_nati_all_estero,75
017068,Edolo,2021,italiani_dalla_nascita_nati_in_italia,3898
017068,Edolo,2021,popolazione_residente,4411
017068,Edolo,2021,stranieri,341
017068,Edolo,2021,stranieri_nati_all_estero,285
017068,Edolo,2021,stranieri_nati_in_italia,56
017068,Edolo,2021,stranieri_nati_in_italia_minorenni,56
017068,Edolo,2022,italiani,4067
017068,Edolo,2022,italiani_acquisiti,122
017068,Edolo,2022,italiani_acquisiti_nati_all_estero,85
017068,Edolo,2022,italiani_acquisiti_nati_in_italia,37
017068,Edolo,2022,italiani_acquisiti_nati_in_italia_minorenni,29
017068,Edolo,2022,italiani_dalla_nascita,3945
017068,Edolo,2022,italiani_dalla_nascita_nati_all_estero,79
017068,Edolo,2022,italiani_dalla_nascita_nati_in_italia,3866
017068,Edolo,2022,popolazione_residente,4391
017068,Edolo,2022,stranieri,324
017068,Edolo,2022,stranieri_nati_all_estero,278
017068,Edolo,2022,stranieri_nati_in_italia,46
017068,Edolo,2022,stranieri_nati_in_italia_minorenni,45
017068,Edolo,2023,italiani,4032
017068,Edolo,2023,italiani_acquisiti,118
017068,Edolo,2023,italiani_acquisiti_nati_all_estero,87
017068,Edolo,2023,italiani_acquisiti_nati_in_italia,31
017068,Edolo,2023,italiani_acquisiti_nati_in_italia_minorenni,20
017068,Edolo,2023,italiani_dalla_nascita,3914
017068,Edolo,2023,italiani_dalla_nascita_nati_all_estero,78
017068,Edolo,2023,italiani_dalla_nascita_nati_in_italia,3836
017068,Edolo,2023,popolazione_residente,4386
017068,Edolo,2023,stranieri,354
017068,Edolo,2023,stranieri_nati_all_estero,309
017068,Edolo,2023,stranieri_nati_in_italia,45
017068,Edolo,2023,stranieri_nati_in_italia_minorenni,44
017069,Erbusco,2021,italiani,7936
017069,Erbusco,2021,italiani_acquisiti,270
017069,Erbusco,2021,italiani_acquisiti_nati_all_estero,189
017069,Erbusco,2021,italiani_acquisiti_nati_in_italia,81
017069,Erbusco,2021,italiani_acquisiti_nati_in_italia_minorenni,62
017069,Erbusco,2021,italiani_dalla_nascita,7666
017069,Erbusco,2021,italiani_dalla_nascita_nati_all_estero,67
017069,Erbusco,2021,italiani_dalla_nascita_nati_in_italia,7599
017069,Erbusco,2021,popolazione_residente,8668
017069,Erbusco,2021,stranieri,732
017069,Erbusco,2021,stranieri_nati_all_estero,583
017069,Erbusco,2021,stranieri_nati_in_italia,149
017069,Erbusco,2021,stranieri_nati_in_italia_minorenni,142
017069,Erbusco,2022,italiani,8029
017069,Erbusco,2022,italiani_acquisiti,323
017069,Erbusco,2022,italiani_acquisiti_nati_all_estero,231
017069,Erbusco,2022,italiani_acquisiti_nati_in_italia,92
017069,Erbusco,2022,italiani_acquisiti_nati_in_italia_minorenni,71
017069,Erbusco,2022,italiani_dalla_nascita,7706
017069,Erbusco,2022,italiani_dalla_nascita_nati_all_estero,68
017069,Erbusco,2022,italiani_dalla_nascita_nati_in_italia,7638
017069,Erbusco,2022,popolazione_residente,8771
017069,Erbusco,2022,stranieri,742
017069,Erbusco,2022,stranieri_nati_all_estero,593
017069,Erbusco,2022,stranieri_nati_in_italia,149
017069,Erbusco,2022,stranieri_nati_in_italia_minorenni,144
017069,Erbusco,2023,italiani,8032
017069,Erbusco,2023,italiani_acquisiti,345
017069,Erbusco,2023,italiani_acquisiti_nati_all_estero,247
017069,Erbusco,2023,italiani_acquisiti_nati_in_italia,98
017069,Erbusco,2023,italiani_acquisiti_nati_in_italia_minorenni,70
017069,Erbusco,2023,italiani_dalla_nascita,7687
017069,Erbusco,2023,italiani_dalla_nascita_nati_all_estero,75
017069,Erbusco,2023,italiani_dalla_nascita_nati_in_italia,7612
017069,Erbusco,2023,popolazione_residente,8770
017069,Erbusco,2023,stranieri,738
017069,Erbusco,2023,stranieri_nati_all_estero,588
017069,Erbusco,2023,stranieri_nati_in_italia,150
017069,Erbusco,2023,stranieri_nati_in_italia_minorenni,146
017070,Esine,2021,italiani,4771
017070,Esine,2021,italiani_acquisiti,187
017070,Esine,2021,italiani_acquisiti_nati_all_estero,129
017070,Esine,2021,italiani_acquisiti_nati_in_italia,58
017070,Esine,2021,italiani_acquisiti_nati_in_italia_minorenni,35
017070,Esine,2021,italiani_dalla_nascita,4584
017070,Esine,2021,italiani_dalla_nascita_nati_all_estero,93
017070,Esine,2021,italiani_dalla_nascita_nati_in_italia,4491
017070,Esine,2021,popolazione_residente,5118
017070,Esine,2021,stranieri,347
017070,Esine,2021,stranieri_nati_all_estero,281
017070,Esine,2021,stranieri_nati_in_italia,66
017070,Esine,2021,stranieri_nati_in_italia_minorenni,64
017070,Esine,2022,italiani,4720
017070,Esine,2022,italiani_acquisiti,192
017070,Esine,2022,italiani_acquisiti_nati_all_estero,135
017070,Esine,2022,italiani_acquisiti_nati_in_italia,57
017070,Esine,2022,italiani_acquisiti_nati_in_italia_minorenni,31
017070,Esine,2022,italiani_dalla_nascita,4528
017070,Esine,2022,italiani_dalla_nascita_nati_all_estero,93
017070,Esine,2022,italiani_dalla_nascita_nati_in_italia,4435
017070,Esine,2022,popolazione_residente,5054
017070,Esine,2022,stranieri,334
017070,Esine,2022,stranieri_nati_all_estero,276
017070,Esine,2022,stranieri_nati_in_italia,58
017070,Esine,2022,stranieri_nati_in_italia_minorenni,57
017070,Esine,2023,italiani,4713
017070,Esine,2023,italiani_acquisiti,211
017070,Esine,2023,italiani_acquisiti_nati_all_estero,145
017070,Esine,2023,italiani_acquisiti_nati_in_italia,66
017070,Esine,2023,italiani_acquisiti_nati_in_italia_minorenni,37
017070,Esine,2023,italiani_dalla_nascita,4502
017070,Esine,2023,italiani_dalla_nascita_nati_all_estero,93
017070,Esine,2023,italiani_dalla_nascita_nati_in_italia,4409
017070,Esine,2023,popolazione_residente,5058
017070,Esine,2023,stranieri,345
017070,Esine,2023,stranieri_nati_all_estero,286
017070,Esine,2023,stranieri_nati_in_italia,59
017070,Esine,2023,stranieri_nati_in_italia_minorenni,58
017071,Fiesse,2021,italiani,1743
017071,Fiesse,2021,italiani_acquisiti,114
017071,Fiesse,2021,italiani_acquisiti_nati_all_estero,69
017071,Fiesse,2021,italiani_acquisiti_nati_in_italia,45
017071,Fiesse,2021,italiani_acquisiti_nati_in_italia_minorenni,31
017071,Fiesse,2021,italiani_dalla_nascita,1629
017071,Fiesse,2021,italiani_dalla_nascita_nati_all_estero,9
017071,Fiesse,2021,italiani_dalla_nascita_nati_in_italia,1620
017071,Fiesse,2021,popolazione_residente,2003
017071,Fiesse,2021,stranieri,260
017071,Fiesse,2021,stranieri_nati_all_estero,213
017071,Fiesse,2021,stranieri_nati_in_italia,47
017071,Fiesse,2021,stranieri_nati_in_italia_minorenni,47
017071,Fiesse,2022,italiani,1718
017071,Fiesse,2022,italiani_acquisiti,125
017071,Fiesse,2022,italiani_acquisiti_nati_all_estero,81
017071,Fiesse,2022,italiani_acquisiti_nati_in_italia,44
017071,Fiesse,2022,italiani_acquisiti_nati_in_italia_minorenni,32
017071,Fiesse,2022,italiani_dalla_nascita,1593
017071,Fiesse,2022,italiani_dalla_nascita_nati_all_estero,11
017071,Fiesse,2022,italiani_dalla_nascita_nati_in_italia,1582
017071,Fiesse,2022,popolazione_residente,1991
017071,Fiesse,2022,stranieri,273
017071,Fiesse,2022,stranieri_nati_all_estero,219
017071,Fiesse,2022,stranieri_nati_in_italia,54
017071,Fiesse,2022,stranieri_nati_in_italia_minorenni,51
017071,Fiesse,2023,italiani,1737
017071,Fiesse,2023,italiani_acquisiti,140
017071,Fiesse,2023,italiani_acquisiti_nati_all_estero,88
017071,Fiesse,2023,italiani_acquisiti_nati_in_italia,52
017071,Fiesse,2023,italiani_acquisiti_nati_in_italia_minorenni,34
017071,Fiesse,2023,italiani_dalla_nascita,1597
017071,Fiesse,2023,italiani_dalla_nascita_nati_all_estero,14
017071,Fiesse,2023,italiani_dalla_nascita_nati_in_italia,1583
017071,Fiesse,2023,popolazione_residente,2022
017071,Fiesse,2023,stranieri,285
017071,Fiesse,2023,stranieri_nati_all_estero,225
017071,Fiesse,2023,stranieri_nati_in_italia,60
017071,Fiesse,2023,stranieri_nati_in_italia_minorenni,58
017072,Flero,2021,italiani,8073
017072,Flero,2021,italiani_acquisiti,325
017072,Flero,2021,italiani_acquisiti_nati_all_estero,219
017072,Flero,2021,italiani_acquisiti_nati_in_italia,106
017072,Flero,2021,italiani_acquisiti_nati_in_italia_minorenni,79
017072,Flero,2021,italiani_dalla_nascita,7748
017072,Flero,2021,italiani_dalla_nascita_nati_all_estero,86
017072,Flero,2021,italiani_dalla_nascita_nati_in_italia,7662
017072,Flero,2021,popolazione_residente,8808
017072,Flero,2021,stranieri,735
017072,Flero,2021,stranieri_nati_all_estero,602
017072,Flero,2021,stranieri_nati_in_italia,133
017072,Flero,2021,stranieri_nati_in_italia_minorenni,125
017072,Flero,2022,italiani,8051
017072,Flero,2022,italiani_acquisiti,364
017072,Flero,2022,italiani_acquisiti_nati_all_estero,243
017072,Flero,2022,italiani_acquisiti_nati_in_italia,121
017072,Flero,2022,italiani_acquisiti_nati_in_italia_minorenni,87
017072,Flero,2022,italiani_dalla_nascita,7687
017072,Flero,2022,italiani_dalla_nascita_nati_all_estero,88
017072,Flero,2022,italiani_dalla_nascita_nati_in_italia,7599
017072,Flero,2022,popolazione_residente,8728
017072,Flero,2022,stranieri,677
017072,Flero,2022,stranieri_nati_all_estero,576
017072,Flero,2022,stranieri_nati_in_italia,101
017072,Flero,2022,stranieri_nati_in_italia_minorenni,90
017072,Flero,2023,italiani,8024
017072,Flero,2023,italiani_acquisiti,373
017072,Flero,2023,italiani_acquisiti_nati_all_estero,256
017072,Flero,2023,italiani_acquisiti_nati_in_italia,117
017072,Flero,2023,italiani_acquisiti_nati_in_italia_minorenni,76
017072,Flero,2023,italiani_dalla_nascita,7651
017072,Flero,2023,italiani_dalla_nascita_nati_all_estero,91
017072,Flero,2023,italiani_dalla_nascita_nati_in_italia,7560
017072,Flero,2023,popolazione_residente,8744
017072,Flero,2023,stranieri,720
017072,Flero,2023,stranieri_nati_all_estero,620
017072,Flero,2023,stranieri_nati_in_italia,100
017072,Flero,2023,stranieri_nati_in_italia_minorenni,91
017073,Gambara,2021,italiani,4144
017073,Gambara,2021,italiani_acquisiti,217
017073,Gambara,2021,italiani_acquisiti_nati_all_estero,143
017073,Gambara,2021,italiani_acquisiti_nati_in_italia,74
017073,Gambara,2021,italiani_acquisiti_nati_in_italia_minorenni,54
017073,Gambara,2021,italiani_dalla_nascita,3927
017073,Gambara,2021,italiani_dalla_nascita_nati_all_estero,27
017073,Gambara,2021,italiani_dalla_nascita_nati_in_italia,3900
017073,Gambara,2021,popolazione_residente,4549
017073,Gambara,2021,stranieri,405
017073,Gambara,2021,stranieri_nati_all_estero,324
017073,Gambara,2021,stranieri_nati_in_italia,81
017073,Gambara,2021,stranieri_nati_in_italia_minorenni,81
017073,Gambara,2022,italiani,4146
017073,Gambara,2022,italiani_acquisiti,262
017073,Gambara,2022,italiani_acquisiti_nati_all_estero,170
017073,Gambara,2022,italiani_acquisiti_nati_in_italia,92
017073,Gambara,2022,italiani_acquisiti_nati_in_italia_minorenni,69
017073,Gambara,2022,italiani_dalla_nascita,3884
017073,Gambara,2022,italiani_dalla_nascita_nati_all_estero,29
017073,Gambara,2022,italiani_dalla_nascita_nati_in_italia,3855
017073,Gambara,2022,popolazione_residente,4539
017073,Gambara,2022,stranieri,393
017073,Gambara,2022,stranieri_nati_all_estero,330
017073,Gambara,2022,stranieri_nati_in_italia,63
017073,Gambara,2022,stranieri_nati_in_italia_minorenni,63
017073,Gambara,2023,italiani,4114
017073,Gambara,2023,italiani_acquisiti,265
017073,Gambara,2023,italiani_acquisiti_nati_all_estero,173
017073,Gambara,2023,italiani_acquisiti_nati_in_italia,92
017073,Gambara,2023,italiani_acquisiti_nati_in_italia_minorenni,67
017073,Gambara,2023,italiani_dalla_nascita,3849
017073,Gambara,2023,italiani_dalla_nascita_nati_all_estero,29
017073,Gambara,2023,italiani_dalla_nascita_nati_in_italia,3820
017073,Gambara,2023,popolazione_residente,4567
017073,Gambara,2023,stranieri,453
017073,Gambara,2023,stranieri_nati_all_estero,395
017073,Gambara,2023,stranieri_nati_in_italia,58
017073,Gambara,2023,stranieri_nati_in_italia_minorenni,58
017074,Gardone Riviera,2021,italiani,2334
017074,Gardone Riviera,2021,italiani_acquisiti,95
017074,Gardone Riviera,2021,italiani_acquisiti_nati_all_estero,82
017074,Gardone Riviera,2021,italiani_acquisiti_nati_in_italia,13
017074,Gardone Riviera,2021,italiani_acquisiti_nati_in_italia_minorenni,10
017074,Gardone Riviera,2021,italiani_dalla_nascita,2239
017074,Gardone Riviera,2021,italiani_dalla_nascita_nati_all_estero,39
017074,Gardone Riviera,2021,italiani_dalla_nascita_nati_in_italia,2200
017074,Gardone Riviera,2021,popolazione_residente,2608
017074,Gardone Riviera,2021,stranieri,274
017074,Gardone Riviera,2021,stranieri_nati_all_estero,238
017074,Gardone Riviera,2021,stranieri_nati_in_italia,36
017074,Gardone Riviera,2021,stranieri_nati_in_italia_minorenni,33
017074,Gardone Riviera,2022,italiani,2355
017074,Gardone Riviera,2022,italiani_acquisiti,118
017074,Gardone Riviera,2022,italiani_acquisiti_nati_all_estero,97
017074,Gardone Riviera,2022,italiani_acquisiti_nati_in_italia,21
017074,Gardone Riviera,2022,italiani_acquisiti_nati_in_italia_minorenni,18
017074,Gardone Riviera,2022,italiani_dalla_nascita,2237
017074,Gardone Riviera,2022,italiani_dalla_nascita_nati_all_estero,42
017074,Gardone Riviera,2022,italiani_dalla_nascita_nati_in_italia,2195
017074,Gardone Riviera,2022,popolazione_residente,2631
017074,Gardone Riviera,2022,stranieri,276
017074,Gardone Riviera,2022,stranieri_nati_all_estero,243
017074,Gardone Riviera,2022,stranieri_nati_in_italia,33
017074,Gardone Riviera,2022,stranieri_nati_in_italia_minorenni,29
017074,Gardone Riviera,2023,italiani,2329
017074,Gardone Riviera,2023,italiani_acquisiti,130
017074,Gardone Riviera,2023,italiani_acquisiti_nati_all_estero,106
017074,Gardone Riviera,2023,italiani_acquisiti_nati_in_italia,24
017074,Gardone Riviera,2023,italiani_acquisiti_nati_in_italia_minorenni,18
017074,Gardone Riviera,2023,italiani_dalla_nascita,2199
017074,Gardone Riviera,2023,italiani_dalla_nascita_nati_all_estero,47
017074,Gardone Riviera,2023,italiani_dalla_nascita_nati_in_italia,2152
017074,Gardone Riviera,2023,popolazione_residente,2617
017074,Gardone Riviera,2023,stranieri,288
017074,Gardone Riviera,2023,stranieri_nati_all_estero,258
017074,Gardone Riviera,2023,stranieri_nati_in_italia,30
017074,Gardone Riviera,2023,stranieri_nati_in_italia_minorenni,26
017075,Gardone Val Trompia,2021,italiani,9807
017075,Gardone Val Trompia,2021,italiani_acquisiti,921
017075,Gardone Val Trompia,2021,italiani_acquisiti_nati_all_estero,558
017075,Gardone Val Trompia,2021,italiani_acquisiti_nati_in_italia,363
017075,Gardone Val Trompia,2021,italiani_acquisiti_nati_in_italia_minorenni,300
017075,Gardone Val Trompia,2021,italiani_dalla_nascita,8886
017075,Gardone Val Trompia,2021,italiani_dalla_nascita_nati_all_estero,110
017075,Gardone Val Trompia,2021,italiani_dalla_nascita_nati_in_italia,8776
017075,Gardone Val Trompia,2021,popolazione_residente,11352
017075,Gardone Val Trompia,2021,stranieri,1545
017075,Gardone Val Trompia,2021,stranieri_nati_all_estero,1246
017075,Gardone Val Trompia,2021,stranieri_nati_in_italia,299
017075,Gardone Val Trompia,2021,stranieri_nati_in_italia_minorenni,282
017075,Gardone Val Trompia,2022,italiani,9853
017075,Gardone Val Trompia,2022,italiani_acquisiti,1071
017075,Gardone Val Trompia,2022,italiani_acquisiti_nati_all_estero,658
017075,Gardone Val Trompia,2022,italiani_acquisiti_nati_in_italia,413
017075,Gardone Val Trompia,2022,italiani_acquisiti_nati_in_italia_minorenni,323
017075,Gardone Val Trompia,2022,italiani_dalla_nascita,8782
017075,Gardone Val Trompia,2022,italiani_dalla_nascita_nati_all_estero,117
017075,Gardone Val Trompia,2022,italiani_dalla_nascita_nati_in_italia,8665
017075,Gardone Val Trompia,2022,popolazione_residente,11384
017075,Gardone Val Trompia,2022,stranieri,1531
017075,Gardone Val Trompia,2022,stranieri_nati_all_estero,1251
017075,Gardone Val Trompia,2022,stranieri_nati_in_italia,280
017075,Gardone Val Trompia,2022,stranieri_nati_in_italia_minorenni,260
017075,Gardone Val Trompia,2023,italiani,9741
017075,Gardone Val Trompia,2023,italiani_acquisiti,1088
017075,Gardone Val Trompia,2023,italiani_acquisiti_nati_all_estero,667
017075,Gardone Val Trompia,2023,italiani_acquisiti_nati_in_italia,421
017075,Gardone Val Trompia,2023,italiani_acquisiti_nati_in_italia_minorenni,308
017075,Gardone Val Trompia,2023,italiani_dalla_nascita,8653
017075,Gardone Val Trompia,2023,italiani_dalla_nascita_nati_all_estero,115
017075,Gardone Val Trompia,2023,italiani_dalla_nascita_nati_in_italia,8538
017075,Gardone Val Trompia,2023,popolazione_residente,11396
017075,Gardone Val Trompia,2023,stranieri,1655
017075,Gardone Val Trompia,2023,stranieri_nati_all_estero,1365
017075,Gardone Val Trompia,2023,stranieri_nati_in_italia,290
017075,Gardone Val Trompia,2023,stranieri_nati_in_italia_minorenni,271
017076,Gargnano,2021,italiani,2452
017076,Gargnano,2021,italiani_acquisiti,109
017076,Gargnano,2021,italiani_acquisiti_nati_all_estero,88
017076,Gargnano,2021,italiani_acquisiti_nati_in_italia,21
017076,Gargnano,2021,italiani_acquisiti_nati_in_italia_minorenni,13
017076,Gargnano,2021,italiani_dalla_nascita,2343
017076,Gargnano,2021,italiani_dalla_nascita_nati_all_estero,31
017076,Gargnano,2021,italiani_dalla_nascita_nati_in_italia,2312
017076,Gargnano,2021,popolazione_residente,2731
017076,Gargnano,2021,stranieri,279
017076,Gargnano,2021,stranieri_nati_all_estero,246
017076,Gargnano,2021,stranieri_nati_in_italia,33
017076,Gargnano,2021,stranieri_nati_in_italia_minorenni,31
017076,Gargnano,2022,italiani,2441
017076,Gargnano,2022,italiani_acquisiti,137
017076,Gargnano,2022,italiani_acquisiti_nati_all_estero,105
017076,Gargnano,2022,italiani_acquisiti_nati_in_italia,32
017076,Gargnano,2022,italiani_acquisiti_nati_in_italia_minorenni,20
017076,Gargnano,2022,italiani_dalla_nascita,2304
017076,Gargnano,2022,italiani_dalla_nascita_nati_all_estero,30
017076,Gargnano,2022,italiani_dalla_nascita_nati_in_italia,2274
017076,Gargnano,2022,popolazione_residente,2693
017076,Gargnano,2022,stranieri,252
017076,Gargnano,2022,stranieri_nati_all_estero,229
017076,Gargnano,2022,stranieri_nati_in_italia,23
017076,Gargnano,2022,stranieri_nati_in_italia_minorenni,20
017076,Gargnano,2023,italiani,2403
017076,Gargnano,2023,italiani_acquisiti,135
017076,Gargnano,2023,italiani_acquisiti_nati_all_estero,103
017076,Gargnano,2023,italiani_acquisiti_nati_in_italia,32
017076,Gargnano,2023,italiani_acquisiti_nati_in_italia_minorenni,19
017076,Gargnano,2023,italiani_dalla_nascita,2268
017076,Gargnano,2023,italiani_dalla_nascita_nati_all_estero,30
017076,Gargnano,2023,italiani_dalla_nascita_nati_in_italia,2238
017076,Gargnano,2023,popolazione_residente,2668
017076,Gargnano,2023,stranieri,265
017076,Gargnano,2023,stranieri_nati_all_estero,243
017076,Gargnano,2023,stranieri_nati_in_italia,22
017076,Gargnano,2023,stranieri_nati_in_italia_minorenni,19
017077,Gavardo,2021,italiani,10516
017077,Gavardo,2021,italiani_acquisiti,787
017077,Gavardo,2021,italiani_acquisiti_nati_all_estero,537
017077,Gavardo,2021,italiani_acquisiti_nati_in_italia,250
017077,Gavardo,2021,italiani_acquisiti_nati_in_italia_minorenni,184
017077,Gavardo,2021,italiani_dalla_nascita,9729
017077,Gavardo,2021,italiani_dalla_nascita_nati_all_estero,141
017077,Gavardo,2021,italiani_dalla_nascita_nati_in_italia,9588
017077,Gavardo,2021,popolazione_residente,12198
017077,Gavardo,2021,stranieri,1682
017077,Gavardo,2021,stranieri_nati_all_estero,1397
017077,Gavardo,2021,stranieri_nati_in_italia,285
017077,Gavardo,2021,stranieri_nati_in_italia_minorenni,278
017077,Gavardo,2022,italiani,10634
017077,Gavardo,2022,italiani_acquisiti,895
017077,Gavardo,2022,italiani_acquisiti_nati_all_estero,620
017077,Gavardo,2022,italiani_acquisiti_nati_in_italia,275
017077,Gavardo,2022,italiani_acquisiti_nati_in_italia_minorenni,198
017077,Gavardo,2022,italiani_dalla_nascita,9739
017077,Gavardo,2022,italiani_dalla_nascita_nati_all_estero,156
017077,Gavardo,2022,italiani_dalla_nascita_nati_in_italia,9583
017077,Gavardo,2022,popolazione_residente,12288
017077,Gavardo,2022,stranieri,1654
017077,Gavardo,2022,stranieri_nati_all_estero,1381
017077,Gavardo,2022,stranieri_nati_in_italia,273
017077,Gavardo,2022,stranieri_nati_in_italia_minorenni,259
017077,Gavardo,2023,italiani,10637
017077,Gavardo,2023,italiani_acquisiti,950
017077,Gavardo,2023,italiani_acquisiti_nati_all_estero,655
017077,Gavardo,2023,italiani_acquisiti_nati_in_italia,295
017077,Gavardo,2023,italiani_acquisiti_nati_in_italia_minorenni,198
017077,Gavardo,2023,italiani_dalla_nascita,9687
017077,Gavardo,2023,italiani_dalla_nascita_nati_all_estero,158
017077,Gavardo,2023,italiani_dalla_nascita_nati_in_italia,9529
017077,Gavardo,2023,popolazione_residente,12332
017077,Gavardo,2023,stranieri,1695
017077,Gavardo,2023,stranieri_nati_all_estero,1416
017077,Gavardo,2023,stranieri_nati_in_italia,279
017077,Gavardo,2023,stranieri_nati_in_italia_minorenni,260
017078,Ghedi,2021,italiani,16114
017078,Ghedi,2021,italiani_acquisiti,1093
017078,Ghedi,2021,italiani_acquisiti_nati_all_estero,689
017078,Ghedi,2021,italiani_acquisiti_nati_in_italia,404
017078,Ghedi,2021,italiani_acquisiti_nati_in_italia_minorenni,276
017078,Ghedi,2021,italiani_dalla_nascita,15021
017078,Ghedi,2021,italiani_dalla_nascita_nati_all_estero,165
017078,Ghedi,2021,italiani_dalla_nascita_nati_in_italia,14856
017078,Ghedi,2021,popolazione_residente,18518
017078,Ghedi,2021,stranieri,2404
017078,Ghedi,2021,stranieri_nati_all_estero,1863
017078,Ghedi,2021,stranieri_nati_in_italia,541
017078,Ghedi,2021,stranieri_nati_in_italia_minorenni,518
017078,Ghedi,2022,italiani,16288
017078,Ghedi,2022,italiani_acquisiti,1296
017078,Ghedi,2022,italiani_acquisiti_nati_all_estero,819
017078,Ghedi,2022,italiani_acquisiti_nati_in_italia,477
017078,Ghedi,2022,italiani_acquisiti_nati_in_italia_minorenni,326
017078,Ghedi,2022,italiani_dalla_nascita,14992
017078,Ghedi,2022,italiani_dalla_nascita_nati_all_estero,184
017078,Ghedi,2022,italiani_dalla_nascita_nati_in_italia,14808
017078,Ghedi,2022,popolazione_residente,18545
017078,Ghedi,2022,stranieri,2257
017078,Ghedi,2022,stranieri_nati_all_estero,1765
017078,Ghedi,2022,stranieri_nati_in_italia,492
017078,Ghedi,2022,stranieri_nati_in_italia_minorenni,465
017078,Ghedi,2023,italiani,16264
017078,Ghedi,2023,italiani_acquisiti,1390
017078,Ghedi,2023,italiani_acquisiti_nati_all_estero,873
017078,Ghedi,2023,italiani_acquisiti_nati_in_italia,517
017078,Ghedi,2023,italiani_acquisiti_nati_in_italia_minorenni,329
017078,Ghedi,2023,italiani_dalla_nascita,14874
017078,Ghedi,2023,italiani_dalla_nascita_nati_all_estero,185
017078,Ghedi,2023,italiani_dalla_nascita_nati_in_italia,14689
017078,Ghedi,2023,popolazione_residente,18473
017078,Ghedi,2023,stranieri,2209
017078,Ghedi,2023,stranieri_nati_all_estero,1751
017078,Ghedi,2023,stranieri_nati_in_italia,458
017078,Ghedi,2023,stranieri_nati_in_italia_minorenni,425
017079,Gianico,2021,italiani,1958
017079,Gianico,2021,italiani_acquisiti,61
017079,Gianico,2021,italiani_acquisiti_nati_all_estero,43
017079,Gianico,2021,italiani_acquisiti_nati_in_italia,18
017079,Gianico,2021,italiani_acquisiti_nati_in_italia_minorenni,16
017079,Gianico,2021,italiani_dalla_nascita,1897
017079,Gianico,2021,italiani_dalla_nascita_nati_all_estero,35
017079,Gianico,2021,italiani_dalla_nascita_nati_in_italia,1862
017079,Gianico,2021,popolazione_residente,2121
017079,Gianico,2021,stranieri,163
017079,Gianico,2021,stranieri_nati_all_estero,129
017079,Gianico,2021,stranieri_nati_in_italia,34
017079,Gianico,2021,stranieri_nati_in_italia_minorenni,30
017079,Gianico,2022,italiani,1967
017079,Gianico,2022,italiani_acquisiti,71
017079,Gianico,2022,italiani_acquisiti_nati_all_estero,50
017079,Gianico,2022,italiani_acquisiti_nati_in_italia,21
017079,Gianico,2022,italiani_acquisiti_nati_in_italia_minorenni,17
017079,Gianico,2022,italiani_dalla_nascita,1896
017079,Gianico,2022,italiani_dalla_nascita_nati_all_estero,32
017079,Gianico,2022,italiani_dalla_nascita_nati_in_italia,1864
017079,Gianico,2022,popolazione_residente,2127
017079,Gianico,2022,stranieri,160
017079,Gianico,2022,stranieri_nati_all_estero,128
017079,Gianico,2022,stranieri_nati_in_italia,32
017079,Gianico,2022,stranieri_nati_in_italia_minorenni,30
017079,Gianico,2023,italiani,1954
017079,Gianico,2023,italiani_acquisiti,71
017079,Gianico,2023,italiani_acquisiti_nati_all_estero,49
017079,Gianico,2023,italiani_acquisiti_nati_in_italia,22
017079,Gianico,2023,italiani_acquisiti_nati_in_italia_minorenni,17
017079,Gianico,2023,italiani_dalla_nascita,1883
017079,Gianico,2023,italiani_dalla_nascita_nati_all_estero,33
017079,Gianico,2023,italiani_dalla_nascita_nati_in_italia,1850
017079,Gianico,2023,popolazione_residente,2110
017079,Gianico,2023,stranieri,156
017079,Gianico,2023,stranieri_nati_all_estero,128
017079,Gianico,2023,stranieri_nati_in_italia,28
017079,Gianico,2023,stranieri_nati_in_italia_minorenni,25
017080,Gottolengo,2021,italiani,4405
017080,Gottolengo,2021,italiani_acquisiti,322
017080,Gottolengo,2021,italiani_acquisiti_nati_all_estero,202
017080,Gottolengo,2021,italiani_acquisiti_nati_in_italia,120
017080,Gottolengo,2021,italiani_acquisiti_nati_in_italia_minorenni,97
017080,Gottolengo,2021,italiani_dalla_nascita,4083
017080,Gottolengo,2021,italiani_dalla_nascita_nati_all_estero,37
017080,Gottolengo,2021,italiani_dalla_nascita_nati_in_italia,4046
017080,Gottolengo,2021,popolazione_residente,4957
017080,Gottolengo,2021,stranieri,552
017080,Gottolengo,2021,stranieri_nati_all_estero,463
017080,Gottolengo,2021,stranieri_nati_in_italia,89
017080,Gottolengo,2021,stranieri_nati_in_italia_minorenni,85
017080,Gottolengo,2022,italiani,4419
017080,Gottolengo,2022,italiani_acquisiti,360
017080,Gottolengo,2022,italiani_acquisiti_nati_all_estero,232
017080,Gottolengo,2022,italiani_acquisiti_nati_in_italia,128
017080,Gottolengo,2022,italiani_acquisiti_nati_in_italia_minorenni,97
017080,Gottolengo,2022,italiani_dalla_nascita,4059
017080,Gottolengo,2022,italiani_dalla_nascita_nati_all_estero,42
017080,Gottolengo,2022,italiani_dalla_nascita_nati_in_italia,4017
017080,Gottolengo,2022,popolazione_residente,4975
017080,Gottolengo,2022,stranieri,556
017080,Gottolengo,2022,stranieri_nati_all_estero,475
017080,Gottolengo,2022,stranieri_nati_in_italia,81
017080,Gottolengo,2022,stranieri_nati_in_italia_minorenni,76
017080,Gottolengo,2023,italiani,4442
017080,Gottolengo,2023,italiani_acquisiti,381
017080,Gottolengo,2023,italiani_acquisiti_nati_all_estero,244
017080,Gottolengo,2023,italiani_acquisiti_nati_in_italia,137
017080,Gottolengo,2023,italiani_acquisiti_nati_in_italia_minorenni,101
017080,Gottolengo,2023,italiani_dalla_nascita,4061
017080,Gottolengo,2023,italiani_dalla_nascita_nati_all_estero,47
017080,Gottolengo,2023,italiani_dalla_nascita_nati_in_italia,4014
017080,Gottolengo,2023,popolazione_residente,5020
017080,Gottolengo,2023,stranieri,578
017080,Gottolengo,2023,stranieri_nati_all_estero,488
017080,Gottolengo,2023,stranieri_nati_in_italia,90
017080,Gottolengo,2023,stranieri_nati_in_italia_minorenni,85
017081,Gussago,2021,italiani,15097
017081,Gussago,2021,italiani_acquisiti,552
017081,Gussago,2021,italiani_acquisiti_nati_all_estero,390
017081,Gussago,2021,italiani_acquisiti_nati_in_italia,162
017081,Gussago,2021,italiani_acquisiti_nati_in_italia_minorenni,121
017081,Gussago,2021,italiani_dalla_nascita,14545
017081,Gussago,2021,italiani_dalla_nascita_nati_all_estero,182
017081,Gussago,2021,italiani_dalla_nascita_nati_in_italia,14363
017081,Gussago,2021,popolazione_residente,16439
017081,Gussago,2021,stranieri,1342
017081,Gussago,2021,stranieri_nati_all_estero,1120
017081,Gussago,2021,stranieri_nati_in_italia,222
017081,Gussago,2021,stranieri_nati_in_italia_minorenni,210
017081,Gussago,2022,italiani,15173
017081,Gussago,2022,italiani_acquisiti,614
017081,Gussago,2022,italiani_acquisiti_nati_all_estero,430
017081,Gussago,2022,italiani_acquisiti_nati_in_italia,184
017081,Gussago,2022,italiani_acquisiti_nati_in_italia_minorenni,128
017081,Gussago,2022,italiani_dalla_nascita,14559
017081,Gussago,2022,italiani_dalla_nascita_nati_all_estero,196
017081,Gussago,2022,italiani_dalla_nascita_nati_in_italia,14363
017081,Gussago,2022,popolazione_residente,16568
017081,Gussago,2022,stranieri,1395
017081,Gussago,2022,stranieri_nati_all_estero,1173
017081,Gussago,2022,stranieri_nati_in_italia,222
017081,Gussago,2022,stranieri_nati_in_italia_minorenni,209
017081,Gussago,2023,italiani,15211
017081,Gussago,2023,italiani_acquisiti,703
017081,Gussago,2023,italiani_acquisiti_nati_all_estero,485
017081,Gussago,2023,italiani_acquisiti_nati_in_italia,218
017081,Gussago,2023,italiani_acquisiti_nati_in_italia_minorenni,155
017081,Gussago,2023,italiani_dalla_nascita,14508
017081,Gussago,2023,italiani_dalla_nascita_nati_all_estero,203
017081,Gussago,2023,italiani_dalla_nascita_nati_in_italia,14305
017081,Gussago,2023,popolazione_residente,16601
017081,Gussago,2023,stranieri,1390
017081,Gussago,2023,stranieri_nati_all_estero,1195
017081,Gussago,2023,stranieri_nati_in_italia,195
017081,Gussago,2023,stranieri_nati_in_italia_minorenni,180
017082,Idro,2021,italiani,1778
017082,Idro,2021,italiani_acquisiti,47
017082,Idro,2021,italiani_acquisiti_nati_all_estero,37
017082,Idro,2021,italiani_acquisiti_nati_in_italia,10
017082,Idro,2021,italiani_acquisiti_nati_in_italia_minorenni,6
017082,Idro,2021,italiani_dalla_nascita,1731
017082,Idro,2021,italiani_dalla_nascita_nati_all_estero,30
017082,Idro,2021,italiani_dalla_nascita_nati_in_italia,1701
017082,Idro,2021,popolazione_residente,1873
017082,Idro,2021,stranieri,95
017082,Idro,2021,stranieri_nati_all_estero,74
017082,Idro,2021,stranieri_nati_in_italia,21
017082,Idro,2021,stranieri_nati_in_italia_minorenni,19
017082,Idro,2022,italiani,1788
017082,Idro,2022,italiani_acquisiti,50
017082,Idro,2022,italiani_acquisiti_nati_all_estero,38
017082,Idro,2022,italiani_acquisiti_nati_in_italia,12
017082,Idro,2022,italiani_acquisiti_nati_in_italia_minorenni,8
017082,Idro,2022,italiani_dalla_nascita,1738
017082,Idro,2022,italiani_dalla_nascita_nati_all_estero,30
017082,Idro,2022,italiani_dalla_nascita_nati_in_italia,1708
017082,Idro,2022,popolazione_residente,1879
017082,Idro,2022,stranieri,91
017082,Idro,2022,stranieri_nati_all_estero,69
017082,Idro,2022,stranieri_nati_in_italia,22
017082,Idro,2022,stranieri_nati_in_italia_minorenni,20
017082,Idro,2023,italiani,1784
017082,Idro,2023,italiani_acquisiti,57
017082,Idro,2023,italiani_acquisiti_nati_all_estero,43
017082,Idro,2023,italiani_acquisiti_nati_in_italia,14
017082,Idro,2023,italiani_acquisiti_nati_in_italia_minorenni,10
017082,Idro,2023,italiani_dalla_nascita,1727
017082,Idro,2023,italiani_dalla_nascita_nati_all_estero,30
017082,Idro,2023,italiani_dalla_nascita_nati_in_italia,1697
017082,Idro,2023,popolazione_residente,1871
017082,Idro,2023,stranieri,87
017082,Idro,2023,stranieri_nati_all_estero,72
017082,Idro,2023,stranieri_nati_in_italia,15
017082,Idro,2023,stranieri_nati_in_italia_minorenni,14
017083,Incudine,2021,italiani,334
017083,Incudine,2021,italiani_acquisiti,3
017083,Incudine,2021,italiani_acquisiti_nati_all_estero,3
017083,Incudine,2021,italiani_dalla_nascita,331
017083,Incudine,2021,italiani_dalla_nascita_nati_all_estero,6
017083,Incudine,2021,italiani_dalla_nascita_nati_in_italia,325
017083,Incudine,2021,popolazione_residente,345
017083,Incudine,2021,stranieri,11
017083,Incudine,2021,stranieri_nati_all_estero,11
017083,Incudine,2022,italiani,333
017083,Incudine,2022,italiani_acquisiti,3
017083,Incudine,2022,italiani_acquisiti_nati_all_estero,3
017083,Incudine,2022,italiani_dalla_nascita,330
017083,Incudine,2022,italiani_dalla_nascita_nati_all_estero,7
017083,Incudine,2022,italiani_dalla_nascita_nati_in_italia,323
017083,Incudine,2022,popolazione_residente,343
017083,Incudine,2022,stranieri,10
017083,Incudine,2022,stranieri_nati_all_estero,10
017083,Incudine,2023,italiani,333
017083,Incudine,2023,italiani_acquisiti,2
017083,Incudine,2023,italiani_acquisiti_nati_all_estero,2
017083,Incudine,2023,italiani_dalla_nascita,331
017083,Incudine,2023,italiani_dalla_nascita_nati_all_estero,7
017083,Incudine,2023,italiani_dalla_nascita_nati_in_italia,324
017083,Incudine,2023,popolazione_residente,346
017083,Incudine,2023,stranieri,13
017083,Incudine,2023,stranieri_nati_all_estero,13
017084,Irma,2021,italiani,135
017084,Irma,2021,italiani_acquisiti,1
017084,Irma,2021,italiani_acquisiti_nati_all_estero,1
017084,Irma,2021,italiani_dalla_nascita,134
017084,Irma,2021,italiani_dalla_nascita_nati_all_estero,1
017084,Irma,2021,italiani_dalla_nascita_nati_in_italia,133
017084,Irma,2021,popolazione_residente,136
017084,Irma,2021,stranieri,1
017084,Irma,2021,stranieri_nati_all_estero,1
017084,Irma,2022,italiani,131
017084,Irma,2022,italiani_dalla_nascita,131
017084,Irma,2022,italiani_dalla_nascita_nati_all_estero,1
017084,Irma,2022,italiani_dalla_nascita_nati_in_italia,130
017084,Irma,2022,popolazione_residente,132
017084,Irma,2022,stranieri,1
017084,Irma,2022,stranieri_nati_all_estero,1
017084,Irma,2023,italiani,128
017084,Irma,2023,italiani_dalla_nascita,128
017084,Irma,2023,italiani_dalla_nascita_nati_all_estero,1
017084,Irma,2023,italiani_dalla_nascita_nati_in_italia,127
017084,Irma,2023,popolazione_residente,129
017084,Irma,2023,stranieri,1
017084,Irma,2023,stranieri_nati_all_estero,1
017085,Iseo,2021,italiani,8186
017085,Iseo,2021,italiani_acquisiti,381
017085,Iseo,2021,italiani_acquisiti_nati_all_estero,278
017085,Iseo,2021,italiani_acquisiti_nati_in_italia,103
017085,Iseo,2021,italiani_acquisiti_nati_in_italia_minorenni,75
017085,Iseo,2021,italiani_dalla_nascita,7805
017085,Iseo,2021,italiani_dalla_nascita_nati_all_estero,94
017085,Iseo,2021,italiani_dalla_nascita_nati_in_italia,7711
017085,Iseo,2021,popolazione_residente,8924
017085,Iseo,2021,stranieri,738
017085,Iseo,2021,stranieri_nati_all_estero,628
017085,Iseo,2021,stranieri_nati_in_italia,110
017085,Iseo,2021,stranieri_nati_in_italia_minorenni,105
017085,Iseo,2022,italiani,8273
017085,Iseo,2022,italiani_acquisiti,431
017085,Iseo,2022,italiani_acquisiti_nati_all_estero,311
017085,Iseo,2022,italiani_acquisiti_nati_in_italia,120
017085,Iseo,2022,italiani_acquisiti_nati_in_italia_minorenni,87
017085,Iseo,2022,italiani_dalla_nascita,7842
017085,Iseo,2022,italiani_dalla_nascita_nati_all_estero,103
017085,Iseo,2022,italiani_dalla_nascita_nati_in_italia,7739
017085,Iseo,2022,popolazione_residente,8992
017085,Iseo,2022,stranieri,719
017085,Iseo,2022,stranieri_nati_all_estero,618
017085,Iseo,2022,stranieri_nati_in_italia,101
017085,Iseo,2022,stranieri_nati_in_italia_minorenni,94
017085,Iseo,2023,italiani,8233
017085,Iseo,2023,italiani_acquisiti,433
017085,Iseo,2023,italiani_acquisiti_nati_all_estero,313
017085,Iseo,2023,italiani_acquisiti_nati_in_italia,120
017085,Iseo,2023,italiani_acquisiti_nati_in_italia_minorenni,80
017085,Iseo,2023,italiani_dalla_nascita,7800
017085,Iseo,2023,italiani_dalla_nascita_nati_all_estero,105
017085,Iseo,2023,italiani_dalla_nascita_nati_in_italia,7695
017085,Iseo,2023,popolazione_residente,8967
017085,Iseo,2023,stranieri,734
017085,Iseo,2023,stranieri_nati_all_estero,633
017085,Iseo,2023,stranieri_nati_in_italia,101
017085,Iseo,2023,stranieri_nati_in_italia_minorenni,91
017086,Isorella,2021,italiani,3519
017086,Isorella,2021,italiani_acquisiti,204
017086,Isorella,2021,italiani_acquisiti_nati_all_estero,118
017086,Isorella,2021,italiani_acquisiti_nati_in_italia,86
017086,Isorella,2021,italiani_acquisiti_nati_in_italia_minorenni,71
017086,Isorella,2021,italiani_dalla_nascita,3315
017086,Isorella,2021,italiani_dalla_nascita_nati_all_estero,9
017086,Isorella,2021,italiani_dalla_nascita_nati_in_italia,3306
017086,Isorella,2021,popolazione_residente,4064
017086,Isorella,2021,stranieri,545
017086,Isorella,2021,stranieri_nati_all_estero,436
017086,Isorella,2021,stranieri_nati_in_italia,109
017086,Isorella,2021,stranieri_nati_in_italia_minorenni,107
017086,Isorella,2022,italiani,3530
017086,Isorella,2022,italiani_acquisiti,237
017086,Isorella,2022,italiani_acquisiti_nati_all_estero,142
017086,Isorella,2022,italiani_acquisiti_nati_in_italia,95
017086,Isorella,2022,italiani_acquisiti_nati_in_italia_minorenni,80
017086,Isorella,2022,italiani_dalla_nascita,3293
017086,Isorella,2022,italiani_dalla_nascita_nati_all_estero,14
017086,Isorella,2022,italiani_dalla_nascita_nati_in_italia,3279
017086,Isorella,2022,popolazione_residente,4060
017086,Isorella,2022,stranieri,530
017086,Isorella,2022,stranieri_nati_all_estero,430
017086,Isorella,2022,stranieri_nati_in_italia,100
017086,Isorella,2022,stranieri_nati_in_italia_minorenni,97
017086,Isorella,2023,italiani,3544
017086,Isorella,2023,italiani_acquisiti,251
017086,Isorella,2023,italiani_acquisiti_nati_all_estero,147
017086,Isorella,2023,italiani_acquisiti_nati_in_italia,104
017086,Isorella,2023,italiani_acquisiti_nati_in_italia_minorenni,81
017086,Isorella,2023,italiani_dalla_nascita,3293
017086,Isorella,2023,italiani_dalla_nascita_nati_all_estero,15
017086,Isorella,2023,italiani_dalla_nascita_nati_in_italia,3278
017086,Isorella,2023,popolazione_residente,4072
017086,Isorella,2023,stranieri,528
017086,Isorella,2023,stranieri_nati_all_estero,433
017086,Isorella,2023,stranieri_nati_in_italia,95
017086,Isorella,2023,stranieri_nati_in_italia_minorenni,95
017087,Lavenone,2021,italiani,454
017087,Lavenone,2021,italiani_acquisiti,20
017087,Lavenone,2021,italiani_acquisiti_nati_all_estero,14
017087,Lavenone,2021,italiani_acquisiti_nati_in_italia,6
017087,Lavenone,2021,italiani_acquisiti_nati_in_italia_minorenni,4
017087,Lavenone,2021,italiani_dalla_nascita,434
017087,Lavenone,2021,italiani_dalla_nascita_nati_all_estero,6
017087,Lavenone,2021,italiani_dalla_nascita_nati_in_italia,428
017087,Lavenone,2021,popolazione_residente,486
017087,Lavenone,2021,stranieri,32
017087,Lavenone,2021,stranieri_nati_all_estero,28
017087,Lavenone,2021,stranieri_nati_in_italia,4
017087,Lavenone,2021,stranieri_nati_in_italia_minorenni,4
017087,Lavenone,2022,italiani,449
017087,Lavenone,2022,italiani_acquisiti,22
017087,Lavenone,2022,italiani_acquisiti_nati_all_estero,14
017087,Lavenone,2022,italiani_acquisiti_nati_in_italia,8
017087,Lavenone,2022,italiani_acquisiti_nati_in_italia_minorenni,5
017087,Lavenone,2022,italiani_dalla_nascita,427
017087,Lavenone,2022,italiani_dalla_nascita_nati_all_estero,5
017087,Lavenone,2022,italiani_dalla_nascita_nati_in_italia,422
017087,Lavenone,2022,popolazione_residente,486
017087,Lavenone,2022,stranieri,37
017087,Lavenone,2022,stranieri_nati_all_estero,29
017087,Lavenone,2022,stranieri_nati_in_italia,8
017087,Lavenone,2022,stranieri_nati_in_italia_minorenni,8
017087,Lavenone,2023,italiani,456
017087,Lavenone,2023,italiani_acquisiti,28
017087,Lavenone,2023,italiani_acquisiti_nati_all_estero,16
017087,Lavenone,2023,italiani_acquisiti_nati_in_italia,12
017087,Lavenone,2023,italiani_acquisiti_nati_in_italia_minorenni,6
017087,Lavenone,2023,italiani_dalla_nascita,428
017087,Lavenone,2023,italiani_dalla_nascita_nati_all_estero,6
017087,Lavenone,2023,italiani_dalla_nascita_nati_in_italia,422
017087,Lavenone,2023,popolazione_residente,496
017087,Lavenone,2023,stranieri,40
017087,Lavenone,2023,stranieri_nati_all_estero,32
017087,Lavenone,2023,stranieri_nati_in_italia,8
017087,Lavenone,2023,stranieri_nati_in_italia_minorenni,8
017088,Leno,2021,italiani,12425
017088,Leno,2021,italiani_acquisiti,911
017088,Leno,2021,italiani_acquisiti_nati_all_estero,552
017088,Leno,2021,italiani_acquisiti_nati_in_italia,359
017088,Leno,2021,italiani_acquisiti_nati_in_italia_minorenni,261
017088,Leno,2021,italiani_dalla_nascita,11514
017088,Leno,2021,italiani_dalla_nascita_nati_all_estero,104
017088,Leno,2021,italiani_dalla_nascita_nati_in_italia,11410
017088,Leno,2021,popolazione_residente,14243
017088,Leno,2021,stranieri,1818
017088,Leno,2021,stranieri_nati_all_estero,1430
017088,Leno,2021,stranieri_nati_in_italia,388
017088,Leno,2021,stranieri_nati_in_italia_minorenni,378
017088,Leno,2022,italiani,12543
017088,Leno,2022,italiani_acquisiti,1039
017088,Leno,2022,italiani_acquisiti_nati_all_estero,630
017088,Leno,2022,italiani_acquisiti_nati_in_italia,409
017088,Leno,2022,italiani_acquisiti_nati_in_italia_minorenni,282
017088,Leno,2022,italiani_dalla_nascita,11504
017088,Leno,2022,italiani_dalla_nascita_nati_all_estero,110
017088,Leno,2022,italiani_dalla_nascita_nati_in_italia,11394
017088,Leno,2022,popolazione_residente,14383
017088,Leno,2022,stranieri,1840
017088,Leno,2022,stranieri_nati_all_estero,1463
017088,Leno,2022,stranieri_nati_in_italia,377
017088,Leno,2022,stranieri_nati_in_italia_minorenni,363
017088,Leno,2023,italiani,12600
017088,Leno,2023,italiani_acquisiti,1158
017088,Leno,2023,italiani_acquisiti_nati_all_estero,701
017088,Leno,2023,italiani_acquisiti_nati_in_italia,457
017088,Leno,2023,italiani_acquisiti_nati_in_italia_minorenni,295
017088,Leno,2023,italiani_dalla_nascita,11442
017088,Leno,2023,italiani_dalla_nascita_nati_all_estero,111
017088,Leno,2023,italiani_dalla_nascita_nati_in_italia,11331
017088,Leno,2023,popolazione_residente,14405
017088,Leno,2023,stranieri,1805
017088,Leno,2023,stranieri_nati_all_estero,1471
017088,Leno,2023,stranieri_nati_in_italia,334
017088,Leno,2023,stranieri_nati_in_italia_minorenni,320
017089,Limone sul Garda,2021,italiani,993
017089,Limone sul Garda,2021,italiani_acquisiti,65
017089,Limone sul Garda,2021,italiani_acquisiti_nati_all_estero,56
017089,Limone sul Garda,2021,italiani_acquisiti_nati_in_italia,9
017089,Limone sul Garda,2021,italiani_acquisiti_nati_in_italia_minorenni,5
017089,Limone sul Garda,2021,italiani_dalla_nascita,928
017089,Limone sul Garda,2021,italiani_dalla_nascita_nati_all_estero,19
017089,Limone sul Garda,2021,italiani_dalla_nascita_nati_in_italia,909
017089,Limone sul Garda,2021,popolazione_residente,1141
017089,Limone sul Garda,2021,stranieri,148
017089,Limone sul Garda,2021,stranieri_nati_all_estero,125
017089,Limone sul Garda,2021,stranieri_nati_in_italia,23
017089,Limone sul Garda,2021,stranieri_nati_in_italia_minorenni,20
017089,Limone sul Garda,2022,italiani,984
017089,Limone sul Garda,2022,italiani_acquisiti,70
017089,Limone sul Garda,2022,italiani_acquisiti_nati_all_estero,59
017089,Limone sul Garda,2022,italiani_acquisiti_nati_in_italia,11
017089,Limone sul Garda,2022,italiani_acquisiti_nati_in_italia_minorenni,6
017089,Limone sul Garda,2022,italiani_dalla_nascita,914
017089,Limone sul Garda,2022,italiani_dalla_nascita_nati_all_estero,18
017089,Limone sul Garda,2022,italiani_dalla_nascita_nati_in_italia,896
017089,Limone sul Garda,2022,popolazione_residente,1127
017089,Limone sul Garda,2022,stranieri,143
017089,Limone sul Garda,2022,stranieri_nati_all_estero,120
017089,Limone sul Garda,2022,stranieri_nati_in_italia,23
017089,Limone sul Garda,2022,stranieri_nati_in_italia_minorenni,20
017089,Limone sul Garda,2023,italiani,963
017089,Limone sul Garda,2023,italiani_acquisiti,71
017089,Limone sul Garda,2023,italiani_acquisiti_nati_all_estero,56
017089,Limone sul Garda,2023,italiani_acquisiti_nati_in_italia,15
017089,Limone sul Garda,2023,italiani_acquisiti_nati_in_italia_minorenni,8
017089,Limone sul Garda,2023,italiani_dalla_nascita,892
017089,Limone sul Garda,2023,italiani_dalla_nascita_nati_all_estero,17
017089,Limone sul Garda,2023,italiani_dalla_nascita_nati_in_italia,875
017089,Limone sul Garda,2023,popolazione_residente,1108
017089,Limone sul Garda,2023,stranieri,145
017089,Limone sul Garda,2023,stranieri_nati_all_estero,125
017089,Limone sul Garda,2023,stranieri_nati_in_italia,20
017089,Limone sul Garda,2023,stranieri_nati_in_italia_minorenni,17
017090,Lodrino,2021,italiani,1508
017090,Lodrino,2021,italiani_acquisiti,52
017090,Lodrino,2021,italiani_acquisiti_nati_all_estero,34
017090,Lodrino,2021,italiani_acquisiti_nati_in_italia,18
017090,Lodrino,2021,italiani_acquisiti_nati_in_italia_minorenni,11
017090,Lodrino,2021,italiani_dalla_nascita,1456
017090,Lodrino,2021,italiani_dalla_nascita_nati_all_estero,9
017090,Lodrino,2021,italiani_dalla_nascita_nati_in_italia,1447
017090,Lodrino,2021,popolazione_residente,1624
017090,Lodrino,2021,stranieri,116
017090,Lodrino,2021,stranieri_nati_all_estero,92
017090,Lodrino,2021,stranieri_nati_in_italia,24
017090,Lodrino,2021,stranieri_nati_in_italia_minorenni,23
017090,Lodrino,2022,italiani,1505
017090,Lodrino,2022,italiani_acquisiti,48
017090,Lodrino,2022,italiani_acquisiti_nati_all_estero,32
017090,Lodrino,2022,italiani_acquisiti_nati_in_italia,16
017090,Lodrino,2022,italiani_acquisiti_nati_in_italia_minorenni,11
017090,Lodrino,2022,italiani_dalla_nascita,1457
017090,Lodrino,2022,italiani_dalla_nascita_nati_all_estero,10
017090,Lodrino,2022,italiani_dalla_nascita_nati_in_italia,1447
017090,Lodrino,2022,popolazione_residente,1617
017090,Lodrino,2022,stranieri,112
017090,Lodrino,2022,stranieri_nati_all_estero,90
017090,Lodrino,2022,stranieri_nati_in_italia,22
017090,Lodrino,2022,stranieri_nati_in_italia_minorenni,21
017090,Lodrino,2023,italiani,1510
017090,Lodrino,2023,italiani_acquisiti,55
017090,Lodrino,2023,italiani_acquisiti_nati_all_estero,36
017090,Lodrino,2023,italiani_acquisiti_nati_in_italia,19
017090,Lodrino,2023,italiani_acquisiti_nati_in_italia_minorenni,13
017090,Lodrino,2023,italiani_dalla_nascita,1455
017090,Lodrino,2023,italiani_dalla_nascita_nati_all_estero,10
017090,Lodrino,2023,italiani_dalla_nascita_nati_in_italia,1445
017090,Lodrino,2023,popolazione_residente,1636
017090,Lodrino,2023,stranieri,126
017090,Lodrino,2023,stranieri_nati_all_estero,101
017090,Lodrino,2023,stranieri_nati_in_italia,25
017090,Lodrino,2023,stranieri_nati_in_italia_minorenni,24
017091,Lograto,2021,italiani,3288
017091,Lograto,2021,italiani_acquisiti,204
017091,Lograto,2021,italiani_acquisiti_nati_all_estero,139
017091,Lograto,2021,italiani_acquisiti_nati_in_italia,65
017091,Lograto,2021,italiani_acquisiti_nati_in_italia_minorenni,42
017091,Lograto,2021,italiani_dalla_nascita,3084
017091,Lograto,2021,italiani_dalla_nascita_nati_all_estero,28
017091,Lograto,2021,italiani_dalla_nascita_nati_in_italia,3056
017091,Lograto,2021,popolazione_residente,3804
017091,Lograto,2021,stranieri,516
017091,Lograto,2021,stranieri_nati_all_estero,383
017091,Lograto,2021,stranieri_nati_in_italia,133
017091,Lograto,2021,stranieri_nati_in_italia_minorenni,123
017091,Lograto,2022,italiani,3266
017091,Lograto,2022,italiani_acquisiti,234
017091,Lograto,2022,italiani_acquisiti_nati_all_estero,154
017091,Lograto,2022,italiani_acquisiti_nati_in_italia,80
017091,Lograto,2022,italiani_acquisiti_nati_in_italia_minorenni,58
017091,Lograto,2022,italiani_dalla_nascita,3032
017091,Lograto,2022,italiani_dalla_nascita_nati_all_estero,32
017091,Lograto,2022,italiani_dalla_nascita_nati_in_italia,3000
017091,Lograto,2022,popolazione_residente,3763
017091,Lograto,2022,stranieri,497
017091,Lograto,2022,stranieri_nati_all_estero,382
017091,Lograto,2022,stranieri_nati_in_italia,115
017091,Lograto,2022,stranieri_nati_in_italia_minorenni,102
017091,Lograto,2023,italiani,3253
017091,Lograto,2023,italiani_acquisiti,249
017091,Lograto,2023,italiani_acquisiti_nati_all_estero,158
017091,Lograto,2023,italiani_acquisiti_nati_in_italia,91
017091,Lograto,2023,italiani_acquisiti_nati_in_italia_minorenni,64
017091,Lograto,2023,italiani_dalla_nascita,3004
017091,Lograto,2023,italiani_dalla_nascita_nati_all_estero,27
017091,Lograto,2023,italiani_dalla_nascita_nati_in_italia,2977
017091,Lograto,2023,popolazione_residente,3798
017091,Lograto,2023,stranieri,545
017091,Lograto,2023,stranieri_nati_all_estero,423
017091,Lograto,2023,stranieri_nati_in_italia,122
017091,Lograto,2023,stranieri_nati_in_italia_minorenni,108
017092,Lonato del Garda,2021,italiani,14869
017092,Lonato del Garda,2021,italiani_acquisiti,716
017092,Lonato del Garda,2021,italiani_acquisiti_nati_all_estero,519
017092,Lonato del Garda,2021,italiani_acquisiti_nati_in_italia,197
017092,Lonato del Garda,2021,italiani_acquisiti_nati_in_italia_minorenni,133
017092,Lonato del Garda,2021,italiani_dalla_nascita,14153
017092,Lonato del Garda,2021,italiani_dalla_nascita_nati_all_estero,212
017092,Lonato del Garda,2021,italiani_dalla_nascita_nati_in_italia,13941
017092,Lonato del Garda,2021,popolazione_residente,16827
017092,Lonato del Garda,2021,stranieri,1958
017092,Lonato del Garda,2021,stranieri_nati_all_estero,1610
017092,Lonato del Garda,2021,stranieri_nati_in_italia,348
017092,Lonato del Garda,2021,stranieri_nati_in_italia_minorenni,321
017092,Lonato del Garda,2022,italiani,15036
017092,Lonato del Garda,2022,italiani_acquisiti,825
017092,Lonato del Garda,2022,italiani_acquisiti_nati_all_estero,586
017092,Lonato del Garda,2022,italiani_acquisiti_nati_in_italia,239
017092,Lonato del Garda,2022,italiani_acquisiti_nati_in_italia_minorenni,162
017092,Lonato del Garda,2022,italiani_dalla_nascita,14211
017092,Lonato del Garda,2022,italiani_dalla_nascita_nati_all_estero,216
017092,Lonato del Garda,2022,italiani_dalla_nascita_nati_in_italia,13995
017092,Lonato del Garda,2022,popolazione_residente,16927
017092,Lonato del Garda,2022,stranieri,1891
017092,Lonato del Garda,2022,stranieri_nati_all_estero,1569
017092,Lonato del Garda,2022,stranieri_nati_in_italia,322
017092,Lonato del Garda,2022,stranieri_nati_in_italia_minorenni,296
017092,Lonato del Garda,2023,italiani,15060
017092,Lonato del Garda,2023,italiani_acquisiti,878
017092,Lonato del Garda,2023,italiani_acquisiti_nati_all_estero,622
017092,Lonato del Garda,2023,italiani_acquisiti_nati_in_italia,256
017092,Lonato del Garda,2023,italiani_acquisiti_nati_in_italia_minorenni,166
017092,Lonato del Garda,2023,italiani_dalla_nascita,14182
017092,Lonato del Garda,2023,italiani_dalla_nascita_nati_all_estero,225
017092,Lonato del Garda,2023,italiani_dalla_nascita_nati_in_italia,13957
017092,Lonato del Garda,2023,popolazione_residente,16974
017092,Lonato del Garda,2023,stranieri,1914
017092,Lonato del Garda,2023,stranieri_nati_all_estero,1596
017092,Lonato del Garda,2023,stranieri_nati_in_italia,318
017092,Lonato del Garda,2023,stranieri_nati_in_italia_minorenni,293
017093,Longhena,2021,italiani,532
017093,Longhena,2021,italiani_acquisiti,19
017093,Longhena,2021,italiani_acquisiti_nati_all_estero,13
017093,Longhena,2021,italiani_acquisiti_nati_in_italia,6
017093,Longhena,2021,italiani_acquisiti_nati_in_italia_minorenni,5
017093,Longhena,2021,italiani_dalla_nascita,513
017093,Longhena,2021,italiani_dalla_nascita_nati_all_estero,3
017093,Longhena,2021,italiani_dalla_nascita_nati_in_italia,510
017093,Longhena,2021,popolazione_residente,560
017093,Longhena,2021,stranieri,28
017093,Longhena,2021,stranieri_nati_all_estero,24
017093,Longhena,2021,stranieri_nati_in_italia,4
017093,Longhena,2021,stranieri_nati_in_italia_minorenni,4
017093,Longhena,2022,italiani,522
017093,Longhena,2022,italiani_acquisiti,23
017093,Longhena,2022,italiani_acquisiti_nati_all_estero,17
017093,Longhena,2022,italiani_acquisiti_nati_in_italia,6
017093,Longhena,2022,italiani_acquisiti_nati_in_italia_minorenni,5
017093,Longhena,2022,italiani_dalla_nascita,499
017093,Longhena,2022,italiani_dalla_nascita_nati_all_estero,3
017093,Longhena,2022,italiani_dalla_nascita_nati_in_italia,496
017093,Longhena,2022,popolazione_residente,549
017093,Longhena,2022,stranieri,27
017093,Longhena,2022,stranieri_nati_all_estero,21
017093,Longhena,2022,stranieri_nati_in_italia,6
017093,Longhena,2022,stranieri_nati_in_italia_minorenni,6
017093,Longhena,2023,italiani,528
017093,Longhena,2023,italiani_acquisiti,24
017093,Longhena,2023,italiani_acquisiti_nati_all_estero,18
017093,Longhena,2023,italiani_acquisiti_nati_in_italia,6
017093,Longhena,2023,italiani_acquisiti_nati_in_italia_minorenni,5
017093,Longhena,2023,italiani_dalla_nascita,504
017093,Longhena,2023,italiani_dalla_nascita_nati_all_estero,4
017093,Longhena,2023,italiani_dalla_nascita_nati_in_italia,500
017093,Longhena,2023,popolazione_residente,563
017093,Longhena,2023,stranieri,35
017093,Longhena,2023,stranieri_nati_all_estero,30
017093,Longhena,2023,stranieri_nati_in_italia,5
017093,Longhena,2023,stranieri_nati_in_italia_minorenni,5
017094,Losine,2021,italiani,590
017094,Losine,2021,italiani_acquisiti,9
017094,Losine,2021,italiani_acquisiti_nati_all_estero,9
017094,Losine,2021,italiani_dalla_nascita,581
017094,Losine,2021,italiani_dalla_nascita_nati_all_estero,8
017094,Losine,2021,italiani_dalla_nascita_nati_in_italia,573
017094,Losine,2021,popolazione_residente,625
017094,Losine,2021,stranieri,35
017094,Losine,2021,stranieri_nati_all_estero,32
017094,Losine,2021,stranieri_nati_in_italia,3
017094,Losine,2021,stranieri_nati_in_italia_minorenni,3
017094,Losine,2022,italiani,589
017094,Losine,2022,italiani_acquisiti,10
017094,Losine,2022,italiani_acquisiti_nati_all_estero,9
017094,Losine,2022,italiani_acquisiti_nati_in_italia,1
017094,Losine,2022,italiani_acquisiti_nati_in_italia_minorenni,1
017094,Losine,2022,italiani_dalla_nascita,579
017094,Losine,2022,italiani_dalla_nascita_nati_all_estero,9
017094,Losine,2022,italiani_dalla_nascita_nati_in_italia,570
017094,Losine,2022,popolazione_residente,625
017094,Losine,2022,stranieri,36
017094,Losine,2022,stranieri_nati_all_estero,32
017094,Losine,2022,stranieri_nati_in_italia,4
017094,Losine,2022,stranieri_nati_in_italia_minorenni,4
017094,Losine,2023,italiani,574
017094,Losine,2023,italiani_acquisiti,9
017094,Losine,2023,italiani_acquisiti_nati_all_estero,8
017094,Losine,2023,italiani_acquisiti_nati_in_italia,1
017094,Losine,2023,italiani_acquisiti_nati_in_italia_minorenni,1
017094,Losine,2023,italiani_dalla_nascita,565
017094,Losine,2023,italiani_dalla_nascita_nati_all_estero,8
017094,Losine,2023,italiani_dalla_nascita_nati_in_italia,557
017094,Losine,2023,popolazione_residente,626
017094,Losine,2023,stranieri,52
017094,Losine,2023,stranieri_nati_all_estero,47
017094,Losine,2023,stranieri_nati_in_italia,5
017094,Losine,2023,stranieri_nati_in_italia_minorenni,4
017095,Lozio,2021,italiani,347
017095,Lozio,2021,italiani_acquisiti,5
017095,Lozio,2021,italiani_acquisiti_nati_all_estero,5
017095,Lozio,2021,italiani_dalla_nascita,342
017095,Lozio,2021,italiani_dalla_nascita_nati_all_estero,3
017095,Lozio,2021,italiani_dalla_nascita_nati_in_italia,339
017095,Lozio,2021,popolazione_residente,353
017095,Lozio,2021,stranieri,6
017095,Lozio,2021,stranieri_nati_all_estero,6
017095,Lozio,2022,italiani,346
017095,Lozio,2022,italiani_acquisiti,4
017095,Lozio,2022,italiani_acquisiti_nati_all_estero,4
017095,Lozio,2022,italiani_dalla_nascita,342
017095,Lozio,2022,italiani_dalla_nascita_nati_all_estero,2
017095,Lozio,2022,italiani_dalla_nascita_nati_in_italia,340
017095,Lozio,2022,popolazione_residente,352
017095,Lozio,2022,stranieri,6
017095,Lozio,2022,stranieri_nati_all_estero,6
017095,Lozio,2023,italiani,349
017095,Lozio,2023,italiani_acquisiti,4
017095,Lozio,2023,italiani_acquisiti_nati_all_estero,4
017095,Lozio,2023,italiani_dalla_nascita,345
017095,Lozio,2023,italiani_dalla_nascita_nati_all_estero,3
017095,Lozio,2023,italiani_dalla_nascita_nati_in_italia,342
017095,Lozio,2023,popolazione_residente,356
017095,Lozio,2023,stranieri,7
017095,Lozio,2023,stranieri_nati_all_estero,7
017096,Lumezzane,2021,italiani,19211
017096,Lumezzane,2021,italiani_acquisiti,829
017096,Lumezzane,2021,italiani_acquisiti_nati_all_estero,548
017096,Lumezzane,2021,italiani_acquisiti_nati_in_italia,281
017096,Lumezzane,2021,italiani_acquisiti_nati_in_italia_minorenni,220
017096,Lumezzane,2021,italiani_dalla_nascita,18382
017096,Lumezzane,2021,italiani_dalla_nascita_nati_all_estero,122
017096,Lumezzane,2021,italiani_dalla_nascita_nati_in_italia,18260
017096,Lumezzane,2021,popolazione_residente,21410
017096,Lumezzane,2021,stranieri,2199
017096,Lumezzane,2021,stranieri_nati_all_estero,1784
017096,Lumezzane,2021,stranieri_nati_in_italia,415
017096,Lumezzane,2021,stranieri_nati_in_italia_minorenni,401
017096,Lumezzane,2022,italiani,19196
017096,Lumezzane,2022,italiani_acquisiti,981
017096,Lumezzane,2022,italiani_acquisiti_nati_all_estero,645
017096,Lumezzane,2022,italiani_acquisiti_nati_in_italia,336
017096,Lumezzane,2022,italiani_acquisiti_nati_in_italia_minorenni,265
017096,Lumezzane,2022,italiani_dalla_nascita,18215
017096,Lumezzane,2022,italiani_dalla_nascita_nati_all_estero,133
017096,Lumezzane,2022,italiani_dalla_nascita_nati_in_italia,18082
017096,Lumezzane,2022,popolazione_residente,21501
017096,Lumezzane,2022,stranieri,2305
017096,Lumezzane,2022,stranieri_nati_all_estero,1880
017096,Lumezzane,2022,stranieri_nati_in_italia,425
017096,Lumezzane,2022,stranieri_nati_in_italia_minorenni,402
017096,Lumezzane,2023,italiani,19119
017096,Lumezzane,2023,italiani_acquisiti,1072
017096,Lumezzane,2023,italiani_acquisiti_nati_all_estero,705
017096,Lumezzane,2023,italiani_acquisiti_nati_in_italia,367
017096,Lumezzane,2023,italiani_acquisiti_nati_in_italia_minorenni,281
017096,Lumezzane,2023,italiani_dalla_nascita,18047
017096,Lumezzane,2023,italiani_dalla_nascita_nati_all_estero,141
017096,Lumezzane,2023,italiani_dalla_nascita_nati_in_italia,17906
017096,Lumezzane,2023,popolazione_residente,21556
017096,Lumezzane,2023,stranieri,2437
017096,Lumezzane,2023,stranieri_nati_all_estero,1993
017096,Lumezzane,2023,stranieri_nati_in_italia,444
017096,Lumezzane,2023,stranieri_nati_in_italia_minorenni,412
017097,Maclodio,2021,italiani,1260
017097,Maclodio,2021,italiani_acquisiti,91
017097,Maclodio,2021,italiani_acquisiti_nati_all_estero,63
017097,Maclodio,2021,italiani_acquisiti_nati_in_italia,28
017097,Maclodio,2021,italiani_acquisiti_nati_in_italia_minorenni,19
017097,Maclodio,2021,italiani_dalla_nascita,1169
017097,Maclodio,2021,italiani_dalla_nascita_nati_all_estero,12
017097,Maclodio,2021,italiani_dalla_nascita_nati_in_italia,1157
017097,Maclodio,2021,popolazione_residente,1483
017097,Maclodio,2021,stranieri,223
017097,Maclodio,2021,stranieri_nati_all_estero,173
017097,Maclodio,2021,stranieri_nati_in_italia,50
017097,Maclodio,2021,stranieri_nati_in_italia_minorenni,50
017097,Maclodio,2022,italiani,1290
017097,Maclodio,2022,italiani_acquisiti,134
017097,Maclodio,2022,italiani_acquisiti_nati_all_estero,89
017097,Maclodio,2022,italiani_acquisiti_nati_in_italia,45
017097,Maclodio,2022,italiani_acquisiti_nati_in_italia_minorenni,33
017097,Maclodio,2022,italiani_dalla_nascita,1156
017097,Maclodio,2022,italiani_dalla_nascita_nati_all_estero,12
017097,Maclodio,2022,italiani_dalla_nascita_nati_in_italia,1144
017097,Maclodio,2022,popolazione_residente,1487
017097,Maclodio,2022,stranieri,197
017097,Maclodio,2022,stranieri_nati_all_estero,159
017097,Maclodio,2022,stranieri_nati_in_italia,38
017097,Maclodio,2022,stranieri_nati_in_italia_minorenni,38
017097,Maclodio,2023,italiani,1297
017097,Maclodio,2023,italiani_acquisiti,140
017097,Maclodio,2023,italiani_acquisiti_nati_all_estero,90
017097,Maclodio,2023,italiani_acquisiti_nati_in_italia,50
017097,Maclodio,2023,italiani_acquisiti_nati_in_italia_minorenni,38
017097,Maclodio,2023,italiani_dalla_nascita,1157
017097,Maclodio,2023,italiani_dalla_nascita_nati_all_estero,12
017097,Maclodio,2023,italiani_dalla_nascita_nati_in_italia,1145
017097,Maclodio,2023,popolazione_residente,1503
017097,Maclodio,2023,stranieri,206
017097,Maclodio,2023,stranieri_nati_all_estero,170
017097,Maclodio,2023,stranieri_nati_in_italia,36
017097,Maclodio,2023,stranieri_nati_in_italia_minorenni,35
017098,Magasa,2021,italiani,107
017098,Magasa,2021,italiani_dalla_nascita,107
017098,Magasa,2021,italiani_dalla_nascita_nati_all_estero,1
017098,Magasa,2021,italiani_dalla_nascita_nati_in_italia,106
017098,Magasa,2021,popolazione_residente,107
017098,Magasa,2022,italiani,106
017098,Magasa,2022,italiani_dalla_nascita,106
017098,Magasa,2022,italiani_dalla_nascita_nati_all_estero,1
017098,Magasa,2022,italiani_dalla_nascita_nati_in_italia,105
017098,Magasa,2022,popolazione_residente,106
017098,Magasa,2023,italiani,101
017098,Magasa,2023,italiani_dalla_nascita,101
017098,Magasa,2023,italiani_dalla_nascita_nati_all_estero,1
017098,Magasa,2023,italiani_dalla_nascita_nati_in_italia,100
017098,Magasa,2023,popolazione_residente,102
017098,Magasa,2023,stranieri,1
017098,Magasa,2023,stranieri_nati_all_estero,1
017099,Mairano,2021,italiani,2948
017099,Mairano,2021,italiani_acquisiti,202
017099,Mairano,2021,italiani_acquisiti_nati_all_estero,134
017099,Mairano,2021,italiani_acquisiti_nati_in_italia,68
017099,Mairano,2021,italiani_acquisiti_nati_in_italia_minorenni,65
017099,Mairano,2021,italiani_dalla_nascita,2746
017099,Mairano,2021,italiani_dalla_nascita_nati_all_estero,26
017099,Mairano,2021,italiani_dalla_nascita_nati_in_italia,2720
017099,Mairano,2021,popolazione_residente,3492
017099,Mairano,2021,stranieri,544
017099,Mairano,2021,stranieri_nati_all_estero,417
017099,Mairano,2021,stranieri_nati_in_italia,127
017099,Mairano,2021,stranieri_nati_in_italia_minorenni,120
017099,Mairano,2022,italiani,3000
017099,Mairano,2022,italiani_acquisiti,244
017099,Mairano,2022,italiani_acquisiti_nati_all_estero,156
017099,Mairano,2022,italiani_acquisiti_nati_in_italia,88
017099,Mairano,2022,italiani_acquisiti_nati_in_italia_minorenni,75
017099,Mairano,2022,italiani_dalla_nascita,2756
017099,Mairano,2022,italiani_dalla_nascita_nati_all_estero,28
017099,Mairano,2022,italiani_dalla_nascita_nati_in_italia,2728
017099,Mairano,2022,popolazione_residente,3519
017099,Mairano,2022,stranieri,519
017099,Mairano,2022,stranieri_nati_all_estero,405
017099,Mairano,2022,stranieri_nati_in_italia,114
017099,Mairano,2022,stranieri_nati_in_italia_minorenni,106
017099,Mairano,2023,italiani,2992
017099,Mairano,2023,italiani_acquisiti,268
017099,Mairano,2023,italiani_acquisiti_nati_all_estero,174
017099,Mairano,2023,italiani_acquisiti_nati_in_italia,94
017099,Mairano,2023,italiani_acquisiti_nati_in_italia_minorenni,77
017099,Mairano,2023,italiani_dalla_nascita,2724
017099,Mairano,2023,italiani_dalla_nascita_nati_all_estero,30
017099,Mairano,2023,italiani_dalla_nascita_nati_in_italia,2694
017099,Mairano,2023,popolazione_residente,3477
017099,Mairano,2023,stranieri,485
017099,Mairano,2023,stranieri_nati_all_estero,383
017099,Mairano,2023,stranieri_nati_in_italia,102
017099,Mairano,2023,stranieri_nati_in_italia_minorenni,94
017100,Malegno,2021,italiani,1826
017100,Malegno,2021,italiani_acquisiti,46
017100,Malegno,2021,italiani_acquisiti_nati_all_estero,30
017100,Malegno,2021,italiani_acquisiti_nati_in_italia,16
017100,Malegno,2021,italiani_acquisiti_nati_in_italia_minorenni,11
017100,Malegno,2021,italiani_dalla_nascita,1780
017100,Malegno,2021,italiani_dalla_nascita_nati_all_estero,21
017100,Malegno,2021,italiani_dalla_nascita_nati_in_italia,1759
017100,Malegno,2021,popolazione_residente,1960
017100,Malegno,2021,stranieri,134
017100,Malegno,2021,stranieri_nati_all_estero,111
017100,Malegno,2021,stranieri_nati_in_italia,23
017100,Malegno,2021,stranieri_nati_in_italia_minorenni,23
017100,Malegno,2022,italiani,1787
017100,Malegno,2022,italiani_acquisiti,56
017100,Malegno,2022,italiani_acquisiti_nati_all_estero,35
017100,Malegno,2022,italiani_acquisiti_nati_in_italia,21
017100,Malegno,2022,italiani_acquisiti_nati_in_italia_minorenni,16
017100,Malegno,2022,italiani_dalla_nascita,1731
017100,Malegno,2022,italiani_dalla_nascita_nati_all_estero,20
017100,Malegno,2022,italiani_dalla_nascita_nati_in_italia,1711
017100,Malegno,2022,popolazione_residente,1930
017100,Malegno,2022,stranieri,143
017100,Malegno,2022,stranieri_nati_all_estero,126
017100,Malegno,2022,stranieri_nati_in_italia,17
017100,Malegno,2022,stranieri_nati_in_italia_minorenni,17
017100,Malegno,2023,italiani,1773
017100,Malegno,2023,italiani_acquisiti,52
017100,Malegno,2023,italiani_acquisiti_nati_all_estero,33
017100,Malegno,2023,italiani_acquisiti_nati_in_italia,19
017100,Malegno,2023,italiani_acquisiti_nati_in_italia_minorenni,14
017100,Malegno,2023,italiani_dalla_nascita,1721
017100,Malegno,2023,italiani_dalla_nascita_nati_all_estero,18
017100,Malegno,2023,italiani_dalla_nascita_nati_in_italia,1703
017100,Malegno,2023,popolazione_residente,1926
017100,Malegno,2023,stranieri,153
017100,Malegno,2023,stranieri_nati_all_estero,134
017100,Malegno,2023,stranieri_nati_in_italia,19
017100,Malegno,2023,stranieri_nati_in_italia_minorenni,18
017101,Malonno,2021,italiani,2987
017101,Malonno,2021,italiani_acquisiti,28
017101,Malonno,2021,italiani_acquisiti_nati_all_estero,23
017101,Malonno,2021,italiani_acquisiti_nati_in_italia,5
017101,Malonno,2021,italiani_acquisiti_nati_in_italia_minorenni,4
017101,Malonno,2021,italiani_dalla_nascita,2959
017101,Malonno,2021,italiani_dalla_nascita_nati_all_estero,39
017101,Malonno,2021,italiani_dalla_nascita_nati_in_italia,2920
017101,Malonno,2021,popolazione_residente,3030
017101,Malonno,2021,stranieri,43
017101,Malonno,2021,stranieri_nati_all_estero,40
017101,Malonno,2021,stranieri_nati_in_italia,3
017101,Malonno,2021,stranieri_nati_in_italia_minorenni,3
017101,Malonno,2022,italiani,2965
017101,Malonno,2022,italiani_acquisiti,28
017101,Malonno,2022,italiani_acquisiti_nati_all_estero,24
017101,Malonno,2022,italiani_acquisiti_nati_in_italia,4
017101,Malonno,2022,italiani_acquisiti_nati_in_italia_minorenni,3
017101,Malonno,2022,italiani_dalla_nascita,2937
017101,Malonno,2022,italiani_dalla_nascita_nati_all_estero,41
017101,Malonno,2022,italiani_dalla_nascita_nati_in_italia,2896
017101,Malonno,2022,popolazione_residente,3005
017101,Malonno,2022,stranieri,40
017101,Malonno,2022,stranieri_nati_all_estero,35
017101,Malonno,2022,stranieri_nati_in_italia,5
017101,Malonno,2022,stranieri_nati_in_italia_minorenni,5
017101,Malonno,2023,italiani,2936
017101,Malonno,2023,italiani_acquisiti,25
017101,Malonno,2023,italiani_acquisiti_nati_all_estero,22
017101,Malonno,2023,italiani_acquisiti_nati_in_italia,3
017101,Malonno,2023,italiani_acquisiti_nati_in_italia_minorenni,2
017101,Malonno,2023,italiani_dalla_nascita,2911
017101,Malonno,2023,italiani_dalla_nascita_nati_all_estero,40
017101,Malonno,2023,italiani_dalla_nascita_nati_in_italia,2871
017101,Malonno,2023,popolazione_residente,2978
017101,Malonno,2023,stranieri,42
017101,Malonno,2023,stranieri_nati_all_estero,34
017101,Malonno,2023,stranieri_nati_in_italia,8
017101,Malonno,2023,stranieri_nati_in_italia_minorenni,8
017102,Manerba del Garda,2021,italiani,4791
017102,Manerba del Garda,2021,italiani_acquisiti,252
017102,Manerba del Garda,2021,italiani_acquisiti_nati_all_estero,185
017102,Manerba del Garda,2021,italiani_acquisiti_nati_in_italia,67
017102,Manerba del Garda,2021,italiani_acquisiti_nati_in_italia_minorenni,50
017102,Manerba del Garda,2021,italiani_dalla_nascita,4539
017102,Manerba del Garda,2021,italiani_dalla_nascita_nati_all_estero,72
017102,Manerba del Garda,2021,italiani_dalla_nascita_nati_in_italia,4467
017102,Manerba del Garda,2021,popolazione_residente,5415
017102,Manerba del Garda,2021,stranieri,624
017102,Manerba del Garda,2021,stranieri_nati_all_estero,531
017102,Manerba del Garda,2021,stranieri_nati_in_italia,93
017102,Manerba del Garda,2021,stranieri_nati_in_italia_minorenni,90
017102,Manerba del Garda,2022,italiani,4775
017102,Manerba del Garda,2022,italiani_acquisiti,283
017102,Manerba del Garda,2022,italiani_acquisiti_nati_all_estero,202
017102,Manerba del Garda,2022,italiani_acquisiti_nati_in_italia,81
017102,Manerba del Garda,2022,italiani_acquisiti_nati_in_italia_minorenni,61
017102,Manerba del Garda,2022,italiani_dalla_nascita,4492
017102,Manerba del Garda,2022,italiani_dalla_nascita_nati_all_estero,81
017102,Manerba del Garda,2022,italiani_dalla_nascita_nati_in_italia,4411
017102,Manerba del Garda,2022,popolazione_residente,5386
017102,Manerba del Garda,2022,stranieri,611
017102,Manerba del Garda,2022,stranieri_nati_all_estero,533
017102,Manerba del Garda,2022,stranieri_nati_in_italia,78
017102,Manerba del Garda,2022,stranieri_nati_in_italia_minorenni,75
017102,Manerba del Garda,2023,italiani,4782
017102,Manerba del Garda,2023,italiani_acquisiti,296
017102,Manerba del Garda,2023,italiani_acquisiti_nati_all_estero,213
017102,Manerba del Garda,2023,italiani_acquisiti_nati_in_italia,83
017102,Manerba del Garda,2023,italiani_acquisiti_nati_in_italia_minorenni,63
017102,Manerba del Garda,2023,italiani_dalla_nascita,4486
017102,Manerba del Garda,2023,italiani_dalla_nascita_nati_all_estero,78
017102,Manerba del Garda,2023,italiani_dalla_nascita_nati_in_italia,4408
017102,Manerba del Garda,2023,popolazione_residente,5368
017102,Manerba del Garda,2023,stranieri,586
017102,Manerba del Garda,2023,stranieri_nati_all_estero,518
017102,Manerba del Garda,2023,stranieri_nati_in_italia,68
017102,Manerba del Garda,2023,stranieri_nati_in_italia_minorenni,65
017103,Manerbio,2021,italiani,11211
017103,Manerbio,2021,italiani_acquisiti,884
017103,Manerbio,2021,italiani_acquisiti_nati_all_estero,591
017103,Manerbio,2021,italiani_acquisiti_nati_in_italia,293
017103,Manerbio,2021,italiani_acquisiti_nati_in_italia_minorenni,220
017103,Manerbio,2021,italiani_dalla_nascita,10327
017103,Manerbio,2021,italiani_dalla_nascita_nati_all_estero,89
017103,Manerbio,2021,italiani_dalla_nascita_nati_in_italia,10238
017103,Manerbio,2021,popolazione_residente,13163
017103,Manerbio,2021,stranieri,1952
017103,Manerbio,2021,stranieri_nati_all_estero,1580
017103,Manerbio,2021,stranieri_nati_in_italia,372
017103,Manerbio,2021,stranieri_nati_in_italia_minorenni,360
017103,Manerbio,2022,italiani,11357
017103,Manerbio,2022,italiani_acquisiti,1113
017103,Manerbio,2022,italiani_acquisiti_nati_all_estero,752
017103,Manerbio,2022,italiani_acquisiti_nati_in_italia,361
017103,Manerbio,2022,italiani_acquisiti_nati_in_italia_minorenni,261
017103,Manerbio,2022,italiani_dalla_nascita,10244
017103,Manerbio,2022,italiani_dalla_nascita_nati_all_estero,109
017103,Manerbio,2022,italiani_dalla_nascita_nati_in_italia,10135
017103,Manerbio,2022,popolazione_residente,13351
017103,Manerbio,2022,stranieri,1994
017103,Manerbio,2022,stranieri_nati_all_estero,1650
017103,Manerbio,2022,stranieri_nati_in_italia,344
017103,Manerbio,2022,stranieri_nati_in_italia_minorenni,330
017103,Manerbio,2023,italiani,11376
017103,Manerbio,2023,italiani_acquisiti,1134
017103,Manerbio,2023,italiani_acquisiti_nati_all_estero,750
017103,Manerbio,2023,italiani_acquisiti_nati_in_italia,384
017103,Manerbio,2023,italiani_acquisiti_nati_in_italia_minorenni,254
017103,Manerbio,2023,italiani_dalla_nascita,10242
017103,Manerbio,2023,italiani_dalla_nascita_nati_all_estero,144
017103,Manerbio,2023,italiani_dalla_nascita_nati_in_italia,10098
017103,Manerbio,2023,popolazione_residente,13448
017103,Manerbio,2023,stranieri,2072
017103,Manerbio,2023,stranieri_nati_all_estero,1728
017103,Manerbio,2023,stranieri_nati_in_italia,344
017103,Manerbio,2023,stranieri_nati_in_italia_minorenni,322
017104,Marcheno,2021,italiani,3819
017104,Marcheno,2021,italiani_acquisiti,157
017104,Marcheno,2021,italiani_acquisiti_nati_all_estero,106
017104,Marcheno,2021,italiani_acquisiti_nati_in_italia,51
017104,Marcheno,2021,italiani_acquisiti_nati_in_italia_minorenni,39
017104,Marcheno,2021,italiani_dalla_nascita,3662
017104,Marcheno,2021,italiani_dalla_nascita_nati_all_estero,33
017104,Marcheno,2021,italiani_dalla_nascita_nati_in_italia,3629
017104,Marcheno,2021,popolazione_residente,4196
017104,Marcheno,2021,stranieri,377
017104,Marcheno,2021,stranieri_nati_all_estero,293
017104,Marcheno,2021,stranieri_nati_in_italia,84
017104,Marcheno,2021,stranieri_nati_in_italia_minorenni,82
017104,Marcheno,2022,italiani,3806
017104,Marcheno,2022,italiani_acquisiti,177
017104,Marcheno,2022,italiani_acquisiti_nati_all_estero,115
017104,Marcheno,2022,italiani_acquisiti_nati_in_italia,62
017104,Marcheno,2022,italiani_acquisiti_nati_in_italia_minorenni,46
017104,Marcheno,2022,italiani_dalla_nascita,3629
017104,Marcheno,2022,italiani_dalla_nascita_nati_all_estero,34
017104,Marcheno,2022,italiani_dalla_nascita_nati_in_italia,3595
017104,Marcheno,2022,popolazione_residente,4161
017104,Marcheno,2022,stranieri,355
017104,Marcheno,2022,stranieri_nati_all_estero,283
017104,Marcheno,2022,stranieri_nati_in_italia,72
017104,Marcheno,2022,stranieri_nati_in_italia_minorenni,70
017104,Marcheno,2023,italiani,3814
017104,Marcheno,2023,italiani_acquisiti,209
017104,Marcheno,2023,italiani_acquisiti_nati_all_estero,133
017104,Marcheno,2023,italiani_acquisiti_nati_in_italia,76
017104,Marcheno,2023,italiani_acquisiti_nati_in_italia_minorenni,52
017104,Marcheno,2023,italiani_dalla_nascita,3605
017104,Marcheno,2023,italiani_dalla_nascita_nati_all_estero,36
017104,Marcheno,2023,italiani_dalla_nascita_nati_in_italia,3569
017104,Marcheno,2023,popolazione_residente,4163
017104,Marcheno,2023,stranieri,349
017104,Marcheno,2023,stranieri_nati_all_estero,282
017104,Marcheno,2023,stranieri_nati_in_italia,67
017104,Marcheno,2023,stranieri_nati_in_italia_minorenni,64
017105,Marmentino,2021,italiani,652
017105,Marmentino,2021,italiani_acquisiti,5
017105,Marmentino,2021,italiani_acquisiti_nati_all_estero,4
017105,Marmentino,2021,italiani_acquisiti_nati_in_italia,1
017105,Marmentino,2021,italiani_acquisiti_nati_in_italia_minorenni,1
017105,Marmentino,2021,italiani_dalla_nascita,647
017105,Marmentino,2021,italiani_dalla_nascita_nati_all_estero,5
017105,Marmentino,2021,italiani_dalla_nascita_nati_in_italia,642
017105,Marmentino,2021,popolazione_residente,665
017105,Marmentino,2021,stranieri,13
017105,Marmentino,2021,stranieri_nati_all_estero,12
017105,Marmentino,2021,stranieri_nati_in_italia,1
017105,Marmentino,2021,stranieri_nati_in_italia_minorenni,1
017105,Marmentino,2022,italiani,644
017105,Marmentino,2022,italiani_acquisiti,6
017105,Marmentino,2022,italiani_acquisiti_nati_all_estero,5
017105,Marmentino,2022,italiani_acquisiti_nati_in_italia,1
017105,Marmentino,2022,italiani_acquisiti_nati_in_italia_minorenni,1
017105,Marmentino,2022,italiani_dalla_nascita,638
017105,Marmentino,2022,italiani_dalla_nascita_nati_all_estero,5
017105,Marmentino,2022,italiani_dalla_nascita_nati_in_italia,633
017105,Marmentino,2022,popolazione_residente,657
017105,Marmentino,2022,stranieri,13
017105,Marmentino,2022,stranieri_nati_all_estero,12
017105,Marmentino,2022,stranieri_nati_in_italia,1
017105,Marmentino,2022,stranieri_nati_in_italia_minorenni,1
017105,Marmentino,2023,italiani,642
017105,Marmentino,2023,italiani_acquisiti,3
017105,Marmentino,2023,italiani_acquisiti_nati_all_estero,3
017105,Marmentino,2023,italiani_dalla_nascita,639
017105,Marmentino,2023,italiani_dalla_nascita_nati_all_estero,5
017105,Marmentino,2023,italiani_dalla_nascita_nati_in_italia,634
017105,Marmentino,2023,popolazione_residente,655
017105,Marmentino,2023,stranieri,13
017105,Marmentino,2023,stranieri_nati_all_estero,12
017105,Marmentino,2023,stranieri_nati_in_italia,1
017105,Marmentino,2023,stranieri_nati_in_italia_minorenni,1
017106,Marone,2021,italiani,2918
017106,Marone,2021,italiani_acquisiti,85
017106,Marone,2021,italiani_acquisiti_nati_all_estero,59
017106,Marone,2021,italiani_acquisiti_nati_in_italia,26
017106,Marone,2021,italiani_acquisiti_nati_in_italia_minorenni,16
017106,Marone,2021,italiani_dalla_nascita,2833
017106,Marone,2021,italiani_dalla_nascita_nati_all_estero,27
017106,Marone,2021,italiani_dalla_nascita_nati_in_italia,2806
017106,Marone,2021,popolazione_residente,3114
017106,Marone,2021,stranieri,196
017106,Marone,2021,stranieri_nati_all_estero,139
017106,Marone,2021,stranieri_nati_in_italia,57
017106,Marone,2021,stranieri_nati_in_italia_minorenni,57
017106,Marone,2022,italiani,2918
017106,Marone,2022,italiani_acquisiti,92
017106,Marone,2022,italiani_acquisiti_nati_all_estero,64
017106,Marone,2022,italiani_acquisiti_nati_in_italia,28
017106,Marone,2022,italiani_acquisiti_nati_in_italia_minorenni,16
017106,Marone,2022,italiani_dalla_nascita,2826
017106,Marone,2022,italiani_dalla_nascita_nati_all_estero,30
017106,Marone,2022,italiani_dalla_nascita_nati_in_italia,2796
017106,Marone,2022,popolazione_residente,3112
017106,Marone,2022,stranieri,194
017106,Marone,2022,stranieri_nati_all_estero,137
017106,Marone,2022,stranieri_nati_in_italia,57
017106,Marone,2022,stranieri_nati_in_italia_minorenni,57
017106,Marone,2023,italiani,2909
017106,Marone,2023,italiani_acquisiti,94
017106,Marone,2023,italiani_acquisiti_nati_all_estero,65
017106,Marone,2023,italiani_acquisiti_nati_in_italia,29
017106,Marone,2023,italiani_acquisiti_nati_in_italia_minorenni,16
017106,Marone,2023,italiani_dalla_nascita,2815
017106,Marone,2023,italiani_dalla_nascita_nati_all_estero,33
017106,Marone,2023,italiani_dalla_nascita_nati_in_italia,2782
017106,Marone,2023,popolazione_residente,3099
017106,Marone,2023,stranieri,190
017106,Marone,2023,stranieri_nati_all_estero,134
017106,Marone,2023,stranieri_nati_in_italia,56
017106,Marone,2023,stranieri_nati_in_italia_minorenni,55
017107,Mazzano,2021,italiani,11390
017107,Mazzano,2021,italiani_acquisiti,690
017107,Mazzano,2021,italiani_acquisiti_nati_all_estero,466
017107,Mazzano,2021,italiani_acquisiti_nati_in_italia,224
017107,Mazzano,2021,italiani_acquisiti_nati_in_italia_minorenni,168
017107,Mazzano,2021,italiani_dalla_nascita,10700
017107,Mazzano,2021,italiani_dalla_nascita_nati_all_estero,145
017107,Mazzano,2021,italiani_dalla_nascita_nati_in_italia,10555
017107,Mazzano,2021,popolazione_residente,12519
017107,Mazzano,2021,stranieri,1129
017107,Mazzano,2021,stranieri_nati_all_estero,916
017107,Mazzano,2021,stranieri_nati_in_italia,213
017107,Mazzano,2021,stranieri_nati_in_italia_minorenni,206
017107,Mazzano,2022,italiani,11591
017107,Mazzano,2022,italiani_acquisiti,833
017107,Mazzano,2022,italiani_acquisiti_nati_all_estero,578
017107,Mazzano,2022,italiani_acquisiti_nati_in_italia,255
017107,Mazzano,2022,italiani_acquisiti_nati_in_italia_minorenni,188
017107,Mazzano,2022,italiani_dalla_nascita,10758
017107,Mazzano,2022,italiani_dalla_nascita_nati_all_estero,150
017107,Mazzano,2022,italiani_dalla_nascita_nati_in_italia,10608
017107,Mazzano,2022,popolazione_residente,12655
017107,Mazzano,2022,stranieri,1064
017107,Mazzano,2022,stranieri_nati_all_estero,867
017107,Mazzano,2022,stranieri_nati_in_italia,197
017107,Mazzano,2022,stranieri_nati_in_italia_minorenni,185
017107,Mazzano,2023,italiani,11564
017107,Mazzano,2023,italiani_acquisiti,814
017107,Mazzano,2023,italiani_acquisiti_nati_all_estero,553
017107,Mazzano,2023,italiani_acquisiti_nati_in_italia,261
017107,Mazzano,2023,italiani_acquisiti_nati_in_italia_minorenni,184
017107,Mazzano,2023,italiani_dalla_nascita,10750
017107,Mazzano,2023,italiani_dalla_nascita_nati_all_estero,158
017107,Mazzano,2023,italiani_dalla_nascita_nati_in_italia,10592
017107,Mazzano,2023,popolazione_residente,12682
017107,Mazzano,2023,stranieri,1118
017107,Mazzano,2023,stranieri_nati_all_estero,907
017107,Mazzano,2023,stranieri_nati_in_italia,211
017107,Mazzano,2023,stranieri_nati_in_italia_minorenni,191
017108,Milzano,2021,italiani,1508
017108,Milzano,2021,italiani_acquisiti,133
017108,Milzano,2021,italiani_acquisiti_nati_all_estero,87
017108,Milzano,2021,italiani_acquisiti_nati_in_italia,46
017108,Milzano,2021,italiani_acquisiti_nati_in_italia_minorenni,34
017108,Milzano,2021,italiani_dalla_nascita,1375
017108,Milzano,2021,italiani_dalla_nascita_nati_all_estero,17
017108,Milzano,2021,italiani_dalla_nascita_nati_in_italia,1358
017108,Milzano,2021,popolazione_residente,1723
017108,Milzano,2021,stranieri,215
017108,Milzano,2021,stranieri_nati_all_estero,178
017108,Milzano,2021,stranieri_nati_in_italia,37
017108,Milzano,2021,stranieri_nati_in_italia_minorenni,36
017108,Milzano,2022,italiani,1526
017108,Milzano,2022,italiani_acquisiti,146
017108,Milzano,2022,italiani_acquisiti_nati_all_estero,97
017108,Milzano,2022,italiani_acquisiti_nati_in_italia,49
017108,Milzano,2022,italiani_acquisiti_nati_in_italia_minorenni,33
017108,Milzano,2022,italiani_dalla_nascita,1380
017108,Milzano,2022,italiani_dalla_nascita_nati_all_estero,16
017108,Milzano,2022,italiani_dalla_nascita_nati_in_italia,1364
017108,Milzano,2022,popolazione_residente,1749
017108,Milzano,2022,stranieri,223
017108,Milzano,2022,stranieri_nati_all_estero,188
017108,Milzano,2022,stranieri_nati_in_italia,35
017108,Milzano,2022,stranieri_nati_in_italia_minorenni,33
017108,Milzano,2023,italiani,1504
017108,Milzano,2023,italiani_acquisiti,154
017108,Milzano,2023,italiani_acquisiti_nati_all_estero,96
017108,Milzano,2023,italiani_acquisiti_nati_in_italia,58
017108,Milzano,2023,italiani_acquisiti_nati_in_italia_minorenni,39
017108,Milzano,2023,italiani_dalla_nascita,1350
017108,Milzano,2023,italiani_dalla_nascita_nati_all_estero,14
017108,Milzano,2023,italiani_dalla_nascita_nati_in_italia,1336
017108,Milzano,2023,popolazione_residente,1726
017108,Milzano,2023,stranieri,222
017108,Milzano,2023,stranieri_nati_all_estero,189
017108,Milzano,2023,stranieri_nati_in_italia,33
017108,Milzano,2023,stranieri_nati_in_italia_minorenni,31
017109,Moniga del Garda,2021,italiani,2337
017109,Moniga del Garda,2021,italiani_acquisiti,132
017109,Moniga del Garda,2021,italiani_acquisiti_nati_all_estero,99
017109,Moniga del Garda,2021,italiani_acquisiti_nati_in_italia,33
017109,Moniga del Garda,2021,italiani_acquisiti_nati_in_italia_minorenni,22
017109,Moniga del Garda,2021,italiani_dalla_nascita,2205
017109,Moniga del Garda,2021,italiani_dalla_nascita_nati_all_estero,31
017109,Moniga del Garda,2021,italiani_dalla_nascita_nati_in_italia,2174
017109,Moniga del Garda,2021,popolazione_residente,2603
017109,Moniga del Garda,2021,stranieri,266
017109,Moniga del Garda,2021,stranieri_nati_all_estero,233
017109,Moniga del Garda,2021,stranieri_nati_in_italia,33
017109,Moniga del Garda,2021,stranieri_nati_in_italia_minorenni,28
017109,Moniga del Garda,2022,italiani,2360
017109,Moniga del Garda,2022,italiani_acquisiti,145
017109,Moniga del Garda,2022,italiani_acquisiti_nati_all_estero,103
017109,Moniga del Garda,2022,italiani_acquisiti_nati_in_italia,42
017109,Moniga del Garda,2022,italiani_acquisiti_nati_in_italia_minorenni,27
017109,Moniga del Garda,2022,italiani_dalla_nascita,2215
017109,Moniga del Garda,2022,italiani_dalla_nascita_nati_all_estero,37
017109,Moniga del Garda,2022,italiani_dalla_nascita_nati_in_italia,2178
017109,Moniga del Garda,2022,popolazione_residente,2622
017109,Moniga del Garda,2022,stranieri,262
017109,Moniga del Garda,2022,stranieri_nati_all_estero,237
017109,Moniga del Garda,2022,stranieri_nati_in_italia,25
017109,Moniga del Garda,2022,stranieri_nati_in_italia_minorenni,22
017109,Moniga del Garda,2023,italiani,2363
017109,Moniga del Garda,2023,italiani_acquisiti,138
017109,Moniga del Garda,2023,italiani_acquisiti_nati_all_estero,102
017109,Moniga del Garda,2023,italiani_acquisiti_nati_in_italia,36
017109,Moniga del Garda,2023,italiani_acquisiti_nati_in_italia_minorenni,22
017109,Moniga del Garda,2023,italiani_dalla_nascita,2225
017109,Moniga del Garda,2023,italiani_dalla_nascita_nati_all_estero,38
017109,Moniga del Garda,2023,italiani_dalla_nascita_nati_in_italia,2187
017109,Moniga del Garda,2023,popolazione_residente,2646
017109,Moniga del Garda,2023,stranieri,283
017109,Moniga del Garda,2023,stranieri_nati_all_estero,251
017109,Moniga del Garda,2023,stranieri_nati_in_italia,32
017109,Moniga del Garda,2023,stranieri_nati_in_italia_minorenni,28
017110,Monno,2021,italiani,508
017110,Monno,2021,italiani_acquisiti,1
017110,Monno,2021,italiani_acquisiti_nati_all_estero,1
017110,Monno,2021,italiani_dalla_nascita,507
017110,Monno,2021,italiani_dalla_nascita_nati_all_estero,3
017110,Monno,2021,italiani_dalla_nascita_nati_in_italia,504
017110,Monno,2021,popolazione_residente,515
017110,Monno,2021,stranieri,7
017110,Monno,2021,stranieri_nati_all_estero,7
017110,Monno,2022,italiani,506
017110,Monno,2022,italiani_acquisiti,1
017110,Monno,2022,italiani_acquisiti_nati_all_estero,1
017110,Monno,2022,italiani_dalla_nascita,505
017110,Monno,2022,italiani_dalla_nascita_nati_all_estero,3
017110,Monno,2022,italiani_dalla_nascita_nati_in_italia,502
017110,Monno,2022,popolazione_residente,512
017110,Monno,2022,stranieri,6
017110,Monno,2022,stranieri_nati_all_estero,6
017110,Monno,2023,italiani,510
017110,Monno,2023,italiani_acquisiti,2
017110,Monno,2023,italiani_acquisiti_nati_all_estero,2
017110,Monno,2023,italiani_dalla_nascita,508
017110,Monno,2023,italiani_dalla_nascita_nati_all_estero,3
017110,Monno,2023,italiani_dalla_nascita_nati_in_italia,505
017110,Monno,2023,popolazione_residente,516
017110,Monno,2023,stranieri,6
017110,Monno,2023,stranieri_nati_all_estero,6
017111,Monte Isola,2021,italiani,1605
017111,Monte Isola,2021,italiani_acquisiti,24
017111,Monte Isola,2021,italiani_acquisiti_nati_all_estero,22
017111,Monte Isola,2021,italiani_acquisiti_nati_in_italia,2
017111,Monte Isola,2021,italiani_acquisiti_nati_in_italia_minorenni,2
017111,Monte Isola,2021,italiani_dalla_nascita,1581
017111,Monte Isola,2021,italiani_dalla_nascita_nati_all_estero,37
017111,Monte Isola,2021,italiani_dalla_nascita_nati_in_italia,1544
017111,Monte Isola,2021,popolazione_residente,1628
017111,Monte Isola,2021,stranieri,23
017111,Monte Isola,2021,stranieri_nati_all_estero,23
017111,Monte Isola,2022,italiani,1595
017111,Monte Isola,2022,italiani_acquisiti,24
017111,Monte Isola,2022,italiani_acquisiti_nati_all_estero,22
017111,Monte Isola,2022,italiani_acquisiti_nati_in_italia,2
017111,Monte Isola,2022,italiani_acquisiti_nati_in_italia_minorenni,2
017111,Monte Isola,2022,italiani_dalla_nascita,1571
017111,Monte Isola,2022,italiani_dalla_nascita_nati_all_estero,37
017111,Monte Isola,2022,italiani_dalla_nascita_nati_in_italia,1534
017111,Monte Isola,2022,popolazione_residente,1621
017111,Monte Isola,2022,stranieri,26
017111,Monte Isola,2022,stranieri_nati_all_estero,26
017111,Monte Isola,2023,italiani,1582
017111,Monte Isola,2023,italiani_acquisiti,20
017111,Monte Isola,2023,italiani_acquisiti_nati_all_estero,20
017111,Monte Isola,2023,italiani_dalla_nascita,1562
017111,Monte Isola,2023,italiani_dalla_nascita_nati_all_estero,36
017111,Monte Isola,2023,italiani_dalla_nascita_nati_in_italia,1526
017111,Monte Isola,2023,popolazione_residente,1611
017111,Monte Isola,2023,stranieri,29
017111,Monte Isola,2023,stranieri_nati_all_estero,29
017112,Monticelli Brusati,2021,italiani,4408
017112,Monticelli Brusati,2021,italiani_acquisiti,124
017112,Monticelli Brusati,2021,italiani_acquisiti_nati_all_estero,88
017112,Monticelli Brusati,2021,italiani_acquisiti_nati_in_italia,36
017112,Monticelli Brusati,2021,italiani_acquisiti_nati_in_italia_minorenni,22
017112,Monticelli Brusati,2021,italiani_dalla_nascita,4284
017112,Monticelli Brusati,2021,italiani_dalla_nascita_nati_all_estero,55
017112,Monticelli Brusati,2021,italiani_dalla_nascita_nati_in_italia,4229
017112,Monticelli Brusati,2021,popolazione_residente,4568
017112,Monticelli Brusati,2021,stranieri,160
017112,Monticelli Brusati,2021,stranieri_nati_all_estero,140
017112,Monticelli Brusati,2021,stranieri_nati_in_italia,20
017112,Monticelli Brusati,2021,stranieri_nati_in_italia_minorenni,20
017112,Monticelli Brusati,2022,italiani,4451
017112,Monticelli Brusati,2022,italiani_acquisiti,136
017112,Monticelli Brusati,2022,italiani_acquisiti_nati_all_estero,95
017112,Monticelli Brusati,2022,italiani_acquisiti_nati_in_italia,41
017112,Monticelli Brusati,2022,italiani_acquisiti_nati_in_italia_minorenni,26
017112,Monticelli Brusati,2022,italiani_dalla_nascita,4315
017112,Monticelli Brusati,2022,italiani_dalla_nascita_nati_all_estero,59
017112,Monticelli Brusati,2022,italiani_dalla_nascita_nati_in_italia,4256
017112,Monticelli Brusati,2022,popolazione_residente,4598
017112,Monticelli Brusati,2022,stranieri,147
017112,Monticelli Brusati,2022,stranieri_nati_all_estero,132
017112,Monticelli Brusati,2022,stranieri_nati_in_italia,15
017112,Monticelli Brusati,2022,stranieri_nati_in_italia_minorenni,15
017112,Monticelli Brusati,2023,italiani,4449
017112,Monticelli Brusati,2023,italiani_acquisiti,136
017112,Monticelli Brusati,2023,italiani_acquisiti_nati_all_estero,95
017112,Monticelli Brusati,2023,italiani_acquisiti_nati_in_italia,41
017112,Monticelli Brusati,2023,italiani_acquisiti_nati_in_italia_minorenni,25
017112,Monticelli Brusati,2023,italiani_dalla_nascita,4313
017112,Monticelli Brusati,2023,italiani_dalla_nascita_nati_all_estero,62
017112,Monticelli Brusati,2023,italiani_dalla_nascita_nati_in_italia,4251
017112,Monticelli Brusati,2023,popolazione_residente,4598
017112,Monticelli Brusati,2023,stranieri,149
017112,Monticelli Brusati,2023,stranieri_nati_all_estero,130
017112,Monticelli Brusati,2023,stranieri_nati_in_italia,19
017112,Monticelli Brusati,2023,stranieri_nati_in_italia_minorenni,18
017113,Montichiari,2021,italiani,22014
017113,Montichiari,2021,italiani_acquisiti,1624
017113,Montichiari,2021,italiani_acquisiti_nati_all_estero,1034
017113,Montichiari,2021,italiani_acquisiti_nati_in_italia,590
017113,Montichiari,2021,italiani_acquisiti_nati_in_italia_minorenni,424
017113,Montichiari,2021,italiani_dalla_nascita,20390
017113,Montichiari,2021,italiani_dalla_nascita_nati_all_estero,266
017113,Montichiari,2021,italiani_dalla_nascita_nati_in_italia,20124
017113,Montichiari,2021,popolazione_residente,26088
017113,Montichiari,2021,stranieri,4074
017113,Montichiari,2021,stranieri_nati_all_estero,3276
017113,Montichiari,2021,stranieri_nati_in_italia,798
017113,Montichiari,2021,stranieri_nati_in_italia_minorenni,783
017113,Montichiari,2022,italiani,22251
017113,Montichiari,2022,italiani_acquisiti,1929
017113,Montichiari,2022,italiani_acquisiti_nati_all_estero,1232
017113,Montichiari,2022,italiani_acquisiti_nati_in_italia,697
017113,Montichiari,2022,italiani_acquisiti_nati_in_italia_minorenni,496
017113,Montichiari,2022,italiani_dalla_nascita,20322
017113,Montichiari,2022,italiani_dalla_nascita_nati_all_estero,284
017113,Montichiari,2022,italiani_dalla_nascita_nati_in_italia,20038
017113,Montichiari,2022,popolazione_residente,26180
017113,Montichiari,2022,stranieri,3929
017113,Montichiari,2022,stranieri_nati_all_estero,3190
017113,Montichiari,2022,stranieri_nati_in_italia,739
017113,Montichiari,2022,stranieri_nati_in_italia_minorenni,715
017113,Montichiari,2023,italiani,22328
017113,Montichiari,2023,italiani_acquisiti,2035
017113,Montichiari,2023,italiani_acquisiti_nati_all_estero,1296
017113,Montichiari,2023,italiani_acquisiti_nati_in_italia,739
017113,Montichiari,2023,italiani_acquisiti_nati_in_italia_minorenni,503
017113,Montichiari,2023,italiani_dalla_nascita,20293
017113,Montichiari,2023,italiani_dalla_nascita_nati_all_estero,273
017113,Montichiari,2023,italiani_dalla_nascita_nati_in_italia,20020
017113,Montichiari,2023,popolazione_residente,26170
017113,Montichiari,2023,stranieri,3842
017113,Montichiari,2023,stranieri_nati_all_estero,3166
017113,Montichiari,2023,stranieri_nati_in_italia,676
017113,Montichiari,2023,stranieri_nati_in_italia_minorenni,654
017114,Montirone,2021,italiani,4643
017114,Montirone,2021,italiani_acquisiti,186
017114,Montirone,2021,italiani_acquisiti_nati_all_estero,123
017114,Montirone,2021,italiani_acquisiti_nati_in_italia,63
017114,Montirone,2021,italiani_acquisiti_nati_in_italia_minorenni,43
017114,Montirone,2021,italiani_dalla_nascita,4457
017114,Montirone,2021,italiani_dalla_nascita_nati_all_estero,41
017114,Montirone,2021,italiani_dalla_nascita_nati_in_italia,4416
017114,Montirone,2021,popolazione_residente,5064
017114,Montirone,2021,stranieri,421
017114,Montirone,2021,stranieri_nati_all_estero,352
017114,Montirone,2021,stranieri_nati_in_italia,69
017114,Montirone,2021,stranieri_nati_in_italia_minorenni,69
017114,Montirone,2022,italiani,4663
017114,Montirone,2022,italiani_acquisiti,211
017114,Montirone,2022,italiani_acquisiti_nati_all_estero,141
017114,Montirone,2022,italiani_acquisiti_nati_in_italia,70
017114,Montirone,2022,italiani_acquisiti_nati_in_italia_minorenni,45
017114,Montirone,2022,italiani_dalla_nascita,4452
017114,Montirone,2022,italiani_dalla_nascita_nati_all_estero,41
017114,Montirone,2022,italiani_dalla_nascita_nati_in_italia,4411
017114,Montirone,2022,popolazione_residente,5064
017114,Montirone,2022,stranieri,401
017114,Montirone,2022,stranieri_nati_all_estero,329
017114,Montirone,2022,stranieri_nati_in_italia,72
017114,Montirone,2022,stranieri_nati_in_italia_minorenni,72
017114,Montirone,2023,italiani,4651
017114,Montirone,2023,italiani_acquisiti,221
017114,Montirone,2023,italiani_acquisiti_nati_all_estero,151
017114,Montirone,2023,italiani_acquisiti_nati_in_italia,70
017114,Montirone,2023,italiani_acquisiti_nati_in_italia_minorenni,43
017114,Montirone,2023,italiani_dalla_nascita,4430
017114,Montirone,2023,italiani_dalla_nascita_nati_all_estero,41
017114,Montirone,2023,italiani_dalla_nascita_nati_in_italia,4389
017114,Montirone,2023,popolazione_residente,5063
017114,Montirone,2023,stranieri,412
017114,Montirone,2023,stranieri_nati_all_estero,338
017114,Montirone,2023,stranieri_nati_in_italia,74
017114,Montirone,2023,stranieri_nati_in_italia_minorenni,74
017115,Mura,2021,italiani,702
017115,Mura,2021,italiani_acquisiti,21
017115,Mura,2021,italiani_acquisiti_nati_all_estero,12
017115,Mura,2021,italiani_acquisiti_nati_in_italia,9
017115,Mura,2021,italiani_acquisiti_nati_in_italia_minorenni,6
017115,Mura,2021,italiani_dalla_nascita,681
017115,Mura,2021,italiani_dalla_nascita_nati_all_estero,6
017115,Mura,2021,italiani_dalla_nascita_nati_in_italia,675
017115,Mura,2021,popolazione_residente,774
017115,Mura,2021,stranieri,72
017115,Mura,2021,stranieri_nati_all_estero,59
017115,Mura,2021,stranieri_nati_in_italia,13
017115,Mura,2021,stranieri_nati_in_italia_minorenni,13
017115,Mura,2022,italiani,702
017115,Mura,2022,italiani_acquisiti,29
017115,Mura,2022,italiani_acquisiti_nati_all_estero,15
017115,Mura,2022,italiani_acquisiti_nati_in_italia,14
017115,Mura,2022,italiani_acquisiti_nati_in_italia_minorenni,10
017115,Mura,2022,italiani_dalla_nascita,673
017115,Mura,2022,italiani_dalla_nascita_nati_all_estero,6
017115,Mura,2022,italiani_dalla_nascita_nati_in_italia,667
017115,Mura,2022,popolazione_residente,777
017115,Mura,2022,stranieri,75
017115,Mura,2022,stranieri_nati_all_estero,66
017115,Mura,2022,stranieri_nati_in_italia,9
017115,Mura,2022,stranieri_nati_in_italia_minorenni,9
017115,Mura,2023,italiani,700
017115,Mura,2023,italiani_acquisiti,31
017115,Mura,2023,italiani_acquisiti_nati_all_estero,18
017115,Mura,2023,italiani_acquisiti_nati_in_italia,13
017115,Mura,2023,italiani_acquisiti_nati_in_italia_minorenni,7
017115,Mura,2023,italiani_dalla_nascita,669
017115,Mura,2023,italiani_dalla_nascita_nati_all_estero,6
017115,Mura,2023,italiani_dalla_nascita_nati_in_italia,663
017115,Mura,2023,popolazione_residente,779
017115,Mura,2023,stranieri,79
017115,Mura,2023,stranieri_nati_all_estero,70
017115,Mura,2023,stranieri_nati_in_italia,9
017115,Mura,2023,stranieri_nati_in_italia_minorenni,9
017116,Muscoline,2021,italiani,2535
017116,Muscoline,2021,italiani_acquisiti,78
017116,Muscoline,2021,italiani_acquisiti_nati_all_estero,58
017116,Muscoline,2021,italiani_acquisiti_nati_in_italia,20
017116,Muscoline,2021,italiani_acquisiti_nati_in_italia_minorenni,17
017116,Muscoline,2021,italiani_dalla_nascita,2457
017116,Muscoline,2021,italiani_dalla_nascita_nati_all_estero,26
017116,Muscoline,2021,italiani_dalla_nascita_nati_in_italia,2431
017116,Muscoline,2021,popolazione_residente,2680
017116,Muscoline,2021,stranieri,145
017116,Muscoline,2021,stranieri_nati_all_estero,123
017116,Muscoline,2021,stranieri_nati_in_italia,22
017116,Muscoline,2021,stranieri_nati_in_italia_minorenni,21
017116,Muscoline,2022,italiani,2546
017116,Muscoline,2022,italiani_acquisiti,88
017116,Muscoline,2022,italiani_acquisiti_nati_all_estero,68
017116,Muscoline,2022,italiani_acquisiti_nati_in_italia,20
017116,Muscoline,2022,italiani_acquisiti_nati_in_italia_minorenni,18
017116,Muscoline,2022,italiani_dalla_nascita,2458
017116,Muscoline,2022,italiani_dalla_nascita_nati_all_estero,28
017116,Muscoline,2022,italiani_dalla_nascita_nati_in_italia,2430
017116,Muscoline,2022,popolazione_residente,2697
017116,Muscoline,2022,stranieri,151
017116,Muscoline,2022,stranieri_nati_all_estero,129
017116,Muscoline,2022,stranieri_nati_in_italia,22
017116,Muscoline,2022,stranieri_nati_in_italia_minorenni,22
017116,Muscoline,2023,italiani,2551
017116,Muscoline,2023,italiani_acquisiti,91
017116,Muscoline,2023,italiani_acquisiti_nati_all_estero,69
017116,Muscoline,2023,italiani_acquisiti_nati_in_italia,22
017116,Muscoline,2023,italiani_acquisiti_nati_in_italia_minorenni,20
017116,Muscoline,2023,italiani_dalla_nascita,2460
017116,Muscoline,2023,italiani_dalla_nascita_nati_all_estero,28
017116,Muscoline,2023,italiani_dalla_nascita_nati_in_italia,2432
017116,Muscoline,2023,popolazione_residente,2692
017116,Muscoline,2023,stranieri,141
017116,Muscoline,2023,stranieri_nati_all_estero,126
017116,Muscoline,2023,stranieri_nati_in_italia,15
017116,Muscoline,2023,stranieri_nati_in_italia_minorenni,15
017117,Nave,2021,italiani,9975
017117,Nave,2021,italiani_acquisiti,287
017117,Nave,2021,italiani_acquisiti_nati_all_estero,203
017117,Nave,2021,italiani_acquisiti_nati_in_italia,84
017117,Nave,2021,italiani_acquisiti_nati_in_italia_minorenni,42
017117,Nave,2021,italiani_dalla_nascita,9688
017117,Nave,2021,italiani_dalla_nascita_nati_all_estero,80
017117,Nave,2021,italiani_dalla_nascita_nati_in_italia,9608
017117,Nave,2021,popolazione_residente,10640
017117,Nave,2021,stranieri,665
017117,Nave,2021,stranieri_nati_all_estero,517
017117,Nave,2021,stranieri_nati_in_italia,148
017117,Nave,2021,stranieri_nati_in_italia_minorenni,143
017117,Nave,2022,italiani,9935
017117,Nave,2022,italiani_acquisiti,338
017117,Nave,2022,italiani_acquisiti_nati_all_estero,230
017117,Nave,2022,italiani_acquisiti_nati_in_italia,108
017117,Nave,2022,italiani_acquisiti_nati_in_italia_minorenni,61
017117,Nave,2022,italiani_dalla_nascita,9597
017117,Nave,2022,italiani_dalla_nascita_nati_all_estero,81
017117,Nave,2022,italiani_dalla_nascita_nati_in_italia,9516
017117,Nave,2022,popolazione_residente,10565
017117,Nave,2022,stranieri,630
017117,Nave,2022,stranieri_nati_all_estero,511
017117,Nave,2022,stranieri_nati_in_italia,119
017117,Nave,2022,stranieri_nati_in_italia_minorenni,115
017117,Nave,2023,italiani,9931
017117,Nave,2023,italiani_acquisiti,350
017117,Nave,2023,italiani_acquisiti_nati_all_estero,237
017117,Nave,2023,italiani_acquisiti_nati_in_italia,113
017117,Nave,2023,italiani_acquisiti_nati_in_italia_minorenni,62
017117,Nave,2023,italiani_dalla_nascita,9581
017117,Nave,2023,italiani_dalla_nascita_nati_all_estero,86
017117,Nave,2023,italiani_dalla_nascita_nati_in_italia,9495
017117,Nave,2023,popolazione_residente,10615
017117,Nave,2023,stranieri,684
017117,Nave,2023,stranieri_nati_all_estero,559
017117,Nave,2023,stranieri_nati_in_italia,125
017117,Nave,2023,stranieri_nati_in_italia_minorenni,121
017118,Niardo,2021,italiani,1821
017118,Niardo,2021,italiani_acquisiti,15
017118,Niardo,2021,italiani_acquisiti_nati_all_estero,14
017118,Niardo,2021,italiani_acquisiti_nati_in_italia,1
017118,Niardo,2021,italiani_dalla_nascita,1806
017118,Niardo,2021,italiani_dalla_nascita_nati_all_estero,27
017118,Niardo,2021,italiani_dalla_nascita_nati_in_italia,1779
017118,Niardo,2021,popolazione_residente,1968
017118,Niardo,2021,stranieri,147
017118,Niardo,2021,stranieri_nati_all_estero,120
017118,Niardo,2021,stranieri_nati_in_italia,27
017118,Niardo,2021,stranieri_nati_in_italia_minorenni,27
017118,Niardo,2022,italiani,1810
017118,Niardo,2022,italiani_acquisiti,22
017118,Niardo,2022,italiani_acquisiti_nati_all_estero,18
017118,Niardo,2022,italiani_acquisiti_nati_in_italia,4
017118,Niardo,2022,italiani_acquisiti_nati_in_italia_minorenni,3
017118,Niardo,2022,italiani_dalla_nascita,1788
017118,Niardo,2022,italiani_dalla_nascita_nati_all_estero,27
017118,Niardo,2022,italiani_dalla_nascita_nati_in_italia,1761
017118,Niardo,2022,popolazione_residente,1944
017118,Niardo,2022,stranieri,134
017118,Niardo,2022,stranieri_nati_all_estero,112
017118,Niardo,2022,stranieri_nati_in_italia,22
017118,Niardo,2022,stranieri_nati_in_italia_minorenni,22
017118,Niardo,2023,italiani,1814
017118,Niardo,2023,italiani_acquisiti,21
017118,Niardo,2023,italiani_acquisiti_nati_all_estero,17
017118,Niardo,2023,italiani_acquisiti_nati_in_italia,4
017118,Niardo,2023,italiani_acquisiti_nati_in_italia_minorenni,3
017118,Niardo,2023,italiani_dalla_nascita,1793
017118,Niardo,2023,italiani_dalla_nascita_nati_all_estero,27
017118,Niardo,2023,italiani_dalla_nascita_nati_in_italia,1766
017118,Niardo,2023,popolazione_residente,1964
017118,Niardo,2023,stranieri,150
017118,Niardo,2023,stranieri_nati_all_estero,124
017118,Niardo,2023,stranieri_nati_in_italia,26
017118,Niardo,2023,stranieri_nati_in_italia_minorenni,26
017119,Nuvolento,2021,italiani,3490
017119,Nuvolento,2021,italiani_acquisiti,223
017119,Nuvolento,2021,italiani_acquisiti_nati_all_estero,160
017119,Nuvolento,2021,italiani_acquisiti_nati_in_italia,63
017119,Nuvolento,2021,italiani_acquisiti_nati_in_italia_minorenni,49
017119,Nuvolento,2021,italiani_dalla_nascita,3267
017119,Nuvolento,2021,italiani_dalla_nascita_nati_all_estero,37
017119,Nuvolento,2021,italiani_dalla_nascita_nati_in_italia,3230
017119,Nuvolento,2021,popolazione_residente,3865
017119,Nuvolento,2021,stranieri,375
017119,Nuvolento,2021,stranieri_nati_all_estero,311
017119,Nuvolento,2021,stranieri_nati_in_italia,64
017119,Nuvolento,2021,stranieri_nati_in_italia_minorenni,61
017119,Nuvolento,2022,italiani,3501
017119,Nuvolento,2022,italiani_acquisiti,254
017119,Nuvolento,2022,italiani_acquisiti_nati_all_estero,181
017119,Nuvolento,2022,italiani_acquisiti_nati_in_italia,73
017119,Nuvolento,2022,italiani_acquisiti_nati_in_italia_minorenni,55
017119,Nuvolento,2022,italiani_dalla_nascita,3247
017119,Nuvolento,2022,italiani_dalla_nascita_nati_all_estero,41
017119,Nuvolento,2022,italiani_dalla_nascita_nati_in_italia,3206
017119,Nuvolento,2022,popolazione_residente,3890
017119,Nuvolento,2022,stranieri,389
017119,Nuvolento,2022,stranieri_nati_all_estero,332
017119,Nuvolento,2022,stranieri_nati_in_italia,57
017119,Nuvolento,2022,stranieri_nati_in_italia_minorenni,55
017119,Nuvolento,2023,italiani,3473
017119,Nuvolento,2023,italiani_acquisiti,272
017119,Nuvolento,2023,italiani_acquisiti_nati_all_estero,190
017119,Nuvolento,2023,italiani_acquisiti_nati_in_italia,82
017119,Nuvolento,2023,italiani_acquisiti_nati_in_italia_minorenni,53
017119,Nuvolento,2023,italiani_dalla_nascita,3201
017119,Nuvolento,2023,italiani_dalla_nascita_nati_all_estero,41
017119,Nuvolento,2023,italiani_dalla_nascita_nati_in_italia,3160
017119,Nuvolento,2023,popolazione_residente,3900
017119,Nuvolento,2023,stranieri,427
017119,Nuvolento,2023,stranieri_nati_all_estero,363
017119,Nuvolento,2023,stranieri_nati_in_italia,64
017119,Nuvolento,2023,stranieri_nati_in_italia_minorenni,63
017120,Nuvolera,2021,italiani,4263
017120,Nuvolera,2021,italiani_acquisiti,272
017120,Nuvolera,2021,italiani_acquisiti_nati_all_estero,169
017120,Nuvolera,2021,italiani_acquisiti_nati_in_italia,103
017120,Nuvolera,2021,italiani_acquisiti_nati_in_italia_minorenni,65
017120,Nuvolera,2021,italiani_dalla_nascita,3991
017120,Nuvolera,2021,italiani_dalla_nascita_nati_all_estero,56
017120,Nuvolera,2021,italiani_dalla_nascita_nati_in_italia,3935
017120,Nuvolera,2021,popolazione_residente,4695
017120,Nuvolera,2021,stranieri,432
017120,Nuvolera,2021,stranieri_nati_all_estero,346
017120,Nuvolera,2021,stranieri_nati_in_italia,86
017120,Nuvolera,2021,stranieri_nati_in_italia_minorenni,83
017120,Nuvolera,2022,italiani,4319
017120,Nuvolera,2022,italiani_acquisiti,290
017120,Nuvolera,2022,italiani_acquisiti_nati_all_estero,190
017120,Nuvolera,2022,italiani_acquisiti_nati_in_italia,100
017120,Nuvolera,2022,italiani_acquisiti_nati_in_italia_minorenni,67
017120,Nuvolera,2022,italiani_dalla_nascita,4029
017120,Nuvolera,2022,italiani_dalla_nascita_nati_all_estero,58
017120,Nuvolera,2022,italiani_dalla_nascita_nati_in_italia,3971
017120,Nuvolera,2022,popolazione_residente,4720
017120,Nuvolera,2022,stranieri,401
017120,Nuvolera,2022,stranieri_nati_all_estero,321
017120,Nuvolera,2022,stranieri_nati_in_italia,80
017120,Nuvolera,2022,stranieri_nati_in_italia_minorenni,76
017120,Nuvolera,2023,italiani,4364
017120,Nuvolera,2023,italiani_acquisiti,300
017120,Nuvolera,2023,italiani_acquisiti_nati_all_estero,197
017120,Nuvolera,2023,italiani_acquisiti_nati_in_italia,103
017120,Nuvolera,2023,italiani_acquisiti_nati_in_italia_minorenni,74
017120,Nuvolera,2023,italiani_dalla_nascita,4064
017120,Nuvolera,2023,italiani_dalla_nascita_nati_all_estero,59
017120,Nuvolera,2023,italiani_dalla_nascita_nati_in_italia,4005
017120,Nuvolera,2023,popolazione_residente,4759
017120,Nuvolera,2023,stranieri,395
017120,Nuvolera,2023,stranieri_nati_all_estero,325
017120,Nuvolera,2023,stranieri_nati_in_italia,70
017120,Nuvolera,2023,stranieri_nati_in_italia_minorenni,66
017121,Odolo,2021,italiani,1624
017121,Odolo,2021,italiani_acquisiti,193
017121,Odolo,2021,italiani_acquisiti_nati_all_estero,128
017121,Odolo,2021,italiani_acquisiti_nati_in_italia,65
017121,Odolo,2021,italiani_acquisiti_nati_in_italia_minorenni,47
017121,Odolo,2021,italiani_dalla_nascita,1431
017121,Odolo,2021,italiani_dalla_nascita_nati_all_estero,19
017121,Odolo,2021,italiani_dalla_nascita_nati_in_italia,1412
017121,Odolo,2021,popolazione_residente,1927
017121,Odolo,2021,stranieri,303
017121,Odolo,2021,stranieri_nati_all_estero,243
017121,Odolo,2021,stranieri_nati_in_italia,60
017121,Odolo,2021,stranieri_nati_in_italia_minorenni,59
017121,Odolo,2022,italiani,1633
017121,Odolo,2022,italiani_acquisiti,205
017121,Odolo,2022,italiani_acquisiti_nati_all_estero,135
017121,Odolo,2022,italiani_acquisiti_nati_in_italia,70
017121,Odolo,2022,italiani_acquisiti_nati_in_italia_minorenni,51
017121,Odolo,2022,italiani_dalla_nascita,1428
017121,Odolo,2022,italiani_dalla_nascita_nati_all_estero,28
017121,Odolo,2022,italiani_dalla_nascita_nati_in_italia,1400
017121,Odolo,2022,popolazione_residente,1917
017121,Odolo,2022,stranieri,284
017121,Odolo,2022,stranieri_nati_all_estero,228
017121,Odolo,2022,stranieri_nati_in_italia,56
017121,Odolo,2022,stranieri_nati_in_italia_minorenni,54
017121,Odolo,2023,italiani,1601
017121,Odolo,2023,italiani_acquisiti,212
017121,Odolo,2023,italiani_acquisiti_nati_all_estero,137
017121,Odolo,2023,italiani_acquisiti_nati_in_italia,75
017121,Odolo,2023,italiani_acquisiti_nati_in_italia_minorenni,52
017121,Odolo,2023,italiani_dalla_nascita,1389
017121,Odolo,2023,italiani_dalla_nascita_nati_all_estero,32
017121,Odolo,2023,italiani_dalla_nascita_nati_in_italia,1357
017121,Odolo,2023,popolazione_residente,1888
017121,Odolo,2023,stranieri,287
017121,Odolo,2023,stranieri_nati_all_estero,234
017121,Odolo,2023,stranieri_nati_in_italia,53
017121,Odolo,2023,stranieri_nati_in_italia_minorenni,51
017122,Offlaga,2021,italiani,3615
017122,Offlaga,2021,italiani_acquisiti,259
017122,Offlaga,2021,italiani_acquisiti_nati_all_estero,171
017122,Offlaga,2021,italiani_acquisiti_nati_in_italia,88
017122,Offlaga,2021,italiani_acquisiti_nati_in_italia_minorenni,66
017122,Offlaga,2021,italiani_dalla_nascita,3356
017122,Offlaga,2021,italiani_dalla_nascita_nati_all_estero,29
017122,Offlaga,2021,italiani_dalla_nascita_nati_in_italia,3327
017122,Offlaga,2021,popolazione_residente,4117
017122,Offlaga,2021,stranieri,502
017122,Offlaga,2021,stranieri_nati_all_estero,403
017122,Offlaga,2021,stranieri_nati_in_italia,99
017122,Offlaga,2021,stranieri_nati_in_italia_minorenni,98
017122,Offlaga,2022,italiani,3654
017122,Offlaga,2022,italiani_acquisiti,319
017122,Offlaga,2022,italiani_acquisiti_nati_all_estero,208
017122,Offlaga,2022,italiani_acquisiti_nati_in_italia,111
017122,Offlaga,2022,italiani_acquisiti_nati_in_italia_minorenni,77
017122,Offlaga,2022,italiani_dalla_nascita,3335
017122,Offlaga,2022,italiani_dalla_nascita_nati_all_estero,36
017122,Offlaga,2022,italiani_dalla_nascita_nati_in_italia,3299
017122,Offlaga,2022,popolazione_residente,4093
017122,Offlaga,2022,stranieri,439
017122,Offlaga,2022,stranieri_nati_all_estero,367
017122,Offlaga,2022,stranieri_nati_in_italia,72
017122,Offlaga,2022,stranieri_nati_in_italia_minorenni,71
017122,Offlaga,2023,italiani,3649
017122,Offlaga,2023,italiani_acquisiti,326
017122,Offlaga,2023,italiani_acquisiti_nati_all_estero,216
017122,Offlaga,2023,italiani_acquisiti_nati_in_italia,110
017122,Offlaga,2023,italiani_acquisiti_nati_in_italia_minorenni,71
017122,Offlaga,2023,italiani_dalla_nascita,3323
017122,Offlaga,2023,italiani_dalla_nascita_nati_all_estero,39
017122,Offlaga,2023,italiani_dalla_nascita_nati_in_italia,3284
017122,Offlaga,2023,popolazione_residente,4117
017122,Offlaga,2023,stranieri,468
017122,Offlaga,2023,stranieri_nati_all_estero,387
017122,Offlaga,2023,stranieri_nati_in_italia,81
017122,Offlaga,2023,stranieri_nati_in_italia_minorenni,77
017123,Ome,2021,italiani,2995
017123,Ome,2021,italiani_acquisiti,69
017123,Ome,2021,italiani_acquisiti_nati_all_estero,55
017123,Ome,2021,italiani_acquisiti_nati_in_italia,14
017123,Ome,2021,italiani_acquisiti_nati_in_italia_minorenni,9
017123,Ome,2021,italiani_dalla_nascita,2926
017123,Ome,2021,italiani_dalla_nascita_nati_all_estero,42
017123,Ome,2021,italiani_dalla_nascita_nati_in_italia,2884
017123,Ome,2021,popolazione_residente,3152
017123,Ome,2021,stranieri,157
017123,Ome,2021,stranieri_nati_all_estero,143
017123,Ome,2021,stranieri_nati_in_italia,14
017123,Ome,2021,stranieri_nati_in_italia_minorenni,14
017123,Ome,2022,italiani,3006
017123,Ome,2022,italiani_acquisiti,76
017123,Ome,2022,italiani_acquisiti_nati_all_estero,59
017123,Ome,2022,italiani_acquisiti_nati_in_italia,17
017123,Ome,2022,italiani_acquisiti_nati_in_italia_minorenni,12
017123,Ome,2022,italiani_dalla_nascita,2930
017123,Ome,2022,italiani_dalla_nascita_nati_all_estero,48
017123,Ome,2022,italiani_dalla_nascita_nati_in_italia,2882
017123,Ome,2022,popolazione_residente,3163
017123,Ome,2022,stranieri,157
017123,Ome,2022,stranieri_nati_all_estero,144
017123,Ome,2022,stranieri_nati_in_italia,13
017123,Ome,2022,stranieri_nati_in_italia_minorenni,13
017123,Ome,2023,italiani,2988
017123,Ome,2023,italiani_acquisiti,79
017123,Ome,2023,italiani_acquisiti_nati_all_estero,62
017123,Ome,2023,italiani_acquisiti_nati_in_italia,17
017123,Ome,2023,italiani_acquisiti_nati_in_italia_minorenni,11
017123,Ome,2023,italiani_dalla_nascita,2909
017123,Ome,2023,italiani_dalla_nascita_nati_all_estero,48
017123,Ome,2023,italiani_dalla_nascita_nati_in_italia,2861
017123,Ome,2023,popolazione_residente,3151
017123,Ome,2023,stranieri,163
017123,Ome,2023,stranieri_nati_all_estero,143
017123,Ome,2023,stranieri_nati_in_italia,20
017123,Ome,2023,stranieri_nati_in_italia_minorenni,20
017124,Ono San Pietro,2021,italiani,939
017124,Ono San Pietro,2021,italiani_acquisiti,6
017124,Ono San Pietro,2021,italiani_acquisiti_nati_all_estero,6
017124,Ono San Pietro,2021,italiani_dalla_nascita,933
017124,Ono San Pietro,2021,italiani_dalla_nascita_nati_all_estero,6
017124,Ono San Pietro,2021,italiani_dalla_nascita_nati_in_italia,927
017124,Ono San Pietro,2021,popolazione_residente,965
017124,Ono San Pietro,2021,stranieri,26
017124,Ono San Pietro,2021,stranieri_nati_all_estero,23
017124,Ono San Pietro,2021,stranieri_nati_in_italia,3
017124,Ono San Pietro,2021,stranieri_nati_in_italia_minorenni,3
017124,Ono San Pietro,2022,italiani,934
017124,Ono San Pietro,2022,italiani_acquisiti,8
017124,Ono San Pietro,2022,italiani_acquisiti_nati_all_estero,8
017124,Ono San Pietro,2022,italiani_dalla_nascita,926
017124,Ono San Pietro,2022,italiani_dalla_nascita_nati_all_estero,6
017124,Ono San Pietro,2022,italiani_dalla_nascita_nati_in_italia,920
017124,Ono San Pietro,2022,popolazione_residente,966
017124,Ono San Pietro,2022,stranieri,32
017124,Ono San Pietro,2022,stranieri_nati_all_estero,31
017124,Ono San Pietro,2022,stranieri_nati_in_italia,1
017124,Ono San Pietro,2022,stranieri_nati_in_italia_minorenni,1
017124,Ono San Pietro,2023,italiani,928
017124,Ono San Pietro,2023,italiani_acquisiti,9
017124,Ono San Pietro,2023,italiani_acquisiti_nati_all_estero,8
017124,Ono San Pietro,2023,italiani_acquisiti_nati_in_italia,1
017124,Ono San Pietro,2023,italiani_dalla_nascita,919
017124,Ono San Pietro,2023,italiani_dalla_nascita_nati_all_estero,7
017124,Ono San Pietro,2023,italiani_dalla_nascita_nati_in_italia,912
017124,Ono San Pietro,2023,popolazione_residente,953
017124,Ono San Pietro,2023,stranieri,25
017124,Ono San Pietro,2023,stranieri_nati_all_estero,23
017124,Ono San Pietro,2023,stranieri_nati_in_italia,2
017124,Ono San Pietro,2023,stranieri_nati_in_italia_minorenni,2
017125,Orzinuovi,2021,italiani,10802
017125,Orzinuovi,2021,italiani_acquisiti,672
017125,Orzinuovi,2021,italiani_acquisiti_nati_all_estero,430
017125,Orzinuovi,2021,italiani_acquisiti_nati_in_italia,242
017125,Orzinuovi,2021,italiani_acquisiti_nati_in_italia_minorenni,197
017125,Orzinuovi,2021,italiani_dalla_nascita,10130
017125,Orzinuovi,2021,italiani_dalla_nascita_nati_all_estero,81
017125,Orzinuovi,2021,italiani_dalla_nascita_nati_in_italia,10049
017125,Orzinuovi,2021,popolazione_residente,12372
017125,Orzinuovi,2021,stranieri,1570
017125,Orzinuovi,2021,stranieri_nati_all_estero,1246
017125,Orzinuovi,2021,stranieri_nati_in_italia,324
017125,Orzinuovi,2021,stranieri_nati_in_italia_minorenni,310
017125,Orzinuovi,2022,italiani,10852
017125,Orzinuovi,2022,italiani_acquisiti,751
017125,Orzinuovi,2022,italiani_acquisiti_nati_all_estero,483
017125,Orzinuovi,2022,italiani_acquisiti_nati_in_italia,268
017125,Orzinuovi,2022,italiani_acquisiti_nati_in_italia_minorenni,207
017125,Orzinuovi,2022,italiani_dalla_nascita,10101
017125,Orzinuovi,2022,italiani_dalla_nascita_nati_all_estero,88
017125,Orzinuovi,2022,italiani_dalla_nascita_nati_in_italia,10013
017125,Orzinuovi,2022,popolazione_residente,12442
017125,Orzinuovi,2022,stranieri,1590
017125,Orzinuovi,2022,stranieri_nati_all_estero,1267
017125,Orzinuovi,2022,stranieri_nati_in_italia,323
017125,Orzinuovi,2022,stranieri_nati_in_italia_minorenni,307
017125,Orzinuovi,2023,italiani,10811
017125,Orzinuovi,2023,italiani_acquisiti,827
017125,Orzinuovi,2023,italiani_acquisiti_nati_all_estero,514
017125,Orzinuovi,2023,italiani_acquisiti_nati_in_italia,313
017125,Orzinuovi,2023,italiani_acquisiti_nati_in_italia_minorenni,232
017125,Orzinuovi,2023,italiani_dalla_nascita,9984
017125,Orzinuovi,2023,italiani_dalla_nascita_nati_all_estero,85
017125,Orzinuovi,2023,italiani_dalla_nascita_nati_in_italia,9899
017125,Orzinuovi,2023,popolazione_residente,12425
017125,Orzinuovi,2023,stranieri,1614
017125,Orzinuovi,2023,stranieri_nati_all_estero,1292
017125,Orzinuovi,2023,stranieri_nati_in_italia,322
017125,Orzinuovi,2023,stranieri_nati_in_italia_minorenni,304
017126,Orzivecchi,2021,italiani,2177
017126,Orzivecchi,2021,italiani_acquisiti,138
017126,Orzivecchi,2021,italiani_acquisiti_nati_all_estero,96
017126,Orzivecchi,2021,italiani_acquisiti_nati_in_italia,42
017126,Orzivecchi,2021,italiani_acquisiti_nati_in_italia_minorenni,35
017126,Orzivecchi,2021,italiani_dalla_nascita,2039
017126,Orzivecchi,2021,italiani_dalla_nascita_nati_all_estero,11
017126,Orzivecchi,2021,italiani_dalla_nascita_nati_in_italia,2028
017126,Orzivecchi,2021,popolazione_residente,2430
017126,Orzivecchi,2021,stranieri,253
017126,Orzivecchi,2021,stranieri_nati_all_estero,206
017126,Orzivecchi,2021,stranieri_nati_in_italia,47
017126,Orzivecchi,2021,stranieri_nati_in_italia_minorenni,45
017126,Orzivecchi,2022,italiani,2191
017126,Orzivecchi,2022,italiani_acquisiti,168
017126,Orzivecchi,2022,italiani_acquisiti_nati_all_estero,119
017126,Orzivecchi,2022,italiani_acquisiti_nati_in_italia,49
017126,Orzivecchi,2022,italiani_acquisiti_nati_in_italia_minorenni,37
017126,Orzivecchi,2022,italiani_dalla_nascita,2023
017126,Orzivecchi,2022,italiani_dalla_nascita_nati_all_estero,16
017126,Orzivecchi,2022,italiani_dalla_nascita_nati_in_italia,2007
017126,Orzivecchi,2022,popolazione_residente,2446
017126,Orzivecchi,2022,stranieri,255
017126,Orzivecchi,2022,stranieri_nati_all_estero,210
017126,Orzivecchi,2022,stranieri_nati_in_italia,45
017126,Orzivecchi,2022,stranieri_nati_in_italia_minorenni,44
017126,Orzivecchi,2023,italiani,2223
017126,Orzivecchi,2023,italiani_acquisiti,206
017126,Orzivecchi,2023,italiani_acquisiti_nati_all_estero,144
017126,Orzivecchi,2023,italiani_acquisiti_nati_in_italia,62
017126,Orzivecchi,2023,italiani_acquisiti_nati_in_italia_minorenni,46
017126,Orzivecchi,2023,italiani_dalla_nascita,2017
017126,Orzivecchi,2023,italiani_dalla_nascita_nati_all_estero,22
017126,Orzivecchi,2023,italiani_dalla_nascita_nati_in_italia,1995
017126,Orzivecchi,2023,popolazione_residente,2506
017126,Orzivecchi,2023,stranieri,283
017126,Orzivecchi,2023,stranieri_nati_all_estero,232
017126,Orzivecchi,2023,stranieri_nati_in_italia,51
017126,Orzivecchi,2023,stranieri_nati_in_italia_minorenni,48
017127,Ospitaletto,2021,italiani,12288
017127,Ospitaletto,2021,italiani_acquisiti,959
017127,Ospitaletto,2021,italiani_acquisiti_nati_all_estero,632
017127,Ospitaletto,2021,italiani_acquisiti_nati_in_italia,327
017127,Ospitaletto,2021,italiani_acquisiti_nati_in_italia_minorenni,278
017127,Ospitaletto,2021,italiani_dalla_nascita,11329
017127,Ospitaletto,2021,italiani_dalla_nascita_nati_all_estero,153
017127,Ospitaletto,2021,italiani_dalla_nascita_nati_in_italia,11176
017127,Ospitaletto,2021,popolazione_residente,14663
017127,Ospitaletto,2021,stranieri,2375
017127,Ospitaletto,2021,stranieri_nati_all_estero,1905
017127,Ospitaletto,2021,stranieri_nati_in_italia,470
017127,Ospitaletto,2021,stranieri_nati_in_italia_minorenni,455
017127,Ospitaletto,2022,italiani,12416
017127,Ospitaletto,2022,italiani_acquisiti,1135
017127,Ospitaletto,2022,italiani_acquisiti_nati_all_estero,747
017127,Ospitaletto,2022,italiani_acquisiti_nati_in_italia,388
017127,Ospitaletto,2022,italiani_acquisiti_nati_in_italia_minorenni,315
017127,Ospitaletto,2022,italiani_dalla_nascita,11281
017127,Ospitaletto,2022,italiani_dalla_nascita_nati_all_estero,165
017127,Ospitaletto,2022,italiani_dalla_nascita_nati_in_italia,11116
017127,Ospitaletto,2022,popolazione_residente,14744
017127,Ospitaletto,2022,stranieri,2328
017127,Ospitaletto,2022,stranieri_nati_all_estero,1881
017127,Ospitaletto,2022,stranieri_nati_in_italia,447
017127,Ospitaletto,2022,stranieri_nati_in_italia_minorenni,434
017127,Ospitaletto,2023,italiani,12451
017127,Ospitaletto,2023,italiani_acquisiti,1222
017127,Ospitaletto,2023,italiani_acquisiti_nati_all_estero,804
017127,Ospitaletto,2023,italiani_acquisiti_nati_in_italia,418
017127,Ospitaletto,2023,italiani_acquisiti_nati_in_italia_minorenni,329
017127,Ospitaletto,2023,italiani_dalla_nascita,11229
017127,Ospitaletto,2023,italiani_dalla_nascita_nati_all_estero,159
017127,Ospitaletto,2023,italiani_dalla_nascita_nati_in_italia,11070
017127,Ospitaletto,2023,popolazione_residente,14854
017127,Ospitaletto,2023,stranieri,2403
017127,Ospitaletto,2023,stranieri_nati_all_estero,1968
017127,Ospitaletto,2023,stranieri_nati_in_italia,435
017127,Ospitaletto,2023,stranieri_nati_in_italia_minorenni,421
017128,Ossimo,2021,italiani,1388
017128,Ossimo,2021,italiani_acquisiti,21
017128,Ossimo,2021,italiani_acquisiti_nati_all_estero,19
017128,Ossimo,2021,italiani_acquisiti_nati_in_italia,2
017128,Ossimo,2021,italiani_acquisiti_nati_in_italia_minorenni,2
017128,Ossimo,2021,italiani_dalla_nascita,1367
017128,Ossimo,2021,italiani_dalla_nascita_nati_all_estero,24
017128,Ossimo,2021,italiani_dalla_nascita_nati_in_italia,1343
017128,Ossimo,2021,popolazione_residente,1452
017128,Ossimo,2021,stranieri,64
017128,Ossimo,2021,stranieri_nati_all_estero,56
017128,Ossimo,2021,stranieri_nati_in_italia,8
017128,Ossimo,2021,stranieri_nati_in_italia_minorenni,8
017128,Ossimo,2022,italiani,1410
017128,Ossimo,2022,italiani_acquisiti,23
017128,Ossimo,2022,italiani_acquisiti_nati_all_estero,23
017128,Ossimo,2022,italiani_dalla_nascita,1387
017128,Ossimo,2022,italiani_dalla_nascita_nati_all_estero,24
017128,Ossimo,2022,italiani_dalla_nascita_nati_in_italia,1363
017128,Ossimo,2022,popolazione_residente,1471
017128,Ossimo,2022,stranieri,61
017128,Ossimo,2022,stranieri_nati_all_estero,52
017128,Ossimo,2022,stranieri_nati_in_italia,9
017128,Ossimo,2022,stranieri_nati_in_italia_minorenni,8
017128,Ossimo,2023,italiani,1385
017128,Ossimo,2023,italiani_acquisiti,19
017128,Ossimo,2023,italiani_acquisiti_nati_all_estero,19
017128,Ossimo,2023,italiani_dalla_nascita,1366
017128,Ossimo,2023,italiani_dalla_nascita_nati_all_estero,23
017128,Ossimo,2023,italiani_dalla_nascita_nati_in_italia,1343
017128,Ossimo,2023,popolazione_residente,1442
017128,Ossimo,2023,stranieri,57
017128,Ossimo,2023,stranieri_nati_all_estero,48
017128,Ossimo,2023,stranieri_nati_in_italia,9
017128,Ossimo,2023,stranieri_nati_in_italia_minorenni,9
017129,Padenghe sul Garda,2021,italiani,4350
017129,Padenghe sul Garda,2021,italiani_acquisiti,160
017129,Padenghe sul Garda,2021,italiani_acquisiti_nati_all_estero,129
017129,Padenghe sul Garda,2021,italiani_acquisiti_nati_in_italia,31
017129,Padenghe sul Garda,2021,italiani_acquisiti_nati_in_italia_minorenni,18
017129,Padenghe sul Garda,2021,italiani_dalla_nascita,4190
017129,Padenghe sul Garda,2021,italiani_dalla_nascita_nati_all_estero,106
017129,Padenghe sul Garda,2021,italiani_dalla_nascita_nati_in_italia,4084
017129,Padenghe sul Garda,2021,popolazione_residente,4773
017129,Padenghe sul Garda,2021,stranieri,423
017129,Padenghe sul Garda,2021,stranieri_nati_all_estero,382
017129,Padenghe sul Garda,2021,stranieri_nati_in_italia,41
017129,Padenghe sul Garda,2021,stranieri_nati_in_italia_minorenni,34
017129,Padenghe sul Garda,2022,italiani,4409
017129,Padenghe sul Garda,2022,italiani_acquisiti,178
017129,Padenghe sul Garda,2022,italiani_acquisiti_nati_all_estero,142
017129,Padenghe sul Garda,2022,italiani_acquisiti_nati_in_italia,36
017129,Padenghe sul Garda,2022,italiani_acquisiti_nati_in_italia_minorenni,24
017129,Padenghe sul Garda,2022,italiani_dalla_nascita,4231
017129,Padenghe sul Garda,2022,italiani_dalla_nascita_nati_all_estero,99
017129,Padenghe sul Garda,2022,italiani_dalla_nascita_nati_in_italia,4132
017129,Padenghe sul Garda,2022,popolazione_residente,4838
017129,Padenghe sul Garda,2022,stranieri,429
017129,Padenghe sul Garda,2022,stranieri_nati_all_estero,398
017129,Padenghe sul Garda,2022,stranieri_nati_in_italia,31
017129,Padenghe sul Garda,2022,stranieri_nati_in_italia_minorenni,28
017129,Padenghe sul Garda,2023,italiani,4429
017129,Padenghe sul Garda,2023,italiani_acquisiti,184
017129,Padenghe sul Garda,2023,italiani_acquisiti_nati_all_estero,145
017129,Padenghe sul Garda,2023,italiani_acquisiti_nati_in_italia,39
017129,Padenghe sul Garda,2023,italiani_acquisiti_nati_in_italia_minorenni,25
017129,Padenghe sul Garda,2023,italiani_dalla_nascita,4245
017129,Padenghe sul Garda,2023,italiani_dalla_nascita_nati_all_estero,100
017129,Padenghe sul Garda,2023,italiani_dalla_nascita_nati_in_italia,4145
017129,Padenghe sul Garda,2023,popolazione_residente,4871
017129,Padenghe sul Garda,2023,stranieri,442
017129,Padenghe sul Garda,2023,stranieri_nati_all_estero,417
017129,Padenghe sul Garda,2023,stranieri_nati_in_italia,25
017129,Padenghe sul Garda,2023,stranieri_nati_in_italia_minorenni,22
017130,Paderno Franciacorta,2021,italiani,3353
017130,Paderno Franciacorta,2021,italiani_acquisiti,137
017130,Paderno Franciacorta,2021,italiani_acquisiti_nati_all_estero,94
017130,Paderno Franciacorta,2021,italiani_acquisiti_nati_in_italia,43
017130,Paderno Franciacorta,2021,italiani_acquisiti_nati_in_italia_minorenni,25
017130,Paderno Franciacorta,2021,italiani_dalla_nascita,3216
017130,Paderno Franciacorta,2021,italiani_dalla_nascita_nati_all_estero,38
017130,Paderno Franciacorta,2021,italiani_dalla_nascita_nati_in_italia,3178
017130,Paderno Franciacorta,2021,popolazione_residente,3637
017130,Paderno Franciacorta,2021,stranieri,284
017130,Paderno Franciacorta,2021,stranieri_nati_all_estero,242
017130,Paderno Franciacorta,2021,stranieri_nati_in_italia,42
017130,Paderno Franciacorta,2021,stranieri_nati_in_italia_minorenni,38
017130,Paderno Franciacorta,2022,italiani,3363
017130,Paderno Franciacorta,2022,italiani_acquisiti,161
017130,Paderno Franciacorta,2022,italiani_acquisiti_nati_all_estero,109
017130,Paderno Franciacorta,2022,italiani_acquisiti_nati_in_italia,52
017130,Paderno Franciacorta,2022,italiani_acquisiti_nati_in_italia_minorenni,31
017130,Paderno Franciacorta,2022,italiani_dalla_nascita,3202
017130,Paderno Franciacorta,2022,italiani_dalla_nascita_nati_all_estero,42
017130,Paderno Franciacorta,2022,italiani_dalla_nascita_nati_in_italia,3160
017130,Paderno Franciacorta,2022,popolazione_residente,3640
017130,Paderno Franciacorta,2022,stranieri,277
017130,Paderno Franciacorta,2022,stranieri_nati_all_estero,246
017130,Paderno Franciacorta,2022,stranieri_nati_in_italia,31
017130,Paderno Franciacorta,2022,stranieri_nati_in_italia_minorenni,29
017130,Paderno Franciacorta,2023,italiani,3373
017130,Paderno Franciacorta,2023,italiani_acquisiti,158
017130,Paderno Franciacorta,2023,italiani_acquisiti_nati_all_estero,108
017130,Paderno Franciacorta,2023,italiani_acquisiti_nati_in_italia,50
017130,Paderno Franciacorta,2023,italiani_acquisiti_nati_in_italia_minorenni,32
017130,Paderno Franciacorta,2023,italiani_dalla_nascita,3215
017130,Paderno Franciacorta,2023,italiani_dalla_nascita_nati_all_estero,42
017130,Paderno Franciacorta,2023,italiani_dalla_nascita_nati_in_italia,3173
017130,Paderno Franciacorta,2023,popolazione_residente,3673
017130,Paderno Franciacorta,2023,stranieri,300
017130,Paderno Franciacorta,2023,stranieri_nati_all_estero,260
017130,Paderno Franciacorta,2023,stranieri_nati_in_italia,40
017130,Paderno Franciacorta,2023,stranieri_nati_in_italia_minorenni,38
017131,Paisco Loveno,2021,italiani,173
017131,Paisco Loveno,2021,italiani_acquisiti,1
017131,Paisco Loveno,2021,italiani_acquisiti_nati_all_estero,1
017131,Paisco Loveno,2021,italiani_dalla_nascita,172
017131,Paisco Loveno,2021,italiani_dalla_nascita_nati_all_estero,2
017131,Paisco Loveno,2021,italiani_dalla_nascita_nati_in_italia,170
017131,Paisco Loveno,2021,popolazione_residente,176
017131,Paisco Loveno,2021,stranieri,3
017131,Paisco Loveno,2021,stranieri_nati_all_estero,3
017131,Paisco Loveno,2022,italiani,172
017131,Paisco Loveno,2022,italiani_acquisiti,1
017131,Paisco Loveno,2022,italiani_acquisiti_nati_all_estero,1
017131,Paisco Loveno,2022,italiani_dalla_nascita,171
017131,Paisco Loveno,2022,italiani_dalla_nascita_nati_all_estero,2
017131,Paisco Loveno,2022,italiani_dalla_nascita_nati_in_italia,169
017131,Paisco Loveno,2022,popolazione_residente,172
017131,Paisco Loveno,2023,italiani,167
017131,Paisco Loveno,2023,italiani_acquisiti,1
017131,Paisco Loveno,2023,italiani_acquisiti_nati_all_estero,1
017131,Paisco Loveno,2023,italiani_dalla_nascita,166
017131,Paisco Loveno,2023,italiani_dalla_nascita_nati_all_estero,2
017131,Paisco Loveno,2023,italiani_dalla_nascita_nati_in_italia,164
017131,Paisco Loveno,2023,popolazione_residente,167
017132,Paitone,2021,italiani,1930
017132,Paitone,2021,italiani_acquisiti,153
017132,Paitone,2021,italiani_acquisiti_nati_all_estero,96
017132,Paitone,2021,italiani_acquisiti_nati_in_italia,57
017132,Paitone,2021,italiani_acquisiti_nati_in_italia_minorenni,43
017132,Paitone,2021,italiani_dalla_nascita,1777
017132,Paitone,2021,italiani_dalla_nascita_nati_all_estero,28
017132,Paitone,2021,italiani_dalla_nascita_nati_in_italia,1749
017132,Paitone,2021,popolazione_residente,2170
017132,Paitone,2021,stranieri,240
017132,Paitone,2021,stranieri_nati_all_estero,199
017132,Paitone,2021,stranieri_nati_in_italia,41
017132,Paitone,2021,stranieri_nati_in_italia_minorenni,41
017132,Paitone,2022,italiani,1943
017132,Paitone,2022,italiani_acquisiti,160
017132,Paitone,2022,italiani_acquisiti_nati_all_estero,107
017132,Paitone,2022,italiani_acquisiti_nati_in_italia,53
017132,Paitone,2022,italiani_acquisiti_nati_in_italia_minorenni,41
017132,Paitone,2022,italiani_dalla_nascita,1783
017132,Paitone,2022,italiani_dalla_nascita_nati_all_estero,29
017132,Paitone,2022,italiani_dalla_nascita_nati_in_italia,1754
017132,Paitone,2022,popolazione_residente,2181
017132,Paitone,2022,stranieri,238
017132,Paitone,2022,stranieri_nati_all_estero,202
017132,Paitone,2022,stranieri_nati_in_italia,36
017132,Paitone,2022,stranieri_nati_in_italia_minorenni,36
017132,Paitone,2023,italiani,1941
017132,Paitone,2023,italiani_acquisiti,162
017132,Paitone,2023,italiani_acquisiti_nati_all_estero,111
017132,Paitone,2023,italiani_acquisiti_nati_in_italia,51
017132,Paitone,2023,italiani_acquisiti_nati_in_italia_minorenni,35
017132,Paitone,2023,italiani_dalla_nascita,1779
017132,Paitone,2023,italiani_dalla_nascita_nati_all_estero,31
017132,Paitone,2023,italiani_dalla_nascita_nati_in_italia,1748
017132,Paitone,2023,popolazione_residente,2192
017132,Paitone,2023,stranieri,251
017132,Paitone,2023,stranieri_nati_all_estero,205
017132,Paitone,2023,stranieri_nati_in_italia,46
017132,Paitone,2023,stranieri_nati_in_italia_minorenni,45
017133,Palazzolo sull'Oglio,2021,italiani,17068
017133,Palazzolo sull'Oglio,2021,italiani_acquisiti,1403
017133,Palazzolo sull'Oglio,2021,italiani_acquisiti_nati_all_estero,861
017133,Palazzolo sull'Oglio,2021,italiani_acquisiti_nati_in_italia,542
017133,Palazzolo sull'Oglio,2021,italiani_acquisiti_nati_in_italia_minorenni,412
017133,Palazzolo sull'Oglio,2021,italiani_dalla_nascita,15665
017133,Palazzolo sull'Oglio,2021,italiani_dalla_nascita_nati_all_estero,157
017133,Palazzolo sull'Oglio,2021,italiani_dalla_nascita_nati_in_italia,15508
017133,Palazzolo sull'Oglio,2021,popolazione_residente,19937
017133,Palazzolo sull'Oglio,2021,stranieri,2869
017133,Palazzolo sull'Oglio,2021,stranieri_nati_all_estero,2274
017133,Palazzolo sull'Oglio,2021,stranieri_nati_in_italia,595
017133,Palazzolo sull'Oglio,2021,stranieri_nati_in_italia_minorenni,578
017133,Palazzolo sull'Oglio,2022,italiani,17297
017133,Palazzolo sull'Oglio,2022,italiani_acquisiti,1626
017133,Palazzolo sull'Oglio,2022,italiani_acquisiti_nati_all_estero,1003
017133,Palazzolo sull'Oglio,2022,italiani_acquisiti_nati_in_italia,623
017133,Palazzolo sull'Oglio,2022,italiani_acquisiti_nati_in_italia_minorenni,456
017133,Palazzolo sull'Oglio,2022,italiani_dalla_nascita,15671
017133,Palazzolo sull'Oglio,2022,italiani_dalla_nascita_nati_all_estero,177
017133,Palazzolo sull'Oglio,2022,italiani_dalla_nascita_nati_in_italia,15494
017133,Palazzolo sull'Oglio,2022,popolazione_residente,20163
017133,Palazzolo sull'Oglio,2022,stranieri,2866
017133,Palazzolo sull'Oglio,2022,stranieri_nati_all_estero,2313
017133,Palazzolo sull'Oglio,2022,stranieri_nati_in_italia,553
017133,Palazzolo sull'Oglio,2022,stranieri_nati_in_italia_minorenni,531
017133,Palazzolo sull'Oglio,2023,italiani,17346
017133,Palazzolo sull'Oglio,2023,italiani_acquisiti,1708
017133,Palazzolo sull'Oglio,2023,italiani_acquisiti_nati_all_estero,1060
017133,Palazzolo sull'Oglio,2023,italiani_acquisiti_nati_in_italia,648
017133,Palazzolo sull'Oglio,2023,italiani_acquisiti_nati_in_italia_minorenni,460
017133,Palazzolo sull'Oglio,2023,italiani_dalla_nascita,15638
017133,Palazzolo sull'Oglio,2023,italiani_dalla_nascita_nati_all_estero,174
017133,Palazzolo sull'Oglio,2023,italiani_dalla_nascita_nati_in_italia,15464
017133,Palazzolo sull'Oglio,2023,popolazione_residente,20219
017133,Palazzolo sull'Oglio,2023,stranieri,2873
017133,Palazzolo sull'Oglio,2023,stranieri_nati_all_estero,2316
017133,Palazzolo sull'Oglio,2023,stranieri_nati_in_italia,557
017133,Palazzolo sull'Oglio,2023,stranieri_nati_in_italia_minorenni,531
017134,Paratico,2021,italiani,4540
017134,Paratico,2021,italiani_acquisiti,176
017134,Paratico,2021,italiani_acquisiti_nati_all_estero,132
017134,Paratico,2021,italiani_acquisiti_nati_in_italia,44
017134,Paratico,2021,italiani_acquisiti_nati_in_italia_minorenni,27
017134,Paratico,2021,italiani_dalla_nascita,4364
017134,Paratico,2021,italiani_dalla_nascita_nati_all_estero,67
017134,Paratico,2021,italiani_dalla_nascita_nati_in_italia,4297
017134,Paratico,2021,popolazione_residente,4884
017134,Paratico,2021,stranieri,344
017134,Paratico,2021,stranieri_nati_all_estero,291
017134,Paratico,2021,stranieri_nati_in_italia,53
017134,Paratico,2021,stranieri_nati_in_italia_minorenni,53
017134,Paratico,2022,italiani,4602
017134,Paratico,2022,italiani_acquisiti,201
017134,Paratico,2022,italiani_acquisiti_nati_all_estero,145
017134,Paratico,2022,italiani_acquisiti_nati_in_italia,56
017134,Paratico,2022,italiani_acquisiti_nati_in_italia_minorenni,36
017134,Paratico,2022,italiani_dalla_nascita,4401
017134,Paratico,2022,italiani_dalla_nascita_nati_all_estero,69
017134,Paratico,2022,italiani_dalla_nascita_nati_in_italia,4332
017134,Paratico,2022,popolazione_residente,4960
017134,Paratico,2022,stranieri,358
017134,Paratico,2022,stranieri_nati_all_estero,308
017134,Paratico,2022,stranieri_nati_in_italia,50
017134,Paratico,2022,stranieri_nati_in_italia_minorenni,49
017134,Paratico,2023,italiani,4621
017134,Paratico,2023,italiani_acquisiti,207
017134,Paratico,2023,italiani_acquisiti_nati_all_estero,150
017134,Paratico,2023,italiani_acquisiti_nati_in_italia,57
017134,Paratico,2023,italiani_acquisiti_nati_in_italia_minorenni,34
017134,Paratico,2023,italiani_dalla_nascita,4414
017134,Paratico,2023,italiani_dalla_nascita_nati_all_estero,71
017134,Paratico,2023,italiani_dalla_nascita_nati_in_italia,4343
017134,Paratico,2023,popolazione_residente,4987
017134,Paratico,2023,stranieri,366
017134,Paratico,2023,stranieri_nati_all_estero,317
017134,Paratico,2023,stranieri_nati_in_italia,49
017134,Paratico,2023,stranieri_nati_in_italia_minorenni,46
017135,Paspardo,2021,italiani,564
017135,Paspardo,2021,italiani_acquisiti,3
017135,Paspardo,2021,italiani_acquisiti_nati_all_estero,3
017135,Paspardo,2021,italiani_dalla_nascita,561
017135,Paspardo,2021,italiani_dalla_nascita_nati_all_estero,3
017135,Paspardo,2021,italiani_dalla_nascita_nati_in_italia,558
017135,Paspardo,2021,popolazione_residente,579
017135,Paspardo,2021,stranieri,15
017135,Paspardo,2021,stranieri_nati_all_estero,12
017135,Paspardo,2021,stranieri_nati_in_italia,3
017135,Paspardo,2021,stranieri_nati_in_italia_minorenni,3
017135,Paspardo,2022,italiani,565
017135,Paspardo,2022,italiani_acquisiti,3
017135,Paspardo,2022,italiani_acquisiti_nati_all_estero,3
017135,Paspardo,2022,italiani_dalla_nascita,562
017135,Paspardo,2022,italiani_dalla_nascita_nati_all_estero,3
017135,Paspardo,2022,italiani_dalla_nascita_nati_in_italia,559
017135,Paspardo,2022,popolazione_residente,579
017135,Paspardo,2022,stranieri,14
017135,Paspardo,2022,stranieri_nati_all_estero,10
017135,Paspardo,2022,stranieri_nati_in_italia,4
017135,Paspardo,2022,stranieri_nati_in_italia_minorenni,4
017135,Paspardo,2023,italiani,564
017135,Paspardo,2023,italiani_acquisiti,3
017135,Paspardo,2023,italiani_acquisiti_nati_all_estero,3
017135,Paspardo,2023,italiani_dalla_nascita,561
017135,Paspardo,2023,italiani_dalla_nascita_nati_all_estero,4
017135,Paspardo,2023,italiani_dalla_nascita_nati_in_italia,557
017135,Paspardo,2023,popolazione_residente,571
017135,Paspardo,2023,stranieri,7
017135,Paspardo,2023,stranieri_nati_all_estero,5
017135,Paspardo,2023,stranieri_nati_in_italia,2
017135,Paspardo,2023,stranieri_nati_in_italia_minorenni,2
017136,Passirano,2021,italiani,6511
017136,Passirano,2021,italiani_acquisiti,195
017136,Passirano,2021,italiani_acquisiti_nati_all_estero,144
017136,Passirano,2021,italiani_acquisiti_nati_in_italia,51
017136,Passirano,2021,italiani_acquisiti_nati_in_italia_minorenni,30
017136,Passirano,2021,italiani_dalla_nascita,6316
017136,Passirano,2021,italiani_dalla_nascita_nati_all_estero,48
017136,Passirano,2021,italiani_dalla_nascita_nati_in_italia,6268
017136,Passirano,2021,popolazione_residente,6914
017136,Passirano,2021,stranieri,403
017136,Passirano,2021,stranieri_nati_all_estero,335
017136,Passirano,2021,stranieri_nati_in_italia,68
017136,Passirano,2021,stranieri_nati_in_italia_minorenni,64
017136,Passirano,2022,italiani,6499
017136,Passirano,2022,italiani_acquisiti,216
017136,Passirano,2022,italiani_acquisiti_nati_all_estero,147
017136,Passirano,2022,italiani_acquisiti_nati_in_italia,69
017136,Passirano,2022,italiani_acquisiti_nati_in_italia_minorenni,45
017136,Passirano,2022,italiani_dalla_nascita,6283
017136,Passirano,2022,italiani_dalla_nascita_nati_all_estero,49
017136,Passirano,2022,italiani_dalla_nascita_nati_in_italia,6234
017136,Passirano,2022,popolazione_residente,6890
017136,Passirano,2022,stranieri,391
017136,Passirano,2022,stranieri_nati_all_estero,335
017136,Passirano,2022,stranieri_nati_in_italia,56
017136,Passirano,2022,stranieri_nati_in_italia_minorenni,52
017136,Passirano,2023,italiani,6484
017136,Passirano,2023,italiani_acquisiti,220
017136,Passirano,2023,italiani_acquisiti_nati_all_estero,154
017136,Passirano,2023,italiani_acquisiti_nati_in_italia,66
017136,Passirano,2023,italiani_acquisiti_nati_in_italia_minorenni,39
017136,Passirano,2023,italiani_dalla_nascita,6264
017136,Passirano,2023,italiani_dalla_nascita_nati_all_estero,53
017136,Passirano,2023,italiani_dalla_nascita_nati_in_italia,6211
017136,Passirano,2023,popolazione_residente,6876
017136,Passirano,2023,stranieri,392
017136,Passirano,2023,stranieri_nati_all_estero,332
017136,Passirano,2023,stranieri_nati_in_italia,60
017136,Passirano,2023,stranieri_nati_in_italia_minorenni,56
017137,Pavone del Mella,2021,italiani,2354
017137,Pavone del Mella,2021,italiani_acquisiti,163
017137,Pavone del Mella,2021,italiani_acquisiti_nati_all_estero,107
017137,Pavone del Mella,2021,italiani_acquisiti_nati_in_italia,56
017137,Pavone del Mella,2021,italiani_acquisiti_nati_in_italia_minorenni,41
017137,Pavone del Mella,2021,italiani_dalla_nascita,2191
017137,Pavone del Mella,2021,italiani_dalla_nascita_nati_all_estero,20
017137,Pavone del Mella,2021,italiani_dalla_nascita_nati_in_italia,2171
017137,Pavone del Mella,2021,popolazione_residente,2706
017137,Pavone del Mella,2021,stranieri,352
017137,Pavone del Mella,2021,stranieri_nati_all_estero,307
017137,Pavone del Mella,2021,stranieri_nati_in_italia,45
017137,Pavone del Mella,2021,stranieri_nati_in_italia_minorenni,45
017137,Pavone del Mella,2022,italiani,2333
017137,Pavone del Mella,2022,italiani_acquisiti,179
017137,Pavone del Mella,2022,italiani_acquisiti_nati_all_estero,124
017137,Pavone del Mella,2022,italiani_acquisiti_nati_in_italia,55
017137,Pavone del Mella,2022,italiani_acquisiti_nati_in_italia_minorenni,37
017137,Pavone del Mella,2022,italiani_dalla_nascita,2154
017137,Pavone del Mella,2022,italiani_dalla_nascita_nati_all_estero,21
017137,Pavone del Mella,2022,italiani_dalla_nascita_nati_in_italia,2133
017137,Pavone del Mella,2022,popolazione_residente,2676
017137,Pavone del Mella,2022,stranieri,343
017137,Pavone del Mella,2022,stranieri_nati_all_estero,300
017137,Pavone del Mella,2022,stranieri_nati_in_italia,43
017137,Pavone del Mella,2022,stranieri_nati_in_italia_minorenni,43
017137,Pavone del Mella,2023,italiani,2314
017137,Pavone del Mella,2023,italiani_acquisiti,188
017137,Pavone del Mella,2023,italiani_acquisiti_nati_all_estero,128
017137,Pavone del Mella,2023,italiani_acquisiti_nati_in_italia,60
017137,Pavone del Mella,2023,italiani_acquisiti_nati_in_italia_minorenni,39
017137,Pavone del Mella,2023,italiani_dalla_nascita,2126
017137,Pavone del Mella,2023,italiani_dalla_nascita_nati_all_estero,22
017137,Pavone del Mella,2023,italiani_dalla_nascita_nati_in_italia,2104
017137,Pavone del Mella,2023,popolazione_residente,2723
017137,Pavone del Mella,2023,stranieri,409
017137,Pavone del Mella,2023,stranieri_nati_all_estero,353
017137,Pavone del Mella,2023,stranieri_nati_in_italia,56
017137,Pavone del Mella,2023,stranieri_nati_in_italia_minorenni,56
017138,San Paolo,2021,italiani,3867
017138,San Paolo,2021,italiani_acquisiti,227
017138,San Paolo,2021,italiani_acquisiti_nati_all_estero,151
017138,San Paolo,2021,italiani_acquisiti_nati_in_italia,76
017138,San Paolo,2021,italiani_acquisiti_nati_in_italia_minorenni,48
017138,San Paolo,2021,italiani_dalla_nascita,3640
017138,San Paolo,2021,italiani_dalla_nascita_nati_all_estero,20
017138,San Paolo,2021,italiani_dalla_nascita_nati_in_italia,3620
017138,San Paolo,2021,popolazione_residente,4417
017138,San Paolo,2021,stranieri,550
017138,San Paolo,2021,stranieri_nati_all_estero,459
017138,San Paolo,2021,stranieri_nati_in_italia,91
017138,San Paolo,2021,stranieri_nati_in_italia_minorenni,87
017138,San Paolo,2022,italiani,3922
017138,San Paolo,2022,italiani_acquisiti,271
017138,San Paolo,2022,italiani_acquisiti_nati_all_estero,183
017138,San Paolo,2022,italiani_acquisiti_nati_in_italia,88
017138,San Paolo,2022,italiani_acquisiti_nati_in_italia_minorenni,58
017138,San Paolo,2022,italiani_dalla_nascita,3651
017138,San Paolo,2022,italiani_dalla_nascita_nati_all_estero,20
017138,San Paolo,2022,italiani_dalla_nascita_nati_in_italia,3631
017138,San Paolo,2022,popolazione_residente,4429
017138,San Paolo,2022,stranieri,507
017138,San Paolo,2022,stranieri_nati_all_estero,422
017138,San Paolo,2022,stranieri_nati_in_italia,85
017138,San Paolo,2022,stranieri_nati_in_italia_minorenni,82
017138,San Paolo,2023,italiani,3896
017138,San Paolo,2023,italiani_acquisiti,279
017138,San Paolo,2023,italiani_acquisiti_nati_all_estero,189
017138,San Paolo,2023,italiani_acquisiti_nati_in_italia,90
017138,San Paolo,2023,italiani_acquisiti_nati_in_italia_minorenni,54
017138,San Paolo,2023,italiani_dalla_nascita,3617
017138,San Paolo,2023,italiani_dalla_nascita_nati_all_estero,21
017138,San Paolo,2023,italiani_dalla_nascita_nati_in_italia,3596
017138,San Paolo,2023,popolazione_residente,4418
017138,San Paolo,2023,stranieri,522
017138,San Paolo,2023,stranieri_nati_all_estero,443
017138,San Paolo,2023,stranieri_nati_in_italia,79
017138,San Paolo,2023,stranieri_nati_in_italia_minorenni,75
017139,Pertica Alta,2021,italiani,547
017139,Pertica Alta,2021,italiani_acquisiti,3
017139,Pertica Alta,2021,italiani_acquisiti_nati_all_estero,3
017139,Pertica Alta,2021,italiani_dalla_nascita,544
017139,Pertica Alta,2021,italiani_dalla_nascita_nati_all_estero,4
017139,Pertica Alta,2021,italiani_dalla_nascita_nati_in_italia,540
017139,Pertica Alta,2021,popolazione_residente,557
017139,Pertica Alta,2021,stranieri,10
017139,Pertica Alta,2021,stranieri_nati_all_estero,7
017139,Pertica Alta,2021,stranieri_nati_in_italia,3
017139,Pertica Alta,2021,stranieri_nati_in_italia_minorenni,3
017139,Pertica Alta,2022,italiani,545
017139,Pertica Alta,2022,italiani_acquisiti,1
017139,Pertica Alta,2022,italiani_acquisiti_nati_all_estero,1
017139,Pertica Alta,2022,italiani_dalla_nascita,544
017139,Pertica Alta,2022,italiani_dalla_nascita_nati_all_estero,5
017139,Pertica Alta,2022,italiani_dalla_nascita_nati_in_italia,539
017139,Pertica Alta,2022,popolazione_residente,555
017139,Pertica Alta,2022,stranieri,10
017139,Pertica Alta,2022,stranieri_nati_all_estero,7
017139,Pertica Alta,2022,stranieri_nati_in_italia,3
017139,Pertica Alta,2022,stranieri_nati_in_italia_minorenni,3
017139,Pertica Alta,2023,italiani,548
017139,Pertica Alta,2023,italiani_acquisiti,3
017139,Pertica Alta,2023,italiani_acquisiti_nati_all_estero,3
017139,Pertica Alta,2023,italiani_dalla_nascita,545
017139,Pertica Alta,2023,italiani_dalla_nascita_nati_all_estero,5
017139,Pertica Alta,2023,italiani_dalla_nascita_nati_in_italia,540
017139,Pertica Alta,2023,popolazione_residente,553
017139,Pertica Alta,2023,stranieri,5
017139,Pertica Alta,2023,stranieri_nati_all_estero,5
017140,Pertica Bassa,2021,italiani,544
017140,Pertica Bassa,2021,italiani_acquisiti,24
017140,Pertica Bassa,2021,italiani_acquisiti_nati_all_estero,19
017140,Pertica Bassa,2021,italiani_acquisiti_nati_in_italia,5
017140,Pertica Bassa,2021,italiani_acquisiti_nati_in_italia_minorenni,4
017140,Pertica Bassa,2021,italiani_dalla_nascita,520
017140,Pertica Bassa,2021,italiani_dalla_nascita_nati_all_estero,4
017140,Pertica Bassa,2021,italiani_dalla_nascita_nati_in_italia,516
017140,Pertica Bassa,2021,popolazione_residente,576
017140,Pertica Bassa,2021,stranieri,32
017140,Pertica Bassa,2021,stranieri_nati_all_estero,22
017140,Pertica Bassa,2021,stranieri_nati_in_italia,10
017140,Pertica Bassa,2021,stranieri_nati_in_italia_minorenni,10
017140,Pertica Bassa,2022,italiani,522
017140,Pertica Bassa,2022,italiani_acquisiti,18
017140,Pertica Bassa,2022,italiani_acquisiti_nati_all_estero,14
017140,Pertica Bassa,2022,italiani_acquisiti_nati_in_italia,4
017140,Pertica Bassa,2022,italiani_acquisiti_nati_in_italia_minorenni,2
017140,Pertica Bassa,2022,italiani_dalla_nascita,504
017140,Pertica Bassa,2022,italiani_dalla_nascita_nati_all_estero,6
017140,Pertica Bassa,2022,italiani_dalla_nascita_nati_in_italia,498
017140,Pertica Bassa,2022,popolazione_residente,555
017140,Pertica Bassa,2022,stranieri,33
017140,Pertica Bassa,2022,stranieri_nati_all_estero,25
017140,Pertica Bassa,2022,stranieri_nati_in_italia,8
017140,Pertica Bassa,2022,stranieri_nati_in_italia_minorenni,8
017140,Pertica Bassa,2023,italiani,531
017140,Pertica Bassa,2023,italiani_acquisiti,24
017140,Pertica Bassa,2023,italiani_acquisiti_nati_all_estero,16
017140,Pertica Bassa,2023,italiani_acquisiti_nati_in_italia,8
017140,Pertica Bassa,2023,italiani_acquisiti_nati_in_italia_minorenni,6
017140,Pertica Bassa,2023,italiani_dalla_nascita,507
017140,Pertica Bassa,2023,italiani_dalla_nascita_nati_all_estero,8
017140,Pertica Bassa,2023,italiani_dalla_nascita_nati_in_italia,499
017140,Pertica Bassa,2023,popolazione_residente,571
017140,Pertica Bassa,2023,stranieri,40
017140,Pertica Bassa,2023,stranieri_nati_all_estero,34
017140,Pertica Bassa,2023,stranieri_nati_in_italia,6
017140,Pertica Bassa,2023,stranieri_nati_in_italia_minorenni,6
017141,Pezzaze,2021,italiani,1377
017141,Pezzaze,2021,italiani_acquisiti,25
017141,Pezzaze,2021,italiani_acquisiti_nati_all_estero,16
017141,Pezzaze,2021,italiani_acquisiti_nati_in_italia,9
017141,Pezzaze,2021,italiani_acquisiti_nati_in_italia_minorenni,3
017141,Pezzaze,2021,italiani_dalla_nascita,1352
017141,Pezzaze,2021,italiani_dalla_nascita_nati_all_estero,13
017141,Pezzaze,2021,italiani_dalla_nascita_nati_in_italia,1339
017141,Pezzaze,2021,popolazione_residente,1448
017141,Pezzaze,2021,stranieri,71
017141,Pezzaze,2021,stranieri_nati_all_estero,63
017141,Pezzaze,2021,stranieri_nati_in_italia,8
017141,Pezzaze,2021,stranieri_nati_in_italia_minorenni,8
017141,Pezzaze,2022,italiani,1379
017141,Pezzaze,2022,italiani_acquisiti,29
017141,Pezzaze,2022,italiani_acquisiti_nati_all_estero,21
017141,Pezzaze,2022,italiani_acquisiti_nati_in_italia,8
017141,Pezzaze,2022,italiani_acquisiti_nati_in_italia_minorenni,2
017141,Pezzaze,2022,italiani_dalla_nascita,1350
017141,Pezzaze,2022,italiani_dalla_nascita_nati_all_estero,14
017141,Pezzaze,2022,italiani_dalla_nascita_nati_in_italia,1336
017141,Pezzaze,2022,popolazione_residente,1452
017141,Pezzaze,2022,stranieri,73
017141,Pezzaze,2022,stranieri_nati_all_estero,61
017141,Pezzaze,2022,stranieri_nati_in_italia,12
017141,Pezzaze,2022,stranieri_nati_in_italia_minorenni,11
017141,Pezzaze,2023,italiani,1364
017141,Pezzaze,2023,italiani_acquisiti,34
017141,Pezzaze,2023,italiani_acquisiti_nati_all_estero,25
017141,Pezzaze,2023,italiani_acquisiti_nati_in_italia,9
017141,Pezzaze,2023,italiani_dalla_nascita,1330
017141,Pezzaze,2023,italiani_dalla_nascita_nati_all_estero,14
017141,Pezzaze,2023,italiani_dalla_nascita_nati_in_italia,1316
017141,Pezzaze,2023,popolazione_residente,1452
017141,Pezzaze,2023,stranieri,88
017141,Pezzaze,2023,stranieri_nati_all_estero,73
017141,Pezzaze,2023,stranieri_nati_in_italia,15
017141,Pezzaze,2023,stranieri_nati_in_italia_minorenni,13
017142,Pian Camuno,2021,italiani,4094
017142,Pian Camuno,2021,italiani_acquisiti,173
017142,Pian Camuno,2021,italiani_acquisiti_nati_all_estero,111
017142,Pian Camuno,2021,italiani_acquisiti_nati_in_italia,62
017142,Pian Camuno,2021,italiani_acquisiti_nati_in_italia_minorenni,47
017142,Pian Camuno,2021,italiani_dalla_nascita,3921
017142,Pian Camuno,2021,italiani_dalla_nascita_nati_all_estero,56
017142,Pian Camuno,2021,italiani_dalla_nascita_nati_in_italia,3865
017142,Pian Camuno,2021,popolazione_residente,4733
017142,Pian Camuno,2021,stranieri,639
017142,Pian Camuno,2021,stranieri_nati_all_estero,513
017142,Pian Camuno,2021,stranieri_nati_in_italia,126
017142,Pian Camuno,2021,stranieri_nati_in_italia_minorenni,124
017142,Pian Camuno,2022,italiani,4119
017142,Pian Camuno,2022,italiani_acquisiti,210
017142,Pian Camuno,2022,italiani_acquisiti_nati_all_estero,132
017142,Pian Camuno,2022,italiani_acquisiti_nati_in_italia,78
017142,Pian Camuno,2022,italiani_acquisiti_nati_in_italia_minorenni,55
017142,Pian Camuno,2022,italiani_dalla_nascita,3909
017142,Pian Camuno,2022,italiani_dalla_nascita_nati_all_estero,57
017142,Pian Camuno,2022,italiani_dalla_nascita_nati_in_italia,3852
017142,Pian Camuno,2022,popolazione_residente,4770
017142,Pian Camuno,2022,stranieri,651
017142,Pian Camuno,2022,stranieri_nati_all_estero,538
017142,Pian Camuno,2022,stranieri_nati_in_italia,113
017142,Pian Camuno,2022,stranieri_nati_in_italia_minorenni,112
017142,Pian Camuno,2023,italiani,4098
017142,Pian Camuno,2023,italiani_acquisiti,222
017142,Pian Camuno,2023,italiani_acquisiti_nati_all_estero,135
017142,Pian Camuno,2023,italiani_acquisiti_nati_in_italia,87
017142,Pian Camuno,2023,italiani_acquisiti_nati_in_italia_minorenni,61
017142,Pian Camuno,2023,italiani_dalla_nascita,3876
017142,Pian Camuno,2023,italiani_dalla_nascita_nati_all_estero,53
017142,Pian Camuno,2023,italiani_dalla_nascita_nati_in_italia,3823
017142,Pian Camuno,2023,popolazione_residente,4766
017142,Pian Camuno,2023,stranieri,668
017142,Pian Camuno,2023,stranieri_nati_all_estero,555
017142,Pian Camuno,2023,stranieri_nati_in_italia,113
017142,Pian Camuno,2023,stranieri_nati_in_italia_minorenni,111
017143,Pisogne,2021,italiani,7338
017143,Pisogne,2021,italiani_acquisiti,203
017143,Pisogne,2021,italiani_acquisiti_nati_all_estero,145
017143,Pisogne,2021,italiani_acquisiti_nati_in_italia,58
017143,Pisogne,2021,italiani_acquisiti_nati_in_italia_minorenni,48
017143,Pisogne,2021,italiani_dalla_nascita,7135
017143,Pisogne,2021,italiani_dalla_nascita_nati_all_estero,83
017143,Pisogne,2021,italiani_dalla_nascita_nati_in_italia,7052
017143,Pisogne,2021,popolazione_residente,7803
017143,Pisogne,2021,stranieri,465
017143,Pisogne,2021,stranieri_nati_all_estero,380
017143,Pisogne,2021,stranieri_nati_in_italia,85
017143,Pisogne,2021,stranieri_nati_in_italia_minorenni,85
017143,Pisogne,2022,italiani,7365
017143,Pisogne,2022,italiani_acquisiti,221
017143,Pisogne,2022,italiani_acquisiti_nati_all_estero,158
017143,Pisogne,2022,italiani_acquisiti_nati_in_italia,63
017143,Pisogne,2022,italiani_acquisiti_nati_in_italia_minorenni,47
017143,Pisogne,2022,italiani_dalla_nascita,7144
017143,Pisogne,2022,italiani_dalla_nascita_nati_all_estero,86
017143,Pisogne,2022,italiani_dalla_nascita_nati_in_italia,7058
017143,Pisogne,2022,popolazione_residente,7860
017143,Pisogne,2022,stranieri,495
017143,Pisogne,2022,stranieri_nati_all_estero,406
017143,Pisogne,2022,stranieri_nati_in_italia,89
017143,Pisogne,2022,stranieri_nati_in_italia_minorenni,88
017143,Pisogne,2023,italiani,7391
017143,Pisogne,2023,italiani_acquisiti,248
017143,Pisogne,2023,italiani_acquisiti_nati_all_estero,174
017143,Pisogne,2023,italiani_acquisiti_nati_in_italia,74
017143,Pisogne,2023,italiani_acquisiti_nati_in_italia_minorenni,48
017143,Pisogne,2023,italiani_dalla_nascita,7143
017143,Pisogne,2023,italiani_dalla_nascita_nati_all_estero,84
017143,Pisogne,2023,italiani_dalla_nascita_nati_in_italia,7059
017143,Pisogne,2023,popolazione_residente,7894
017143,Pisogne,2023,stranieri,503
017143,Pisogne,2023,stranieri_nati_all_estero,417
017143,Pisogne,2023,stranieri_nati_in_italia,86
017143,Pisogne,2023,stranieri_nati_in_italia_minorenni,85
017144,Polaveno,2021,italiani,2320
017144,Polaveno,2021,italiani_acquisiti,67
017144,Polaveno,2021,italiani_acquisiti_nati_all_estero,56
017144,Polaveno,2021,italiani_acquisiti_nati_in_italia,11
017144,Polaveno,2021,italiani_acquisiti_nati_in_italia_minorenni,10
017144,Polaveno,2021,italiani_dalla_nascita,2253
017144,Polaveno,2021,italiani_dalla_nascita_nati_all_estero,20
017144,Polaveno,2021,italiani_dalla_nascita_nati_in_italia,2233
017144,Polaveno,2021,popolazione_residente,2464
017144,Polaveno,2021,stranieri,144
017144,Polaveno,2021,stranieri_nati_all_estero,120
017144,Polaveno,2021,stranieri_nati_in_italia,24
017144,Polaveno,2021,stranieri_nati_in_italia_minorenni,24
017144,Polaveno,2022,italiani,2329
017144,Polaveno,2022,italiani_acquisiti,81
017144,Polaveno,2022,italiani_acquisiti_nati_all_estero,70
017144,Polaveno,2022,italiani_acquisiti_nati_in_italia,11
017144,Polaveno,2022,italiani_acquisiti_nati_in_italia_minorenni,9
017144,Polaveno,2022,italiani_dalla_nascita,2248
017144,Polaveno,2022,italiani_dalla_nascita_nati_all_estero,20
017144,Polaveno,2022,italiani_dalla_nascita_nati_in_italia,2228
017144,Polaveno,2022,popolazione_residente,2458
017144,Polaveno,2022,stranieri,129
017144,Polaveno,2022,stranieri_nati_all_estero,107
017144,Polaveno,2022,stranieri_nati_in_italia,22
017144,Polaveno,2022,stranieri_nati_in_italia_minorenni,22
017144,Polaveno,2023,italiani,2334
017144,Polaveno,2023,italiani_acquisiti,83
017144,Polaveno,2023,italiani_acquisiti_nati_all_estero,72
017144,Polaveno,2023,italiani_acquisiti_nati_in_italia,11
017144,Polaveno,2023,italiani_acquisiti_nati_in_italia_minorenni,9
017144,Polaveno,2023,italiani_dalla_nascita,2251
017144,Polaveno,2023,italiani_dalla_nascita_nati_all_estero,22
017144,Polaveno,2023,italiani_dalla_nascita_nati_in_italia,2229
017144,Polaveno,2023,popolazione_residente,2477
017144,Polaveno,2023,stranieri,143
017144,Polaveno,2023,stranieri_nati_all_estero,117
017144,Polaveno,2023,stranieri_nati_in_italia,26
017144,Polaveno,2023,stranieri_nati_in_italia_minorenni,26
017145,Polpenazze del Garda,2021,italiani,2519
017145,Polpenazze del Garda,2021,italiani_acquisiti,74
017145,Polpenazze del Garda,2021,italiani_acquisiti_nati_all_estero,59
017145,Polpenazze del Garda,2021,italiani_acquisiti_nati_in_italia,15
017145,Polpenazze del Garda,2021,italiani_acquisiti_nati_in_italia_minorenni,9
017145,Polpenazze del Garda,2021,italiani_dalla_nascita,2445
017145,Polpenazze del Garda,2021,italiani_dalla_nascita_nati_all_estero,39
017145,Polpenazze del Garda,2021,italiani_dalla_nascita_nati_in_italia,2406
017145,Polpenazze del Garda,2021,popolazione_residente,2705
017145,Polpenazze del Garda,2021,stranieri,186
017145,Polpenazze del Garda,2021,stranieri_nati_all_estero,173
017145,Polpenazze del Garda,2021,stranieri_nati_in_italia,13
017145,Polpenazze del Garda,2021,stranieri_nati_in_italia_minorenni,13
017145,Polpenazze del Garda,2022,italiani,2535
017145,Polpenazze del Garda,2022,italiani_acquisiti,88
017145,Polpenazze del Garda,2022,italiani_acquisiti_nati_all_estero,67
017145,Polpenazze del Garda,2022,italiani_acquisiti_nati_in_italia,21
017145,Polpenazze del Garda,2022,italiani_acquisiti_nati_in_italia_minorenni,15
017145,Polpenazze del Garda,2022,italiani_dalla_nascita,2447
017145,Polpenazze del Garda,2022,italiani_dalla_nascita_nati_all_estero,44
017145,Polpenazze del Garda,2022,italiani_dalla_nascita_nati_in_italia,2403
017145,Polpenazze del Garda,2022,popolazione_residente,2729
017145,Polpenazze del Garda,2022,stranieri,194
017145,Polpenazze del Garda,2022,stranieri_nati_all_estero,179
017145,Polpenazze del Garda,2022,stranieri_nati_in_italia,15
017145,Polpenazze del Garda,2022,stranieri_nati_in_italia_minorenni,14
017145,Polpenazze del Garda,2023,italiani,2538
017145,Polpenazze del Garda,2023,italiani_acquisiti,90
017145,Polpenazze del Garda,2023,italiani_acquisiti_nati_all_estero,69
017145,Polpenazze del Garda,2023,italiani_acquisiti_nati_in_italia,21
017145,Polpenazze del Garda,2023,italiani_acquisiti_nati_in_italia_minorenni,15
017145,Polpenazze del Garda,2023,italiani_dalla_nascita,2448
017145,Polpenazze del Garda,2023,italiani_dalla_nascita_nati_all_estero,40
017145,Polpenazze del Garda,2023,italiani_dalla_nascita_nati_in_italia,2408
017145,Polpenazze del Garda,2023,popolazione_residente,2736
017145,Polpenazze del Garda,2023,stranieri,198
017145,Polpenazze del Garda,2023,stranieri_nati_all_estero,184
017145,Polpenazze del Garda,2023,stranieri_nati_in_italia,14
017145,Polpenazze del Garda,2023,stranieri_nati_in_italia_minorenni,14
017146,Pompiano,2021,italiani,3292
017146,Pompiano,2021,italiani_acquisiti,261
017146,Pompiano,2021,italiani_acquisiti_nati_all_estero,156
017146,Pompiano,2021,italiani_acquisiti_nati_in_italia,105
017146,Pompiano,2021,italiani_acquisiti_nati_in_italia_minorenni,89
017146,Pompiano,2021,italiani_dalla_nascita,3031
017146,Pompiano,2021,italiani_dalla_nascita_nati_all_estero,16
017146,Pompiano,2021,italiani_dalla_nascita_nati_in_italia,3015
017146,Pompiano,2021,popolazione_residente,3744
017146,Pompiano,2021,stranieri,452
017146,Pompiano,2021,stranieri_nati_all_estero,355
017146,Pompiano,2021,stranieri_nati_in_italia,97
017146,Pompiano,2021,stranieri_nati_in_italia_minorenni,94
017146,Pompiano,2022,italiani,3276
017146,Pompiano,2022,italiani_acquisiti,285
017146,Pompiano,2022,italiani_acquisiti_nati_all_estero,168
017146,Pompiano,2022,italiani_acquisiti_nati_in_italia,117
017146,Pompiano,2022,italiani_acquisiti_nati_in_italia_minorenni,94
017146,Pompiano,2022,italiani_dalla_nascita,2991
017146,Pompiano,2022,italiani_dalla_nascita_nati_all_estero,19
017146,Pompiano,2022,italiani_dalla_nascita_nati_in_italia,2972
017146,Pompiano,2022,popolazione_residente,3711
017146,Pompiano,2022,stranieri,435
017146,Pompiano,2022,stranieri_nati_all_estero,353
017146,Pompiano,2022,stranieri_nati_in_italia,82
017146,Pompiano,2022,stranieri_nati_in_italia_minorenni,76
017146,Pompiano,2023,italiani,3255
017146,Pompiano,2023,italiani_acquisiti,291
017146,Pompiano,2023,italiani_acquisiti_nati_all_estero,175
017146,Pompiano,2023,italiani_acquisiti_nati_in_italia,116
017146,Pompiano,2023,italiani_acquisiti_nati_in_italia_minorenni,87
017146,Pompiano,2023,italiani_dalla_nascita,2964
017146,Pompiano,2023,italiani_dalla_nascita_nati_all_estero,18
017146,Pompiano,2023,italiani_dalla_nascita_nati_in_italia,2946
017146,Pompiano,2023,popolazione_residente,3703
017146,Pompiano,2023,stranieri,448
017146,Pompiano,2023,stranieri_nati_all_estero,363
017146,Pompiano,2023,stranieri_nati_in_italia,85
017146,Pompiano,2023,stranieri_nati_in_italia_minorenni,79
017147,Poncarale,2021,italiani,4758
017147,Poncarale,2021,italiani_acquisiti,155
017147,Poncarale,2021,italiani_acquisiti_nati_all_estero,108
017147,Poncarale,2021,italiani_acquisiti_nati_in_italia,47
017147,Poncarale,2021,italiani_acquisiti_nati_in_italia_minorenni,39
017147,Poncarale,2021,italiani_dalla_nascita,4603
017147,Poncarale,2021,italiani_dalla_nascita_nati_all_estero,38
017147,Poncarale,2021,italiani_dalla_nascita_nati_in_italia,4565
017147,Poncarale,2021,popolazione_residente,5161
017147,Poncarale,2021,stranieri,403
017147,Poncarale,2021,stranieri_nati_all_estero,342
017147,Poncarale,2021,stranieri_nati_in_italia,61
017147,Poncarale,2021,stranieri_nati_in_italia_minorenni,58
017147,Poncarale,2022,italiani,4793
017147,Poncarale,2022,italiani_acquisiti,186
017147,Poncarale,2022,italiani_acquisiti_nati_all_estero,133
017147,Poncarale,2022,italiani_acquisiti_nati_in_italia,53
017147,Poncarale,2022,italiani_acquisiti_nati_in_italia_minorenni,42
017147,Poncarale,2022,italiani_dalla_nascita,4607
017147,Poncarale,2022,italiani_dalla_nascita_nati_all_estero,40
017147,Poncarale,2022,italiani_dalla_nascita_nati_in_italia,4567
017147,Poncarale,2022,popolazione_residente,5184
017147,Poncarale,2022,stranieri,391
017147,Poncarale,2022,stranieri_nati_all_estero,338
017147,Poncarale,2022,stranieri_nati_in_italia,53
017147,Poncarale,2022,stranieri_nati_in_italia_minorenni,51
017147,Poncarale,2023,italiani,4761
017147,Poncarale,2023,italiani_acquisiti,198
017147,Poncarale,2023,italiani_acquisiti_nati_all_estero,142
017147,Poncarale,2023,italiani_acquisiti_nati_in_italia,56
017147,Poncarale,2023,italiani_acquisiti_nati_in_italia_minorenni,43
017147,Poncarale,2023,italiani_dalla_nascita,4563
017147,Poncarale,2023,italiani_dalla_nascita_nati_all_estero,42
017147,Poncarale,2023,italiani_dalla_nascita_nati_in_italia,4521
017147,Poncarale,2023,popolazione_residente,5184
017147,Poncarale,2023,stranieri,423
017147,Poncarale,2023,stranieri_nati_all_estero,358
017147,Poncarale,2023,stranieri_nati_in_italia,65
017147,Poncarale,2023,stranieri_nati_in_italia_minorenni,63
017148,Ponte di Legno,2021,italiani,1676
017148,Ponte di Legno,2021,italiani_acquisiti,28
017148,Ponte di Legno,2021,italiani_acquisiti_nati_all_estero,26
017148,Ponte di Legno,2021,italiani_acquisiti_nati_in_italia,2
017148,Ponte di Legno,2021,italiani_acquisiti_nati_in_italia_minorenni,1
017148,Ponte di Legno,2021,italiani_dalla_nascita,1648
017148,Ponte di Legno,2021,italiani_dalla_nascita_nati_all_estero,12
017148,Ponte di Legno,2021,italiani_dalla_nascita_nati_in_italia,1636
017148,Ponte di Legno,2021,popolazione_residente,1747
017148,Ponte di Legno,2021,stranieri,71
017148,Ponte di Legno,2021,stranieri_nati_all_estero,57
017148,Ponte di Legno,2021,stranieri_nati_in_italia,14
017148,Ponte di Legno,2021,stranieri_nati_in_italia_minorenni,14
017148,Ponte di Legno,2022,italiani,1671
017148,Ponte di Legno,2022,italiani_acquisiti,31
017148,Ponte di Legno,2022,italiani_acquisiti_nati_all_estero,28
017148,Ponte di Legno,2022,italiani_acquisiti_nati_in_italia,3
017148,Ponte di Legno,2022,italiani_acquisiti_nati_in_italia_minorenni,2
017148,Ponte di Legno,2022,italiani_dalla_nascita,1640
017148,Ponte di Legno,2022,italiani_dalla_nascita_nati_all_estero,14
017148,Ponte di Legno,2022,italiani_dalla_nascita_nati_in_italia,1626
017148,Ponte di Legno,2022,popolazione_residente,1739
017148,Ponte di Legno,2022,stranieri,68
017148,Ponte di Legno,2022,stranieri_nati_all_estero,57
017148,Ponte di Legno,2022,stranieri_nati_in_italia,11
017148,Ponte di Legno,2022,stranieri_nati_in_italia_minorenni,11
017148,Ponte di Legno,2023,italiani,1677
017148,Ponte di Legno,2023,italiani_acquisiti,36
017148,Ponte di Legno,2023,italiani_acquisiti_nati_all_estero,32
017148,Ponte di Legno,2023,italiani_acquisiti_nati_in_italia,4
017148,Ponte di Legno,2023,italiani_acquisiti_nati_in_italia_minorenni,2
017148,Ponte di Legno,2023,italiani_dalla_nascita,1641
017148,Ponte di Legno,2023,italiani_dalla_nascita_nati_all_estero,15
017148,Ponte di Legno,2023,italiani_dalla_nascita_nati_in_italia,1626
017148,Ponte di Legno,2023,popolazione_residente,1751
017148,Ponte di Legno,2023,stranieri,74
017148,Ponte di Legno,2023,stranieri_nati_all_estero,65
017148,Ponte di Legno,2023,stranieri_nati_in_italia,9
017148,Ponte di Legno,2023,stranieri_nati_in_italia_minorenni,9
017149,Pontevico,2021,italiani,6179
017149,Pontevico,2021,italiani_acquisiti,453
017149,Pontevico,2021,italiani_acquisiti_nati_all_estero,299
017149,Pontevico,2021,italiani_acquisiti_nati_in_italia,154
017149,Pontevico,2021,italiani_acquisiti_nati_in_italia_minorenni,103
017149,Pontevico,2021,italiani_dalla_nascita,5726
017149,Pontevico,2021,italiani_dalla_nascita_nati_all_estero,56
017149,Pontevico,2021,italiani_dalla_nascita_nati_in_italia,5670
017149,Pontevico,2021,popolazione_residente,6991
017149,Pontevico,2021,stranieri,812
017149,Pontevico,2021,stranieri_nati_all_estero,655
017149,Pontevico,2021,stranieri_nati_in_italia,157
017149,Pontevico,2021,stranieri_nati_in_italia_minorenni,151
017149,Pontevico,2022,italiani,6232
017149,Pontevico,2022,italiani_acquisiti,529
017149,Pontevico,2022,italiani_acquisiti_nati_all_estero,345
017149,Pontevico,2022,italiani_acquisiti_nati_in_italia,184
017149,Pontevico,2022,italiani_acquisiti_nati_in_italia_minorenni,119
017149,Pontevico,2022,italiani_dalla_nascita,5703
017149,Pontevico,2022,italiani_dalla_nascita_nati_all_estero,52
017149,Pontevico,2022,italiani_dalla_nascita_nati_in_italia,5651
017149,Pontevico,2022,popolazione_residente,7001
017149,Pontevico,2022,stranieri,769
017149,Pontevico,2022,stranieri_nati_all_estero,633
017149,Pontevico,2022,stranieri_nati_in_italia,136
017149,Pontevico,2022,stranieri_nati_in_italia_minorenni,130
017149,Pontevico,2023,italiani,6201
017149,Pontevico,2023,italiani_acquisiti,587
017149,Pontevico,2023,italiani_acquisiti_nati_all_estero,381
017149,Pontevico,2023,italiani_acquisiti_nati_in_italia,206
017149,Pontevico,2023,italiani_acquisiti_nati_in_italia_minorenni,133
017149,Pontevico,2023,italiani_dalla_nascita,5614
017149,Pontevico,2023,italiani_dalla_nascita_nati_all_estero,51
017149,Pontevico,2023,italiani_dalla_nascita_nati_in_italia,5563
017149,Pontevico,2023,popolazione_residente,7019
017149,Pontevico,2023,stranieri,818
017149,Pontevico,2023,stranieri_nati_all_estero,670
017149,Pontevico,2023,stranieri_nati_in_italia,148
017149,Pontevico,2023,stranieri_nati_in_italia_minorenni,140
017150,Pontoglio,2021,italiani,5763
017150,Pontoglio,2021,italiani_acquisiti,421
017150,Pontoglio,2021,italiani_acquisiti_nati_all_estero,258
017150,Pontoglio,2021,italiani_acquisiti_nati_in_italia,163
017150,Pontoglio,2021,italiani_acquisiti_nati_in_italia_minorenni,126
017150,Pontoglio,2021,italiani_dalla_nascita,5342
017150,Pontoglio,2021,italiani_dalla_nascita_nati_all_estero,33
017150,Pontoglio,2021,italiani_dalla_nascita_nati_in_italia,5309
017150,Pontoglio,2021,popolazione_residente,6902
017150,Pontoglio,2021,stranieri,1139
017150,Pontoglio,2021,stranieri_nati_all_estero,838
017150,Pontoglio,2021,stranieri_nati_in_italia,301
017150,Pontoglio,2021,stranieri_nati_in_italia_minorenni,290
017150,Pontoglio,2022,italiani,5805
017150,Pontoglio,2022,italiani_acquisiti,513
017150,Pontoglio,2022,italiani_acquisiti_nati_all_estero,323
017150,Pontoglio,2022,italiani_acquisiti_nati_in_italia,190
017150,Pontoglio,2022,italiani_acquisiti_nati_in_italia_minorenni,142
017150,Pontoglio,2022,italiani_dalla_nascita,5292
017150,Pontoglio,2022,italiani_dalla_nascita_nati_all_estero,37
017150,Pontoglio,2022,italiani_dalla_nascita_nati_in_italia,5255
017150,Pontoglio,2022,popolazione_residente,6949
017150,Pontoglio,2022,stranieri,1144
017150,Pontoglio,2022,stranieri_nati_all_estero,842
017150,Pontoglio,2022,stranieri_nati_in_italia,302
017150,Pontoglio,2022,stranieri_nati_in_italia_minorenni,282
017150,Pontoglio,2023,italiani,5848
017150,Pontoglio,2023,italiani_acquisiti,585
017150,Pontoglio,2023,italiani_acquisiti_nati_all_estero,355
017150,Pontoglio,2023,italiani_acquisiti_nati_in_italia,230
017150,Pontoglio,2023,italiani_acquisiti_nati_in_italia_minorenni,169
017150,Pontoglio,2023,italiani_dalla_nascita,5263
017150,Pontoglio,2023,italiani_dalla_nascita_nati_all_estero,42
017150,Pontoglio,2023,italiani_dalla_nascita_nati_in_italia,5221
017150,Pontoglio,2023,popolazione_residente,6999
017150,Pontoglio,2023,stranieri,1151
017150,Pontoglio,2023,stranieri_nati_all_estero,868
017150,Pontoglio,2023,stranieri_nati_in_italia,283
017150,Pontoglio,2023,stranieri_nati_in_italia_minorenni,255
017151,Pozzolengo,2021,italiani,3254
017151,Pozzolengo,2021,italiani_acquisiti,138
017151,Pozzolengo,2021,italiani_acquisiti_nati_all_estero,101
017151,Pozzolengo,2021,italiani_acquisiti_nati_in_italia,37
017151,Pozzolengo,2021,italiani_acquisiti_nati_in_italia_minorenni,21
017151,Pozzolengo,2021,italiani_dalla_nascita,3116
017151,Pozzolengo,2021,italiani_dalla_nascita_nati_all_estero,48
017151,Pozzolengo,2021,italiani_dalla_nascita_nati_in_italia,3068
017151,Pozzolengo,2021,popolazione_residente,3556
017151,Pozzolengo,2021,stranieri,302
017151,Pozzolengo,2021,stranieri_nati_all_estero,249
017151,Pozzolengo,2021,stranieri_nati_in_italia,53
017151,Pozzolengo,2021,stranieri_nati_in_italia_minorenni,51
017151,Pozzolengo,2022,italiani,3297
017151,Pozzolengo,2022,italiani_acquisiti,156
017151,Pozzolengo,2022,italiani_acquisiti_nati_all_estero,112
017151,Pozzolengo,2022,italiani_acquisiti_nati_in_italia,44
017151,Pozzolengo,2022,italiani_acquisiti_nati_in_italia_minorenni,22
017151,Pozzolengo,2022,italiani_dalla_nascita,3141
017151,Pozzolengo,2022,italiani_dalla_nascita_nati_all_estero,61
017151,Pozzolengo,2022,italiani_dalla_nascita_nati_in_italia,3080
017151,Pozzolengo,2022,popolazione_residente,3584
017151,Pozzolengo,2022,stranieri,287
017151,Pozzolengo,2022,stranieri_nati_all_estero,239
017151,Pozzolengo,2022,stranieri_nati_in_italia,48
017151,Pozzolengo,2022,stranieri_nati_in_italia_minorenni,47
017151,Pozzolengo,2023,italiani,3302
017151,Pozzolengo,2023,italiani_acquisiti,159
017151,Pozzolengo,2023,italiani_acquisiti_nati_all_estero,116
017151,Pozzolengo,2023,italiani_acquisiti_nati_in_italia,43
017151,Pozzolengo,2023,italiani_acquisiti_nati_in_italia_minorenni,20
017151,Pozzolengo,2023,italiani_dalla_nascita,3143
017151,Pozzolengo,2023,italiani_dalla_nascita_nati_all_estero,62
017151,Pozzolengo,2023,italiani_dalla_nascita_nati_in_italia,3081
017151,Pozzolengo,2023,popolazione_residente,3579
017151,Pozzolengo,2023,stranieri,277
017151,Pozzolengo,2023,stranieri_nati_all_estero,232
017151,Pozzolengo,2023,stranieri_nati_in_italia,45
017151,Pozzolengo,2023,stranieri_nati_in_italia_minorenni,43
017152,Pralboino,2021,italiani,2373
017152,Pralboino,2021,italiani_acquisiti,242
017152,Pralboino,2021,italiani_acquisiti_nati_all_estero,153
017152,Pralboino,2021,italiani_acquisiti_nati_in_italia,89
017152,Pralboino,2021,italiani_acquisiti_nati_in_italia_minorenni,69
017152,Pralboino,2021,italiani_dalla_nascita,2131
017152,Pralboino,2021,italiani_dalla_nascita_nati_all_estero,20
017152,Pralboino,2021,italiani_dalla_nascita_nati_in_italia,2111
017152,Pralboino,2021,popolazione_residente,2803
017152,Pralboino,2021,stranieri,430
017152,Pralboino,2021,stranieri_nati_all_estero,351
017152,Pralboino,2021,stranieri_nati_in_italia,79
017152,Pralboino,2021,stranieri_nati_in_italia_minorenni,74
017152,Pralboino,2022,italiani,2367
017152,Pralboino,2022,italiani_acquisiti,284
017152,Pralboino,2022,italiani_acquisiti_nati_all_estero,179
017152,Pralboino,2022,italiani_acquisiti_nati_in_italia,105
017152,Pralboino,2022,italiani_acquisiti_nati_in_italia_minorenni,86
017152,Pralboino,2022,italiani_dalla_nascita,2083
017152,Pralboino,2022,italiani_dalla_nascita_nati_all_estero,23
017152,Pralboino,2022,italiani_dalla_nascita_nati_in_italia,2060
017152,Pralboino,2022,popolazione_residente,2798
017152,Pralboino,2022,stranieri,431
017152,Pralboino,2022,stranieri_nati_all_estero,369
017152,Pralboino,2022,stranieri_nati_in_italia,62
017152,Pralboino,2022,stranieri_nati_in_italia_minorenni,56
017152,Pralboino,2023,italiani,2360
017152,Pralboino,2023,italiani_acquisiti,304
017152,Pralboino,2023,italiani_acquisiti_nati_all_estero,192
017152,Pralboino,2023,italiani_acquisiti_nati_in_italia,112
017152,Pralboino,2023,italiani_acquisiti_nati_in_italia_minorenni,87
017152,Pralboino,2023,italiani_dalla_nascita,2056
017152,Pralboino,2023,italiani_dalla_nascita_nati_all_estero,21
017152,Pralboino,2023,italiani_dalla_nascita_nati_in_italia,2035
017152,Pralboino,2023,popolazione_residente,2813
017152,Pralboino,2023,stranieri,453
017152,Pralboino,2023,stranieri_nati_all_estero,385
017152,Pralboino,2023,stranieri_nati_in_italia,68
017152,Pralboino,2023,stranieri_nati_in_italia_minorenni,62
017153,Preseglie,2021,italiani,1363
017153,Preseglie,2021,italiani_acquisiti,45
017153,Preseglie,2021,italiani_acquisiti_nati_all_estero,31
017153,Preseglie,2021,italiani_acquisiti_nati_in_italia,14
017153,Preseglie,2021,italiani_acquisiti_nati_in_italia_minorenni,11
017153,Preseglie,2021,italiani_dalla_nascita,1318
017153,Preseglie,2021,italiani_dalla_nascita_nati_all_estero,9
017153,Preseglie,2021,italiani_dalla_nascita_nati_in_italia,1309
017153,Preseglie,2021,popolazione_residente,1465
017153,Preseglie,2021,stranieri,102
017153,Preseglie,2021,stranieri_nati_all_estero,74
017153,Preseglie,2021,stranieri_nati_in_italia,28
017153,Preseglie,2021,stranieri_nati_in_italia_minorenni,26
017153,Preseglie,2022,italiani,1376
017153,Preseglie,2022,italiani_acquisiti,61
017153,Preseglie,2022,italiani_acquisiti_nati_all_estero,37
017153,Preseglie,2022,italiani_acquisiti_nati_in_italia,24
017153,Preseglie,2022,italiani_acquisiti_nati_in_italia_minorenni,21
017153,Preseglie,2022,italiani_dalla_nascita,1315
017153,Preseglie,2022,italiani_dalla_nascita_nati_all_estero,10
017153,Preseglie,2022,italiani_dalla_nascita_nati_in_italia,1305
017153,Preseglie,2022,popolazione_residente,1476
017153,Preseglie,2022,stranieri,100
017153,Preseglie,2022,stranieri_nati_all_estero,79
017153,Preseglie,2022,stranieri_nati_in_italia,21
017153,Preseglie,2022,stranieri_nati_in_italia_minorenni,20
017153,Preseglie,2023,italiani,1364
017153,Preseglie,2023,italiani_acquisiti,58
017153,Preseglie,2023,italiani_acquisiti_nati_all_estero,37
017153,Preseglie,2023,italiani_acquisiti_nati_in_italia,21
017153,Preseglie,2023,italiani_acquisiti_nati_in_italia_minorenni,17
017153,Preseglie,2023,italiani_dalla_nascita,1306
017153,Preseglie,2023,italiani_dalla_nascita_nati_all_estero,10
017153,Preseglie,2023,italiani_dalla_nascita_nati_in_italia,1296
017153,Preseglie,2023,popolazione_residente,1460
017153,Preseglie,2023,stranieri,96
017153,Preseglie,2023,stranieri_nati_all_estero,74
017153,Preseglie,2023,stranieri_nati_in_italia,22
017153,Preseglie,2023,stranieri_nati_in_italia_minorenni,21
017155,Prevalle,2021,italiani,5762
017155,Prevalle,2021,italiani_acquisiti,596
017155,Prevalle,2021,italiani_acquisiti_nati_all_estero,379
017155,Prevalle,2021,italiani_acquisiti_nati_in_italia,217
017155,Prevalle,2021,italiani_acquisiti_nati_in_italia_minorenni,158
017155,Prevalle,2021,italiani_dalla_nascita,5166
017155,Prevalle,2021,italiani_dalla_nascita_nati_all_estero,99
017155,Prevalle,2021,italiani_dalla_nascita_nati_in_italia,5067
017155,Prevalle,2021,popolazione_residente,6815
017155,Prevalle,2021,stranieri,1053
017155,Prevalle,2021,stranieri_nati_all_estero,845
017155,Prevalle,2021,stranieri_nati_in_italia,208
017155,Prevalle,2021,stranieri_nati_in_italia_minorenni,198
017155,Prevalle,2022,italiani,5792
017155,Prevalle,2022,italiani_acquisiti,642
017155,Prevalle,2022,italiani_acquisiti_nati_all_estero,413
017155,Prevalle,2022,italiani_acquisiti_nati_in_italia,229
017155,Prevalle,2022,italiani_acquisiti_nati_in_italia_minorenni,161
017155,Prevalle,2022,italiani_dalla_nascita,5150
017155,Prevalle,2022,italiani_dalla_nascita_nati_all_estero,103
017155,Prevalle,2022,italiani_dalla_nascita_nati_in_italia,5047
017155,Prevalle,2022,popolazione_residente,6801
017155,Prevalle,2022,stranieri,1009
017155,Prevalle,2022,stranieri_nati_all_estero,821
017155,Prevalle,2022,stranieri_nati_in_italia,188
017155,Prevalle,2022,stranieri_nati_in_italia_minorenni,174
017155,Prevalle,2023,italiani,5842
017155,Prevalle,2023,italiani_acquisiti,692
017155,Prevalle,2023,italiani_acquisiti_nati_all_estero,438
017155,Prevalle,2023,italiani_acquisiti_nati_in_italia,254
017155,Prevalle,2023,italiani_acquisiti_nati_in_italia_minorenni,164
017155,Prevalle,2023,italiani_dalla_nascita,5150
017155,Prevalle,2023,italiani_dalla_nascita_nati_all_estero,112
017155,Prevalle,2023,italiani_dalla_nascita_nati_in_italia,5038
017155,Prevalle,2023,popolazione_residente,6872
017155,Prevalle,2023,stranieri,1030
017155,Prevalle,2023,stranieri_nati_all_estero,848
017155,Prevalle,2023,stranieri_nati_in_italia,182
017155,Prevalle,2023,stranieri_nati_in_italia_minorenni,168
017156,Provaglio d'Iseo,2021,italiani,6632
017156,Provaglio d'Iseo,2021,italiani_acquisiti,222
017156,Provaglio d'Iseo,2021,italiani_acquisiti_nati_all_estero,152
017156,Provaglio d'Iseo,2021,italiani_acquisiti_nati_in_italia,70
017156,Provaglio d'Iseo,2021,italiani_acquisiti_nati_in_italia_minorenni,58
017156,Provaglio d'Iseo,2021,italiani_dalla_nascita,6410
017156,Provaglio d'Iseo,2021,italiani_dalla_nascita_nati_all_estero,76
017156,Provaglio d'Iseo,2021,italiani_dalla_nascita_nati_in_italia,6334
017156,Provaglio d'Iseo,2021,popolazione_residente,7161
017156,Provaglio d'Iseo,2021,stranieri,529
017156,Provaglio d'Iseo,2021,stranieri_nati_all_estero,412
017156,Provaglio d'Iseo,2021,stranieri_nati_in_italia,117
017156,Provaglio d'Iseo,2021,stranieri_nati_in_italia_minorenni,110
017156,Provaglio d'Iseo,2022,italiani,6636
017156,Provaglio d'Iseo,2022,italiani_acquisiti,269
017156,Provaglio d'Iseo,2022,italiani_acquisiti_nati_all_estero,189
017156,Provaglio d'Iseo,2022,italiani_acquisiti_nati_in_italia,80
017156,Provaglio d'Iseo,2022,italiani_acquisiti_nati_in_italia_minorenni,65
017156,Provaglio d'Iseo,2022,italiani_dalla_nascita,6367
017156,Provaglio d'Iseo,2022,italiani_dalla_nascita_nati_all_estero,75
017156,Provaglio d'Iseo,2022,italiani_dalla_nascita_nati_in_italia,6292
017156,Provaglio d'Iseo,2022,popolazione_residente,7139
017156,Provaglio d'Iseo,2022,stranieri,503
017156,Provaglio d'Iseo,2022,stranieri_nati_all_estero,400
017156,Provaglio d'Iseo,2022,stranieri_nati_in_italia,103
017156,Provaglio d'Iseo,2022,stranieri_nati_in_italia_minorenni,93
017156,Provaglio d'Iseo,2023,italiani,6606
017156,Provaglio d'Iseo,2023,italiani_acquisiti,270
017156,Provaglio d'Iseo,2023,italiani_acquisiti_nati_all_estero,190
017156,Provaglio d'Iseo,2023,italiani_acquisiti_nati_in_italia,80
017156,Provaglio d'Iseo,2023,italiani_acquisiti_nati_in_italia_minorenni,56
017156,Provaglio d'Iseo,2023,italiani_dalla_nascita,6336
017156,Provaglio d'Iseo,2023,italiani_dalla_nascita_nati_all_estero,73
017156,Provaglio d'Iseo,2023,italiani_dalla_nascita_nati_in_italia,6263
017156,Provaglio d'Iseo,2023,popolazione_residente,7088
017156,Provaglio d'Iseo,2023,stranieri,482
017156,Provaglio d'Iseo,2023,stranieri_nati_all_estero,387
017156,Provaglio d'Iseo,2023,stranieri_nati_in_italia,95
017156,Provaglio d'Iseo,2023,stranieri_nati_in_italia_minorenni,87
017157,Provaglio Val Sabbia,2021,italiani,865
017157,Provaglio Val Sabbia,2021,italiani_acquisiti,25
017157,Provaglio Val Sabbia,2021,italiani_acquisiti_nati_all_estero,17
017157,Provaglio Val Sabbia,2021,italiani_acquisiti_nati_in_italia,8
017157,Provaglio Val Sabbia,2021,italiani_acquisiti_nati_in_italia_minorenni,6
017157,Provaglio Val Sabbia,2021,italiani_dalla_nascita,840
017157,Provaglio Val Sabbia,2021,italiani_dalla_nascita_nati_all_estero,7
017157,Provaglio Val Sabbia,2021,italiani_dalla_nascita_nati_in_italia,833
017157,Provaglio Val Sabbia,2021,popolazione_residente,884
017157,Provaglio Val Sabbia,2021,stranieri,19
017157,Provaglio Val Sabbia,2021,stranieri_nati_all_estero,16
017157,Provaglio Val Sabbia,2021,stranieri_nati_in_italia,3
017157,Provaglio Val Sabbia,2021,stranieri_nati_in_italia_minorenni,3
017157,Provaglio Val Sabbia,2022,italiani,856
017157,Provaglio Val Sabbia,2022,italiani_acquisiti,27
017157,Provaglio Val Sabbia,2022,italiani_acquisiti_nati_all_estero,20
017157,Provaglio Val Sabbia,2022,italiani_acquisiti_nati_in_italia,7
017157,Provaglio Val Sabbia,2022,italiani_acquisiti_nati_in_italia_minorenni,6
017157,Provaglio Val Sabbia,2022,italiani_dalla_nascita,829
017157,Provaglio Val Sabbia,2022,italiani_dalla_nascita_nati_all_estero,6
017157,Provaglio Val Sabbia,2022,italiani_dalla_nascita_nati_in_italia,823
017157,Provaglio Val Sabbia,2022,popolazione_residente,872
017157,Provaglio Val Sabbia,2022,stranieri,16
017157,Provaglio Val Sabbia,2022,stranieri_nati_all_estero,13
017157,Provaglio Val Sabbia,2022,stranieri_nati_in_italia,3
017157,Provaglio Val Sabbia,2022,stranieri_nati_in_italia_minorenni,3
017157,Provaglio Val Sabbia,2023,italiani,844
017157,Provaglio Val Sabbia,2023,italiani_acquisiti,26
017157,Provaglio Val Sabbia,2023,italiani_acquisiti_nati_all_estero,19
017157,Provaglio Val Sabbia,2023,italiani_acquisiti_nati_in_italia,7
017157,Provaglio Val Sabbia,2023,italiani_acquisiti_nati_in_italia_minorenni,6
017157,Provaglio Val Sabbia,2023,italiani_dalla_nascita,818
017157,Provaglio Val Sabbia,2023,italiani_dalla_nascita_nati_all_estero,8
017157,Provaglio Val Sabbia,2023,italiani_dalla_nascita_nati_in_italia,810
017157,Provaglio Val Sabbia,2023,popolazione_residente,860
017157,Provaglio Val Sabbia,2023,stranieri,16
017157,Provaglio Val Sabbia,2023,stranieri_nati_all_estero,13
017157,Provaglio Val Sabbia,2023,stranieri_nati_in_italia,3
017157,Provaglio Val Sabbia,2023,stranieri_nati_in_italia_minorenni,3
017158,Puegnago del Garda,2021,italiani,3207
017158,Puegnago del Garda,2021,italiani_acquisiti,104
017158,Puegnago del Garda,2021,italiani_acquisiti_nati_all_estero,87
017158,Puegnago del Garda,2021,italiani_acquisiti_nati_in_italia,17
017158,Puegnago del Garda,2021,italiani_acquisiti_nati_in_italia_minorenni,7
017158,Puegnago del Garda,2021,italiani_dalla_nascita,3103
017158,Puegnago del Garda,2021,italiani_dalla_nascita_nati_all_estero,37
017158,Puegnago del Garda,2021,italiani_dalla_nascita_nati_in_italia,3066
017158,Puegnago del Garda,2021,popolazione_residente,3464
017158,Puegnago del Garda,2021,stranieri,257
017158,Puegnago del Garda,2021,stranieri_nati_all_estero,207
017158,Puegnago del Garda,2021,stranieri_nati_in_italia,50
017158,Puegnago del Garda,2021,stranieri_nati_in_italia_minorenni,46
017158,Puegnago del Garda,2022,italiani,3223
017158,Puegnago del Garda,2022,italiani_acquisiti,130
017158,Puegnago del Garda,2022,italiani_acquisiti_nati_all_estero,103
017158,Puegnago del Garda,2022,italiani_acquisiti_nati_in_italia,27
017158,Puegnago del Garda,2022,italiani_acquisiti_nati_in_italia_minorenni,14
017158,Puegnago del Garda,2022,italiani_dalla_nascita,3093
017158,Puegnago del Garda,2022,italiani_dalla_nascita_nati_all_estero,37
017158,Puegnago del Garda,2022,italiani_dalla_nascita_nati_in_italia,3056
017158,Puegnago del Garda,2022,popolazione_residente,3454
017158,Puegnago del Garda,2022,stranieri,231
017158,Puegnago del Garda,2022,stranieri_nati_all_estero,194
017158,Puegnago del Garda,2022,stranieri_nati_in_italia,37
017158,Puegnago del Garda,2022,stranieri_nati_in_italia_minorenni,34
017158,Puegnago del Garda,2023,italiani,3219
017158,Puegnago del Garda,2023,italiani_acquisiti,140
017158,Puegnago del Garda,2023,italiani_acquisiti_nati_all_estero,109
017158,Puegnago del Garda,2023,italiani_acquisiti_nati_in_italia,31
017158,Puegnago del Garda,2023,italiani_acquisiti_nati_in_italia_minorenni,15
017158,Puegnago del Garda,2023,italiani_dalla_nascita,3079
017158,Puegnago del Garda,2023,italiani_dalla_nascita_nati_all_estero,36
017158,Puegnago del Garda,2023,italiani_dalla_nascita_nati_in_italia,3043
017158,Puegnago del Garda,2023,popolazione_residente,3465
017158,Puegnago del Garda,2023,stranieri,246
017158,Puegnago del Garda,2023,stranieri_nati_all_estero,208
017158,Puegnago del Garda,2023,stranieri_nati_in_italia,38
017158,Puegnago del Garda,2023,stranieri_nati_in_italia_minorenni,34
017159,Quinzano d'Oglio,2021,italiani,5403
017159,Quinzano d'Oglio,2021,italiani_acquisiti,388
017159,Quinzano d'Oglio,2021,italiani_acquisiti_nati_all_estero,262
017159,Quinzano d'Oglio,2021,italiani_acquisiti_nati_in_italia,126
017159,Quinzano d'Oglio,2021,italiani_acquisiti_nati_in_italia_minorenni,79
017159,Quinzano d'Oglio,2021,italiani_dalla_nascita,5015
017159,Quinzano d'Oglio,2021,italiani_dalla_nascita_nati_all_estero,40
017159,Quinzano d'Oglio,2021,italiani_dalla_nascita_nati_in_italia,4975
017159,Quinzano d'Oglio,2021,popolazione_residente,6177
017159,Quinzano d'Oglio,2021,stranieri,774
017159,Quinzano d'Oglio,2021,stranieri_nati_all_estero,651
017159,Quinzano d'Oglio,2021,stranieri_nati_in_italia,123
017159,Quinzano d'Oglio,2021,stranieri_nati_in_italia_minorenni,117
017159,Quinzano d'Oglio,2022,italiani,5420
017159,Quinzano d'Oglio,2022,italiani_acquisiti,433
017159,Quinzano d'Oglio,2022,italiani_acquisiti_nati_all_estero,292
017159,Quinzano d'Oglio,2022,italiani_acquisiti_nati_in_italia,141
017159,Quinzano d'Oglio,2022,italiani_acquisiti_nati_in_italia_minorenni,89
017159,Quinzano d'Oglio,2022,italiani_dalla_nascita,4987
017159,Quinzano d'Oglio,2022,italiani_dalla_nascita_nati_all_estero,43
017159,Quinzano d'Oglio,2022,italiani_dalla_nascita_nati_in_italia,4944
017159,Quinzano d'Oglio,2022,popolazione_residente,6211
017159,Quinzano d'Oglio,2022,stranieri,791
017159,Quinzano d'Oglio,2022,stranieri_nati_all_estero,671
017159,Quinzano d'Oglio,2022,stranieri_nati_in_italia,120
017159,Quinzano d'Oglio,2022,stranieri_nati_in_italia_minorenni,113
017159,Quinzano d'Oglio,2023,italiani,5426
017159,Quinzano d'Oglio,2023,italiani_acquisiti,472
017159,Quinzano d'Oglio,2023,italiani_acquisiti_nati_all_estero,317
017159,Quinzano d'Oglio,2023,italiani_acquisiti_nati_in_italia,155
017159,Quinzano d'Oglio,2023,italiani_acquisiti_nati_in_italia_minorenni,95
017159,Quinzano d'Oglio,2023,italiani_dalla_nascita,4954
017159,Quinzano d'Oglio,2023,italiani_dalla_nascita_nati_all_estero,44
017159,Quinzano d'Oglio,2023,italiani_dalla_nascita_nati_in_italia,4910
017159,Quinzano d'Oglio,2023,popolazione_residente,6240
017159,Quinzano d'Oglio,2023,stranieri,814
017159,Quinzano d'Oglio,2023,stranieri_nati_all_estero,693
017159,Quinzano d'Oglio,2023,stranieri_nati_in_italia,121
017159,Quinzano d'Oglio,2023,stranieri_nati_in_italia_minorenni,115
017160,Remedello,2021,italiani,2716
017160,Remedello,2021,italiani_acquisiti,267
017160,Remedello,2021,italiani_acquisiti_nati_all_estero,173
017160,Remedello,2021,italiani_acquisiti_nati_in_italia,94
017160,Remedello,2021,italiani_acquisiti_nati_in_italia_minorenni,75
017160,Remedello,2021,italiani_dalla_nascita,2449
017160,Remedello,2021,italiani_dalla_nascita_nati_all_estero,31
017160,Remedello,2021,italiani_dalla_nascita_nati_in_italia,2418
017160,Remedello,2021,popolazione_residente,3346
017160,Remedello,2021,stranieri,630
017160,Remedello,2021,stranieri_nati_all_estero,492
017160,Remedello,2021,stranieri_nati_in_italia,138
017160,Remedello,2021,stranieri_nati_in_italia_minorenni,132
017160,Remedello,2022,italiani,2759
017160,Remedello,2022,italiani_acquisiti,325
017160,Remedello,2022,italiani_acquisiti_nati_all_estero,205
017160,Remedello,2022,italiani_acquisiti_nati_in_italia,120
017160,Remedello,2022,italiani_acquisiti_nati_in_italia_minorenni,88
017160,Remedello,2022,italiani_dalla_nascita,2434
017160,Remedello,2022,italiani_dalla_nascita_nati_all_estero,35
017160,Remedello,2022,italiani_dalla_nascita_nati_in_italia,2399
017160,Remedello,2022,popolazione_residente,3374
017160,Remedello,2022,stranieri,615
017160,Remedello,2022,stranieri_nati_all_estero,492
017160,Remedello,2022,stranieri_nati_in_italia,123
017160,Remedello,2022,stranieri_nati_in_italia_minorenni,119
017160,Remedello,2023,italiani,2810
017160,Remedello,2023,italiani_acquisiti,387
017160,Remedello,2023,italiani_acquisiti_nati_all_estero,242
017160,Remedello,2023,italiani_acquisiti_nati_in_italia,145
017160,Remedello,2023,italiani_acquisiti_nati_in_italia_minorenni,103
017160,Remedello,2023,italiani_dalla_nascita,2423
017160,Remedello,2023,italiani_dalla_nascita_nati_all_estero,37
017160,Remedello,2023,italiani_dalla_nascita_nati_in_italia,2386
017160,Remedello,2023,popolazione_residente,3425
017160,Remedello,2023,stranieri,615
017160,Remedello,2023,stranieri_nati_all_estero,502
017160,Remedello,2023,stranieri_nati_in_italia,113
017160,Remedello,2023,stranieri_nati_in_italia_minorenni,107
017161,Rezzato,2021,italiani,11566
017161,Rezzato,2021,italiani_acquisiti,717
017161,Rezzato,2021,italiani_acquisiti_nati_all_estero,480
017161,Rezzato,2021,italiani_acquisiti_nati_in_italia,237
017161,Rezzato,2021,italiani_acquisiti_nati_in_italia_minorenni,159
017161,Rezzato,2021,italiani_dalla_nascita,10849
017161,Rezzato,2021,italiani_dalla_nascita_nati_all_estero,154
017161,Rezzato,2021,italiani_dalla_nascita_nati_in_italia,10695
017161,Rezzato,2021,popolazione_residente,13345
017161,Rezzato,2021,stranieri,1779
017161,Rezzato,2021,stranieri_nati_all_estero,1380
017161,Rezzato,2021,stranieri_nati_in_italia,399
017161,Rezzato,2021,stranieri_nati_in_italia_minorenni,387
017161,Rezzato,2022,italiani,11701
017161,Rezzato,2022,italiani_acquisiti,897
017161,Rezzato,2022,italiani_acquisiti_nati_all_estero,595
017161,Rezzato,2022,italiani_acquisiti_nati_in_italia,302
017161,Rezzato,2022,italiani_acquisiti_nati_in_italia_minorenni,217
017161,Rezzato,2022,italiani_dalla_nascita,10804
017161,Rezzato,2022,italiani_dalla_nascita_nati_all_estero,165
017161,Rezzato,2022,italiani_dalla_nascita_nati_in_italia,10639
017161,Rezzato,2022,popolazione_residente,13375
017161,Rezzato,2022,stranieri,1674
017161,Rezzato,2022,stranieri_nati_all_estero,1322
017161,Rezzato,2022,stranieri_nati_in_italia,352
017161,Rezzato,2022,stranieri_nati_in_italia_minorenni,338
017161,Rezzato,2023,italiani,11760
017161,Rezzato,2023,italiani_acquisiti,932
017161,Rezzato,2023,italiani_acquisiti_nati_all_estero,612
017161,Rezzato,2023,italiani_acquisiti_nati_in_italia,320
017161,Rezzato,2023,italiani_acquisiti_nati_in_italia_minorenni,218
017161,Rezzato,2023,italiani_dalla_nascita,10828
017161,Rezzato,2023,italiani_dalla_nascita_nati_all_estero,164
017161,Rezzato,2023,italiani_dalla_nascita_nati_in_italia,10664
017161,Rezzato,2023,popolazione_residente,13472
017161,Rezzato,2023,stranieri,1712
017161,Rezzato,2023,stranieri_nati_all_estero,1359
017161,Rezzato,2023,stranieri_nati_in_italia,353
017161,Rezzato,2023,stranieri_nati_in_italia_minorenni,333
017162,Roccafranca,2021,italiani,4069
017162,Roccafranca,2021,italiani_acquisiti,314
017162,Roccafranca,2021,italiani_acquisiti_nati_all_estero,178
017162,Roccafranca,2021,italiani_acquisiti_nati_in_italia,136
017162,Roccafranca,2021,italiani_acquisiti_nati_in_italia_minorenni,108
017162,Roccafranca,2021,italiani_dalla_nascita,3755
017162,Roccafranca,2021,italiani_dalla_nascita_nati_all_estero,45
017162,Roccafranca,2021,italiani_dalla_nascita_nati_in_italia,3710
017162,Roccafranca,2021,popolazione_residente,4835
017162,Roccafranca,2021,stranieri,766
017162,Roccafranca,2021,stranieri_nati_all_estero,621
017162,Roccafranca,2021,stranieri_nati_in_italia,145
017162,Roccafranca,2021,stranieri_nati_in_italia_minorenni,143
017162,Roccafranca,2022,italiani,4124
017162,Roccafranca,2022,italiani_acquisiti,380
017162,Roccafranca,2022,italiani_acquisiti_nati_all_estero,219
017162,Roccafranca,2022,italiani_acquisiti_nati_in_italia,161
017162,Roccafranca,2022,italiani_acquisiti_nati_in_italia_minorenni,131
017162,Roccafranca,2022,italiani_dalla_nascita,3744
017162,Roccafranca,2022,italiani_dalla_nascita_nati_all_estero,48
017162,Roccafranca,2022,italiani_dalla_nascita_nati_in_italia,3696
017162,Roccafranca,2022,popolazione_residente,4865
017162,Roccafranca,2022,stranieri,741
017162,Roccafranca,2022,stranieri_nati_all_estero,609
017162,Roccafranca,2022,stranieri_nati_in_italia,132
017162,Roccafranca,2022,stranieri_nati_in_italia_minorenni,129
017162,Roccafranca,2023,italiani,4154
017162,Roccafranca,2023,italiani_acquisiti,428
017162,Roccafranca,2023,italiani_acquisiti_nati_all_estero,257
017162,Roccafranca,2023,italiani_acquisiti_nati_in_italia,171
017162,Roccafranca,2023,italiani_acquisiti_nati_in_italia_minorenni,137
017162,Roccafranca,2023,italiani_dalla_nascita,3726
017162,Roccafranca,2023,italiani_dalla_nascita_nati_all_estero,44
017162,Roccafranca,2023,italiani_dalla_nascita_nati_in_italia,3682
017162,Roccafranca,2023,popolazione_residente,4905
017162,Roccafranca,2023,stranieri,751
017162,Roccafranca,2023,stranieri_nati_all_estero,605
017162,Roccafranca,2023,stranieri_nati_in_italia,146
017162,Roccafranca,2023,stranieri_nati_in_italia_minorenni,142
017163,Rodengo Saiano,2021,italiani,9308
017163,Rodengo Saiano,2021,italiani_acquisiti,297
017163,Rodengo Saiano,2021,italiani_acquisiti_nati_all_estero,210
017163,Rodengo Saiano,2021,italiani_acquisiti_nati_in_italia,87
017163,Rodengo Saiano,2021,italiani_acquisiti_nati_in_italia_minorenni,59
017163,Rodengo Saiano,2021,italiani_dalla_nascita,9011
017163,Rodengo Saiano,2021,italiani_dalla_nascita_nati_all_estero,106
017163,Rodengo Saiano,2021,italiani_dalla_nascita_nati_in_italia,8905
017163,Rodengo Saiano,2021,popolazione_residente,9797
017163,Rodengo Saiano,2021,stranieri,489
017163,Rodengo Saiano,2021,stranieri_nati_all_estero,426
017163,Rodengo Saiano,2021,stranieri_nati_in_italia,63
017163,Rodengo Saiano,2021,stranieri_nati_in_italia_minorenni,57
017163,Rodengo Saiano,2022,italiani,9395
017163,Rodengo Saiano,2022,italiani_acquisiti,345
017163,Rodengo Saiano,2022,italiani_acquisiti_nati_all_estero,244
017163,Rodengo Saiano,2022,italiani_acquisiti_nati_in_italia,101
017163,Rodengo Saiano,2022,italiani_acquisiti_nati_in_italia_minorenni,71
017163,Rodengo Saiano,2022,italiani_dalla_nascita,9050
017163,Rodengo Saiano,2022,italiani_dalla_nascita_nati_all_estero,118
017163,Rodengo Saiano,2022,italiani_dalla_nascita_nati_in_italia,8932
017163,Rodengo Saiano,2022,popolazione_residente,9881
017163,Rodengo Saiano,2022,stranieri,486
017163,Rodengo Saiano,2022,stranieri_nati_all_estero,427
017163,Rodengo Saiano,2022,stranieri_nati_in_italia,59
017163,Rodengo Saiano,2022,stranieri_nati_in_italia_minorenni,53
017163,Rodengo Saiano,2023,italiani,9431
017163,Rodengo Saiano,2023,italiani_acquisiti,363
017163,Rodengo Saiano,2023,italiani_acquisiti_nati_all_estero,257
017163,Rodengo Saiano,2023,italiani_acquisiti_nati_in_italia,106
017163,Rodengo Saiano,2023,italiani_acquisiti_nati_in_italia_minorenni,73
017163,Rodengo Saiano,2023,italiani_dalla_nascita,9068
017163,Rodengo Saiano,2023,italiani_dalla_nascita_nati_all_estero,111
017163,Rodengo Saiano,2023,italiani_dalla_nascita_nati_in_italia,8957
017163,Rodengo Saiano,2023,popolazione_residente,9917
017163,Rodengo Saiano,2023,stranieri,486
017163,Rodengo Saiano,2023,stranieri_nati_all_estero,420
017163,Rodengo Saiano,2023,stranieri_nati_in_italia,66
017163,Rodengo Saiano,2023,stranieri_nati_in_italia_minorenni,59
017164,Roè Volciano,2021,italiani,4050
017164,Roè Volciano,2021,italiani_acquisiti,177
017164,Roè Volciano,2021,italiani_acquisiti_nati_all_estero,126
017164,Roè Volciano,2021,italiani_acquisiti_nati_in_italia,51
017164,Roè Volciano,2021,italiani_acquisiti_nati_in_italia_minorenni,37
017164,Roè Volciano,2021,italiani_dalla_nascita,3873
017164,Roè Volciano,2021,italiani_dalla_nascita_nati_all_estero,68
017164,Roè Volciano,2021,italiani_dalla_nascita_nati_in_italia,3805
017164,Roè Volciano,2021,popolazione_residente,4366
017164,Roè Volciano,2021,stranieri,316
017164,Roè Volciano,2021,stranieri_nati_all_estero,270
017164,Roè Volciano,2021,stranieri_nati_in_italia,46
017164,Roè Volciano,2021,stranieri_nati_in_italia_minorenni,43
017164,Roè Volciano,2022,italiani,4039
017164,Roè Volciano,2022,italiani_acquisiti,206
017164,Roè Volciano,2022,italiani_acquisiti_nati_all_estero,152
017164,Roè Volciano,2022,italiani_acquisiti_nati_in_italia,54
017164,Roè Volciano,2022,italiani_acquisiti_nati_in_italia_minorenni,40
017164,Roè Volciano,2022,italiani_dalla_nascita,3833
017164,Roè Volciano,2022,italiani_dalla_nascita_nati_all_estero,72
017164,Roè Volciano,2022,italiani_dalla_nascita_nati_in_italia,3761
017164,Roè Volciano,2022,popolazione_residente,4353
017164,Roè Volciano,2022,stranieri,314
017164,Roè Volciano,2022,stranieri_nati_all_estero,266
017164,Roè Volciano,2022,stranieri_nati_in_italia,48
017164,Roè Volciano,2022,stranieri_nati_in_italia_minorenni,42
017164,Roè Volciano,2023,italiani,4014
017164,Roè Volciano,2023,italiani_acquisiti,217
017164,Roè Volciano,2023,italiani_acquisiti_nati_all_estero,160
017164,Roè Volciano,2023,italiani_acquisiti_nati_in_italia,57
017164,Roè Volciano,2023,italiani_acquisiti_nati_in_italia_minorenni,39
017164,Roè Volciano,2023,italiani_dalla_nascita,3797
017164,Roè Volciano,2023,italiani_dalla_nascita_nati_all_estero,75
017164,Roè Volciano,2023,italiani_dalla_nascita_nati_in_italia,3722
017164,Roè Volciano,2023,popolazione_residente,4327
017164,Roè Volciano,2023,stranieri,313
017164,Roè Volciano,2023,stranieri_nati_all_estero,258
017164,Roè Volciano,2023,stranieri_nati_in_italia,55
017164,Roè Volciano,2023,stranieri_nati_in_italia_minorenni,48
017165,Roncadelle,2021,italiani,8059
017165,Roncadelle,2021,italiani_acquisiti,471
017165,Roncadelle,2021,italiani_acquisiti_nati_all_estero,315
017165,Roncadelle,2021,italiani_acquisiti_nati_in_italia,156
017165,Roncadelle,2021,italiani_acquisiti_nati_in_italia_minorenni,121
017165,Roncadelle,2021,italiani_dalla_nascita,7588
017165,Roncadelle,2021,italiani_dalla_nascita_nati_all_estero,82
017165,Roncadelle,2021,italiani_dalla_nascita_nati_in_italia,7506
017165,Roncadelle,2021,popolazione_residente,9282
017165,Roncadelle,2021,stranieri,1223
017165,Roncadelle,2021,stranieri_nati_all_estero,966
017165,Roncadelle,2021,stranieri_nati_in_italia,257
017165,Roncadelle,2021,stranieri_nati_in_italia_minorenni,242
017165,Roncadelle,2022,italiani,8064
017165,Roncadelle,2022,italiani_acquisiti,528
017165,Roncadelle,2022,italiani_acquisiti_nati_all_estero,347
017165,Roncadelle,2022,italiani_acquisiti_nati_in_italia,181
017165,Roncadelle,2022,italiani_acquisiti_nati_in_italia_minorenni,137
017165,Roncadelle,2022,italiani_dalla_nascita,7536
017165,Roncadelle,2022,italiani_dalla_nascita_nati_all_estero,88
017165,Roncadelle,2022,italiani_dalla_nascita_nati_in_italia,7448
017165,Roncadelle,2022,popolazione_residente,9263
017165,Roncadelle,2022,stranieri,1199
017165,Roncadelle,2022,stranieri_nati_all_estero,957
017165,Roncadelle,2022,stranieri_nati_in_italia,242
017165,Roncadelle,2022,stranieri_nati_in_italia_minorenni,226
017165,Roncadelle,2023,italiani,8066
017165,Roncadelle,2023,italiani_acquisiti,574
017165,Roncadelle,2023,italiani_acquisiti_nati_all_estero,374
017165,Roncadelle,2023,italiani_acquisiti_nati_in_italia,200
017165,Roncadelle,2023,italiani_acquisiti_nati_in_italia_minorenni,140
017165,Roncadelle,2023,italiani_dalla_nascita,7492
017165,Roncadelle,2023,italiani_dalla_nascita_nati_all_estero,93
017165,Roncadelle,2023,italiani_dalla_nascita_nati_in_italia,7399
017165,Roncadelle,2023,popolazione_residente,9296
017165,Roncadelle,2023,stranieri,1230
017165,Roncadelle,2023,stranieri_nati_all_estero,985
017165,Roncadelle,2023,stranieri_nati_in_italia,245
017165,Roncadelle,2023,stranieri_nati_in_italia_minorenni,224
017166,Rovato,2021,italiani,15492
017166,Rovato,2021,italiani_acquisiti,1373
017166,Rovato,2021,italiani_acquisiti_nati_all_estero,854
017166,Rovato,2021,italiani_acquisiti_nati_in_italia,519
017166,Rovato,2021,italiani_acquisiti_nati_in_italia_minorenni,408
017166,Rovato,2021,italiani_dalla_nascita,14119
017166,Rovato,2021,italiani_dalla_nascita_nati_all_estero,207
017166,Rovato,2021,italiani_dalla_nascita_nati_in_italia,13912
017166,Rovato,2021,popolazione_residente,19198
017166,Rovato,2021,stranieri,3706
017166,Rovato,2021,stranieri_nati_all_estero,2953
017166,Rovato,2021,stranieri_nati_in_italia,753
017166,Rovato,2021,stranieri_nati_in_italia_minorenni,734
017166,Rovato,2022,italiani,15792
017166,Rovato,2022,italiani_acquisiti,1678
017166,Rovato,2022,italiani_acquisiti_nati_all_estero,1043
017166,Rovato,2022,italiani_acquisiti_nati_in_italia,635
017166,Rovato,2022,italiani_acquisiti_nati_in_italia_minorenni,498
017166,Rovato,2022,italiani_dalla_nascita,14114
017166,Rovato,2022,italiani_dalla_nascita_nati_all_estero,219
017166,Rovato,2022,italiani_dalla_nascita_nati_in_italia,13895
017166,Rovato,2022,popolazione_residente,19375
017166,Rovato,2022,stranieri,3583
017166,Rovato,2022,stranieri_nati_all_estero,2902
017166,Rovato,2022,stranieri_nati_in_italia,681
017166,Rovato,2022,stranieri_nati_in_italia_minorenni,657
017166,Rovato,2023,italiani,15933
017166,Rovato,2023,italiani_acquisiti,1804
017166,Rovato,2023,italiani_acquisiti_nati_all_estero,1124
017166,Rovato,2023,italiani_acquisiti_nati_in_italia,680
017166,Rovato,2023,italiani_acquisiti_nati_in_italia_minorenni,518
017166,Rovato,2023,italiani_dalla_nascita,14129
017166,Rovato,2023,italiani_dalla_nascita_nati_all_estero,214
017166,Rovato,2023,italiani_dalla_nascita_nati_in_italia,13915
017166,Rovato,2023,popolazione_residente,19417
017166,Rovato,2023,stranieri,3484
017166,Rovato,2023,stranieri_nati_all_estero,2855
017166,Rovato,2023,stranieri_nati_in_italia,629
017166,Rovato,2023,stranieri_nati_in_italia_minorenni,600
017167,Rudiano,2021,italiani,4949
017167,Rudiano,2021,italiani_acquisiti,382
017167,Rudiano,2021,italiani_acquisiti_nati_all_estero,217
017167,Rudiano,2021,italiani_acquisiti_nati_in_italia,165
017167,Rudiano,2021,italiani_acquisiti_nati_in_italia_minorenni,122
017167,Rudiano,2021,italiani_dalla_nascita,4567
017167,Rudiano,2021,italiani_dalla_nascita_nati_all_estero,39
017167,Rudiano,2021,italiani_dalla_nascita_nati_in_italia,4528
017167,Rudiano,2021,popolazione_residente,5857
017167,Rudiano,2021,stranieri,908
017167,Rudiano,2021,stranieri_nati_all_estero,728
017167,Rudiano,2021,stranieri_nati_in_italia,180
017167,Rudiano,2021,stranieri_nati_in_italia_minorenni,178
017167,Rudiano,2022,italiani,5025
017167,Rudiano,2022,italiani_acquisiti,484
017167,Rudiano,2022,italiani_acquisiti_nati_all_estero,292
017167,Rudiano,2022,italiani_acquisiti_nati_in_italia,192
017167,Rudiano,2022,italiani_acquisiti_nati_in_italia_minorenni,140
017167,Rudiano,2022,italiani_dalla_nascita,4541
017167,Rudiano,2022,italiani_dalla_nascita_nati_all_estero,38
017167,Rudiano,2022,italiani_dalla_nascita_nati_in_italia,4503
017167,Rudiano,2022,popolazione_residente,5917
017167,Rudiano,2022,stranieri,892
017167,Rudiano,2022,stranieri_nati_all_estero,731
017167,Rudiano,2022,stranieri_nati_in_italia,161
017167,Rudiano,2022,stranieri_nati_in_italia_minorenni,158
017167,Rudiano,2023,italiani,5021
017167,Rudiano,2023,italiani_acquisiti,508
017167,Rudiano,2023,italiani_acquisiti_nati_all_estero,305
017167,Rudiano,2023,italiani_acquisiti_nati_in_italia,203
017167,Rudiano,2023,italiani_acquisiti_nati_in_italia_minorenni,137
017167,Rudiano,2023,italiani_dalla_nascita,4513
017167,Rudiano,2023,italiani_dalla_nascita_nati_all_estero,32
017167,Rudiano,2023,italiani_dalla_nascita_nati_in_italia,4481
017167,Rudiano,2023,popolazione_residente,5921
017167,Rudiano,2023,stranieri,900
017167,Rudiano,2023,stranieri_nati_all_estero,739
017167,Rudiano,2023,stranieri_nati_in_italia,161
017167,Rudiano,2023,stranieri_nati_in_italia_minorenni,157
017168,Sabbio Chiese,2021,italiani,3548
017168,Sabbio Chiese,2021,italiani_acquisiti,283
017168,Sabbio Chiese,2021,italiani_acquisiti_nati_all_estero,177
017168,Sabbio Chiese,2021,italiani_acquisiti_nati_in_italia,106
017168,Sabbio Chiese,2021,italiani_acquisiti_nati_in_italia_minorenni,72
017168,Sabbio Chiese,2021,italiani_dalla_nascita,3265
017168,Sabbio Chiese,2021,italiani_dalla_nascita_nati_all_estero,46
017168,Sabbio Chiese,2021,italiani_dalla_nascita_nati_in_italia,3219
017168,Sabbio Chiese,2021,popolazione_residente,3932
017168,Sabbio Chiese,2021,stranieri,384
017168,Sabbio Chiese,2021,stranieri_nati_all_estero,304
017168,Sabbio Chiese,2021,stranieri_nati_in_italia,80
017168,Sabbio Chiese,2021,stranieri_nati_in_italia_minorenni,79
017168,Sabbio Chiese,2022,italiani,3624
017168,Sabbio Chiese,2022,italiani_acquisiti,330
017168,Sabbio Chiese,2022,italiani_acquisiti_nati_all_estero,200
017168,Sabbio Chiese,2022,italiani_acquisiti_nati_in_italia,130
017168,Sabbio Chiese,2022,italiani_acquisiti_nati_in_italia_minorenni,90
017168,Sabbio Chiese,2022,italiani_dalla_nascita,3294
017168,Sabbio Chiese,2022,italiani_dalla_nascita_nati_all_estero,52
017168,Sabbio Chiese,2022,italiani_dalla_nascita_nati_in_italia,3242
017168,Sabbio Chiese,2022,popolazione_residente,4005
017168,Sabbio Chiese,2022,stranieri,381
017168,Sabbio Chiese,2022,stranieri_nati_all_estero,308
017168,Sabbio Chiese,2022,stranieri_nati_in_italia,73
017168,Sabbio Chiese,2022,stranieri_nati_in_italia_minorenni,73
017168,Sabbio Chiese,2023,italiani,3662
017168,Sabbio Chiese,2023,italiani_acquisiti,341
017168,Sabbio Chiese,2023,italiani_acquisiti_nati_all_estero,204
017168,Sabbio Chiese,2023,italiani_acquisiti_nati_in_italia,137
017168,Sabbio Chiese,2023,italiani_acquisiti_nati_in_italia_minorenni,92
017168,Sabbio Chiese,2023,italiani_dalla_nascita,3321
017168,Sabbio Chiese,2023,italiani_dalla_nascita_nati_all_estero,53
017168,Sabbio Chiese,2023,italiani_dalla_nascita_nati_in_italia,3268
017168,Sabbio Chiese,2023,popolazione_residente,4043
017168,Sabbio Chiese,2023,stranieri,381
017168,Sabbio Chiese,2023,stranieri_nati_all_estero,304
017168,Sabbio Chiese,2023,stranieri_nati_in_italia,77
017168,Sabbio Chiese,2023,stranieri_nati_in_italia_minorenni,77
017169,Sale Marasino,2021,italiani,3092
017169,Sale Marasino,2021,italiani_acquisiti,110
017169,Sale Marasino,2021,italiani_acquisiti_nati_all_estero,78
017169,Sale Marasino,2021,italiani_acquisiti_nati_in_italia,32
017169,Sale Marasino,2021,italiani_acquisiti_nati_in_italia_minorenni,17
017169,Sale Marasino,2021,italiani_dalla_nascita,2982
017169,Sale Marasino,2021,italiani_dalla_nascita_nati_all_estero,70
017169,Sale Marasino,2021,italiani_dalla_nascita_nati_in_italia,2912
017169,Sale Marasino,2021,popolazione_residente,3290
017169,Sale Marasino,2021,stranieri,198
017169,Sale Marasino,2021,stranieri_nati_all_estero,163
017169,Sale Marasino,2021,stranieri_nati_in_italia,35
017169,Sale Marasino,2021,stranieri_nati_in_italia_minorenni,32
017169,Sale Marasino,2022,italiani,3067
017169,Sale Marasino,2022,italiani_acquisiti,114
017169,Sale Marasino,2022,italiani_acquisiti_nati_all_estero,80
017169,Sale Marasino,2022,italiani_acquisiti_nati_in_italia,34
017169,Sale Marasino,2022,italiani_acquisiti_nati_in_italia_minorenni,17
017169,Sale Marasino,2022,italiani_dalla_nascita,2953
017169,Sale Marasino,2022,italiani_dalla_nascita_nati_all_estero,72
017169,Sale Marasino,2022,italiani_dalla_nascita_nati_in_italia,2881
017169,Sale Marasino,2022,popolazione_residente,3260
017169,Sale Marasino,2022,stranieri,193
017169,Sale Marasino,2022,stranieri_nati_all_estero,163
017169,Sale Marasino,2022,stranieri_nati_in_italia,30
017169,Sale Marasino,2022,stranieri_nati_in_italia_minorenni,29
017169,Sale Marasino,2023,italiani,3086
017169,Sale Marasino,2023,italiani_acquisiti,118
017169,Sale Marasino,2023,italiani_acquisiti_nati_all_estero,82
017169,Sale Marasino,2023,italiani_acquisiti_nati_in_italia,36
017169,Sale Marasino,2023,italiani_acquisiti_nati_in_italia_minorenni,16
017169,Sale Marasino,2023,italiani_dalla_nascita,2968
017169,Sale Marasino,2023,italiani_dalla_nascita_nati_all_estero,78
017169,Sale Marasino,2023,italiani_dalla_nascita_nati_in_italia,2890
017169,Sale Marasino,2023,popolazione_residente,3278
017169,Sale Marasino,2023,stranieri,192
017169,Sale Marasino,2023,stranieri_nati_all_estero,159
017169,Sale Marasino,2023,stranieri_nati_in_italia,33
017169,Sale Marasino,2023,stranieri_nati_in_italia_minorenni,31
017170,Salò,2021,italiani,9549
017170,Salò,2021,italiani_acquisiti,384
017170,Salò,2021,italiani_acquisiti_nati_all_estero,307
017170,Salò,2021,italiani_acquisiti_nati_in_italia,77
017170,Salò,2021,italiani_acquisiti_nati_in_italia_minorenni,56
017170,Salò,2021,italiani_dalla_nascita,9165
017170,Salò,2021,italiani_dalla_nascita_nati_all_estero,162
017170,Salò,2021,italiani_dalla_nascita_nati_in_italia,9003
017170,Salò,2021,popolazione_residente,10448
017170,Salò,2021,stranieri,899
017170,Salò,2021,stranieri_nati_all_estero,774
017170,Salò,2021,stranieri_nati_in_italia,125
017170,Salò,2021,stranieri_nati_in_italia_minorenni,117
017170,Salò,2022,italiani,9553
017170,Salò,2022,italiani_acquisiti,428
017170,Salò,2022,italiani_acquisiti_nati_all_estero,339
017170,Salò,2022,italiani_acquisiti_nati_in_italia,89
017170,Salò,2022,italiani_acquisiti_nati_in_italia_minorenni,58
017170,Salò,2022,italiani_dalla_nascita,9125
017170,Salò,2022,italiani_dalla_nascita_nati_all_estero,162
017170,Salò,2022,italiani_dalla_nascita_nati_in_italia,8963
017170,Salò,2022,popolazione_residente,10441
017170,Salò,2022,stranieri,888
017170,Salò,2022,stranieri_nati_all_estero,784
017170,Salò,2022,stranieri_nati_in_italia,104
017170,Salò,2022,stranieri_nati_in_italia_minorenni,94
017170,Salò,2023,italiani,9519
017170,Salò,2023,italiani_acquisiti,440
017170,Salò,2023,italiani_acquisiti_nati_all_estero,351
017170,Salò,2023,italiani_acquisiti_nati_in_italia,89
017170,Salò,2023,italiani_acquisiti_nati_in_italia_minorenni,53
017170,Salò,2023,italiani_dalla_nascita,9079
017170,Salò,2023,italiani_dalla_nascita_nati_all_estero,161
017170,Salò,2023,italiani_dalla_nascita_nati_in_italia,8918
017170,Salò,2023,popolazione_residente,10385
017170,Salò,2023,stranieri,866
017170,Salò,2023,stranieri_nati_all_estero,773
017170,Salò,2023,stranieri_nati_in_italia,93
017170,Salò,2023,stranieri_nati_in_italia_minorenni,84
017171,San Felice del Benaco,2021,italiani,3176
017171,San Felice del Benaco,2021,italiani_acquisiti,102
017171,San Felice del Benaco,2021,italiani_acquisiti_nati_all_estero,86
017171,San Felice del Benaco,2021,italiani_acquisiti_nati_in_italia,16
017171,San Felice del Benaco,2021,italiani_acquisiti_nati_in_italia_minorenni,10
017171,San Felice del Benaco,2021,italiani_dalla_nascita,3074
017171,San Felice del Benaco,2021,italiani_dalla_nascita_nati_all_estero,39
017171,San Felice del Benaco,2021,italiani_dalla_nascita_nati_in_italia,3035
017171,San Felice del Benaco,2021,popolazione_residente,3465
017171,San Felice del Benaco,2021,stranieri,289
017171,San Felice del Benaco,2021,stranieri_nati_all_estero,265
017171,San Felice del Benaco,2021,stranieri_nati_in_italia,24
017171,San Felice del Benaco,2021,stranieri_nati_in_italia_minorenni,21
017171,San Felice del Benaco,2022,italiani,3182
017171,San Felice del Benaco,2022,italiani_acquisiti,116
017171,San Felice del Benaco,2022,italiani_acquisiti_nati_all_estero,94
017171,San Felice del Benaco,2022,italiani_acquisiti_nati_in_italia,22
017171,San Felice del Benaco,2022,italiani_acquisiti_nati_in_italia_minorenni,11
017171,San Felice del Benaco,2022,italiani_dalla_nascita,3066
017171,San Felice del Benaco,2022,italiani_dalla_nascita_nati_all_estero,47
017171,San Felice del Benaco,2022,italiani_dalla_nascita_nati_in_italia,3019
017171,San Felice del Benaco,2022,popolazione_residente,3465
017171,San Felice del Benaco,2022,stranieri,283
017171,San Felice del Benaco,2022,stranieri_nati_all_estero,258
017171,San Felice del Benaco,2022,stranieri_nati_in_italia,25
017171,San Felice del Benaco,2022,stranieri_nati_in_italia_minorenni,22
017171,San Felice del Benaco,2023,italiani,3155
017171,San Felice del Benaco,2023,italiani_acquisiti,116
017171,San Felice del Benaco,2023,italiani_acquisiti_nati_all_estero,94
017171,San Felice del Benaco,2023,italiani_acquisiti_nati_in_italia,22
017171,San Felice del Benaco,2023,italiani_acquisiti_nati_in_italia_minorenni,11
017171,San Felice del Benaco,2023,italiani_dalla_nascita,3039
017171,San Felice del Benaco,2023,italiani_dalla_nascita_nati_all_estero,47
017171,San Felice del Benaco,2023,italiani_dalla_nascita_nati_in_italia,2992
017171,San Felice del Benaco,2023,popolazione_residente,3447
017171,San Felice del Benaco,2023,stranieri,292
017171,San Felice del Benaco,2023,stranieri_nati_all_estero,266
017171,San Felice del Benaco,2023,stranieri_nati_in_italia,26
017171,San Felice del Benaco,2023,stranieri_nati_in_italia_minorenni,23
017172,San Gervasio Bresciano,2021,italiani,2350
017172,San Gervasio Bresciano,2021,italiani_acquisiti,212
017172,San Gervasio Bresciano,2021,italiani_acquisiti_nati_all_estero,138
017172,San Gervasio Bresciano,2021,italiani_acquisiti_nati_in_italia,74
017172,San Gervasio Bresciano,2021,italiani_acquisiti_nati_in_italia_minorenni,62
017172,San Gervasio Bresciano,2021,italiani_dalla_nascita,2138
017172,San Gervasio Bresciano,2021,italiani_dalla_nascita_nati_all_estero,25
017172,San Gervasio Bresciano,2021,italiani_dalla_nascita_nati_in_italia,2113
017172,San Gervasio Bresciano,2021,popolazione_residente,2685
017172,San Gervasio Bresciano,2021,stranieri,335
017172,San Gervasio Bresciano,2021,stranieri_nati_all_estero,275
017172,San Gervasio Bresciano,2021,stranieri_nati_in_italia,60
017172,San Gervasio Bresciano,2021,stranieri_nati_in_italia_minorenni,60
017172,San Gervasio Bresciano,2022,italiani,2333
017172,San Gervasio Bresciano,2022,italiani_acquisiti,221
017172,San Gervasio Bresciano,2022,italiani_acquisiti_nati_all_estero,151
017172,San Gervasio Bresciano,2022,italiani_acquisiti_nati_in_italia,70
017172,San Gervasio Bresciano,2022,italiani_acquisiti_nati_in_italia_minorenni,55
017172,San Gervasio Bresciano,2022,italiani_dalla_nascita,2112
017172,San Gervasio Bresciano,2022,italiani_dalla_nascita_nati_all_estero,30
017172,San Gervasio Bresciano,2022,italiani_dalla_nascita_nati_in_italia,2082
017172,San Gervasio Bresciano,2022,popolazione_residente,2680
017172,San Gervasio Bresciano,2022,stranieri,347
017172,San Gervasio Bresciano,2022,stranieri_nati_all_estero,287
017172,San Gervasio Bresciano,2022,stranieri_nati_in_italia,60
017172,San Gervasio Bresciano,2022,stranieri_nati_in_italia_minorenni,60
017172,San Gervasio Bresciano,2023,italiani,2315
017172,San Gervasio Bresciano,2023,italiani_acquisiti,221
017172,San Gervasio Bresciano,2023,italiani_acquisiti_nati_all_estero,154
017172,San Gervasio Bresciano,2023,italiani_acquisiti_nati_in_italia,67
017172,San Gervasio Bresciano,2023,italiani_acquisiti_nati_in_italia_minorenni,52
017172,San Gervasio Bresciano,2023,italiani_dalla_nascita,2094
017172,San Gervasio Bresciano,2023,italiani_dalla_nascita_nati_all_estero,31
017172,San Gervasio Bresciano,2023,italiani_dalla_nascita_nati_in_italia,2063
017172,San Gervasio Bresciano,2023,popolazione_residente,2659
017172,San Gervasio Bresciano,2023,stranieri,344
017172,San Gervasio Bresciano,2023,stranieri_nati_all_estero,282
017172,San Gervasio Bresciano,2023,stranieri_nati_in_italia,62
017172,San Gervasio Bresciano,2023,stranieri_nati_in_italia_minorenni,61
017173,San Zeno Naviglio,2021,italiani,4145
017173,San Zeno Naviglio,2021,italiani_acquisiti,177
017173,San Zeno Naviglio,2021,italiani_acquisiti_nati_all_estero,128
017173,San Zeno Naviglio,2021,italiani_acquisiti_nati_in_italia,49
017173,San Zeno Naviglio,2021,italiani_acquisiti_nati_in_italia_minorenni,34
017173,San Zeno Naviglio,2021,italiani_dalla_nascita,3968
017173,San Zeno Naviglio,2021,italiani_dalla_nascita_nati_all_estero,42
017173,San Zeno Naviglio,2021,italiani_dalla_nascita_nati_in_italia,3926
017173,San Zeno Naviglio,2021,popolazione_residente,4704
017173,San Zeno Naviglio,2021,stranieri,559
017173,San Zeno Naviglio,2021,stranieri_nati_all_estero,458
017173,San Zeno Naviglio,2021,stranieri_nati_in_italia,101
017173,San Zeno Naviglio,2021,stranieri_nati_in_italia_minorenni,98
017173,San Zeno Naviglio,2022,italiani,4151
017173,San Zeno Naviglio,2022,italiani_acquisiti,231
017173,San Zeno Naviglio,2022,italiani_acquisiti_nati_all_estero,170
017173,San Zeno Naviglio,2022,italiani_acquisiti_nati_in_italia,61
017173,San Zeno Naviglio,2022,italiani_acquisiti_nati_in_italia_minorenni,40
017173,San Zeno Naviglio,2022,italiani_dalla_nascita,3920
017173,San Zeno Naviglio,2022,italiani_dalla_nascita_nati_all_estero,42
017173,San Zeno Naviglio,2022,italiani_dalla_nascita_nati_in_italia,3878
017173,San Zeno Naviglio,2022,popolazione_residente,4674
017173,San Zeno Naviglio,2022,stranieri,523
017173,San Zeno Naviglio,2022,stranieri_nati_all_estero,441
017173,San Zeno Naviglio,2022,stranieri_nati_in_italia,82
017173,San Zeno Naviglio,2022,stranieri_nati_in_italia_minorenni,79
017173,San Zeno Naviglio,2023,italiani,4168
017173,San Zeno Naviglio,2023,italiani_acquisiti,255
017173,San Zeno Naviglio,2023,italiani_acquisiti_nati_all_estero,184
017173,San Zeno Naviglio,2023,italiani_acquisiti_nati_in_italia,71
017173,San Zeno Naviglio,2023,italiani_acquisiti_nati_in_italia_minorenni,44
017173,San Zeno Naviglio,2023,italiani_dalla_nascita,3913
017173,San Zeno Naviglio,2023,italiani_dalla_nascita_nati_all_estero,47
017173,San Zeno Naviglio,2023,italiani_dalla_nascita_nati_in_italia,3866
017173,San Zeno Naviglio,2023,popolazione_residente,4694
017173,San Zeno Naviglio,2023,stranieri,526
017173,San Zeno Naviglio,2023,stranieri_nati_all_estero,450
017173,San Zeno Naviglio,2023,stranieri_nati_in_italia,76
017173,San Zeno Naviglio,2023,stranieri_nati_in_italia_minorenni,71
017174,Sarezzo,2021,italiani,11739
017174,Sarezzo,2021,italiani_acquisiti,738
017174,Sarezzo,2021,italiani_acquisiti_nati_all_estero,521
017174,Sarezzo,2021,italiani_acquisiti_nati_in_italia,217
017174,Sarezzo,2021,italiani_acquisiti_nati_in_italia_minorenni,165
017174,Sarezzo,2021,italiani_dalla_nascita,11001
017174,Sarezzo,2021,italiani_dalla_nascita_nati_all_estero,94
017174,Sarezzo,2021,italiani_dalla_nascita_nati_in_italia,10907
017174,Sarezzo,2021,popolazione_residente,13132
017174,Sarezzo,2021,stranieri,1393
017174,Sarezzo,2021,stranieri_nati_all_estero,1130
017174,Sarezzo,2021,stranieri_nati_in_italia,263
017174,Sarezzo,2021,stranieri_nati_in_italia_minorenni,257
017174,Sarezzo,2022,italiani,11775
017174,Sarezzo,2022,italiani_acquisiti,870
017174,Sarezzo,2022,italiani_acquisiti_nati_all_estero,590
017174,Sarezzo,2022,italiani_acquisiti_nati_in_italia,280
017174,Sarezzo,2022,italiani_acquisiti_nati_in_italia_minorenni,217
017174,Sarezzo,2022,italiani_dalla_nascita,10905
017174,Sarezzo,2022,italiani_dalla_nascita_nati_all_estero,101
017174,Sarezzo,2022,italiani_dalla_nascita_nati_in_italia,10804
017174,Sarezzo,2022,popolazione_residente,13161
017174,Sarezzo,2022,stranieri,1386
017174,Sarezzo,2022,stranieri_nati_all_estero,1156
017174,Sarezzo,2022,stranieri_nati_in_italia,230
017174,Sarezzo,2022,stranieri_nati_in_italia_minorenni,222
017174,Sarezzo,2023,italiani,11742
017174,Sarezzo,2023,italiani_acquisiti,894
017174,Sarezzo,2023,italiani_acquisiti_nati_all_estero,609
017174,Sarezzo,2023,italiani_acquisiti_nati_in_italia,285
017174,Sarezzo,2023,italiani_acquisiti_nati_in_italia_minorenni,211
017174,Sarezzo,2023,italiani_dalla_nascita,10848
017174,Sarezzo,2023,italiani_dalla_nascita_nati_all_estero,104
017174,Sarezzo,2023,italiani_dalla_nascita_nati_in_italia,10744
017174,Sarezzo,2023,popolazione_residente,13224
017174,Sarezzo,2023,stranieri,1482
017174,Sarezzo,2023,stranieri_nati_all_estero,1244
017174,Sarezzo,2023,stranieri_nati_in_italia,238
017174,Sarezzo,2023,stranieri_nati_in_italia_minorenni,229
017175,Saviore dell'Adamello,2021,italiani,793
017175,Saviore dell'Adamello,2021,italiani_acquisiti,10
017175,Saviore dell'Adamello,2021,italiani_acquisiti_nati_all_estero,10
017175,Saviore dell'Adamello,2021,italiani_dalla_nascita,783
017175,Saviore dell'Adamello,2021,italiani_dalla_nascita_nati_all_estero,4
017175,Saviore dell'Adamello,2021,italiani_dalla_nascita_nati_in_italia,779
017175,Saviore dell'Adamello,2021,popolazione_residente,802
017175,Saviore dell'Adamello,2021,stranieri,9
017175,Saviore dell'Adamello,2021,stranieri_nati_all_estero,9
017175,Saviore dell'Adamello,2022,italiani,785
017175,Saviore dell'Adamello,2022,italiani_acquisiti,10
017175,Saviore dell'Adamello,2022,italiani_acquisiti_nati_all_estero,10
017175,Saviore dell'Adamello,2022,italiani_dalla_nascita,775
017175,Saviore dell'Adamello,2022,italiani_dalla_nascita_nati_all_estero,4
017175,Saviore dell'Adamello,2022,italiani_dalla_nascita_nati_in_italia,771
017175,Saviore dell'Adamello,2022,popolazione_residente,795
017175,Saviore dell'Adamello,2022,stranieri,10
017175,Saviore dell'Adamello,2022,stranieri_nati_all_estero,10
017175,Saviore dell'Adamello,2023,italiani,774
017175,Saviore dell'Adamello,2023,italiani_acquisiti,9
017175,Saviore dell'Adamello,2023,italiani_acquisiti_nati_all_estero,9
017175,Saviore dell'Adamello,2023,italiani_dalla_nascita,765
017175,Saviore dell'Adamello,2023,italiani_dalla_nascita_nati_all_estero,4
017175,Saviore dell'Adamello,2023,italiani_dalla_nascita_nati_in_italia,761
017175,Saviore dell'Adamello,2023,popolazione_residente,784
017175,Saviore dell'Adamello,2023,stranieri,10
017175,Saviore dell'Adamello,2023,stranieri_nati_all_estero,10
017176,Sellero,2021,italiani,1366
017176,Sellero,2021,italiani_acquisiti,14
017176,Sellero,2021,italiani_acquisiti_nati_all_estero,11
017176,Sellero,2021,italiani_acquisiti_nati_in_italia,3
017176,Sellero,2021,italiani_acquisiti_nati_in_italia_minorenni,3
017176,Sellero,2021,italiani_dalla_nascita,1352
017176,Sellero,2021,italiani_dalla_nascita_nati_all_estero,7
017176,Sellero,2021,italiani_dalla_nascita_nati_in_italia,1345
017176,Sellero,2021,popolazione_residente,1400
017176,Sellero,2021,stranieri,34
017176,Sellero,2021,stranieri_nati_all_estero,28
017176,Sellero,2021,stranieri_nati_in_italia,6
017176,Sellero,2021,stranieri_nati_in_italia_minorenni,6
017176,Sellero,2022,italiani,1349
017176,Sellero,2022,italiani_acquisiti,15
017176,Sellero,2022,italiani_acquisiti_nati_all_estero,12
017176,Sellero,2022,italiani_acquisiti_nati_in_italia,3
017176,Sellero,2022,italiani_acquisiti_nati_in_italia_minorenni,3
017176,Sellero,2022,italiani_dalla_nascita,1334
017176,Sellero,2022,italiani_dalla_nascita_nati_all_estero,8
017176,Sellero,2022,italiani_dalla_nascita_nati_in_italia,1326
017176,Sellero,2022,popolazione_residente,1387
017176,Sellero,2022,stranieri,38
017176,Sellero,2022,stranieri_nati_all_estero,32
017176,Sellero,2022,stranieri_nati_in_italia,6
017176,Sellero,2022,stranieri_nati_in_italia_minorenni,6
017176,Sellero,2023,italiani,1327
017176,Sellero,2023,italiani_acquisiti,17
017176,Sellero,2023,italiani_acquisiti_nati_all_estero,12
017176,Sellero,2023,italiani_acquisiti_nati_in_italia,5
017176,Sellero,2023,italiani_acquisiti_nati_in_italia_minorenni,5
017176,Sellero,2023,italiani_dalla_nascita,1310
017176,Sellero,2023,italiani_dalla_nascita_nati_all_estero,9
017176,Sellero,2023,italiani_dalla_nascita_nati_in_italia,1301
017176,Sellero,2023,popolazione_residente,1370
017176,Sellero,2023,stranieri,43
017176,Sellero,2023,stranieri_nati_all_estero,38
017176,Sellero,2023,stranieri_nati_in_italia,5
017176,Sellero,2023,stranieri_nati_in_italia_minorenni,5
017177,Seniga,2021,italiani,1212
017177,Seniga,2021,italiani_acquisiti,76
017177,Seniga,2021,italiani_acquisiti_nati_all_estero,49
017177,Seniga,2021,italiani_acquisiti_nati_in_italia,27
017177,Seniga,2021,italiani_acquisiti_nati_in_italia_minorenni,15
017177,Seniga,2021,italiani_dalla_nascita,1136
017177,Seniga,2021,italiani_dalla_nascita_nati_all_estero,8
017177,Seniga,2021,italiani_dalla_nascita_nati_in_italia,1128
017177,Seniga,2021,popolazione_residente,1427
017177,Seniga,2021,stranieri,215
017177,Seniga,2021,stranieri_nati_all_estero,183
017177,Seniga,2021,stranieri_nati_in_italia,32
017177,Seniga,2021,stranieri_nati_in_italia_minorenni,32
017177,Seniga,2022,italiani,1209
017177,Seniga,2022,italiani_acquisiti,87
017177,Seniga,2022,italiani_acquisiti_nati_all_estero,59
017177,Seniga,2022,italiani_acquisiti_nati_in_italia,28
017177,Seniga,2022,italiani_acquisiti_nati_in_italia_minorenni,18
017177,Seniga,2022,italiani_dalla_nascita,1122
017177,Seniga,2022,italiani_dalla_nascita_nati_all_estero,9
017177,Seniga,2022,italiani_dalla_nascita_nati_in_italia,1113
017177,Seniga,2022,popolazione_residente,1409
017177,Seniga,2022,stranieri,200
017177,Seniga,2022,stranieri_nati_all_estero,172
017177,Seniga,2022,stranieri_nati_in_italia,28
017177,Seniga,2022,stranieri_nati_in_italia_minorenni,28
017177,Seniga,2023,italiani,1211
017177,Seniga,2023,italiani_acquisiti,91
017177,Seniga,2023,italiani_acquisiti_nati_all_estero,59
017177,Seniga,2023,italiani_acquisiti_nati_in_italia,32
017177,Seniga,2023,italiani_acquisiti_nati_in_italia_minorenni,19
017177,Seniga,2023,italiani_dalla_nascita,1120
017177,Seniga,2023,italiani_dalla_nascita_nati_all_estero,10
017177,Seniga,2023,italiani_dalla_nascita_nati_in_italia,1110
017177,Seniga,2023,popolazione_residente,1425
017177,Seniga,2023,stranieri,214
017177,Seniga,2023,stranieri_nati_all_estero,183
017177,Seniga,2023,stranieri_nati_in_italia,31
017177,Seniga,2023,stranieri_nati_in_italia_minorenni,30
017178,Serle,2021,italiani,2943
017178,Serle,2021,italiani_acquisiti,37
017178,Serle,2021,italiani_acquisiti_nati_all_estero,34
017178,Serle,2021,italiani_acquisiti_nati_in_italia,3
017178,Serle,2021,italiani_dalla_nascita,2906
017178,Serle,2021,italiani_dalla_nascita_nati_all_estero,29
017178,Serle,2021,italiani_dalla_nascita_nati_in_italia,2877
017178,Serle,2021,popolazione_residente,3060
017178,Serle,2021,stranieri,117
017178,Serle,2021,stranieri_nati_all_estero,96
017178,Serle,2021,stranieri_nati_in_italia,21
017178,Serle,2021,stranieri_nati_in_italia_minorenni,18
017178,Serle,2022,italiani,2956
017178,Serle,2022,italiani_acquisiti,43
017178,Serle,2022,italiani_acquisiti_nati_all_estero,40
017178,Serle,2022,italiani_acquisiti_nati_in_italia,3
017178,Serle,2022,italiani_dalla_nascita,2913
017178,Serle,2022,italiani_dalla_nascita_nati_all_estero,28
017178,Serle,2022,italiani_dalla_nascita_nati_in_italia,2885
017178,Serle,2022,popolazione_residente,3081
017178,Serle,2022,stranieri,125
017178,Serle,2022,stranieri_nati_all_estero,101
017178,Serle,2022,stranieri_nati_in_italia,24
017178,Serle,2022,stranieri_nati_in_italia_minorenni,21
017178,Serle,2023,italiani,2946
017178,Serle,2023,italiani_acquisiti,44
017178,Serle,2023,italiani_acquisiti_nati_all_estero,39
017178,Serle,2023,italiani_acquisiti_nati_in_italia,5
017178,Serle,2023,italiani_acquisiti_nati_in_italia_minorenni,1
017178,Serle,2023,italiani_dalla_nascita,2902
017178,Serle,2023,italiani_dalla_nascita_nati_all_estero,29
017178,Serle,2023,italiani_dalla_nascita_nati_in_italia,2873
017178,Serle,2023,popolazione_residente,3085
017178,Serle,2023,stranieri,139
017178,Serle,2023,stranieri_nati_all_estero,116
017178,Serle,2023,stranieri_nati_in_italia,23
017178,Serle,2023,stranieri_nati_in_italia_minorenni,20
017179,Sirmione,2021,italiani,7137
017179,Sirmione,2021,italiani_acquisiti,399
017179,Sirmione,2021,italiani_acquisiti_nati_all_estero,336
017179,Sirmione,2021,italiani_acquisiti_nati_in_italia,63
017179,Sirmione,2021,italiani_acquisiti_nati_in_italia_minorenni,34
017179,Sirmione,2021,italiani_dalla_nascita,6738
017179,Sirmione,2021,italiani_dalla_nascita_nati_all_estero,166
017179,Sirmione,2021,italiani_dalla_nascita_nati_in_italia,6572
017179,Sirmione,2021,popolazione_residente,8257
017179,Sirmione,2021,stranieri,1120
017179,Sirmione,2021,stranieri_nati_all_estero,954
017179,Sirmione,2021,stranieri_nati_in_italia,166
017179,Sirmione,2021,stranieri_nati_in_italia_minorenni,158
017179,Sirmione,2022,italiani,7114
017179,Sirmione,2022,italiani_acquisiti,391
017179,Sirmione,2022,italiani_acquisiti_nati_all_estero,329
017179,Sirmione,2022,italiani_acquisiti_nati_in_italia,62
017179,Sirmione,2022,italiani_acquisiti_nati_in_italia_minorenni,29
017179,Sirmione,2022,italiani_dalla_nascita,6723
017179,Sirmione,2022,italiani_dalla_nascita_nati_all_estero,161
017179,Sirmione,2022,italiani_dalla_nascita_nati_in_italia,6562
017179,Sirmione,2022,popolazione_residente,8288
017179,Sirmione,2022,stranieri,1174
017179,Sirmione,2022,stranieri_nati_all_estero,1001
017179,Sirmione,2022,stranieri_nati_in_italia,173
017179,Sirmione,2022,stranieri_nati_in_italia_minorenni,164
017179,Sirmione,2023,italiani,7126
017179,Sirmione,2023,italiani_acquisiti,425
017179,Sirmione,2023,italiani_acquisiti_nati_all_estero,361
017179,Sirmione,2023,italiani_acquisiti_nati_in_italia,64
017179,Sirmione,2023,italiani_acquisiti_nati_in_italia_minorenni,26
017179,Sirmione,2023,italiani_dalla_nascita,6701
017179,Sirmione,2023,italiani_dalla_nascita_nati_all_estero,169
017179,Sirmione,2023,italiani_dalla_nascita_nati_in_italia,6532
017179,Sirmione,2023,popolazione_residente,8290
017179,Sirmione,2023,stranieri,1164
017179,Sirmione,2023,stranieri_nati_all_estero,992
017179,Sirmione,2023,stranieri_nati_in_italia,172
017179,Sirmione,2023,stranieri_nati_in_italia_minorenni,164
017180,Soiano del Lago,2021,italiani,1775
017180,Soiano del Lago,2021,italiani_acquisiti,86
017180,Soiano del Lago,2021,italiani_acquisiti_nati_all_estero,61
017180,Soiano del Lago,2021,italiani_acquisiti_nati_in_italia,25
017180,Soiano del Lago,2021,italiani_acquisiti_nati_in_italia_minorenni,13
017180,Soiano del Lago,2021,italiani_dalla_nascita,1689
017180,Soiano del Lago,2021,italiani_dalla_nascita_nati_all_estero,35
017180,Soiano del Lago,2021,italiani_dalla_nascita_nati_in_italia,1654
017180,Soiano del Lago,2021,popolazione_residente,1949
017180,Soiano del Lago,2021,stranieri,174
017180,Soiano del Lago,2021,stranieri_nati_all_estero,155
017180,Soiano del Lago,2021,stranieri_nati_in_italia,19
017180,Soiano del Lago,2021,stranieri_nati_in_italia_minorenni,17
017180,Soiano del Lago,2022,italiani,1782
017180,Soiano del Lago,2022,italiani_acquisiti,104
017180,Soiano del Lago,2022,italiani_acquisiti_nati_all_estero,72
017180,Soiano del Lago,2022,italiani_acquisiti_nati_in_italia,32
017180,Soiano del Lago,2022,italiani_acquisiti_nati_in_italia_minorenni,20
017180,Soiano del Lago,2022,italiani_dalla_nascita,1678
017180,Soiano del Lago,2022,italiani_dalla_nascita_nati_all_estero,34
017180,Soiano del Lago,2022,italiani_dalla_nascita_nati_in_italia,1644
017180,Soiano del Lago,2022,popolazione_residente,1926
017180,Soiano del Lago,2022,stranieri,144
017180,Soiano del Lago,2022,stranieri_nati_all_estero,136
017180,Soiano del Lago,2022,stranieri_nati_in_italia,8
017180,Soiano del Lago,2022,stranieri_nati_in_italia_minorenni,5
017180,Soiano del Lago,2023,italiani,1773
017180,Soiano del Lago,2023,italiani_acquisiti,101
017180,Soiano del Lago,2023,italiani_acquisiti_nati_all_estero,70
017180,Soiano del Lago,2023,italiani_acquisiti_nati_in_italia,31
017180,Soiano del Lago,2023,italiani_acquisiti_nati_in_italia_minorenni,20
017180,Soiano del Lago,2023,italiani_dalla_nascita,1672
017180,Soiano del Lago,2023,italiani_dalla_nascita_nati_all_estero,39
017180,Soiano del Lago,2023,italiani_dalla_nascita_nati_in_italia,1633
017180,Soiano del Lago,2023,popolazione_residente,1929
017180,Soiano del Lago,2023,stranieri,156
017180,Soiano del Lago,2023,stranieri_nati_all_estero,141
017180,Soiano del Lago,2023,stranieri_nati_in_italia,15
017180,Soiano del Lago,2023,stranieri_nati_in_italia_minorenni,9
017181,Sonico,2021,italiani,1194
017181,Sonico,2021,italiani_acquisiti,15
017181,Sonico,2021,italiani_acquisiti_nati_all_estero,12
017181,Sonico,2021,italiani_acquisiti_nati_in_italia,3
017181,Sonico,2021,italiani_acquisiti_nati_in_italia_minorenni,2
017181,Sonico,2021,italiani_dalla_nascita,1179
017181,Sonico,2021,italiani_dalla_nascita_nati_all_estero,19
017181,Sonico,2021,italiani_dalla_nascita_nati_in_italia,1160
017181,Sonico,2021,popolazione_residente,1211
017181,Sonico,2021,stranieri,17
017181,Sonico,2021,stranieri_nati_all_estero,16
017181,Sonico,2021,stranieri_nati_in_italia,1
017181,Sonico,2021,stranieri_nati_in_italia_minorenni,1
017181,Sonico,2022,italiani,1189
017181,Sonico,2022,italiani_acquisiti,15
017181,Sonico,2022,italiani_acquisiti_nati_all_estero,13
017181,Sonico,2022,italiani_acquisiti_nati_in_italia,2
017181,Sonico,2022,italiani_acquisiti_nati_in_italia_minorenni,1
017181,Sonico,2022,italiani_dalla_nascita,1174
017181,Sonico,2022,italiani_dalla_nascita_nati_all_estero,19
017181,Sonico,2022,italiani_dalla_nascita_nati_in_italia,1155
017181,Sonico,2022,popolazione_residente,1204
017181,Sonico,2022,stranieri,15
017181,Sonico,2022,stranieri_nati_all_estero,14
017181,Sonico,2022,stranieri_nati_in_italia,1
017181,Sonico,2022,stranieri_nati_in_italia_minorenni,1
017181,Sonico,2023,italiani,1173
017181,Sonico,2023,italiani_acquisiti,14
017181,Sonico,2023,italiani_acquisiti_nati_all_estero,12
017181,Sonico,2023,italiani_acquisiti_nati_in_italia,2
017181,Sonico,2023,italiani_acquisiti_nati_in_italia_minorenni,1
017181,Sonico,2023,italiani_dalla_nascita,1159
017181,Sonico,2023,italiani_dalla_nascita_nati_all_estero,19
017181,Sonico,2023,italiani_dalla_nascita_nati_in_italia,1140
017181,Sonico,2023,popolazione_residente,1189
017181,Sonico,2023,stranieri,16
017181,Sonico,2023,stranieri_nati_all_estero,15
017181,Sonico,2023,stranieri_nati_in_italia,1
017181,Sonico,2023,stranieri_nati_in_italia_minorenni,1
017182,Sulzano,2021,italiani,1807
017182,Sulzano,2021,italiani_acquisiti,76
017182,Sulzano,2021,italiani_acquisiti_nati_all_estero,58
017182,Sulzano,2021,italiani_acquisiti_nati_in_italia,18
017182,Sulzano,2021,italiani_acquisiti_nati_in_italia_minorenni,11
017182,Sulzano,2021,italiani_dalla_nascita,1731
017182,Sulzano,2021,italiani_dalla_nascita_nati_all_estero,23
017182,Sulzano,2021,italiani_dalla_nascita_nati_in_italia,1708
017182,Sulzano,2021,popolazione_residente,1944
017182,Sulzano,2021,stranieri,137
017182,Sulzano,2021,stranieri_nati_all_estero,124
017182,Sulzano,2021,stranieri_nati_in_italia,13
017182,Sulzano,2021,stranieri_nati_in_italia_minorenni,12
017182,Sulzano,2022,italiani,1808
017182,Sulzano,2022,italiani_acquisiti,69
017182,Sulzano,2022,italiani_acquisiti_nati_all_estero,53
017182,Sulzano,2022,italiani_acquisiti_nati_in_italia,16
017182,Sulzano,2022,italiani_acquisiti_nati_in_italia_minorenni,11
017182,Sulzano,2022,italiani_dalla_nascita,1739
017182,Sulzano,2022,italiani_dalla_nascita_nati_all_estero,25
017182,Sulzano,2022,italiani_dalla_nascita_nati_in_italia,1714
017182,Sulzano,2022,popolazione_residente,1940
017182,Sulzano,2022,stranieri,132
017182,Sulzano,2022,stranieri_nati_all_estero,121
017182,Sulzano,2022,stranieri_nati_in_italia,11
017182,Sulzano,2022,stranieri_nati_in_italia_minorenni,9
017182,Sulzano,2023,italiani,1798
017182,Sulzano,2023,italiani_acquisiti,62
017182,Sulzano,2023,italiani_acquisiti_nati_all_estero,47
017182,Sulzano,2023,italiani_acquisiti_nati_in_italia,15
017182,Sulzano,2023,italiani_acquisiti_nati_in_italia_minorenni,9
017182,Sulzano,2023,italiani_dalla_nascita,1736
017182,Sulzano,2023,italiani_dalla_nascita_nati_all_estero,24
017182,Sulzano,2023,italiani_dalla_nascita_nati_in_italia,1712
017182,Sulzano,2023,popolazione_residente,1936
017182,Sulzano,2023,stranieri,138
017182,Sulzano,2023,stranieri_nati_all_estero,125
017182,Sulzano,2023,stranieri_nati_in_italia,13
017182,Sulzano,2023,stranieri_nati_in_italia_minorenni,11
017183,Tavernole sul Mella,2021,italiani,1111
017183,Tavernole sul Mella,2021,italiani_acquisiti,51
017183,Tavernole sul Mella,2021,italiani_acquisiti_nati_all_estero,41
017183,Tavernole sul Mella,2021,italiani_acquisiti_nati_in_italia,10
017183,Tavernole sul Mella,2021,italiani_acquisiti_nati_in_italia_minorenni,4
017183,Tavernole sul Mella,2021,italiani_dalla_nascita,1060
017183,Tavernole sul Mella,2021,italiani_dalla_nascita_nati_all_estero,2
017183,Tavernole sul Mella,2021,italiani_dalla_nascita_nati_in_italia,1058
017183,Tavernole sul Mella,2021,popolazione_residente,1219
017183,Tavernole sul Mella,2021,stranieri,108
017183,Tavernole sul Mella,2021,stranieri_nati_all_estero,86
017183,Tavernole sul Mella,2021,stranieri_nati_in_italia,22
017183,Tavernole sul Mella,2021,stranieri_nati_in_italia_minorenni,20
017183,Tavernole sul Mella,2022,italiani,1107
017183,Tavernole sul Mella,2022,italiani_acquisiti,61
017183,Tavernole sul Mella,2022,italiani_acquisiti_nati_all_estero,45
017183,Tavernole sul Mella,2022,italiani_acquisiti_nati_in_italia,16
017183,Tavernole sul Mella,2022,italiani_acquisiti_nati_in_italia_minorenni,10
017183,Tavernole sul Mella,2022,italiani_dalla_nascita,1046
017183,Tavernole sul Mella,2022,italiani_dalla_nascita_nati_all_estero,2
017183,Tavernole sul Mella,2022,italiani_dalla_nascita_nati_in_italia,1044
017183,Tavernole sul Mella,2022,popolazione_residente,1203
017183,Tavernole sul Mella,2022,stranieri,96
017183,Tavernole sul Mella,2022,stranieri_nati_all_estero,78
017183,Tavernole sul Mella,2022,stranieri_nati_in_italia,18
017183,Tavernole sul Mella,2022,stranieri_nati_in_italia_minorenni,16
017183,Tavernole sul Mella,2023,italiani,1103
017183,Tavernole sul Mella,2023,italiani_acquisiti,55
017183,Tavernole sul Mella,2023,italiani_acquisiti_nati_all_estero,41
017183,Tavernole sul Mella,2023,italiani_acquisiti_nati_in_italia,14
017183,Tavernole sul Mella,2023,italiani_acquisiti_nati_in_italia_minorenni,8
017183,Tavernole sul Mella,2023,italiani_dalla_nascita,1048
017183,Tavernole sul Mella,2023,italiani_dalla_nascita_nati_all_estero,2
017183,Tavernole sul Mella,2023,italiani_dalla_nascita_nati_in_italia,1046
017183,Tavernole sul Mella,2023,popolazione_residente,1204
017183,Tavernole sul Mella,2023,stranieri,101
017183,Tavernole sul Mella,2023,stranieri_nati_all_estero,83
017183,Tavernole sul Mella,2023,stranieri_nati_in_italia,18
017183,Tavernole sul Mella,2023,stranieri_nati_in_italia_minorenni,14
017184,Temù,2021,italiani,1040
017184,Temù,2021,italiani_acquisiti,41
017184,Temù,2021,italiani_acquisiti_nati_all_estero,23
017184,Temù,2021,italiani_acquisiti_nati_in_italia,18
017184,Temù,2021,italiani_acquisiti_nati_in_italia_minorenni,14
017184,Temù,2021,italiani_dalla_nascita,999
017184,Temù,2021,italiani_dalla_nascita_nati_all_estero,11
017184,Temù,2021,italiani_dalla_nascita_nati_in_italia,988
017184,Temù,2021,popolazione_residente,1105
017184,Temù,2021,stranieri,65
017184,Temù,2021,stranieri_nati_all_estero,51
017184,Temù,2021,stranieri_nati_in_italia,14
017184,Temù,2021,stranieri_nati_in_italia_minorenni,13
017184,Temù,2022,italiani,1052
017184,Temù,2022,italiani_acquisiti,44
017184,Temù,2022,italiani_acquisiti_nati_all_estero,28
017184,Temù,2022,italiani_acquisiti_nati_in_italia,16
017184,Temù,2022,italiani_acquisiti_nati_in_italia_minorenni,14
017184,Temù,2022,italiani_dalla_nascita,1008
017184,Temù,2022,italiani_dalla_nascita_nati_all_estero,11
017184,Temù,2022,italiani_dalla_nascita_nati_in_italia,997
017184,Temù,2022,popolazione_residente,1131
017184,Temù,2022,stranieri,79
017184,Temù,2022,stranieri_nati_all_estero,63
017184,Temù,2022,stranieri_nati_in_italia,16
017184,Temù,2022,stranieri_nati_in_italia_minorenni,15
017184,Temù,2023,italiani,1056
017184,Temù,2023,italiani_acquisiti,42
017184,Temù,2023,italiani_acquisiti_nati_all_estero,27
017184,Temù,2023,italiani_acquisiti_nati_in_italia,15
017184,Temù,2023,italiani_acquisiti_nati_in_italia_minorenni,10
017184,Temù,2023,italiani_dalla_nascita,1014
017184,Temù,2023,italiani_dalla_nascita_nati_all_estero,12
017184,Temù,2023,italiani_dalla_nascita_nati_in_italia,1002
017184,Temù,2023,popolazione_residente,1141
017184,Temù,2023,stranieri,85
017184,Temù,2023,stranieri_nati_all_estero,67
017184,Temù,2023,stranieri_nati_in_italia,18
017184,Temù,2023,stranieri_nati_in_italia_minorenni,17
017185,Tignale,2021,italiani,1048
017185,Tignale,2021,italiani_acquisiti,65
017185,Tignale,2021,italiani_acquisiti_nati_all_estero,53
017185,Tignale,2021,italiani_acquisiti_nati_in_italia,12
017185,Tignale,2021,italiani_acquisiti_nati_in_italia_minorenni,11
017185,Tignale,2021,italiani_dalla_nascita,983
017185,Tignale,2021,italiani_dalla_nascita_nati_all_estero,20
017185,Tignale,2021,italiani_dalla_nascita_nati_in_italia,963
017185,Tignale,2021,popolazione_residente,1158
017185,Tignale,2021,stranieri,110
017185,Tignale,2021,stranieri_nati_all_estero,101
017185,Tignale,2021,stranieri_nati_in_italia,9
017185,Tignale,2021,stranieri_nati_in_italia_minorenni,9
017185,Tignale,2022,italiani,1047
017185,Tignale,2022,italiani_acquisiti,73
017185,Tignale,2022,italiani_acquisiti_nati_all_estero,60
017185,Tignale,2022,italiani_acquisiti_nati_in_italia,13
017185,Tignale,2022,italiani_acquisiti_nati_in_italia_minorenni,12
017185,Tignale,2022,italiani_dalla_nascita,974
017185,Tignale,2022,italiani_dalla_nascita_nati_all_estero,20
017185,Tignale,2022,italiani_dalla_nascita_nati_in_italia,954
017185,Tignale,2022,popolazione_residente,1158
017185,Tignale,2022,stranieri,111
017185,Tignale,2022,stranieri_nati_all_estero,101
017185,Tignale,2022,stranieri_nati_in_italia,10
017185,Tignale,2022,stranieri_nati_in_italia_minorenni,10
017185,Tignale,2023,italiani,1041
017185,Tignale,2023,italiani_acquisiti,80
017185,Tignale,2023,italiani_acquisiti_nati_all_estero,68
017185,Tignale,2023,italiani_acquisiti_nati_in_italia,12
017185,Tignale,2023,italiani_acquisiti_nati_in_italia_minorenni,10
017185,Tignale,2023,italiani_dalla_nascita,961
017185,Tignale,2023,italiani_dalla_nascita_nati_all_estero,20
017185,Tignale,2023,italiani_dalla_nascita_nati_in_italia,941
017185,Tignale,2023,popolazione_residente,1158
017185,Tignale,2023,stranieri,117
017185,Tignale,2023,stranieri_nati_all_estero,107
017185,Tignale,2023,stranieri_nati_in_italia,10
017185,Tignale,2023,stranieri_nati_in_italia_minorenni,10
017186,Torbole Casaglia,2021,italiani,5715
017186,Torbole Casaglia,2021,italiani_acquisiti,365
017186,Torbole Casaglia,2021,italiani_acquisiti_nati_all_estero,250
017186,Torbole Casaglia,2021,italiani_acquisiti_nati_in_italia,115
017186,Torbole Casaglia,2021,italiani_acquisiti_nati_in_italia_minorenni,77
017186,Torbole Casaglia,2021,italiani_dalla_nascita,5350
017186,Torbole Casaglia,2021,italiani_dalla_nascita_nati_all_estero,78
017186,Torbole Casaglia,2021,italiani_dalla_nascita_nati_in_italia,5272
017186,Torbole Casaglia,2021,popolazione_residente,6401
017186,Torbole Casaglia,2021,stranieri,686
017186,Torbole Casaglia,2021,stranieri_nati_all_estero,538
017186,Torbole Casaglia,2021,stranieri_nati_in_italia,148
017186,Torbole Casaglia,2021,stranieri_nati_in_italia_minorenni,143
017186,Torbole Casaglia,2022,italiani,5748
017186,Torbole Casaglia,2022,italiani_acquisiti,409
017186,Torbole Casaglia,2022,italiani_acquisiti_nati_all_estero,274
017186,Torbole Casaglia,2022,italiani_acquisiti_nati_in_italia,135
017186,Torbole Casaglia,2022,italiani_acquisiti_nati_in_italia_minorenni,94
017186,Torbole Casaglia,2022,italiani_dalla_nascita,5339
017186,Torbole Casaglia,2022,italiani_dalla_nascita_nati_all_estero,81
017186,Torbole Casaglia,2022,italiani_dalla_nascita_nati_in_italia,5258
017186,Torbole Casaglia,2022,popolazione_residente,6440
017186,Torbole Casaglia,2022,stranieri,692
017186,Torbole Casaglia,2022,stranieri_nati_all_estero,541
017186,Torbole Casaglia,2022,stranieri_nati_in_italia,151
017186,Torbole Casaglia,2022,stranieri_nati_in_italia_minorenni,147
017186,Torbole Casaglia,2023,italiani,5736
017186,Torbole Casaglia,2023,italiani_acquisiti,450
017186,Torbole Casaglia,2023,italiani_acquisiti_nati_all_estero,294
017186,Torbole Casaglia,2023,italiani_acquisiti_nati_in_italia,156
017186,Torbole Casaglia,2023,italiani_acquisiti_nati_in_italia_minorenni,107
017186,Torbole Casaglia,2023,italiani_dalla_nascita,5286
017186,Torbole Casaglia,2023,italiani_dalla_nascita_nati_all_estero,78
017186,Torbole Casaglia,2023,italiani_dalla_nascita_nati_in_italia,5208
017186,Torbole Casaglia,2023,popolazione_residente,6449
017186,Torbole Casaglia,2023,stranieri,713
017186,Torbole Casaglia,2023,stranieri_nati_all_estero,573
017186,Torbole Casaglia,2023,stranieri_nati_in_italia,140
017186,Torbole Casaglia,2023,stranieri_nati_in_italia_minorenni,134
017187,Toscolano-Maderno,2021,italiani,6638
017187,Toscolano-Maderno,2021,italiani_acquisiti,310
017187,Toscolano-Maderno,2021,italiani_acquisiti_nati_all_estero,237
017187,Toscolano-Maderno,2021,italiani_acquisiti_nati_in_italia,73
017187,Toscolano-Maderno,2021,italiani_acquisiti_nati_in_italia_minorenni,50
017187,Toscolano-Maderno,2021,italiani_dalla_nascita,6328
017187,Toscolano-Maderno,2021,italiani_dalla_nascita_nati_all_estero,107
017187,Toscolano-Maderno,2021,italiani_dalla_nascita_nati_in_italia,6221
017187,Toscolano-Maderno,2021,popolazione_residente,7550
017187,Toscolano-Maderno,2021,stranieri,912
017187,Toscolano-Maderno,2021,stranieri_nati_all_estero,765
017187,Toscolano-Maderno,2021,stranieri_nati_in_italia,147
017187,Toscolano-Maderno,2021,stranieri_nati_in_italia_minorenni,141
017187,Toscolano-Maderno,2022,italiani,6674
017187,Toscolano-Maderno,2022,italiani_acquisiti,374
017187,Toscolano-Maderno,2022,italiani_acquisiti_nati_all_estero,279
017187,Toscolano-Maderno,2022,italiani_acquisiti_nati_in_italia,95
017187,Toscolano-Maderno,2022,italiani_acquisiti_nati_in_italia_minorenni,62
017187,Toscolano-Maderno,2022,italiani_dalla_nascita,6300
017187,Toscolano-Maderno,2022,italiani_dalla_nascita_nati_all_estero,111
017187,Toscolano-Maderno,2022,italiani_dalla_nascita_nati_in_italia,6189
017187,Toscolano-Maderno,2022,popolazione_residente,7582
017187,Toscolano-Maderno,2022,stranieri,908
017187,Toscolano-Maderno,2022,stranieri_nati_all_estero,771
017187,Toscolano-Maderno,2022,stranieri_nati_in_italia,137
017187,Toscolano-Maderno,2022,stranieri_nati_in_italia_minorenni,130
017187,Toscolano-Maderno,2023,italiani,6738
017187,Toscolano-Maderno,2023,italiani_acquisiti,406
017187,Toscolano-Maderno,2023,italiani_acquisiti_nati_all_estero,300
017187,Toscolano-Maderno,2023,italiani_acquisiti_nati_in_italia,106
017187,Toscolano-Maderno,2023,italiani_acquisiti_nati_in_italia_minorenni,65
017187,Toscolano-Maderno,2023,italiani_dalla_nascita,6332
017187,Toscolano-Maderno,2023,italiani_dalla_nascita_nati_all_estero,117
017187,Toscolano-Maderno,2023,italiani_dalla_nascita_nati_in_italia,6215
017187,Toscolano-Maderno,2023,popolazione_residente,7661
017187,Toscolano-Maderno,2023,stranieri,923
017187,Toscolano-Maderno,2023,stranieri_nati_all_estero,792
017187,Toscolano-Maderno,2023,stranieri_nati_in_italia,131
017187,Toscolano-Maderno,2023,stranieri_nati_in_italia_minorenni,124
017188,Travagliato,2021,italiani,12460
017188,Travagliato,2021,italiani_acquisiti,635
017188,Travagliato,2021,italiani_acquisiti_nati_all_estero,399
017188,Travagliato,2021,italiani_acquisiti_nati_in_italia,236
017188,Travagliato,2021,italiani_acquisiti_nati_in_italia_minorenni,178
017188,Travagliato,2021,italiani_dalla_nascita,11825
017188,Travagliato,2021,italiani_dalla_nascita_nati_all_estero,122
017188,Travagliato,2021,italiani_dalla_nascita_nati_in_italia,11703
017188,Travagliato,2021,popolazione_residente,13725
017188,Travagliato,2021,stranieri,1265
017188,Travagliato,2021,stranieri_nati_all_estero,991
017188,Travagliato,2021,stranieri_nati_in_italia,274
017188,Travagliato,2021,stranieri_nati_in_italia_minorenni,262
017188,Travagliato,2022,italiani,12549
017188,Travagliato,2022,italiani_acquisiti,711
017188,Travagliato,2022,italiani_acquisiti_nati_all_estero,455
017188,Travagliato,2022,italiani_acquisiti_nati_in_italia,256
017188,Travagliato,2022,italiani_acquisiti_nati_in_italia_minorenni,181
017188,Travagliato,2022,italiani_dalla_nascita,11838
017188,Travagliato,2022,italiani_dalla_nascita_nati_all_estero,122
017188,Travagliato,2022,italiani_dalla_nascita_nati_in_italia,11716
017188,Travagliato,2022,popolazione_residente,13782
017188,Travagliato,2022,stranieri,1233
017188,Travagliato,2022,stranieri_nati_all_estero,972
017188,Travagliato,2022,stranieri_nati_in_italia,261
017188,Travagliato,2022,stranieri_nati_in_italia_minorenni,248
017188,Travagliato,2023,italiani,12616
017188,Travagliato,2023,italiani_acquisiti,759
017188,Travagliato,2023,italiani_acquisiti_nati_all_estero,488
017188,Travagliato,2023,italiani_acquisiti_nati_in_italia,271
017188,Travagliato,2023,italiani_acquisiti_nati_in_italia_minorenni,177
017188,Travagliato,2023,italiani_dalla_nascita,11857
017188,Travagliato,2023,italiani_dalla_nascita_nati_all_estero,117
017188,Travagliato,2023,italiani_dalla_nascita_nati_in_italia,11740
017188,Travagliato,2023,popolazione_residente,13840
017188,Travagliato,2023,stranieri,1224
017188,Travagliato,2023,stranieri_nati_all_estero,970
017188,Travagliato,2023,stranieri_nati_in_italia,254
017188,Travagliato,2023,stranieri_nati_in_italia_minorenni,243
017189,Tremosine sul Garda,2021,italiani,1682
017189,Tremosine sul Garda,2021,italiani_acquisiti,135
017189,Tremosine sul Garda,2021,italiani_acquisiti_nati_all_estero,102
017189,Tremosine sul Garda,2021,italiani_acquisiti_nati_in_italia,33
017189,Tremosine sul Garda,2021,italiani_acquisiti_nati_in_italia_minorenni,31
017189,Tremosine sul Garda,2021,italiani_dalla_nascita,1547
017189,Tremosine sul Garda,2021,italiani_dalla_nascita_nati_all_estero,16
017189,Tremosine sul Garda,2021,italiani_dalla_nascita_nati_in_italia,1531
017189,Tremosine sul Garda,2021,popolazione_residente,2046
017189,Tremosine sul Garda,2021,stranieri,364
017189,Tremosine sul Garda,2021,stranieri_nati_all_estero,317
017189,Tremosine sul Garda,2021,stranieri_nati_in_italia,47
017189,Tremosine sul Garda,2021,stranieri_nati_in_italia_minorenni,47
017189,Tremosine sul Garda,2022,italiani,1719
017189,Tremosine sul Garda,2022,italiani_acquisiti,174
017189,Tremosine sul Garda,2022,italiani_acquisiti_nati_all_estero,130
017189,Tremosine sul Garda,2022,italiani_acquisiti_nati_in_italia,44
017189,Tremosine sul Garda,2022,italiani_acquisiti_nati_in_italia_minorenni,37
017189,Tremosine sul Garda,2022,italiani_dalla_nascita,1545
017189,Tremosine sul Garda,2022,italiani_dalla_nascita_nati_all_estero,16
017189,Tremosine sul Garda,2022,italiani_dalla_nascita_nati_in_italia,1529
017189,Tremosine sul Garda,2022,popolazione_residente,2069
017189,Tremosine sul Garda,2022,stranieri,350
017189,Tremosine sul Garda,2022,stranieri_nati_all_estero,307
017189,Tremosine sul Garda,2022,stranieri_nati_in_italia,43
017189,Tremosine sul Garda,2022,stranieri_nati_in_italia_minorenni,42
017189,Tremosine sul Garda,2023,italiani,1713
017189,Tremosine sul Garda,2023,italiani_acquisiti,183
017189,Tremosine sul Garda,2023,italiani_acquisiti_nati_all_estero,138
017189,Tremosine sul Garda,2023,italiani_acquisiti_nati_in_italia,45
017189,Tremosine sul Garda,2023,italiani_acquisiti_nati_in_italia_minorenni,36
017189,Tremosine sul Garda,2023,italiani_dalla_nascita,1530
017189,Tremosine sul Garda,2023,italiani_dalla_nascita_nati_all_estero,21
017189,Tremosine sul Garda,2023,italiani_dalla_nascita_nati_in_italia,1509
017189,Tremosine sul Garda,2023,popolazione_residente,2088
017189,Tremosine sul Garda,2023,stranieri,375
017189,Tremosine sul Garda,2023,stranieri_nati_all_estero,332
017189,Tremosine sul Garda,2023,stranieri_nati_in_italia,43
017189,Tremosine sul Garda,2023,stranieri_nati_in_italia_minorenni,43
017190,Trenzano,2021,italiani,4890
017190,Trenzano,2021,italiani_acquisiti,343
017190,Trenzano,2021,italiani_acquisiti_nati_all_estero,200
017190,Trenzano,2021,italiani_acquisiti_nati_in_italia,143
017190,Trenzano,2021,italiani_acquisiti_nati_in_italia_minorenni,116
017190,Trenzano,2021,italiani_dalla_nascita,4547
017190,Trenzano,2021,italiani_dalla_nascita_nati_all_estero,25
017190,Trenzano,2021,italiani_dalla_nascita_nati_in_italia,4522
017190,Trenzano,2021,popolazione_residente,5470
017190,Trenzano,2021,stranieri,580
017190,Trenzano,2021,stranieri_nati_all_estero,442
017190,Trenzano,2021,stranieri_nati_in_italia,138
017190,Trenzano,2021,stranieri_nati_in_italia_minorenni,132
017190,Trenzano,2022,italiani,4911
017190,Trenzano,2022,italiani_acquisiti,393
017190,Trenzano,2022,italiani_acquisiti_nati_all_estero,233
017190,Trenzano,2022,italiani_acquisiti_nati_in_italia,160
017190,Trenzano,2022,italiani_acquisiti_nati_in_italia_minorenni,125
017190,Trenzano,2022,italiani_dalla_nascita,4518
017190,Trenzano,2022,italiani_dalla_nascita_nati_all_estero,28
017190,Trenzano,2022,italiani_dalla_nascita_nati_in_italia,4490
017190,Trenzano,2022,popolazione_residente,5480
017190,Trenzano,2022,stranieri,569
017190,Trenzano,2022,stranieri_nati_all_estero,433
017190,Trenzano,2022,stranieri_nati_in_italia,136
017190,Trenzano,2022,stranieri_nati_in_italia_minorenni,129
017190,Trenzano,2023,italiani,4913
017190,Trenzano,2023,italiani_acquisiti,430
017190,Trenzano,2023,italiani_acquisiti_nati_all_estero,252
017190,Trenzano,2023,italiani_acquisiti_nati_in_italia,178
017190,Trenzano,2023,italiani_acquisiti_nati_in_italia_minorenni,133
017190,Trenzano,2023,italiani_dalla_nascita,4483
017190,Trenzano,2023,italiani_dalla_nascita_nati_all_estero,29
017190,Trenzano,2023,italiani_dalla_nascita_nati_in_italia,4454
017190,Trenzano,2023,popolazione_residente,5512
017190,Trenzano,2023,stranieri,599
017190,Trenzano,2023,stranieri_nati_all_estero,461
017190,Trenzano,2023,stranieri_nati_in_italia,138
017190,Trenzano,2023,stranieri_nati_in_italia_minorenni,130
017191,Treviso Bresciano,2021,italiani,495
017191,Treviso Bresciano,2021,italiani_acquisiti,8
017191,Treviso Bresciano,2021,italiani_acquisiti_nati_all_estero,7
017191,Treviso Bresciano,2021,italiani_acquisiti_nati_in_italia,1
017191,Treviso Bresciano,2021,italiani_dalla_nascita,487
017191,Treviso Bresciano,2021,italiani_dalla_nascita_nati_all_estero,3
017191,Treviso Bresciano,2021,italiani_dalla_nascita_nati_in_italia,484
017191,Treviso Bresciano,2021,popolazione_residente,507
017191,Treviso Bresciano,2021,stranieri,12
017191,Treviso Bresciano,2021,stranieri_nati_all_estero,12
017191,Treviso Bresciano,2022,italiani,493
017191,Treviso Bresciano,2022,italiani_acquisiti,8
017191,Treviso Bresciano,2022,italiani_acquisiti_nati_all_estero,7
017191,Treviso Bresciano,2022,italiani_acquisiti_nati_in_italia,1
017191,Treviso Bresciano,2022,italiani_dalla_nascita,485
017191,Treviso Bresciano,2022,italiani_dalla_nascita_nati_all_estero,3
017191,Treviso Bresciano,2022,italiani_dalla_nascita_nati_in_italia,482
017191,Treviso Bresciano,2022,popolazione_residente,511
017191,Treviso Bresciano,2022,stranieri,18
017191,Treviso Bresciano,2022,stranieri_nati_all_estero,18
017191,Treviso Bresciano,2023,italiani,493
017191,Treviso Bresciano,2023,italiani_acquisiti,10
017191,Treviso Bresciano,2023,italiani_acquisiti_nati_all_estero,9
017191,Treviso Bresciano,2023,italiani_acquisiti_nati_in_italia,1
017191,Treviso Bresciano,2023,italiani_dalla_nascita,483
017191,Treviso Bresciano,2023,italiani_dalla_nascita_nati_all_estero,3
017191,Treviso Bresciano,2023,italiani_dalla_nascita_nati_in_italia,480
017191,Treviso Bresciano,2023,popolazione_residente,524
017191,Treviso Bresciano,2023,stranieri,31
017191,Treviso Bresciano,2023,stranieri_nati_all_estero,30
017191,Treviso Bresciano,2023,stranieri_nati_in_italia,1
017191,Treviso Bresciano,2023,stranieri_nati_in_italia_minorenni,1
017192,Urago d'Oglio,2021,italiani,3116
017192,Urago d'Oglio,2021,italiani_acquisiti,237
017192,Urago d'Oglio,2021,italiani_acquisiti_nati_all_estero,134
017192,Urago d'Oglio,2021,italiani_acquisiti_nati_in_italia,103
017192,Urago d'Oglio,2021,italiani_acquisiti_nati_in_italia_minorenni,85
017192,Urago d'Oglio,2021,italiani_dalla_nascita,2879
017192,Urago d'Oglio,2021,italiani_dalla_nascita_nati_all_estero,29
017192,Urago d'Oglio,2021,italiani_dalla_nascita_nati_in_italia,2850
017192,Urago d'Oglio,2021,popolazione_residente,3733
017192,Urago d'Oglio,2021,stranieri,617
017192,Urago d'Oglio,2021,stranieri_nati_all_estero,468
017192,Urago d'Oglio,2021,stranieri_nati_in_italia,149
017192,Urago d'Oglio,2021,stranieri_nati_in_italia_minorenni,149
017192,Urago d'Oglio,2022,italiani,3163
017192,Urago d'Oglio,2022,italiani_acquisiti,306
017192,Urago d'Oglio,2022,italiani_acquisiti_nati_all_estero,174
017192,Urago d'Oglio,2022,italiani_acquisiti_nati_in_italia,132
017192,Urago d'Oglio,2022,italiani_acquisiti_nati_in_italia_minorenni,106
017192,Urago d'Oglio,2022,italiani_dalla_nascita,2857
017192,Urago d'Oglio,2022,italiani_dalla_nascita_nati_all_estero,30
017192,Urago d'Oglio,2022,italiani_dalla_nascita_nati_in_italia,2827
017192,Urago d'Oglio,2022,popolazione_residente,3755
017192,Urago d'Oglio,2022,stranieri,592
017192,Urago d'Oglio,2022,stranieri_nati_all_estero,465
017192,Urago d'Oglio,2022,stranieri_nati_in_italia,127
017192,Urago d'Oglio,2022,stranieri_nati_in_italia_minorenni,123
017192,Urago d'Oglio,2023,italiani,3163
017192,Urago d'Oglio,2023,italiani_acquisiti,326
017192,Urago d'Oglio,2023,italiani_acquisiti_nati_all_estero,182
017192,Urago d'Oglio,2023,italiani_acquisiti_nati_in_italia,144
017192,Urago d'Oglio,2023,italiani_acquisiti_nati_in_italia_minorenni,105
017192,Urago d'Oglio,2023,italiani_dalla_nascita,2837
017192,Urago d'Oglio,2023,italiani_dalla_nascita_nati_all_estero,29
017192,Urago d'Oglio,2023,italiani_dalla_nascita_nati_in_italia,2808
017192,Urago d'Oglio,2023,popolazione_residente,3782
017192,Urago d'Oglio,2023,stranieri,619
017192,Urago d'Oglio,2023,stranieri_nati_all_estero,497
017192,Urago d'Oglio,2023,stranieri_nati_in_italia,122
017192,Urago d'Oglio,2023,stranieri_nati_in_italia_minorenni,118
017193,Vallio Terme,2021,italiani,1354
017193,Vallio Terme,2021,italiani_acquisiti,35
017193,Vallio Terme,2021,italiani_acquisiti_nati_all_estero,34
017193,Vallio Terme,2021,italiani_acquisiti_nati_in_italia,1
017193,Vallio Terme,2021,italiani_acquisiti_nati_in_italia_minorenni,1
017193,Vallio Terme,2021,italiani_dalla_nascita,1319
017193,Vallio Terme,2021,italiani_dalla_nascita_nati_all_estero,13
017193,Vallio Terme,2021,italiani_dalla_nascita_nati_in_italia,1306
017193,Vallio Terme,2021,popolazione_residente,1410
017193,Vallio Terme,2021,stranieri,56
017193,Vallio Terme,2021,stranieri_nati_all_estero,49
017193,Vallio Terme,2021,stranieri_nati_in_italia,7
017193,Vallio Terme,2021,stranieri_nati_in_italia_minorenni,6
017193,Vallio Terme,2022,italiani,1344
017193,Vallio Terme,2022,italiani_acquisiti,37
017193,Vallio Terme,2022,italiani_acquisiti_nati_all_estero,35
017193,Vallio Terme,2022,italiani_acquisiti_nati_in_italia,2
017193,Vallio Terme,2022,italiani_acquisiti_nati_in_italia_minorenni,1
017193,Vallio Terme,2022,italiani_dalla_nascita,1307
017193,Vallio Terme,2022,italiani_dalla_nascita_nati_all_estero,16
017193,Vallio Terme,2022,italiani_dalla_nascita_nati_in_italia,1291
017193,Vallio Terme,2022,popolazione_residente,1406
017193,Vallio Terme,2022,stranieri,62
017193,Vallio Terme,2022,stranieri_nati_all_estero,54
017193,Vallio Terme,2022,stranieri_nati_in_italia,8
017193,Vallio Terme,2022,stranieri_nati_in_italia_minorenni,8
017193,Vallio Terme,2023,italiani,1347
017193,Vallio Terme,2023,italiani_acquisiti,41
017193,Vallio Terme,2023,italiani_acquisiti_nati_all_estero,37
017193,Vallio Terme,2023,italiani_acquisiti_nati_in_italia,4
017193,Vallio Terme,2023,italiani_acquisiti_nati_in_italia_minorenni,1
017193,Vallio Terme,2023,italiani_dalla_nascita,1306
017193,Vallio Terme,2023,italiani_dalla_nascita_nati_all_estero,18
017193,Vallio Terme,2023,italiani_dalla_nascita_nati_in_italia,1288
017193,Vallio Terme,2023,popolazione_residente,1408
017193,Vallio Terme,2023,stranieri,61
017193,Vallio Terme,2023,stranieri_nati_all_estero,55
017193,Vallio Terme,2023,stranieri_nati_in_italia,6
017193,Vallio Terme,2023,stranieri_nati_in_italia_minorenni,6
017194,Valvestino,2021,italiani,168
017194,Valvestino,2021,italiani_acquisiti,3
017194,Valvestino,2021,italiani_acquisiti_nati_all_estero,3
017194,Valvestino,2021,italiani_dalla_nascita,165
017194,Valvestino,2021,italiani_dalla_nascita_nati_all_estero,6
017194,Valvestino,2021,italiani_dalla_nascita_nati_in_italia,159
017194,Valvestino,2021,popolazione_residente,173
017194,Valvestino,2021,stranieri,5
017194,Valvestino,2021,stranieri_nati_all_estero,5
017194,Valvestino,2022,italiani,162
017194,Valvestino,2022,italiani_acquisiti,1
017194,Valvestino,2022,italiani_acquisiti_nati_all_estero,1
017194,Valvestino,2022,italiani_dalla_nascita,161
017194,Valvestino,2022,italiani_dalla_nascita_nati_all_estero,6
017194,Valvestino,2022,italiani_dalla_nascita_nati_in_italia,155
017194,Valvestino,2022,popolazione_residente,167
017194,Valvestino,2022,stranieri,5
017194,Valvestino,2022,stranieri_nati_all_estero,5
017194,Valvestino,2023,italiani,157
017194,Valvestino,2023,italiani_acquisiti,1
017194,Valvestino,2023,italiani_acquisiti_nati_all_estero,1
017194,Valvestino,2023,italiani_dalla_nascita,156
017194,Valvestino,2023,italiani_dalla_nascita_nati_all_estero,6
017194,Valvestino,2023,italiani_dalla_nascita_nati_in_italia,150
017194,Valvestino,2023,popolazione_residente,162
017194,Valvestino,2023,stranieri,5
017194,Valvestino,2023,stranieri_nati_all_estero,5
017195,Verolanuova,2021,italiani,7253
017195,Verolanuova,2021,italiani_acquisiti,378
017195,Verolanuova,2021,italiani_acquisiti_nati_all_estero,248
017195,Verolanuova,2021,italiani_acquisiti_nati_in_italia,130
017195,Verolanuova,2021,italiani_acquisiti_nati_in_italia_minorenni,100
017195,Verolanuova,2021,italiani_dalla_nascita,6875
017195,Verolanuova,2021,italiani_dalla_nascita_nati_all_estero,63
017195,Verolanuova,2021,italiani_dalla_nascita_nati_in_italia,6812
017195,Verolanuova,2021,popolazione_residente,8018
017195,Verolanuova,2021,stranieri,765
017195,Verolanuova,2021,stranieri_nati_all_estero,618
017195,Verolanuova,2021,stranieri_nati_in_italia,147
017195,Verolanuova,2021,stranieri_nati_in_italia_minorenni,138
017195,Verolanuova,2022,italiani,7288
017195,Verolanuova,2022,italiani_acquisiti,419
017195,Verolanuova,2022,italiani_acquisiti_nati_all_estero,274
017195,Verolanuova,2022,italiani_acquisiti_nati_in_italia,145
017195,Verolanuova,2022,italiani_acquisiti_nati_in_italia_minorenni,107
017195,Verolanuova,2022,italiani_dalla_nascita,6869
017195,Verolanuova,2022,italiani_dalla_nascita_nati_all_estero,70
017195,Verolanuova,2022,italiani_dalla_nascita_nati_in_italia,6799
017195,Verolanuova,2022,popolazione_residente,8056
017195,Verolanuova,2022,stranieri,768
017195,Verolanuova,2022,stranieri_nati_all_estero,623
017195,Verolanuova,2022,stranieri_nati_in_italia,145
017195,Verolanuova,2022,stranieri_nati_in_italia_minorenni,135
017195,Verolanuova,2023,italiani,7329
017195,Verolanuova,2023,italiani_acquisiti,480
017195,Verolanuova,2023,italiani_acquisiti_nati_all_estero,313
017195,Verolanuova,2023,italiani_acquisiti_nati_in_italia,167
017195,Verolanuova,2023,italiani_acquisiti_nati_in_italia_minorenni,121
017195,Verolanuova,2023,italiani_dalla_nascita,6849
017195,Verolanuova,2023,italiani_dalla_nascita_nati_all_estero,72
017195,Verolanuova,2023,italiani_dalla_nascita_nati_in_italia,6777
017195,Verolanuova,2023,popolazione_residente,8074
017195,Verolanuova,2023,stranieri,745
017195,Verolanuova,2023,stranieri_nati_all_estero,615
017195,Verolanuova,2023,stranieri_nati_in_italia,130
017195,Verolanuova,2023,stranieri_nati_in_italia_minorenni,120
017196,Verolavecchia,2021,italiani,3365
017196,Verolavecchia,2021,italiani_acquisiti,137
017196,Verolavecchia,2021,italiani_acquisiti_nati_all_estero,93
017196,Verolavecchia,2021,italiani_acquisiti_nati_in_italia,44
017196,Verolavecchia,2021,italiani_acquisiti_nati_in_italia_minorenni,27
017196,Verolavecchia,2021,italiani_dalla_nascita,3228
017196,Verolavecchia,2021,italiani_dalla_nascita_nati_all_estero,12
017196,Verolavecchia,2021,italiani_dalla_nascita_nati_in_italia,3216
017196,Verolavecchia,2021,popolazione_residente,3754
017196,Verolavecchia,2021,stranieri,389
017196,Verolavecchia,2021,stranieri_nati_all_estero,298
017196,Verolavecchia,2021,stranieri_nati_in_italia,91
017196,Verolavecchia,2021,stranieri_nati_in_italia_minorenni,90
017196,Verolavecchia,2022,italiani,3406
017196,Verolavecchia,2022,italiani_acquisiti,182
017196,Verolavecchia,2022,italiani_acquisiti_nati_all_estero,119
017196,Verolavecchia,2022,italiani_acquisiti_nati_in_italia,63
017196,Verolavecchia,2022,italiani_acquisiti_nati_in_italia_minorenni,43
017196,Verolavecchia,2022,italiani_dalla_nascita,3224
017196,Verolavecchia,2022,italiani_dalla_nascita_nati_all_estero,13
017196,Verolavecchia,2022,italiani_dalla_nascita_nati_in_italia,3211
017196,Verolavecchia,2022,popolazione_residente,3814
017196,Verolavecchia,2022,stranieri,408
017196,Verolavecchia,2022,stranieri_nati_all_estero,323
017196,Verolavecchia,2022,stranieri_nati_in_italia,85
017196,Verolavecchia,2022,stranieri_nati_in_italia_minorenni,84
017196,Verolavecchia,2023,italiani,3413
017196,Verolavecchia,2023,italiani_acquisiti,191
017196,Verolavecchia,2023,italiani_acquisiti_nati_all_estero,124
017196,Verolavecchia,2023,italiani_acquisiti_nati_in_italia,67
017196,Verolavecchia,2023,italiani_acquisiti_nati_in_italia_minorenni,49
017196,Verolavecchia,2023,italiani_dalla_nascita,3222
017196,Verolavecchia,2023,italiani_dalla_nascita_nati_all_estero,17
017196,Verolavecchia,2023,italiani_dalla_nascita_nati_in_italia,3205
017196,Verolavecchia,2023,popolazione_residente,3808
017196,Verolavecchia,2023,stranieri,395
017196,Verolavecchia,2023,stranieri_nati_all_estero,321
017196,Verolavecchia,2023,stranieri_nati_in_italia,74
017196,Verolavecchia,2023,stranieri_nati_in_italia_minorenni,73
017197,Vestone,2021,italiani,3661
017197,Vestone,2021,italiani_acquisiti,390
017197,Vestone,2021,italiani_acquisiti_nati_all_estero,194
017197,Vestone,2021,italiani_acquisiti_nati_in_italia,196
017197,Vestone,2021,italiani_acquisiti_nati_in_italia_minorenni,138
017197,Vestone,2021,italiani_dalla_nascita,3271
017197,Vestone,2021,italiani_dalla_nascita_nati_all_estero,49
017197,Vestone,2021,italiani_dalla_nascita_nati_in_italia,3222
017197,Vestone,2021,popolazione_residente,4181
017197,Vestone,2021,stranieri,520
017197,Vestone,2021,stranieri_nati_all_estero,409
017197,Vestone,2021,stranieri_nati_in_italia,111
017197,Vestone,2021,stranieri_nati_in_italia_minorenni,103
017197,Vestone,2022,italiani,3649
017197,Vestone,2022,italiani_acquisiti,423
017197,Vestone,2022,italiani_acquisiti_nati_all_estero,216
017197,Vestone,2022,italiani_acquisiti_nati_in_italia,207
017197,Vestone,2022,italiani_acquisiti_nati_in_italia_minorenni,140
017197,Vestone,2022,italiani_dalla_nascita,3226
017197,Vestone,2022,italiani_dalla_nascita_nati_all_estero,55
017197,Vestone,2022,italiani_dalla_nascita_nati_in_italia,3171
017197,Vestone,2022,popolazione_residente,4145
017197,Vestone,2022,stranieri,496
017197,Vestone,2022,stranieri_nati_all_estero,395
017197,Vestone,2022,stranieri_nati_in_italia,101
017197,Vestone,2022,stranieri_nati_in_italia_minorenni,95
017197,Vestone,2023,italiani,3636
017197,Vestone,2023,italiani_acquisiti,430
017197,Vestone,2023,italiani_acquisiti_nati_all_estero,222
017197,Vestone,2023,italiani_acquisiti_nati_in_italia,208
017197,Vestone,2023,italiani_acquisiti_nati_in_italia_minorenni,130
017197,Vestone,2023,italiani_dalla_nascita,3206
017197,Vestone,2023,italiani_dalla_nascita_nati_all_estero,53
017197,Vestone,2023,italiani_dalla_nascita_nati_in_italia,3153
017197,Vestone,2023,popolazione_residente,4116
017197,Vestone,2023,stranieri,480
017197,Vestone,2023,stranieri_nati_all_estero,382
017197,Vestone,2023,stranieri_nati_in_italia,98
017197,Vestone,2023,stranieri_nati_in_italia_minorenni,90
017198,Vezza d'Oglio,2021,italiani,1420
017198,Vezza d'Oglio,2021,italiani_acquisiti,8
017198,Vezza d'Oglio,2021,italiani_acquisiti_nati_all_estero,7
017198,Vezza d'Oglio,2021,italiani_acquisiti_nati_in_italia,1
017198,Vezza d'Oglio,2021,italiani_dalla_nascita,1412
017198,Vezza d'Oglio,2021,italiani_dalla_nascita_nati_all_estero,11
017198,Vezza d'Oglio,2021,italiani_dalla_nascita_nati_in_italia,1401
017198,Vezza d'Oglio,2021,popolazione_residente,1473
017198,Vezza d'Oglio,2021,stranieri,53
017198,Vezza d'Oglio,2021,stranieri_nati_all_estero,49
017198,Vezza d'Oglio,2021,stranieri_nati_in_italia,4
017198,Vezza d'Oglio,2021,stranieri_nati_in_italia_minorenni,4
017198,Vezza d'Oglio,2022,italiani,1422
017198,Vezza d'Oglio,2022,italiani_acquisiti,14
017198,Vezza d'Oglio,2022,italiani_acquisiti_nati_all_estero,13
017198,Vezza d'Oglio,2022,italiani_acquisiti_nati_in_italia,1
017198,Vezza d'Oglio,2022,italiani_dalla_nascita,1408
017198,Vezza d'Oglio,2022,italiani_dalla_nascita_nati_all_estero,12
017198,Vezza d'Oglio,2022,italiani_dalla_nascita_nati_in_italia,1396
017198,Vezza d'Oglio,2022,popolazione_residente,1465
017198,Vezza d'Oglio,2022,stranieri,43
017198,Vezza d'Oglio,2022,stranieri_nati_all_estero,40
017198,Vezza d'Oglio,2022,stranieri_nati_in_italia,3
017198,Vezza d'Oglio,2022,stranieri_nati_in_italia_minorenni,3
017198,Vezza d'Oglio,2023,italiani,1418
017198,Vezza d'Oglio,2023,italiani_acquisiti,15
017198,Vezza d'Oglio,2023,italiani_acquisiti_nati_all_estero,14
017198,Vezza d'Oglio,2023,italiani_acquisiti_nati_in_italia,1
017198,Vezza d'Oglio,2023,italiani_dalla_nascita,1403
017198,Vezza d'Oglio,2023,italiani_dalla_nascita_nati_all_estero,13
017198,Vezza d'Oglio,2023,italiani_dalla_nascita_nati_in_italia,1390
017198,Vezza d'Oglio,2023,popolazione_residente,1480
017198,Vezza d'Oglio,2023,stranieri,62
017198,Vezza d'Oglio,2023,stranieri_nati_all_estero,58
017198,Vezza d'Oglio,2023,stranieri_nati_in_italia,4
017198,Vezza d'Oglio,2023,stranieri_nati_in_italia_minorenni,4
017199,Villa Carcina,2021,italiani,9536
017199,Villa Carcina,2021,italiani_acquisiti,659
017199,Villa Carcina,2021,italiani_acquisiti_nati_all_estero,439
017199,Villa Carcina,2021,italiani_acquisiti_nati_in_italia,220
017199,Villa Carcina,2021,italiani_acquisiti_nati_in_italia_minorenni,158
017199,Villa Carcina,2021,italiani_dalla_nascita,8877
017199,Villa Carcina,2021,italiani_dalla_nascita_nati_all_estero,100
017199,Villa Carcina,2021,italiani_dalla_nascita_nati_in_italia,8777
017199,Villa Carcina,2021,popolazione_residente,10694
017199,Villa Carcina,2021,stranieri,1158
017199,Villa Carcina,2021,stranieri_nati_all_estero,946
017199,Villa Carcina,2021,stranieri_nati_in_italia,212
017199,Villa Carcina,2021,stranieri_nati_in_italia_minorenni,206
017199,Villa Carcina,2022,italiani,9528
017199,Villa Carcina,2022,italiani_acquisiti,754
017199,Villa Carcina,2022,italiani_acquisiti_nati_all_estero,502
017199,Villa Carcina,2022,italiani_acquisiti_nati_in_italia,252
017199,Villa Carcina,2022,italiani_acquisiti_nati_in_italia_minorenni,173
017199,Villa Carcina,2022,italiani_dalla_nascita,8774
017199,Villa Carcina,2022,italiani_dalla_nascita_nati_all_estero,108
017199,Villa Carcina,2022,italiani_dalla_nascita_nati_in_italia,8666
017199,Villa Carcina,2022,popolazione_residente,10633
017199,Villa Carcina,2022,stranieri,1105
017199,Villa Carcina,2022,stranieri_nati_all_estero,907
017199,Villa Carcina,2022,stranieri_nati_in_italia,198
017199,Villa Carcina,2022,stranieri_nati_in_italia_minorenni,192
017199,Villa Carcina,2023,italiani,9531
017199,Villa Carcina,2023,italiani_acquisiti,797
017199,Villa Carcina,2023,italiani_acquisiti_nati_all_estero,523
017199,Villa Carcina,2023,italiani_acquisiti_nati_in_italia,274
017199,Villa Carcina,2023,italiani_acquisiti_nati_in_italia_minorenni,186
017199,Villa Carcina,2023,italiani_dalla_nascita,8734
017199,Villa Carcina,2023,italiani_dalla_nascita_nati_all_estero,113
017199,Villa Carcina,2023,italiani_dalla_nascita_nati_in_italia,8621
017199,Villa Carcina,2023,popolazione_residente,10700
017199,Villa Carcina,2023,stranieri,1169
017199,Villa Carcina,2023,stranieri_nati_all_estero,964
017199,Villa Carcina,2023,stranieri_nati_in_italia,205
017199,Villa Carcina,2023,stranieri_nati_in_italia_minorenni,198
017200,Villachiara,2021,italiani,1252
017200,Villachiara,2021,italiani_acquisiti,40
017200,Villachiara,2021,italiani_acquisiti_nati_all_estero,25
017200,Villachiara,2021,italiani_acquisiti_nati_in_italia,15
017200,Villachiara,2021,italiani_acquisiti_nati_in_italia_minorenni,10
017200,Villachiara,2021,italiani_dalla_nascita,1212
017200,Villachiara,2021,italiani_dalla_nascita_nati_all_estero,7
017200,Villachiara,2021,italiani_dalla_nascita_nati_in_italia,1205
017200,Villachiara,2021,popolazione_residente,1360
017200,Villachiara,2021,stranieri,108
017200,Villachiara,2021,stranieri_nati_all_estero,84
017200,Villachiara,2021,stranieri_nati_in_italia,24
017200,Villachiara,2021,stranieri_nati_in_italia_minorenni,22
017200,Villachiara,2022,italiani,1246
017200,Villachiara,2022,italiani_acquisiti,47
017200,Villachiara,2022,italiani_acquisiti_nati_all_estero,31
017200,Villachiara,2022,italiani_acquisiti_nati_in_italia,16
017200,Villachiara,2022,italiani_acquisiti_nati_in_italia_minorenni,11
017200,Villachiara,2022,italiani_dalla_nascita,1199
017200,Villachiara,2022,italiani_dalla_nascita_nati_all_estero,7
017200,Villachiara,2022,italiani_dalla_nascita_nati_in_italia,1192
017200,Villachiara,2022,popolazione_residente,1362
017200,Villachiara,2022,stranieri,116
017200,Villachiara,2022,stranieri_nati_all_estero,90
017200,Villachiara,2022,stranieri_nati_in_italia,26
017200,Villachiara,2022,stranieri_nati_in_italia_minorenni,24
017200,Villachiara,2023,italiani,1243
017200,Villachiara,2023,italiani_acquisiti,47
017200,Villachiara,2023,italiani_acquisiti_nati_all_estero,31
017200,Villachiara,2023,italiani_acquisiti_nati_in_italia,16
017200,Villachiara,2023,italiani_acquisiti_nati_in_italia_minorenni,10
017200,Villachiara,2023,italiani_dalla_nascita,1196
017200,Villachiara,2023,italiani_dalla_nascita_nati_all_estero,7
017200,Villachiara,2023,italiani_dalla_nascita_nati_in_italia,1189
017200,Villachiara,2023,popolazione_residente,1369
017200,Villachiara,2023,stranieri,126
017200,Villachiara,2023,stranieri_nati_all_estero,100
017200,Villachiara,2023,stranieri_nati_in_italia,26
017200,Villachiara,2023,stranieri_nati_in_italia_minorenni,23
017201,Villanuova sul Clisi,2021,italiani,5125
017201,Villanuova sul Clisi,2021,italiani_acquisiti,409
017201,Villanuova sul Clisi,2021,italiani_acquisiti_nati_all_estero,283
017201,Villanuova sul Clisi,2021,italiani_acquisiti_nati_in_italia,126
017201,Villanuova sul Clisi,2021,italiani_acquisiti_nati_in_italia_minorenni,96
017201,Villanuova sul Clisi,2021,italiani_dalla_nascita,4716
017201,Villanuova sul Clisi,2021,italiani_dalla_nascita_nati_all_estero,86
017201,Villanuova sul Clisi,2021,italiani_dalla_nascita_nati_in_italia,4630
017201,Villanuova sul Clisi,2021,popolazione_residente,5834
017201,Villanuova sul Clisi,2021,stranieri,709
017201,Villanuova sul Clisi,2021,stranieri_nati_all_estero,582
017201,Villanuova sul Clisi,2021,stranieri_nati_in_italia,127
017201,Villanuova sul Clisi,2021,stranieri_nati_in_italia_minorenni,117
017201,Villanuova sul Clisi,2022,italiani,5163
017201,Villanuova sul Clisi,2022,italiani_acquisiti,468
017201,Villanuova sul Clisi,2022,italiani_acquisiti_nati_all_estero,319
017201,Villanuova sul Clisi,2022,italiani_acquisiti_nati_in_italia,149
017201,Villanuova sul Clisi,2022,italiani_acquisiti_nati_in_italia_minorenni,113
017201,Villanuova sul Clisi,2022,italiani_dalla_nascita,4695
017201,Villanuova sul Clisi,2022,italiani_dalla_nascita_nati_all_estero,80
017201,Villanuova sul Clisi,2022,italiani_dalla_nascita_nati_in_italia,4615
017201,Villanuova sul Clisi,2022,popolazione_residente,5818
017201,Villanuova sul Clisi,2022,stranieri,655
017201,Villanuova sul Clisi,2022,stranieri_nati_all_estero,556
017201,Villanuova sul Clisi,2022,stranieri_nati_in_italia,99
017201,Villanuova sul Clisi,2022,stranieri_nati_in_italia_minorenni,90
017201,Villanuova sul Clisi,2023,italiani,5188
017201,Villanuova sul Clisi,2023,italiani_acquisiti,514
017201,Villanuova sul Clisi,2023,italiani_acquisiti_nati_all_estero,347
017201,Villanuova sul Clisi,2023,italiani_acquisiti_nati_in_italia,167
017201,Villanuova sul Clisi,2023,italiani_acquisiti_nati_in_italia_minorenni,124
017201,Villanuova sul Clisi,2023,italiani_dalla_nascita,4674
017201,Villanuova sul Clisi,2023,italiani_dalla_nascita_nati_all_estero,86
017201,Villanuova sul Clisi,2023,italiani_dalla_nascita_nati_in_italia,4588
017201,Villanuova sul Clisi,2023,popolazione_residente,5856
017201,Villanuova sul Clisi,2023,stranieri,668
017201,Villanuova sul Clisi,2023,stranieri_nati_all_estero,574
017201,Villanuova sul Clisi,2023,stranieri_nati_in_italia,94
017201,Villanuova sul Clisi,2023,stranieri_nati_in_italia_minorenni,86
017202,Vione,2021,italiani,611
017202,Vione,2021,italiani_acquisiti,10
017202,Vione,2021,italiani_acquisiti_nati_all_estero,8
017202,Vione,2021,italiani_acquisiti_nati_in_italia,2
017202,Vione,2021,italiani_acquisiti_nati_in_italia_minorenni,2
017202,Vione,2021,italiani_dalla_nascita,601
017202,Vione,2021,italiani_dalla_nascita_nati_all_estero,8
017202,Vione,2021,italiani_dalla_nascita_nati_in_italia,593
017202,Vione,2021,popolazione_residente,627
017202,Vione,2021,stranieri,16
017202,Vione,2021,stranieri_nati_all_estero,15
017202,Vione,2021,stranieri_nati_in_italia,1
017202,Vione,2021,stranieri_nati_in_italia_minorenni,1
017202,Vione,2022,italiani,607
017202,Vione,2022,italiani_acquisiti,7
017202,Vione,2022,italiani_acquisiti_nati_all_estero,5
017202,Vione,2022,italiani_acquisiti_nati_in_italia,2
017202,Vione,2022,italiani_acquisiti_nati_in_italia_minorenni,2
017202,Vione,2022,italiani_dalla_nascita,600
017202,Vione,2022,italiani_dalla_nascita_nati_all_estero,8
017202,Vione,2022,italiani_dalla_nascita_nati_in_italia,592
017202,Vione,2022,popolazione_residente,623
017202,Vione,2022,stranieri,16
017202,Vione,2022,stranieri_nati_all_estero,15
017202,Vione,2022,stranieri_nati_in_italia,1
017202,Vione,2022,stranieri_nati_in_italia_minorenni,1
017202,Vione,2023,italiani,610
017202,Vione,2023,italiani_acquisiti,7
017202,Vione,2023,italiani_acquisiti_nati_all_estero,5
017202,Vione,2023,italiani_acquisiti_nati_in_italia,2
017202,Vione,2023,italiani_acquisiti_nati_in_italia_minorenni,2
017202,Vione,2023,italiani_dalla_nascita,603
017202,Vione,2023,italiani_dalla_nascita_nati_all_estero,8
017202,Vione,2023,italiani_dalla_nascita_nati_in_italia,595
017202,Vione,2023,popolazione_residente,628
017202,Vione,2023,stranieri,18
017202,Vione,2023,stranieri_nati_all_estero,17
017202,Vione,2023,stranieri_nati_in_italia,1
017202,Vione,2023,stranieri_nati_in_italia_minorenni,1
017203,Visano,2021,italiani,1810
017203,Visano,2021,italiani_acquisiti,94
017203,Visano,2021,italiani_acquisiti_nati_all_estero,53
017203,Visano,2021,italiani_acquisiti_nati_in_italia,41
017203,Visano,2021,italiani_acquisiti_nati_in_italia_minorenni,29
017203,Visano,2021,italiani_dalla_nascita,1716
017203,Visano,2021,italiani_dalla_nascita_nati_all_estero,7
017203,Visano,2021,italiani_dalla_nascita_nati_in_italia,1709
017203,Visano,2021,popolazione_residente,1992
017203,Visano,2021,stranieri,182
017203,Visano,2021,stranieri_nati_all_estero,147
017203,Visano,2021,stranieri_nati_in_italia,35
017203,Visano,2021,stranieri_nati_in_italia_minorenni,34
017203,Visano,2022,italiani,1798
017203,Visano,2022,italiani_acquisiti,105
017203,Visano,2022,italiani_acquisiti_nati_all_estero,57
017203,Visano,2022,italiani_acquisiti_nati_in_italia,48
017203,Visano,2022,italiani_acquisiti_nati_in_italia_minorenni,31
017203,Visano,2022,italiani_dalla_nascita,1693
017203,Visano,2022,italiani_dalla_nascita_nati_all_estero,9
017203,Visano,2022,italiani_dalla_nascita_nati_in_italia,1684
017203,Visano,2022,popolazione_residente,1982
017203,Visano,2022,stranieri,184
017203,Visano,2022,stranieri_nati_all_estero,150
017203,Visano,2022,stranieri_nati_in_italia,34
017203,Visano,2022,stranieri_nati_in_italia_minorenni,34
017203,Visano,2023,italiani,1807
017203,Visano,2023,italiani_acquisiti,112
017203,Visano,2023,italiani_acquisiti_nati_all_estero,62
017203,Visano,2023,italiani_acquisiti_nati_in_italia,50
017203,Visano,2023,italiani_acquisiti_nati_in_italia_minorenni,33
017203,Visano,2023,italiani_dalla_nascita,1695
017203,Visano,2023,italiani_dalla_nascita_nati_all_estero,7
017203,Visano,2023,italiani_dalla_nascita_nati_in_italia,1688
017203,Visano,2023,popolazione_residente,1976
017203,Visano,2023,stranieri,169
017203,Visano,2023,stranieri_nati_all_estero,136
017203,Visano,2023,stranieri_nati_in_italia,33
017203,Visano,2023,stranieri_nati_in_italia_minorenni,32
017204,Vobarno,2021,italiani,6925
017204,Vobarno,2021,italiani_acquisiti,786
017204,Vobarno,2021,italiani_acquisiti_nati_all_estero,464
017204,Vobarno,2021,italiani_acquisiti_nati_in_italia,322
017204,Vobarno,2021,italiani_acquisiti_nati_in_italia_minorenni,250
017204,Vobarno,2021,italiani_dalla_nascita,6139
017204,Vobarno,2021,italiani_dalla_nascita_nati_all_estero,84
017204,Vobarno,2021,italiani_dalla_nascita_nati_in_italia,6055
017204,Vobarno,2021,popolazione_residente,8257
017204,Vobarno,2021,stranieri,1332
017204,Vobarno,2021,stranieri_nati_all_estero,1069
017204,Vobarno,2021,stranieri_nati_in_italia,263
017204,Vobarno,2021,stranieri_nati_in_italia_minorenni,254
017204,Vobarno,2022,italiani,6982
017204,Vobarno,2022,italiani_acquisiti,843
017204,Vobarno,2022,italiani_acquisiti_nati_all_estero,499
017204,Vobarno,2022,italiani_acquisiti_nati_in_italia,344
017204,Vobarno,2022,italiani_acquisiti_nati_in_italia_minorenni,254
017204,Vobarno,2022,italiani_dalla_nascita,6139
017204,Vobarno,2022,italiani_dalla_nascita_nati_all_estero,94
017204,Vobarno,2022,italiani_dalla_nascita_nati_in_italia,6045
017204,Vobarno,2022,popolazione_residente,8306
017204,Vobarno,2022,stranieri,1324
017204,Vobarno,2022,stranieri_nati_all_estero,1066
017204,Vobarno,2022,stranieri_nati_in_italia,258
017204,Vobarno,2022,stranieri_nati_in_italia_minorenni,246
017204,Vobarno,2023,italiani,7015
017204,Vobarno,2023,italiani_acquisiti,907
017204,Vobarno,2023,italiani_acquisiti_nati_all_estero,549
017204,Vobarno,2023,italiani_acquisiti_nati_in_italia,358
017204,Vobarno,2023,italiani_acquisiti_nati_in_italia_minorenni,253
017204,Vobarno,2023,italiani_dalla_nascita,6108
017204,Vobarno,2023,italiani_dalla_nascita_nati_all_estero,90
017204,Vobarno,2023,italiani_dalla_nascita_nati_in_italia,6018
017204,Vobarno,2023,popolazione_residente,8369
017204,Vobarno,2023,stranieri,1354
017204,Vobarno,2023,stranieri_nati_all_estero,1097
017204,Vobarno,2023,stranieri_nati_in_italia,257
017204,Vobarno,2023,stranieri_nati_in_italia_minorenni,244
017205,Zone,2021,italiani,1000
017205,Zone,2021,italiani_acquisiti,17
017205,Zone,2021,italiani_acquisiti_nati_all_estero,16
017205,Zone,2021,italiani_acquisiti_nati_in_italia,1
017205,Zone,2021,italiani_acquisiti_nati_in_italia_minorenni,1
017205,Zone,2021,italiani_dalla_nascita,983
017205,Zone,2021,italiani_dalla_nascita_nati_all_estero,37
017205,Zone,2021,italiani_dalla_nascita_nati_in_italia,946
017205,Zone,2021,popolazione_residente,1039
017205,Zone,2021,stranieri,39
017205,Zone,2021,stranieri_nati_all_estero,37
017205,Zone,2021,stranieri_nati_in_italia,2
017205,Zone,2021,stranieri_nati_in_italia_minorenni,2
017205,Zone,2022,italiani,982
017205,Zone,2022,italiani_acquisiti,17
017205,Zone,2022,italiani_acquisiti_nati_all_estero,16
017205,Zone,2022,italiani_acquisiti_nati_in_italia,1
017205,Zone,2022,italiani_acquisiti_nati_in_italia_minorenni,1
017205,Zone,2022,italiani_dalla_nascita,965
017205,Zone,2022,italiani_dalla_nascita_nati_all_estero,37
017205,Zone,2022,italiani_dalla_nascita_nati_in_italia,928
017205,Zone,2022,popolazione_residente,1021
017205,Zone,2022,stranieri,39
017205,Zone,2022,stranieri_nati_all_estero,37
017205,Zone,2022,stranieri_nati_in_italia,2
017205,Zone,2022,stranieri_nati_in_italia_minorenni,2
017205,Zone,2023,italiani,982
017205,Zone,2023,italiani_acquisiti,20
017205,Zone,2023,italiani_acquisiti_nati_all_estero,19
017205,Zone,2023,italiani_acquisiti_nati_in_italia,1
017205,Zone,2023,italiani_acquisiti_nati_in_italia_minorenni,1
017205,Zone,2023,italiani_dalla_nascita,962
017205,Zone,2023,italiani_dalla_nascita_nati_all_estero,40
017205,Zone,2023,italiani_dalla_nascita_nati_in_italia,922
017205,Zone,2023,popolazione_residente,1025
017205,Zone,2023,stranieri,43
017205,Zone,2023,stranieri_nati_all_estero,40
017205,Zone,2023,stranieri_nati_in_italia,3
017205,Zone,2023,stranieri_nati_in_italia_minorenni,3
017206,Piancogno,2021,italiani,4075
017206,Piancogno,2021,italiani_acquisiti,210
017206,Piancogno,2021,italiani_acquisiti_nati_all_estero,143
017206,Piancogno,2021,italiani_acquisiti_nati_in_italia,67
017206,Piancogno,2021,italiani_acquisiti_nati_in_italia_minorenni,43
017206,Piancogno,2021,italiani_dalla_nascita,3865
017206,Piancogno,2021,italiani_dalla_nascita_nati_all_estero,66
017206,Piancogno,2021,italiani_dalla_nascita_nati_in_italia,3799
017206,Piancogno,2021,popolazione_residente,4742
017206,Piancogno,2021,stranieri,667
017206,Piancogno,2021,stranieri_nati_all_estero,515
017206,Piancogno,2021,stranieri_nati_in_italia,152
017206,Piancogno,2021,stranieri_nati_in_italia_minorenni,150
017206,Piancogno,2022,italiani,4124
017206,Piancogno,2022,italiani_acquisiti,258
017206,Piancogno,2022,italiani_acquisiti_nati_all_estero,171
017206,Piancogno,2022,italiani_acquisiti_nati_in_italia,87
017206,Piancogno,2022,italiani_acquisiti_nati_in_italia_minorenni,56
017206,Piancogno,2022,italiani_dalla_nascita,3866
017206,Piancogno,2022,italiani_dalla_nascita_nati_all_estero,65
017206,Piancogno,2022,italiani_dalla_nascita_nati_in_italia,3801
017206,Piancogno,2022,popolazione_residente,4782
017206,Piancogno,2022,stranieri,658
017206,Piancogno,2022,stranieri_nati_all_estero,515
017206,Piancogno,2022,stranieri_nati_in_italia,143
017206,Piancogno,2022,stranieri_nati_in_italia_minorenni,142
017206,Piancogno,2023,italiani,4116
017206,Piancogno,2023,italiani_acquisiti,273
017206,Piancogno,2023,italiani_acquisiti_nati_all_estero,176
017206,Piancogno,2023,italiani_acquisiti_nati_in_italia,97
017206,Piancogno,2023,italiani_acquisiti_nati_in_italia_minorenni,55
017206,Piancogno,2023,italiani_dalla_nascita,3843
017206,Piancogno,2023,italiani_dalla_nascita_nati_all_estero,68
017206,Piancogno,2023,italiani_dalla_nascita_nati_in_italia,3775
017206,Piancogno,2023,popolazione_residente,4774
017206,Piancogno,2023,stranieri,658
017206,Piancogno,2023,stranieri_nati_all_estero,528
017206,Piancogno,2023,stranieri_nati_in_italia,130
017206,Piancogno,2023,stranieri_nati_in_italia_minorenni,124
