codice_istat,comune,anno,indicatore,valore
017001,Acquafredda,2019,aggiustamento_statistico,10
017001,Acquafredda,2020,aggiustamento_statistico,-2
017001,Acquafredda,2021,aggiustamento_statistico,-2
017001,Acquafredda,2022,aggiustamento_statistico,2
017001,Acquafredda,2023,aggiustamento_statistico,1
017001,Acquafredda,2024,aggiustamento_statistico,-2
017001,Acquafredda,2019,emigrati_estero,15
017001,Acquafredda,2020,emigrati_estero,3
017001,Acquafredda,2021,emigrati_estero,5
017001,Acquafredda,2022,emigrati_estero,1
017001,Acquafredda,2023,emigrati_estero,4
017001,Acquafredda,2024,emigrati_estero,13
017001,Acquafredda,2019,emigrati_interni,73
017001,Acquafredda,2020,emigrati_interni,48
017001,Acquafredda,2021,emigrati_interni,50
017001,Acquafredda,2022,emigrati_interni,43
017001,Acquafredda,2023,emigrati_interni,38
017001,Acquafredda,2024,emigrati_interni,59
017001,Acquafredda,2019,immigrati_estero,8
017001,Acquafredda,2020,immigrati_estero,4
017001,Acquafredda,2021,immigrati_estero,8
017001,Acquafredda,2022,immigrati_estero,13
017001,Acquafredda,2023,immigrati_estero,8
017001,Acquafredda,2024,immigrati_estero,11
017001,Acquafredda,2019,immigrati_interni,56
017001,Acquafredda,2020,immigrati_interni,67
017001,Acquafredda,2021,immigrati_interni,65
017001,Acquafredda,2022,immigrati_interni,51
017001,Acquafredda,2023,immigrati_interni,57
017001,Acquafredda,2024,immigrati_interni,54
017001,Acquafredda,2019,morti,12
017001,Acquafredda,2020,morti,29
017001,Acquafredda,2021,morti,17
017001,Acquafredda,2022,morti,18
017001,Acquafredda,2023,morti,11
017001,Acquafredda,2024,morti,9
017001,Acquafredda,2019,nati,9
017001,Acquafredda,2020,nati,20
017001,Acquafredda,2021,nati,6
017001,Acquafredda,2022,nati,3
017001,Acquafredda,2023,nati,12
017001,Acquafredda,2024,nati,13
017001,Acquafredda,2019,popolazione_censita,1504
017001,Acquafredda,2020,popolazione_censita,1513
017001,Acquafredda,2021,popolazione_censita,1518
017001,Acquafredda,2022,popolazione_censita,1525
017001,Acquafredda,2023,popolazione_censita,1550
017001,Acquafredda,2024,popolazione_censita,1545
017001,Acquafredda,2019,popolazione_fine,1494
017001,Acquafredda,2020,popolazione_fine,1515
017001,Acquafredda,2021,popolazione_fine,1520
017001,Acquafredda,2022,popolazione_fine,1523
017001,Acquafredda,2023,popolazione_fine,1549
017001,Acquafredda,2024,popolazione_fine,1547
017001,Acquafredda,2019,popolazione_inizio,1521
017001,Acquafredda,2020,popolazione_inizio,1504
017001,Acquafredda,2021,popolazione_inizio,1513
017001,Acquafredda,2022,popolazione_inizio,1518
017001,Acquafredda,2023,popolazione_inizio,1525
017001,Acquafredda,2024,popolazione_inizio,1550
017001,Acquafredda,2019,variazioni_territoriali,0
017001,Acquafredda,2020,variazioni_territoriali,0
017001,Acquafredda,2021,variazioni_territoriali,0
017001,Acquafredda,2022,variazioni_territoriali,0
017001,Acquafredda,2023,variazioni_territoriali,0
017001,Acquafredda,2024,variazioni_territoriali,0
017002,Adro,2019,aggiustamento_statistico,-3
017002,Adro,2020,aggiustamento_statistico,19
017002,Adro,2021,aggiustamento_statistico,3
017002,Adro,2022,aggiustamento_statistico,-3
017002,Adro,2023,aggiustamento_statistico,1
017002,Adro,2024,aggiustamento_statistico,-2
017002,Adro,2019,emigrati_estero,14
017002,Adro,2020,emigrati_estero,13
017002,Adro,2021,emigrati_estero,10
017002,Adro,2022,emigrati_estero,15
017002,Adro,2023,emigrati_estero,18
017002,Adro,2024,emigrati_estero,14
017002,Adro,2019,emigrati_interni,168
017002,Adro,2020,emigrati_interni,170
017002,Adro,2021,emigrati_interni,148
017002,Adro,2022,emigrati_interni,158
017002,Adro,2023,emigrati_interni,170
017002,Adro,2024,emigrati_interni,154
017002,Adro,2019,immigrati_estero,27
017002,Adro,2020,immigrati_estero,12
017002,Adro,2021,immigrati_estero,20
017002,Adro,2022,immigrati_estero,18
017002,Adro,2023,immigrati_estero,16
017002,Adro,2024,immigrati_estero,32
017002,Adro,2019,immigrati_interni,241
017002,Adro,2020,immigrati_interni,144
017002,Adro,2021,immigrati_interni,221
017002,Adro,2022,immigrati_interni,174
017002,Adro,2023,immigrati_interni,200
017002,Adro,2024,immigrati_interni,185
017002,Adro,2019,morti,66
017002,Adro,2020,morti,112
017002,Adro,2021,morti,84
017002,Adro,2022,morti,78
017002,Adro,2023,morti,69
017002,Adro,2024,morti,88
017002,Adro,2019,nati,52
017002,Adro,2020,nati,56
017002,Adro,2021,nati,38
017002,Adro,2022,nati,42
017002,Adro,2023,nati,40
017002,Adro,2024,nati,36
017002,Adro,2019,popolazione_censita,7195
017002,Adro,2020,popolazione_censita,7131
017002,Adro,2021,popolazione_censita,7171
017002,Adro,2022,popolazione_censita,7151
017002,Adro,2023,popolazione_censita,7151
017002,Adro,2024,popolazione_censita,7146
017002,Adro,2019,popolazione_fine,7198
017002,Adro,2020,popolazione_fine,7112
017002,Adro,2021,popolazione_fine,7168
017002,Adro,2022,popolazione_fine,7154
017002,Adro,2023,popolazione_fine,7150
017002,Adro,2024,popolazione_fine,7148
017002,Adro,2019,popolazione_inizio,7126
017002,Adro,2020,popolazione_inizio,7195
017002,Adro,2021,popolazione_inizio,7131
017002,Adro,2022,popolazione_inizio,7171
017002,Adro,2023,popolazione_inizio,7151
017002,Adro,2024,popolazione_inizio,7151
017002,Adro,2019,variazioni_territoriali,0
017002,Adro,2020,variazioni_territoriali,0
017002,Adro,2021,variazioni_territoriali,0
017002,Adro,2022,variazioni_territoriali,0
017002,Adro,2023,variazioni_territoriali,0
017002,Adro,2024,variazioni_territoriali,0
017003,Agnosine,2019,aggiustamento_statistico,0
017003,Agnosine,2020,aggiustamento_statistico,-10
017003,Agnosine,2021,aggiustamento_statistico,2
017003,Agnosine,2022,aggiustamento_statistico,0
017003,Agnosine,2023,aggiustamento_statistico,3
017003,Agnosine,2024,aggiustamento_statistico,2
017003,Agnosine,2019,emigrati_estero,2
017003,Agnosine,2020,emigrati_estero,2
017003,Agnosine,2021,emigrati_estero,7
017003,Agnosine,2022,emigrati_estero,5
017003,Agnosine,2023,emigrati_estero,1
017003,Agnosine,2024,emigrati_estero,5
017003,Agnosine,2019,emigrati_interni,50
017003,Agnosine,2020,emigrati_interni,35
017003,Agnosine,2021,emigrati_interni,58
017003,Agnosine,2022,emigrati_interni,34
017003,Agnosine,2023,emigrati_interni,55
017003,Agnosine,2024,emigrati_interni,32
017003,Agnosine,2019,immigrati_estero,4
017003,Agnosine,2020,immigrati_estero,2
017003,Agnosine,2021,immigrati_estero,1
017003,Agnosine,2022,immigrati_estero,19
017003,Agnosine,2023,immigrati_estero,8
017003,Agnosine,2024,immigrati_estero,7
017003,Agnosine,2019,immigrati_interni,43
017003,Agnosine,2020,immigrati_interni,33
017003,Agnosine,2021,immigrati_interni,56
017003,Agnosine,2022,immigrati_interni,53
017003,Agnosine,2023,immigrati_interni,40
017003,Agnosine,2024,immigrati_interni,41
017003,Agnosine,2019,morti,27
017003,Agnosine,2020,morti,31
017003,Agnosine,2021,morti,18
017003,Agnosine,2022,morti,14
017003,Agnosine,2023,morti,19
017003,Agnosine,2024,morti,21
017003,Agnosine,2019,nati,8
017003,Agnosine,2020,nati,8
017003,Agnosine,2021,nati,10
017003,Agnosine,2022,nati,13
017003,Agnosine,2023,nati,8
017003,Agnosine,2024,nati,9
017003,Agnosine,2019,popolazione_censita,1671
017003,Agnosine,2020,popolazione_censita,1636
017003,Agnosine,2021,popolazione_censita,1622
017003,Agnosine,2022,popolazione_censita,1654
017003,Agnosine,2023,popolazione_censita,1638
017003,Agnosine,2024,popolazione_censita,1639
017003,Agnosine,2019,popolazione_fine,1671
017003,Agnosine,2020,popolazione_fine,1646
017003,Agnosine,2021,popolazione_fine,1620
017003,Agnosine,2022,popolazione_fine,1654
017003,Agnosine,2023,popolazione_fine,1635
017003,Agnosine,2024,popolazione_fine,1637
017003,Agnosine,2019,popolazione_inizio,1695
017003,Agnosine,2020,popolazione_inizio,1671
017003,Agnosine,2021,popolazione_inizio,1636
017003,Agnosine,2022,popolazione_inizio,1622
017003,Agnosine,2023,popolazione_inizio,1654
017003,Agnosine,2024,popolazione_inizio,1638
017003,Agnosine,2019,variazioni_territoriali,0
017003,Agnosine,2020,variazioni_territoriali,0
017003,Agnosine,2021,variazioni_territoriali,0
017003,Agnosine,2022,variazioni_territoriali,0
017003,Agnosine,2023,variazioni_territoriali,0
017003,Agnosine,2024,variazioni_territoriali,0
017004,Alfianello,2019,aggiustamento_statistico,2
017004,Alfianello,2020,aggiustamento_statistico,10
017004,Alfianello,2021,aggiustamento_statistico,-2
017004,Alfianello,2022,aggiustamento_statistico,-16
017004,Alfianello,2023,aggiustamento_statistico,-8
017004,Alfianello,2024,aggiustamento_statistico,-2
017004,Alfianello,2019,emigrati_estero,15
017004,Alfianello,2020,emigrati_estero,9
017004,Alfianello,2021,emigrati_estero,4
017004,Alfianello,2022,emigrati_estero,6
017004,Alfianello,2023,emigrati_estero,10
017004,Alfianello,2024,emigrati_estero,8
017004,Alfianello,2019,emigrati_interni,71
017004,Alfianello,2020,emigrati_interni,60
017004,Alfianello,2021,emigrati_interni,73
017004,Alfianello,2022,emigrati_interni,66
017004,Alfianello,2023,emigrati_interni,87
017004,Alfianello,2024,emigrati_interni,66
017004,Alfianello,2019,immigrati_estero,30
017004,Alfianello,2020,immigrati_estero,8
017004,Alfianello,2021,immigrati_estero,26
017004,Alfianello,2022,immigrati_estero,16
017004,Alfianello,2023,immigrati_estero,11
017004,Alfianello,2024,immigrati_estero,19
017004,Alfianello,2019,immigrati_interni,50
017004,Alfianello,2020,immigrati_interni,58
017004,Alfianello,2021,immigrati_interni,40
017004,Alfianello,2022,immigrati_interni,52
017004,Alfianello,2023,immigrati_interni,56
017004,Alfianello,2024,immigrati_interni,89
017004,Alfianello,2019,morti,32
017004,Alfianello,2020,morti,37
017004,Alfianello,2021,morti,29
017004,Alfianello,2022,morti,30
017004,Alfianello,2023,morti,28
017004,Alfianello,2024,morti,25
017004,Alfianello,2019,nati,14
017004,Alfianello,2020,nati,20
017004,Alfianello,2021,nati,18
017004,Alfianello,2022,nati,9
017004,Alfianello,2023,nati,16
017004,Alfianello,2024,nati,16
017004,Alfianello,2019,popolazione_censita,2406
017004,Alfianello,2020,popolazione_censita,2396
017004,Alfianello,2021,popolazione_censita,2372
017004,Alfianello,2022,popolazione_censita,2331
017004,Alfianello,2023,popolazione_censita,2281
017004,Alfianello,2024,popolazione_censita,2304
017004,Alfianello,2019,popolazione_fine,2404
017004,Alfianello,2020,popolazione_fine,2386
017004,Alfianello,2021,popolazione_fine,2374
017004,Alfianello,2022,popolazione_fine,2347
017004,Alfianello,2023,popolazione_fine,2289
017004,Alfianello,2024,popolazione_fine,2306
017004,Alfianello,2019,popolazione_inizio,2428
017004,Alfianello,2020,popolazione_inizio,2406
017004,Alfianello,2021,popolazione_inizio,2396
017004,Alfianello,2022,popolazione_inizio,2372
017004,Alfianello,2023,popolazione_inizio,2331
017004,Alfianello,2024,popolazione_inizio,2281
017004,Alfianello,2019,variazioni_territoriali,0
017004,Alfianello,2020,variazioni_territoriali,0
017004,Alfianello,2021,variazioni_territoriali,0
017004,Alfianello,2022,variazioni_territoriali,0
017004,Alfianello,2023,variazioni_territoriali,0
017004,Alfianello,2024,variazioni_territoriali,0
017005,Anfo,2019,aggiustamento_statistico,-1
017005,Anfo,2020,aggiustamento_statistico,-7
017005,Anfo,2021,aggiustamento_statistico,0
017005,Anfo,2022,aggiustamento_statistico,-1
017005,Anfo,2023,aggiustamento_statistico,-2
017005,Anfo,2024,aggiustamento_statistico,0
017005,Anfo,2019,emigrati_estero,1
017005,Anfo,2020,emigrati_estero,4
017005,Anfo,2021,emigrati_estero,0
017005,Anfo,2022,emigrati_estero,0
017005,Anfo,2023,emigrati_estero,0
017005,Anfo,2024,emigrati_estero,1
017005,Anfo,2019,emigrati_interni,21
017005,Anfo,2020,emigrati_interni,13
017005,Anfo,2021,emigrati_interni,19
017005,Anfo,2022,emigrati_interni,14
017005,Anfo,2023,emigrati_interni,26
017005,Anfo,2024,emigrati_interni,13
017005,Anfo,2019,immigrati_estero,1
017005,Anfo,2020,immigrati_estero,0
017005,Anfo,2021,immigrati_estero,2
017005,Anfo,2022,immigrati_estero,0
017005,Anfo,2023,immigrati_estero,2
017005,Anfo,2024,immigrati_estero,2
017005,Anfo,2019,immigrati_interni,11
017005,Anfo,2020,immigrati_interni,7
017005,Anfo,2021,immigrati_interni,25
017005,Anfo,2022,immigrati_interni,19
017005,Anfo,2023,immigrati_interni,19
017005,Anfo,2024,immigrati_interni,13
017005,Anfo,2019,morti,8
017005,Anfo,2020,morti,5
017005,Anfo,2021,morti,4
017005,Anfo,2022,morti,11
017005,Anfo,2023,morti,2
017005,Anfo,2024,morti,5
017005,Anfo,2019,nati,1
017005,Anfo,2020,nati,2
017005,Anfo,2021,nati,2
017005,Anfo,2022,nati,4
017005,Anfo,2023,nati,0
017005,Anfo,2024,nati,2
017005,Anfo,2019,popolazione_censita,464
017005,Anfo,2020,popolazione_censita,444
017005,Anfo,2021,popolazione_censita,450
017005,Anfo,2022,popolazione_censita,447
017005,Anfo,2023,popolazione_censita,438
017005,Anfo,2024,popolazione_censita,436
017005,Anfo,2019,popolazione_fine,465
017005,Anfo,2020,popolazione_fine,451
017005,Anfo,2021,popolazione_fine,450
017005,Anfo,2022,popolazione_fine,448
017005,Anfo,2023,popolazione_fine,440
017005,Anfo,2024,popolazione_fine,436
017005,Anfo,2019,popolazione_inizio,482
017005,Anfo,2020,popolazione_inizio,464
017005,Anfo,2021,popolazione_inizio,444
017005,Anfo,2022,popolazione_inizio,450
017005,Anfo,2023,popolazione_inizio,447
017005,Anfo,2024,popolazione_inizio,438
017005,Anfo,2019,variazioni_territoriali,0
017005,Anfo,2020,variazioni_territoriali,0
017005,Anfo,2021,variazioni_territoriali,0
017005,Anfo,2022,variazioni_territoriali,0
017005,Anfo,2023,variazioni_territoriali,0
017005,Anfo,2024,variazioni_territoriali,0
017006,Angolo Terme,2019,aggiustamento_statistico,2
017006,Angolo Terme,2020,aggiustamento_statistico,-10
017006,Angolo Terme,2021,aggiustamento_statistico,2
017006,Angolo Terme,2022,aggiustamento_statistico,3
017006,Angolo Terme,2023,aggiustamento_statistico,-3
017006,Angolo Terme,2024,aggiustamento_statistico,-1
017006,Angolo Terme,2019,emigrati_estero,7
017006,Angolo Terme,2020,emigrati_estero,2
017006,Angolo Terme,2021,emigrati_estero,7
017006,Angolo Terme,2022,emigrati_estero,0
017006,Angolo Terme,2023,emigrati_estero,2
017006,Angolo Terme,2024,emigrati_estero,4
017006,Angolo Terme,2019,emigrati_interni,58
017006,Angolo Terme,2020,emigrati_interni,51
017006,Angolo Terme,2021,emigrati_interni,64
017006,Angolo Terme,2022,emigrati_interni,67
017006,Angolo Terme,2023,emigrati_interni,71
017006,Angolo Terme,2024,emigrati_interni,53
017006,Angolo Terme,2019,immigrati_estero,9
017006,Angolo Terme,2020,immigrati_estero,7
017006,Angolo Terme,2021,immigrati_estero,10
017006,Angolo Terme,2022,immigrati_estero,8
017006,Angolo Terme,2023,immigrati_estero,18
017006,Angolo Terme,2024,immigrati_estero,17
017006,Angolo Terme,2019,immigrati_interni,56
017006,Angolo Terme,2020,immigrati_interni,63
017006,Angolo Terme,2021,immigrati_interni,42
017006,Angolo Terme,2022,immigrati_interni,57
017006,Angolo Terme,2023,immigrati_interni,50
017006,Angolo Terme,2024,immigrati_interni,95
017006,Angolo Terme,2019,morti,24
017006,Angolo Terme,2020,morti,29
017006,Angolo Terme,2021,morti,26
017006,Angolo Terme,2022,morti,26
017006,Angolo Terme,2023,morti,13
017006,Angolo Terme,2024,morti,24
017006,Angolo Terme,2019,nati,12
017006,Angolo Terme,2020,nati,17
017006,Angolo Terme,2021,nati,14
017006,Angolo Terme,2022,nati,22
017006,Angolo Terme,2023,nati,10
017006,Angolo Terme,2024,nati,13
017006,Angolo Terme,2019,popolazione_censita,2343
017006,Angolo Terme,2020,popolazione_censita,2338
017006,Angolo Terme,2021,popolazione_censita,2309
017006,Angolo Terme,2022,popolazione_censita,2306
017006,Angolo Terme,2023,popolazione_censita,2295
017006,Angolo Terme,2024,popolazione_censita,2338
017006,Angolo Terme,2019,popolazione_fine,2341
017006,Angolo Terme,2020,popolazione_fine,2348
017006,Angolo Terme,2021,popolazione_fine,2307
017006,Angolo Terme,2022,popolazione_fine,2303
017006,Angolo Terme,2023,popolazione_fine,2298
017006,Angolo Terme,2024,popolazione_fine,2339
017006,Angolo Terme,2019,popolazione_inizio,2353
017006,Angolo Terme,2020,popolazione_inizio,2343
017006,Angolo Terme,2021,popolazione_inizio,2338
017006,Angolo Terme,2022,popolazione_inizio,2309
017006,Angolo Terme,2023,popolazione_inizio,2306
017006,Angolo Terme,2024,popolazione_inizio,2295
017006,Angolo Terme,2019,variazioni_territoriali,0
017006,Angolo Terme,2020,variazioni_territoriali,0
017006,Angolo Terme,2021,variazioni_territoriali,0
017006,Angolo Terme,2022,variazioni_territoriali,0
017006,Angolo Terme,2023,variazioni_territoriali,0
017006,Angolo Terme,2024,variazioni_territoriali,0
017007,Artogne,2019,aggiustamento_statistico,9
017007,Artogne,2020,aggiustamento_statistico,49
017007,Artogne,2021,aggiustamento_statistico,-2
017007,Artogne,2022,aggiustamento_statistico,12
017007,Artogne,2023,aggiustamento_statistico,3
017007,Artogne,2024,aggiustamento_statistico,4
017007,Artogne,2019,emigrati_estero,9
017007,Artogne,2020,emigrati_estero,7
017007,Artogne,2021,emigrati_estero,6
017007,Artogne,2022,emigrati_estero,7
017007,Artogne,2023,emigrati_estero,6
017007,Artogne,2024,emigrati_estero,12
017007,Artogne,2019,emigrati_interni,97
017007,Artogne,2020,emigrati_interni,99
017007,Artogne,2021,emigrati_interni,113
017007,Artogne,2022,emigrati_interni,121
017007,Artogne,2023,emigrati_interni,86
017007,Artogne,2024,emigrati_interni,100
017007,Artogne,2019,immigrati_estero,7
017007,Artogne,2020,immigrati_estero,14
017007,Artogne,2021,immigrati_estero,15
017007,Artogne,2022,immigrati_estero,23
017007,Artogne,2023,immigrati_estero,21
017007,Artogne,2024,immigrati_estero,24
017007,Artogne,2019,immigrati_interni,120
017007,Artogne,2020,immigrati_interni,111
017007,Artogne,2021,immigrati_interni,106
017007,Artogne,2022,immigrati_interni,122
017007,Artogne,2023,immigrati_interni,119
017007,Artogne,2024,immigrati_interni,134
017007,Artogne,2019,morti,35
017007,Artogne,2020,morti,44
017007,Artogne,2021,morti,55
017007,Artogne,2022,morti,38
017007,Artogne,2023,morti,30
017007,Artogne,2024,morti,24
017007,Artogne,2019,nati,21
017007,Artogne,2020,nati,16
017007,Artogne,2021,nati,29
017007,Artogne,2022,nati,24
017007,Artogne,2023,nati,18
017007,Artogne,2024,nati,24
017007,Artogne,2019,popolazione_censita,3553
017007,Artogne,2020,popolazione_censita,3593
017007,Artogne,2021,popolazione_censita,3567
017007,Artogne,2022,popolazione_censita,3582
017007,Artogne,2023,popolazione_censita,3621
017007,Artogne,2024,popolazione_censita,3671
017007,Artogne,2019,popolazione_fine,3544
017007,Artogne,2020,popolazione_fine,3544
017007,Artogne,2021,popolazione_fine,3569
017007,Artogne,2022,popolazione_fine,3570
017007,Artogne,2023,popolazione_fine,3618
017007,Artogne,2024,popolazione_fine,3667
017007,Artogne,2019,popolazione_inizio,3537
017007,Artogne,2020,popolazione_inizio,3553
017007,Artogne,2021,popolazione_inizio,3593
017007,Artogne,2022,popolazione_inizio,3567
017007,Artogne,2023,popolazione_inizio,3582
017007,Artogne,2024,popolazione_inizio,3621
017007,Artogne,2019,variazioni_territoriali,0
017007,Artogne,2020,variazioni_territoriali,0
017007,Artogne,2021,variazioni_territoriali,0
017007,Artogne,2022,variazioni_territoriali,0
017007,Artogne,2023,variazioni_territoriali,0
017007,Artogne,2024,variazioni_territoriali,0
017008,Azzano Mella,2019,aggiustamento_statistico,-28
017008,Azzano Mella,2020,aggiustamento_statistico,13
017008,Azzano Mella,2021,aggiustamento_statistico,-26
017008,Azzano Mella,2022,aggiustamento_statistico,-18
017008,Azzano Mella,2023,aggiustamento_statistico,-13
017008,Azzano Mella,2024,aggiustamento_statistico,-22
017008,Azzano Mella,2019,emigrati_estero,12
017008,Azzano Mella,2020,emigrati_estero,15
017008,Azzano Mella,2021,emigrati_estero,21
017008,Azzano Mella,2022,emigrati_estero,3
017008,Azzano Mella,2023,emigrati_estero,6
017008,Azzano Mella,2024,emigrati_estero,3
017008,Azzano Mella,2019,emigrati_interni,138
017008,Azzano Mella,2020,emigrati_interni,140
017008,Azzano Mella,2021,emigrati_interni,140
017008,Azzano Mella,2022,emigrati_interni,143
017008,Azzano Mella,2023,emigrati_interni,150
017008,Azzano Mella,2024,emigrati_interni,136
017008,Azzano Mella,2019,immigrati_estero,18
017008,Azzano Mella,2020,immigrati_estero,14
017008,Azzano Mella,2021,immigrati_estero,37
017008,Azzano Mella,2022,immigrati_estero,32
017008,Azzano Mella,2023,immigrati_estero,72
017008,Azzano Mella,2024,immigrati_estero,54
017008,Azzano Mella,2019,immigrati_interni,172
017008,Azzano Mella,2020,immigrati_interni,123
017008,Azzano Mella,2021,immigrati_interni,181
017008,Azzano Mella,2022,immigrati_interni,146
017008,Azzano Mella,2023,immigrati_interni,157
017008,Azzano Mella,2024,immigrati_interni,114
017008,Azzano Mella,2019,morti,27
017008,Azzano Mella,2020,morti,32
017008,Azzano Mella,2021,morti,19
017008,Azzano Mella,2022,morti,23
017008,Azzano Mella,2023,morti,19
017008,Azzano Mella,2024,morti,17
017008,Azzano Mella,2019,nati,25
017008,Azzano Mella,2020,nati,23
017008,Azzano Mella,2021,nati,30
017008,Azzano Mella,2022,nati,29
017008,Azzano Mella,2023,nati,39
017008,Azzano Mella,2024,nati,19
017008,Azzano Mella,2019,popolazione_censita,3370
017008,Azzano Mella,2020,popolazione_censita,3356
017008,Azzano Mella,2021,popolazione_censita,3398
017008,Azzano Mella,2022,popolazione_censita,3418
017008,Azzano Mella,2023,popolazione_censita,3498
017008,Azzano Mella,2024,popolazione_censita,3507
017008,Azzano Mella,2019,popolazione_fine,3398
017008,Azzano Mella,2020,popolazione_fine,3343
017008,Azzano Mella,2021,popolazione_fine,3424
017008,Azzano Mella,2022,popolazione_fine,3436
017008,Azzano Mella,2023,popolazione_fine,3511
017008,Azzano Mella,2024,popolazione_fine,3529
017008,Azzano Mella,2019,popolazione_inizio,3360
017008,Azzano Mella,2020,popolazione_inizio,3370
017008,Azzano Mella,2021,popolazione_inizio,3356
017008,Azzano Mella,2022,popolazione_inizio,3398
017008,Azzano Mella,2023,popolazione_inizio,3418
017008,Azzano Mella,2024,popolazione_inizio,3498
017008,Azzano Mella,2019,variazioni_territoriali,0
017008,Azzano Mella,2020,variazioni_territoriali,0
017008,Azzano Mella,2021,variazioni_territoriali,0
017008,Azzano Mella,2022,variazioni_territoriali,0
017008,Azzano Mella,2023,variazioni_territoriali,0
017008,Azzano Mella,2024,variazioni_territoriali,0
017009,Bagnolo Mella,2019,aggiustamento_statistico,-70
017009,Bagnolo Mella,2020,aggiustamento_statistico,110
017009,Bagnolo Mella,2021,aggiustamento_statistico,-27
017009,Bagnolo Mella,2022,aggiustamento_statistico,-3
017009,Bagnolo Mella,2023,aggiustamento_statistico,-24
017009,Bagnolo Mella,2024,aggiustamento_statistico,-14
017009,Bagnolo Mella,2019,emigrati_estero,36
017009,Bagnolo Mella,2020,emigrati_estero,47
017009,Bagnolo Mella,2021,emigrati_estero,32
017009,Bagnolo Mella,2022,emigrati_estero,25
017009,Bagnolo Mella,2023,emigrati_estero,31
017009,Bagnolo Mella,2024,emigrati_estero,33
017009,Bagnolo Mella,2019,emigrati_interni,283
017009,Bagnolo Mella,2020,emigrati_interni,262
017009,Bagnolo Mella,2021,emigrati_interni,267
017009,Bagnolo Mella,2022,emigrati_interni,278
017009,Bagnolo Mella,2023,emigrati_interni,311
017009,Bagnolo Mella,2024,emigrati_interni,254
017009,Bagnolo Mella,2019,immigrati_estero,71
017009,Bagnolo Mella,2020,immigrati_estero,67
017009,Bagnolo Mella,2021,immigrati_estero,49
017009,Bagnolo Mella,2022,immigrati_estero,81
017009,Bagnolo Mella,2023,immigrati_estero,62
017009,Bagnolo Mella,2024,immigrati_estero,58
017009,Bagnolo Mella,2019,immigrati_interni,347
017009,Bagnolo Mella,2020,immigrati_interni,308
017009,Bagnolo Mella,2021,immigrati_interni,258
017009,Bagnolo Mella,2022,immigrati_interni,255
017009,Bagnolo Mella,2023,immigrati_interni,271
017009,Bagnolo Mella,2024,immigrati_interni,286
017009,Bagnolo Mella,2019,morti,131
017009,Bagnolo Mella,2020,morti,173
017009,Bagnolo Mella,2021,morti,129
017009,Bagnolo Mella,2022,morti,124
017009,Bagnolo Mella,2023,morti,106
017009,Bagnolo Mella,2024,morti,102
017009,Bagnolo Mella,2019,nati,90
017009,Bagnolo Mella,2020,nati,95
017009,Bagnolo Mella,2021,nati,88
017009,Bagnolo Mella,2022,nati,87
017009,Bagnolo Mella,2023,nati,89
017009,Bagnolo Mella,2024,nati,93
017009,Bagnolo Mella,2019,popolazione_censita,12456
017009,Bagnolo Mella,2020,popolazione_censita,12554
017009,Bagnolo Mella,2021,popolazione_censita,12494
017009,Bagnolo Mella,2022,popolazione_censita,12487
017009,Bagnolo Mella,2023,popolazione_censita,12437
017009,Bagnolo Mella,2024,popolazione_censita,12471
017009,Bagnolo Mella,2019,popolazione_fine,12526
017009,Bagnolo Mella,2020,popolazione_fine,12444
017009,Bagnolo Mella,2021,popolazione_fine,12521
017009,Bagnolo Mella,2022,popolazione_fine,12490
017009,Bagnolo Mella,2023,popolazione_fine,12461
017009,Bagnolo Mella,2024,popolazione_fine,12485
017009,Bagnolo Mella,2019,popolazione_inizio,12468
017009,Bagnolo Mella,2020,popolazione_inizio,12456
017009,Bagnolo Mella,2021,popolazione_inizio,12554
017009,Bagnolo Mella,2022,popolazione_inizio,12494
017009,Bagnolo Mella,2023,popolazione_inizio,12487
017009,Bagnolo Mella,2024,popolazione_inizio,12437
017009,Bagnolo Mella,2019,variazioni_territoriali,0
017009,Bagnolo Mella,2020,variazioni_territoriali,0
017009,Bagnolo Mella,2021,variazioni_territoriali,0
017009,Bagnolo Mella,2022,variazioni_territoriali,0
017009,Bagnolo Mella,2023,variazioni_territoriali,0
017009,Bagnolo Mella,2024,variazioni_territoriali,0
017010,Bagolino,2019,aggiustamento_statistico,0
017010,Bagolino,2020,aggiustamento_statistico,-34
017010,Bagolino,2021,aggiustamento_statistico,1
017010,Bagolino,2022,aggiustamento_statistico,3
017010,Bagolino,2023,aggiustamento_statistico,-2
017010,Bagolino,2024,aggiustamento_statistico,0
017010,Bagolino,2019,emigrati_estero,4
017010,Bagolino,2020,emigrati_estero,0
017010,Bagolino,2021,emigrati_estero,4
017010,Bagolino,2022,emigrati_estero,16
017010,Bagolino,2023,emigrati_estero,10
017010,Bagolino,2024,emigrati_estero,6
017010,Bagolino,2019,emigrati_interni,54
017010,Bagolino,2020,emigrati_interni,46
017010,Bagolino,2021,emigrati_interni,40
017010,Bagolino,2022,emigrati_interni,36
017010,Bagolino,2023,emigrati_interni,39
017010,Bagolino,2024,emigrati_interni,42
017010,Bagolino,2019,immigrati_estero,2
017010,Bagolino,2020,immigrati_estero,3
017010,Bagolino,2021,immigrati_estero,4
017010,Bagolino,2022,immigrati_estero,5
017010,Bagolino,2023,immigrati_estero,15
017010,Bagolino,2024,immigrati_estero,4
017010,Bagolino,2019,immigrati_interni,63
017010,Bagolino,2020,immigrati_interni,75
017010,Bagolino,2021,immigrati_interni,99
017010,Bagolino,2022,immigrati_interni,88
017010,Bagolino,2023,immigrati_interni,88
017010,Bagolino,2024,immigrati_interni,69
017010,Bagolino,2019,morti,60
017010,Bagolino,2020,morti,90
017010,Bagolino,2021,morti,66
017010,Bagolino,2022,morti,60
017010,Bagolino,2023,morti,62
017010,Bagolino,2024,morti,55
017010,Bagolino,2019,nati,16
017010,Bagolino,2020,nati,20
017010,Bagolino,2021,nati,15
017010,Bagolino,2022,nati,28
017010,Bagolino,2023,nati,24
017010,Bagolino,2024,nati,13
017010,Bagolino,2019,popolazione_censita,3818
017010,Bagolino,2020,popolazione_censita,3746
017010,Bagolino,2021,popolazione_censita,3755
017010,Bagolino,2022,popolazione_censita,3767
017010,Bagolino,2023,popolazione_censita,3781
017010,Bagolino,2024,popolazione_censita,3764
017010,Bagolino,2019,popolazione_fine,3818
017010,Bagolino,2020,popolazione_fine,3780
017010,Bagolino,2021,popolazione_fine,3754
017010,Bagolino,2022,popolazione_fine,3764
017010,Bagolino,2023,popolazione_fine,3783
017010,Bagolino,2024,popolazione_fine,3764
017010,Bagolino,2019,popolazione_inizio,3855
017010,Bagolino,2020,popolazione_inizio,3818
017010,Bagolino,2021,popolazione_inizio,3746
017010,Bagolino,2022,popolazione_inizio,3755
017010,Bagolino,2023,popolazione_inizio,3767
017010,Bagolino,2024,popolazione_inizio,3781
017010,Bagolino,2019,variazioni_territoriali,0
017010,Bagolino,2020,variazioni_territoriali,0
017010,Bagolino,2021,variazioni_territoriali,0
017010,Bagolino,2022,variazioni_territoriali,0
017010,Bagolino,2023,variazioni_territoriali,0
017010,Bagolino,2024,variazioni_territoriali,0
017011,Barbariga,2019,aggiustamento_statistico,4
017011,Barbariga,2020,aggiustamento_statistico,13
017011,Barbariga,2021,aggiustamento_statistico,-8
017011,Barbariga,2022,aggiustamento_statistico,-6
017011,Barbariga,2023,aggiustamento_statistico,5
017011,Barbariga,2024,aggiustamento_statistico,-10
017011,Barbariga,2019,emigrati_estero,2
017011,Barbariga,2020,emigrati_estero,2
017011,Barbariga,2021,emigrati_estero,4
017011,Barbariga,2022,emigrati_estero,11
017011,Barbariga,2023,emigrati_estero,11
017011,Barbariga,2024,emigrati_estero,8
017011,Barbariga,2019,emigrati_interni,38
017011,Barbariga,2020,emigrati_interni,60
017011,Barbariga,2021,emigrati_interni,65
017011,Barbariga,2022,emigrati_interni,52
017011,Barbariga,2023,emigrati_interni,67
017011,Barbariga,2024,emigrati_interni,69
017011,Barbariga,2019,immigrati_estero,10
017011,Barbariga,2020,immigrati_estero,4
017011,Barbariga,2021,immigrati_estero,13
017011,Barbariga,2022,immigrati_estero,21
017011,Barbariga,2023,immigrati_estero,15
017011,Barbariga,2024,immigrati_estero,19
017011,Barbariga,2019,immigrati_interni,60
017011,Barbariga,2020,immigrati_interni,59
017011,Barbariga,2021,immigrati_interni,78
017011,Barbariga,2022,immigrati_interni,73
017011,Barbariga,2023,immigrati_interni,70
017011,Barbariga,2024,immigrati_interni,58
017011,Barbariga,2019,morti,22
017011,Barbariga,2020,morti,47
017011,Barbariga,2021,morti,18
017011,Barbariga,2022,morti,25
017011,Barbariga,2023,morti,30
017011,Barbariga,2024,morti,33
017011,Barbariga,2019,nati,14
017011,Barbariga,2020,nati,20
017011,Barbariga,2021,nati,21
017011,Barbariga,2022,nati,13
017011,Barbariga,2023,nati,11
017011,Barbariga,2024,nati,20
017011,Barbariga,2019,popolazione_censita,2313
017011,Barbariga,2020,popolazione_censita,2300
017011,Barbariga,2021,popolazione_censita,2317
017011,Barbariga,2022,popolazione_censita,2330
017011,Barbariga,2023,popolazione_censita,2323
017011,Barbariga,2024,popolazione_censita,2300
017011,Barbariga,2019,popolazione_fine,2309
017011,Barbariga,2020,popolazione_fine,2287
017011,Barbariga,2021,popolazione_fine,2325
017011,Barbariga,2022,popolazione_fine,2336
017011,Barbariga,2023,popolazione_fine,2318
017011,Barbariga,2024,popolazione_fine,2310
017011,Barbariga,2019,popolazione_inizio,2287
017011,Barbariga,2020,popolazione_inizio,2313
017011,Barbariga,2021,popolazione_inizio,2300
017011,Barbariga,2022,popolazione_inizio,2317
017011,Barbariga,2023,popolazione_inizio,2330
017011,Barbariga,2024,popolazione_inizio,2323
017011,Barbariga,2019,variazioni_territoriali,0
017011,Barbariga,2020,variazioni_territoriali,0
017011,Barbariga,2021,variazioni_territoriali,0
017011,Barbariga,2022,variazioni_territoriali,0
017011,Barbariga,2023,variazioni_territoriali,0
017011,Barbariga,2024,variazioni_territoriali,0
017012,Barghe,2019,aggiustamento_statistico,2
017012,Barghe,2020,aggiustamento_statistico,-6
017012,Barghe,2021,aggiustamento_statistico,5
017012,Barghe,2022,aggiustamento_statistico,1
017012,Barghe,2023,aggiustamento_statistico,-4
017012,Barghe,2024,aggiustamento_statistico,3
017012,Barghe,2019,emigrati_estero,5
017012,Barghe,2020,emigrati_estero,4
017012,Barghe,2021,emigrati_estero,0
017012,Barghe,2022,emigrati_estero,0
017012,Barghe,2023,emigrati_estero,2
017012,Barghe,2024,emigrati_estero,2
017012,Barghe,2019,emigrati_interni,33
017012,Barghe,2020,emigrati_interni,26
017012,Barghe,2021,emigrati_interni,41
017012,Barghe,2022,emigrati_interni,23
017012,Barghe,2023,emigrati_interni,27
017012,Barghe,2024,emigrati_interni,26
017012,Barghe,2019,immigrati_estero,1
017012,Barghe,2020,immigrati_estero,3
017012,Barghe,2021,immigrati_estero,7
017012,Barghe,2022,immigrati_estero,2
017012,Barghe,2023,immigrati_estero,3
017012,Barghe,2024,immigrati_estero,11
017012,Barghe,2019,immigrati_interni,16
017012,Barghe,2020,immigrati_interni,23
017012,Barghe,2021,immigrati_interni,28
017012,Barghe,2022,immigrati_interni,24
017012,Barghe,2023,immigrati_interni,36
017012,Barghe,2024,immigrati_interni,31
017012,Barghe,2019,morti,6
017012,Barghe,2020,morti,11
017012,Barghe,2021,morti,10
017012,Barghe,2022,morti,12
017012,Barghe,2023,morti,7
017012,Barghe,2024,morti,10
017012,Barghe,2019,nati,10
017012,Barghe,2020,nati,4
017012,Barghe,2021,nati,6
017012,Barghe,2022,nati,7
017012,Barghe,2023,nati,5
017012,Barghe,2024,nati,9
017012,Barghe,2019,popolazione_censita,1160
017012,Barghe,2020,popolazione_censita,1143
017012,Barghe,2021,popolazione_censita,1138
017012,Barghe,2022,popolazione_censita,1137
017012,Barghe,2023,popolazione_censita,1141
017012,Barghe,2024,popolazione_censita,1157
017012,Barghe,2019,popolazione_fine,1158
017012,Barghe,2020,popolazione_fine,1149
017012,Barghe,2021,popolazione_fine,1133
017012,Barghe,2022,popolazione_fine,1136
017012,Barghe,2023,popolazione_fine,1145
017012,Barghe,2024,popolazione_fine,1154
017012,Barghe,2019,popolazione_inizio,1175
017012,Barghe,2020,popolazione_inizio,1160
017012,Barghe,2021,popolazione_inizio,1143
017012,Barghe,2022,popolazione_inizio,1138
017012,Barghe,2023,popolazione_inizio,1137
017012,Barghe,2024,popolazione_inizio,1141
017012,Barghe,2019,variazioni_territoriali,0
017012,Barghe,2020,variazioni_territoriali,0
017012,Barghe,2021,variazioni_territoriali,0
017012,Barghe,2022,variazioni_territoriali,0
017012,Barghe,2023,variazioni_territoriali,0
017012,Barghe,2024,variazioni_territoriali,0
017013,Bassano Bresciano,2019,aggiustamento_statistico,-10
017013,Bassano Bresciano,2020,aggiustamento_statistico,8
017013,Bassano Bresciano,2021,aggiustamento_statistico,15
017013,Bassano Bresciano,2022,aggiustamento_statistico,-4
017013,Bassano Bresciano,2023,aggiustamento_statistico,-7
017013,Bassano Bresciano,2024,aggiustamento_statistico,11
017013,Bassano Bresciano,2019,emigrati_estero,6
017013,Bassano Bresciano,2020,emigrati_estero,1
017013,Bassano Bresciano,2021,emigrati_estero,21
017013,Bassano Bresciano,2022,emigrati_estero,8
017013,Bassano Bresciano,2023,emigrati_estero,6
017013,Bassano Bresciano,2024,emigrati_estero,12
017013,Bassano Bresciano,2019,emigrati_interni,63
017013,Bassano Bresciano,2020,emigrati_interni,60
017013,Bassano Bresciano,2021,emigrati_interni,66
017013,Bassano Bresciano,2022,emigrati_interni,76
017013,Bassano Bresciano,2023,emigrati_interni,75
017013,Bassano Bresciano,2024,emigrati_interni,62
017013,Bassano Bresciano,2019,immigrati_estero,10
017013,Bassano Bresciano,2020,immigrati_estero,10
017013,Bassano Bresciano,2021,immigrati_estero,11
017013,Bassano Bresciano,2022,immigrati_estero,9
017013,Bassano Bresciano,2023,immigrati_estero,10
017013,Bassano Bresciano,2024,immigrati_estero,8
017013,Bassano Bresciano,2019,immigrati_interni,76
017013,Bassano Bresciano,2020,immigrati_interni,54
017013,Bassano Bresciano,2021,immigrati_interni,68
017013,Bassano Bresciano,2022,immigrati_interni,82
017013,Bassano Bresciano,2023,immigrati_interni,68
017013,Bassano Bresciano,2024,immigrati_interni,105
017013,Bassano Bresciano,2019,morti,14
017013,Bassano Bresciano,2020,morti,17
017013,Bassano Bresciano,2021,morti,16
017013,Bassano Bresciano,2022,morti,22
017013,Bassano Bresciano,2023,morti,20
017013,Bassano Bresciano,2024,morti,14
017013,Bassano Bresciano,2019,nati,15
017013,Bassano Bresciano,2020,nati,27
017013,Bassano Bresciano,2021,nati,16
017013,Bassano Bresciano,2022,nati,20
017013,Bassano Bresciano,2023,nati,15
017013,Bassano Bresciano,2024,nati,12
017013,Bassano Bresciano,2019,popolazione_censita,2305
017013,Bassano Bresciano,2020,popolazione_censita,2326
017013,Bassano Bresciano,2021,popolazione_censita,2333
017013,Bassano Bresciano,2022,popolazione_censita,2334
017013,Bassano Bresciano,2023,popolazione_censita,2319
017013,Bassano Bresciano,2024,popolazione_censita,2367
017013,Bassano Bresciano,2019,popolazione_fine,2315
017013,Bassano Bresciano,2020,popolazione_fine,2318
017013,Bassano Bresciano,2021,popolazione_fine,2318
017013,Bassano Bresciano,2022,popolazione_fine,2338
017013,Bassano Bresciano,2023,popolazione_fine,2326
017013,Bassano Bresciano,2024,popolazione_fine,2356
017013,Bassano Bresciano,2019,popolazione_inizio,2297
017013,Bassano Bresciano,2020,popolazione_inizio,2305
017013,Bassano Bresciano,2021,popolazione_inizio,2326
017013,Bassano Bresciano,2022,popolazione_inizio,2333
017013,Bassano Bresciano,2023,popolazione_inizio,2334
017013,Bassano Bresciano,2024,popolazione_inizio,2319
017013,Bassano Bresciano,2019,variazioni_territoriali,0
017013,Bassano Bresciano,2020,variazioni_territoriali,0
017013,Bassano Bresciano,2021,variazioni_territoriali,0
017013,Bassano Bresciano,2022,variazioni_territoriali,0
017013,Bassano Bresciano,2023,variazioni_territoriali,0
017013,Bassano Bresciano,2024,variazioni_territoriali,0
017014,Bedizzole,2019,aggiustamento_statistico,-93
017014,Bedizzole,2020,aggiustamento_statistico,118
017014,Bedizzole,2021,aggiustamento_statistico,-24
017014,Bedizzole,2022,aggiustamento_statistico,-34
017014,Bedizzole,2023,aggiustamento_statistico,-42
017014,Bedizzole,2024,aggiustamento_statistico,8
017014,Bedizzole,2019,emigrati_estero,58
017014,Bedizzole,2020,emigrati_estero,58
017014,Bedizzole,2021,emigrati_estero,72
017014,Bedizzole,2022,emigrati_estero,57
017014,Bedizzole,2023,emigrati_estero,63
017014,Bedizzole,2024,emigrati_estero,50
017014,Bedizzole,2019,emigrati_interni,462
017014,Bedizzole,2020,emigrati_interni,348
017014,Bedizzole,2021,emigrati_interni,405
017014,Bedizzole,2022,emigrati_interni,422
017014,Bedizzole,2023,emigrati_interni,399
017014,Bedizzole,2024,emigrati_interni,340
017014,Bedizzole,2019,immigrati_estero,90
017014,Bedizzole,2020,immigrati_estero,66
017014,Bedizzole,2021,immigrati_estero,67
017014,Bedizzole,2022,immigrati_estero,74
017014,Bedizzole,2023,immigrati_estero,73
017014,Bedizzole,2024,immigrati_estero,69
017014,Bedizzole,2019,immigrati_interni,432
017014,Bedizzole,2020,immigrati_interni,508
017014,Bedizzole,2021,immigrati_interni,432
017014,Bedizzole,2022,immigrati_interni,427
017014,Bedizzole,2023,immigrati_interni,440
017014,Bedizzole,2024,immigrati_interni,321
017014,Bedizzole,2019,morti,113
017014,Bedizzole,2020,morti,145
017014,Bedizzole,2021,morti,120
017014,Bedizzole,2022,morti,117
017014,Bedizzole,2023,morti,127
017014,Bedizzole,2024,morti,124
017014,Bedizzole,2019,nati,87
017014,Bedizzole,2020,nati,104
017014,Bedizzole,2021,nati,86
017014,Bedizzole,2022,nati,96
017014,Bedizzole,2023,nati,80
017014,Bedizzole,2024,nati,81
017014,Bedizzole,2019,popolazione_censita,12069
017014,Bedizzole,2020,popolazione_censita,12314
017014,Bedizzole,2021,popolazione_censita,12278
017014,Bedizzole,2022,popolazione_censita,12245
017014,Bedizzole,2023,popolazione_censita,12207
017014,Bedizzole,2024,popolazione_censita,12172
017014,Bedizzole,2019,popolazione_fine,12162
017014,Bedizzole,2020,popolazione_fine,12196
017014,Bedizzole,2021,popolazione_fine,12302
017014,Bedizzole,2022,popolazione_fine,12279
017014,Bedizzole,2023,popolazione_fine,12249
017014,Bedizzole,2024,popolazione_fine,12164
017014,Bedizzole,2019,popolazione_inizio,12186
017014,Bedizzole,2020,popolazione_inizio,12069
017014,Bedizzole,2021,popolazione_inizio,12314
017014,Bedizzole,2022,popolazione_inizio,12278
017014,Bedizzole,2023,popolazione_inizio,12245
017014,Bedizzole,2024,popolazione_inizio,12207
017014,Bedizzole,2019,variazioni_territoriali,0
017014,Bedizzole,2020,variazioni_territoriali,0
017014,Bedizzole,2021,variazioni_territoriali,0
017014,Bedizzole,2022,variazioni_territoriali,0
017014,Bedizzole,2023,variazioni_territoriali,0
017014,Bedizzole,2024,variazioni_territoriali,0
017015,Berlingo,2019,aggiustamento_statistico,-14
017015,Berlingo,2020,aggiustamento_statistico,5
017015,Berlingo,2021,aggiustamento_statistico,15
017015,Berlingo,2022,aggiustamento_statistico,-9
017015,Berlingo,2023,aggiustamento_statistico,-1
017015,Berlingo,2024,aggiustamento_statistico,11
017015,Berlingo,2019,emigrati_estero,15
017015,Berlingo,2020,emigrati_estero,17
017015,Berlingo,2021,emigrati_estero,7
017015,Berlingo,2022,emigrati_estero,8
017015,Berlingo,2023,emigrati_estero,10
017015,Berlingo,2024,emigrati_estero,9
017015,Berlingo,2019,emigrati_interni,93
017015,Berlingo,2020,emigrati_interni,86
017015,Berlingo,2021,emigrati_interni,88
017015,Berlingo,2022,emigrati_interni,86
017015,Berlingo,2023,emigrati_interni,114
017015,Berlingo,2024,emigrati_interni,90
017015,Berlingo,2019,immigrati_estero,19
017015,Berlingo,2020,immigrati_estero,10
017015,Berlingo,2021,immigrati_estero,19
017015,Berlingo,2022,immigrati_estero,20
017015,Berlingo,2023,immigrati_estero,26
017015,Berlingo,2024,immigrati_estero,21
017015,Berlingo,2019,immigrati_interni,107
017015,Berlingo,2020,immigrati_interni,80
017015,Berlingo,2021,immigrati_interni,82
017015,Berlingo,2022,immigrati_interni,99
017015,Berlingo,2023,immigrati_interni,82
017015,Berlingo,2024,immigrati_interni,73
017015,Berlingo,2019,morti,20
017015,Berlingo,2020,morti,36
017015,Berlingo,2021,morti,25
017015,Berlingo,2022,morti,30
017015,Berlingo,2023,morti,28
017015,Berlingo,2024,morti,23
017015,Berlingo,2019,nati,25
017015,Berlingo,2020,nati,25
017015,Berlingo,2021,nati,12
017015,Berlingo,2022,nati,17
017015,Berlingo,2023,nati,28
017015,Berlingo,2024,nati,19
017015,Berlingo,2019,popolazione_censita,2763
017015,Berlingo,2020,popolazione_censita,2744
017015,Berlingo,2021,popolazione_censita,2752
017015,Berlingo,2022,popolazione_censita,2755
017015,Berlingo,2023,popolazione_censita,2738
017015,Berlingo,2024,popolazione_censita,2740
017015,Berlingo,2019,popolazione_fine,2777
017015,Berlingo,2020,popolazione_fine,2739
017015,Berlingo,2021,popolazione_fine,2737
017015,Berlingo,2022,popolazione_fine,2764
017015,Berlingo,2023,popolazione_fine,2739
017015,Berlingo,2024,popolazione_fine,2729
017015,Berlingo,2019,popolazione_inizio,2754
017015,Berlingo,2020,popolazione_inizio,2763
017015,Berlingo,2021,popolazione_inizio,2744
017015,Berlingo,2022,popolazione_inizio,2752
017015,Berlingo,2023,popolazione_inizio,2755
017015,Berlingo,2024,popolazione_inizio,2738
017015,Berlingo,2019,variazioni_territoriali,0
017015,Berlingo,2020,variazioni_territoriali,0
017015,Berlingo,2021,variazioni_territoriali,0
017015,Berlingo,2022,variazioni_territoriali,0
017015,Berlingo,2023,variazioni_territoriali,0
017015,Berlingo,2024,variazioni_territoriali,0
017016,Berzo Demo,2019,aggiustamento_statistico,0
017016,Berzo Demo,2020,aggiustamento_statistico,-16
017016,Berzo Demo,2021,aggiustamento_statistico,-2
017016,Berzo Demo,2022,aggiustamento_statistico,2
017016,Berzo Demo,2023,aggiustamento_statistico,1
017016,Berzo Demo,2024,aggiustamento_statistico,-2
017016,Berzo Demo,2019,emigrati_estero,0
017016,Berzo Demo,2020,emigrati_estero,2
017016,Berzo Demo,2021,emigrati_estero,2
017016,Berzo Demo,2022,emigrati_estero,10
017016,Berzo Demo,2023,emigrati_estero,1
017016,Berzo Demo,2024,emigrati_estero,0
017016,Berzo Demo,2019,emigrati_interni,37
017016,Berzo Demo,2020,emigrati_interni,30
017016,Berzo Demo,2021,emigrati_interni,29
017016,Berzo Demo,2022,emigrati_interni,26
017016,Berzo Demo,2023,emigrati_interni,33
017016,Berzo Demo,2024,emigrati_interni,33
017016,Berzo Demo,2019,immigrati_estero,3
017016,Berzo Demo,2020,immigrati_estero,2
017016,Berzo Demo,2021,immigrati_estero,1
017016,Berzo Demo,2022,immigrati_estero,4
017016,Berzo Demo,2023,immigrati_estero,2
017016,Berzo Demo,2024,immigrati_estero,4
017016,Berzo Demo,2019,immigrati_interni,19
017016,Berzo Demo,2020,immigrati_interni,26
017016,Berzo Demo,2021,immigrati_interni,16
017016,Berzo Demo,2022,immigrati_interni,22
017016,Berzo Demo,2023,immigrati_interni,30
017016,Berzo Demo,2024,immigrati_interni,20
017016,Berzo Demo,2019,morti,22
017016,Berzo Demo,2020,morti,30
017016,Berzo Demo,2021,morti,15
017016,Berzo Demo,2022,morti,19
017016,Berzo Demo,2023,morti,26
017016,Berzo Demo,2024,morti,18
017016,Berzo Demo,2019,nati,5
017016,Berzo Demo,2020,nati,6
017016,Berzo Demo,2021,nati,5
017016,Berzo Demo,2022,nati,7
017016,Berzo Demo,2023,nati,4
017016,Berzo Demo,2024,nati,6
017016,Berzo Demo,2019,popolazione_censita,1595
017016,Berzo Demo,2020,popolazione_censita,1551
017016,Berzo Demo,2021,popolazione_censita,1525
017016,Berzo Demo,2022,popolazione_censita,1505
017016,Berzo Demo,2023,popolazione_censita,1482
017016,Berzo Demo,2024,popolazione_censita,1459
017016,Berzo Demo,2019,popolazione_fine,1595
017016,Berzo Demo,2020,popolazione_fine,1567
017016,Berzo Demo,2021,popolazione_fine,1527
017016,Berzo Demo,2022,popolazione_fine,1503
017016,Berzo Demo,2023,popolazione_fine,1481
017016,Berzo Demo,2024,popolazione_fine,1461
017016,Berzo Demo,2019,popolazione_inizio,1627
017016,Berzo Demo,2020,popolazione_inizio,1595
017016,Berzo Demo,2021,popolazione_inizio,1551
017016,Berzo Demo,2022,popolazione_inizio,1525
017016,Berzo Demo,2023,popolazione_inizio,1505
017016,Berzo Demo,2024,popolazione_inizio,1482
017016,Berzo Demo,2019,variazioni_territoriali,0
017016,Berzo Demo,2020,variazioni_territoriali,0
017016,Berzo Demo,2021,variazioni_territoriali,0
017016,Berzo Demo,2022,variazioni_territoriali,0
017016,Berzo Demo,2023,variazioni_territoriali,0
017016,Berzo Demo,2024,variazioni_territoriali,0
017017,Berzo Inferiore,2019,aggiustamento_statistico,-4
017017,Berzo Inferiore,2020,aggiustamento_statistico,2
017017,Berzo Inferiore,2021,aggiustamento_statistico,2
017017,Berzo Inferiore,2022,aggiustamento_statistico,-1
017017,Berzo Inferiore,2023,aggiustamento_statistico,-6
017017,Berzo Inferiore,2024,aggiustamento_statistico,-2
017017,Berzo Inferiore,2019,emigrati_estero,4
017017,Berzo Inferiore,2020,emigrati_estero,8
017017,Berzo Inferiore,2021,emigrati_estero,7
017017,Berzo Inferiore,2022,emigrati_estero,2
017017,Berzo Inferiore,2023,emigrati_estero,0
017017,Berzo Inferiore,2024,emigrati_estero,5
017017,Berzo Inferiore,2019,emigrati_interni,110
017017,Berzo Inferiore,2020,emigrati_interni,101
017017,Berzo Inferiore,2021,emigrati_interni,58
017017,Berzo Inferiore,2022,emigrati_interni,49
017017,Berzo Inferiore,2023,emigrati_interni,51
017017,Berzo Inferiore,2024,emigrati_interni,62
017017,Berzo Inferiore,2019,immigrati_estero,10
017017,Berzo Inferiore,2020,immigrati_estero,3
017017,Berzo Inferiore,2021,immigrati_estero,8
017017,Berzo Inferiore,2022,immigrati_estero,17
017017,Berzo Inferiore,2023,immigrati_estero,20
017017,Berzo Inferiore,2024,immigrati_estero,9
017017,Berzo Inferiore,2019,immigrati_interni,107
017017,Berzo Inferiore,2020,immigrati_interni,72
017017,Berzo Inferiore,2021,immigrati_interni,68
017017,Berzo Inferiore,2022,immigrati_interni,57
017017,Berzo Inferiore,2023,immigrati_interni,55
017017,Berzo Inferiore,2024,immigrati_interni,71
017017,Berzo Inferiore,2019,morti,32
017017,Berzo Inferiore,2020,morti,21
017017,Berzo Inferiore,2021,morti,16
017017,Berzo Inferiore,2022,morti,30
017017,Berzo Inferiore,2023,morti,26
017017,Berzo Inferiore,2024,morti,19
017017,Berzo Inferiore,2019,nati,20
017017,Berzo Inferiore,2020,nati,24
017017,Berzo Inferiore,2021,nati,10
017017,Berzo Inferiore,2022,nati,11
017017,Berzo Inferiore,2023,nati,18
017017,Berzo Inferiore,2024,nati,21
017017,Berzo Inferiore,2019,popolazione_censita,2469
017017,Berzo Inferiore,2020,popolazione_censita,2440
017017,Berzo Inferiore,2021,popolazione_censita,2447
017017,Berzo Inferiore,2022,popolazione_censita,2450
017017,Berzo Inferiore,2023,popolazione_censita,2460
017017,Berzo Inferiore,2024,popolazione_censita,2473
017017,Berzo Inferiore,2019,popolazione_fine,2473
017017,Berzo Inferiore,2020,popolazione_fine,2438
017017,Berzo Inferiore,2021,popolazione_fine,2445
017017,Berzo Inferiore,2022,popolazione_fine,2451
017017,Berzo Inferiore,2023,popolazione_fine,2466
017017,Berzo Inferiore,2024,popolazione_fine,2475
017017,Berzo Inferiore,2019,popolazione_inizio,2482
017017,Berzo Inferiore,2020,popolazione_inizio,2469
017017,Berzo Inferiore,2021,popolazione_inizio,2440
017017,Berzo Inferiore,2022,popolazione_inizio,2447
017017,Berzo Inferiore,2023,popolazione_inizio,2450
017017,Berzo Inferiore,2024,popolazione_inizio,2460
017017,Berzo Inferiore,2019,variazioni_territoriali,0
017017,Berzo Inferiore,2020,variazioni_territoriali,0
017017,Berzo Inferiore,2021,variazioni_territoriali,0
017017,Berzo Inferiore,2022,variazioni_territoriali,0
017017,Berzo Inferiore,2023,variazioni_territoriali,0
017017,Berzo Inferiore,2024,variazioni_territoriali,0
017018,Bienno,2019,aggiustamento_statistico,-2
017018,Bienno,2020,aggiustamento_statistico,-14
017018,Bienno,2021,aggiustamento_statistico,3
017018,Bienno,2022,aggiustamento_statistico,0
017018,Bienno,2023,aggiustamento_statistico,-10
017018,Bienno,2024,aggiustamento_statistico,3
017018,Bienno,2019,emigrati_estero,6
017018,Bienno,2020,emigrati_estero,2
017018,Bienno,2021,emigrati_estero,10
017018,Bienno,2022,emigrati_estero,1
017018,Bienno,2023,emigrati_estero,7
017018,Bienno,2024,emigrati_estero,9
017018,Bienno,2019,emigrati_interni,96
017018,Bienno,2020,emigrati_interni,62
017018,Bienno,2021,emigrati_interni,80
017018,Bienno,2022,emigrati_interni,82
017018,Bienno,2023,emigrati_interni,74
017018,Bienno,2024,emigrati_interni,82
017018,Bienno,2019,immigrati_estero,15
017018,Bienno,2020,immigrati_estero,14
017018,Bienno,2021,immigrati_estero,11
017018,Bienno,2022,immigrati_estero,24
017018,Bienno,2023,immigrati_estero,14
017018,Bienno,2024,immigrati_estero,27
017018,Bienno,2019,immigrati_interni,86
017018,Bienno,2020,immigrati_interni,94
017018,Bienno,2021,immigrati_interni,99
017018,Bienno,2022,immigrati_interni,91
017018,Bienno,2023,immigrati_interni,81
017018,Bienno,2024,immigrati_interni,98
017018,Bienno,2019,morti,45
017018,Bienno,2020,morti,65
017018,Bienno,2021,morti,45
017018,Bienno,2022,morti,47
017018,Bienno,2023,morti,44
017018,Bienno,2024,morti,53
017018,Bienno,2019,nati,20
017018,Bienno,2020,nati,25
017018,Bienno,2021,nati,22
017018,Bienno,2022,nati,26
017018,Bienno,2023,nati,25
017018,Bienno,2024,nati,20
017018,Bienno,2019,popolazione_censita,3770
017018,Bienno,2020,popolazione_censita,3760
017018,Bienno,2021,popolazione_censita,3760
017018,Bienno,2022,popolazione_censita,3771
017018,Bienno,2023,popolazione_censita,3756
017018,Bienno,2024,popolazione_censita,3760
017018,Bienno,2019,popolazione_fine,3772
017018,Bienno,2020,popolazione_fine,3774
017018,Bienno,2021,popolazione_fine,3757
017018,Bienno,2022,popolazione_fine,3771
017018,Bienno,2023,popolazione_fine,3766
017018,Bienno,2024,popolazione_fine,3757
017018,Bienno,2019,popolazione_inizio,3798
017018,Bienno,2020,popolazione_inizio,3770
017018,Bienno,2021,popolazione_inizio,3760
017018,Bienno,2022,popolazione_inizio,3760
017018,Bienno,2023,popolazione_inizio,3771
017018,Bienno,2024,popolazione_inizio,3756
017018,Bienno,2019,variazioni_territoriali,0
017018,Bienno,2020,variazioni_territoriali,0
017018,Bienno,2021,variazioni_territoriali,0
017018,Bienno,2022,variazioni_territoriali,0
017018,Bienno,2023,variazioni_territoriali,0
017018,Bienno,2024,variazioni_territoriali,0
017019,Bione,2019,aggiustamento_statistico,-3
017019,Bione,2020,aggiustamento_statistico,-5
017019,Bione,2021,aggiustamento_statistico,-3
017019,Bione,2022,aggiustamento_statistico,-1
017019,Bione,2023,aggiustamento_statistico,-1
017019,Bione,2024,aggiustamento_statistico,3
017019,Bione,2019,emigrati_estero,13
017019,Bione,2020,emigrati_estero,5
017019,Bione,2021,emigrati_estero,0
017019,Bione,2022,emigrati_estero,4
017019,Bione,2023,emigrati_estero,1
017019,Bione,2024,emigrati_estero,6
017019,Bione,2019,emigrati_interni,29
017019,Bione,2020,emigrati_interni,24
017019,Bione,2021,emigrati_interni,36
017019,Bione,2022,emigrati_interni,32
017019,Bione,2023,emigrati_interni,25
017019,Bione,2024,emigrati_interni,29
017019,Bione,2019,immigrati_estero,11
017019,Bione,2020,immigrati_estero,0
017019,Bione,2021,immigrati_estero,3
017019,Bione,2022,immigrati_estero,3
017019,Bione,2023,immigrati_estero,11
017019,Bione,2024,immigrati_estero,9
017019,Bione,2019,immigrati_interni,14
017019,Bione,2020,immigrati_interni,25
017019,Bione,2021,immigrati_interni,48
017019,Bione,2022,immigrati_interni,37
017019,Bione,2023,immigrati_interni,16
017019,Bione,2024,immigrati_interni,21
017019,Bione,2019,morti,13
017019,Bione,2020,morti,27
017019,Bione,2021,morti,17
017019,Bione,2022,morti,16
017019,Bione,2023,morti,11
017019,Bione,2024,morti,19
017019,Bione,2019,nati,8
017019,Bione,2020,nati,10
017019,Bione,2021,nati,3
017019,Bione,2022,nati,7
017019,Bione,2023,nati,5
017019,Bione,2024,nati,8
017019,Bione,2019,popolazione_censita,1339
017019,Bione,2020,popolazione_censita,1313
017019,Bione,2021,popolazione_censita,1311
017019,Bione,2022,popolazione_censita,1305
017019,Bione,2023,popolazione_censita,1299
017019,Bione,2024,popolazione_censita,1286
017019,Bione,2019,popolazione_fine,1342
017019,Bione,2020,popolazione_fine,1318
017019,Bione,2021,popolazione_fine,1314
017019,Bione,2022,popolazione_fine,1306
017019,Bione,2023,popolazione_fine,1300
017019,Bione,2024,popolazione_fine,1283
017019,Bione,2019,popolazione_inizio,1364
017019,Bione,2020,popolazione_inizio,1339
017019,Bione,2021,popolazione_inizio,1313
017019,Bione,2022,popolazione_inizio,1311
017019,Bione,2023,popolazione_inizio,1305
017019,Bione,2024,popolazione_inizio,1299
017019,Bione,2019,variazioni_territoriali,0
017019,Bione,2020,variazioni_territoriali,0
017019,Bione,2021,variazioni_territoriali,0
017019,Bione,2022,variazioni_territoriali,0
017019,Bione,2023,variazioni_territoriali,0
017019,Bione,2024,variazioni_territoriali,0
017020,Borgo San Giacomo,2019,aggiustamento_statistico,-2
017020,Borgo San Giacomo,2020,aggiustamento_statistico,-66
017020,Borgo San Giacomo,2021,aggiustamento_statistico,29
017020,Borgo San Giacomo,2022,aggiustamento_statistico,-2
017020,Borgo San Giacomo,2023,aggiustamento_statistico,-1
017020,Borgo San Giacomo,2024,aggiustamento_statistico,6
017020,Borgo San Giacomo,2019,emigrati_estero,19
017020,Borgo San Giacomo,2020,emigrati_estero,13
017020,Borgo San Giacomo,2021,emigrati_estero,36
017020,Borgo San Giacomo,2022,emigrati_estero,19
017020,Borgo San Giacomo,2023,emigrati_estero,20
017020,Borgo San Giacomo,2024,emigrati_estero,31
017020,Borgo San Giacomo,2019,emigrati_interni,159
017020,Borgo San Giacomo,2020,emigrati_interni,156
017020,Borgo San Giacomo,2021,emigrati_interni,109
017020,Borgo San Giacomo,2022,emigrati_interni,146
017020,Borgo San Giacomo,2023,emigrati_interni,159
017020,Borgo San Giacomo,2024,emigrati_interni,136
017020,Borgo San Giacomo,2019,immigrati_estero,44
017020,Borgo San Giacomo,2020,immigrati_estero,42
017020,Borgo San Giacomo,2021,immigrati_estero,39
017020,Borgo San Giacomo,2022,immigrati_estero,68
017020,Borgo San Giacomo,2023,immigrati_estero,89
017020,Borgo San Giacomo,2024,immigrati_estero,73
017020,Borgo San Giacomo,2019,immigrati_interni,212
017020,Borgo San Giacomo,2020,immigrati_interni,173
017020,Borgo San Giacomo,2021,immigrati_interni,135
017020,Borgo San Giacomo,2022,immigrati_interni,147
017020,Borgo San Giacomo,2023,immigrati_interni,188
017020,Borgo San Giacomo,2024,immigrati_interni,140
017020,Borgo San Giacomo,2019,morti,48
017020,Borgo San Giacomo,2020,morti,78
017020,Borgo San Giacomo,2021,morti,43
017020,Borgo San Giacomo,2022,morti,48
017020,Borgo San Giacomo,2023,morti,46
017020,Borgo San Giacomo,2024,morti,48
017020,Borgo San Giacomo,2019,nati,36
017020,Borgo San Giacomo,2020,nati,39
017020,Borgo San Giacomo,2021,nati,39
017020,Borgo San Giacomo,2022,nati,32
017020,Borgo San Giacomo,2023,nati,49
017020,Borgo San Giacomo,2024,nati,53
017020,Borgo San Giacomo,2019,popolazione_censita,5393
017020,Borgo San Giacomo,2020,popolazione_censita,5334
017020,Borgo San Giacomo,2021,popolazione_censita,5388
017020,Borgo San Giacomo,2022,popolazione_censita,5420
017020,Borgo San Giacomo,2023,popolazione_censita,5520
017020,Borgo San Giacomo,2024,popolazione_censita,5577
017020,Borgo San Giacomo,2019,popolazione_fine,5395
017020,Borgo San Giacomo,2020,popolazione_fine,5400
017020,Borgo San Giacomo,2021,popolazione_fine,5359
017020,Borgo San Giacomo,2022,popolazione_fine,5422
017020,Borgo San Giacomo,2023,popolazione_fine,5521
017020,Borgo San Giacomo,2024,popolazione_fine,5571
017020,Borgo San Giacomo,2019,popolazione_inizio,5329
017020,Borgo San Giacomo,2020,popolazione_inizio,5393
017020,Borgo San Giacomo,2021,popolazione_inizio,5334
017020,Borgo San Giacomo,2022,popolazione_inizio,5388
017020,Borgo San Giacomo,2023,popolazione_inizio,5420
017020,Borgo San Giacomo,2024,popolazione_inizio,5520
017020,Borgo San Giacomo,2019,variazioni_territoriali,0
017020,Borgo San Giacomo,2020,variazioni_territoriali,0
017020,Borgo San Giacomo,2021,variazioni_territoriali,0
017020,Borgo San Giacomo,2022,variazioni_territoriali,0
017020,Borgo San Giacomo,2023,variazioni_territoriali,0
017020,Borgo San Giacomo,2024,variazioni_territoriali,0
017021,Borgosatollo,2019,aggiustamento_statistico,-15
017021,Borgosatollo,2020,aggiustamento_statistico,58
017021,Borgosatollo,2021,aggiustamento_statistico,-41
017021,Borgosatollo,2022,aggiustamento_statistico,5
017021,Borgosatollo,2023,aggiustamento_statistico,-17
017021,Borgosatollo,2024,aggiustamento_statistico,-16
017021,Borgosatollo,2019,emigrati_estero,26
017021,Borgosatollo,2020,emigrati_estero,10
017021,Borgosatollo,2021,emigrati_estero,23
017021,Borgosatollo,2022,emigrati_estero,20
017021,Borgosatollo,2023,emigrati_estero,12
017021,Borgosatollo,2024,emigrati_estero,28
017021,Borgosatollo,2019,emigrati_interni,267
017021,Borgosatollo,2020,emigrati_interni,310
017021,Borgosatollo,2021,emigrati_interni,300
017021,Borgosatollo,2022,emigrati_interni,273
017021,Borgosatollo,2023,emigrati_interni,295
017021,Borgosatollo,2024,emigrati_interni,284
017021,Borgosatollo,2019,immigrati_estero,42
017021,Borgosatollo,2020,immigrati_estero,22
017021,Borgosatollo,2021,immigrati_estero,35
017021,Borgosatollo,2022,immigrati_estero,22
017021,Borgosatollo,2023,immigrati_estero,28
017021,Borgosatollo,2024,immigrati_estero,71
017021,Borgosatollo,2019,immigrati_interni,292
017021,Borgosatollo,2020,immigrati_interni,243
017021,Borgosatollo,2021,immigrati_interni,298
017021,Borgosatollo,2022,immigrati_interni,318
017021,Borgosatollo,2023,immigrati_interni,305
017021,Borgosatollo,2024,immigrati_interni,295
017021,Borgosatollo,2019,morti,75
017021,Borgosatollo,2020,morti,100
017021,Borgosatollo,2021,morti,93
017021,Borgosatollo,2022,morti,80
017021,Borgosatollo,2023,morti,87
017021,Borgosatollo,2024,morti,76
017021,Borgosatollo,2019,nati,64
017021,Borgosatollo,2020,nati,63
017021,Borgosatollo,2021,nati,55
017021,Borgosatollo,2022,nati,67
017021,Borgosatollo,2023,nati,57
017021,Borgosatollo,2024,nati,51
017021,Borgosatollo,2019,popolazione_censita,9164
017021,Borgosatollo,2020,popolazione_censita,9130
017021,Borgosatollo,2021,popolazione_censita,9061
017021,Borgosatollo,2022,popolazione_censita,9100
017021,Borgosatollo,2023,popolazione_censita,9079
017021,Borgosatollo,2024,popolazione_censita,9092
017021,Borgosatollo,2019,popolazione_fine,9179
017021,Borgosatollo,2020,popolazione_fine,9072
017021,Borgosatollo,2021,popolazione_fine,9102
017021,Borgosatollo,2022,popolazione_fine,9095
017021,Borgosatollo,2023,popolazione_fine,9096
017021,Borgosatollo,2024,popolazione_fine,9108
017021,Borgosatollo,2019,popolazione_inizio,9149
017021,Borgosatollo,2020,popolazione_inizio,9164
017021,Borgosatollo,2021,popolazione_inizio,9130
017021,Borgosatollo,2022,popolazione_inizio,9061
017021,Borgosatollo,2023,popolazione_inizio,9100
017021,Borgosatollo,2024,popolazione_inizio,9079
017021,Borgosatollo,2019,variazioni_territoriali,0
017021,Borgosatollo,2020,variazioni_territoriali,0
017021,Borgosatollo,2021,variazioni_territoriali,0
017021,Borgosatollo,2022,variazioni_territoriali,0
017021,Borgosatollo,2023,variazioni_territoriali,0
017021,Borgosatollo,2024,variazioni_territoriali,0
017022,Borno,2019,aggiustamento_statistico,19
017022,Borno,2020,aggiustamento_statistico,-107
017022,Borno,2021,aggiustamento_statistico,-3
017022,Borno,2022,aggiustamento_statistico,-11
017022,Borno,2023,aggiustamento_statistico,3
017022,Borno,2024,aggiustamento_statistico,-2
017022,Borno,2019,emigrati_estero,42
017022,Borno,2020,emigrati_estero,12
017022,Borno,2021,emigrati_estero,7
017022,Borno,2022,emigrati_estero,5
017022,Borno,2023,emigrati_estero,5
017022,Borno,2024,emigrati_estero,3
017022,Borno,2019,emigrati_interni,61
017022,Borno,2020,emigrati_interni,53
017022,Borno,2021,emigrati_interni,55
017022,Borno,2022,emigrati_interni,66
017022,Borno,2023,emigrati_interni,37
017022,Borno,2024,emigrati_interni,66
017022,Borno,2019,immigrati_estero,101
017022,Borno,2020,immigrati_estero,21
017022,Borno,2021,immigrati_estero,3
017022,Borno,2022,immigrati_estero,5
017022,Borno,2023,immigrati_estero,3
017022,Borno,2024,immigrati_estero,9
017022,Borno,2019,immigrati_interni,54
017022,Borno,2020,immigrati_interni,71
017022,Borno,2021,immigrati_interni,56
017022,Borno,2022,immigrati_interni,56
017022,Borno,2023,immigrati_interni,72
017022,Borno,2024,immigrati_interni,74
017022,Borno,2019,morti,31
017022,Borno,2020,morti,52
017022,Borno,2021,morti,42
017022,Borno,2022,morti,33
017022,Borno,2023,morti,41
017022,Borno,2024,morti,45
017022,Borno,2019,nati,20
017022,Borno,2020,nati,11
017022,Borno,2021,nati,8
017022,Borno,2022,nati,11
017022,Borno,2023,nati,9
017022,Borno,2024,nati,15
017022,Borno,2019,popolazione_censita,2640
017022,Borno,2020,popolazione_censita,2519
017022,Borno,2021,popolazione_censita,2479
017022,Borno,2022,popolazione_censita,2436
017022,Borno,2023,popolazione_censita,2440
017022,Borno,2024,popolazione_censita,2422
017022,Borno,2019,popolazione_fine,2621
017022,Borno,2020,popolazione_fine,2626
017022,Borno,2021,popolazione_fine,2482
017022,Borno,2022,popolazione_fine,2447
017022,Borno,2023,popolazione_fine,2437
017022,Borno,2024,popolazione_fine,2424
017022,Borno,2019,popolazione_inizio,2580
017022,Borno,2020,popolazione_inizio,2640
017022,Borno,2021,popolazione_inizio,2519
017022,Borno,2022,popolazione_inizio,2479
017022,Borno,2023,popolazione_inizio,2436
017022,Borno,2024,popolazione_inizio,2440
017022,Borno,2019,variazioni_territoriali,0
017022,Borno,2020,variazioni_territoriali,0
017022,Borno,2021,variazioni_territoriali,0
017022,Borno,2022,variazioni_territoriali,0
017022,Borno,2023,variazioni_territoriali,0
017022,Borno,2024,variazioni_territoriali,0
017023,Botticino,2019,aggiustamento_statistico,-37
017023,Botticino,2020,aggiustamento_statistico,21
017023,Botticino,2021,aggiustamento_statistico,15
017023,Botticino,2022,aggiustamento_statistico,10
017023,Botticino,2023,aggiustamento_statistico,8
017023,Botticino,2024,aggiustamento_statistico,7
017023,Botticino,2019,emigrati_estero,37
017023,Botticino,2020,emigrati_estero,44
017023,Botticino,2021,emigrati_estero,24
017023,Botticino,2022,emigrati_estero,50
017023,Botticino,2023,emigrati_estero,35
017023,Botticino,2024,emigrati_estero,47
017023,Botticino,2019,emigrati_interni,283
017023,Botticino,2020,emigrati_interni,321
017023,Botticino,2021,emigrati_interni,265
017023,Botticino,2022,emigrati_interni,295
017023,Botticino,2023,emigrati_interni,295
017023,Botticino,2024,emigrati_interni,296
017023,Botticino,2019,immigrati_estero,59
017023,Botticino,2020,immigrati_estero,42
017023,Botticino,2021,immigrati_estero,38
017023,Botticino,2022,immigrati_estero,52
017023,Botticino,2023,immigrati_estero,41
017023,Botticino,2024,immigrati_estero,52
017023,Botticino,2019,immigrati_interni,316
017023,Botticino,2020,immigrati_interni,290
017023,Botticino,2021,immigrati_interni,350
017023,Botticino,2022,immigrati_interni,339
017023,Botticino,2023,immigrati_interni,353
017023,Botticino,2024,immigrati_interni,387
017023,Botticino,2019,morti,109
017023,Botticino,2020,morti,152
017023,Botticino,2021,morti,110
017023,Botticino,2022,morti,119
017023,Botticino,2023,morti,106
017023,Botticino,2024,morti,110
017023,Botticino,2019,nati,71
017023,Botticino,2020,nati,68
017023,Botticino,2021,nati,61
017023,Botticino,2022,nati,68
017023,Botticino,2023,nati,45
017023,Botticino,2024,nati,57
017023,Botticino,2019,popolazione_censita,10737
017023,Botticino,2020,popolazione_censita,10641
017023,Botticino,2021,popolazione_censita,10706
017023,Botticino,2022,popolazione_censita,10711
017023,Botticino,2023,popolazione_censita,10722
017023,Botticino,2024,popolazione_censita,10772
017023,Botticino,2019,popolazione_fine,10774
017023,Botticino,2020,popolazione_fine,10620
017023,Botticino,2021,popolazione_fine,10691
017023,Botticino,2022,popolazione_fine,10701
017023,Botticino,2023,popolazione_fine,10714
017023,Botticino,2024,popolazione_fine,10765
017023,Botticino,2019,popolazione_inizio,10757
017023,Botticino,2020,popolazione_inizio,10737
017023,Botticino,2021,popolazione_inizio,10641
017023,Botticino,2022,popolazione_inizio,10706
017023,Botticino,2023,popolazione_inizio,10711
017023,Botticino,2024,popolazione_inizio,10722
017023,Botticino,2019,variazioni_territoriali,0
017023,Botticino,2020,variazioni_territoriali,0
017023,Botticino,2021,variazioni_territoriali,0
017023,Botticino,2022,variazioni_territoriali,0
017023,Botticino,2023,variazioni_territoriali,0
017023,Botticino,2024,variazioni_territoriali,0
017024,Bovegno,2019,aggiustamento_statistico,-1
017024,Bovegno,2020,aggiustamento_statistico,-17
017024,Bovegno,2021,aggiustamento_statistico,3
017024,Bovegno,2022,aggiustamento_statistico,2
017024,Bovegno,2023,aggiustamento_statistico,-1
017024,Bovegno,2024,aggiustamento_statistico,7
017024,Bovegno,2019,emigrati_estero,8
017024,Bovegno,2020,emigrati_estero,5
017024,Bovegno,2021,emigrati_estero,1
017024,Bovegno,2022,emigrati_estero,0
017024,Bovegno,2023,emigrati_estero,1
017024,Bovegno,2024,emigrati_estero,2
017024,Bovegno,2019,emigrati_interni,39
017024,Bovegno,2020,emigrati_interni,45
017024,Bovegno,2021,emigrati_interni,45
017024,Bovegno,2022,emigrati_interni,47
017024,Bovegno,2023,emigrati_interni,46
017024,Bovegno,2024,emigrati_interni,44
017024,Bovegno,2019,immigrati_estero,10
017024,Bovegno,2020,immigrati_estero,3
017024,Bovegno,2021,immigrati_estero,2
017024,Bovegno,2022,immigrati_estero,8
017024,Bovegno,2023,immigrati_estero,11
017024,Bovegno,2024,immigrati_estero,5
017024,Bovegno,2019,immigrati_interni,21
017024,Bovegno,2020,immigrati_interni,39
017024,Bovegno,2021,immigrati_interni,53
017024,Bovegno,2022,immigrati_interni,44
017024,Bovegno,2023,immigrati_interni,41
017024,Bovegno,2024,immigrati_interni,52
017024,Bovegno,2019,morti,31
017024,Bovegno,2020,morti,40
017024,Bovegno,2021,morti,34
017024,Bovegno,2022,morti,30
017024,Bovegno,2023,morti,25
017024,Bovegno,2024,morti,27
017024,Bovegno,2019,nati,15
017024,Bovegno,2020,nati,12
017024,Bovegno,2021,nati,7
017024,Bovegno,2022,nati,15
017024,Bovegno,2023,nati,7
017024,Bovegno,2024,nati,11
017024,Bovegno,2019,popolazione_censita,2093
017024,Bovegno,2020,popolazione_censita,2040
017024,Bovegno,2021,popolazione_censita,2025
017024,Bovegno,2022,popolazione_censita,2017
017024,Bovegno,2023,popolazione_censita,2003
017024,Bovegno,2024,popolazione_censita,2005
017024,Bovegno,2019,popolazione_fine,2094
017024,Bovegno,2020,popolazione_fine,2057
017024,Bovegno,2021,popolazione_fine,2022
017024,Bovegno,2022,popolazione_fine,2015
017024,Bovegno,2023,popolazione_fine,2004
017024,Bovegno,2024,popolazione_fine,1998
017024,Bovegno,2019,popolazione_inizio,2126
017024,Bovegno,2020,popolazione_inizio,2093
017024,Bovegno,2021,popolazione_inizio,2040
017024,Bovegno,2022,popolazione_inizio,2025
017024,Bovegno,2023,popolazione_inizio,2017
017024,Bovegno,2024,popolazione_inizio,2003
017024,Bovegno,2019,variazioni_territoriali,0
017024,Bovegno,2020,variazioni_territoriali,0
017024,Bovegno,2021,variazioni_territoriali,0
017024,Bovegno,2022,variazioni_territoriali,0
017024,Bovegno,2023,variazioni_territoriali,0
017024,Bovegno,2024,variazioni_territoriali,0
017025,Bovezzo,2019,aggiustamento_statistico,-23
017025,Bovezzo,2020,aggiustamento_statistico,-24
017025,Bovezzo,2021,aggiustamento_statistico,-4
017025,Bovezzo,2022,aggiustamento_statistico,-6
017025,Bovezzo,2023,aggiustamento_statistico,-3
017025,Bovezzo,2024,aggiustamento_statistico,1
017025,Bovezzo,2019,emigrati_estero,10
017025,Bovezzo,2020,emigrati_estero,18
017025,Bovezzo,2021,emigrati_estero,24
017025,Bovezzo,2022,emigrati_estero,21
017025,Bovezzo,2023,emigrati_estero,19
017025,Bovezzo,2024,emigrati_estero,29
017025,Bovezzo,2019,emigrati_interni,265
017025,Bovezzo,2020,emigrati_interni,262
017025,Bovezzo,2021,emigrati_interni,306
017025,Bovezzo,2022,emigrati_interni,307
017025,Bovezzo,2023,emigrati_interni,248
017025,Bovezzo,2024,emigrati_interni,276
017025,Bovezzo,2019,immigrati_estero,41
017025,Bovezzo,2020,immigrati_estero,21
017025,Bovezzo,2021,immigrati_estero,33
017025,Bovezzo,2022,immigrati_estero,43
017025,Bovezzo,2023,immigrati_estero,29
017025,Bovezzo,2024,immigrati_estero,39
017025,Bovezzo,2019,immigrati_interni,281
017025,Bovezzo,2020,immigrati_interni,212
017025,Bovezzo,2021,immigrati_interni,274
017025,Bovezzo,2022,immigrati_interni,266
017025,Bovezzo,2023,immigrati_interni,280
017025,Bovezzo,2024,immigrati_interni,280
017025,Bovezzo,2019,morti,69
017025,Bovezzo,2020,morti,92
017025,Bovezzo,2021,morti,68
017025,Bovezzo,2022,morti,70
017025,Bovezzo,2023,morti,62
017025,Bovezzo,2024,morti,61
017025,Bovezzo,2019,nati,64
017025,Bovezzo,2020,nati,53
017025,Bovezzo,2021,nati,49
017025,Bovezzo,2022,nati,47
017025,Bovezzo,2023,nati,34
017025,Bovezzo,2024,nati,36
017025,Bovezzo,2019,popolazione_censita,7512
017025,Bovezzo,2020,popolazione_censita,7402
017025,Bovezzo,2021,popolazione_censita,7356
017025,Bovezzo,2022,popolazione_censita,7308
017025,Bovezzo,2023,popolazione_censita,7319
017025,Bovezzo,2024,popolazione_censita,7309
017025,Bovezzo,2019,popolazione_fine,7535
017025,Bovezzo,2020,popolazione_fine,7426
017025,Bovezzo,2021,popolazione_fine,7360
017025,Bovezzo,2022,popolazione_fine,7314
017025,Bovezzo,2023,popolazione_fine,7322
017025,Bovezzo,2024,popolazione_fine,7308
017025,Bovezzo,2019,popolazione_inizio,7493
017025,Bovezzo,2020,popolazione_inizio,7512
017025,Bovezzo,2021,popolazione_inizio,7402
017025,Bovezzo,2022,popolazione_inizio,7356
017025,Bovezzo,2023,popolazione_inizio,7308
017025,Bovezzo,2024,popolazione_inizio,7319
017025,Bovezzo,2019,variazioni_territoriali,0
017025,Bovezzo,2020,variazioni_territoriali,0
017025,Bovezzo,2021,variazioni_territoriali,0
017025,Bovezzo,2022,variazioni_territoriali,0
017025,Bovezzo,2023,variazioni_territoriali,0
017025,Bovezzo,2024,variazioni_territoriali,0
017026,Brandico,2019,aggiustamento_statistico,3
017026,Brandico,2020,aggiustamento_statistico,24
017026,Brandico,2021,aggiustamento_statistico,-16
017026,Brandico,2022,aggiustamento_statistico,8
017026,Brandico,2023,aggiustamento_statistico,0
017026,Brandico,2024,aggiustamento_statistico,-1
017026,Brandico,2019,emigrati_estero,3
017026,Brandico,2020,emigrati_estero,1
017026,Brandico,2021,emigrati_estero,0
017026,Brandico,2022,emigrati_estero,10
017026,Brandico,2023,emigrati_estero,1
017026,Brandico,2024,emigrati_estero,3
017026,Brandico,2019,emigrati_interni,50
017026,Brandico,2020,emigrati_interni,51
017026,Brandico,2021,emigrati_interni,47
017026,Brandico,2022,emigrati_interni,64
017026,Brandico,2023,emigrati_interni,61
017026,Brandico,2024,emigrati_interni,50
017026,Brandico,2019,immigrati_estero,6
017026,Brandico,2020,immigrati_estero,3
017026,Brandico,2021,immigrati_estero,4
017026,Brandico,2022,immigrati_estero,14
017026,Brandico,2023,immigrati_estero,2
017026,Brandico,2024,immigrati_estero,5
017026,Brandico,2019,immigrati_interni,56
017026,Brandico,2020,immigrati_interni,49
017026,Brandico,2021,immigrati_interni,96
017026,Brandico,2022,immigrati_interni,46
017026,Brandico,2023,immigrati_interni,54
017026,Brandico,2024,immigrati_interni,72
017026,Brandico,2019,morti,14
017026,Brandico,2020,morti,17
017026,Brandico,2021,morti,11
017026,Brandico,2022,morti,16
017026,Brandico,2023,morti,8
017026,Brandico,2024,morti,16
017026,Brandico,2019,nati,13
017026,Brandico,2020,nati,11
017026,Brandico,2021,nati,11
017026,Brandico,2022,nati,11
017026,Brandico,2023,nati,12
017026,Brandico,2024,nati,19
017026,Brandico,2019,popolazione_censita,1689
017026,Brandico,2020,popolazione_censita,1707
017026,Brandico,2021,popolazione_censita,1744
017026,Brandico,2022,popolazione_censita,1733
017026,Brandico,2023,popolazione_censita,1731
017026,Brandico,2024,popolazione_censita,1757
017026,Brandico,2019,popolazione_fine,1686
017026,Brandico,2020,popolazione_fine,1683
017026,Brandico,2021,popolazione_fine,1760
017026,Brandico,2022,popolazione_fine,1725
017026,Brandico,2023,popolazione_fine,1731
017026,Brandico,2024,popolazione_fine,1758
017026,Brandico,2019,popolazione_inizio,1678
017026,Brandico,2020,popolazione_inizio,1689
017026,Brandico,2021,popolazione_inizio,1707
017026,Brandico,2022,popolazione_inizio,1744
017026,Brandico,2023,popolazione_inizio,1733
017026,Brandico,2024,popolazione_inizio,1731
017026,Brandico,2019,variazioni_territoriali,0
017026,Brandico,2020,variazioni_territoriali,0
017026,Brandico,2021,variazioni_territoriali,0
017026,Brandico,2022,variazioni_territoriali,0
017026,Brandico,2023,variazioni_territoriali,0
017026,Brandico,2024,variazioni_territoriali,0
017027,Braone,2019,aggiustamento_statistico,0
017027,Braone,2020,aggiustamento_statistico,4
017027,Braone,2021,aggiustamento_statistico,0
017027,Braone,2022,aggiustamento_statistico,0
017027,Braone,2023,aggiustamento_statistico,1
017027,Braone,2024,aggiustamento_statistico,0
017027,Braone,2019,emigrati_estero,11
017027,Braone,2020,emigrati_estero,4
017027,Braone,2021,emigrati_estero,5
017027,Braone,2022,emigrati_estero,1
017027,Braone,2023,emigrati_estero,3
017027,Braone,2024,emigrati_estero,1
017027,Braone,2019,emigrati_interni,15
017027,Braone,2020,emigrati_interni,23
017027,Braone,2021,emigrati_interni,25
017027,Braone,2022,emigrati_interni,15
017027,Braone,2023,emigrati_interni,28
017027,Braone,2024,emigrati_interni,29
017027,Braone,2019,immigrati_estero,4
017027,Braone,2020,immigrati_estero,3
017027,Braone,2021,immigrati_estero,9
017027,Braone,2022,immigrati_estero,7
017027,Braone,2023,immigrati_estero,4
017027,Braone,2024,immigrati_estero,4
017027,Braone,2019,immigrati_interni,19
017027,Braone,2020,immigrati_interni,24
017027,Braone,2021,immigrati_interni,23
017027,Braone,2022,immigrati_interni,20
017027,Braone,2023,immigrati_interni,20
017027,Braone,2024,immigrati_interni,24
017027,Braone,2019,morti,5
017027,Braone,2020,morti,5
017027,Braone,2021,morti,9
017027,Braone,2022,morti,9
017027,Braone,2023,morti,3
017027,Braone,2024,morti,5
017027,Braone,2019,nati,4
017027,Braone,2020,nati,3
017027,Braone,2021,nati,3
017027,Braone,2022,nati,6
017027,Braone,2023,nati,9
017027,Braone,2024,nati,3
017027,Braone,2019,popolazione_censita,684
017027,Braone,2020,popolazione_censita,686
017027,Braone,2021,popolazione_censita,682
017027,Braone,2022,popolazione_censita,690
017027,Braone,2023,popolazione_censita,690
017027,Braone,2024,popolazione_censita,686
017027,Braone,2019,popolazione_fine,684
017027,Braone,2020,popolazione_fine,682
017027,Braone,2021,popolazione_fine,682
017027,Braone,2022,popolazione_fine,690
017027,Braone,2023,popolazione_fine,689
017027,Braone,2024,popolazione_fine,686
017027,Braone,2019,popolazione_inizio,688
017027,Braone,2020,popolazione_inizio,684
017027,Braone,2021,popolazione_inizio,686
017027,Braone,2022,popolazione_inizio,682
017027,Braone,2023,popolazione_inizio,690
017027,Braone,2024,popolazione_inizio,690
017027,Braone,2019,variazioni_territoriali,0
017027,Braone,2020,variazioni_territoriali,0
017027,Braone,2021,variazioni_territoriali,0
017027,Braone,2022,variazioni_territoriali,0
017027,Braone,2023,variazioni_territoriali,0
017027,Braone,2024,variazioni_territoriali,0
017028,Breno,2019,aggiustamento_statistico,-18
017028,Breno,2020,aggiustamento_statistico,-13
017028,Breno,2021,aggiustamento_statistico,-41
017028,Breno,2022,aggiustamento_statistico,-5
017028,Breno,2023,aggiustamento_statistico,4
017028,Breno,2024,aggiustamento_statistico,8
017028,Breno,2019,emigrati_estero,9
017028,Breno,2020,emigrati_estero,22
017028,Breno,2021,emigrati_estero,15
017028,Breno,2022,emigrati_estero,16
017028,Breno,2023,emigrati_estero,11
017028,Breno,2024,emigrati_estero,8
017028,Breno,2019,emigrati_interni,143
017028,Breno,2020,emigrati_interni,131
017028,Breno,2021,emigrati_interni,123
017028,Breno,2022,emigrati_interni,131
017028,Breno,2023,emigrati_interni,139
017028,Breno,2024,emigrati_interni,136
017028,Breno,2019,immigrati_estero,34
017028,Breno,2020,immigrati_estero,22
017028,Breno,2021,immigrati_estero,26
017028,Breno,2022,immigrati_estero,40
017028,Breno,2023,immigrati_estero,23
017028,Breno,2024,immigrati_estero,46
017028,Breno,2019,immigrati_interni,177
017028,Breno,2020,immigrati_interni,108
017028,Breno,2021,immigrati_interni,139
017028,Breno,2022,immigrati_interni,149
017028,Breno,2023,immigrati_interni,142
017028,Breno,2024,immigrati_interni,146
017028,Breno,2019,morti,72
017028,Breno,2020,morti,85
017028,Breno,2021,morti,66
017028,Breno,2022,morti,60
017028,Breno,2023,morti,65
017028,Breno,2024,morti,57
017028,Breno,2019,nati,33
017028,Breno,2020,nati,23
017028,Breno,2021,nati,18
017028,Breno,2022,nati,34
017028,Breno,2023,nati,30
017028,Breno,2024,nati,21
017028,Breno,2019,popolazione_censita,4792
017028,Breno,2020,popolazione_censita,4694
017028,Breno,2021,popolazione_censita,4632
017028,Breno,2022,popolazione_censita,4643
017028,Breno,2023,popolazione_censita,4627
017028,Breno,2024,popolazione_censita,4647
017028,Breno,2019,popolazione_fine,4810
017028,Breno,2020,popolazione_fine,4707
017028,Breno,2021,popolazione_fine,4673
017028,Breno,2022,popolazione_fine,4648
017028,Breno,2023,popolazione_fine,4623
017028,Breno,2024,popolazione_fine,4639
017028,Breno,2019,popolazione_inizio,4790
017028,Breno,2020,popolazione_inizio,4792
017028,Breno,2021,popolazione_inizio,4694
017028,Breno,2022,popolazione_inizio,4632
017028,Breno,2023,popolazione_inizio,4643
017028,Breno,2024,popolazione_inizio,4627
017028,Breno,2019,variazioni_territoriali,0
017028,Breno,2020,variazioni_territoriali,0
017028,Breno,2021,variazioni_territoriali,0
017028,Breno,2022,variazioni_territoriali,0
017028,Breno,2023,variazioni_territoriali,0
017028,Breno,2024,variazioni_territoriali,0
017029,Brescia,2019,aggiustamento_statistico,-1333
017029,Brescia,2020,aggiustamento_statistico,1533
017029,Brescia,2021,aggiustamento_statistico,-1643
017029,Brescia,2022,aggiustamento_statistico,218
017029,Brescia,2023,aggiustamento_statistico,-178
017029,Brescia,2024,aggiustamento_statistico,97
017029,Brescia,2019,emigrati_estero,716
017029,Brescia,2020,emigrati_estero,819
017029,Brescia,2021,emigrati_estero,766
017029,Brescia,2022,emigrati_estero,773
017029,Brescia,2023,emigrati_estero,892
017029,Brescia,2024,emigrati_estero,954
017029,Brescia,2019,emigrati_interni,4861
017029,Brescia,2020,emigrati_interni,4366
017029,Brescia,2021,emigrati_interni,5116
017029,Brescia,2022,emigrati_interni,4775
017029,Brescia,2023,emigrati_interni,4835
017029,Brescia,2024,emigrati_interni,4699
017029,Brescia,2019,immigrati_estero,2016
017029,Brescia,2020,immigrati_estero,1252
017029,Brescia,2021,immigrati_estero,1839
017029,Brescia,2022,immigrati_estero,2381
017029,Brescia,2023,immigrati_estero,2704
017029,Brescia,2024,immigrati_estero,2828
017029,Brescia,2019,immigrati_interni,5727
017029,Brescia,2020,immigrati_interni,4876
017029,Brescia,2021,immigrati_interni,5390
017029,Brescia,2022,immigrati_interni,5387
017029,Brescia,2023,immigrati_interni,5058
017029,Brescia,2024,immigrati_interni,5154
017029,Brescia,2019,morti,2106
017029,Brescia,2020,morti,2936
017029,Brescia,2021,morti,2508
017029,Brescia,2022,morti,2464
017029,Brescia,2023,morti,2252
017029,Brescia,2024,morti,2171
017029,Brescia,2019,nati,1479
017029,Brescia,2020,nati,1424
017029,Brescia,2021,nati,1406
017029,Brescia,2022,nati,1356
017029,Brescia,2023,nati,1418
017029,Brescia,2024,nati,1339
017029,Brescia,2019,popolazione_censita,196340
017029,Brescia,2020,popolazione_censita,197304
017029,Brescia,2021,popolazione_censita,195906
017029,Brescia,2022,popolazione_censita,197236
017029,Brescia,2023,popolazione_censita,198259
017029,Brescia,2024,popolazione_censita,199853
017029,Brescia,2019,popolazione_fine,197673
017029,Brescia,2020,popolazione_fine,195771
017029,Brescia,2021,popolazione_fine,197549
017029,Brescia,2022,popolazione_fine,197018
017029,Brescia,2023,popolazione_fine,198437
017029,Brescia,2024,popolazione_fine,199756
017029,Brescia,2019,popolazione_inizio,196134
017029,Brescia,2020,popolazione_inizio,196340
017029,Brescia,2021,popolazione_inizio,197304
017029,Brescia,2022,popolazione_inizio,195906
017029,Brescia,2023,popolazione_inizio,197236
017029,Brescia,2024,popolazione_inizio,198259
017029,Brescia,2019,variazioni_territoriali,0
017029,Brescia,2020,variazioni_territoriali,0
017029,Brescia,2021,variazioni_territoriali,0
017029,Brescia,2022,variazioni_territoriali,0
017029,Brescia,2023,variazioni_territoriali,0
017029,Brescia,2024,variazioni_territoriali,0
017030,Brione,2019,aggiustamento_statistico,1
017030,Brione,2020,aggiustamento_statistico,6
017030,Brione,2021,aggiustamento_statistico,3
017030,Brione,2022,aggiustamento_statistico,0
017030,Brione,2023,aggiustamento_statistico,-2
017030,Brione,2024,aggiustamento_statistico,-6
017030,Brione,2019,emigrati_estero,1
017030,Brione,2020,emigrati_estero,1
017030,Brione,2021,emigrati_estero,3
017030,Brione,2022,emigrati_estero,1
017030,Brione,2023,emigrati_estero,5
017030,Brione,2024,emigrati_estero,3
017030,Brione,2019,emigrati_interni,19
017030,Brione,2020,emigrati_interni,17
017030,Brione,2021,emigrati_interni,49
017030,Brione,2022,emigrati_interni,24
017030,Brione,2023,emigrati_interni,26
017030,Brione,2024,emigrati_interni,16
017030,Brione,2019,immigrati_estero,5
017030,Brione,2020,immigrati_estero,2
017030,Brione,2021,immigrati_estero,3
017030,Brione,2022,immigrati_estero,3
017030,Brione,2023,immigrati_estero,6
017030,Brione,2024,immigrati_estero,6
017030,Brione,2019,immigrati_interni,30
017030,Brione,2020,immigrati_interni,32
017030,Brione,2021,immigrati_interni,33
017030,Brione,2022,immigrati_interni,31
017030,Brione,2023,immigrati_interni,31
017030,Brione,2024,immigrati_interni,28
017030,Brione,2019,morti,10
017030,Brione,2020,morti,5
017030,Brione,2021,morti,4
017030,Brione,2022,morti,4
017030,Brione,2023,morti,7
017030,Brione,2024,morti,11
017030,Brione,2019,nati,12
017030,Brione,2020,nati,4
017030,Brione,2021,nati,7
017030,Brione,2022,nati,7
017030,Brione,2023,nati,4
017030,Brione,2024,nati,6
017030,Brione,2019,popolazione_censita,726
017030,Brione,2020,popolazione_censita,747
017030,Brione,2021,popolazione_censita,737
017030,Brione,2022,popolazione_censita,749
017030,Brione,2023,popolazione_censita,750
017030,Brione,2024,popolazione_censita,754
017030,Brione,2019,popolazione_fine,725
017030,Brione,2020,popolazione_fine,741
017030,Brione,2021,popolazione_fine,734
017030,Brione,2022,popolazione_fine,749
017030,Brione,2023,popolazione_fine,752
017030,Brione,2024,popolazione_fine,760
017030,Brione,2019,popolazione_inizio,708
017030,Brione,2020,popolazione_inizio,726
017030,Brione,2021,popolazione_inizio,747
017030,Brione,2022,popolazione_inizio,737
017030,Brione,2023,popolazione_inizio,749
017030,Brione,2024,popolazione_inizio,750
017030,Brione,2019,variazioni_territoriali,0
017030,Brione,2020,variazioni_territoriali,0
017030,Brione,2021,variazioni_territoriali,0
017030,Brione,2022,variazioni_territoriali,0
017030,Brione,2023,variazioni_territoriali,0
017030,Brione,2024,variazioni_territoriali,0
017031,Caino,2019,aggiustamento_statistico,-4
017031,Caino,2020,aggiustamento_statistico,15
017031,Caino,2021,aggiustamento_statistico,-10
017031,Caino,2022,aggiustamento_statistico,4
017031,Caino,2023,aggiustamento_statistico,0
017031,Caino,2024,aggiustamento_statistico,1
017031,Caino,2019,emigrati_estero,5
017031,Caino,2020,emigrati_estero,2
017031,Caino,2021,emigrati_estero,2
017031,Caino,2022,emigrati_estero,2
017031,Caino,2023,emigrati_estero,11
017031,Caino,2024,emigrati_estero,13
017031,Caino,2019,emigrati_interni,90
017031,Caino,2020,emigrati_interni,80
017031,Caino,2021,emigrati_interni,67
017031,Caino,2022,emigrati_interni,79
017031,Caino,2023,emigrati_interni,46
017031,Caino,2024,emigrati_interni,68
017031,Caino,2019,immigrati_estero,14
017031,Caino,2020,immigrati_estero,15
017031,Caino,2021,immigrati_estero,6
017031,Caino,2022,immigrati_estero,15
017031,Caino,2023,immigrati_estero,16
017031,Caino,2024,immigrati_estero,9
017031,Caino,2019,immigrati_interni,95
017031,Caino,2020,immigrati_interni,61
017031,Caino,2021,immigrati_interni,98
017031,Caino,2022,immigrati_interni,86
017031,Caino,2023,immigrati_interni,67
017031,Caino,2024,immigrati_interni,76
017031,Caino,2019,morti,14
017031,Caino,2020,morti,19
017031,Caino,2021,morti,17
017031,Caino,2022,morti,13
017031,Caino,2023,morti,9
017031,Caino,2024,morti,20
017031,Caino,2019,nati,12
017031,Caino,2020,nati,15
017031,Caino,2021,nati,14
017031,Caino,2022,nati,14
017031,Caino,2023,nati,12
017031,Caino,2024,nati,17
017031,Caino,2019,popolazione_censita,2109
017031,Caino,2020,popolazione_censita,2114
017031,Caino,2021,popolazione_censita,2136
017031,Caino,2022,popolazione_censita,2161
017031,Caino,2023,popolazione_censita,2190
017031,Caino,2024,popolazione_censita,2192
017031,Caino,2019,popolazione_fine,2113
017031,Caino,2020,popolazione_fine,2099
017031,Caino,2021,popolazione_fine,2146
017031,Caino,2022,popolazione_fine,2157
017031,Caino,2023,popolazione_fine,2190
017031,Caino,2024,popolazione_fine,2191
017031,Caino,2019,popolazione_inizio,2101
017031,Caino,2020,popolazione_inizio,2109
017031,Caino,2021,popolazione_inizio,2114
017031,Caino,2022,popolazione_inizio,2136
017031,Caino,2023,popolazione_inizio,2161
017031,Caino,2024,popolazione_inizio,2190
017031,Caino,2019,variazioni_territoriali,0
017031,Caino,2020,variazioni_territoriali,0
017031,Caino,2021,variazioni_territoriali,0
017031,Caino,2022,variazioni_territoriali,0
017031,Caino,2023,variazioni_territoriali,0
017031,Caino,2024,variazioni_territoriali,0
017032,Calcinato,2019,aggiustamento_statistico,-11
017032,Calcinato,2020,aggiustamento_statistico,81
017032,Calcinato,2021,aggiustamento_statistico,-91
017032,Calcinato,2022,aggiustamento_statistico,7
017032,Calcinato,2023,aggiustamento_statistico,-20
017032,Calcinato,2024,aggiustamento_statistico,-9
017032,Calcinato,2019,emigrati_estero,89
017032,Calcinato,2020,emigrati_estero,119
017032,Calcinato,2021,emigrati_estero,91
017032,Calcinato,2022,emigrati_estero,91
017032,Calcinato,2023,emigrati_estero,35
017032,Calcinato,2024,emigrati_estero,56
017032,Calcinato,2019,emigrati_interni,355
017032,Calcinato,2020,emigrati_interni,371
017032,Calcinato,2021,emigrati_interni,385
017032,Calcinato,2022,emigrati_interni,366
017032,Calcinato,2023,emigrati_interni,337
017032,Calcinato,2024,emigrati_interni,395
017032,Calcinato,2019,immigrati_estero,144
017032,Calcinato,2020,immigrati_estero,73
017032,Calcinato,2021,immigrati_estero,95
017032,Calcinato,2022,immigrati_estero,99
017032,Calcinato,2023,immigrati_estero,132
017032,Calcinato,2024,immigrati_estero,122
017032,Calcinato,2019,immigrati_interni,445
017032,Calcinato,2020,immigrati_interni,328
017032,Calcinato,2021,immigrati_interni,367
017032,Calcinato,2022,immigrati_interni,370
017032,Calcinato,2023,immigrati_interni,372
017032,Calcinato,2024,immigrati_interni,356
017032,Calcinato,2019,morti,84
017032,Calcinato,2020,morti,144
017032,Calcinato,2021,morti,122
017032,Calcinato,2022,morti,110
017032,Calcinato,2023,morti,85
017032,Calcinato,2024,morti,104
017032,Calcinato,2019,nati,91
017032,Calcinato,2020,nati,107
017032,Calcinato,2021,nati,113
017032,Calcinato,2022,nati,98
017032,Calcinato,2023,nati,93
017032,Calcinato,2024,nati,97
017032,Calcinato,2019,popolazione_censita,13049
017032,Calcinato,2020,popolazione_censita,13004
017032,Calcinato,2021,popolazione_censita,12890
017032,Calcinato,2022,popolazione_censita,12897
017032,Calcinato,2023,popolazione_censita,13017
017032,Calcinato,2024,popolazione_censita,13028
017032,Calcinato,2019,popolazione_fine,13060
017032,Calcinato,2020,popolazione_fine,12923
017032,Calcinato,2021,popolazione_fine,12981
017032,Calcinato,2022,popolazione_fine,12890
017032,Calcinato,2023,popolazione_fine,13037
017032,Calcinato,2024,popolazione_fine,13037
017032,Calcinato,2019,popolazione_inizio,12908
017032,Calcinato,2020,popolazione_inizio,13049
017032,Calcinato,2021,popolazione_inizio,13004
017032,Calcinato,2022,popolazione_inizio,12890
017032,Calcinato,2023,popolazione_inizio,12897
017032,Calcinato,2024,popolazione_inizio,13017
017032,Calcinato,2019,variazioni_territoriali,0
017032,Calcinato,2020,variazioni_territoriali,0
017032,Calcinato,2021,variazioni_territoriali,0
017032,Calcinato,2022,variazioni_territoriali,0
017032,Calcinato,2023,variazioni_territoriali,0
017032,Calcinato,2024,variazioni_territoriali,0
017033,Calvagese della Riviera,2019,aggiustamento_statistico,-8
017033,Calvagese della Riviera,2020,aggiustamento_statistico,22
017033,Calvagese della Riviera,2021,aggiustamento_statistico,-1
017033,Calvagese della Riviera,2022,aggiustamento_statistico,-2
017033,Calvagese della Riviera,2023,aggiustamento_statistico,-7
017033,Calvagese della Riviera,2024,aggiustamento_statistico,-5
017033,Calvagese della Riviera,2019,emigrati_estero,19
017033,Calvagese della Riviera,2020,emigrati_estero,11
017033,Calvagese della Riviera,2021,emigrati_estero,13
017033,Calvagese della Riviera,2022,emigrati_estero,9
017033,Calvagese della Riviera,2023,emigrati_estero,8
017033,Calvagese della Riviera,2024,emigrati_estero,8
017033,Calvagese della Riviera,2019,emigrati_interni,138
017033,Calvagese della Riviera,2020,emigrati_interni,100
017033,Calvagese della Riviera,2021,emigrati_interni,123
017033,Calvagese della Riviera,2022,emigrati_interni,128
017033,Calvagese della Riviera,2023,emigrati_interni,117
017033,Calvagese della Riviera,2024,emigrati_interni,107
017033,Calvagese della Riviera,2019,immigrati_estero,34
017033,Calvagese della Riviera,2020,immigrati_estero,18
017033,Calvagese della Riviera,2021,immigrati_estero,35
017033,Calvagese della Riviera,2022,immigrati_estero,27
017033,Calvagese della Riviera,2023,immigrati_estero,30
017033,Calvagese della Riviera,2024,immigrati_estero,30
017033,Calvagese della Riviera,2019,immigrati_interni,153
017033,Calvagese della Riviera,2020,immigrati_interni,126
017033,Calvagese della Riviera,2021,immigrati_interni,168
017033,Calvagese della Riviera,2022,immigrati_interni,149
017033,Calvagese della Riviera,2023,immigrati_interni,131
017033,Calvagese della Riviera,2024,immigrati_interni,97
017033,Calvagese della Riviera,2019,morti,19
017033,Calvagese della Riviera,2020,morti,22
017033,Calvagese della Riviera,2021,morti,32
017033,Calvagese della Riviera,2022,morti,31
017033,Calvagese della Riviera,2023,morti,33
017033,Calvagese della Riviera,2024,morti,24
017033,Calvagese della Riviera,2019,nati,25
017033,Calvagese della Riviera,2020,nati,24
017033,Calvagese della Riviera,2021,nati,25
017033,Calvagese della Riviera,2022,nati,21
017033,Calvagese della Riviera,2023,nati,22
017033,Calvagese della Riviera,2024,nati,27
017033,Calvagese della Riviera,2019,popolazione_censita,3528
017033,Calvagese della Riviera,2020,popolazione_censita,3585
017033,Calvagese della Riviera,2021,popolazione_censita,3644
017033,Calvagese della Riviera,2022,popolazione_censita,3671
017033,Calvagese della Riviera,2023,popolazione_censita,3689
017033,Calvagese della Riviera,2024,popolazione_censita,3699
017033,Calvagese della Riviera,2019,popolazione_fine,3536
017033,Calvagese della Riviera,2020,popolazione_fine,3563
017033,Calvagese della Riviera,2021,popolazione_fine,3645
017033,Calvagese della Riviera,2022,popolazione_fine,3673
017033,Calvagese della Riviera,2023,popolazione_fine,3696
017033,Calvagese della Riviera,2024,popolazione_fine,3704
017033,Calvagese della Riviera,2019,popolazione_inizio,3500
017033,Calvagese della Riviera,2020,popolazione_inizio,3528
017033,Calvagese della Riviera,2021,popolazione_inizio,3585
017033,Calvagese della Riviera,2022,popolazione_inizio,3644
017033,Calvagese della Riviera,2023,popolazione_inizio,3671
017033,Calvagese della Riviera,2024,popolazione_inizio,3689
017033,Calvagese della Riviera,2019,variazioni_territoriali,0
017033,Calvagese della Riviera,2020,variazioni_territoriali,0
017033,Calvagese della Riviera,2021,variazioni_territoriali,0
017033,Calvagese della Riviera,2022,variazioni_territoriali,0
017033,Calvagese della Riviera,2023,variazioni_territoriali,0
017033,Calvagese della Riviera,2024,variazioni_territoriali,0
017034,Calvisano,2019,aggiustamento_statistico,-16
017034,Calvisano,2020,aggiustamento_statistico,-57
017034,Calvisano,2021,aggiustamento_statistico,24
017034,Calvisano,2022,aggiustamento_statistico,2
017034,Calvisano,2023,aggiustamento_statistico,3
017034,Calvisano,2024,aggiustamento_statistico,1
017034,Calvisano,2019,emigrati_estero,46
017034,Calvisano,2020,emigrati_estero,15
017034,Calvisano,2021,emigrati_estero,38
017034,Calvisano,2022,emigrati_estero,27
017034,Calvisano,2023,emigrati_estero,24
017034,Calvisano,2024,emigrati_estero,26
017034,Calvisano,2019,emigrati_interni,198
017034,Calvisano,2020,emigrati_interni,189
017034,Calvisano,2021,emigrati_interni,211
017034,Calvisano,2022,emigrati_interni,188
017034,Calvisano,2023,emigrati_interni,226
017034,Calvisano,2024,emigrati_interni,198
017034,Calvisano,2019,immigrati_estero,42
017034,Calvisano,2020,immigrati_estero,33
017034,Calvisano,2021,immigrati_estero,47
017034,Calvisano,2022,immigrati_estero,42
017034,Calvisano,2023,immigrati_estero,62
017034,Calvisano,2024,immigrati_estero,52
017034,Calvisano,2019,immigrati_interni,180
017034,Calvisano,2020,immigrati_interni,182
017034,Calvisano,2021,immigrati_interni,202
017034,Calvisano,2022,immigrati_interni,191
017034,Calvisano,2023,immigrati_interni,189
017034,Calvisano,2024,immigrati_interni,215
017034,Calvisano,2019,morti,48
017034,Calvisano,2020,morti,108
017034,Calvisano,2021,morti,83
017034,Calvisano,2022,morti,81
017034,Calvisano,2023,morti,66
017034,Calvisano,2024,morti,66
017034,Calvisano,2019,nati,65
017034,Calvisano,2020,nati,71
017034,Calvisano,2021,nati,65
017034,Calvisano,2022,nati,60
017034,Calvisano,2023,nati,68
017034,Calvisano,2024,nati,77
017034,Calvisano,2019,popolazione_censita,8452
017034,Calvisano,2020,popolazione_censita,8369
017034,Calvisano,2021,popolazione_censita,8375
017034,Calvisano,2022,popolazione_censita,8374
017034,Calvisano,2023,popolazione_censita,8380
017034,Calvisano,2024,popolazione_censita,8435
017034,Calvisano,2019,popolazione_fine,8468
017034,Calvisano,2020,popolazione_fine,8426
017034,Calvisano,2021,popolazione_fine,8351
017034,Calvisano,2022,popolazione_fine,8372
017034,Calvisano,2023,popolazione_fine,8377
017034,Calvisano,2024,popolazione_fine,8434
017034,Calvisano,2019,popolazione_inizio,8473
017034,Calvisano,2020,popolazione_inizio,8452
017034,Calvisano,2021,popolazione_inizio,8369
017034,Calvisano,2022,popolazione_inizio,8375
017034,Calvisano,2023,popolazione_inizio,8374
017034,Calvisano,2024,popolazione_inizio,8380
017034,Calvisano,2019,variazioni_territoriali,0
017034,Calvisano,2020,variazioni_territoriali,0
017034,Calvisano,2021,variazioni_territoriali,0
017034,Calvisano,2022,variazioni_territoriali,0
017034,Calvisano,2023,variazioni_territoriali,0
017034,Calvisano,2024,variazioni_territoriali,0
017035,Capo di Ponte,2019,aggiustamento_statistico,-7
017035,Capo di Ponte,2020,aggiustamento_statistico,-25
017035,Capo di Ponte,2021,aggiustamento_statistico,0
017035,Capo di Ponte,2022,aggiustamento_statistico,5
017035,Capo di Ponte,2023,aggiustamento_statistico,6
017035,Capo di Ponte,2024,aggiustamento_statistico,2
017035,Capo di Ponte,2019,emigrati_estero,5
017035,Capo di Ponte,2020,emigrati_estero,1
017035,Capo di Ponte,2021,emigrati_estero,7
017035,Capo di Ponte,2022,emigrati_estero,4
017035,Capo di Ponte,2023,emigrati_estero,5
017035,Capo di Ponte,2024,emigrati_estero,3
017035,Capo di Ponte,2019,emigrati_interni,60
017035,Capo di Ponte,2020,emigrati_interni,59
017035,Capo di Ponte,2021,emigrati_interni,70
017035,Capo di Ponte,2022,emigrati_interni,47
017035,Capo di Ponte,2023,emigrati_interni,67
017035,Capo di Ponte,2024,emigrati_interni,63
017035,Capo di Ponte,2019,immigrati_estero,9
017035,Capo di Ponte,2020,immigrati_estero,4
017035,Capo di Ponte,2021,immigrati_estero,5
017035,Capo di Ponte,2022,immigrati_estero,8
017035,Capo di Ponte,2023,immigrati_estero,12
017035,Capo di Ponte,2024,immigrati_estero,16
017035,Capo di Ponte,2019,immigrati_interni,60
017035,Capo di Ponte,2020,immigrati_interni,34
017035,Capo di Ponte,2021,immigrati_interni,36
017035,Capo di Ponte,2022,immigrati_interni,53
017035,Capo di Ponte,2023,immigrati_interni,48
017035,Capo di Ponte,2024,immigrati_interni,45
017035,Capo di Ponte,2019,morti,22
017035,Capo di Ponte,2020,morti,40
017035,Capo di Ponte,2021,morti,30
017035,Capo di Ponte,2022,morti,30
017035,Capo di Ponte,2023,morti,25
017035,Capo di Ponte,2024,morti,29
017035,Capo di Ponte,2019,nati,14
017035,Capo di Ponte,2020,nati,20
017035,Capo di Ponte,2021,nati,14
017035,Capo di Ponte,2022,nati,11
017035,Capo di Ponte,2023,nati,11
017035,Capo di Ponte,2024,nati,16
017035,Capo di Ponte,2019,popolazione_censita,2446
017035,Capo di Ponte,2020,popolazione_censita,2379
017035,Capo di Ponte,2021,popolazione_censita,2327
017035,Capo di Ponte,2022,popolazione_censita,2323
017035,Capo di Ponte,2023,popolazione_censita,2303
017035,Capo di Ponte,2024,popolazione_censita,2287
017035,Capo di Ponte,2019,popolazione_fine,2453
017035,Capo di Ponte,2020,popolazione_fine,2404
017035,Capo di Ponte,2021,popolazione_fine,2327
017035,Capo di Ponte,2022,popolazione_fine,2318
017035,Capo di Ponte,2023,popolazione_fine,2297
017035,Capo di Ponte,2024,popolazione_fine,2285
017035,Capo di Ponte,2019,popolazione_inizio,2457
017035,Capo di Ponte,2020,popolazione_inizio,2446
017035,Capo di Ponte,2021,popolazione_inizio,2379
017035,Capo di Ponte,2022,popolazione_inizio,2327
017035,Capo di Ponte,2023,popolazione_inizio,2323
017035,Capo di Ponte,2024,popolazione_inizio,2303
017035,Capo di Ponte,2019,variazioni_territoriali,0
017035,Capo di Ponte,2020,variazioni_territoriali,0
017035,Capo di Ponte,2021,variazioni_territoriali,0
017035,Capo di Ponte,2022,variazioni_territoriali,0
017035,Capo di Ponte,2023,variazioni_territoriali,0
017035,Capo di Ponte,2024,variazioni_territoriali,0
017036,Capovalle,2019,aggiustamento_statistico,0
017036,Capovalle,2020,aggiustamento_statistico,0
017036,Capovalle,2021,aggiustamento_statistico,0
017036,Capovalle,2022,aggiustamento_statistico,0
017036,Capovalle,2023,aggiustamento_statistico,0
017036,Capovalle,2024,aggiustamento_statistico,0
017036,Capovalle,2019,emigrati_estero,0
017036,Capovalle,2020,emigrati_estero,1
017036,Capovalle,2021,emigrati_estero,1
017036,Capovalle,2022,emigrati_estero,1
017036,Capovalle,2023,emigrati_estero,1
017036,Capovalle,2024,emigrati_estero,0
017036,Capovalle,2019,emigrati_interni,8
017036,Capovalle,2020,emigrati_interni,6
017036,Capovalle,2021,emigrati_interni,5
017036,Capovalle,2022,emigrati_interni,6
017036,Capovalle,2023,emigrati_interni,7
017036,Capovalle,2024,emigrati_interni,7
017036,Capovalle,2019,immigrati_estero,0
017036,Capovalle,2020,immigrati_estero,0
017036,Capovalle,2021,immigrati_estero,0
017036,Capovalle,2022,immigrati_estero,0
017036,Capovalle,2023,immigrati_estero,0
017036,Capovalle,2024,immigrati_estero,8
017036,Capovalle,2019,immigrati_interni,10
017036,Capovalle,2020,immigrati_interni,6
017036,Capovalle,2021,immigrati_interni,6
017036,Capovalle,2022,immigrati_interni,9
017036,Capovalle,2023,immigrati_interni,8
017036,Capovalle,2024,immigrati_interni,3
017036,Capovalle,2019,morti,8
017036,Capovalle,2020,morti,5
017036,Capovalle,2021,morti,2
017036,Capovalle,2022,morti,10
017036,Capovalle,2023,morti,5
017036,Capovalle,2024,morti,2
017036,Capovalle,2019,nati,2
017036,Capovalle,2020,nati,3
017036,Capovalle,2021,nati,1
017036,Capovalle,2022,nati,1
017036,Capovalle,2023,nati,3
017036,Capovalle,2024,nati,3
017036,Capovalle,2019,popolazione_censita,349
017036,Capovalle,2020,popolazione_censita,346
017036,Capovalle,2021,popolazione_censita,345
017036,Capovalle,2022,popolazione_censita,338
017036,Capovalle,2023,popolazione_censita,336
017036,Capovalle,2024,popolazione_censita,341
017036,Capovalle,2019,popolazione_fine,349
017036,Capovalle,2020,popolazione_fine,346
017036,Capovalle,2021,popolazione_fine,345
017036,Capovalle,2022,popolazione_fine,338
017036,Capovalle,2023,popolazione_fine,336
017036,Capovalle,2024,popolazione_fine,341
017036,Capovalle,2019,popolazione_inizio,353
017036,Capovalle,2020,popolazione_inizio,349
017036,Capovalle,2021,popolazione_inizio,346
017036,Capovalle,2022,popolazione_inizio,345
017036,Capovalle,2023,popolazione_inizio,338
017036,Capovalle,2024,popolazione_inizio,336
017036,Capovalle,2019,variazioni_territoriali,0
017036,Capovalle,2020,variazioni_territoriali,0
017036,Capovalle,2021,variazioni_territoriali,0
017036,Capovalle,2022,variazioni_territoriali,0
017036,Capovalle,2023,variazioni_territoriali,0
017036,Capovalle,2024,variazioni_territoriali,0
017037,Capriano del Colle,2019,aggiustamento_statistico,-20
017037,Capriano del Colle,2020,aggiustamento_statistico,30
017037,Capriano del Colle,2021,aggiustamento_statistico,2
017037,Capriano del Colle,2022,aggiustamento_statistico,-1
017037,Capriano del Colle,2023,aggiustamento_statistico,10
017037,Capriano del Colle,2024,aggiustamento_statistico,-3
017037,Capriano del Colle,2019,emigrati_estero,12
017037,Capriano del Colle,2020,emigrati_estero,25
017037,Capriano del Colle,2021,emigrati_estero,16
017037,Capriano del Colle,2022,emigrati_estero,8
017037,Capriano del Colle,2023,emigrati_estero,15
017037,Capriano del Colle,2024,emigrati_estero,15
017037,Capriano del Colle,2019,emigrati_interni,248
017037,Capriano del Colle,2020,emigrati_interni,163
017037,Capriano del Colle,2021,emigrati_interni,221
017037,Capriano del Colle,2022,emigrati_interni,167
017037,Capriano del Colle,2023,emigrati_interni,154
017037,Capriano del Colle,2024,emigrati_interni,160
017037,Capriano del Colle,2019,immigrati_estero,24
017037,Capriano del Colle,2020,immigrati_estero,16
017037,Capriano del Colle,2021,immigrati_estero,34
017037,Capriano del Colle,2022,immigrati_estero,43
017037,Capriano del Colle,2023,immigrati_estero,30
017037,Capriano del Colle,2024,immigrati_estero,35
017037,Capriano del Colle,2019,immigrati_interni,217
017037,Capriano del Colle,2020,immigrati_interni,218
017037,Capriano del Colle,2021,immigrati_interni,202
017037,Capriano del Colle,2022,immigrati_interni,216
017037,Capriano del Colle,2023,immigrati_interni,236
017037,Capriano del Colle,2024,immigrati_interni,166
017037,Capriano del Colle,2019,morti,35
017037,Capriano del Colle,2020,morti,44
017037,Capriano del Colle,2021,morti,38
017037,Capriano del Colle,2022,morti,36
017037,Capriano del Colle,2023,morti,45
017037,Capriano del Colle,2024,morti,32
017037,Capriano del Colle,2019,nati,28
017037,Capriano del Colle,2020,nati,30
017037,Capriano del Colle,2021,nati,27
017037,Capriano del Colle,2022,nati,33
017037,Capriano del Colle,2023,nati,39
017037,Capriano del Colle,2024,nati,39
017037,Capriano del Colle,2019,popolazione_censita,4581
017037,Capriano del Colle,2020,popolazione_censita,4643
017037,Capriano del Colle,2021,popolazione_censita,4633
017037,Capriano del Colle,2022,popolazione_censita,4713
017037,Capriano del Colle,2023,popolazione_censita,4814
017037,Capriano del Colle,2024,popolazione_censita,4844
017037,Capriano del Colle,2019,popolazione_fine,4601
017037,Capriano del Colle,2020,popolazione_fine,4613
017037,Capriano del Colle,2021,popolazione_fine,4631
017037,Capriano del Colle,2022,popolazione_fine,4714
017037,Capriano del Colle,2023,popolazione_fine,4804
017037,Capriano del Colle,2024,popolazione_fine,4847
017037,Capriano del Colle,2019,popolazione_inizio,4627
017037,Capriano del Colle,2020,popolazione_inizio,4581
017037,Capriano del Colle,2021,popolazione_inizio,4643
017037,Capriano del Colle,2022,popolazione_inizio,4633
017037,Capriano del Colle,2023,popolazione_inizio,4713
017037,Capriano del Colle,2024,popolazione_inizio,4814
017037,Capriano del Colle,2019,variazioni_territoriali,0
017037,Capriano del Colle,2020,variazioni_territoriali,0
017037,Capriano del Colle,2021,variazioni_territoriali,0
017037,Capriano del Colle,2022,variazioni_territoriali,0
017037,Capriano del Colle,2023,variazioni_territoriali,0
017037,Capriano del Colle,2024,variazioni_territoriali,0
017038,Capriolo,2019,aggiustamento_statistico,-26
017038,Capriolo,2020,aggiustamento_statistico,143
017038,Capriolo,2021,aggiustamento_statistico,-10
017038,Capriolo,2022,aggiustamento_statistico,-29
017038,Capriolo,2023,aggiustamento_statistico,-3
017038,Capriolo,2024,aggiustamento_statistico,4
017038,Capriolo,2019,emigrati_estero,20
017038,Capriolo,2020,emigrati_estero,25
017038,Capriolo,2021,emigrati_estero,31
017038,Capriolo,2022,emigrati_estero,32
017038,Capriolo,2023,emigrati_estero,16
017038,Capriolo,2024,emigrati_estero,12
017038,Capriolo,2019,emigrati_interni,219
017038,Capriolo,2020,emigrati_interni,221
017038,Capriolo,2021,emigrati_interni,258
017038,Capriolo,2022,emigrati_interni,269
017038,Capriolo,2023,emigrati_interni,270
017038,Capriolo,2024,emigrati_interni,266
017038,Capriolo,2019,immigrati_estero,58
017038,Capriolo,2020,immigrati_estero,24
017038,Capriolo,2021,immigrati_estero,32
017038,Capriolo,2022,immigrati_estero,60
017038,Capriolo,2023,immigrati_estero,42
017038,Capriolo,2024,immigrati_estero,49
017038,Capriolo,2019,immigrati_interni,249
017038,Capriolo,2020,immigrati_interni,244
017038,Capriolo,2021,immigrati_interni,290
017038,Capriolo,2022,immigrati_interni,263
017038,Capriolo,2023,immigrati_interni,241
017038,Capriolo,2024,immigrati_interni,246
017038,Capriolo,2019,morti,90
017038,Capriolo,2020,morti,141
017038,Capriolo,2021,morti,98
017038,Capriolo,2022,morti,90
017038,Capriolo,2023,morti,91
017038,Capriolo,2024,morti,77
017038,Capriolo,2019,nati,82
017038,Capriolo,2020,nati,80
017038,Capriolo,2021,nati,74
017038,Capriolo,2022,nati,81
017038,Capriolo,2023,nati,61
017038,Capriolo,2024,nati,67
017038,Capriolo,2019,popolazione_censita,9328
017038,Capriolo,2020,popolazione_censita,9432
017038,Capriolo,2021,popolazione_censita,9431
017038,Capriolo,2022,popolazione_censita,9415
017038,Capriolo,2023,popolazione_censita,9379
017038,Capriolo,2024,popolazione_censita,9390
017038,Capriolo,2019,popolazione_fine,9354
017038,Capriolo,2020,popolazione_fine,9289
017038,Capriolo,2021,popolazione_fine,9441
017038,Capriolo,2022,popolazione_fine,9444
017038,Capriolo,2023,popolazione_fine,9382
017038,Capriolo,2024,popolazione_fine,9386
017038,Capriolo,2019,popolazione_inizio,9294
017038,Capriolo,2020,popolazione_inizio,9328
017038,Capriolo,2021,popolazione_inizio,9432
017038,Capriolo,2022,popolazione_inizio,9431
017038,Capriolo,2023,popolazione_inizio,9415
017038,Capriolo,2024,popolazione_inizio,9379
017038,Capriolo,2019,variazioni_territoriali,0
017038,Capriolo,2020,variazioni_territoriali,0
017038,Capriolo,2021,variazioni_territoriali,0
017038,Capriolo,2022,variazioni_territoriali,0
017038,Capriolo,2023,variazioni_territoriali,0
017038,Capriolo,2024,variazioni_territoriali,0
017039,Carpenedolo,2019,aggiustamento_statistico,-68
017039,Carpenedolo,2020,aggiustamento_statistico,50
017039,Carpenedolo,2021,aggiustamento_statistico,-20
017039,Carpenedolo,2022,aggiustamento_statistico,-9
017039,Carpenedolo,2023,aggiustamento_statistico,-36
017039,Carpenedolo,2024,aggiustamento_statistico,-13
017039,Carpenedolo,2019,emigrati_estero,98
017039,Carpenedolo,2020,emigrati_estero,66
017039,Carpenedolo,2021,emigrati_estero,75
017039,Carpenedolo,2022,emigrati_estero,62
017039,Carpenedolo,2023,emigrati_estero,37
017039,Carpenedolo,2024,emigrati_estero,81
017039,Carpenedolo,2019,emigrati_interni,317
017039,Carpenedolo,2020,emigrati_interni,254
017039,Carpenedolo,2021,emigrati_interni,308
017039,Carpenedolo,2022,emigrati_interni,304
017039,Carpenedolo,2023,emigrati_interni,301
017039,Carpenedolo,2024,emigrati_interni,302
017039,Carpenedolo,2019,immigrati_estero,107
017039,Carpenedolo,2020,immigrati_estero,60
017039,Carpenedolo,2021,immigrati_estero,79
017039,Carpenedolo,2022,immigrati_estero,59
017039,Carpenedolo,2023,immigrati_estero,81
017039,Carpenedolo,2024,immigrati_estero,104
017039,Carpenedolo,2019,immigrati_interni,308
017039,Carpenedolo,2020,immigrati_interni,309
017039,Carpenedolo,2021,immigrati_interni,350
017039,Carpenedolo,2022,immigrati_interni,315
017039,Carpenedolo,2023,immigrati_interni,311
017039,Carpenedolo,2024,immigrati_interni,286
017039,Carpenedolo,2019,morti,83
017039,Carpenedolo,2020,morti,152
017039,Carpenedolo,2021,morti,108
017039,Carpenedolo,2022,morti,102
017039,Carpenedolo,2023,morti,101
017039,Carpenedolo,2024,morti,108
017039,Carpenedolo,2019,nati,114
017039,Carpenedolo,2020,nati,111
017039,Carpenedolo,2021,nati,91
017039,Carpenedolo,2022,nati,116
017039,Carpenedolo,2023,nati,79
017039,Carpenedolo,2024,nati,96
017039,Carpenedolo,2019,popolazione_censita,12910
017039,Carpenedolo,2020,popolazione_censita,12968
017039,Carpenedolo,2021,popolazione_censita,12977
017039,Carpenedolo,2022,popolazione_censita,12990
017039,Carpenedolo,2023,popolazione_censita,12986
017039,Carpenedolo,2024,popolazione_censita,12968
017039,Carpenedolo,2019,popolazione_fine,12978
017039,Carpenedolo,2020,popolazione_fine,12918
017039,Carpenedolo,2021,popolazione_fine,12997
017039,Carpenedolo,2022,popolazione_fine,12999
017039,Carpenedolo,2023,popolazione_fine,13022
017039,Carpenedolo,2024,popolazione_fine,12981
017039,Carpenedolo,2019,popolazione_inizio,12947
017039,Carpenedolo,2020,popolazione_inizio,12910
017039,Carpenedolo,2021,popolazione_inizio,12968
017039,Carpenedolo,2022,popolazione_inizio,12977
017039,Carpenedolo,2023,popolazione_inizio,12990
017039,Carpenedolo,2024,popolazione_inizio,12986
017039,Carpenedolo,2019,variazioni_territoriali,0
017039,Carpenedolo,2020,variazioni_territoriali,0
017039,Carpenedolo,2021,variazioni_territoriali,0
017039,Carpenedolo,2022,variazioni_territoriali,0
017039,Carpenedolo,2023,variazioni_territoriali,0
017039,Carpenedolo,2024,variazioni_territoriali,0
017040,Castegnato,2019,aggiustamento_statistico,-11
017040,Castegnato,2020,aggiustamento_statistico,-7
017040,Castegnato,2021,aggiustamento_statistico,-22
017040,Castegnato,2022,aggiustamento_statistico,-3
017040,Castegnato,2023,aggiustamento_statistico,-2
017040,Castegnato,2024,aggiustamento_statistico,22
017040,Castegnato,2019,emigrati_estero,44
017040,Castegnato,2020,emigrati_estero,22
017040,Castegnato,2021,emigrati_estero,31
017040,Castegnato,2022,emigrati_estero,24
017040,Castegnato,2023,emigrati_estero,22
017040,Castegnato,2024,emigrati_estero,32
017040,Castegnato,2019,emigrati_interni,342
017040,Castegnato,2020,emigrati_interni,206
017040,Castegnato,2021,emigrati_interni,257
017040,Castegnato,2022,emigrati_interni,264
017040,Castegnato,2023,emigrati_interni,212
017040,Castegnato,2024,emigrati_interni,240
017040,Castegnato,2019,immigrati_estero,57
017040,Castegnato,2020,immigrati_estero,29
017040,Castegnato,2021,immigrati_estero,28
017040,Castegnato,2022,immigrati_estero,58
017040,Castegnato,2023,immigrati_estero,48
017040,Castegnato,2024,immigrati_estero,47
017040,Castegnato,2019,immigrati_interni,221
017040,Castegnato,2020,immigrati_interni,220
017040,Castegnato,2021,immigrati_interni,249
017040,Castegnato,2022,immigrati_interni,262
017040,Castegnato,2023,immigrati_interni,222
017040,Castegnato,2024,immigrati_interni,221
017040,Castegnato,2019,morti,64
017040,Castegnato,2020,morti,85
017040,Castegnato,2021,morti,68
017040,Castegnato,2022,morti,69
017040,Castegnato,2023,morti,68
017040,Castegnato,2024,morti,56
017040,Castegnato,2019,nati,66
017040,Castegnato,2020,nati,58
017040,Castegnato,2021,nati,64
017040,Castegnato,2022,nati,53
017040,Castegnato,2023,nati,66
017040,Castegnato,2024,nati,58
017040,Castegnato,2019,popolazione_censita,8377
017040,Castegnato,2020,popolazione_censita,8364
017040,Castegnato,2021,popolazione_censita,8327
017040,Castegnato,2022,popolazione_censita,8340
017040,Castegnato,2023,popolazione_censita,8372
017040,Castegnato,2024,popolazione_censita,8392
017040,Castegnato,2019,popolazione_fine,8388
017040,Castegnato,2020,popolazione_fine,8371
017040,Castegnato,2021,popolazione_fine,8349
017040,Castegnato,2022,popolazione_fine,8343
017040,Castegnato,2023,popolazione_fine,8374
017040,Castegnato,2024,popolazione_fine,8370
017040,Castegnato,2019,popolazione_inizio,8494
017040,Castegnato,2020,popolazione_inizio,8377
017040,Castegnato,2021,popolazione_inizio,8364
017040,Castegnato,2022,popolazione_inizio,8327
017040,Castegnato,2023,popolazione_inizio,8340
017040,Castegnato,2024,popolazione_inizio,8372
017040,Castegnato,2019,variazioni_territoriali,0
017040,Castegnato,2020,variazioni_territoriali,0
017040,Castegnato,2021,variazioni_territoriali,0
017040,Castegnato,2022,variazioni_territoriali,0
017040,Castegnato,2023,variazioni_territoriali,0
017040,Castegnato,2024,variazioni_territoriali,0
017041,Castelcovati,2019,aggiustamento_statistico,-28
017041,Castelcovati,2020,aggiustamento_statistico,53
017041,Castelcovati,2021,aggiustamento_statistico,14
017041,Castelcovati,2022,aggiustamento_statistico,-10
017041,Castelcovati,2023,aggiustamento_statistico,-9
017041,Castelcovati,2024,aggiustamento_statistico,9
017041,Castelcovati,2019,emigrati_estero,12
017041,Castelcovati,2020,emigrati_estero,4
017041,Castelcovati,2021,emigrati_estero,13
017041,Castelcovati,2022,emigrati_estero,19
017041,Castelcovati,2023,emigrati_estero,20
017041,Castelcovati,2024,emigrati_estero,22
017041,Castelcovati,2019,emigrati_interni,218
017041,Castelcovati,2020,emigrati_interni,224
017041,Castelcovati,2021,emigrati_interni,181
017041,Castelcovati,2022,emigrati_interni,218
017041,Castelcovati,2023,emigrati_interni,245
017041,Castelcovati,2024,emigrati_interni,149
017041,Castelcovati,2019,immigrati_estero,59
017041,Castelcovati,2020,immigrati_estero,47
017041,Castelcovati,2021,immigrati_estero,62
017041,Castelcovati,2022,immigrati_estero,91
017041,Castelcovati,2023,immigrati_estero,105
017041,Castelcovati,2024,immigrati_estero,113
017041,Castelcovati,2019,immigrati_interni,238
017041,Castelcovati,2020,immigrati_interni,179
017041,Castelcovati,2021,immigrati_interni,207
017041,Castelcovati,2022,immigrati_interni,236
017041,Castelcovati,2023,immigrati_interni,208
017041,Castelcovati,2024,immigrati_interni,162
017041,Castelcovati,2019,morti,36
017041,Castelcovati,2020,morti,68
017041,Castelcovati,2021,morti,49
017041,Castelcovati,2022,morti,55
017041,Castelcovati,2023,morti,53
017041,Castelcovati,2024,morti,48
017041,Castelcovati,2019,nati,81
017041,Castelcovati,2020,nati,66
017041,Castelcovati,2021,nati,62
017041,Castelcovati,2022,nati,65
017041,Castelcovati,2023,nati,68
017041,Castelcovati,2024,nati,65
017041,Castelcovati,2019,popolazione_censita,6634
017041,Castelcovati,2020,popolazione_censita,6683
017041,Castelcovati,2021,popolazione_censita,6785
017041,Castelcovati,2022,popolazione_censita,6875
017041,Castelcovati,2023,popolazione_censita,6929
017041,Castelcovati,2024,popolazione_censita,7059
017041,Castelcovati,2019,popolazione_fine,6662
017041,Castelcovati,2020,popolazione_fine,6630
017041,Castelcovati,2021,popolazione_fine,6771
017041,Castelcovati,2022,popolazione_fine,6885
017041,Castelcovati,2023,popolazione_fine,6938
017041,Castelcovati,2024,popolazione_fine,7050
017041,Castelcovati,2019,popolazione_inizio,6550
017041,Castelcovati,2020,popolazione_inizio,6634
017041,Castelcovati,2021,popolazione_inizio,6683
017041,Castelcovati,2022,popolazione_inizio,6785
017041,Castelcovati,2023,popolazione_inizio,6875
017041,Castelcovati,2024,popolazione_inizio,6929
017041,Castelcovati,2019,variazioni_territoriali,0
017041,Castelcovati,2020,variazioni_territoriali,0
017041,Castelcovati,2021,variazioni_territoriali,0
017041,Castelcovati,2022,variazioni_territoriali,0
017041,Castelcovati,2023,variazioni_territoriali,0
017041,Castelcovati,2024,variazioni_territoriali,0
017042,Castel Mella,2019,aggiustamento_statistico,-50
017042,Castel Mella,2020,aggiustamento_statistico,109
017042,Castel Mella,2021,aggiustamento_statistico,-25
017042,Castel Mella,2022,aggiustamento_statistico,-20
017042,Castel Mella,2023,aggiustamento_statistico,5
017042,Castel Mella,2024,aggiustamento_statistico,6
017042,Castel Mella,2019,emigrati_estero,7
017042,Castel Mella,2020,emigrati_estero,15
017042,Castel Mella,2021,emigrati_estero,10
017042,Castel Mella,2022,emigrati_estero,33
017042,Castel Mella,2023,emigrati_estero,16
017042,Castel Mella,2024,emigrati_estero,23
017042,Castel Mella,2019,emigrati_interni,411
017042,Castel Mella,2020,emigrati_interni,374
017042,Castel Mella,2021,emigrati_interni,419
017042,Castel Mella,2022,emigrati_interni,480
017042,Castel Mella,2023,emigrati_interni,408
017042,Castel Mella,2024,emigrati_interni,381
017042,Castel Mella,2019,immigrati_estero,52
017042,Castel Mella,2020,immigrati_estero,34
017042,Castel Mella,2021,immigrati_estero,34
017042,Castel Mella,2022,immigrati_estero,55
017042,Castel Mella,2023,immigrati_estero,62
017042,Castel Mella,2024,immigrati_estero,60
017042,Castel Mella,2019,immigrati_interni,431
017042,Castel Mella,2020,immigrati_interni,367
017042,Castel Mella,2021,immigrati_interni,408
017042,Castel Mella,2022,immigrati_interni,386
017042,Castel Mella,2023,immigrati_interni,346
017042,Castel Mella,2024,immigrati_interni,399
017042,Castel Mella,2019,morti,65
017042,Castel Mella,2020,morti,91
017042,Castel Mella,2021,morti,90
017042,Castel Mella,2022,morti,64
017042,Castel Mella,2023,morti,78
017042,Castel Mella,2024,morti,78
017042,Castel Mella,2019,nati,76
017042,Castel Mella,2020,nati,70
017042,Castel Mella,2021,nati,96
017042,Castel Mella,2022,nati,72
017042,Castel Mella,2023,nati,66
017042,Castel Mella,2024,nati,84
017042,Castel Mella,2019,popolazione_censita,10899
017042,Castel Mella,2020,popolazione_censita,10999
017042,Castel Mella,2021,popolazione_censita,10993
017042,Castel Mella,2022,popolazione_censita,10909
017042,Castel Mella,2023,popolazione_censita,10886
017042,Castel Mella,2024,popolazione_censita,10953
017042,Castel Mella,2019,popolazione_fine,10949
017042,Castel Mella,2020,popolazione_fine,10890
017042,Castel Mella,2021,popolazione_fine,11018
017042,Castel Mella,2022,popolazione_fine,10929
017042,Castel Mella,2023,popolazione_fine,10881
017042,Castel Mella,2024,popolazione_fine,10947
017042,Castel Mella,2019,popolazione_inizio,10873
017042,Castel Mella,2020,popolazione_inizio,10899
017042,Castel Mella,2021,popolazione_inizio,10999
017042,Castel Mella,2022,popolazione_inizio,10993
017042,Castel Mella,2023,popolazione_inizio,10909
017042,Castel Mella,2024,popolazione_inizio,10886
017042,Castel Mella,2019,variazioni_territoriali,0
017042,Castel Mella,2020,variazioni_territoriali,0
017042,Castel Mella,2021,variazioni_territoriali,0
017042,Castel Mella,2022,variazioni_territoriali,0
017042,Castel Mella,2023,variazioni_territoriali,0
017042,Castel Mella,2024,variazioni_territoriali,0
017043,Castenedolo,2019,aggiustamento_statistico,-29
017043,Castenedolo,2020,aggiustamento_statistico,83
017043,Castenedolo,2021,aggiustamento_statistico,-75
017043,Castenedolo,2022,aggiustamento_statistico,-8
017043,Castenedolo,2023,aggiustamento_statistico,-4
017043,Castenedolo,2024,aggiustamento_statistico,-12
017043,Castenedolo,2019,emigrati_estero,12
017043,Castenedolo,2020,emigrati_estero,22
017043,Castenedolo,2021,emigrati_estero,14
017043,Castenedolo,2022,emigrati_estero,34
017043,Castenedolo,2023,emigrati_estero,27
017043,Castenedolo,2024,emigrati_estero,39
017043,Castenedolo,2019,emigrati_interni,347
017043,Castenedolo,2020,emigrati_interni,372
017043,Castenedolo,2021,emigrati_interni,346
017043,Castenedolo,2022,emigrati_interni,339
017043,Castenedolo,2023,emigrati_interni,307
017043,Castenedolo,2024,emigrati_interni,319
017043,Castenedolo,2019,immigrati_estero,69
017043,Castenedolo,2020,immigrati_estero,42
017043,Castenedolo,2021,immigrati_estero,58
017043,Castenedolo,2022,immigrati_estero,85
017043,Castenedolo,2023,immigrati_estero,59
017043,Castenedolo,2024,immigrati_estero,72
017043,Castenedolo,2019,immigrati_interni,413
017043,Castenedolo,2020,immigrati_interni,373
017043,Castenedolo,2021,immigrati_interni,431
017043,Castenedolo,2022,immigrati_interni,367
017043,Castenedolo,2023,immigrati_interni,406
017043,Castenedolo,2024,immigrati_interni,301
017043,Castenedolo,2019,morti,118
017043,Castenedolo,2020,morti,132
017043,Castenedolo,2021,morti,106
017043,Castenedolo,2022,morti,116
017043,Castenedolo,2023,morti,101
017043,Castenedolo,2024,morti,107
017043,Castenedolo,2019,nati,90
017043,Castenedolo,2020,nati,83
017043,Castenedolo,2021,nati,75
017043,Castenedolo,2022,nati,88
017043,Castenedolo,2023,nati,87
017043,Castenedolo,2024,nati,82
017043,Castenedolo,2019,popolazione_censita,11475
017043,Castenedolo,2020,popolazione_censita,11530
017043,Castenedolo,2021,popolazione_censita,11553
017043,Castenedolo,2022,popolazione_censita,11596
017043,Castenedolo,2023,popolazione_censita,11709
017043,Castenedolo,2024,popolazione_censita,11687
017043,Castenedolo,2019,popolazione_fine,11504
017043,Castenedolo,2020,popolazione_fine,11447
017043,Castenedolo,2021,popolazione_fine,11628
017043,Castenedolo,2022,popolazione_fine,11604
017043,Castenedolo,2023,popolazione_fine,11713
017043,Castenedolo,2024,popolazione_fine,11699
017043,Castenedolo,2019,popolazione_inizio,11409
017043,Castenedolo,2020,popolazione_inizio,11475
017043,Castenedolo,2021,popolazione_inizio,11530
017043,Castenedolo,2022,popolazione_inizio,11553
017043,Castenedolo,2023,popolazione_inizio,11596
017043,Castenedolo,2024,popolazione_inizio,11709
017043,Castenedolo,2019,variazioni_territoriali,0
017043,Castenedolo,2020,variazioni_territoriali,0
017043,Castenedolo,2021,variazioni_territoriali,0
017043,Castenedolo,2022,variazioni_territoriali,0
017043,Castenedolo,2023,variazioni_territoriali,0
017043,Castenedolo,2024,variazioni_territoriali,0
017044,Casto,2019,aggiustamento_statistico,-7
017044,Casto,2020,aggiustamento_statistico,-8
017044,Casto,2021,aggiustamento_statistico,3
017044,Casto,2022,aggiustamento_statistico,-7
017044,Casto,2023,aggiustamento_statistico,3
017044,Casto,2024,aggiustamento_statistico,1
017044,Casto,2019,emigrati_estero,0
017044,Casto,2020,emigrati_estero,5
017044,Casto,2021,emigrati_estero,2
017044,Casto,2022,emigrati_estero,3
017044,Casto,2023,emigrati_estero,4
017044,Casto,2024,emigrati_estero,1
017044,Casto,2019,emigrati_interni,39
017044,Casto,2020,emigrati_interni,30
017044,Casto,2021,emigrati_interni,41
017044,Casto,2022,emigrati_interni,35
017044,Casto,2023,emigrati_interni,37
017044,Casto,2024,emigrati_interni,39
017044,Casto,2019,immigrati_estero,7
017044,Casto,2020,immigrati_estero,1
017044,Casto,2021,immigrati_estero,8
017044,Casto,2022,immigrati_estero,3
017044,Casto,2023,immigrati_estero,7
017044,Casto,2024,immigrati_estero,1
017044,Casto,2019,immigrati_interni,14
017044,Casto,2020,immigrati_interni,14
017044,Casto,2021,immigrati_interni,36
017044,Casto,2022,immigrati_interni,31
017044,Casto,2023,immigrati_interni,58
017044,Casto,2024,immigrati_interni,28
017044,Casto,2019,morti,13
017044,Casto,2020,morti,18
017044,Casto,2021,morti,28
017044,Casto,2022,morti,15
017044,Casto,2023,morti,6
017044,Casto,2024,morti,20
017044,Casto,2019,nati,9
017044,Casto,2020,nati,14
017044,Casto,2021,nati,12
017044,Casto,2022,nati,8
017044,Casto,2023,nati,10
017044,Casto,2024,nati,8
017044,Casto,2019,popolazione_censita,1669
017044,Casto,2020,popolazione_censita,1637
017044,Casto,2021,popolazione_censita,1625
017044,Casto,2022,popolazione_censita,1607
017044,Casto,2023,popolazione_censita,1638
017044,Casto,2024,popolazione_censita,1616
017044,Casto,2019,popolazione_fine,1676
017044,Casto,2020,popolazione_fine,1645
017044,Casto,2021,popolazione_fine,1622
017044,Casto,2022,popolazione_fine,1614
017044,Casto,2023,popolazione_fine,1635
017044,Casto,2024,popolazione_fine,1615
017044,Casto,2019,popolazione_inizio,1698
017044,Casto,2020,popolazione_inizio,1669
017044,Casto,2021,popolazione_inizio,1637
017044,Casto,2022,popolazione_inizio,1625
017044,Casto,2023,popolazione_inizio,1607
017044,Casto,2024,popolazione_inizio,1638
017044,Casto,2019,variazioni_territoriali,0
017044,Casto,2020,variazioni_territoriali,0
017044,Casto,2021,variazioni_territoriali,0
017044,Casto,2022,variazioni_territoriali,0
017044,Casto,2023,variazioni_territoriali,0
017044,Casto,2024,variazioni_territoriali,0
017045,Castrezzato,2019,aggiustamento_statistico,-9
017045,Castrezzato,2020,aggiustamento_statistico,-6
017045,Castrezzato,2021,aggiustamento_statistico,-18
017045,Castrezzato,2022,aggiustamento_statistico,3
017045,Castrezzato,2023,aggiustamento_statistico,3
017045,Castrezzato,2024,aggiustamento_statistico,14
017045,Castrezzato,2019,emigrati_estero,61
017045,Castrezzato,2020,emigrati_estero,43
017045,Castrezzato,2021,emigrati_estero,8
017045,Castrezzato,2022,emigrati_estero,22
017045,Castrezzato,2023,emigrati_estero,16
017045,Castrezzato,2024,emigrati_estero,20
017045,Castrezzato,2019,emigrati_interni,237
017045,Castrezzato,2020,emigrati_interni,201
017045,Castrezzato,2021,emigrati_interni,216
017045,Castrezzato,2022,emigrati_interni,212
017045,Castrezzato,2023,emigrati_interni,219
017045,Castrezzato,2024,emigrati_interni,198
017045,Castrezzato,2019,immigrati_estero,67
017045,Castrezzato,2020,immigrati_estero,30
017045,Castrezzato,2021,immigrati_estero,54
017045,Castrezzato,2022,immigrati_estero,70
017045,Castrezzato,2023,immigrati_estero,64
017045,Castrezzato,2024,immigrati_estero,76
017045,Castrezzato,2019,immigrati_interni,265
017045,Castrezzato,2020,immigrati_interni,282
017045,Castrezzato,2021,immigrati_interni,206
017045,Castrezzato,2022,immigrati_interni,239
017045,Castrezzato,2023,immigrati_interni,264
017045,Castrezzato,2024,immigrati_interni,230
017045,Castrezzato,2019,morti,49
017045,Castrezzato,2020,morti,63
017045,Castrezzato,2021,morti,66
017045,Castrezzato,2022,morti,56
017045,Castrezzato,2023,morti,50
017045,Castrezzato,2024,morti,56
017045,Castrezzato,2019,nati,92
017045,Castrezzato,2020,nati,76
017045,Castrezzato,2021,nati,83
017045,Castrezzato,2022,nati,77
017045,Castrezzato,2023,nati,74
017045,Castrezzato,2024,nati,77
017045,Castrezzato,2019,popolazione_censita,7384
017045,Castrezzato,2020,popolazione_censita,7459
017045,Castrezzato,2021,popolazione_censita,7494
017045,Castrezzato,2022,popolazione_censita,7593
017045,Castrezzato,2023,popolazione_censita,7713
017045,Castrezzato,2024,popolazione_censita,7836
017045,Castrezzato,2019,popolazione_fine,7393
017045,Castrezzato,2020,popolazione_fine,7465
017045,Castrezzato,2021,popolazione_fine,7512
017045,Castrezzato,2022,popolazione_fine,7590
017045,Castrezzato,2023,popolazione_fine,7710
017045,Castrezzato,2024,popolazione_fine,7822
017045,Castrezzato,2019,popolazione_inizio,7316
017045,Castrezzato,2020,popolazione_inizio,7384
017045,Castrezzato,2021,popolazione_inizio,7459
017045,Castrezzato,2022,popolazione_inizio,7494
017045,Castrezzato,2023,popolazione_inizio,7593
017045,Castrezzato,2024,popolazione_inizio,7713
017045,Castrezzato,2019,variazioni_territoriali,0
017045,Castrezzato,2020,variazioni_territoriali,0
017045,Castrezzato,2021,variazioni_territoriali,0
017045,Castrezzato,2022,variazioni_territoriali,0
017045,Castrezzato,2023,variazioni_territoriali,0
017045,Castrezzato,2024,variazioni_territoriali,0
017046,Cazzago San Martino,2019,aggiustamento_statistico,5
017046,Cazzago San Martino,2020,aggiustamento_statistico,-99
017046,Cazzago San Martino,2021,aggiustamento_statistico,-25
017046,Cazzago San Martino,2022,aggiustamento_statistico,16
017046,Cazzago San Martino,2023,aggiustamento_statistico,17
017046,Cazzago San Martino,2024,aggiustamento_statistico,-2
017046,Cazzago San Martino,2019,emigrati_estero,47
017046,Cazzago San Martino,2020,emigrati_estero,12
017046,Cazzago San Martino,2021,emigrati_estero,14
017046,Cazzago San Martino,2022,emigrati_estero,19
017046,Cazzago San Martino,2023,emigrati_estero,26
017046,Cazzago San Martino,2024,emigrati_estero,24
017046,Cazzago San Martino,2019,emigrati_interni,277
017046,Cazzago San Martino,2020,emigrati_interni,312
017046,Cazzago San Martino,2021,emigrati_interni,320
017046,Cazzago San Martino,2022,emigrati_interni,322
017046,Cazzago San Martino,2023,emigrati_interni,270
017046,Cazzago San Martino,2024,emigrati_interni,244
017046,Cazzago San Martino,2019,immigrati_estero,50
017046,Cazzago San Martino,2020,immigrati_estero,28
017046,Cazzago San Martino,2021,immigrati_estero,35
017046,Cazzago San Martino,2022,immigrati_estero,41
017046,Cazzago San Martino,2023,immigrati_estero,72
017046,Cazzago San Martino,2024,immigrati_estero,40
017046,Cazzago San Martino,2019,immigrati_interni,279
017046,Cazzago San Martino,2020,immigrati_interni,241
017046,Cazzago San Martino,2021,immigrati_interni,288
017046,Cazzago San Martino,2022,immigrati_interni,271
017046,Cazzago San Martino,2023,immigrati_interni,313
017046,Cazzago San Martino,2024,immigrati_interni,228
017046,Cazzago San Martino,2019,morti,85
017046,Cazzago San Martino,2020,morti,133
017046,Cazzago San Martino,2021,morti,121
017046,Cazzago San Martino,2022,morti,94
017046,Cazzago San Martino,2023,morti,88
017046,Cazzago San Martino,2024,morti,91
017046,Cazzago San Martino,2019,nati,88
017046,Cazzago San Martino,2020,nati,76
017046,Cazzago San Martino,2021,nati,67
017046,Cazzago San Martino,2022,nati,62
017046,Cazzago San Martino,2023,nati,74
017046,Cazzago San Martino,2024,nati,84
017046,Cazzago San Martino,2019,popolazione_censita,11050
017046,Cazzago San Martino,2020,popolazione_censita,10839
017046,Cazzago San Martino,2021,popolazione_censita,10749
017046,Cazzago San Martino,2022,popolazione_censita,10704
017046,Cazzago San Martino,2023,popolazione_censita,10796
017046,Cazzago San Martino,2024,popolazione_censita,10787
017046,Cazzago San Martino,2019,popolazione_fine,11045
017046,Cazzago San Martino,2020,popolazione_fine,10938
017046,Cazzago San Martino,2021,popolazione_fine,10774
017046,Cazzago San Martino,2022,popolazione_fine,10688
017046,Cazzago San Martino,2023,popolazione_fine,10779
017046,Cazzago San Martino,2024,popolazione_fine,10789
017046,Cazzago San Martino,2019,popolazione_inizio,11037
017046,Cazzago San Martino,2020,popolazione_inizio,11050
017046,Cazzago San Martino,2021,popolazione_inizio,10839
017046,Cazzago San Martino,2022,popolazione_inizio,10749
017046,Cazzago San Martino,2023,popolazione_inizio,10704
017046,Cazzago San Martino,2024,popolazione_inizio,10796
017046,Cazzago San Martino,2019,variazioni_territoriali,0
017046,Cazzago San Martino,2020,variazioni_territoriali,0
017046,Cazzago San Martino,2021,variazioni_territoriali,0
017046,Cazzago San Martino,2022,variazioni_territoriali,0
017046,Cazzago San Martino,2023,variazioni_territoriali,0
017046,Cazzago San Martino,2024,variazioni_territoriali,0
017047,Cedegolo,2019,aggiustamento_statistico,2
017047,Cedegolo,2020,aggiustamento_statistico,-16
017047,Cedegolo,2021,aggiustamento_statistico,5
017047,Cedegolo,2022,aggiustamento_statistico,-1
017047,Cedegolo,2023,aggiustamento_statistico,4
017047,Cedegolo,2024,aggiustamento_statistico,1
017047,Cedegolo,2019,emigrati_estero,4
017047,Cedegolo,2020,emigrati_estero,1
017047,Cedegolo,2021,emigrati_estero,7
017047,Cedegolo,2022,emigrati_estero,1
017047,Cedegolo,2023,emigrati_estero,4
017047,Cedegolo,2024,emigrati_estero,4
017047,Cedegolo,2019,emigrati_interni,28
017047,Cedegolo,2020,emigrati_interni,44
017047,Cedegolo,2021,emigrati_interni,17
017047,Cedegolo,2022,emigrati_interni,24
017047,Cedegolo,2023,emigrati_interni,17
017047,Cedegolo,2024,emigrati_interni,23
017047,Cedegolo,2019,immigrati_estero,7
017047,Cedegolo,2020,immigrati_estero,4
017047,Cedegolo,2021,immigrati_estero,4
017047,Cedegolo,2022,immigrati_estero,9
017047,Cedegolo,2023,immigrati_estero,3
017047,Cedegolo,2024,immigrati_estero,12
017047,Cedegolo,2019,immigrati_interni,25
017047,Cedegolo,2020,immigrati_interni,29
017047,Cedegolo,2021,immigrati_interni,27
017047,Cedegolo,2022,immigrati_interni,20
017047,Cedegolo,2023,immigrati_interni,27
017047,Cedegolo,2024,immigrati_interni,27
017047,Cedegolo,2019,morti,17
017047,Cedegolo,2020,morti,22
017047,Cedegolo,2021,morti,20
017047,Cedegolo,2022,morti,9
017047,Cedegolo,2023,morti,11
017047,Cedegolo,2024,morti,6
017047,Cedegolo,2019,nati,6
017047,Cedegolo,2020,nati,6
017047,Cedegolo,2021,nati,10
017047,Cedegolo,2022,nati,3
017047,Cedegolo,2023,nati,12
017047,Cedegolo,2024,nati,8
017047,Cedegolo,2019,popolazione_censita,1140
017047,Cedegolo,2020,popolazione_censita,1096
017047,Cedegolo,2021,popolazione_censita,1098
017047,Cedegolo,2022,popolazione_censita,1095
017047,Cedegolo,2023,popolazione_censita,1109
017047,Cedegolo,2024,popolazione_censita,1124
017047,Cedegolo,2019,popolazione_fine,1138
017047,Cedegolo,2020,popolazione_fine,1112
017047,Cedegolo,2021,popolazione_fine,1093
017047,Cedegolo,2022,popolazione_fine,1096
017047,Cedegolo,2023,popolazione_fine,1105
017047,Cedegolo,2024,popolazione_fine,1123
017047,Cedegolo,2019,popolazione_inizio,1149
017047,Cedegolo,2020,popolazione_inizio,1140
017047,Cedegolo,2021,popolazione_inizio,1096
017047,Cedegolo,2022,popolazione_inizio,1098
017047,Cedegolo,2023,popolazione_inizio,1095
017047,Cedegolo,2024,popolazione_inizio,1109
017047,Cedegolo,2019,variazioni_territoriali,0
017047,Cedegolo,2020,variazioni_territoriali,0
017047,Cedegolo,2021,variazioni_territoriali,0
017047,Cedegolo,2022,variazioni_territoriali,0
017047,Cedegolo,2023,variazioni_territoriali,0
017047,Cedegolo,2024,variazioni_territoriali,0
017048,Cellatica,2019,aggiustamento_statistico,4
017048,Cellatica,2020,aggiustamento_statistico,16
017048,Cellatica,2021,aggiustamento_statistico,-22
017048,Cellatica,2022,aggiustamento_statistico,16
017048,Cellatica,2023,aggiustamento_statistico,8
017048,Cellatica,2024,aggiustamento_statistico,-34
017048,Cellatica,2019,emigrati_estero,16
017048,Cellatica,2020,emigrati_estero,17
017048,Cellatica,2021,emigrati_estero,21
017048,Cellatica,2022,emigrati_estero,12
017048,Cellatica,2023,emigrati_estero,16
017048,Cellatica,2024,emigrati_estero,18
017048,Cellatica,2019,emigrati_interni,167
017048,Cellatica,2020,emigrati_interni,156
017048,Cellatica,2021,emigrati_interni,195
017048,Cellatica,2022,emigrati_interni,177
017048,Cellatica,2023,emigrati_interni,168
017048,Cellatica,2024,emigrati_interni,117
017048,Cellatica,2019,immigrati_estero,32
017048,Cellatica,2020,immigrati_estero,30
017048,Cellatica,2021,immigrati_estero,26
017048,Cellatica,2022,immigrati_estero,22
017048,Cellatica,2023,immigrati_estero,26
017048,Cellatica,2024,immigrati_estero,12
017048,Cellatica,2019,immigrati_interni,172
017048,Cellatica,2020,immigrati_interni,203
017048,Cellatica,2021,immigrati_interni,193
017048,Cellatica,2022,immigrati_interni,175
017048,Cellatica,2023,immigrati_interni,156
017048,Cellatica,2024,immigrati_interni,192
017048,Cellatica,2019,morti,44
017048,Cellatica,2020,morti,54
017048,Cellatica,2021,morti,54
017048,Cellatica,2022,morti,54
017048,Cellatica,2023,morti,50
017048,Cellatica,2024,morti,43
017048,Cellatica,2019,nati,21
017048,Cellatica,2020,nati,28
017048,Cellatica,2021,nati,34
017048,Cellatica,2022,nati,27
017048,Cellatica,2023,nati,30
017048,Cellatica,2024,nati,33
017048,Cellatica,2019,popolazione_censita,4851
017048,Cellatica,2020,popolazione_censita,4901
017048,Cellatica,2021,popolazione_censita,4862
017048,Cellatica,2022,popolazione_censita,4859
017048,Cellatica,2023,popolazione_censita,4845
017048,Cellatica,2024,popolazione_censita,4870
017048,Cellatica,2019,popolazione_fine,4847
017048,Cellatica,2020,popolazione_fine,4885
017048,Cellatica,2021,popolazione_fine,4884
017048,Cellatica,2022,popolazione_fine,4843
017048,Cellatica,2023,popolazione_fine,4837
017048,Cellatica,2024,popolazione_fine,4904
017048,Cellatica,2019,popolazione_inizio,4849
017048,Cellatica,2020,popolazione_inizio,4851
017048,Cellatica,2021,popolazione_inizio,4901
017048,Cellatica,2022,popolazione_inizio,4862
017048,Cellatica,2023,popolazione_inizio,4859
017048,Cellatica,2024,popolazione_inizio,4845
017048,Cellatica,2019,variazioni_territoriali,0
017048,Cellatica,2020,variazioni_territoriali,0
017048,Cellatica,2021,variazioni_territoriali,0
017048,Cellatica,2022,variazioni_territoriali,0
017048,Cellatica,2023,variazioni_territoriali,0
017048,Cellatica,2024,variazioni_territoriali,0
017049,Cerveno,2019,aggiustamento_statistico,-4
017049,Cerveno,2020,aggiustamento_statistico,-3
017049,Cerveno,2021,aggiustamento_statistico,1
017049,Cerveno,2022,aggiustamento_statistico,0
017049,Cerveno,2023,aggiustamento_statistico,-1
017049,Cerveno,2024,aggiustamento_statistico,1
017049,Cerveno,2019,emigrati_estero,1
017049,Cerveno,2020,emigrati_estero,2
017049,Cerveno,2021,emigrati_estero,2
017049,Cerveno,2022,emigrati_estero,0
017049,Cerveno,2023,emigrati_estero,3
017049,Cerveno,2024,emigrati_estero,1
017049,Cerveno,2019,emigrati_interni,17
017049,Cerveno,2020,emigrati_interni,6
017049,Cerveno,2021,emigrati_interni,13
017049,Cerveno,2022,emigrati_interni,18
017049,Cerveno,2023,emigrati_interni,9
017049,Cerveno,2024,emigrati_interni,28
017049,Cerveno,2019,immigrati_estero,2
017049,Cerveno,2020,immigrati_estero,0
017049,Cerveno,2021,immigrati_estero,0
017049,Cerveno,2022,immigrati_estero,3
017049,Cerveno,2023,immigrati_estero,3
017049,Cerveno,2024,immigrati_estero,1
017049,Cerveno,2019,immigrati_interni,13
017049,Cerveno,2020,immigrati_interni,12
017049,Cerveno,2021,immigrati_interni,24
017049,Cerveno,2022,immigrati_interni,23
017049,Cerveno,2023,immigrati_interni,43
017049,Cerveno,2024,immigrati_interni,33
017049,Cerveno,2019,morti,11
017049,Cerveno,2020,morti,9
017049,Cerveno,2021,morti,11
017049,Cerveno,2022,morti,11
017049,Cerveno,2023,morti,6
017049,Cerveno,2024,morti,8
017049,Cerveno,2019,nati,3
017049,Cerveno,2020,nati,3
017049,Cerveno,2021,nati,6
017049,Cerveno,2022,nati,5
017049,Cerveno,2023,nati,7
017049,Cerveno,2024,nati,3
017049,Cerveno,2019,popolazione_censita,657
017049,Cerveno,2020,popolazione_censita,652
017049,Cerveno,2021,popolazione_censita,657
017049,Cerveno,2022,popolazione_censita,659
017049,Cerveno,2023,popolazione_censita,693
017049,Cerveno,2024,popolazione_censita,694
017049,Cerveno,2019,popolazione_fine,661
017049,Cerveno,2020,popolazione_fine,655
017049,Cerveno,2021,popolazione_fine,656
017049,Cerveno,2022,popolazione_fine,659
017049,Cerveno,2023,popolazione_fine,694
017049,Cerveno,2024,popolazione_fine,693
017049,Cerveno,2019,popolazione_inizio,672
017049,Cerveno,2020,popolazione_inizio,657
017049,Cerveno,2021,popolazione_inizio,652
017049,Cerveno,2022,popolazione_inizio,657
017049,Cerveno,2023,popolazione_inizio,659
017049,Cerveno,2024,popolazione_inizio,693
017049,Cerveno,2019,variazioni_territoriali,0
017049,Cerveno,2020,variazioni_territoriali,0
017049,Cerveno,2021,variazioni_territoriali,0
017049,Cerveno,2022,variazioni_territoriali,0
017049,Cerveno,2023,variazioni_territoriali,0
017049,Cerveno,2024,variazioni_territoriali,0
017050,Ceto,2019,aggiustamento_statistico,0
017050,Ceto,2020,aggiustamento_statistico,-3
017050,Ceto,2021,aggiustamento_statistico,5
017050,Ceto,2022,aggiustamento_statistico,1
017050,Ceto,2023,aggiustamento_statistico,-1
017050,Ceto,2024,aggiustamento_statistico,2
017050,Ceto,2019,emigrati_estero,6
017050,Ceto,2020,emigrati_estero,4
017050,Ceto,2021,emigrati_estero,4
017050,Ceto,2022,emigrati_estero,1
017050,Ceto,2023,emigrati_estero,3
017050,Ceto,2024,emigrati_estero,1
017050,Ceto,2019,emigrati_interni,60
017050,Ceto,2020,emigrati_interni,34
017050,Ceto,2021,emigrati_interni,55
017050,Ceto,2022,emigrati_interni,51
017050,Ceto,2023,emigrati_interni,38
017050,Ceto,2024,emigrati_interni,54
017050,Ceto,2019,immigrati_estero,6
017050,Ceto,2020,immigrati_estero,1
017050,Ceto,2021,immigrati_estero,3
017050,Ceto,2022,immigrati_estero,3
017050,Ceto,2023,immigrati_estero,15
017050,Ceto,2024,immigrati_estero,9
017050,Ceto,2019,immigrati_interni,21
017050,Ceto,2020,immigrati_interni,32
017050,Ceto,2021,immigrati_interni,52
017050,Ceto,2022,immigrati_interni,43
017050,Ceto,2023,immigrati_interni,40
017050,Ceto,2024,immigrati_interni,62
017050,Ceto,2019,morti,19
017050,Ceto,2020,morti,13
017050,Ceto,2021,morti,17
017050,Ceto,2022,morti,17
017050,Ceto,2023,morti,23
017050,Ceto,2024,morti,17
017050,Ceto,2019,nati,8
017050,Ceto,2020,nati,11
017050,Ceto,2021,nati,11
017050,Ceto,2022,nati,7
017050,Ceto,2023,nati,5
017050,Ceto,2024,nati,1
017050,Ceto,2019,popolazione_censita,1803
017050,Ceto,2020,popolazione_censita,1793
017050,Ceto,2021,popolazione_censita,1788
017050,Ceto,2022,popolazione_censita,1773
017050,Ceto,2023,popolazione_censita,1768
017050,Ceto,2024,popolazione_censita,1770
017050,Ceto,2019,popolazione_fine,1803
017050,Ceto,2020,popolazione_fine,1796
017050,Ceto,2021,popolazione_fine,1783
017050,Ceto,2022,popolazione_fine,1772
017050,Ceto,2023,popolazione_fine,1769
017050,Ceto,2024,popolazione_fine,1768
017050,Ceto,2019,popolazione_inizio,1853
017050,Ceto,2020,popolazione_inizio,1803
017050,Ceto,2021,popolazione_inizio,1793
017050,Ceto,2022,popolazione_inizio,1788
017050,Ceto,2023,popolazione_inizio,1773
017050,Ceto,2024,popolazione_inizio,1768
017050,Ceto,2019,variazioni_territoriali,0
017050,Ceto,2020,variazioni_territoriali,0
017050,Ceto,2021,variazioni_territoriali,0
017050,Ceto,2022,variazioni_territoriali,0
017050,Ceto,2023,variazioni_territoriali,0
017050,Ceto,2024,variazioni_territoriali,0
017051,Cevo,2019,aggiustamento_statistico,0
017051,Cevo,2020,aggiustamento_statistico,0
017051,Cevo,2021,aggiustamento_statistico,0
017051,Cevo,2022,aggiustamento_statistico,-2
017051,Cevo,2023,aggiustamento_statistico,0
017051,Cevo,2024,aggiustamento_statistico,0
017051,Cevo,2019,emigrati_estero,4
017051,Cevo,2020,emigrati_estero,0
017051,Cevo,2021,emigrati_estero,1
017051,Cevo,2022,emigrati_estero,2
017051,Cevo,2023,emigrati_estero,3
017051,Cevo,2024,emigrati_estero,2
017051,Cevo,2019,emigrati_interni,15
017051,Cevo,2020,emigrati_interni,12
017051,Cevo,2021,emigrati_interni,20
017051,Cevo,2022,emigrati_interni,11
017051,Cevo,2023,emigrati_interni,13
017051,Cevo,2024,emigrati_interni,13
017051,Cevo,2019,immigrati_estero,0
017051,Cevo,2020,immigrati_estero,0
017051,Cevo,2021,immigrati_estero,5
017051,Cevo,2022,immigrati_estero,6
017051,Cevo,2023,immigrati_estero,1
017051,Cevo,2024,immigrati_estero,3
017051,Cevo,2019,immigrati_interni,15
017051,Cevo,2020,immigrati_interni,21
017051,Cevo,2021,immigrati_interni,11
017051,Cevo,2022,immigrati_interni,12
017051,Cevo,2023,immigrati_interni,12
017051,Cevo,2024,immigrati_interni,9
017051,Cevo,2019,morti,10
017051,Cevo,2020,morti,21
017051,Cevo,2021,morti,14
017051,Cevo,2022,morti,9
017051,Cevo,2023,morti,16
017051,Cevo,2024,morti,9
017051,Cevo,2019,nati,1
017051,Cevo,2020,nati,1
017051,Cevo,2021,nati,8
017051,Cevo,2022,nati,2
017051,Cevo,2023,nati,5
017051,Cevo,2024,nati,2
017051,Cevo,2019,popolazione_censita,842
017051,Cevo,2020,popolazione_censita,831
017051,Cevo,2021,popolazione_censita,820
017051,Cevo,2022,popolazione_censita,816
017051,Cevo,2023,popolazione_censita,802
017051,Cevo,2024,popolazione_censita,792
017051,Cevo,2019,popolazione_fine,842
017051,Cevo,2020,popolazione_fine,831
017051,Cevo,2021,popolazione_fine,820
017051,Cevo,2022,popolazione_fine,818
017051,Cevo,2023,popolazione_fine,802
017051,Cevo,2024,popolazione_fine,792
017051,Cevo,2019,popolazione_inizio,855
017051,Cevo,2020,popolazione_inizio,842
017051,Cevo,2021,popolazione_inizio,831
017051,Cevo,2022,popolazione_inizio,820
017051,Cevo,2023,popolazione_inizio,816
017051,Cevo,2024,popolazione_inizio,802
017051,Cevo,2019,variazioni_territoriali,0
017051,Cevo,2020,variazioni_territoriali,0
017051,Cevo,2021,variazioni_territoriali,0
017051,Cevo,2022,variazioni_territoriali,0
017051,Cevo,2023,variazioni_territoriali,0
017051,Cevo,2024,variazioni_territoriali,0
017052,Chiari,2019,aggiustamento_statistico,-15
017052,Chiari,2020,aggiustamento_statistico,-56
017052,Chiari,2021,aggiustamento_statistico,-45
017052,Chiari,2022,aggiustamento_statistico,-19
017052,Chiari,2023,aggiustamento_statistico,-4
017052,Chiari,2024,aggiustamento_statistico,3
017052,Chiari,2019,emigrati_estero,60
017052,Chiari,2020,emigrati_estero,42
017052,Chiari,2021,emigrati_estero,29
017052,Chiari,2022,emigrati_estero,37
017052,Chiari,2023,emigrati_estero,27
017052,Chiari,2024,emigrati_estero,44
017052,Chiari,2019,emigrati_interni,411
017052,Chiari,2020,emigrati_interni,473
017052,Chiari,2021,emigrati_interni,497
017052,Chiari,2022,emigrati_interni,463
017052,Chiari,2023,emigrati_interni,442
017052,Chiari,2024,emigrati_interni,403
017052,Chiari,2019,immigrati_estero,166
017052,Chiari,2020,immigrati_estero,93
017052,Chiari,2021,immigrati_estero,143
017052,Chiari,2022,immigrati_estero,212
017052,Chiari,2023,immigrati_estero,163
017052,Chiari,2024,immigrati_estero,153
017052,Chiari,2019,immigrati_interni,559
017052,Chiari,2020,immigrati_interni,467
017052,Chiari,2021,immigrati_interni,533
017052,Chiari,2022,immigrati_interni,444
017052,Chiari,2023,immigrati_interni,461
017052,Chiari,2024,immigrati_interni,526
017052,Chiari,2019,morti,211
017052,Chiari,2020,morti,277
017052,Chiari,2021,morti,211
017052,Chiari,2022,morti,194
017052,Chiari,2023,morti,187
017052,Chiari,2024,morti,175
017052,Chiari,2019,nati,151
017052,Chiari,2020,nati,147
017052,Chiari,2021,nati,143
017052,Chiari,2022,nati,151
017052,Chiari,2023,nati,158
017052,Chiari,2024,nati,145
017052,Chiari,2019,popolazione_censita,19235
017052,Chiari,2020,popolazione_censita,19094
017052,Chiari,2021,popolazione_censita,19131
017052,Chiari,2022,popolazione_censita,19225
017052,Chiari,2023,popolazione_censita,19347
017052,Chiari,2024,popolazione_censita,19552
017052,Chiari,2019,popolazione_fine,19250
017052,Chiari,2020,popolazione_fine,19150
017052,Chiari,2021,popolazione_fine,19176
017052,Chiari,2022,popolazione_fine,19244
017052,Chiari,2023,popolazione_fine,19351
017052,Chiari,2024,popolazione_fine,19549
017052,Chiari,2019,popolazione_inizio,19056
017052,Chiari,2020,popolazione_inizio,19235
017052,Chiari,2021,popolazione_inizio,19094
017052,Chiari,2022,popolazione_inizio,19131
017052,Chiari,2023,popolazione_inizio,19225
017052,Chiari,2024,popolazione_inizio,19347
017052,Chiari,2019,variazioni_territoriali,0
017052,Chiari,2020,variazioni_territoriali,0
017052,Chiari,2021,variazioni_territoriali,0
017052,Chiari,2022,variazioni_territoriali,0
017052,Chiari,2023,variazioni_territoriali,0
017052,Chiari,2024,variazioni_territoriali,0
017053,Cigole,2019,aggiustamento_statistico,-2
017053,Cigole,2020,aggiustamento_statistico,-6
017053,Cigole,2021,aggiustamento_statistico,0
017053,Cigole,2022,aggiustamento_statistico,5
017053,Cigole,2023,aggiustamento_statistico,-4
017053,Cigole,2024,aggiustamento_statistico,4
017053,Cigole,2019,emigrati_estero,9
017053,Cigole,2020,emigrati_estero,3
017053,Cigole,2021,emigrati_estero,4
017053,Cigole,2022,emigrati_estero,3
017053,Cigole,2023,emigrati_estero,2
017053,Cigole,2024,emigrati_estero,5
017053,Cigole,2019,emigrati_interni,39
017053,Cigole,2020,emigrati_interni,41
017053,Cigole,2021,emigrati_interni,58
017053,Cigole,2022,emigrati_interni,33
017053,Cigole,2023,emigrati_interni,28
017053,Cigole,2024,emigrati_interni,44
017053,Cigole,2019,immigrati_estero,8
017053,Cigole,2020,immigrati_estero,5
017053,Cigole,2021,immigrati_estero,5
017053,Cigole,2022,immigrati_estero,10
017053,Cigole,2023,immigrati_estero,19
017053,Cigole,2024,immigrati_estero,11
017053,Cigole,2019,immigrati_interni,38
017053,Cigole,2020,immigrati_interni,21
017053,Cigole,2021,immigrati_interni,34
017053,Cigole,2022,immigrati_interni,40
017053,Cigole,2023,immigrati_interni,61
017053,Cigole,2024,immigrati_interni,29
017053,Cigole,2019,morti,23
017053,Cigole,2020,morti,32
017053,Cigole,2021,morti,19
017053,Cigole,2022,morti,13
017053,Cigole,2023,morti,23
017053,Cigole,2024,morti,21
017053,Cigole,2019,nati,5
017053,Cigole,2020,nati,13
017053,Cigole,2021,nati,6
017053,Cigole,2022,nati,6
017053,Cigole,2023,nati,9
017053,Cigole,2024,nati,13
017053,Cigole,2019,popolazione_censita,1520
017053,Cigole,2020,popolazione_censita,1477
017053,Cigole,2021,popolazione_censita,1441
017053,Cigole,2022,popolazione_censita,1453
017053,Cigole,2023,popolazione_censita,1485
017053,Cigole,2024,popolazione_censita,1472
017053,Cigole,2019,popolazione_fine,1522
017053,Cigole,2020,popolazione_fine,1483
017053,Cigole,2021,popolazione_fine,1441
017053,Cigole,2022,popolazione_fine,1448
017053,Cigole,2023,popolazione_fine,1489
017053,Cigole,2024,popolazione_fine,1468
017053,Cigole,2019,popolazione_inizio,1542
017053,Cigole,2020,popolazione_inizio,1520
017053,Cigole,2021,popolazione_inizio,1477
017053,Cigole,2022,popolazione_inizio,1441
017053,Cigole,2023,popolazione_inizio,1453
017053,Cigole,2024,popolazione_inizio,1485
017053,Cigole,2019,variazioni_territoriali,0
017053,Cigole,2020,variazioni_territoriali,0
017053,Cigole,2021,variazioni_territoriali,0
017053,Cigole,2022,variazioni_territoriali,0
017053,Cigole,2023,variazioni_territoriali,0
017053,Cigole,2024,variazioni_territoriali,0
017054,Cimbergo,2019,aggiustamento_statistico,0
017054,Cimbergo,2020,aggiustamento_statistico,0
017054,Cimbergo,2021,aggiustamento_statistico,1
017054,Cimbergo,2022,aggiustamento_statistico,0
017054,Cimbergo,2023,aggiustamento_statistico,0
017054,Cimbergo,2024,aggiustamento_statistico,0
017054,Cimbergo,2019,emigrati_estero,0
017054,Cimbergo,2020,emigrati_estero,0
017054,Cimbergo,2021,emigrati_estero,0
017054,Cimbergo,2022,emigrati_estero,2
017054,Cimbergo,2023,emigrati_estero,0
017054,Cimbergo,2024,emigrati_estero,0
017054,Cimbergo,2019,emigrati_interni,7
017054,Cimbergo,2020,emigrati_interni,16
017054,Cimbergo,2021,emigrati_interni,10
017054,Cimbergo,2022,emigrati_interni,28
017054,Cimbergo,2023,emigrati_interni,6
017054,Cimbergo,2024,emigrati_interni,8
017054,Cimbergo,2019,immigrati_estero,1
017054,Cimbergo,2020,immigrati_estero,1
017054,Cimbergo,2021,immigrati_estero,0
017054,Cimbergo,2022,immigrati_estero,0
017054,Cimbergo,2023,immigrati_estero,1
017054,Cimbergo,2024,immigrati_estero,0
017054,Cimbergo,2019,immigrati_interni,7
017054,Cimbergo,2020,immigrati_interni,20
017054,Cimbergo,2021,immigrati_interni,17
017054,Cimbergo,2022,immigrati_interni,18
017054,Cimbergo,2023,immigrati_interni,8
017054,Cimbergo,2024,immigrati_interni,14
017054,Cimbergo,2019,morti,7
017054,Cimbergo,2020,morti,8
017054,Cimbergo,2021,morti,6
017054,Cimbergo,2022,morti,3
017054,Cimbergo,2023,morti,6
017054,Cimbergo,2024,morti,4
017054,Cimbergo,2019,nati,3
017054,Cimbergo,2020,nati,3
017054,Cimbergo,2021,nati,7
017054,Cimbergo,2022,nati,5
017054,Cimbergo,2023,nati,5
017054,Cimbergo,2024,nati,1
017054,Cimbergo,2019,popolazione_censita,534
017054,Cimbergo,2020,popolazione_censita,534
017054,Cimbergo,2021,popolazione_censita,543
017054,Cimbergo,2022,popolazione_censita,533
017054,Cimbergo,2023,popolazione_censita,535
017054,Cimbergo,2024,popolazione_censita,538
017054,Cimbergo,2019,popolazione_fine,534
017054,Cimbergo,2020,popolazione_fine,534
017054,Cimbergo,2021,popolazione_fine,542
017054,Cimbergo,2022,popolazione_fine,533
017054,Cimbergo,2023,popolazione_fine,535
017054,Cimbergo,2024,popolazione_fine,538
017054,Cimbergo,2019,popolazione_inizio,537
017054,Cimbergo,2020,popolazione_inizio,534
017054,Cimbergo,2021,popolazione_inizio,534
017054,Cimbergo,2022,popolazione_inizio,543
017054,Cimbergo,2023,popolazione_inizio,533
017054,Cimbergo,2024,popolazione_inizio,535
017054,Cimbergo,2019,variazioni_territoriali,0
017054,Cimbergo,2020,variazioni_territoriali,0
017054,Cimbergo,2021,variazioni_territoriali,0
017054,Cimbergo,2022,variazioni_territoriali,0
017054,Cimbergo,2023,variazioni_territoriali,0
017054,Cimbergo,2024,variazioni_territoriali,0
017055,Cividate Camuno,2019,aggiustamento_statistico,-2
017055,Cividate Camuno,2020,aggiustamento_statistico,6
017055,Cividate Camuno,2021,aggiustamento_statistico,1
017055,Cividate Camuno,2022,aggiustamento_statistico,0
017055,Cividate Camuno,2023,aggiustamento_statistico,1
017055,Cividate Camuno,2024,aggiustamento_statistico,-1
017055,Cividate Camuno,2019,emigrati_estero,6
017055,Cividate Camuno,2020,emigrati_estero,15
017055,Cividate Camuno,2021,emigrati_estero,23
017055,Cividate Camuno,2022,emigrati_estero,11
017055,Cividate Camuno,2023,emigrati_estero,5
017055,Cividate Camuno,2024,emigrati_estero,5
017055,Cividate Camuno,2019,emigrati_interni,74
017055,Cividate Camuno,2020,emigrati_interni,54
017055,Cividate Camuno,2021,emigrati_interni,79
017055,Cividate Camuno,2022,emigrati_interni,45
017055,Cividate Camuno,2023,emigrati_interni,46
017055,Cividate Camuno,2024,emigrati_interni,63
017055,Cividate Camuno,2019,immigrati_estero,11
017055,Cividate Camuno,2020,immigrati_estero,11
017055,Cividate Camuno,2021,immigrati_estero,10
017055,Cividate Camuno,2022,immigrati_estero,14
017055,Cividate Camuno,2023,immigrati_estero,25
017055,Cividate Camuno,2024,immigrati_estero,11
017055,Cividate Camuno,2019,immigrati_interni,65
017055,Cividate Camuno,2020,immigrati_interni,56
017055,Cividate Camuno,2021,immigrati_interni,31
017055,Cividate Camuno,2022,immigrati_interni,55
017055,Cividate Camuno,2023,immigrati_interni,60
017055,Cividate Camuno,2024,immigrati_interni,40
017055,Cividate Camuno,2019,morti,24
017055,Cividate Camuno,2020,morti,30
017055,Cividate Camuno,2021,morti,23
017055,Cividate Camuno,2022,morti,30
017055,Cividate Camuno,2023,morti,30
017055,Cividate Camuno,2024,morti,22
017055,Cividate Camuno,2019,nati,17
017055,Cividate Camuno,2020,nati,24
017055,Cividate Camuno,2021,nati,13
017055,Cividate Camuno,2022,nati,18
017055,Cividate Camuno,2023,nati,16
017055,Cividate Camuno,2024,nati,18
017055,Cividate Camuno,2019,popolazione_censita,2727
017055,Cividate Camuno,2020,popolazione_censita,2725
017055,Cividate Camuno,2021,popolazione_censita,2655
017055,Cividate Camuno,2022,popolazione_censita,2656
017055,Cividate Camuno,2023,popolazione_censita,2677
017055,Cividate Camuno,2024,popolazione_censita,2655
017055,Cividate Camuno,2019,popolazione_fine,2729
017055,Cividate Camuno,2020,popolazione_fine,2719
017055,Cividate Camuno,2021,popolazione_fine,2654
017055,Cividate Camuno,2022,popolazione_fine,2656
017055,Cividate Camuno,2023,popolazione_fine,2676
017055,Cividate Camuno,2024,popolazione_fine,2656
017055,Cividate Camuno,2019,popolazione_inizio,2740
017055,Cividate Camuno,2020,popolazione_inizio,2727
017055,Cividate Camuno,2021,popolazione_inizio,2725
017055,Cividate Camuno,2022,popolazione_inizio,2655
017055,Cividate Camuno,2023,popolazione_inizio,2656
017055,Cividate Camuno,2024,popolazione_inizio,2677
017055,Cividate Camuno,2019,variazioni_territoriali,0
017055,Cividate Camuno,2020,variazioni_territoriali,0
017055,Cividate Camuno,2021,variazioni_territoriali,0
017055,Cividate Camuno,2022,variazioni_territoriali,0
017055,Cividate Camuno,2023,variazioni_territoriali,0
017055,Cividate Camuno,2024,variazioni_territoriali,0
017056,Coccaglio,2019,aggiustamento_statistico,-57
017056,Coccaglio,2020,aggiustamento_statistico,-24
017056,Coccaglio,2021,aggiustamento_statistico,-10
017056,Coccaglio,2022,aggiustamento_statistico,-26
017056,Coccaglio,2023,aggiustamento_statistico,-28
017056,Coccaglio,2024,aggiustamento_statistico,20
017056,Coccaglio,2019,emigrati_estero,7
017056,Coccaglio,2020,emigrati_estero,58
017056,Coccaglio,2021,emigrati_estero,46
017056,Coccaglio,2022,emigrati_estero,36
017056,Coccaglio,2023,emigrati_estero,35
017056,Coccaglio,2024,emigrati_estero,36
017056,Coccaglio,2019,emigrati_interni,235
017056,Coccaglio,2020,emigrati_interni,218
017056,Coccaglio,2021,emigrati_interni,262
017056,Coccaglio,2022,emigrati_interni,248
017056,Coccaglio,2023,emigrati_interni,241
017056,Coccaglio,2024,emigrati_interni,249
017056,Coccaglio,2019,immigrati_estero,61
017056,Coccaglio,2020,immigrati_estero,38
017056,Coccaglio,2021,immigrati_estero,67
017056,Coccaglio,2022,immigrati_estero,91
017056,Coccaglio,2023,immigrati_estero,80
017056,Coccaglio,2024,immigrati_estero,67
017056,Coccaglio,2019,immigrati_interni,335
017056,Coccaglio,2020,immigrati_interni,271
017056,Coccaglio,2021,immigrati_interni,283
017056,Coccaglio,2022,immigrati_interni,276
017056,Coccaglio,2023,immigrati_interni,282
017056,Coccaglio,2024,immigrati_interni,242
017056,Coccaglio,2019,morti,71
017056,Coccaglio,2020,morti,117
017056,Coccaglio,2021,morti,79
017056,Coccaglio,2022,morti,76
017056,Coccaglio,2023,morti,77
017056,Coccaglio,2024,morti,74
017056,Coccaglio,2019,nati,70
017056,Coccaglio,2020,nati,71
017056,Coccaglio,2021,nati,59
017056,Coccaglio,2022,nati,62
017056,Coccaglio,2023,nati,75
017056,Coccaglio,2024,nati,62
017056,Coccaglio,2019,popolazione_censita,8753
017056,Coccaglio,2020,popolazione_censita,8716
017056,Coccaglio,2021,popolazione_censita,8728
017056,Coccaglio,2022,popolazione_censita,8771
017056,Coccaglio,2023,popolazione_censita,8827
017056,Coccaglio,2024,popolazione_censita,8859
017056,Coccaglio,2019,popolazione_fine,8810
017056,Coccaglio,2020,popolazione_fine,8740
017056,Coccaglio,2021,popolazione_fine,8738
017056,Coccaglio,2022,popolazione_fine,8797
017056,Coccaglio,2023,popolazione_fine,8855
017056,Coccaglio,2024,popolazione_fine,8839
017056,Coccaglio,2019,popolazione_inizio,8657
017056,Coccaglio,2020,popolazione_inizio,8753
017056,Coccaglio,2021,popolazione_inizio,8716
017056,Coccaglio,2022,popolazione_inizio,8728
017056,Coccaglio,2023,popolazione_inizio,8771
017056,Coccaglio,2024,popolazione_inizio,8827
017056,Coccaglio,2019,variazioni_territoriali,0
017056,Coccaglio,2020,variazioni_territoriali,0
017056,Coccaglio,2021,variazioni_territoriali,0
017056,Coccaglio,2022,variazioni_territoriali,0
017056,Coccaglio,2023,variazioni_territoriali,0
017056,Coccaglio,2024,variazioni_territoriali,0
017057,Collebeato,2019,aggiustamento_statistico,-17
017057,Collebeato,2020,aggiustamento_statistico,-18
017057,Collebeato,2021,aggiustamento_statistico,-8
017057,Collebeato,2022,aggiustamento_statistico,-7
017057,Collebeato,2023,aggiustamento_statistico,2
017057,Collebeato,2024,aggiustamento_statistico,-8
017057,Collebeato,2019,emigrati_estero,14
017057,Collebeato,2020,emigrati_estero,14
017057,Collebeato,2021,emigrati_estero,11
017057,Collebeato,2022,emigrati_estero,13
017057,Collebeato,2023,emigrati_estero,20
017057,Collebeato,2024,emigrati_estero,9
017057,Collebeato,2019,emigrati_interni,172
017057,Collebeato,2020,emigrati_interni,138
017057,Collebeato,2021,emigrati_interni,143
017057,Collebeato,2022,emigrati_interni,128
017057,Collebeato,2023,emigrati_interni,126
017057,Collebeato,2024,emigrati_interni,135
017057,Collebeato,2019,immigrati_estero,15
017057,Collebeato,2020,immigrati_estero,20
017057,Collebeato,2021,immigrati_estero,12
017057,Collebeato,2022,immigrati_estero,38
017057,Collebeato,2023,immigrati_estero,23
017057,Collebeato,2024,immigrati_estero,16
017057,Collebeato,2019,immigrati_interni,151
017057,Collebeato,2020,immigrati_interni,123
017057,Collebeato,2021,immigrati_interni,127
017057,Collebeato,2022,immigrati_interni,124
017057,Collebeato,2023,immigrati_interni,158
017057,Collebeato,2024,immigrati_interni,181
017057,Collebeato,2019,morti,35
017057,Collebeato,2020,morti,62
017057,Collebeato,2021,morti,58
017057,Collebeato,2022,morti,63
017057,Collebeato,2023,morti,70
017057,Collebeato,2024,morti,40
017057,Collebeato,2019,nati,26
017057,Collebeato,2020,nati,30
017057,Collebeato,2021,nati,22
017057,Collebeato,2022,nati,24
017057,Collebeato,2023,nati,15
017057,Collebeato,2024,nati,18
017057,Collebeato,2019,popolazione_censita,4597
017057,Collebeato,2020,popolazione_censita,4538
017057,Collebeato,2021,popolazione_censita,4479
017057,Collebeato,2022,popolazione_censita,4454
017057,Collebeato,2023,popolazione_censita,4436
017057,Collebeato,2024,popolazione_censita,4459
017057,Collebeato,2019,popolazione_fine,4614
017057,Collebeato,2020,popolazione_fine,4556
017057,Collebeato,2021,popolazione_fine,4487
017057,Collebeato,2022,popolazione_fine,4461
017057,Collebeato,2023,popolazione_fine,4434
017057,Collebeato,2024,popolazione_fine,4467
017057,Collebeato,2019,popolazione_inizio,4643
017057,Collebeato,2020,popolazione_inizio,4597
017057,Collebeato,2021,popolazione_inizio,4538
017057,Collebeato,2022,popolazione_inizio,4479
017057,Collebeato,2023,popolazione_inizio,4454
017057,Collebeato,2024,popolazione_inizio,4436
017057,Collebeato,2019,variazioni_territoriali,0
017057,Collebeato,2020,variazioni_territoriali,0
017057,Collebeato,2021,variazioni_territoriali,0
017057,Collebeato,2022,variazioni_territoriali,0
017057,Collebeato,2023,variazioni_territoriali,0
017057,Collebeato,2024,variazioni_territoriali,0
017058,Collio,2019,aggiustamento_statistico,-1
017058,Collio,2020,aggiustamento_statistico,-5
017058,Collio,2021,aggiustamento_statistico,4
017058,Collio,2022,aggiustamento_statistico,-11
017058,Collio,2023,aggiustamento_statistico,5
017058,Collio,2024,aggiustamento_statistico,-4
017058,Collio,2019,emigrati_estero,23
017058,Collio,2020,emigrati_estero,11
017058,Collio,2021,emigrati_estero,21
017058,Collio,2022,emigrati_estero,20
017058,Collio,2023,emigrati_estero,9
017058,Collio,2024,emigrati_estero,26
017058,Collio,2019,emigrati_interni,44
017058,Collio,2020,emigrati_interni,20
017058,Collio,2021,emigrati_interni,41
017058,Collio,2022,emigrati_interni,57
017058,Collio,2023,emigrati_interni,58
017058,Collio,2024,emigrati_interni,55
017058,Collio,2019,immigrati_estero,24
017058,Collio,2020,immigrati_estero,20
017058,Collio,2021,immigrati_estero,20
017058,Collio,2022,immigrati_estero,23
017058,Collio,2023,immigrati_estero,39
017058,Collio,2024,immigrati_estero,50
017058,Collio,2019,immigrati_interni,37
017058,Collio,2020,immigrati_interni,51
017058,Collio,2021,immigrati_interni,37
017058,Collio,2022,immigrati_interni,34
017058,Collio,2023,immigrati_interni,36
017058,Collio,2024,immigrati_interni,32
017058,Collio,2019,morti,28
017058,Collio,2020,morti,28
017058,Collio,2021,morti,32
017058,Collio,2022,morti,31
017058,Collio,2023,morti,18
017058,Collio,2024,morti,26
017058,Collio,2019,nati,9
017058,Collio,2020,nati,15
017058,Collio,2021,nati,18
017058,Collio,2022,nati,12
017058,Collio,2023,nati,8
017058,Collio,2024,nati,10
017058,Collio,2019,popolazione_censita,2034
017058,Collio,2020,popolazione_censita,2056
017058,Collio,2021,popolazione_censita,2041
017058,Collio,2022,popolazione_censita,1991
017058,Collio,2023,popolazione_censita,1994
017058,Collio,2024,popolazione_censita,1975
017058,Collio,2019,popolazione_fine,2035
017058,Collio,2020,popolazione_fine,2061
017058,Collio,2021,popolazione_fine,2037
017058,Collio,2022,popolazione_fine,2002
017058,Collio,2023,popolazione_fine,1989
017058,Collio,2024,popolazione_fine,1979
017058,Collio,2019,popolazione_inizio,2060
017058,Collio,2020,popolazione_inizio,2034
017058,Collio,2021,popolazione_inizio,2056
017058,Collio,2022,popolazione_inizio,2041
017058,Collio,2023,popolazione_inizio,1991
017058,Collio,2024,popolazione_inizio,1994
017058,Collio,2019,variazioni_territoriali,0
017058,Collio,2020,variazioni_territoriali,0
017058,Collio,2021,variazioni_territoriali,0
017058,Collio,2022,variazioni_territoriali,0
017058,Collio,2023,variazioni_territoriali,0
017058,Collio,2024,variazioni_territoriali,0
017059,Cologne,2019,aggiustamento_statistico,-4
017059,Cologne,2020,aggiustamento_statistico,15
017059,Cologne,2021,aggiustamento_statistico,-11
017059,Cologne,2022,aggiustamento_statistico,-1
017059,Cologne,2023,aggiustamento_statistico,-13
017059,Cologne,2024,aggiustamento_statistico,-6
017059,Cologne,2019,emigrati_estero,29
017059,Cologne,2020,emigrati_estero,23
017059,Cologne,2021,emigrati_estero,17
017059,Cologne,2022,emigrati_estero,10
017059,Cologne,2023,emigrati_estero,16
017059,Cologne,2024,emigrati_estero,13
017059,Cologne,2019,emigrati_interni,206
017059,Cologne,2020,emigrati_interni,206
017059,Cologne,2021,emigrati_interni,189
017059,Cologne,2022,emigrati_interni,201
017059,Cologne,2023,emigrati_interni,211
017059,Cologne,2024,emigrati_interni,181
017059,Cologne,2019,immigrati_estero,48
017059,Cologne,2020,immigrati_estero,30
017059,Cologne,2021,immigrati_estero,34
017059,Cologne,2022,immigrati_estero,41
017059,Cologne,2023,immigrati_estero,34
017059,Cologne,2024,immigrati_estero,35
017059,Cologne,2019,immigrati_interni,197
017059,Cologne,2020,immigrati_interni,210
017059,Cologne,2021,immigrati_interni,225
017059,Cologne,2022,immigrati_interni,243
017059,Cologne,2023,immigrati_interni,204
017059,Cologne,2024,immigrati_interni,191
017059,Cologne,2019,morti,48
017059,Cologne,2020,morti,97
017059,Cologne,2021,morti,57
017059,Cologne,2022,morti,78
017059,Cologne,2023,morti,53
017059,Cologne,2024,morti,71
017059,Cologne,2019,nati,64
017059,Cologne,2020,nati,55
017059,Cologne,2021,nati,60
017059,Cologne,2022,nati,46
017059,Cologne,2023,nati,60
017059,Cologne,2024,nati,49
017059,Cologne,2019,popolazione_censita,7533
017059,Cologne,2020,popolazione_censita,7517
017059,Cologne,2021,popolazione_censita,7562
017059,Cologne,2022,popolazione_censita,7602
017059,Cologne,2023,popolazione_censita,7607
017059,Cologne,2024,popolazione_censita,7611
017059,Cologne,2019,popolazione_fine,7537
017059,Cologne,2020,popolazione_fine,7502
017059,Cologne,2021,popolazione_fine,7573
017059,Cologne,2022,popolazione_fine,7603
017059,Cologne,2023,popolazione_fine,7620
017059,Cologne,2024,popolazione_fine,7617
017059,Cologne,2019,popolazione_inizio,7511
017059,Cologne,2020,popolazione_inizio,7533
017059,Cologne,2021,popolazione_inizio,7517
017059,Cologne,2022,popolazione_inizio,7562
017059,Cologne,2023,popolazione_inizio,7602
017059,Cologne,2024,popolazione_inizio,7607
017059,Cologne,2019,variazioni_territoriali,0
017059,Cologne,2020,variazioni_territoriali,0
017059,Cologne,2021,variazioni_territoriali,0
017059,Cologne,2022,variazioni_territoriali,0
017059,Cologne,2023,variazioni_territoriali,0
017059,Cologne,2024,variazioni_territoriali,0
017060,Comezzano-Cizzago,2019,aggiustamento_statistico,-7
017060,Comezzano-Cizzago,2020,aggiustamento_statistico,26
017060,Comezzano-Cizzago,2021,aggiustamento_statistico,16
017060,Comezzano-Cizzago,2022,aggiustamento_statistico,10
017060,Comezzano-Cizzago,2023,aggiustamento_statistico,-1
017060,Comezzano-Cizzago,2024,aggiustamento_statistico,12
017060,Comezzano-Cizzago,2019,emigrati_estero,25
017060,Comezzano-Cizzago,2020,emigrati_estero,17
017060,Comezzano-Cizzago,2021,emigrati_estero,9
017060,Comezzano-Cizzago,2022,emigrati_estero,7
017060,Comezzano-Cizzago,2023,emigrati_estero,4
017060,Comezzano-Cizzago,2024,emigrati_estero,6
017060,Comezzano-Cizzago,2019,emigrati_interni,116
017060,Comezzano-Cizzago,2020,emigrati_interni,124
017060,Comezzano-Cizzago,2021,emigrati_interni,132
017060,Comezzano-Cizzago,2022,emigrati_interni,112
017060,Comezzano-Cizzago,2023,emigrati_interni,117
017060,Comezzano-Cizzago,2024,emigrati_interni,109
017060,Comezzano-Cizzago,2019,immigrati_estero,30
017060,Comezzano-Cizzago,2020,immigrati_estero,20
017060,Comezzano-Cizzago,2021,immigrati_estero,22
017060,Comezzano-Cizzago,2022,immigrati_estero,32
017060,Comezzano-Cizzago,2023,immigrati_estero,50
017060,Comezzano-Cizzago,2024,immigrati_estero,12
017060,Comezzano-Cizzago,2019,immigrati_interni,110
017060,Comezzano-Cizzago,2020,immigrati_interni,110
017060,Comezzano-Cizzago,2021,immigrati_interni,122
017060,Comezzano-Cizzago,2022,immigrati_interni,142
017060,Comezzano-Cizzago,2023,immigrati_interni,115
017060,Comezzano-Cizzago,2024,immigrati_interni,114
017060,Comezzano-Cizzago,2019,morti,31
017060,Comezzano-Cizzago,2020,morti,31
017060,Comezzano-Cizzago,2021,morti,36
017060,Comezzano-Cizzago,2022,morti,27
017060,Comezzano-Cizzago,2023,morti,25
017060,Comezzano-Cizzago,2024,morti,32
017060,Comezzano-Cizzago,2019,nati,29
017060,Comezzano-Cizzago,2020,nati,42
017060,Comezzano-Cizzago,2021,nati,37
017060,Comezzano-Cizzago,2022,nati,35
017060,Comezzano-Cizzago,2023,nati,30
017060,Comezzano-Cizzago,2024,nati,36
017060,Comezzano-Cizzago,2019,popolazione_censita,3983
017060,Comezzano-Cizzago,2020,popolazione_censita,4009
017060,Comezzano-Cizzago,2021,popolazione_censita,4029
017060,Comezzano-Cizzago,2022,popolazione_censita,4102
017060,Comezzano-Cizzago,2023,popolazione_censita,4150
017060,Comezzano-Cizzago,2024,popolazione_censita,4177
017060,Comezzano-Cizzago,2019,popolazione_fine,3990
017060,Comezzano-Cizzago,2020,popolazione_fine,3983
017060,Comezzano-Cizzago,2021,popolazione_fine,4013
017060,Comezzano-Cizzago,2022,popolazione_fine,4092
017060,Comezzano-Cizzago,2023,popolazione_fine,4151
017060,Comezzano-Cizzago,2024,popolazione_fine,4165
017060,Comezzano-Cizzago,2019,popolazione_inizio,3993
017060,Comezzano-Cizzago,2020,popolazione_inizio,3983
017060,Comezzano-Cizzago,2021,popolazione_inizio,4009
017060,Comezzano-Cizzago,2022,popolazione_inizio,4029
017060,Comezzano-Cizzago,2023,popolazione_inizio,4102
017060,Comezzano-Cizzago,2024,popolazione_inizio,4150
017060,Comezzano-Cizzago,2019,variazioni_territoriali,0
017060,Comezzano-Cizzago,2020,variazioni_territoriali,0
017060,Comezzano-Cizzago,2021,variazioni_territoriali,0
017060,Comezzano-Cizzago,2022,variazioni_territoriali,0
017060,Comezzano-Cizzago,2023,variazioni_territoriali,0
017060,Comezzano-Cizzago,2024,variazioni_territoriali,0
017061,Concesio,2019,aggiustamento_statistico,-36
017061,Concesio,2020,aggiustamento_statistico,73
017061,Concesio,2021,aggiustamento_statistico,8
017061,Concesio,2022,aggiustamento_statistico,-14
017061,Concesio,2023,aggiustamento_statistico,-2
017061,Concesio,2024,aggiustamento_statistico,-18
017061,Concesio,2019,emigrati_estero,9
017061,Concesio,2020,emigrati_estero,43
017061,Concesio,2021,emigrati_estero,43
017061,Concesio,2022,emigrati_estero,40
017061,Concesio,2023,emigrati_estero,33
017061,Concesio,2024,emigrati_estero,42
017061,Concesio,2019,emigrati_interni,496
017061,Concesio,2020,emigrati_interni,496
017061,Concesio,2021,emigrati_interni,547
017061,Concesio,2022,emigrati_interni,501
017061,Concesio,2023,emigrati_interni,566
017061,Concesio,2024,emigrati_interni,515
017061,Concesio,2019,immigrati_estero,74
017061,Concesio,2020,immigrati_estero,36
017061,Concesio,2021,immigrati_estero,54
017061,Concesio,2022,immigrati_estero,79
017061,Concesio,2023,immigrati_estero,78
017061,Concesio,2024,immigrati_estero,69
017061,Concesio,2019,immigrati_interni,555
017061,Concesio,2020,immigrati_interni,559
017061,Concesio,2021,immigrati_interni,558
017061,Concesio,2022,immigrati_interni,572
017061,Concesio,2023,immigrati_interni,551
017061,Concesio,2024,immigrati_interni,554
017061,Concesio,2019,morti,107
017061,Concesio,2020,morti,165
017061,Concesio,2021,morti,163
017061,Concesio,2022,morti,129
017061,Concesio,2023,morti,152
017061,Concesio,2024,morti,141
017061,Concesio,2019,nati,107
017061,Concesio,2020,nati,110
017061,Concesio,2021,nati,112
017061,Concesio,2022,nati,108
017061,Concesio,2023,nati,87
017061,Concesio,2024,nati,102
017061,Concesio,2019,popolazione_censita,15570
017061,Concesio,2020,popolazione_censita,15644
017061,Concesio,2021,popolazione_censita,15623
017061,Concesio,2022,popolazione_censita,15698
017061,Concesio,2023,popolazione_censita,15661
017061,Concesio,2024,popolazione_censita,15670
017061,Concesio,2019,popolazione_fine,15606
017061,Concesio,2020,popolazione_fine,15571
017061,Concesio,2021,popolazione_fine,15615
017061,Concesio,2022,popolazione_fine,15712
017061,Concesio,2023,popolazione_fine,15663
017061,Concesio,2024,popolazione_fine,15688
017061,Concesio,2019,popolazione_inizio,15482
017061,Concesio,2020,popolazione_inizio,15570
017061,Concesio,2021,popolazione_inizio,15644
017061,Concesio,2022,popolazione_inizio,15623
017061,Concesio,2023,popolazione_inizio,15698
017061,Concesio,2024,popolazione_inizio,15661
017061,Concesio,2019,variazioni_territoriali,0
017061,Concesio,2020,variazioni_territoriali,0
017061,Concesio,2021,variazioni_territoriali,0
017061,Concesio,2022,variazioni_territoriali,0
017061,Concesio,2023,variazioni_territoriali,0
017061,Concesio,2024,variazioni_territoriali,0
017062,Corte Franca,2019,aggiustamento_statistico,-14
017062,Corte Franca,2020,aggiustamento_statistico,-90
017062,Corte Franca,2021,aggiustamento_statistico,-14
017062,Corte Franca,2022,aggiustamento_statistico,1
017062,Corte Franca,2023,aggiustamento_statistico,0
017062,Corte Franca,2024,aggiustamento_statistico,-3
017062,Corte Franca,2019,emigrati_estero,35
017062,Corte Franca,2020,emigrati_estero,16
017062,Corte Franca,2021,emigrati_estero,21
017062,Corte Franca,2022,emigrati_estero,20
017062,Corte Franca,2023,emigrati_estero,22
017062,Corte Franca,2024,emigrati_estero,31
017062,Corte Franca,2019,emigrati_interni,216
017062,Corte Franca,2020,emigrati_interni,195
017062,Corte Franca,2021,emigrati_interni,216
017062,Corte Franca,2022,emigrati_interni,201
017062,Corte Franca,2023,emigrati_interni,200
017062,Corte Franca,2024,emigrati_interni,190
017062,Corte Franca,2019,immigrati_estero,21
017062,Corte Franca,2020,immigrati_estero,10
017062,Corte Franca,2021,immigrati_estero,20
017062,Corte Franca,2022,immigrati_estero,42
017062,Corte Franca,2023,immigrati_estero,28
017062,Corte Franca,2024,immigrati_estero,31
017062,Corte Franca,2019,immigrati_interni,270
017062,Corte Franca,2020,immigrati_interni,230
017062,Corte Franca,2021,immigrati_interni,298
017062,Corte Franca,2022,immigrati_interni,220
017062,Corte Franca,2023,immigrati_interni,204
017062,Corte Franca,2024,immigrati_interni,207
017062,Corte Franca,2019,morti,51
017062,Corte Franca,2020,morti,83
017062,Corte Franca,2021,morti,48
017062,Corte Franca,2022,morti,58
017062,Corte Franca,2023,morti,58
017062,Corte Franca,2024,morti,57
017062,Corte Franca,2019,nati,38
017062,Corte Franca,2020,nati,46
017062,Corte Franca,2021,nati,58
017062,Corte Franca,2022,nati,42
017062,Corte Franca,2023,nati,51
017062,Corte Franca,2024,nati,46
017062,Corte Franca,2019,popolazione_censita,7168
017062,Corte Franca,2020,popolazione_censita,7070
017062,Corte Franca,2021,popolazione_censita,7147
017062,Corte Franca,2022,popolazione_censita,7173
017062,Corte Franca,2023,popolazione_censita,7176
017062,Corte Franca,2024,popolazione_censita,7179
017062,Corte Franca,2019,popolazione_fine,7182
017062,Corte Franca,2020,popolazione_fine,7160
017062,Corte Franca,2021,popolazione_fine,7161
017062,Corte Franca,2022,popolazione_fine,7172
017062,Corte Franca,2023,popolazione_fine,7176
017062,Corte Franca,2024,popolazione_fine,7182
017062,Corte Franca,2019,popolazione_inizio,7155
017062,Corte Franca,2020,popolazione_inizio,7168
017062,Corte Franca,2021,popolazione_inizio,7070
017062,Corte Franca,2022,popolazione_inizio,7147
017062,Corte Franca,2023,popolazione_inizio,7173
017062,Corte Franca,2024,popolazione_inizio,7176
017062,Corte Franca,2019,variazioni_territoriali,0
017062,Corte Franca,2020,variazioni_territoriali,0
017062,Corte Franca,2021,variazioni_territoriali,0
017062,Corte Franca,2022,variazioni_territoriali,0
017062,Corte Franca,2023,variazioni_territoriali,0
017062,Corte Franca,2024,variazioni_territoriali,0
017063,Corteno Golgi,2019,aggiustamento_statistico,-5
017063,Corteno Golgi,2020,aggiustamento_statistico,-14
017063,Corteno Golgi,2021,aggiustamento_statistico,6
017063,Corteno Golgi,2022,aggiustamento_statistico,1
017063,Corteno Golgi,2023,aggiustamento_statistico,0
017063,Corteno Golgi,2024,aggiustamento_statistico,-2
017063,Corteno Golgi,2019,emigrati_estero,2
017063,Corteno Golgi,2020,emigrati_estero,3
017063,Corteno Golgi,2021,emigrati_estero,2
017063,Corteno Golgi,2022,emigrati_estero,12
017063,Corteno Golgi,2023,emigrati_estero,5
017063,Corteno Golgi,2024,emigrati_estero,4
017063,Corteno Golgi,2019,emigrati_interni,43
017063,Corteno Golgi,2020,emigrati_interni,30
017063,Corteno Golgi,2021,emigrati_interni,35
017063,Corteno Golgi,2022,emigrati_interni,44
017063,Corteno Golgi,2023,emigrati_interni,45
017063,Corteno Golgi,2024,emigrati_interni,53
017063,Corteno Golgi,2019,immigrati_estero,5
017063,Corteno Golgi,2020,immigrati_estero,11
017063,Corteno Golgi,2021,immigrati_estero,10
017063,Corteno Golgi,2022,immigrati_estero,12
017063,Corteno Golgi,2023,immigrati_estero,3
017063,Corteno Golgi,2024,immigrati_estero,9
017063,Corteno Golgi,2019,immigrati_interni,25
017063,Corteno Golgi,2020,immigrati_interni,35
017063,Corteno Golgi,2021,immigrati_interni,41
017063,Corteno Golgi,2022,immigrati_interni,48
017063,Corteno Golgi,2023,immigrati_interni,47
017063,Corteno Golgi,2024,immigrati_interni,42
017063,Corteno Golgi,2019,morti,17
017063,Corteno Golgi,2020,morti,35
017063,Corteno Golgi,2021,morti,18
017063,Corteno Golgi,2022,morti,22
017063,Corteno Golgi,2023,morti,18
017063,Corteno Golgi,2024,morti,16
017063,Corteno Golgi,2019,nati,9
017063,Corteno Golgi,2020,nati,17
017063,Corteno Golgi,2021,nati,11
017063,Corteno Golgi,2022,nati,5
017063,Corteno Golgi,2023,nati,16
017063,Corteno Golgi,2024,nati,12
017063,Corteno Golgi,2019,popolazione_censita,1928
017063,Corteno Golgi,2020,popolazione_censita,1909
017063,Corteno Golgi,2021,popolazione_censita,1922
017063,Corteno Golgi,2022,popolazione_censita,1910
017063,Corteno Golgi,2023,popolazione_censita,1908
017063,Corteno Golgi,2024,popolazione_censita,1896
017063,Corteno Golgi,2019,popolazione_fine,1933
017063,Corteno Golgi,2020,popolazione_fine,1923
017063,Corteno Golgi,2021,popolazione_fine,1916
017063,Corteno Golgi,2022,popolazione_fine,1909
017063,Corteno Golgi,2023,popolazione_fine,1908
017063,Corteno Golgi,2024,popolazione_fine,1898
017063,Corteno Golgi,2019,popolazione_inizio,1956
017063,Corteno Golgi,2020,popolazione_inizio,1928
017063,Corteno Golgi,2021,popolazione_inizio,1909
017063,Corteno Golgi,2022,popolazione_inizio,1922
017063,Corteno Golgi,2023,popolazione_inizio,1910
017063,Corteno Golgi,2024,popolazione_inizio,1908
017063,Corteno Golgi,2019,variazioni_territoriali,0
017063,Corteno Golgi,2020,variazioni_territoriali,0
017063,Corteno Golgi,2021,variazioni_territoriali,0
017063,Corteno Golgi,2022,variazioni_territoriali,0
017063,Corteno Golgi,2023,variazioni_territoriali,0
017063,Corteno Golgi,2024,variazioni_territoriali,0
017064,Corzano,2019,aggiustamento_statistico,1
017064,Corzano,2020,aggiustamento_statistico,17
017064,Corzano,2021,aggiustamento_statistico,-12
017064,Corzano,2022,aggiustamento_statistico,-1
017064,Corzano,2023,aggiustamento_statistico,0
017064,Corzano,2024,aggiustamento_statistico,1
017064,Corzano,2019,emigrati_estero,0
017064,Corzano,2020,emigrati_estero,0
017064,Corzano,2021,emigrati_estero,3
017064,Corzano,2022,emigrati_estero,3
017064,Corzano,2023,emigrati_estero,1
017064,Corzano,2024,emigrati_estero,1
017064,Corzano,2019,emigrati_interni,46
017064,Corzano,2020,emigrati_interni,50
017064,Corzano,2021,emigrati_interni,44
017064,Corzano,2022,emigrati_interni,63
017064,Corzano,2023,emigrati_interni,41
017064,Corzano,2024,emigrati_interni,30
017064,Corzano,2019,immigrati_estero,8
017064,Corzano,2020,immigrati_estero,2
017064,Corzano,2021,immigrati_estero,3
017064,Corzano,2022,immigrati_estero,6
017064,Corzano,2023,immigrati_estero,4
017064,Corzano,2024,immigrati_estero,9
017064,Corzano,2019,immigrati_interni,37
017064,Corzano,2020,immigrati_interni,45
017064,Corzano,2021,immigrati_interni,58
017064,Corzano,2022,immigrati_interni,76
017064,Corzano,2023,immigrati_interni,45
017064,Corzano,2024,immigrati_interni,111
017064,Corzano,2019,morti,14
017064,Corzano,2020,morti,13
017064,Corzano,2021,morti,9
017064,Corzano,2022,morti,11
017064,Corzano,2023,morti,12
017064,Corzano,2024,morti,9
017064,Corzano,2019,nati,12
017064,Corzano,2020,nati,7
017064,Corzano,2021,nati,9
017064,Corzano,2022,nati,6
017064,Corzano,2023,nati,16
017064,Corzano,2024,nati,8
017064,Corzano,2019,popolazione_censita,1409
017064,Corzano,2020,popolazione_censita,1417
017064,Corzano,2021,popolazione_censita,1419
017064,Corzano,2022,popolazione_censita,1429
017064,Corzano,2023,popolazione_censita,1440
017064,Corzano,2024,popolazione_censita,1529
017064,Corzano,2019,popolazione_fine,1408
017064,Corzano,2020,popolazione_fine,1400
017064,Corzano,2021,popolazione_fine,1431
017064,Corzano,2022,popolazione_fine,1430
017064,Corzano,2023,popolazione_fine,1440
017064,Corzano,2024,popolazione_fine,1528
017064,Corzano,2019,popolazione_inizio,1411
017064,Corzano,2020,popolazione_inizio,1409
017064,Corzano,2021,popolazione_inizio,1417
017064,Corzano,2022,popolazione_inizio,1419
017064,Corzano,2023,popolazione_inizio,1429
017064,Corzano,2024,popolazione_inizio,1440
017064,Corzano,2019,variazioni_territoriali,0
017064,Corzano,2020,variazioni_territoriali,0
017064,Corzano,2021,variazioni_territoriali,0
017064,Corzano,2022,variazioni_territoriali,0
017064,Corzano,2023,variazioni_territoriali,0
017064,Corzano,2024,variazioni_territoriali,0
017065,Darfo Boario Terme,2019,aggiustamento_statistico,-165
017065,Darfo Boario Terme,2020,aggiustamento_statistico,-166
017065,Darfo Boario Terme,2021,aggiustamento_statistico,-107
017065,Darfo Boario Terme,2022,aggiustamento_statistico,-39
017065,Darfo Boario Terme,2023,aggiustamento_statistico,-42
017065,Darfo Boario Terme,2024,aggiustamento_statistico,-19
017065,Darfo Boario Terme,2019,emigrati_estero,19
017065,Darfo Boario Terme,2020,emigrati_estero,19
017065,Darfo Boario Terme,2021,emigrati_estero,42
017065,Darfo Boario Terme,2022,emigrati_estero,39
017065,Darfo Boario Terme,2023,emigrati_estero,27
017065,Darfo Boario Terme,2024,emigrati_estero,45
017065,Darfo Boario Terme,2019,emigrati_interni,502
017065,Darfo Boario Terme,2020,emigrati_interni,395
017065,Darfo Boario Terme,2021,emigrati_interni,460
017065,Darfo Boario Terme,2022,emigrati_interni,440
017065,Darfo Boario Terme,2023,emigrati_interni,412
017065,Darfo Boario Terme,2024,emigrati_interni,372
017065,Darfo Boario Terme,2019,immigrati_estero,147
017065,Darfo Boario Terme,2020,immigrati_estero,71
017065,Darfo Boario Terme,2021,immigrati_estero,124
017065,Darfo Boario Terme,2022,immigrati_estero,187
017065,Darfo Boario Terme,2023,immigrati_estero,172
017065,Darfo Boario Terme,2024,immigrati_estero,179
017065,Darfo Boario Terme,2019,immigrati_interni,556
017065,Darfo Boario Terme,2020,immigrati_interni,473
017065,Darfo Boario Terme,2021,immigrati_interni,520
017065,Darfo Boario Terme,2022,immigrati_interni,488
017065,Darfo Boario Terme,2023,immigrati_interni,484
017065,Darfo Boario Terme,2024,immigrati_interni,421
017065,Darfo Boario Terme,2019,morti,174
017065,Darfo Boario Terme,2020,morti,204
017065,Darfo Boario Terme,2021,morti,148
017065,Darfo Boario Terme,2022,morti,168
017065,Darfo Boario Terme,2023,morti,170
017065,Darfo Boario Terme,2024,morti,135
017065,Darfo Boario Terme,2019,nati,109
017065,Darfo Boario Terme,2020,nati,96
017065,Darfo Boario Terme,2021,nati,115
017065,Darfo Boario Terme,2022,nati,120
017065,Darfo Boario Terme,2023,nati,88
017065,Darfo Boario Terme,2024,nati,100
017065,Darfo Boario Terme,2019,popolazione_censita,15688
017065,Darfo Boario Terme,2020,popolazione_censita,15544
017065,Darfo Boario Terme,2021,popolazione_censita,15546
017065,Darfo Boario Terme,2022,popolazione_censita,15655
017065,Darfo Boario Terme,2023,popolazione_censita,15748
017065,Darfo Boario Terme,2024,popolazione_censita,15877
017065,Darfo Boario Terme,2019,popolazione_fine,15853
017065,Darfo Boario Terme,2020,popolazione_fine,15710
017065,Darfo Boario Terme,2021,popolazione_fine,15653
017065,Darfo Boario Terme,2022,popolazione_fine,15694
017065,Darfo Boario Terme,2023,popolazione_fine,15790
017065,Darfo Boario Terme,2024,popolazione_fine,15896
017065,Darfo Boario Terme,2019,popolazione_inizio,15736
017065,Darfo Boario Terme,2020,popolazione_inizio,15688
017065,Darfo Boario Terme,2021,popolazione_inizio,15544
017065,Darfo Boario Terme,2022,popolazione_inizio,15546
017065,Darfo Boario Terme,2023,popolazione_inizio,15655
017065,Darfo Boario Terme,2024,popolazione_inizio,15748
017065,Darfo Boario Terme,2019,variazioni_territoriali,0
017065,Darfo Boario Terme,2020,variazioni_territoriali,0
017065,Darfo Boario Terme,2021,variazioni_territoriali,0
017065,Darfo Boario Terme,2022,variazioni_territoriali,0
017065,Darfo Boario Terme,2023,variazioni_territoriali,0
017065,Darfo Boario Terme,2024,variazioni_territoriali,0
017066,Dello,2019,aggiustamento_statistico,-15
017066,Dello,2020,aggiustamento_statistico,5
017066,Dello,2021,aggiustamento_statistico,-3
017066,Dello,2022,aggiustamento_statistico,0
017066,Dello,2023,aggiustamento_statistico,-20
017066,Dello,2024,aggiustamento_statistico,10
017066,Dello,2019,emigrati_estero,13
017066,Dello,2020,emigrati_estero,33
017066,Dello,2021,emigrati_estero,21
017066,Dello,2022,emigrati_estero,14
017066,Dello,2023,emigrati_estero,18
017066,Dello,2024,emigrati_estero,19
017066,Dello,2019,emigrati_interni,163
017066,Dello,2020,emigrati_interni,181
017066,Dello,2021,emigrati_interni,181
017066,Dello,2022,emigrati_interni,192
017066,Dello,2023,emigrati_interni,167
017066,Dello,2024,emigrati_interni,171
017066,Dello,2019,immigrati_estero,31
017066,Dello,2020,immigrati_estero,24
017066,Dello,2021,immigrati_estero,20
017066,Dello,2022,immigrati_estero,42
017066,Dello,2023,immigrati_estero,38
017066,Dello,2024,immigrati_estero,39
017066,Dello,2019,immigrati_interni,145
017066,Dello,2020,immigrati_interni,198
017066,Dello,2021,immigrati_interni,234
017066,Dello,2022,immigrati_interni,224
017066,Dello,2023,immigrati_interni,215
017066,Dello,2024,immigrati_interni,165
017066,Dello,2019,morti,43
017066,Dello,2020,morti,51
017066,Dello,2021,morti,52
017066,Dello,2022,morti,64
017066,Dello,2023,morti,48
017066,Dello,2024,morti,44
017066,Dello,2019,nati,40
017066,Dello,2020,nati,40
017066,Dello,2021,nati,35
017066,Dello,2022,nati,45
017066,Dello,2023,nati,37
017066,Dello,2024,nati,39
017066,Dello,2019,popolazione_censita,5544
017066,Dello,2020,popolazione_censita,5546
017066,Dello,2021,popolazione_censita,5578
017066,Dello,2022,popolazione_censita,5619
017066,Dello,2023,popolazione_censita,5656
017066,Dello,2024,popolazione_censita,5675
017066,Dello,2019,popolazione_fine,5559
017066,Dello,2020,popolazione_fine,5541
017066,Dello,2021,popolazione_fine,5581
017066,Dello,2022,popolazione_fine,5619
017066,Dello,2023,popolazione_fine,5676
017066,Dello,2024,popolazione_fine,5665
017066,Dello,2019,popolazione_inizio,5562
017066,Dello,2020,popolazione_inizio,5544
017066,Dello,2021,popolazione_inizio,5546
017066,Dello,2022,popolazione_inizio,5578
017066,Dello,2023,popolazione_inizio,5619
017066,Dello,2024,popolazione_inizio,5656
017066,Dello,2019,variazioni_territoriali,0
017066,Dello,2020,variazioni_territoriali,0
017066,Dello,2021,variazioni_territoriali,0
017066,Dello,2022,variazioni_territoriali,0
017066,Dello,2023,variazioni_territoriali,0
017066,Dello,2024,variazioni_territoriali,0
017067,Desenzano del Garda,2019,aggiustamento_statistico,-22
017067,Desenzano del Garda,2020,aggiustamento_statistico,-151
017067,Desenzano del Garda,2021,aggiustamento_statistico,-226
017067,Desenzano del Garda,2022,aggiustamento_statistico,103
017067,Desenzano del Garda,2023,aggiustamento_statistico,20
017067,Desenzano del Garda,2024,aggiustamento_statistico,23
017067,Desenzano del Garda,2019,emigrati_estero,121
017067,Desenzano del Garda,2020,emigrati_estero,113
017067,Desenzano del Garda,2021,emigrati_estero,115
017067,Desenzano del Garda,2022,emigrati_estero,108
017067,Desenzano del Garda,2023,emigrati_estero,127
017067,Desenzano del Garda,2024,emigrati_estero,148
017067,Desenzano del Garda,2019,emigrati_interni,937
017067,Desenzano del Garda,2020,emigrati_interni,851
017067,Desenzano del Garda,2021,emigrati_interni,977
017067,Desenzano del Garda,2022,emigrati_interni,995
017067,Desenzano del Garda,2023,emigrati_interni,953
017067,Desenzano del Garda,2024,emigrati_interni,885
017067,Desenzano del Garda,2019,immigrati_estero,250
017067,Desenzano del Garda,2020,immigrati_estero,164
017067,Desenzano del Garda,2021,immigrati_estero,209
017067,Desenzano del Garda,2022,immigrati_estero,239
017067,Desenzano del Garda,2023,immigrati_estero,288
017067,Desenzano del Garda,2024,immigrati_estero,246
017067,Desenzano del Garda,2019,immigrati_interni,1190
017067,Desenzano del Garda,2020,immigrati_interni,1066
017067,Desenzano del Garda,2021,immigrati_interni,1129
017067,Desenzano del Garda,2022,immigrati_interni,989
017067,Desenzano del Garda,2023,immigrati_interni,941
017067,Desenzano del Garda,2024,immigrati_interni,951
017067,Desenzano del Garda,2019,morti,313
017067,Desenzano del Garda,2020,morti,356
017067,Desenzano del Garda,2021,morti,302
017067,Desenzano del Garda,2022,morti,301
017067,Desenzano del Garda,2023,morti,273
017067,Desenzano del Garda,2024,morti,282
017067,Desenzano del Garda,2019,nati,201
017067,Desenzano del Garda,2020,nati,199
017067,Desenzano del Garda,2021,nati,167
017067,Desenzano del Garda,2022,nati,177
017067,Desenzano del Garda,2023,nati,162
017067,Desenzano del Garda,2024,nati,153
017067,Desenzano del Garda,2019,popolazione_censita,29250
017067,Desenzano del Garda,2020,popolazione_censita,29208
017067,Desenzano del Garda,2021,popolazione_censita,29093
017067,Desenzano del Garda,2022,popolazione_censita,29197
017067,Desenzano del Garda,2023,popolazione_censita,29255
017067,Desenzano del Garda,2024,popolazione_censita,29313
017067,Desenzano del Garda,2019,popolazione_fine,29272
017067,Desenzano del Garda,2020,popolazione_fine,29359
017067,Desenzano del Garda,2021,popolazione_fine,29319
017067,Desenzano del Garda,2022,popolazione_fine,29094
017067,Desenzano del Garda,2023,popolazione_fine,29235
017067,Desenzano del Garda,2024,popolazione_fine,29290
017067,Desenzano del Garda,2019,popolazione_inizio,29002
017067,Desenzano del Garda,2020,popolazione_inizio,29250
017067,Desenzano del Garda,2021,popolazione_inizio,29208
017067,Desenzano del Garda,2022,popolazione_inizio,29093
017067,Desenzano del Garda,2023,popolazione_inizio,29197
017067,Desenzano del Garda,2024,popolazione_inizio,29255
017067,Desenzano del Garda,2019,variazioni_territoriali,0
017067,Desenzano del Garda,2020,variazioni_territoriali,0
017067,Desenzano del Garda,2021,variazioni_territoriali,0
017067,Desenzano del Garda,2022,variazioni_territoriali,0
017067,Desenzano del Garda,2023,variazioni_territoriali,0
017067,Desenzano del Garda,2024,variazioni_territoriali,0
017068,Edolo,2019,aggiustamento_statistico,8
017068,Edolo,2020,aggiustamento_statistico,-3
017068,Edolo,2021,aggiustamento_statistico,-23
017068,Edolo,2022,aggiustamento_statistico,-20
017068,Edolo,2023,aggiustamento_statistico,1
017068,Edolo,2024,aggiustamento_statistico,-5
017068,Edolo,2019,emigrati_estero,21
017068,Edolo,2020,emigrati_estero,13
017068,Edolo,2021,emigrati_estero,7
017068,Edolo,2022,emigrati_estero,6
017068,Edolo,2023,emigrati_estero,12
017068,Edolo,2024,emigrati_estero,18
017068,Edolo,2019,emigrati_interni,129
017068,Edolo,2020,emigrati_interni,79
017068,Edolo,2021,emigrati_interni,104
017068,Edolo,2022,emigrati_interni,110
017068,Edolo,2023,emigrati_interni,89
017068,Edolo,2024,emigrati_interni,90
017068,Edolo,2019,immigrati_estero,13
017068,Edolo,2020,immigrati_estero,20
017068,Edolo,2021,immigrati_estero,22
017068,Edolo,2022,immigrati_estero,21
017068,Edolo,2023,immigrati_estero,34
017068,Edolo,2024,immigrati_estero,36
017068,Edolo,2019,immigrati_interni,110
017068,Edolo,2020,immigrati_interni,129
017068,Edolo,2021,immigrati_interni,122
017068,Edolo,2022,immigrati_interni,129
017068,Edolo,2023,immigrati_interni,96
017068,Edolo,2024,immigrati_interni,154
017068,Edolo,2019,morti,51
017068,Edolo,2020,morti,84
017068,Edolo,2021,morti,70
017068,Edolo,2022,morti,53
017068,Edolo,2023,morti,52
017068,Edolo,2024,morti,74
017068,Edolo,2019,nati,34
017068,Edolo,2020,nati,23
017068,Edolo,2021,nati,28
017068,Edolo,2022,nati,19
017068,Edolo,2023,nati,17
017068,Edolo,2024,nati,25
017068,Edolo,2019,popolazione_censita,4450
017068,Edolo,2020,popolazione_censita,4443
017068,Edolo,2021,popolazione_censita,4411
017068,Edolo,2022,popolazione_censita,4391
017068,Edolo,2023,popolazione_censita,4386
017068,Edolo,2024,popolazione_censita,4414
017068,Edolo,2019,popolazione_fine,4442
017068,Edolo,2020,popolazione_fine,4446
017068,Edolo,2021,popolazione_fine,4434
017068,Edolo,2022,popolazione_fine,4411
017068,Edolo,2023,popolazione_fine,4385
017068,Edolo,2024,popolazione_fine,4419
017068,Edolo,2019,popolazione_inizio,4486
017068,Edolo,2020,popolazione_inizio,4450
017068,Edolo,2021,popolazione_inizio,4443
017068,Edolo,2022,popolazione_inizio,4411
017068,Edolo,2023,popolazione_inizio,4391
017068,Edolo,2024,popolazione_inizio,4386
017068,Edolo,2019,variazioni_territoriali,0
017068,Edolo,2020,variazioni_territoriali,0
017068,Edolo,2021,variazioni_territoriali,0
017068,Edolo,2022,variazioni_territoriali,0
017068,Edolo,2023,variazioni_territoriali,0
017068,Edolo,2024,variazioni_territoriali,0
017069,Erbusco,2019,aggiustamento_statistico,-35
017069,Erbusco,2020,aggiustamento_statistico,126
017069,Erbusco,2021,aggiustamento_statistico,-28
017069,Erbusco,2022,aggiustamento_statistico,12
017069,Erbusco,2023,aggiustamento_statistico,-23
017069,Erbusco,2024,aggiustamento_statistico,-1
017069,Erbusco,2019,emigrati_estero,22
017069,Erbusco,2020,emigrati_estero,15
017069,Erbusco,2021,emigrati_estero,18
017069,Erbusco,2022,emigrati_estero,12
017069,Erbusco,2023,emigrati_estero,20
017069,Erbusco,2024,emigrati_estero,9
017069,Erbusco,2019,emigrati_interni,257
017069,Erbusco,2020,emigrati_interni,252
017069,Erbusco,2021,emigrati_interni,294
017069,Erbusco,2022,emigrati_interni,262
017069,Erbusco,2023,emigrati_interni,252
017069,Erbusco,2024,emigrati_interni,225
017069,Erbusco,2019,immigrati_estero,36
017069,Erbusco,2020,immigrati_estero,18
017069,Erbusco,2021,immigrati_estero,66
017069,Erbusco,2022,immigrati_estero,47
017069,Erbusco,2023,immigrati_estero,33
017069,Erbusco,2024,immigrati_estero,45
017069,Erbusco,2019,immigrati_interni,308
017069,Erbusco,2020,immigrati_interni,276
017069,Erbusco,2021,immigrati_interni,239
017069,Erbusco,2022,immigrati_interni,323
017069,Erbusco,2023,immigrati_interni,270
017069,Erbusco,2024,immigrati_interni,261
017069,Erbusco,2019,morti,65
017069,Erbusco,2020,morti,99
017069,Erbusco,2021,morti,67
017069,Erbusco,2022,morti,75
017069,Erbusco,2023,morti,67
017069,Erbusco,2024,morti,62
017069,Erbusco,2019,nati,74
017069,Erbusco,2020,nati,59
017069,Erbusco,2021,nati,62
017069,Erbusco,2022,nati,70
017069,Erbusco,2023,nati,58
017069,Erbusco,2024,nati,63
017069,Erbusco,2019,popolazione_censita,8595
017069,Erbusco,2020,popolazione_censita,8708
017069,Erbusco,2021,popolazione_censita,8668
017069,Erbusco,2022,popolazione_censita,8771
017069,Erbusco,2023,popolazione_censita,8770
017069,Erbusco,2024,popolazione_censita,8842
017069,Erbusco,2019,popolazione_fine,8630
017069,Erbusco,2020,popolazione_fine,8582
017069,Erbusco,2021,popolazione_fine,8696
017069,Erbusco,2022,popolazione_fine,8759
017069,Erbusco,2023,popolazione_fine,8793
017069,Erbusco,2024,popolazione_fine,8843
017069,Erbusco,2019,popolazione_inizio,8556
017069,Erbusco,2020,popolazione_inizio,8595
017069,Erbusco,2021,popolazione_inizio,8708
017069,Erbusco,2022,popolazione_inizio,8668
017069,Erbusco,2023,popolazione_inizio,8771
017069,Erbusco,2024,popolazione_inizio,8770
017069,Erbusco,2019,variazioni_territoriali,0
017069,Erbusco,2020,variazioni_territoriali,0
017069,Erbusco,2021,variazioni_territoriali,0
017069,Erbusco,2022,variazioni_territoriali,0
017069,Erbusco,2023,variazioni_territoriali,0
017069,Erbusco,2024,variazioni_territoriali,0
017070,Esine,2019,aggiustamento_statistico,-5
017070,Esine,2020,aggiustamento_statistico,-7
017070,Esine,2021,aggiustamento_statistico,-16
017070,Esine,2022,aggiustamento_statistico,-11
017070,Esine,2023,aggiustamento_statistico,3
017070,Esine,2024,aggiustamento_statistico,4
017070,Esine,2019,emigrati_estero,15
017070,Esine,2020,emigrati_estero,12
017070,Esine,2021,emigrati_estero,14
017070,Esine,2022,emigrati_estero,10
017070,Esine,2023,emigrati_estero,12
017070,Esine,2024,emigrati_estero,18
017070,Esine,2019,emigrati_interni,133
017070,Esine,2020,emigrati_interni,151
017070,Esine,2021,emigrati_interni,147
017070,Esine,2022,emigrati_interni,161
017070,Esine,2023,emigrati_interni,135
017070,Esine,2024,emigrati_interni,135
017070,Esine,2019,immigrati_estero,22
017070,Esine,2020,immigrati_estero,5
017070,Esine,2021,immigrati_estero,28
017070,Esine,2022,immigrati_estero,24
017070,Esine,2023,immigrati_estero,24
017070,Esine,2024,immigrati_estero,22
017070,Esine,2019,immigrati_interni,156
017070,Esine,2020,immigrati_interni,145
017070,Esine,2021,immigrati_interni,143
017070,Esine,2022,immigrati_interni,118
017070,Esine,2023,immigrati_interni,152
017070,Esine,2024,immigrati_interni,139
017070,Esine,2019,morti,61
017070,Esine,2020,morti,68
017070,Esine,2021,morti,64
017070,Esine,2022,morti,58
017070,Esine,2023,morti,60
017070,Esine,2024,morti,58
017070,Esine,2019,nati,30
017070,Esine,2020,nati,34
017070,Esine,2021,nati,31
017070,Esine,2022,nati,34
017070,Esine,2023,nati,32
017070,Esine,2024,nati,30
017070,Esine,2019,popolazione_censita,5211
017070,Esine,2020,popolazione_censita,5157
017070,Esine,2021,popolazione_censita,5118
017070,Esine,2022,popolazione_censita,5054
017070,Esine,2023,popolazione_censita,5058
017070,Esine,2024,popolazione_censita,5042
017070,Esine,2019,popolazione_fine,5216
017070,Esine,2020,popolazione_fine,5164
017070,Esine,2021,popolazione_fine,5134
017070,Esine,2022,popolazione_fine,5065
017070,Esine,2023,popolazione_fine,5055
017070,Esine,2024,popolazione_fine,5038
017070,Esine,2019,popolazione_inizio,5217
017070,Esine,2020,popolazione_inizio,5211
017070,Esine,2021,popolazione_inizio,5157
017070,Esine,2022,popolazione_inizio,5118
017070,Esine,2023,popolazione_inizio,5054
017070,Esine,2024,popolazione_inizio,5058
017070,Esine,2019,variazioni_territoriali,0
017070,Esine,2020,variazioni_territoriali,0
017070,Esine,2021,variazioni_territoriali,0
017070,Esine,2022,variazioni_territoriali,0
017070,Esine,2023,variazioni_territoriali,0
017070,Esine,2024,variazioni_territoriali,0
017071,Fiesse,2019,aggiustamento_statistico,-17
017071,Fiesse,2020,aggiustamento_statistico,-11
017071,Fiesse,2021,aggiustamento_statistico,-4
017071,Fiesse,2022,aggiustamento_statistico,5
017071,Fiesse,2023,aggiustamento_statistico,-2
017071,Fiesse,2024,aggiustamento_statistico,1
017071,Fiesse,2019,emigrati_estero,3
017071,Fiesse,2020,emigrati_estero,9
017071,Fiesse,2021,emigrati_estero,0
017071,Fiesse,2022,emigrati_estero,10
017071,Fiesse,2023,emigrati_estero,6
017071,Fiesse,2024,emigrati_estero,7
017071,Fiesse,2019,emigrati_interni,75
017071,Fiesse,2020,emigrati_interni,55
017071,Fiesse,2021,emigrati_interni,38
017071,Fiesse,2022,emigrati_interni,51
017071,Fiesse,2023,emigrati_interni,53
017071,Fiesse,2024,emigrati_interni,41
017071,Fiesse,2019,immigrati_estero,11
017071,Fiesse,2020,immigrati_estero,8
017071,Fiesse,2021,immigrati_estero,17
017071,Fiesse,2022,immigrati_estero,16
017071,Fiesse,2023,immigrati_estero,19
017071,Fiesse,2024,immigrati_estero,49
017071,Fiesse,2019,immigrati_interni,47
017071,Fiesse,2020,immigrati_interni,43
017071,Fiesse,2021,immigrati_interni,48
017071,Fiesse,2022,immigrati_interni,46
017071,Fiesse,2023,immigrati_interni,69
017071,Fiesse,2024,immigrati_interni,44
017071,Fiesse,2019,morti,18
017071,Fiesse,2020,morti,14
017071,Fiesse,2021,morti,22
017071,Fiesse,2022,morti,29
017071,Fiesse,2023,morti,16
017071,Fiesse,2024,morti,16
017071,Fiesse,2019,nati,13
017071,Fiesse,2020,nati,11
017071,Fiesse,2021,nati,17
017071,Fiesse,2022,nati,11
017071,Fiesse,2023,nati,20
017071,Fiesse,2024,nati,15
017071,Fiesse,2019,popolazione_censita,2012
017071,Fiesse,2020,popolazione_censita,1985
017071,Fiesse,2021,popolazione_censita,2003
017071,Fiesse,2022,popolazione_censita,1991
017071,Fiesse,2023,popolazione_censita,2022
017071,Fiesse,2024,popolazione_censita,2067
017071,Fiesse,2019,popolazione_fine,2029
017071,Fiesse,2020,popolazione_fine,1996
017071,Fiesse,2021,popolazione_fine,2007
017071,Fiesse,2022,popolazione_fine,1986
017071,Fiesse,2023,popolazione_fine,2024
017071,Fiesse,2024,popolazione_fine,2066
017071,Fiesse,2019,popolazione_inizio,2054
017071,Fiesse,2020,popolazione_inizio,2012
017071,Fiesse,2021,popolazione_inizio,1985
017071,Fiesse,2022,popolazione_inizio,2003
017071,Fiesse,2023,popolazione_inizio,1991
017071,Fiesse,2024,popolazione_inizio,2022
017071,Fiesse,2019,variazioni_territoriali,0
017071,Fiesse,2020,variazioni_territoriali,0
017071,Fiesse,2021,variazioni_territoriali,0
017071,Fiesse,2022,variazioni_territoriali,0
017071,Fiesse,2023,variazioni_territoriali,0
017071,Fiesse,2024,variazioni_territoriali,0
017072,Flero,2019,aggiustamento_statistico,-16
017072,Flero,2020,aggiustamento_statistico,120
017072,Flero,2021,aggiustamento_statistico,-58
017072,Flero,2022,aggiustamento_statistico,-12
017072,Flero,2023,aggiustamento_statistico,3
017072,Flero,2024,aggiustamento_statistico,-3
017072,Flero,2019,emigrati_estero,55
017072,Flero,2020,emigrati_estero,72
017072,Flero,2021,emigrati_estero,19
017072,Flero,2022,emigrati_estero,26
017072,Flero,2023,emigrati_estero,28
017072,Flero,2024,emigrati_estero,28
017072,Flero,2019,emigrati_interni,301
017072,Flero,2020,emigrati_interni,295
017072,Flero,2021,emigrati_interni,312
017072,Flero,2022,emigrati_interni,352
017072,Flero,2023,emigrati_interni,288
017072,Flero,2024,emigrati_interni,309
017072,Flero,2019,immigrati_estero,90
017072,Flero,2020,immigrati_estero,39
017072,Flero,2021,immigrati_estero,32
017072,Flero,2022,immigrati_estero,43
017072,Flero,2023,immigrati_estero,58
017072,Flero,2024,immigrati_estero,79
017072,Flero,2019,immigrati_interni,293
017072,Flero,2020,immigrati_interni,262
017072,Flero,2021,immigrati_interni,310
017072,Flero,2022,immigrati_interni,274
017072,Flero,2023,immigrati_interni,287
017072,Flero,2024,immigrati_interni,296
017072,Flero,2019,morti,72
017072,Flero,2020,morti,80
017072,Flero,2021,morti,71
017072,Flero,2022,morti,65
017072,Flero,2023,morti,71
017072,Flero,2024,morti,86
017072,Flero,2019,nati,57
017072,Flero,2020,nati,63
017072,Flero,2021,nati,55
017072,Flero,2022,nati,58
017072,Flero,2023,nati,55
017072,Flero,2024,nati,41
017072,Flero,2019,popolazione_censita,8834
017072,Flero,2020,popolazione_censita,8871
017072,Flero,2021,popolazione_censita,8808
017072,Flero,2022,popolazione_censita,8728
017072,Flero,2023,popolazione_censita,8744
017072,Flero,2024,popolazione_censita,8734
017072,Flero,2019,popolazione_fine,8850
017072,Flero,2020,popolazione_fine,8751
017072,Flero,2021,popolazione_fine,8866
017072,Flero,2022,popolazione_fine,8740
017072,Flero,2023,popolazione_fine,8741
017072,Flero,2024,popolazione_fine,8737
017072,Flero,2019,popolazione_inizio,8838
017072,Flero,2020,popolazione_inizio,8834
017072,Flero,2021,popolazione_inizio,8871
017072,Flero,2022,popolazione_inizio,8808
017072,Flero,2023,popolazione_inizio,8728
017072,Flero,2024,popolazione_inizio,8744
017072,Flero,2019,variazioni_territoriali,0
017072,Flero,2020,variazioni_territoriali,0
017072,Flero,2021,variazioni_territoriali,0
017072,Flero,2022,variazioni_territoriali,0
017072,Flero,2023,variazioni_territoriali,0
017072,Flero,2024,variazioni_territoriali,0
017073,Gambara,2019,aggiustamento_statistico,-17
017073,Gambara,2020,aggiustamento_statistico,-34
017073,Gambara,2021,aggiustamento_statistico,-5
017073,Gambara,2022,aggiustamento_statistico,7
017073,Gambara,2023,aggiustamento_statistico,7
017073,Gambara,2024,aggiustamento_statistico,5
017073,Gambara,2019,emigrati_estero,36
017073,Gambara,2020,emigrati_estero,23
017073,Gambara,2021,emigrati_estero,44
017073,Gambara,2022,emigrati_estero,7
017073,Gambara,2023,emigrati_estero,19
017073,Gambara,2024,emigrati_estero,13
017073,Gambara,2019,emigrati_interni,98
017073,Gambara,2020,emigrati_interni,88
017073,Gambara,2021,emigrati_interni,96
017073,Gambara,2022,emigrati_interni,126
017073,Gambara,2023,emigrati_interni,104
017073,Gambara,2024,emigrati_interni,112
017073,Gambara,2019,immigrati_estero,35
017073,Gambara,2020,immigrati_estero,14
017073,Gambara,2021,immigrati_estero,13
017073,Gambara,2022,immigrati_estero,32
017073,Gambara,2023,immigrati_estero,69
017073,Gambara,2024,immigrati_estero,163
017073,Gambara,2019,immigrati_interni,116
017073,Gambara,2020,immigrati_interni,64
017073,Gambara,2021,immigrati_interni,133
017073,Gambara,2022,immigrati_interni,108
017073,Gambara,2023,immigrati_interni,91
017073,Gambara,2024,immigrati_interni,131
017073,Gambara,2019,morti,53
017073,Gambara,2020,morti,55
017073,Gambara,2021,morti,47
017073,Gambara,2022,morti,57
017073,Gambara,2023,morti,46
017073,Gambara,2024,morti,44
017073,Gambara,2019,nati,34
017073,Gambara,2020,nati,26
017073,Gambara,2021,nati,35
017073,Gambara,2022,nati,33
017073,Gambara,2023,nati,30
017073,Gambara,2024,nati,25
017073,Gambara,2019,popolazione_censita,4656
017073,Gambara,2020,popolazione_censita,4560
017073,Gambara,2021,popolazione_censita,4549
017073,Gambara,2022,popolazione_censita,4539
017073,Gambara,2023,popolazione_censita,4567
017073,Gambara,2024,popolazione_censita,4722
017073,Gambara,2019,popolazione_fine,4673
017073,Gambara,2020,popolazione_fine,4594
017073,Gambara,2021,popolazione_fine,4554
017073,Gambara,2022,popolazione_fine,4532
017073,Gambara,2023,popolazione_fine,4560
017073,Gambara,2024,popolazione_fine,4717
017073,Gambara,2019,popolazione_inizio,4675
017073,Gambara,2020,popolazione_inizio,4656
017073,Gambara,2021,popolazione_inizio,4560
017073,Gambara,2022,popolazione_inizio,4549
017073,Gambara,2023,popolazione_inizio,4539
017073,Gambara,2024,popolazione_inizio,4567
017073,Gambara,2019,variazioni_territoriali,0
017073,Gambara,2020,variazioni_territoriali,0
017073,Gambara,2021,variazioni_territoriali,0
017073,Gambara,2022,variazioni_territoriali,0
017073,Gambara,2023,variazioni_territoriali,0
017073,Gambara,2024,variazioni_territoriali,0
017074,Gardone Riviera,2019,aggiustamento_statistico,-5
017074,Gardone Riviera,2020,aggiustamento_statistico,-6
017074,Gardone Riviera,2021,aggiustamento_statistico,-26
017074,Gardone Riviera,2022,aggiustamento_statistico,3
017074,Gardone Riviera,2023,aggiustamento_statistico,-1
017074,Gardone Riviera,2024,aggiustamento_statistico,-18
017074,Gardone Riviera,2019,emigrati_estero,19
017074,Gardone Riviera,2020,emigrati_estero,4
017074,Gardone Riviera,2021,emigrati_estero,13
017074,Gardone Riviera,2022,emigrati_estero,20
017074,Gardone Riviera,2023,emigrati_estero,14
017074,Gardone Riviera,2024,emigrati_estero,24
017074,Gardone Riviera,2019,emigrati_interni,139
017074,Gardone Riviera,2020,emigrati_interni,92
017074,Gardone Riviera,2021,emigrati_interni,113
017074,Gardone Riviera,2022,emigrati_interni,88
017074,Gardone Riviera,2023,emigrati_interni,112
017074,Gardone Riviera,2024,emigrati_interni,108
017074,Gardone Riviera,2019,immigrati_estero,17
017074,Gardone Riviera,2020,immigrati_estero,15
017074,Gardone Riviera,2021,immigrati_estero,20
017074,Gardone Riviera,2022,immigrati_estero,25
017074,Gardone Riviera,2023,immigrati_estero,42
017074,Gardone Riviera,2024,immigrati_estero,34
017074,Gardone Riviera,2019,immigrati_interni,147
017074,Gardone Riviera,2020,immigrati_interni,109
017074,Gardone Riviera,2021,immigrati_interni,126
017074,Gardone Riviera,2022,immigrati_interni,125
017074,Gardone Riviera,2023,immigrati_interni,96
017074,Gardone Riviera,2024,immigrati_interni,105
017074,Gardone Riviera,2019,morti,31
017074,Gardone Riviera,2020,morti,24
017074,Gardone Riviera,2021,morti,39
017074,Gardone Riviera,2022,morti,30
017074,Gardone Riviera,2023,morti,33
017074,Gardone Riviera,2024,morti,25
017074,Gardone Riviera,2019,nati,19
017074,Gardone Riviera,2020,nati,14
017074,Gardone Riviera,2021,nati,11
017074,Gardone Riviera,2022,nati,8
017074,Gardone Riviera,2023,nati,8
017074,Gardone Riviera,2024,nati,12
017074,Gardone Riviera,2019,popolazione_censita,2630
017074,Gardone Riviera,2020,popolazione_censita,2642
017074,Gardone Riviera,2021,popolazione_censita,2608
017074,Gardone Riviera,2022,popolazione_censita,2631
017074,Gardone Riviera,2023,popolazione_censita,2617
017074,Gardone Riviera,2024,popolazione_censita,2593
017074,Gardone Riviera,2019,popolazione_fine,2635
017074,Gardone Riviera,2020,popolazione_fine,2648
017074,Gardone Riviera,2021,popolazione_fine,2634
017074,Gardone Riviera,2022,popolazione_fine,2628
017074,Gardone Riviera,2023,popolazione_fine,2618
017074,Gardone Riviera,2024,popolazione_fine,2611
017074,Gardone Riviera,2019,popolazione_inizio,2641
017074,Gardone Riviera,2020,popolazione_inizio,2630
017074,Gardone Riviera,2021,popolazione_inizio,2642
017074,Gardone Riviera,2022,popolazione_inizio,2608
017074,Gardone Riviera,2023,popolazione_inizio,2631
017074,Gardone Riviera,2024,popolazione_inizio,2617
017074,Gardone Riviera,2019,variazioni_territoriali,0
017074,Gardone Riviera,2020,variazioni_territoriali,0
017074,Gardone Riviera,2021,variazioni_territoriali,0
017074,Gardone Riviera,2022,variazioni_territoriali,0
017074,Gardone Riviera,2023,variazioni_territoriali,0
017074,Gardone Riviera,2024,variazioni_territoriali,0
017075,Gardone Val Trompia,2019,aggiustamento_statistico,-32
017075,Gardone Val Trompia,2020,aggiustamento_statistico,-24
017075,Gardone Val Trompia,2021,aggiustamento_statistico,-8
017075,Gardone Val Trompia,2022,aggiustamento_statistico,12
017075,Gardone Val Trompia,2023,aggiustamento_statistico,12
017075,Gardone Val Trompia,2024,aggiustamento_statistico,19
017075,Gardone Val Trompia,2019,emigrati_estero,56
017075,Gardone Val Trompia,2020,emigrati_estero,42
017075,Gardone Val Trompia,2021,emigrati_estero,42
017075,Gardone Val Trompia,2022,emigrati_estero,75
017075,Gardone Val Trompia,2023,emigrati_estero,54
017075,Gardone Val Trompia,2024,emigrati_estero,75
017075,Gardone Val Trompia,2019,emigrati_interni,297
017075,Gardone Val Trompia,2020,emigrati_interni,309
017075,Gardone Val Trompia,2021,emigrati_interni,308
017075,Gardone Val Trompia,2022,emigrati_interni,330
017075,Gardone Val Trompia,2023,emigrati_interni,365
017075,Gardone Val Trompia,2024,emigrati_interni,310
017075,Gardone Val Trompia,2019,immigrati_estero,104
017075,Gardone Val Trompia,2020,immigrati_estero,53
017075,Gardone Val Trompia,2021,immigrati_estero,66
017075,Gardone Val Trompia,2022,immigrati_estero,96
017075,Gardone Val Trompia,2023,immigrati_estero,112
017075,Gardone Val Trompia,2024,immigrati_estero,156
017075,Gardone Val Trompia,2019,immigrati_interni,295
017075,Gardone Val Trompia,2020,immigrati_interni,316
017075,Gardone Val Trompia,2021,immigrati_interni,320
017075,Gardone Val Trompia,2022,immigrati_interni,390
017075,Gardone Val Trompia,2023,immigrati_interni,343
017075,Gardone Val Trompia,2024,immigrati_interni,356
017075,Gardone Val Trompia,2019,morti,133
017075,Gardone Val Trompia,2020,morti,179
017075,Gardone Val Trompia,2021,morti,154
017075,Gardone Val Trompia,2022,morti,139
017075,Gardone Val Trompia,2023,morti,111
017075,Gardone Val Trompia,2024,morti,163
017075,Gardone Val Trompia,2019,nati,96
017075,Gardone Val Trompia,2020,nati,97
017075,Gardone Val Trompia,2021,nati,71
017075,Gardone Val Trompia,2022,nati,78
017075,Gardone Val Trompia,2023,nati,75
017075,Gardone Val Trompia,2024,nati,88
017075,Gardone Val Trompia,2019,popolazione_censita,11495
017075,Gardone Val Trompia,2020,popolazione_censita,11407
017075,Gardone Val Trompia,2021,popolazione_censita,11352
017075,Gardone Val Trompia,2022,popolazione_censita,11384
017075,Gardone Val Trompia,2023,popolazione_censita,11396
017075,Gardone Val Trompia,2024,popolazione_censita,11467
017075,Gardone Val Trompia,2019,popolazione_fine,11527
017075,Gardone Val Trompia,2020,popolazione_fine,11431
017075,Gardone Val Trompia,2021,popolazione_fine,11360
017075,Gardone Val Trompia,2022,popolazione_fine,11372
017075,Gardone Val Trompia,2023,popolazione_fine,11384
017075,Gardone Val Trompia,2024,popolazione_fine,11448
017075,Gardone Val Trompia,2019,popolazione_inizio,11518
017075,Gardone Val Trompia,2020,popolazione_inizio,11495
017075,Gardone Val Trompia,2021,popolazione_inizio,11407
017075,Gardone Val Trompia,2022,popolazione_inizio,11352
017075,Gardone Val Trompia,2023,popolazione_inizio,11384
017075,Gardone Val Trompia,2024,popolazione_inizio,11396
017075,Gardone Val Trompia,2019,variazioni_territoriali,0
017075,Gardone Val Trompia,2020,variazioni_territoriali,0
017075,Gardone Val Trompia,2021,variazioni_territoriali,0
017075,Gardone Val Trompia,2022,variazioni_territoriali,0
017075,Gardone Val Trompia,2023,variazioni_territoriali,0
017075,Gardone Val Trompia,2024,variazioni_territoriali,0
017076,Gargnano,2019,aggiustamento_statistico,6
017076,Gargnano,2020,aggiustamento_statistico,-24
017076,Gargnano,2021,aggiustamento_statistico,-17
017076,Gargnano,2022,aggiustamento_statistico,5
017076,Gargnano,2023,aggiustamento_statistico,3
017076,Gargnano,2024,aggiustamento_statistico,1
017076,Gargnano,2019,emigrati_estero,15
017076,Gargnano,2020,emigrati_estero,9
017076,Gargnano,2021,emigrati_estero,7
017076,Gargnano,2022,emigrati_estero,13
017076,Gargnano,2023,emigrati_estero,13
017076,Gargnano,2024,emigrati_estero,8
017076,Gargnano,2019,emigrati_interni,70
017076,Gargnano,2020,emigrati_interni,63
017076,Gargnano,2021,emigrati_interni,58
017076,Gargnano,2022,emigrati_interni,86
017076,Gargnano,2023,emigrati_interni,77
017076,Gargnano,2024,emigrati_interni,78
017076,Gargnano,2019,immigrati_estero,23
017076,Gargnano,2020,immigrati_estero,18
017076,Gargnano,2021,immigrati_estero,24
017076,Gargnano,2022,immigrati_estero,16
017076,Gargnano,2023,immigrati_estero,31
017076,Gargnano,2024,immigrati_estero,21
017076,Gargnano,2019,immigrati_interni,84
017076,Gargnano,2020,immigrati_interni,63
017076,Gargnano,2021,immigrati_interni,67
017076,Gargnano,2022,immigrati_interni,75
017076,Gargnano,2023,immigrati_interni,64
017076,Gargnano,2024,immigrati_interni,56
017076,Gargnano,2019,morti,41
017076,Gargnano,2020,morti,54
017076,Gargnano,2021,morti,48
017076,Gargnano,2022,morti,56
017076,Gargnano,2023,morti,46
017076,Gargnano,2024,morti,38
017076,Gargnano,2019,nati,16
017076,Gargnano,2020,nati,15
017076,Gargnano,2021,nati,9
017076,Gargnano,2022,nati,21
017076,Gargnano,2023,nati,13
017076,Gargnano,2024,nati,9
017076,Gargnano,2019,popolazione_censita,2815
017076,Gargnano,2020,popolazione_censita,2761
017076,Gargnano,2021,popolazione_censita,2731
017076,Gargnano,2022,popolazione_censita,2693
017076,Gargnano,2023,popolazione_censita,2668
017076,Gargnano,2024,popolazione_censita,2631
017076,Gargnano,2019,popolazione_fine,2809
017076,Gargnano,2020,popolazione_fine,2785
017076,Gargnano,2021,popolazione_fine,2748
017076,Gargnano,2022,popolazione_fine,2688
017076,Gargnano,2023,popolazione_fine,2665
017076,Gargnano,2024,popolazione_fine,2630
017076,Gargnano,2019,popolazione_inizio,2812
017076,Gargnano,2020,popolazione_inizio,2815
017076,Gargnano,2021,popolazione_inizio,2761
017076,Gargnano,2022,popolazione_inizio,2731
017076,Gargnano,2023,popolazione_inizio,2693
017076,Gargnano,2024,popolazione_inizio,2668
017076,Gargnano,2019,variazioni_territoriali,0
017076,Gargnano,2020,variazioni_territoriali,0
017076,Gargnano,2021,variazioni_territoriali,0
017076,Gargnano,2022,variazioni_territoriali,0
017076,Gargnano,2023,variazioni_territoriali,0
017076,Gargnano,2024,variazioni_territoriali,0
017077,Gavardo,2019,aggiustamento_statistico,-27
017077,Gavardo,2020,aggiustamento_statistico,-13
017077,Gavardo,2021,aggiustamento_statistico,-18
017077,Gavardo,2022,aggiustamento_statistico,-2
017077,Gavardo,2023,aggiustamento_statistico,-18
017077,Gavardo,2024,aggiustamento_statistico,-20
017077,Gavardo,2019,emigrati_estero,59
017077,Gavardo,2020,emigrati_estero,61
017077,Gavardo,2021,emigrati_estero,54
017077,Gavardo,2022,emigrati_estero,44
017077,Gavardo,2023,emigrati_estero,48
017077,Gavardo,2024,emigrati_estero,52
017077,Gavardo,2019,emigrati_interni,410
017077,Gavardo,2020,emigrati_interni,338
017077,Gavardo,2021,emigrati_interni,435
017077,Gavardo,2022,emigrati_interni,361
017077,Gavardo,2023,emigrati_interni,372
017077,Gavardo,2024,emigrati_interni,400
017077,Gavardo,2019,immigrati_estero,84
017077,Gavardo,2020,immigrati_estero,90
017077,Gavardo,2021,immigrati_estero,83
017077,Gavardo,2022,immigrati_estero,95
017077,Gavardo,2023,immigrati_estero,132
017077,Gavardo,2024,immigrati_estero,143
017077,Gavardo,2019,immigrati_interni,527
017077,Gavardo,2020,immigrati_interni,435
017077,Gavardo,2021,immigrati_interni,403
017077,Gavardo,2022,immigrati_interni,435
017077,Gavardo,2023,immigrati_interni,402
017077,Gavardo,2024,immigrati_interni,386
017077,Gavardo,2019,morti,132
017077,Gavardo,2020,morti,181
017077,Gavardo,2021,morti,134
017077,Gavardo,2022,morti,120
017077,Gavardo,2023,morti,136
017077,Gavardo,2024,morti,153
017077,Gavardo,2019,nati,93
017077,Gavardo,2020,nati,90
017077,Gavardo,2021,nati,95
017077,Gavardo,2022,nati,87
017077,Gavardo,2023,nati,84
017077,Gavardo,2024,nati,80
017077,Gavardo,2019,popolazione_censita,12236
017077,Gavardo,2020,popolazione_censita,12258
017077,Gavardo,2021,popolazione_censita,12198
017077,Gavardo,2022,popolazione_censita,12288
017077,Gavardo,2023,popolazione_censita,12332
017077,Gavardo,2024,popolazione_censita,12316
017077,Gavardo,2019,popolazione_fine,12263
017077,Gavardo,2020,popolazione_fine,12271
017077,Gavardo,2021,popolazione_fine,12216
017077,Gavardo,2022,popolazione_fine,12290
017077,Gavardo,2023,popolazione_fine,12350
017077,Gavardo,2024,popolazione_fine,12336
017077,Gavardo,2019,popolazione_inizio,12160
017077,Gavardo,2020,popolazione_inizio,12236
017077,Gavardo,2021,popolazione_inizio,12258
017077,Gavardo,2022,popolazione_inizio,12198
017077,Gavardo,2023,popolazione_inizio,12288
017077,Gavardo,2024,popolazione_inizio,12332
017077,Gavardo,2019,variazioni_territoriali,0
017077,Gavardo,2020,variazioni_territoriali,0
017077,Gavardo,2021,variazioni_territoriali,0
017077,Gavardo,2022,variazioni_territoriali,0
017077,Gavardo,2023,variazioni_territoriali,0
017077,Gavardo,2024,variazioni_territoriali,0
017078,Ghedi,2019,aggiustamento_statistico,-35
017078,Ghedi,2020,aggiustamento_statistico,109
017078,Ghedi,2021,aggiustamento_statistico,-12
017078,Ghedi,2022,aggiustamento_statistico,-11
017078,Ghedi,2023,aggiustamento_statistico,-69
017078,Ghedi,2024,aggiustamento_statistico,-4
017078,Ghedi,2019,emigrati_estero,80
017078,Ghedi,2020,emigrati_estero,84
017078,Ghedi,2021,emigrati_estero,87
017078,Ghedi,2022,emigrati_estero,56
017078,Ghedi,2023,emigrati_estero,35
017078,Ghedi,2024,emigrati_estero,67
017078,Ghedi,2019,emigrati_interni,503
017078,Ghedi,2020,emigrati_interni,403
017078,Ghedi,2021,emigrati_interni,476
017078,Ghedi,2022,emigrati_interni,471
017078,Ghedi,2023,emigrati_interni,497
017078,Ghedi,2024,emigrati_interni,479
017078,Ghedi,2019,immigrati_estero,109
017078,Ghedi,2020,immigrati_estero,80
017078,Ghedi,2021,immigrati_estero,80
017078,Ghedi,2022,immigrati_estero,95
017078,Ghedi,2023,immigrati_estero,134
017078,Ghedi,2024,immigrati_estero,125
017078,Ghedi,2019,immigrati_interni,472
017078,Ghedi,2020,immigrati_interni,439
017078,Ghedi,2021,immigrati_interni,497
017078,Ghedi,2022,immigrati_interni,466
017078,Ghedi,2023,immigrati_interni,442
017078,Ghedi,2024,immigrati_interni,471
017078,Ghedi,2019,morti,161
017078,Ghedi,2020,morti,221
017078,Ghedi,2021,morti,162
017078,Ghedi,2022,morti,143
017078,Ghedi,2023,morti,160
017078,Ghedi,2024,morti,153
017078,Ghedi,2019,nati,150
017078,Ghedi,2020,nati,157
017078,Ghedi,2021,nati,157
017078,Ghedi,2022,nati,147
017078,Ghedi,2023,nati,113
017078,Ghedi,2024,nati,138
017078,Ghedi,2019,popolazione_censita,18444
017078,Ghedi,2020,popolazione_censita,18521
017078,Ghedi,2021,popolazione_censita,18518
017078,Ghedi,2022,popolazione_censita,18545
017078,Ghedi,2023,popolazione_censita,18473
017078,Ghedi,2024,popolazione_censita,18504
017078,Ghedi,2019,popolazione_fine,18479
017078,Ghedi,2020,popolazione_fine,18412
017078,Ghedi,2021,popolazione_fine,18530
017078,Ghedi,2022,popolazione_fine,18556
017078,Ghedi,2023,popolazione_fine,18542
017078,Ghedi,2024,popolazione_fine,18508
017078,Ghedi,2019,popolazione_inizio,18492
017078,Ghedi,2020,popolazione_inizio,18444
017078,Ghedi,2021,popolazione_inizio,18521
017078,Ghedi,2022,popolazione_inizio,18518
017078,Ghedi,2023,popolazione_inizio,18545
017078,Ghedi,2024,popolazione_inizio,18473
017078,Ghedi,2019,variazioni_territoriali,0
017078,Ghedi,2020,variazioni_territoriali,0
017078,Ghedi,2021,variazioni_territoriali,0
017078,Ghedi,2022,variazioni_territoriali,0
017078,Ghedi,2023,variazioni_territoriali,0
017078,Ghedi,2024,variazioni_territoriali,0
017079,Gianico,2019,aggiustamento_statistico,-1
017079,Gianico,2020,aggiustamento_statistico,-22
017079,Gianico,2021,aggiustamento_statistico,3
017079,Gianico,2022,aggiustamento_statistico,1
017079,Gianico,2023,aggiustamento_statistico,6
017079,Gianico,2024,aggiustamento_statistico,0
017079,Gianico,2019,emigrati_estero,10
017079,Gianico,2020,emigrati_estero,2
017079,Gianico,2021,emigrati_estero,10
017079,Gianico,2022,emigrati_estero,9
017079,Gianico,2023,emigrati_estero,2
017079,Gianico,2024,emigrati_estero,7
017079,Gianico,2019,emigrati_interni,47
017079,Gianico,2020,emigrati_interni,60
017079,Gianico,2021,emigrati_interni,76
017079,Gianico,2022,emigrati_interni,61
017079,Gianico,2023,emigrati_interni,79
017079,Gianico,2024,emigrati_interni,68
017079,Gianico,2019,immigrati_estero,9
017079,Gianico,2020,immigrati_estero,5
017079,Gianico,2021,immigrati_estero,10
017079,Gianico,2022,immigrati_estero,5
017079,Gianico,2023,immigrati_estero,7
017079,Gianico,2024,immigrati_estero,11
017079,Gianico,2019,immigrati_interni,61
017079,Gianico,2020,immigrati_interni,62
017079,Gianico,2021,immigrati_interni,63
017079,Gianico,2022,immigrati_interni,64
017079,Gianico,2023,immigrati_interni,54
017079,Gianico,2024,immigrati_interni,46
017079,Gianico,2019,morti,29
017079,Gianico,2020,morti,21
017079,Gianico,2021,morti,16
017079,Gianico,2022,morti,12
017079,Gianico,2023,morti,18
017079,Gianico,2024,morti,26
017079,Gianico,2019,nati,12
017079,Gianico,2020,nati,13
017079,Gianico,2021,nati,13
017079,Gianico,2022,nati,18
017079,Gianico,2023,nati,15
017079,Gianico,2024,nati,10
017079,Gianico,2019,popolazione_censita,2159
017079,Gianico,2020,popolazione_censita,2134
017079,Gianico,2021,popolazione_censita,2121
017079,Gianico,2022,popolazione_censita,2127
017079,Gianico,2023,popolazione_censita,2110
017079,Gianico,2024,popolazione_censita,2076
017079,Gianico,2019,popolazione_fine,2160
017079,Gianico,2020,popolazione_fine,2156
017079,Gianico,2021,popolazione_fine,2118
017079,Gianico,2022,popolazione_fine,2126
017079,Gianico,2023,popolazione_fine,2104
017079,Gianico,2024,popolazione_fine,2076
017079,Gianico,2019,popolazione_inizio,2164
017079,Gianico,2020,popolazione_inizio,2159
017079,Gianico,2021,popolazione_inizio,2134
017079,Gianico,2022,popolazione_inizio,2121
017079,Gianico,2023,popolazione_inizio,2127
017079,Gianico,2024,popolazione_inizio,2110
017079,Gianico,2019,variazioni_territoriali,0
017079,Gianico,2020,variazioni_territoriali,0
017079,Gianico,2021,variazioni_territoriali,0
017079,Gianico,2022,variazioni_territoriali,0
017079,Gianico,2023,variazioni_territoriali,0
017079,Gianico,2024,variazioni_territoriali,0
017080,Gottolengo,2019,aggiustamento_statistico,-14
017080,Gottolengo,2020,aggiustamento_statistico,8
017080,Gottolengo,2021,aggiustamento_statistico,6
017080,Gottolengo,2022,aggiustamento_statistico,5
017080,Gottolengo,2023,aggiustamento_statistico,7
017080,Gottolengo,2024,aggiustamento_statistico,1
017080,Gottolengo,2019,emigrati_estero,28
017080,Gottolengo,2020,emigrati_estero,9
017080,Gottolengo,2021,emigrati_estero,18
017080,Gottolengo,2022,emigrati_estero,10
017080,Gottolengo,2023,emigrati_estero,11
017080,Gottolengo,2024,emigrati_estero,23
017080,Gottolengo,2019,emigrati_interni,134
017080,Gottolengo,2020,emigrati_interni,134
017080,Gottolengo,2021,emigrati_interni,131
017080,Gottolengo,2022,emigrati_interni,109
017080,Gottolengo,2023,emigrati_interni,109
017080,Gottolengo,2024,emigrati_interni,129
017080,Gottolengo,2019,immigrati_estero,29
017080,Gottolengo,2020,immigrati_estero,15
017080,Gottolengo,2021,immigrati_estero,43
017080,Gottolengo,2022,immigrati_estero,48
017080,Gottolengo,2023,immigrati_estero,34
017080,Gottolengo,2024,immigrati_estero,35
017080,Gottolengo,2019,immigrati_interni,133
017080,Gottolengo,2020,immigrati_interni,84
017080,Gottolengo,2021,immigrati_interni,109
017080,Gottolengo,2022,immigrati_interni,101
017080,Gottolengo,2023,immigrati_interni,141
017080,Gottolengo,2024,immigrati_interni,131
017080,Gottolengo,2019,morti,61
017080,Gottolengo,2020,morti,79
017080,Gottolengo,2021,morti,49
017080,Gottolengo,2022,morti,55
017080,Gottolengo,2023,morti,56
017080,Gottolengo,2024,morti,49
017080,Gottolengo,2019,nati,38
017080,Gottolengo,2020,nati,32
017080,Gottolengo,2021,nati,38
017080,Gottolengo,2022,nati,38
017080,Gottolengo,2023,nati,39
017080,Gottolengo,2024,nati,41
017080,Gottolengo,2019,popolazione_censita,5042
017080,Gottolengo,2020,popolazione_censita,4959
017080,Gottolengo,2021,popolazione_censita,4957
017080,Gottolengo,2022,popolazione_censita,4975
017080,Gottolengo,2023,popolazione_censita,5020
017080,Gottolengo,2024,popolazione_censita,5027
017080,Gottolengo,2019,popolazione_fine,5056
017080,Gottolengo,2020,popolazione_fine,4951
017080,Gottolengo,2021,popolazione_fine,4951
017080,Gottolengo,2022,popolazione_fine,4970
017080,Gottolengo,2023,popolazione_fine,5013
017080,Gottolengo,2024,popolazione_fine,5026
017080,Gottolengo,2019,popolazione_inizio,5079
017080,Gottolengo,2020,popolazione_inizio,5042
017080,Gottolengo,2021,popolazione_inizio,4959
017080,Gottolengo,2022,popolazione_inizio,4957
017080,Gottolengo,2023,popolazione_inizio,4975
017080,Gottolengo,2024,popolazione_inizio,5020
017080,Gottolengo,2019,variazioni_territoriali,0
017080,Gottolengo,2020,variazioni_territoriali,0
017080,Gottolengo,2021,variazioni_territoriali,0
017080,Gottolengo,2022,variazioni_territoriali,0
017080,Gottolengo,2023,variazioni_territoriali,0
017080,Gottolengo,2024,variazioni_territoriali,0
017081,Gussago,2019,aggiustamento_statistico,-13
017081,Gussago,2020,aggiustamento_statistico,66
017081,Gussago,2021,aggiustamento_statistico,-24
017081,Gussago,2022,aggiustamento_statistico,22
017081,Gussago,2023,aggiustamento_statistico,-3
017081,Gussago,2024,aggiustamento_statistico,5
017081,Gussago,2019,emigrati_estero,73
017081,Gussago,2020,emigrati_estero,48
017081,Gussago,2021,emigrati_estero,38
017081,Gussago,2022,emigrati_estero,28
017081,Gussago,2023,emigrati_estero,50
017081,Gussago,2024,emigrati_estero,37
017081,Gussago,2019,emigrati_interni,523
017081,Gussago,2020,emigrati_interni,498
017081,Gussago,2021,emigrati_interni,508
017081,Gussago,2022,emigrati_interni,444
017081,Gussago,2023,emigrati_interni,470
017081,Gussago,2024,emigrati_interni,463
017081,Gussago,2019,immigrati_estero,69
017081,Gussago,2020,immigrati_estero,49
017081,Gussago,2021,immigrati_estero,72
017081,Gussago,2022,immigrati_estero,93
017081,Gussago,2023,immigrati_estero,106
017081,Gussago,2024,immigrati_estero,110
017081,Gussago,2019,immigrati_interni,541
017081,Gussago,2020,immigrati_interni,496
017081,Gussago,2021,immigrati_interni,512
017081,Gussago,2022,immigrati_interni,541
017081,Gussago,2023,immigrati_interni,525
017081,Gussago,2024,immigrati_interni,513
017081,Gussago,2019,morti,160
017081,Gussago,2020,morti,220
017081,Gussago,2021,morti,174
017081,Gussago,2022,morti,144
017081,Gussago,2023,morti,175
017081,Gussago,2024,morti,142
017081,Gussago,2019,nati,102
017081,Gussago,2020,nati,109
017081,Gussago,2021,nati,111
017081,Gussago,2022,nati,89
017081,Gussago,2023,nati,100
017081,Gussago,2024,nati,105
017081,Gussago,2019,popolazione_censita,16534
017081,Gussago,2020,popolazione_censita,16488
017081,Gussago,2021,popolazione_censita,16439
017081,Gussago,2022,popolazione_censita,16568
017081,Gussago,2023,popolazione_censita,16601
017081,Gussago,2024,popolazione_censita,16692
017081,Gussago,2019,popolazione_fine,16547
017081,Gussago,2020,popolazione_fine,16422
017081,Gussago,2021,popolazione_fine,16463
017081,Gussago,2022,popolazione_fine,16546
017081,Gussago,2023,popolazione_fine,16604
017081,Gussago,2024,popolazione_fine,16687
017081,Gussago,2019,popolazione_inizio,16591
017081,Gussago,2020,popolazione_inizio,16534
017081,Gussago,2021,popolazione_inizio,16488
017081,Gussago,2022,popolazione_inizio,16439
017081,Gussago,2023,popolazione_inizio,16568
017081,Gussago,2024,popolazione_inizio,16601
017081,Gussago,2019,variazioni_territoriali,0
017081,Gussago,2020,variazioni_territoriali,0
017081,Gussago,2021,variazioni_territoriali,0
017081,Gussago,2022,variazioni_territoriali,0
017081,Gussago,2023,variazioni_territoriali,0
017081,Gussago,2024,variazioni_territoriali,0
017082,Idro,2019,aggiustamento_statistico,2
017082,Idro,2020,aggiustamento_statistico,-12
017082,Idro,2021,aggiustamento_statistico,10
017082,Idro,2022,aggiustamento_statistico,-1
017082,Idro,2023,aggiustamento_statistico,6
017082,Idro,2024,aggiustamento_statistico,1
017082,Idro,2019,emigrati_estero,4
017082,Idro,2020,emigrati_estero,2
017082,Idro,2021,emigrati_estero,6
017082,Idro,2022,emigrati_estero,4
017082,Idro,2023,emigrati_estero,3
017082,Idro,2024,emigrati_estero,3
017082,Idro,2019,emigrati_interni,32
017082,Idro,2020,emigrati_interni,36
017082,Idro,2021,emigrati_interni,43
017082,Idro,2022,emigrati_interni,30
017082,Idro,2023,emigrati_interni,58
017082,Idro,2024,emigrati_interni,32
017082,Idro,2019,immigrati_estero,12
017082,Idro,2020,immigrati_estero,2
017082,Idro,2021,immigrati_estero,2
017082,Idro,2022,immigrati_estero,4
017082,Idro,2023,immigrati_estero,5
017082,Idro,2024,immigrati_estero,7
017082,Idro,2019,immigrati_interni,62
017082,Idro,2020,immigrati_interni,40
017082,Idro,2021,immigrati_interni,38
017082,Idro,2022,immigrati_interni,38
017082,Idro,2023,immigrati_interni,50
017082,Idro,2024,immigrati_interni,35
017082,Idro,2019,morti,15
017082,Idro,2020,morti,19
017082,Idro,2021,morti,22
017082,Idro,2022,morti,17
017082,Idro,2023,morti,18
017082,Idro,2024,morti,19
017082,Idro,2019,nati,15
017082,Idro,2020,nati,6
017082,Idro,2021,nati,16
017082,Idro,2022,nati,16
017082,Idro,2023,nati,10
017082,Idro,2024,nati,11
017082,Idro,2019,popolazione_censita,1899
017082,Idro,2020,popolazione_censita,1878
017082,Idro,2021,popolazione_censita,1873
017082,Idro,2022,popolazione_censita,1879
017082,Idro,2023,popolazione_censita,1871
017082,Idro,2024,popolazione_censita,1871
017082,Idro,2019,popolazione_fine,1897
017082,Idro,2020,popolazione_fine,1890
017082,Idro,2021,popolazione_fine,1863
017082,Idro,2022,popolazione_fine,1880
017082,Idro,2023,popolazione_fine,1865
017082,Idro,2024,popolazione_fine,1870
017082,Idro,2019,popolazione_inizio,1859
017082,Idro,2020,popolazione_inizio,1899
017082,Idro,2021,popolazione_inizio,1878
017082,Idro,2022,popolazione_inizio,1873
017082,Idro,2023,popolazione_inizio,1879
017082,Idro,2024,popolazione_inizio,1871
017082,Idro,2019,variazioni_territoriali,0
017082,Idro,2020,variazioni_territoriali,0
017082,Idro,2021,variazioni_territoriali,0
017082,Idro,2022,variazioni_territoriali,0
017082,Idro,2023,variazioni_territoriali,0
017082,Idro,2024,variazioni_territoriali,0
017083,Incudine,2019,aggiustamento_statistico,1
017083,Incudine,2020,aggiustamento_statistico,0
017083,Incudine,2021,aggiustamento_statistico,0
017083,Incudine,2022,aggiustamento_statistico,0
017083,Incudine,2023,aggiustamento_statistico,0
017083,Incudine,2024,aggiustamento_statistico,0
017083,Incudine,2019,emigrati_estero,0
017083,Incudine,2020,emigrati_estero,0
017083,Incudine,2021,emigrati_estero,0
017083,Incudine,2022,emigrati_estero,1
017083,Incudine,2023,emigrati_estero,1
017083,Incudine,2024,emigrati_estero,0
017083,Incudine,2019,emigrati_interni,9
017083,Incudine,2020,emigrati_interni,13
017083,Incudine,2021,emigrati_interni,7
017083,Incudine,2022,emigrati_interni,5
017083,Incudine,2023,emigrati_interni,10
017083,Incudine,2024,emigrati_interni,7
017083,Incudine,2019,immigrati_estero,1
017083,Incudine,2020,immigrati_estero,1
017083,Incudine,2021,immigrati_estero,1
017083,Incudine,2022,immigrati_estero,0
017083,Incudine,2023,immigrati_estero,4
017083,Incudine,2024,immigrati_estero,0
017083,Incudine,2019,immigrati_interni,3
017083,Incudine,2020,immigrati_interni,5
017083,Incudine,2021,immigrati_interni,5
017083,Incudine,2022,immigrati_interni,7
017083,Incudine,2023,immigrati_interni,12
017083,Incudine,2024,immigrati_interni,7
017083,Incudine,2019,morti,7
017083,Incudine,2020,morti,8
017083,Incudine,2021,morti,4
017083,Incudine,2022,morti,4
017083,Incudine,2023,morti,6
017083,Incudine,2024,morti,4
017083,Incudine,2019,nati,2
017083,Incudine,2020,nati,2
017083,Incudine,2021,nati,4
017083,Incudine,2022,nati,1
017083,Incudine,2023,nati,4
017083,Incudine,2024,nati,2
017083,Incudine,2019,popolazione_censita,359
017083,Incudine,2020,popolazione_censita,346
017083,Incudine,2021,popolazione_censita,345
017083,Incudine,2022,popolazione_censita,343
017083,Incudine,2023,popolazione_censita,346
017083,Incudine,2024,popolazione_censita,344
017083,Incudine,2019,popolazione_fine,358
017083,Incudine,2020,popolazione_fine,346
017083,Incudine,2021,popolazione_fine,345
017083,Incudine,2022,popolazione_fine,343
017083,Incudine,2023,popolazione_fine,346
017083,Incudine,2024,popolazione_fine,344
017083,Incudine,2019,popolazione_inizio,368
017083,Incudine,2020,popolazione_inizio,359
017083,Incudine,2021,popolazione_inizio,346
017083,Incudine,2022,popolazione_inizio,345
017083,Incudine,2023,popolazione_inizio,343
017083,Incudine,2024,popolazione_inizio,346
017083,Incudine,2019,variazioni_territoriali,0
017083,Incudine,2020,variazioni_territoriali,0
017083,Incudine,2021,variazioni_territoriali,0
017083,Incudine,2022,variazioni_territoriali,0
017083,Incudine,2023,variazioni_territoriali,0
017083,Incudine,2024,variazioni_territoriali,0
017084,Irma,2019,aggiustamento_statistico,0
017084,Irma,2020,aggiustamento_statistico,0
017084,Irma,2021,aggiustamento_statistico,0
017084,Irma,2022,aggiustamento_statistico,0
017084,Irma,2023,aggiustamento_statistico,0
017084,Irma,2024,aggiustamento_statistico,0
017084,Irma,2019,emigrati_estero,0
017084,Irma,2020,emigrati_estero,0
017084,Irma,2021,emigrati_estero,0
017084,Irma,2022,emigrati_estero,1
017084,Irma,2023,emigrati_estero,0
017084,Irma,2024,emigrati_estero,0
017084,Irma,2019,emigrati_interni,0
017084,Irma,2020,emigrati_interni,3
017084,Irma,2021,emigrati_interni,2
017084,Irma,2022,emigrati_interni,2
017084,Irma,2023,emigrati_interni,3
017084,Irma,2024,emigrati_interni,1
017084,Irma,2019,immigrati_estero,0
017084,Irma,2020,immigrati_estero,0
017084,Irma,2021,immigrati_estero,0
017084,Irma,2022,immigrati_estero,0
017084,Irma,2023,immigrati_estero,0
017084,Irma,2024,immigrati_estero,0
017084,Irma,2019,immigrati_interni,1
017084,Irma,2020,immigrati_interni,7
017084,Irma,2021,immigrati_interni,6
017084,Irma,2022,immigrati_interni,0
017084,Irma,2023,immigrati_interni,0
017084,Irma,2024,immigrati_interni,3
017084,Irma,2019,morti,1
017084,Irma,2020,morti,1
017084,Irma,2021,morti,1
017084,Irma,2022,morti,3
017084,Irma,2023,morti,0
017084,Irma,2024,morti,2
017084,Irma,2019,nati,0
017084,Irma,2020,nati,1
017084,Irma,2021,nati,1
017084,Irma,2022,nati,2
017084,Irma,2023,nati,0
017084,Irma,2024,nati,2
017084,Irma,2019,popolazione_censita,128
017084,Irma,2020,popolazione_censita,132
017084,Irma,2021,popolazione_censita,136
017084,Irma,2022,popolazione_censita,132
017084,Irma,2023,popolazione_censita,129
017084,Irma,2024,popolazione_censita,131
017084,Irma,2019,popolazione_fine,128
017084,Irma,2020,popolazione_fine,132
017084,Irma,2021,popolazione_fine,136
017084,Irma,2022,popolazione_fine,132
017084,Irma,2023,popolazione_fine,129
017084,Irma,2024,popolazione_fine,131
017084,Irma,2019,popolazione_inizio,128
017084,Irma,2020,popolazione_inizio,128
017084,Irma,2021,popolazione_inizio,132
017084,Irma,2022,popolazione_inizio,136
017084,Irma,2023,popolazione_inizio,132
017084,Irma,2024,popolazione_inizio,129
017084,Irma,2019,variazioni_territoriali,0
017084,Irma,2020,variazioni_territoriali,0
017084,Irma,2021,variazioni_territoriali,0
017084,Irma,2022,variazioni_territoriali,0
017084,Irma,2023,variazioni_territoriali,0
017084,Irma,2024,variazioni_territoriali,0
017085,Iseo,2019,aggiustamento_statistico,2
017085,Iseo,2020,aggiustamento_statistico,10
017085,Iseo,2021,aggiustamento_statistico,-17
017085,Iseo,2022,aggiustamento_statistico,9
017085,Iseo,2023,aggiustamento_statistico,3
017085,Iseo,2024,aggiustamento_statistico,5
017085,Iseo,2019,emigrati_estero,34
017085,Iseo,2020,emigrati_estero,56
017085,Iseo,2021,emigrati_estero,40
017085,Iseo,2022,emigrati_estero,19
017085,Iseo,2023,emigrati_estero,48
017085,Iseo,2024,emigrati_estero,69
017085,Iseo,2019,emigrati_interni,269
017085,Iseo,2020,emigrati_interni,260
017085,Iseo,2021,emigrati_interni,286
017085,Iseo,2022,emigrati_interni,258
017085,Iseo,2023,emigrati_interni,284
017085,Iseo,2024,emigrati_interni,240
017085,Iseo,2019,immigrati_estero,44
017085,Iseo,2020,immigrati_estero,31
017085,Iseo,2021,immigrati_estero,36
017085,Iseo,2022,immigrati_estero,52
017085,Iseo,2023,immigrati_estero,73
017085,Iseo,2024,immigrati_estero,46
017085,Iseo,2019,immigrati_interni,282
017085,Iseo,2020,immigrati_interni,237
017085,Iseo,2021,immigrati_interni,298
017085,Iseo,2022,immigrati_interni,325
017085,Iseo,2023,immigrati_interni,287
017085,Iseo,2024,immigrati_interni,349
017085,Iseo,2019,morti,102
017085,Iseo,2020,morti,140
017085,Iseo,2021,morti,114
017085,Iseo,2022,morti,106
017085,Iseo,2023,morti,105
017085,Iseo,2024,morti,116
017085,Iseo,2019,nati,69
017085,Iseo,2020,nati,63
017085,Iseo,2021,nati,53
017085,Iseo,2022,nati,65
017085,Iseo,2023,nati,49
017085,Iseo,2024,nati,37
017085,Iseo,2019,popolazione_censita,9109
017085,Iseo,2020,popolazione_censita,8994
017085,Iseo,2021,popolazione_censita,8924
017085,Iseo,2022,popolazione_censita,8992
017085,Iseo,2023,popolazione_censita,8967
017085,Iseo,2024,popolazione_censita,8979
017085,Iseo,2019,popolazione_fine,9107
017085,Iseo,2020,popolazione_fine,8984
017085,Iseo,2021,popolazione_fine,8941
017085,Iseo,2022,popolazione_fine,8983
017085,Iseo,2023,popolazione_fine,8964
017085,Iseo,2024,popolazione_fine,8974
017085,Iseo,2019,popolazione_inizio,9117
017085,Iseo,2020,popolazione_inizio,9109
017085,Iseo,2021,popolazione_inizio,8994
017085,Iseo,2022,popolazione_inizio,8924
017085,Iseo,2023,popolazione_inizio,8992
017085,Iseo,2024,popolazione_inizio,8967
017085,Iseo,2019,variazioni_territoriali,0
017085,Iseo,2020,variazioni_territoriali,0
017085,Iseo,2021,variazioni_territoriali,0
017085,Iseo,2022,variazioni_territoriali,0
017085,Iseo,2023,variazioni_territoriali,0
017085,Iseo,2024,variazioni_territoriali,0
017086,Isorella,2019,aggiustamento_statistico,-5
017086,Isorella,2020,aggiustamento_statistico,-2
017086,Isorella,2021,aggiustamento_statistico,0
017086,Isorella,2022,aggiustamento_statistico,-12
017086,Isorella,2023,aggiustamento_statistico,9
017086,Isorella,2024,aggiustamento_statistico,9
017086,Isorella,2019,emigrati_estero,31
017086,Isorella,2020,emigrati_estero,14
017086,Isorella,2021,emigrati_estero,17
017086,Isorella,2022,emigrati_estero,10
017086,Isorella,2023,emigrati_estero,7
017086,Isorella,2024,emigrati_estero,8
017086,Isorella,2019,emigrati_interni,72
017086,Isorella,2020,emigrati_interni,80
017086,Isorella,2021,emigrati_interni,78
017086,Isorella,2022,emigrati_interni,90
017086,Isorella,2023,emigrati_interni,95
017086,Isorella,2024,emigrati_interni,110
017086,Isorella,2019,immigrati_estero,22
017086,Isorella,2020,immigrati_estero,14
017086,Isorella,2021,immigrati_estero,17
017086,Isorella,2022,immigrati_estero,33
017086,Isorella,2023,immigrati_estero,23
017086,Isorella,2024,immigrati_estero,27
017086,Isorella,2019,immigrati_interni,102
017086,Isorella,2020,immigrati_interni,104
017086,Isorella,2021,immigrati_interni,75
017086,Isorella,2022,immigrati_interni,92
017086,Isorella,2023,immigrati_interni,98
017086,Isorella,2024,immigrati_interni,118
017086,Isorella,2019,morti,35
017086,Isorella,2020,morti,55
017086,Isorella,2021,morti,35
017086,Isorella,2022,morti,40
017086,Isorella,2023,morti,44
017086,Isorella,2024,morti,34
017086,Isorella,2019,nati,28
017086,Isorella,2020,nati,30
017086,Isorella,2021,nati,27
017086,Isorella,2022,nati,23
017086,Isorella,2023,nati,28
017086,Isorella,2024,nati,28
017086,Isorella,2019,popolazione_censita,4078
017086,Isorella,2020,popolazione_censita,4075
017086,Isorella,2021,popolazione_censita,4064
017086,Isorella,2022,popolazione_censita,4060
017086,Isorella,2023,popolazione_censita,4072
017086,Isorella,2024,popolazione_censita,4102
017086,Isorella,2019,popolazione_fine,4083
017086,Isorella,2020,popolazione_fine,4077
017086,Isorella,2021,popolazione_fine,4064
017086,Isorella,2022,popolazione_fine,4072
017086,Isorella,2023,popolazione_fine,4063
017086,Isorella,2024,popolazione_fine,4093
017086,Isorella,2019,popolazione_inizio,4069
017086,Isorella,2020,popolazione_inizio,4078
017086,Isorella,2021,popolazione_inizio,4075
017086,Isorella,2022,popolazione_inizio,4064
017086,Isorella,2023,popolazione_inizio,4060
017086,Isorella,2024,popolazione_inizio,4072
017086,Isorella,2019,variazioni_territoriali,0
017086,Isorella,2020,variazioni_territoriali,0
017086,Isorella,2021,variazioni_territoriali,0
017086,Isorella,2022,variazioni_territoriali,0
017086,Isorella,2023,variazioni_territoriali,0
017086,Isorella,2024,variazioni_territoriali,0
017087,Lavenone,2019,aggiustamento_statistico,-2
017087,Lavenone,2020,aggiustamento_statistico,5
017087,Lavenone,2021,aggiustamento_statistico,1
017087,Lavenone,2022,aggiustamento_statistico,1
017087,Lavenone,2023,aggiustamento_statistico,2
017087,Lavenone,2024,aggiustamento_statistico,1
017087,Lavenone,2019,emigrati_estero,3
017087,Lavenone,2020,emigrati_estero,0
017087,Lavenone,2021,emigrati_estero,1
017087,Lavenone,2022,emigrati_estero,1
017087,Lavenone,2023,emigrati_estero,0
017087,Lavenone,2024,emigrati_estero,3
017087,Lavenone,2019,emigrati_interni,11
017087,Lavenone,2020,emigrati_interni,30
017087,Lavenone,2021,emigrati_interni,12
017087,Lavenone,2022,emigrati_interni,23
017087,Lavenone,2023,emigrati_interni,18
017087,Lavenone,2024,emigrati_interni,5
017087,Lavenone,2019,immigrati_estero,6
017087,Lavenone,2020,immigrati_estero,2
017087,Lavenone,2021,immigrati_estero,4
017087,Lavenone,2022,immigrati_estero,7
017087,Lavenone,2023,immigrati_estero,0
017087,Lavenone,2024,immigrati_estero,2
017087,Lavenone,2019,immigrati_interni,13
017087,Lavenone,2020,immigrati_interni,14
017087,Lavenone,2021,immigrati_interni,12
017087,Lavenone,2022,immigrati_interni,17
017087,Lavenone,2023,immigrati_interni,28
017087,Lavenone,2024,immigrati_interni,21
017087,Lavenone,2019,morti,6
017087,Lavenone,2020,morti,16
017087,Lavenone,2021,morti,5
017087,Lavenone,2022,morti,7
017087,Lavenone,2023,morti,6
017087,Lavenone,2024,morti,7
017087,Lavenone,2019,nati,1
017087,Lavenone,2020,nati,1
017087,Lavenone,2021,nati,1
017087,Lavenone,2022,nati,6
017087,Lavenone,2023,nati,4
017087,Lavenone,2024,nati,1
017087,Lavenone,2019,popolazione_censita,510
017087,Lavenone,2020,popolazione_censita,486
017087,Lavenone,2021,popolazione_censita,486
017087,Lavenone,2022,popolazione_censita,486
017087,Lavenone,2023,popolazione_censita,496
017087,Lavenone,2024,popolazione_censita,506
017087,Lavenone,2019,popolazione_fine,512
017087,Lavenone,2020,popolazione_fine,481
017087,Lavenone,2021,popolazione_fine,485
017087,Lavenone,2022,popolazione_fine,485
017087,Lavenone,2023,popolazione_fine,494
017087,Lavenone,2024,popolazione_fine,505
017087,Lavenone,2019,popolazione_inizio,512
017087,Lavenone,2020,popolazione_inizio,510
017087,Lavenone,2021,popolazione_inizio,486
017087,Lavenone,2022,popolazione_inizio,486
017087,Lavenone,2023,popolazione_inizio,486
017087,Lavenone,2024,popolazione_inizio,496
017087,Lavenone,2019,variazioni_territoriali,0
017087,Lavenone,2020,variazioni_territoriali,0
017087,Lavenone,2021,variazioni_territoriali,0
017087,Lavenone,2022,variazioni_territoriali,0
017087,Lavenone,2023,variazioni_territoriali,0
017087,Lavenone,2024,variazioni_territoriali,0
017088,Leno,2019,aggiustamento_statistico,-1
017088,Leno,2020,aggiustamento_statistico,203
017088,Leno,2021,aggiustamento_statistico,-21
017088,Leno,2022,aggiustamento_statistico,12
017088,Leno,2023,aggiustamento_statistico,3
017088,Leno,2024,aggiustamento_statistico,-4
017088,Leno,2019,emigrati_estero,44
017088,Leno,2020,emigrati_estero,27
017088,Leno,2021,emigrati_estero,60
017088,Leno,2022,emigrati_estero,38
017088,Leno,2023,emigrati_estero,34
017088,Leno,2024,emigrati_estero,51
017088,Leno,2019,emigrati_interni,325
017088,Leno,2020,emigrati_interni,289
017088,Leno,2021,emigrati_interni,273
017088,Leno,2022,emigrati_interni,295
017088,Leno,2023,emigrati_interni,315
017088,Leno,2024,emigrati_interni,286
017088,Leno,2019,immigrati_estero,92
017088,Leno,2020,immigrati_estero,51
017088,Leno,2021,immigrati_estero,79
017088,Leno,2022,immigrati_estero,94
017088,Leno,2023,immigrati_estero,90
017088,Leno,2024,immigrati_estero,102
017088,Leno,2019,immigrati_interni,277
017088,Leno,2020,immigrati_interni,317
017088,Leno,2021,immigrati_interni,358
017088,Leno,2022,immigrati_interni,347
017088,Leno,2023,immigrati_interni,312
017088,Leno,2024,immigrati_interni,282
017088,Leno,2019,morti,92
017088,Leno,2020,morti,151
017088,Leno,2021,morti,130
017088,Leno,2022,morti,104
017088,Leno,2023,morti,124
017088,Leno,2024,morti,131
017088,Leno,2019,nati,115
017088,Leno,2020,nati,111
017088,Leno,2021,nati,103
017088,Leno,2022,nati,124
017088,Leno,2023,nati,90
017088,Leno,2024,nati,93
017088,Leno,2019,popolazione_censita,13972
017088,Leno,2020,popolazione_censita,14187
017088,Leno,2021,popolazione_censita,14243
017088,Leno,2022,popolazione_censita,14383
017088,Leno,2023,popolazione_censita,14405
017088,Leno,2024,popolazione_censita,14410
017088,Leno,2019,popolazione_fine,13973
017088,Leno,2020,popolazione_fine,13984
017088,Leno,2021,popolazione_fine,14264
017088,Leno,2022,popolazione_fine,14371
017088,Leno,2023,popolazione_fine,14402
017088,Leno,2024,popolazione_fine,14414
017088,Leno,2019,popolazione_inizio,13950
017088,Leno,2020,popolazione_inizio,13972
017088,Leno,2021,popolazione_inizio,14187
017088,Leno,2022,popolazione_inizio,14243
017088,Leno,2023,popolazione_inizio,14383
017088,Leno,2024,popolazione_inizio,14405
017088,Leno,2019,variazioni_territoriali,0
017088,Leno,2020,variazioni_territoriali,0
017088,Leno,2021,variazioni_territoriali,0
017088,Leno,2022,variazioni_territoriali,0
017088,Leno,2023,variazioni_territoriali,0
017088,Leno,2024,variazioni_territoriali,0
017089,Limone sul Garda,2019,aggiustamento_statistico,1
017089,Limone sul Garda,2020,aggiustamento_statistico,27
017089,Limone sul Garda,2021,aggiustamento_statistico,-25
017089,Limone sul Garda,2022,aggiustamento_statistico,0
017089,Limone sul Garda,2023,aggiustamento_statistico,14
017089,Limone sul Garda,2024,aggiustamento_statistico,-4
017089,Limone sul Garda,2019,emigrati_estero,1
017089,Limone sul Garda,2020,emigrati_estero,6
017089,Limone sul Garda,2021,emigrati_estero,5
017089,Limone sul Garda,2022,emigrati_estero,1
017089,Limone sul Garda,2023,emigrati_estero,5
017089,Limone sul Garda,2024,emigrati_estero,5
017089,Limone sul Garda,2019,emigrati_interni,26
017089,Limone sul Garda,2020,emigrati_interni,19
017089,Limone sul Garda,2021,emigrati_interni,24
017089,Limone sul Garda,2022,emigrati_interni,32
017089,Limone sul Garda,2023,emigrati_interni,43
017089,Limone sul Garda,2024,emigrati_interni,19
017089,Limone sul Garda,2019,immigrati_estero,4
017089,Limone sul Garda,2020,immigrati_estero,4
017089,Limone sul Garda,2021,immigrati_estero,4
017089,Limone sul Garda,2022,immigrati_estero,4
017089,Limone sul Garda,2023,immigrati_estero,6
017089,Limone sul Garda,2024,immigrati_estero,7
017089,Limone sul Garda,2019,immigrati_interni,23
017089,Limone sul Garda,2020,immigrati_interni,23
017089,Limone sul Garda,2021,immigrati_interni,29
017089,Limone sul Garda,2022,immigrati_interni,19
017089,Limone sul Garda,2023,immigrati_interni,14
017089,Limone sul Garda,2024,immigrati_interni,26
017089,Limone sul Garda,2019,morti,17
017089,Limone sul Garda,2020,morti,11
017089,Limone sul Garda,2021,morti,9
017089,Limone sul Garda,2022,morti,8
017089,Limone sul Garda,2023,morti,10
017089,Limone sul Garda,2024,morti,15
017089,Limone sul Garda,2019,nati,5
017089,Limone sul Garda,2020,nati,5
017089,Limone sul Garda,2021,nati,7
017089,Limone sul Garda,2022,nati,4
017089,Limone sul Garda,2023,nati,5
017089,Limone sul Garda,2024,nati,5
017089,Limone sul Garda,2019,popolazione_censita,1141
017089,Limone sul Garda,2020,popolazione_censita,1164
017089,Limone sul Garda,2021,popolazione_censita,1141
017089,Limone sul Garda,2022,popolazione_censita,1127
017089,Limone sul Garda,2023,popolazione_censita,1108
017089,Limone sul Garda,2024,popolazione_censita,1103
017089,Limone sul Garda,2019,popolazione_fine,1140
017089,Limone sul Garda,2020,popolazione_fine,1137
017089,Limone sul Garda,2021,popolazione_fine,1166
017089,Limone sul Garda,2022,popolazione_fine,1127
017089,Limone sul Garda,2023,popolazione_fine,1094
017089,Limone sul Garda,2024,popolazione_fine,1107
017089,Limone sul Garda,2019,popolazione_inizio,1152
017089,Limone sul Garda,2020,popolazione_inizio,1141
017089,Limone sul Garda,2021,popolazione_inizio,1164
017089,Limone sul Garda,2022,popolazione_inizio,1141
017089,Limone sul Garda,2023,popolazione_inizio,1127
017089,Limone sul Garda,2024,popolazione_inizio,1108
017089,Limone sul Garda,2019,variazioni_territoriali,0
017089,Limone sul Garda,2020,variazioni_territoriali,0
017089,Limone sul Garda,2021,variazioni_territoriali,0
017089,Limone sul Garda,2022,variazioni_territoriali,0
017089,Limone sul Garda,2023,variazioni_territoriali,0
017089,Limone sul Garda,2024,variazioni_territoriali,0
017090,Lodrino,2019,aggiustamento_statistico,-27
017090,Lodrino,2020,aggiustamento_statistico,1
017090,Lodrino,2021,aggiustamento_statistico,0
017090,Lodrino,2022,aggiustamento_statistico,1
017090,Lodrino,2023,aggiustamento_statistico,5
017090,Lodrino,2024,aggiustamento_statistico,-8
017090,Lodrino,2019,emigrati_estero,0
017090,Lodrino,2020,emigrati_estero,1
017090,Lodrino,2021,emigrati_estero,5
017090,Lodrino,2022,emigrati_estero,8
017090,Lodrino,2023,emigrati_estero,3
017090,Lodrino,2024,emigrati_estero,1
017090,Lodrino,2019,emigrati_interni,31
017090,Lodrino,2020,emigrati_interni,36
017090,Lodrino,2021,emigrati_interni,40
017090,Lodrino,2022,emigrati_interni,43
017090,Lodrino,2023,emigrati_interni,34
017090,Lodrino,2024,emigrati_interni,45
017090,Lodrino,2019,immigrati_estero,7
017090,Lodrino,2020,immigrati_estero,2
017090,Lodrino,2021,immigrati_estero,6
017090,Lodrino,2022,immigrati_estero,5
017090,Lodrino,2023,immigrati_estero,6
017090,Lodrino,2024,immigrati_estero,10
017090,Lodrino,2019,immigrati_interni,31
017090,Lodrino,2020,immigrati_interni,38
017090,Lodrino,2021,immigrati_interni,40
017090,Lodrino,2022,immigrati_interni,42
017090,Lodrino,2023,immigrati_interni,48
017090,Lodrino,2024,immigrati_interni,46
017090,Lodrino,2019,morti,19
017090,Lodrino,2020,morti,29
017090,Lodrino,2021,morti,18
017090,Lodrino,2022,morti,13
017090,Lodrino,2023,morti,11
017090,Lodrino,2024,morti,17
017090,Lodrino,2019,nati,10
017090,Lodrino,2020,nati,11
017090,Lodrino,2021,nati,10
017090,Lodrino,2022,nati,9
017090,Lodrino,2023,nati,8
017090,Lodrino,2024,nati,9
017090,Lodrino,2019,popolazione_censita,1645
017090,Lodrino,2020,popolazione_censita,1631
017090,Lodrino,2021,popolazione_censita,1624
017090,Lodrino,2022,popolazione_censita,1617
017090,Lodrino,2023,popolazione_censita,1636
017090,Lodrino,2024,popolazione_censita,1630
017090,Lodrino,2019,popolazione_fine,1672
017090,Lodrino,2020,popolazione_fine,1630
017090,Lodrino,2021,popolazione_fine,1624
017090,Lodrino,2022,popolazione_fine,1616
017090,Lodrino,2023,popolazione_fine,1631
017090,Lodrino,2024,popolazione_fine,1638
017090,Lodrino,2019,popolazione_inizio,1674
017090,Lodrino,2020,popolazione_inizio,1645
017090,Lodrino,2021,popolazione_inizio,1631
017090,Lodrino,2022,popolazione_inizio,1624
017090,Lodrino,2023,popolazione_inizio,1617
017090,Lodrino,2024,popolazione_inizio,1636
017090,Lodrino,2019,variazioni_territoriali,0
017090,Lodrino,2020,variazioni_territoriali,0
017090,Lodrino,2021,variazioni_territoriali,0
017090,Lodrino,2022,variazioni_territoriali,0
017090,Lodrino,2023,variazioni_territoriali,0
017090,Lodrino,2024,variazioni_territoriali,0
017091,Lograto,2019,aggiustamento_statistico,-28
017091,Lograto,2020,aggiustamento_statistico,41
017091,Lograto,2021,aggiustamento_statistico,0
017091,Lograto,2022,aggiustamento_statistico,-12
017091,Lograto,2023,aggiustamento_statistico,-7
017091,Lograto,2024,aggiustamento_statistico,1
017091,Lograto,2019,emigrati_estero,7
017091,Lograto,2020,emigrati_estero,10
017091,Lograto,2021,emigrati_estero,10
017091,Lograto,2022,emigrati_estero,29
017091,Lograto,2023,emigrati_estero,13
017091,Lograto,2024,emigrati_estero,11
017091,Lograto,2019,emigrati_interni,116
017091,Lograto,2020,emigrati_interni,106
017091,Lograto,2021,emigrati_interni,123
017091,Lograto,2022,emigrati_interni,155
017091,Lograto,2023,emigrati_interni,103
017091,Lograto,2024,emigrati_interni,100
017091,Lograto,2019,immigrati_estero,26
017091,Lograto,2020,immigrati_estero,20
017091,Lograto,2021,immigrati_estero,14
017091,Lograto,2022,immigrati_estero,28
017091,Lograto,2023,immigrati_estero,39
017091,Lograto,2024,immigrati_estero,25
017091,Lograto,2019,immigrati_interni,145
017091,Lograto,2020,immigrati_interni,96
017091,Lograto,2021,immigrati_interni,135
017091,Lograto,2022,immigrati_interni,137
017091,Lograto,2023,immigrati_interni,119
017091,Lograto,2024,immigrati_interni,124
017091,Lograto,2019,morti,22
017091,Lograto,2020,morti,46
017091,Lograto,2021,morti,32
017091,Lograto,2022,morti,30
017091,Lograto,2023,morti,27
017091,Lograto,2024,morti,27
017091,Lograto,2019,nati,33
017091,Lograto,2020,nati,26
017091,Lograto,2021,nati,25
017091,Lograto,2022,nati,20
017091,Lograto,2023,nati,27
017091,Lograto,2024,nati,24
017091,Lograto,2019,popolazione_censita,3774
017091,Lograto,2020,popolazione_censita,3795
017091,Lograto,2021,popolazione_censita,3804
017091,Lograto,2022,popolazione_censita,3763
017091,Lograto,2023,popolazione_censita,3798
017091,Lograto,2024,popolazione_censita,3834
017091,Lograto,2019,popolazione_fine,3802
017091,Lograto,2020,popolazione_fine,3754
017091,Lograto,2021,popolazione_fine,3804
017091,Lograto,2022,popolazione_fine,3775
017091,Lograto,2023,popolazione_fine,3805
017091,Lograto,2024,popolazione_fine,3833
017091,Lograto,2019,popolazione_inizio,3743
017091,Lograto,2020,popolazione_inizio,3774
017091,Lograto,2021,popolazione_inizio,3795
017091,Lograto,2022,popolazione_inizio,3804
017091,Lograto,2023,popolazione_inizio,3763
017091,Lograto,2024,popolazione_inizio,3798
017091,Lograto,2019,variazioni_territoriali,0
017091,Lograto,2020,variazioni_territoriali,0
017091,Lograto,2021,variazioni_territoriali,0
017091,Lograto,2022,variazioni_territoriali,0
017091,Lograto,2023,variazioni_territoriali,0
017091,Lograto,2024,variazioni_territoriali,0
017092,Lonato del Garda,2019,aggiustamento_statistico,-60
017092,Lonato del Garda,2020,aggiustamento_statistico,165
017092,Lonato del Garda,2021,aggiustamento_statistico,-91
017092,Lonato del Garda,2022,aggiustamento_statistico,-16
017092,Lonato del Garda,2023,aggiustamento_statistico,-31
017092,Lonato del Garda,2024,aggiustamento_statistico,-16
017092,Lonato del Garda,2019,emigrati_estero,78
017092,Lonato del Garda,2020,emigrati_estero,81
017092,Lonato del Garda,2021,emigrati_estero,49
017092,Lonato del Garda,2022,emigrati_estero,76
017092,Lonato del Garda,2023,emigrati_estero,47
017092,Lonato del Garda,2024,emigrati_estero,89
017092,Lonato del Garda,2019,emigrati_interni,585
017092,Lonato del Garda,2020,emigrati_interni,559
017092,Lonato del Garda,2021,emigrati_interni,590
017092,Lonato del Garda,2022,emigrati_interni,595
017092,Lonato del Garda,2023,emigrati_interni,567
017092,Lonato del Garda,2024,emigrati_interni,544
017092,Lonato del Garda,2019,immigrati_estero,147
017092,Lonato del Garda,2020,immigrati_estero,87
017092,Lonato del Garda,2021,immigrati_estero,88
017092,Lonato del Garda,2022,immigrati_estero,122
017092,Lonato del Garda,2023,immigrati_estero,141
017092,Lonato del Garda,2024,immigrati_estero,156
017092,Lonato del Garda,2019,immigrati_interni,705
017092,Lonato del Garda,2020,immigrati_interni,652
017092,Lonato del Garda,2021,immigrati_interni,675
017092,Lonato del Garda,2022,immigrati_interni,686
017092,Lonato del Garda,2023,immigrati_interni,593
017092,Lonato del Garda,2024,immigrati_interni,594
017092,Lonato del Garda,2019,morti,153
017092,Lonato del Garda,2020,morti,188
017092,Lonato del Garda,2021,morti,158
017092,Lonato del Garda,2022,morti,155
017092,Lonato del Garda,2023,morti,148
017092,Lonato del Garda,2024,morti,130
017092,Lonato del Garda,2019,nati,148
017092,Lonato del Garda,2020,nati,123
017092,Lonato del Garda,2021,nati,131
017092,Lonato del Garda,2022,nati,134
017092,Lonato del Garda,2023,nati,106
017092,Lonato del Garda,2024,nati,117
017092,Lonato del Garda,2019,popolazione_censita,16622
017092,Lonato del Garda,2020,popolazione_censita,16821
017092,Lonato del Garda,2021,popolazione_censita,16827
017092,Lonato del Garda,2022,popolazione_censita,16927
017092,Lonato del Garda,2023,popolazione_censita,16974
017092,Lonato del Garda,2024,popolazione_censita,17062
017092,Lonato del Garda,2019,popolazione_fine,16682
017092,Lonato del Garda,2020,popolazione_fine,16656
017092,Lonato del Garda,2021,popolazione_fine,16918
017092,Lonato del Garda,2022,popolazione_fine,16943
017092,Lonato del Garda,2023,popolazione_fine,17005
017092,Lonato del Garda,2024,popolazione_fine,17078
017092,Lonato del Garda,2019,popolazione_inizio,16498
017092,Lonato del Garda,2020,popolazione_inizio,16622
017092,Lonato del Garda,2021,popolazione_inizio,16821
017092,Lonato del Garda,2022,popolazione_inizio,16827
017092,Lonato del Garda,2023,popolazione_inizio,16927
017092,Lonato del Garda,2024,popolazione_inizio,16974
017092,Lonato del Garda,2019,variazioni_territoriali,0
017092,Lonato del Garda,2020,variazioni_territoriali,0
017092,Lonato del Garda,2021,variazioni_territoriali,0
017092,Lonato del Garda,2022,variazioni_territoriali,0
017092,Lonato del Garda,2023,variazioni_territoriali,0
017092,Lonato del Garda,2024,variazioni_territoriali,0
017093,Longhena,2019,aggiustamento_statistico,-5
017093,Longhena,2020,aggiustamento_statistico,-3
017093,Longhena,2021,aggiustamento_statistico,0
017093,Longhena,2022,aggiustamento_statistico,0
017093,Longhena,2023,aggiustamento_statistico,0
017093,Longhena,2024,aggiustamento_statistico,2
017093,Longhena,2019,emigrati_estero,0
017093,Longhena,2020,emigrati_estero,0
017093,Longhena,2021,emigrati_estero,3
017093,Longhena,2022,emigrati_estero,0
017093,Longhena,2023,emigrati_estero,0
017093,Longhena,2024,emigrati_estero,2
017093,Longhena,2019,emigrati_interni,25
017093,Longhena,2020,emigrati_interni,11
017093,Longhena,2021,emigrati_interni,11
017093,Longhena,2022,emigrati_interni,19
017093,Longhena,2023,emigrati_interni,22
017093,Longhena,2024,emigrati_interni,17
017093,Longhena,2019,immigrati_estero,0
017093,Longhena,2020,immigrati_estero,0
017093,Longhena,2021,immigrati_estero,1
017093,Longhena,2022,immigrati_estero,2
017093,Longhena,2023,immigrati_estero,2
017093,Longhena,2024,immigrati_estero,0
017093,Longhena,2019,immigrati_interni,18
017093,Longhena,2020,immigrati_interni,22
017093,Longhena,2021,immigrati_interni,13
017093,Longhena,2022,immigrati_interni,11
017093,Longhena,2023,immigrati_interni,38
017093,Longhena,2024,immigrati_interni,22
017093,Longhena,2019,morti,5
017093,Longhena,2020,morti,6
017093,Longhena,2021,morti,5
017093,Longhena,2022,morti,7
017093,Longhena,2023,morti,6
017093,Longhena,2024,morti,5
017093,Longhena,2019,nati,1
017093,Longhena,2020,nati,3
017093,Longhena,2021,nati,3
017093,Longhena,2022,nati,2
017093,Longhena,2023,nati,2
017093,Longhena,2024,nati,0
017093,Longhena,2019,popolazione_censita,557
017093,Longhena,2020,popolazione_censita,562
017093,Longhena,2021,popolazione_censita,560
017093,Longhena,2022,popolazione_censita,549
017093,Longhena,2023,popolazione_censita,563
017093,Longhena,2024,popolazione_censita,563
017093,Longhena,2019,popolazione_fine,562
017093,Longhena,2020,popolazione_fine,565
017093,Longhena,2021,popolazione_fine,560
017093,Longhena,2022,popolazione_fine,549
017093,Longhena,2023,popolazione_fine,563
017093,Longhena,2024,popolazione_fine,561
017093,Longhena,2019,popolazione_inizio,573
017093,Longhena,2020,popolazione_inizio,557
017093,Longhena,2021,popolazione_inizio,562
017093,Longhena,2022,popolazione_inizio,560
017093,Longhena,2023,popolazione_inizio,549
017093,Longhena,2024,popolazione_inizio,563
017093,Longhena,2019,variazioni_territoriali,0
017093,Longhena,2020,variazioni_territoriali,0
017093,Longhena,2021,variazioni_territoriali,0
017093,Longhena,2022,variazioni_territoriali,0
017093,Longhena,2023,variazioni_territoriali,0
017093,Longhena,2024,variazioni_territoriali,0
017094,Losine,2019,aggiustamento_statistico,0
017094,Losine,2020,aggiustamento_statistico,-1
017094,Losine,2021,aggiustamento_statistico,-1
017094,Losine,2022,aggiustamento_statistico,0
017094,Losine,2023,aggiustamento_statistico,2
017094,Losine,2024,aggiustamento_statistico,1
017094,Losine,2019,emigrati_estero,4
017094,Losine,2020,emigrati_estero,0
017094,Losine,2021,emigrati_estero,0
017094,Losine,2022,emigrati_estero,1
017094,Losine,2023,emigrati_estero,1
017094,Losine,2024,emigrati_estero,15
017094,Losine,2019,emigrati_interni,16
017094,Losine,2020,emigrati_interni,19
017094,Losine,2021,emigrati_interni,16
017094,Losine,2022,emigrati_interni,30
017094,Losine,2023,emigrati_interni,32
017094,Losine,2024,emigrati_interni,33
017094,Losine,2019,immigrati_estero,4
017094,Losine,2020,immigrati_estero,0
017094,Losine,2021,immigrati_estero,1
017094,Losine,2022,immigrati_estero,1
017094,Losine,2023,immigrati_estero,7
017094,Losine,2024,immigrati_estero,17
017094,Losine,2019,immigrati_interni,29
017094,Losine,2020,immigrati_interni,22
017094,Losine,2021,immigrati_interni,34
017094,Losine,2022,immigrati_interni,36
017094,Losine,2023,immigrati_interni,29
017094,Losine,2024,immigrati_interni,30
017094,Losine,2019,morti,8
017094,Losine,2020,morti,8
017094,Losine,2021,morti,5
017094,Losine,2022,morti,8
017094,Losine,2023,morti,8
017094,Losine,2024,morti,10
017094,Losine,2019,nati,1
017094,Losine,2020,nati,2
017094,Losine,2021,nati,5
017094,Losine,2022,nati,2
017094,Losine,2023,nati,4
017094,Losine,2024,nati,6
017094,Losine,2019,popolazione_censita,611
017094,Losine,2020,popolazione_censita,607
017094,Losine,2021,popolazione_censita,625
017094,Losine,2022,popolazione_censita,625
017094,Losine,2023,popolazione_censita,626
017094,Losine,2024,popolazione_censita,622
017094,Losine,2019,popolazione_fine,611
017094,Losine,2020,popolazione_fine,608
017094,Losine,2021,popolazione_fine,626
017094,Losine,2022,popolazione_fine,625
017094,Losine,2023,popolazione_fine,624
017094,Losine,2024,popolazione_fine,621
017094,Losine,2019,popolazione_inizio,605
017094,Losine,2020,popolazione_inizio,611
017094,Losine,2021,popolazione_inizio,607
017094,Losine,2022,popolazione_inizio,625
017094,Losine,2023,popolazione_inizio,625
017094,Losine,2024,popolazione_inizio,626
017094,Losine,2019,variazioni_territoriali,0
017094,Losine,2020,variazioni_territoriali,0
017094,Losine,2021,variazioni_territoriali,0
017094,Losine,2022,variazioni_territoriali,0
017094,Losine,2023,variazioni_territoriali,0
017094,Losine,2024,variazioni_territoriali,0
017095,Lozio,2019,aggiustamento_statistico,-4
017095,Lozio,2020,aggiustamento_statistico,1
017095,Lozio,2021,aggiustamento_statistico,0
017095,Lozio,2022,aggiustamento_statistico,0
017095,Lozio,2023,aggiustamento_statistico,1
017095,Lozio,2024,aggiustamento_statistico,0
017095,Lozio,2019,emigrati_estero,1
017095,Lozio,2020,emigrati_estero,1
017095,Lozio,2021,emigrati_estero,2
017095,Lozio,2022,emigrati_estero,1
017095,Lozio,2023,emigrati_estero,1
017095,Lozio,2024,emigrati_estero,1
017095,Lozio,2019,emigrati_interni,20
017095,Lozio,2020,emigrati_interni,13
017095,Lozio,2021,emigrati_interni,18
017095,Lozio,2022,emigrati_interni,11
017095,Lozio,2023,emigrati_interni,9
017095,Lozio,2024,emigrati_interni,10
017095,Lozio,2019,immigrati_estero,1
017095,Lozio,2020,immigrati_estero,1
017095,Lozio,2021,immigrati_estero,0
017095,Lozio,2022,immigrati_estero,1
017095,Lozio,2023,immigrati_estero,0
017095,Lozio,2024,immigrati_estero,1
017095,Lozio,2019,immigrati_interni,10
017095,Lozio,2020,immigrati_interni,9
017095,Lozio,2021,immigrati_interni,6
017095,Lozio,2022,immigrati_interni,23
017095,Lozio,2023,immigrati_interni,21
017095,Lozio,2024,immigrati_interni,27
017095,Lozio,2019,morti,5
017095,Lozio,2020,morti,8
017095,Lozio,2021,morti,11
017095,Lozio,2022,morti,14
017095,Lozio,2023,morti,10
017095,Lozio,2024,morti,12
017095,Lozio,2019,nati,1
017095,Lozio,2020,nati,2
017095,Lozio,2021,nati,1
017095,Lozio,2022,nati,1
017095,Lozio,2023,nati,2
017095,Lozio,2024,nati,1
017095,Lozio,2019,popolazione_censita,386
017095,Lozio,2020,popolazione_censita,377
017095,Lozio,2021,popolazione_censita,353
017095,Lozio,2022,popolazione_censita,352
017095,Lozio,2023,popolazione_censita,356
017095,Lozio,2024,popolazione_censita,362
017095,Lozio,2019,popolazione_fine,390
017095,Lozio,2020,popolazione_fine,376
017095,Lozio,2021,popolazione_fine,353
017095,Lozio,2022,popolazione_fine,352
017095,Lozio,2023,popolazione_fine,355
017095,Lozio,2024,popolazione_fine,362
017095,Lozio,2019,popolazione_inizio,404
017095,Lozio,2020,popolazione_inizio,386
017095,Lozio,2021,popolazione_inizio,377
017095,Lozio,2022,popolazione_inizio,353
017095,Lozio,2023,popolazione_inizio,352
017095,Lozio,2024,popolazione_inizio,356
017095,Lozio,2019,variazioni_territoriali,0
017095,Lozio,2020,variazioni_territoriali,0
017095,Lozio,2021,variazioni_territoriali,0
017095,Lozio,2022,variazioni_territoriali,0
017095,Lozio,2023,variazioni_territoriali,0
017095,Lozio,2024,variazioni_territoriali,0
017096,Lumezzane,2019,aggiustamento_statistico,-79
017096,Lumezzane,2020,aggiustamento_statistico,-67
017096,Lumezzane,2021,aggiustamento_statistico,-88
017096,Lumezzane,2022,aggiustamento_statistico,9
017096,Lumezzane,2023,aggiustamento_statistico,-20
017096,Lumezzane,2024,aggiustamento_statistico,29
017096,Lumezzane,2019,emigrati_estero,17
017096,Lumezzane,2020,emigrati_estero,62
017096,Lumezzane,2021,emigrati_estero,66
017096,Lumezzane,2022,emigrati_estero,54
017096,Lumezzane,2023,emigrati_estero,51
017096,Lumezzane,2024,emigrati_estero,50
017096,Lumezzane,2019,emigrati_interni,423
017096,Lumezzane,2020,emigrati_interni,386
017096,Lumezzane,2021,emigrati_interni,459
017096,Lumezzane,2022,emigrati_interni,357
017096,Lumezzane,2023,emigrati_interni,420
017096,Lumezzane,2024,emigrati_interni,386
017096,Lumezzane,2019,immigrati_estero,138
017096,Lumezzane,2020,immigrati_estero,94
017096,Lumezzane,2021,immigrati_estero,115
017096,Lumezzane,2022,immigrati_estero,222
017096,Lumezzane,2023,immigrati_estero,163
017096,Lumezzane,2024,immigrati_estero,185
017096,Lumezzane,2019,immigrati_interni,358
017096,Lumezzane,2020,immigrati_interni,332
017096,Lumezzane,2021,immigrati_interni,345
017096,Lumezzane,2022,immigrati_interni,396
017096,Lumezzane,2023,immigrati_interni,456
017096,Lumezzane,2024,immigrati_interni,378
017096,Lumezzane,2019,morti,234
017096,Lumezzane,2020,morti,281
017096,Lumezzane,2021,morti,234
017096,Lumezzane,2022,morti,269
017096,Lumezzane,2023,morti,210
017096,Lumezzane,2024,morti,209
017096,Lumezzane,2019,nati,146
017096,Lumezzane,2020,nati,148
017096,Lumezzane,2021,nati,128
017096,Lumezzane,2022,nati,144
017096,Lumezzane,2023,nati,137
017096,Lumezzane,2024,nati,134
017096,Lumezzane,2019,popolazione_censita,21891
017096,Lumezzane,2020,popolazione_censita,21669
017096,Lumezzane,2021,popolazione_censita,21410
017096,Lumezzane,2022,popolazione_censita,21501
017096,Lumezzane,2023,popolazione_censita,21556
017096,Lumezzane,2024,popolazione_censita,21637
017096,Lumezzane,2019,popolazione_fine,21970
017096,Lumezzane,2020,popolazione_fine,21736
017096,Lumezzane,2021,popolazione_fine,21498
017096,Lumezzane,2022,popolazione_fine,21492
017096,Lumezzane,2023,popolazione_fine,21576
017096,Lumezzane,2024,popolazione_fine,21608
017096,Lumezzane,2019,popolazione_inizio,22002
017096,Lumezzane,2020,popolazione_inizio,21891
017096,Lumezzane,2021,popolazione_inizio,21669
017096,Lumezzane,2022,popolazione_inizio,21410
017096,Lumezzane,2023,popolazione_inizio,21501
017096,Lumezzane,2024,popolazione_inizio,21556
017096,Lumezzane,2019,variazioni_territoriali,0
017096,Lumezzane,2020,variazioni_territoriali,0
017096,Lumezzane,2021,variazioni_territoriali,0
017096,Lumezzane,2022,variazioni_territoriali,0
017096,Lumezzane,2023,variazioni_territoriali,0
017096,Lumezzane,2024,variazioni_territoriali,0
017097,Maclodio,2019,aggiustamento_statistico,5
017097,Maclodio,2020,aggiustamento_statistico,7
017097,Maclodio,2021,aggiustamento_statistico,1
017097,Maclodio,2022,aggiustamento_statistico,-1
017097,Maclodio,2023,aggiustamento_statistico,-1
017097,Maclodio,2024,aggiustamento_statistico,-8
017097,Maclodio,2019,emigrati_estero,8
017097,Maclodio,2020,emigrati_estero,2
017097,Maclodio,2021,emigrati_estero,6
017097,Maclodio,2022,emigrati_estero,2
017097,Maclodio,2023,emigrati_estero,4
017097,Maclodio,2024,emigrati_estero,7
017097,Maclodio,2019,emigrati_interni,58
017097,Maclodio,2020,emigrati_interni,55
017097,Maclodio,2021,emigrati_interni,50
017097,Maclodio,2022,emigrati_interni,67
017097,Maclodio,2023,emigrati_interni,49
017097,Maclodio,2024,emigrati_interni,51
017097,Maclodio,2019,immigrati_estero,5
017097,Maclodio,2020,immigrati_estero,0
017097,Maclodio,2021,immigrati_estero,8
017097,Maclodio,2022,immigrati_estero,13
017097,Maclodio,2023,immigrati_estero,10
017097,Maclodio,2024,immigrati_estero,10
017097,Maclodio,2019,immigrati_interni,48
017097,Maclodio,2020,immigrati_interni,64
017097,Maclodio,2021,immigrati_interni,61
017097,Maclodio,2022,immigrati_interni,61
017097,Maclodio,2023,immigrati_interni,66
017097,Maclodio,2024,immigrati_interni,26
017097,Maclodio,2019,morti,8
017097,Maclodio,2020,morti,10
017097,Maclodio,2021,morti,16
017097,Maclodio,2022,morti,7
017097,Maclodio,2023,morti,16
017097,Maclodio,2024,morti,14
017097,Maclodio,2019,nati,15
017097,Maclodio,2020,nati,13
017097,Maclodio,2021,nati,9
017097,Maclodio,2022,nati,7
017097,Maclodio,2023,nati,10
017097,Maclodio,2024,nati,3
017097,Maclodio,2019,popolazione_censita,1459
017097,Maclodio,2020,popolazione_censita,1476
017097,Maclodio,2021,popolazione_censita,1483
017097,Maclodio,2022,popolazione_censita,1487
017097,Maclodio,2023,popolazione_censita,1503
017097,Maclodio,2024,popolazione_censita,1462
017097,Maclodio,2019,popolazione_fine,1454
017097,Maclodio,2020,popolazione_fine,1469
017097,Maclodio,2021,popolazione_fine,1482
017097,Maclodio,2022,popolazione_fine,1488
017097,Maclodio,2023,popolazione_fine,1504
017097,Maclodio,2024,popolazione_fine,1470
017097,Maclodio,2019,popolazione_inizio,1460
017097,Maclodio,2020,popolazione_inizio,1459
017097,Maclodio,2021,popolazione_inizio,1476
017097,Maclodio,2022,popolazione_inizio,1483
017097,Maclodio,2023,popolazione_inizio,1487
017097,Maclodio,2024,popolazione_inizio,1503
017097,Maclodio,2019,variazioni_territoriali,0
017097,Maclodio,2020,variazioni_territoriali,0
017097,Maclodio,2021,variazioni_territoriali,0
017097,Maclodio,2022,variazioni_territoriali,0
017097,Maclodio,2023,variazioni_territoriali,0
017097,Maclodio,2024,variazioni_territoriali,0
017098,Magasa,2019,aggiustamento_statistico,0
017098,Magasa,2020,aggiustamento_statistico,1
017098,Magasa,2021,aggiustamento_statistico,0
017098,Magasa,2022,aggiustamento_statistico,0
017098,Magasa,2023,aggiustamento_statistico,0
017098,Magasa,2024,aggiustamento_statistico,0
017098,Magasa,2019,emigrati_estero,0
017098,Magasa,2020,emigrati_estero,0
017098,Magasa,2021,emigrati_estero,0
017098,Magasa,2022,emigrati_estero,1
017098,Magasa,2023,emigrati_estero,0
017098,Magasa,2024,emigrati_estero,0
017098,Magasa,2019,emigrati_interni,8
017098,Magasa,2020,emigrati_interni,2
017098,Magasa,2021,emigrati_interni,0
017098,Magasa,2022,emigrati_interni,5
017098,Magasa,2023,emigrati_interni,2
017098,Magasa,2024,emigrati_interni,2
017098,Magasa,2019,immigrati_estero,0
017098,Magasa,2020,immigrati_estero,0
017098,Magasa,2021,immigrati_estero,0
017098,Magasa,2022,immigrati_estero,1
017098,Magasa,2023,immigrati_estero,1
017098,Magasa,2024,immigrati_estero,0
017098,Magasa,2019,immigrati_interni,0
017098,Magasa,2020,immigrati_interni,0
017098,Magasa,2021,immigrati_interni,2
017098,Magasa,2022,immigrati_interni,6
017098,Magasa,2023,immigrati_interni,3
017098,Magasa,2024,immigrati_interni,5
017098,Magasa,2019,morti,5
017098,Magasa,2020,morti,3
017098,Magasa,2021,morti,1
017098,Magasa,2022,morti,2
017098,Magasa,2023,morti,6
017098,Magasa,2024,morti,3
017098,Magasa,2019,nati,0
017098,Magasa,2020,nati,1
017098,Magasa,2021,nati,0
017098,Magasa,2022,nati,0
017098,Magasa,2023,nati,0
017098,Magasa,2024,nati,0
017098,Magasa,2019,popolazione_censita,109
017098,Magasa,2020,popolazione_censita,106
017098,Magasa,2021,popolazione_censita,107
017098,Magasa,2022,popolazione_censita,106
017098,Magasa,2023,popolazione_censita,102
017098,Magasa,2024,popolazione_censita,102
017098,Magasa,2019,popolazione_fine,109
017098,Magasa,2020,popolazione_fine,105
017098,Magasa,2021,popolazione_fine,107
017098,Magasa,2022,popolazione_fine,106
017098,Magasa,2023,popolazione_fine,102
017098,Magasa,2024,popolazione_fine,102
017098,Magasa,2019,popolazione_inizio,122
017098,Magasa,2020,popolazione_inizio,109
017098,Magasa,2021,popolazione_inizio,106
017098,Magasa,2022,popolazione_inizio,107
017098,Magasa,2023,popolazione_inizio,106
017098,Magasa,2024,popolazione_inizio,102
017098,Magasa,2019,variazioni_territoriali,0
017098,Magasa,2020,variazioni_territoriali,0
017098,Magasa,2021,variazioni_territoriali,0
017098,Magasa,2022,variazioni_territoriali,0
017098,Magasa,2023,variazioni_territoriali,0
017098,Magasa,2024,variazioni_territoriali,0
017099,Mairano,2019,aggiustamento_statistico,-23
017099,Mairano,2020,aggiustamento_statistico,36
017099,Mairano,2021,aggiustamento_statistico,-1
017099,Mairano,2022,aggiustamento_statistico,4
017099,Mairano,2023,aggiustamento_statistico,-4
017099,Mairano,2024,aggiustamento_statistico,-4
017099,Mairano,2019,emigrati_estero,17
017099,Mairano,2020,emigrati_estero,26
017099,Mairano,2021,emigrati_estero,17
017099,Mairano,2022,emigrati_estero,16
017099,Mairano,2023,emigrati_estero,29
017099,Mairano,2024,emigrati_estero,22
017099,Mairano,2019,emigrati_interni,131
017099,Mairano,2020,emigrati_interni,121
017099,Mairano,2021,emigrati_interni,152
017099,Mairano,2022,emigrati_interni,134
017099,Mairano,2023,emigrati_interni,153
017099,Mairano,2024,emigrati_interni,133
017099,Mairano,2019,immigrati_estero,41
017099,Mairano,2020,immigrati_estero,9
017099,Mairano,2021,immigrati_estero,25
017099,Mairano,2022,immigrati_estero,23
017099,Mairano,2023,immigrati_estero,33
017099,Mairano,2024,immigrati_estero,34
017099,Mairano,2019,immigrati_interni,150
017099,Mairano,2020,immigrati_interni,113
017099,Mairano,2021,immigrati_interni,140
017099,Mairano,2022,immigrati_interni,142
017099,Mairano,2023,immigrati_interni,107
017099,Mairano,2024,immigrati_interni,124
017099,Mairano,2019,morti,23
017099,Mairano,2020,morti,29
017099,Mairano,2021,morti,23
017099,Mairano,2022,morti,22
017099,Mairano,2023,morti,26
017099,Mairano,2024,morti,22
017099,Mairano,2019,nati,38
017099,Mairano,2020,nati,29
017099,Mairano,2021,nati,34
017099,Mairano,2022,nati,30
017099,Mairano,2023,nati,30
017099,Mairano,2024,nati,30
017099,Mairano,2019,popolazione_censita,3475
017099,Mairano,2020,popolazione_censita,3486
017099,Mairano,2021,popolazione_censita,3492
017099,Mairano,2022,popolazione_censita,3519
017099,Mairano,2023,popolazione_censita,3477
017099,Mairano,2024,popolazione_censita,3484
017099,Mairano,2019,popolazione_fine,3498
017099,Mairano,2020,popolazione_fine,3450
017099,Mairano,2021,popolazione_fine,3493
017099,Mairano,2022,popolazione_fine,3515
017099,Mairano,2023,popolazione_fine,3481
017099,Mairano,2024,popolazione_fine,3488
017099,Mairano,2019,popolazione_inizio,3440
017099,Mairano,2020,popolazione_inizio,3475
017099,Mairano,2021,popolazione_inizio,3486
017099,Mairano,2022,popolazione_inizio,3492
017099,Mairano,2023,popolazione_inizio,3519
017099,Mairano,2024,popolazione_inizio,3477
017099,Mairano,2019,variazioni_territoriali,0
017099,Mairano,2020,variazioni_territoriali,0
017099,Mairano,2021,variazioni_territoriali,0
017099,Mairano,2022,variazioni_territoriali,0
017099,Mairano,2023,variazioni_territoriali,0
017099,Mairano,2024,variazioni_territoriali,0
017100,Malegno,2019,aggiustamento_statistico,-7
017100,Malegno,2020,aggiustamento_statistico,-13
017100,Malegno,2021,aggiustamento_statistico,-8
017100,Malegno,2022,aggiustamento_statistico,0
017100,Malegno,2023,aggiustamento_statistico,-3
017100,Malegno,2024,aggiustamento_statistico,-1
017100,Malegno,2019,emigrati_estero,0
017100,Malegno,2020,emigrati_estero,6
017100,Malegno,2021,emigrati_estero,6
017100,Malegno,2022,emigrati_estero,6
017100,Malegno,2023,emigrati_estero,3
017100,Malegno,2024,emigrati_estero,1
017100,Malegno,2019,emigrati_interni,71
017100,Malegno,2020,emigrati_interni,68
017100,Malegno,2021,emigrati_interni,61
017100,Malegno,2022,emigrati_interni,86
017100,Malegno,2023,emigrati_interni,55
017100,Malegno,2024,emigrati_interni,50
017100,Malegno,2019,immigrati_estero,14
017100,Malegno,2020,immigrati_estero,23
017100,Malegno,2021,immigrati_estero,11
017100,Malegno,2022,immigrati_estero,31
017100,Malegno,2023,immigrati_estero,16
017100,Malegno,2024,immigrati_estero,17
017100,Malegno,2019,immigrati_interni,78
017100,Malegno,2020,immigrati_interni,53
017100,Malegno,2021,immigrati_interni,59
017100,Malegno,2022,immigrati_interni,48
017100,Malegno,2023,immigrati_interni,44
017100,Malegno,2024,immigrati_interni,51
017100,Malegno,2019,morti,19
017100,Malegno,2020,morti,25
017100,Malegno,2021,morti,26
017100,Malegno,2022,morti,26
017100,Malegno,2023,morti,18
017100,Malegno,2024,morti,22
017100,Malegno,2019,nati,16
017100,Malegno,2020,nati,9
017100,Malegno,2021,nati,13
017100,Malegno,2022,nati,9
017100,Malegno,2023,nati,15
017100,Malegno,2024,nati,4
017100,Malegno,2019,popolazione_censita,2005
017100,Malegno,2020,popolazione_censita,1978
017100,Malegno,2021,popolazione_censita,1960
017100,Malegno,2022,popolazione_censita,1930
017100,Malegno,2023,popolazione_censita,1926
017100,Malegno,2024,popolazione_censita,1924
017100,Malegno,2019,popolazione_fine,2012
017100,Malegno,2020,popolazione_fine,1991
017100,Malegno,2021,popolazione_fine,1968
017100,Malegno,2022,popolazione_fine,1930
017100,Malegno,2023,popolazione_fine,1929
017100,Malegno,2024,popolazione_fine,1925
017100,Malegno,2019,popolazione_inizio,1994
017100,Malegno,2020,popolazione_inizio,2005
017100,Malegno,2021,popolazione_inizio,1978
017100,Malegno,2022,popolazione_inizio,1960
017100,Malegno,2023,popolazione_inizio,1930
017100,Malegno,2024,popolazione_inizio,1926
017100,Malegno,2019,variazioni_territoriali,0
017100,Malegno,2020,variazioni_territoriali,0
017100,Malegno,2021,variazioni_territoriali,0
017100,Malegno,2022,variazioni_territoriali,0
017100,Malegno,2023,variazioni_territoriali,0
017100,Malegno,2024,variazioni_territoriali,0
017101,Malonno,2019,aggiustamento_statistico,3
017101,Malonno,2020,aggiustamento_statistico,-21
017101,Malonno,2021,aggiustamento_statistico,-1
017101,Malonno,2022,aggiustamento_statistico,1
017101,Malonno,2023,aggiustamento_statistico,-1
017101,Malonno,2024,aggiustamento_statistico,7
017101,Malonno,2019,emigrati_estero,7
017101,Malonno,2020,emigrati_estero,6
017101,Malonno,2021,emigrati_estero,8
017101,Malonno,2022,emigrati_estero,2
017101,Malonno,2023,emigrati_estero,5
017101,Malonno,2024,emigrati_estero,11
017101,Malonno,2019,emigrati_interni,36
017101,Malonno,2020,emigrati_interni,39
017101,Malonno,2021,emigrati_interni,52
017101,Malonno,2022,emigrati_interni,47
017101,Malonno,2023,emigrati_interni,47
017101,Malonno,2024,emigrati_interni,33
017101,Malonno,2019,immigrati_estero,5
017101,Malonno,2020,immigrati_estero,3
017101,Malonno,2021,immigrati_estero,6
017101,Malonno,2022,immigrati_estero,7
017101,Malonno,2023,immigrati_estero,3
017101,Malonno,2024,immigrati_estero,6
017101,Malonno,2019,immigrati_interni,36
017101,Malonno,2020,immigrati_interni,50
017101,Malonno,2021,immigrati_interni,40
017101,Malonno,2022,immigrati_interni,38
017101,Malonno,2023,immigrati_interni,42
017101,Malonno,2024,immigrati_interni,58
017101,Malonno,2019,morti,48
017101,Malonno,2020,morti,60
017101,Malonno,2021,morti,40
017101,Malonno,2022,morti,40
017101,Malonno,2023,morti,37
017101,Malonno,2024,morti,35
017101,Malonno,2019,nati,16
017101,Malonno,2020,nati,14
017101,Malonno,2021,nati,17
017101,Malonno,2022,nati,18
017101,Malonno,2023,nati,18
017101,Malonno,2024,nati,13
017101,Malonno,2019,popolazione_censita,3127
017101,Malonno,2020,popolazione_censita,3068
017101,Malonno,2021,popolazione_censita,3030
017101,Malonno,2022,popolazione_censita,3005
017101,Malonno,2023,popolazione_censita,2978
017101,Malonno,2024,popolazione_censita,2983
017101,Malonno,2019,popolazione_fine,3124
017101,Malonno,2020,popolazione_fine,3089
017101,Malonno,2021,popolazione_fine,3031
017101,Malonno,2022,popolazione_fine,3004
017101,Malonno,2023,popolazione_fine,2979
017101,Malonno,2024,popolazione_fine,2976
017101,Malonno,2019,popolazione_inizio,3158
017101,Malonno,2020,popolazione_inizio,3127
017101,Malonno,2021,popolazione_inizio,3068
017101,Malonno,2022,popolazione_inizio,3030
017101,Malonno,2023,popolazione_inizio,3005
017101,Malonno,2024,popolazione_inizio,2978
017101,Malonno,2019,variazioni_territoriali,0
017101,Malonno,2020,variazioni_territoriali,0
017101,Malonno,2021,variazioni_territoriali,0
017101,Malonno,2022,variazioni_territoriali,0
017101,Malonno,2023,variazioni_territoriali,0
017101,Malonno,2024,variazioni_territoriali,0
017102,Manerba del Garda,2019,aggiustamento_statistico,5
017102,Manerba del Garda,2020,aggiustamento_statistico,96
017102,Manerba del Garda,2021,aggiustamento_statistico,-22
017102,Manerba del Garda,2022,aggiustamento_statistico,8
017102,Manerba del Garda,2023,aggiustamento_statistico,4
017102,Manerba del Garda,2024,aggiustamento_statistico,-10
017102,Manerba del Garda,2019,emigrati_estero,24
017102,Manerba del Garda,2020,emigrati_estero,15
017102,Manerba del Garda,2021,emigrati_estero,19
017102,Manerba del Garda,2022,emigrati_estero,12
017102,Manerba del Garda,2023,emigrati_estero,26
017102,Manerba del Garda,2024,emigrati_estero,21
017102,Manerba del Garda,2019,emigrati_interni,216
017102,Manerba del Garda,2020,emigrati_interni,213
017102,Manerba del Garda,2021,emigrati_interni,238
017102,Manerba del Garda,2022,emigrati_interni,298
017102,Manerba del Garda,2023,emigrati_interni,252
017102,Manerba del Garda,2024,emigrati_interni,217
017102,Manerba del Garda,2019,immigrati_estero,50
017102,Manerba del Garda,2020,immigrati_estero,37
017102,Manerba del Garda,2021,immigrati_estero,38
017102,Manerba del Garda,2022,immigrati_estero,30
017102,Manerba del Garda,2023,immigrati_estero,53
017102,Manerba del Garda,2024,immigrati_estero,46
017102,Manerba del Garda,2019,immigrati_interni,243
017102,Manerba del Garda,2020,immigrati_interni,230
017102,Manerba del Garda,2021,immigrati_interni,258
017102,Manerba del Garda,2022,immigrati_interni,272
017102,Manerba del Garda,2023,immigrati_interni,207
017102,Manerba del Garda,2024,immigrati_interni,247
017102,Manerba del Garda,2019,morti,41
017102,Manerba del Garda,2020,morti,52
017102,Manerba del Garda,2021,morti,54
017102,Manerba del Garda,2022,morti,56
017102,Manerba del Garda,2023,morti,26
017102,Manerba del Garda,2024,morti,31
017102,Manerba del Garda,2019,nati,28
017102,Manerba del Garda,2020,nati,34
017102,Manerba del Garda,2021,nati,40
017102,Manerba del Garda,2022,nati,27
017102,Manerba del Garda,2023,nati,22
017102,Manerba del Garda,2024,nati,30
017102,Manerba del Garda,2019,popolazione_censita,5295
017102,Manerba del Garda,2020,popolazione_censita,5412
017102,Manerba del Garda,2021,popolazione_censita,5415
017102,Manerba del Garda,2022,popolazione_censita,5386
017102,Manerba del Garda,2023,popolazione_censita,5368
017102,Manerba del Garda,2024,popolazione_censita,5412
017102,Manerba del Garda,2019,popolazione_fine,5290
017102,Manerba del Garda,2020,popolazione_fine,5316
017102,Manerba del Garda,2021,popolazione_fine,5437
017102,Manerba del Garda,2022,popolazione_fine,5378
017102,Manerba del Garda,2023,popolazione_fine,5364
017102,Manerba del Garda,2024,popolazione_fine,5422
017102,Manerba del Garda,2019,popolazione_inizio,5250
017102,Manerba del Garda,2020,popolazione_inizio,5295
017102,Manerba del Garda,2021,popolazione_inizio,5412
017102,Manerba del Garda,2022,popolazione_inizio,5415
017102,Manerba del Garda,2023,popolazione_inizio,5386
017102,Manerba del Garda,2024,popolazione_inizio,5368
017102,Manerba del Garda,2019,variazioni_territoriali,0
017102,Manerba del Garda,2020,variazioni_territoriali,0
017102,Manerba del Garda,2021,variazioni_territoriali,0
017102,Manerba del Garda,2022,variazioni_territoriali,0
017102,Manerba del Garda,2023,variazioni_territoriali,0
017102,Manerba del Garda,2024,variazioni_territoriali,0
017103,Manerbio,2019,aggiustamento_statistico,-31
017103,Manerbio,2020,aggiustamento_statistico,88
017103,Manerbio,2021,aggiustamento_statistico,-169
017103,Manerbio,2022,aggiustamento_statistico,7
017103,Manerbio,2023,aggiustamento_statistico,-11
017103,Manerbio,2024,aggiustamento_statistico,-31
017103,Manerbio,2019,emigrati_estero,76
017103,Manerbio,2020,emigrati_estero,67
017103,Manerbio,2021,emigrati_estero,58
017103,Manerbio,2022,emigrati_estero,80
017103,Manerbio,2023,emigrati_estero,133
017103,Manerbio,2024,emigrati_estero,120
017103,Manerbio,2019,emigrati_interni,411
017103,Manerbio,2020,emigrati_interni,275
017103,Manerbio,2021,emigrati_interni,293
017103,Manerbio,2022,emigrati_interni,317
017103,Manerbio,2023,emigrati_interni,333
017103,Manerbio,2024,emigrati_interni,372
017103,Manerbio,2019,immigrati_estero,217
017103,Manerbio,2020,immigrati_estero,94
017103,Manerbio,2021,immigrati_estero,112
017103,Manerbio,2022,immigrati_estero,233
017103,Manerbio,2023,immigrati_estero,209
017103,Manerbio,2024,immigrati_estero,280
017103,Manerbio,2019,immigrati_interni,468
017103,Manerbio,2020,immigrati_interni,311
017103,Manerbio,2021,immigrati_interni,425
017103,Manerbio,2022,immigrati_interni,408
017103,Manerbio,2023,immigrati_interni,387
017103,Manerbio,2024,immigrati_interni,336
017103,Manerbio,2019,morti,143
017103,Manerbio,2020,morti,215
017103,Manerbio,2021,morti,164
017103,Manerbio,2022,morti,150
017103,Manerbio,2023,morti,130
017103,Manerbio,2024,morti,137
017103,Manerbio,2019,nati,113
017103,Manerbio,2020,nati,113
017103,Manerbio,2021,nati,94
017103,Manerbio,2022,nati,87
017103,Manerbio,2023,nati,108
017103,Manerbio,2024,nati,97
017103,Manerbio,2019,popolazione_censita,13167
017103,Manerbio,2020,popolazione_censita,13216
017103,Manerbio,2021,popolazione_censita,13163
017103,Manerbio,2022,popolazione_censita,13351
017103,Manerbio,2023,popolazione_censita,13448
017103,Manerbio,2024,popolazione_censita,13501
017103,Manerbio,2019,popolazione_fine,13198
017103,Manerbio,2020,popolazione_fine,13128
017103,Manerbio,2021,popolazione_fine,13332
017103,Manerbio,2022,popolazione_fine,13344
017103,Manerbio,2023,popolazione_fine,13459
017103,Manerbio,2024,popolazione_fine,13532
017103,Manerbio,2019,popolazione_inizio,13030
017103,Manerbio,2020,popolazione_inizio,13167
017103,Manerbio,2021,popolazione_inizio,13216
017103,Manerbio,2022,popolazione_inizio,13163
017103,Manerbio,2023,popolazione_inizio,13351
017103,Manerbio,2024,popolazione_inizio,13448
017103,Manerbio,2019,variazioni_territoriali,0
017103,Manerbio,2020,variazioni_territoriali,0
017103,Manerbio,2021,variazioni_territoriali,0
017103,Manerbio,2022,variazioni_territoriali,0
017103,Manerbio,2023,variazioni_territoriali,0
017103,Manerbio,2024,variazioni_territoriali,0
017104,Marcheno,2019,aggiustamento_statistico,-18
017104,Marcheno,2020,aggiustamento_statistico,-32
017104,Marcheno,2021,aggiustamento_statistico,2
017104,Marcheno,2022,aggiustamento_statistico,-2
017104,Marcheno,2023,aggiustamento_statistico,-1
017104,Marcheno,2024,aggiustamento_statistico,-3
017104,Marcheno,2019,emigrati_estero,4
017104,Marcheno,2020,emigrati_estero,6
017104,Marcheno,2021,emigrati_estero,4
017104,Marcheno,2022,emigrati_estero,5
017104,Marcheno,2023,emigrati_estero,6
017104,Marcheno,2024,emigrati_estero,4
017104,Marcheno,2019,emigrati_interni,116
017104,Marcheno,2020,emigrati_interni,122
017104,Marcheno,2021,emigrati_interni,92
017104,Marcheno,2022,emigrati_interni,125
017104,Marcheno,2023,emigrati_interni,114
017104,Marcheno,2024,emigrati_interni,121
017104,Marcheno,2019,immigrati_estero,13
017104,Marcheno,2020,immigrati_estero,10
017104,Marcheno,2021,immigrati_estero,15
017104,Marcheno,2022,immigrati_estero,23
017104,Marcheno,2023,immigrati_estero,27
017104,Marcheno,2024,immigrati_estero,28
017104,Marcheno,2019,immigrati_interni,103
017104,Marcheno,2020,immigrati_interni,93
017104,Marcheno,2021,immigrati_interni,122
017104,Marcheno,2022,immigrati_interni,94
017104,Marcheno,2023,immigrati_interni,103
017104,Marcheno,2024,immigrati_interni,127
017104,Marcheno,2019,morti,37
017104,Marcheno,2020,morti,60
017104,Marcheno,2021,morti,42
017104,Marcheno,2022,morti,43
017104,Marcheno,2023,morti,34
017104,Marcheno,2024,morti,31
017104,Marcheno,2019,nati,23
017104,Marcheno,2020,nati,21
017104,Marcheno,2021,nati,23
017104,Marcheno,2022,nati,23
017104,Marcheno,2023,nati,27
017104,Marcheno,2024,nati,24
017104,Marcheno,2019,popolazione_censita,4268
017104,Marcheno,2020,popolazione_censita,4172
017104,Marcheno,2021,popolazione_censita,4196
017104,Marcheno,2022,popolazione_censita,4161
017104,Marcheno,2023,popolazione_censita,4163
017104,Marcheno,2024,popolazione_censita,4183
017104,Marcheno,2019,popolazione_fine,4286
017104,Marcheno,2020,popolazione_fine,4204
017104,Marcheno,2021,popolazione_fine,4194
017104,Marcheno,2022,popolazione_fine,4163
017104,Marcheno,2023,popolazione_fine,4164
017104,Marcheno,2024,popolazione_fine,4186
017104,Marcheno,2019,popolazione_inizio,4304
017104,Marcheno,2020,popolazione_inizio,4268
017104,Marcheno,2021,popolazione_inizio,4172
017104,Marcheno,2022,popolazione_inizio,4196
017104,Marcheno,2023,popolazione_inizio,4161
017104,Marcheno,2024,popolazione_inizio,4163
017104,Marcheno,2019,variazioni_territoriali,0
017104,Marcheno,2020,variazioni_territoriali,0
017104,Marcheno,2021,variazioni_territoriali,0
017104,Marcheno,2022,variazioni_territoriali,0
017104,Marcheno,2023,variazioni_territoriali,0
017104,Marcheno,2024,variazioni_territoriali,0
017105,Marmentino,2019,aggiustamento_statistico,1
017105,Marmentino,2020,aggiustamento_statistico,-2
017105,Marmentino,2021,aggiustamento_statistico,0
017105,Marmentino,2022,aggiustamento_statistico,0
017105,Marmentino,2023,aggiustamento_statistico,-2
017105,Marmentino,2024,aggiustamento_statistico,0
017105,Marmentino,2019,emigrati_estero,0
017105,Marmentino,2020,emigrati_estero,0
017105,Marmentino,2021,emigrati_estero,1
017105,Marmentino,2022,emigrati_estero,0
017105,Marmentino,2023,emigrati_estero,1
017105,Marmentino,2024,emigrati_estero,0
017105,Marmentino,2019,emigrati_interni,12
017105,Marmentino,2020,emigrati_interni,12
017105,Marmentino,2021,emigrati_interni,5
017105,Marmentino,2022,emigrati_interni,12
017105,Marmentino,2023,emigrati_interni,7
017105,Marmentino,2024,emigrati_interni,8
017105,Marmentino,2019,immigrati_estero,1
017105,Marmentino,2020,immigrati_estero,0
017105,Marmentino,2021,immigrati_estero,0
017105,Marmentino,2022,immigrati_estero,1
017105,Marmentino,2023,immigrati_estero,1
017105,Marmentino,2024,immigrati_estero,0
017105,Marmentino,2019,immigrati_interni,15
017105,Marmentino,2020,immigrati_interni,17
017105,Marmentino,2021,immigrati_interni,16
017105,Marmentino,2022,immigrati_interni,11
017105,Marmentino,2023,immigrati_interni,18
017105,Marmentino,2024,immigrati_interni,14
017105,Marmentino,2019,morti,15
017105,Marmentino,2020,morti,10
017105,Marmentino,2021,morti,7
017105,Marmentino,2022,morti,10
017105,Marmentino,2023,morti,11
017105,Marmentino,2024,morti,8
017105,Marmentino,2019,nati,8
017105,Marmentino,2020,nati,4
017105,Marmentino,2021,nati,6
017105,Marmentino,2022,nati,2
017105,Marmentino,2023,nati,0
017105,Marmentino,2024,nati,4
017105,Marmentino,2019,popolazione_censita,659
017105,Marmentino,2020,popolazione_censita,656
017105,Marmentino,2021,popolazione_censita,665
017105,Marmentino,2022,popolazione_censita,657
017105,Marmentino,2023,popolazione_censita,655
017105,Marmentino,2024,popolazione_censita,657
017105,Marmentino,2019,popolazione_fine,658
017105,Marmentino,2020,popolazione_fine,658
017105,Marmentino,2021,popolazione_fine,665
017105,Marmentino,2022,popolazione_fine,657
017105,Marmentino,2023,popolazione_fine,657
017105,Marmentino,2024,popolazione_fine,657
017105,Marmentino,2019,popolazione_inizio,661
017105,Marmentino,2020,popolazione_inizio,659
017105,Marmentino,2021,popolazione_inizio,656
017105,Marmentino,2022,popolazione_inizio,665
017105,Marmentino,2023,popolazione_inizio,657
017105,Marmentino,2024,popolazione_inizio,655
017105,Marmentino,2019,variazioni_territoriali,0
017105,Marmentino,2020,variazioni_territoriali,0
017105,Marmentino,2021,variazioni_territoriali,0
017105,Marmentino,2022,variazioni_territoriali,0
017105,Marmentino,2023,variazioni_territoriali,0
017105,Marmentino,2024,variazioni_territoriali,0
017106,Marone,2019,aggiustamento_statistico,0
017106,Marone,2020,aggiustamento_statistico,-8
017106,Marone,2021,aggiustamento_statistico,1
017106,Marone,2022,aggiustamento_statistico,5
017106,Marone,2023,aggiustamento_statistico,-2
017106,Marone,2024,aggiustamento_statistico,-6
017106,Marone,2019,emigrati_estero,25
017106,Marone,2020,emigrati_estero,4
017106,Marone,2021,emigrati_estero,7
017106,Marone,2022,emigrati_estero,4
017106,Marone,2023,emigrati_estero,8
017106,Marone,2024,emigrati_estero,6
017106,Marone,2019,emigrati_interni,84
017106,Marone,2020,emigrati_interni,78
017106,Marone,2021,emigrati_interni,96
017106,Marone,2022,emigrati_interni,79
017106,Marone,2023,emigrati_interni,50
017106,Marone,2024,emigrati_interni,62
017106,Marone,2019,immigrati_estero,16
017106,Marone,2020,immigrati_estero,15
017106,Marone,2021,immigrati_estero,9
017106,Marone,2022,immigrati_estero,11
017106,Marone,2023,immigrati_estero,11
017106,Marone,2024,immigrati_estero,12
017106,Marone,2019,immigrati_interni,86
017106,Marone,2020,immigrati_interni,90
017106,Marone,2021,immigrati_interni,76
017106,Marone,2022,immigrati_interni,82
017106,Marone,2023,immigrati_interni,56
017106,Marone,2024,immigrati_interni,76
017106,Marone,2019,morti,34
017106,Marone,2020,morti,63
017106,Marone,2021,morti,21
017106,Marone,2022,morti,34
017106,Marone,2023,morti,32
017106,Marone,2024,morti,32
017106,Marone,2019,nati,23
017106,Marone,2020,nati,20
017106,Marone,2021,nati,35
017106,Marone,2022,nati,17
017106,Marone,2023,nati,12
017106,Marone,2024,nati,16
017106,Marone,2019,popolazione_censita,3145
017106,Marone,2020,popolazione_censita,3117
017106,Marone,2021,popolazione_censita,3114
017106,Marone,2022,popolazione_censita,3112
017106,Marone,2023,popolazione_censita,3099
017106,Marone,2024,popolazione_censita,3097
017106,Marone,2019,popolazione_fine,3145
017106,Marone,2020,popolazione_fine,3125
017106,Marone,2021,popolazione_fine,3113
017106,Marone,2022,popolazione_fine,3107
017106,Marone,2023,popolazione_fine,3101
017106,Marone,2024,popolazione_fine,3103
017106,Marone,2019,popolazione_inizio,3163
017106,Marone,2020,popolazione_inizio,3145
017106,Marone,2021,popolazione_inizio,3117
017106,Marone,2022,popolazione_inizio,3114
017106,Marone,2023,popolazione_inizio,3112
017106,Marone,2024,popolazione_inizio,3099
017106,Marone,2019,variazioni_territoriali,0
017106,Marone,2020,variazioni_territoriali,0
017106,Marone,2021,variazioni_territoriali,0
017106,Marone,2022,variazioni_territoriali,0
017106,Marone,2023,variazioni_territoriali,0
017106,Marone,2024,variazioni_territoriali,0
017107,Mazzano,2019,aggiustamento_statistico,-75
017107,Mazzano,2020,aggiustamento_statistico,54
017107,Mazzano,2021,aggiustamento_statistico,-31
017107,Mazzano,2022,aggiustamento_statistico,-13
017107,Mazzano,2023,aggiustamento_statistico,18
017107,Mazzano,2024,aggiustamento_statistico,-11
017107,Mazzano,2019,emigrati_estero,68
017107,Mazzano,2020,emigrati_estero,29
017107,Mazzano,2021,emigrati_estero,71
017107,Mazzano,2022,emigrati_estero,97
017107,Mazzano,2023,emigrati_estero,120
017107,Mazzano,2024,emigrati_estero,68
017107,Mazzano,2019,emigrati_interni,419
017107,Mazzano,2020,emigrati_interni,452
017107,Mazzano,2021,emigrati_interni,391
017107,Mazzano,2022,emigrati_interni,373
017107,Mazzano,2023,emigrati_interni,413
017107,Mazzano,2024,emigrati_interni,356
017107,Mazzano,2019,immigrati_estero,49
017107,Mazzano,2020,immigrati_estero,44
017107,Mazzano,2021,immigrati_estero,104
017107,Mazzano,2022,immigrati_estero,147
017107,Mazzano,2023,immigrati_estero,108
017107,Mazzano,2024,immigrati_estero,78
017107,Mazzano,2019,immigrati_interni,492
017107,Mazzano,2020,immigrati_interni,472
017107,Mazzano,2021,immigrati_interni,468
017107,Mazzano,2022,immigrati_interni,485
017107,Mazzano,2023,immigrati_interni,448
017107,Mazzano,2024,immigrati_interni,391
017107,Mazzano,2019,morti,99
017107,Mazzano,2020,morti,115
017107,Mazzano,2021,morti,122
017107,Mazzano,2022,morti,106
017107,Mazzano,2023,morti,108
017107,Mazzano,2024,morti,100
017107,Mazzano,2019,nati,96
017107,Mazzano,2020,nati,98
017107,Mazzano,2021,nati,92
017107,Mazzano,2022,nati,93
017107,Mazzano,2023,nati,94
017107,Mazzano,2024,nati,91
017107,Mazzano,2019,popolazione_censita,12398
017107,Mazzano,2020,popolazione_censita,12470
017107,Mazzano,2021,popolazione_censita,12519
017107,Mazzano,2022,popolazione_censita,12655
017107,Mazzano,2023,popolazione_censita,12682
017107,Mazzano,2024,popolazione_censita,12707
017107,Mazzano,2019,popolazione_fine,12473
017107,Mazzano,2020,popolazione_fine,12416
017107,Mazzano,2021,popolazione_fine,12550
017107,Mazzano,2022,popolazione_fine,12668
017107,Mazzano,2023,popolazione_fine,12664
017107,Mazzano,2024,popolazione_fine,12718
017107,Mazzano,2019,popolazione_inizio,12422
017107,Mazzano,2020,popolazione_inizio,12398
017107,Mazzano,2021,popolazione_inizio,12470
017107,Mazzano,2022,popolazione_inizio,12519
017107,Mazzano,2023,popolazione_inizio,12655
017107,Mazzano,2024,popolazione_inizio,12682
017107,Mazzano,2019,variazioni_territoriali,0
017107,Mazzano,2020,variazioni_territoriali,0
017107,Mazzano,2021,variazioni_territoriali,0
017107,Mazzano,2022,variazioni_territoriali,0
017107,Mazzano,2023,variazioni_territoriali,0
017107,Mazzano,2024,variazioni_territoriali,0
017108,Milzano,2019,aggiustamento_statistico,-8
017108,Milzano,2020,aggiustamento_statistico,31
017108,Milzano,2021,aggiustamento_statistico,-15
017108,Milzano,2022,aggiustamento_statistico,3
017108,Milzano,2023,aggiustamento_statistico,1
017108,Milzano,2024,aggiustamento_statistico,1
017108,Milzano,2019,emigrati_estero,9
017108,Milzano,2020,emigrati_estero,11
017108,Milzano,2021,emigrati_estero,27
017108,Milzano,2022,emigrati_estero,7
017108,Milzano,2023,emigrati_estero,4
017108,Milzano,2024,emigrati_estero,5
017108,Milzano,2019,emigrati_interni,57
017108,Milzano,2020,emigrati_interni,45
017108,Milzano,2021,emigrati_interni,66
017108,Milzano,2022,emigrati_interni,43
017108,Milzano,2023,emigrati_interni,60
017108,Milzano,2024,emigrati_interni,62
017108,Milzano,2019,immigrati_estero,8
017108,Milzano,2020,immigrati_estero,11
017108,Milzano,2021,immigrati_estero,19
017108,Milzano,2022,immigrati_estero,26
017108,Milzano,2023,immigrati_estero,19
017108,Milzano,2024,immigrati_estero,17
017108,Milzano,2019,immigrati_interni,46
017108,Milzano,2020,immigrati_interni,57
017108,Milzano,2021,immigrati_interni,55
017108,Milzano,2022,immigrati_interni,52
017108,Milzano,2023,immigrati_interni,31
017108,Milzano,2024,immigrati_interni,38
017108,Milzano,2019,morti,18
017108,Milzano,2020,morti,15
017108,Milzano,2021,morti,16
017108,Milzano,2022,morti,18
017108,Milzano,2023,morti,22
017108,Milzano,2024,morti,16
017108,Milzano,2019,nati,16
017108,Milzano,2020,nati,17
017108,Milzano,2021,nati,9
017108,Milzano,2022,nati,13
017108,Milzano,2023,nati,12
017108,Milzano,2024,nati,13
017108,Milzano,2019,popolazione_censita,1719
017108,Milzano,2020,popolazione_censita,1764
017108,Milzano,2021,popolazione_censita,1723
017108,Milzano,2022,popolazione_censita,1749
017108,Milzano,2023,popolazione_censita,1726
017108,Milzano,2024,popolazione_censita,1712
017108,Milzano,2019,popolazione_fine,1727
017108,Milzano,2020,popolazione_fine,1733
017108,Milzano,2021,popolazione_fine,1738
017108,Milzano,2022,popolazione_fine,1746
017108,Milzano,2023,popolazione_fine,1725
017108,Milzano,2024,popolazione_fine,1711
017108,Milzano,2019,popolazione_inizio,1741
017108,Milzano,2020,popolazione_inizio,1719
017108,Milzano,2021,popolazione_inizio,1764
017108,Milzano,2022,popolazione_inizio,1723
017108,Milzano,2023,popolazione_inizio,1749
017108,Milzano,2024,popolazione_inizio,1726
017108,Milzano,2019,variazioni_territoriali,0
017108,Milzano,2020,variazioni_territoriali,0
017108,Milzano,2021,variazioni_territoriali,0
017108,Milzano,2022,variazioni_territoriali,0
017108,Milzano,2023,variazioni_territoriali,0
017108,Milzano,2024,variazioni_territoriali,0
017109,Moniga del Garda,2019,aggiustamento_statistico,-4
017109,Moniga del Garda,2020,aggiustamento_statistico,32
017109,Moniga del Garda,2021,aggiustamento_statistico,-8
017109,Moniga del Garda,2022,aggiustamento_statistico,3
017109,Moniga del Garda,2023,aggiustamento_statistico,-1
017109,Moniga del Garda,2024,aggiustamento_statistico,-5
017109,Moniga del Garda,2019,emigrati_estero,19
017109,Moniga del Garda,2020,emigrati_estero,17
017109,Moniga del Garda,2021,emigrati_estero,12
017109,Moniga del Garda,2022,emigrati_estero,6
017109,Moniga del Garda,2023,emigrati_estero,19
017109,Moniga del Garda,2024,emigrati_estero,6
017109,Moniga del Garda,2019,emigrati_interni,138
017109,Moniga del Garda,2020,emigrati_interni,136
017109,Moniga del Garda,2021,emigrati_interni,136
017109,Moniga del Garda,2022,emigrati_interni,126
017109,Moniga del Garda,2023,emigrati_interni,123
017109,Moniga del Garda,2024,emigrati_interni,118
017109,Moniga del Garda,2019,immigrati_estero,25
017109,Moniga del Garda,2020,immigrati_estero,9
017109,Moniga del Garda,2021,immigrati_estero,10
017109,Moniga del Garda,2022,immigrati_estero,17
017109,Moniga del Garda,2023,immigrati_estero,25
017109,Moniga del Garda,2024,immigrati_estero,25
017109,Moniga del Garda,2019,immigrati_interni,152
017109,Moniga del Garda,2020,immigrati_interni,126
017109,Moniga del Garda,2021,immigrati_interni,180
017109,Moniga del Garda,2022,immigrati_interni,137
017109,Moniga del Garda,2023,immigrati_interni,133
017109,Moniga del Garda,2024,immigrati_interni,117
017109,Moniga del Garda,2019,morti,19
017109,Moniga del Garda,2020,morti,30
017109,Moniga del Garda,2021,morti,28
017109,Moniga del Garda,2022,morti,23
017109,Moniga del Garda,2023,morti,15
017109,Moniga del Garda,2024,morti,24
017109,Moniga del Garda,2019,nati,19
017109,Moniga del Garda,2020,nati,14
017109,Moniga del Garda,2021,nati,18
017109,Moniga del Garda,2022,nati,17
017109,Moniga del Garda,2023,nati,24
017109,Moniga del Garda,2024,nati,15
017109,Moniga del Garda,2019,popolazione_censita,2581
017109,Moniga del Garda,2020,popolazione_censita,2579
017109,Moniga del Garda,2021,popolazione_censita,2603
017109,Moniga del Garda,2022,popolazione_censita,2622
017109,Moniga del Garda,2023,popolazione_censita,2646
017109,Moniga del Garda,2024,popolazione_censita,2650
017109,Moniga del Garda,2019,popolazione_fine,2585
017109,Moniga del Garda,2020,popolazione_fine,2547
017109,Moniga del Garda,2021,popolazione_fine,2611
017109,Moniga del Garda,2022,popolazione_fine,2619
017109,Moniga del Garda,2023,popolazione_fine,2647
017109,Moniga del Garda,2024,popolazione_fine,2655
017109,Moniga del Garda,2019,popolazione_inizio,2565
017109,Moniga del Garda,2020,popolazione_inizio,2581
017109,Moniga del Garda,2021,popolazione_inizio,2579
017109,Moniga del Garda,2022,popolazione_inizio,2603
017109,Moniga del Garda,2023,popolazione_inizio,2622
017109,Moniga del Garda,2024,popolazione_inizio,2646
017109,Moniga del Garda,2019,variazioni_territoriali,0
017109,Moniga del Garda,2020,variazioni_territoriali,0
017109,Moniga del Garda,2021,variazioni_territoriali,0
017109,Moniga del Garda,2022,variazioni_territoriali,0
017109,Moniga del Garda,2023,variazioni_territoriali,0
017109,Moniga del Garda,2024,variazioni_territoriali,0
017110,Monno,2019,aggiustamento_statistico,1
017110,Monno,2020,aggiustamento_statistico,17
017110,Monno,2021,aggiustamento_statistico,0
017110,Monno,2022,aggiustamento_statistico,0
017110,Monno,2023,aggiustamento_statistico,0
017110,Monno,2024,aggiustamento_statistico,1
017110,Monno,2019,emigrati_estero,5
017110,Monno,2020,emigrati_estero,1
017110,Monno,2021,emigrati_estero,0
017110,Monno,2022,emigrati_estero,1
017110,Monno,2023,emigrati_estero,0
017110,Monno,2024,emigrati_estero,0
017110,Monno,2019,emigrati_interni,8
017110,Monno,2020,emigrati_interni,15
017110,Monno,2021,emigrati_interni,16
017110,Monno,2022,emigrati_interni,10
017110,Monno,2023,emigrati_interni,3
017110,Monno,2024,emigrati_interni,4
017110,Monno,2019,immigrati_estero,0
017110,Monno,2020,immigrati_estero,0
017110,Monno,2021,immigrati_estero,0
017110,Monno,2022,immigrati_estero,0
017110,Monno,2023,immigrati_estero,0
017110,Monno,2024,immigrati_estero,3
017110,Monno,2019,immigrati_interni,17
017110,Monno,2020,immigrati_interni,8
017110,Monno,2021,immigrati_interni,9
017110,Monno,2022,immigrati_interni,14
017110,Monno,2023,immigrati_interni,11
017110,Monno,2024,immigrati_interni,5
017110,Monno,2019,morti,8
017110,Monno,2020,morti,5
017110,Monno,2021,morti,7
017110,Monno,2022,morti,10
017110,Monno,2023,morti,8
017110,Monno,2024,morti,7
017110,Monno,2019,nati,3
017110,Monno,2020,nati,5
017110,Monno,2021,nati,1
017110,Monno,2022,nati,4
017110,Monno,2023,nati,4
017110,Monno,2024,nati,7
017110,Monno,2019,popolazione_censita,519
017110,Monno,2020,popolazione_censita,528
017110,Monno,2021,popolazione_censita,515
017110,Monno,2022,popolazione_censita,512
017110,Monno,2023,popolazione_censita,516
017110,Monno,2024,popolazione_censita,521
017110,Monno,2019,popolazione_fine,518
017110,Monno,2020,popolazione_fine,511
017110,Monno,2021,popolazione_fine,515
017110,Monno,2022,popolazione_fine,512
017110,Monno,2023,popolazione_fine,516
017110,Monno,2024,popolazione_fine,520
017110,Monno,2019,popolazione_inizio,519
017110,Monno,2020,popolazione_inizio,519
017110,Monno,2021,popolazione_inizio,528
017110,Monno,2022,popolazione_inizio,515
017110,Monno,2023,popolazione_inizio,512
017110,Monno,2024,popolazione_inizio,516
017110,Monno,2019,variazioni_territoriali,0
017110,Monno,2020,variazioni_territoriali,0
017110,Monno,2021,variazioni_territoriali,0
017110,Monno,2022,variazioni_territoriali,0
017110,Monno,2023,variazioni_territoriali,0
017110,Monno,2024,variazioni_territoriali,0
017111,Monte Isola,2019,aggiustamento_statistico,-1
017111,Monte Isola,2020,aggiustamento_statistico,-2
017111,Monte Isola,2021,aggiustamento_statistico,-1
017111,Monte Isola,2022,aggiustamento_statistico,2
017111,Monte Isola,2023,aggiustamento_statistico,2
017111,Monte Isola,2024,aggiustamento_statistico,-1
017111,Monte Isola,2019,emigrati_estero,2
017111,Monte Isola,2020,emigrati_estero,0
017111,Monte Isola,2021,emigrati_estero,2
017111,Monte Isola,2022,emigrati_estero,2
017111,Monte Isola,2023,emigrati_estero,4
017111,Monte Isola,2024,emigrati_estero,0
017111,Monte Isola,2019,emigrati_interni,22
017111,Monte Isola,2020,emigrati_interni,28
017111,Monte Isola,2021,emigrati_interni,17
017111,Monte Isola,2022,emigrati_interni,16
017111,Monte Isola,2023,emigrati_interni,23
017111,Monte Isola,2024,emigrati_interni,21
017111,Monte Isola,2019,immigrati_estero,4
017111,Monte Isola,2020,immigrati_estero,1
017111,Monte Isola,2021,immigrati_estero,3
017111,Monte Isola,2022,immigrati_estero,5
017111,Monte Isola,2023,immigrati_estero,1
017111,Monte Isola,2024,immigrati_estero,3
017111,Monte Isola,2019,immigrati_interni,11
017111,Monte Isola,2020,immigrati_interni,12
017111,Monte Isola,2021,immigrati_interni,15
017111,Monte Isola,2022,immigrati_interni,18
017111,Monte Isola,2023,immigrati_interni,26
017111,Monte Isola,2024,immigrati_interni,13
017111,Monte Isola,2019,morti,16
017111,Monte Isola,2020,morti,31
017111,Monte Isola,2021,morti,21
017111,Monte Isola,2022,morti,23
017111,Monte Isola,2023,morti,16
017111,Monte Isola,2024,morti,26
017111,Monte Isola,2019,nati,7
017111,Monte Isola,2020,nati,6
017111,Monte Isola,2021,nati,7
017111,Monte Isola,2022,nati,9
017111,Monte Isola,2023,nati,4
017111,Monte Isola,2024,nati,8
017111,Monte Isola,2019,popolazione_censita,1686
017111,Monte Isola,2020,popolazione_censita,1644
017111,Monte Isola,2021,popolazione_censita,1628
017111,Monte Isola,2022,popolazione_censita,1621
017111,Monte Isola,2023,popolazione_censita,1611
017111,Monte Isola,2024,popolazione_censita,1587
017111,Monte Isola,2019,popolazione_fine,1687
017111,Monte Isola,2020,popolazione_fine,1646
017111,Monte Isola,2021,popolazione_fine,1629
017111,Monte Isola,2022,popolazione_fine,1619
017111,Monte Isola,2023,popolazione_fine,1609
017111,Monte Isola,2024,popolazione_fine,1588
017111,Monte Isola,2019,popolazione_inizio,1705
017111,Monte Isola,2020,popolazione_inizio,1686
017111,Monte Isola,2021,popolazione_inizio,1644
017111,Monte Isola,2022,popolazione_inizio,1628
017111,Monte Isola,2023,popolazione_inizio,1621
017111,Monte Isola,2024,popolazione_inizio,1611
017111,Monte Isola,2019,variazioni_territoriali,0
017111,Monte Isola,2020,variazioni_territoriali,0
017111,Monte Isola,2021,variazioni_territoriali,0
017111,Monte Isola,2022,variazioni_territoriali,0
017111,Monte Isola,2023,variazioni_territoriali,0
017111,Monte Isola,2024,variazioni_territoriali,0
017112,Monticelli Brusati,2019,aggiustamento_statistico,-18
017112,Monticelli Brusati,2020,aggiustamento_statistico,9
017112,Monticelli Brusati,2021,aggiustamento_statistico,-3
017112,Monticelli Brusati,2022,aggiustamento_statistico,1
017112,Monticelli Brusati,2023,aggiustamento_statistico,0
017112,Monticelli Brusati,2024,aggiustamento_statistico,7
017112,Monticelli Brusati,2019,emigrati_estero,14
017112,Monticelli Brusati,2020,emigrati_estero,12
017112,Monticelli Brusati,2021,emigrati_estero,5
017112,Monticelli Brusati,2022,emigrati_estero,4
017112,Monticelli Brusati,2023,emigrati_estero,6
017112,Monticelli Brusati,2024,emigrati_estero,8
017112,Monticelli Brusati,2019,emigrati_interni,126
017112,Monticelli Brusati,2020,emigrati_interni,109
017112,Monticelli Brusati,2021,emigrati_interni,124
017112,Monticelli Brusati,2022,emigrati_interni,134
017112,Monticelli Brusati,2023,emigrati_interni,124
017112,Monticelli Brusati,2024,emigrati_interni,143
017112,Monticelli Brusati,2019,immigrati_estero,9
017112,Monticelli Brusati,2020,immigrati_estero,11
017112,Monticelli Brusati,2021,immigrati_estero,6
017112,Monticelli Brusati,2022,immigrati_estero,5
017112,Monticelli Brusati,2023,immigrati_estero,9
017112,Monticelli Brusati,2024,immigrati_estero,11
017112,Monticelli Brusati,2019,immigrati_interni,155
017112,Monticelli Brusati,2020,immigrati_interni,156
017112,Monticelli Brusati,2021,immigrati_interni,121
017112,Monticelli Brusati,2022,immigrati_interni,165
017112,Monticelli Brusati,2023,immigrati_interni,124
017112,Monticelli Brusati,2024,immigrati_interni,129
017112,Monticelli Brusati,2019,morti,25
017112,Monticelli Brusati,2020,morti,49
017112,Monticelli Brusati,2021,morti,24
017112,Monticelli Brusati,2022,morti,35
017112,Monticelli Brusati,2023,morti,29
017112,Monticelli Brusati,2024,morti,27
017112,Monticelli Brusati,2019,nati,34
017112,Monticelli Brusati,2020,nati,24
017112,Monticelli Brusati,2021,nati,34
017112,Monticelli Brusati,2022,nati,32
017112,Monticelli Brusati,2023,nati,26
017112,Monticelli Brusati,2024,nati,32
017112,Monticelli Brusati,2019,popolazione_censita,4533
017112,Monticelli Brusati,2020,popolazione_censita,4563
017112,Monticelli Brusati,2021,popolazione_censita,4568
017112,Monticelli Brusati,2022,popolazione_censita,4598
017112,Monticelli Brusati,2023,popolazione_censita,4598
017112,Monticelli Brusati,2024,popolazione_censita,4599
017112,Monticelli Brusati,2019,popolazione_fine,4551
017112,Monticelli Brusati,2020,popolazione_fine,4554
017112,Monticelli Brusati,2021,popolazione_fine,4571
017112,Monticelli Brusati,2022,popolazione_fine,4597
017112,Monticelli Brusati,2023,popolazione_fine,4598
017112,Monticelli Brusati,2024,popolazione_fine,4592
017112,Monticelli Brusati,2019,popolazione_inizio,4518
017112,Monticelli Brusati,2020,popolazione_inizio,4533
017112,Monticelli Brusati,2021,popolazione_inizio,4563
017112,Monticelli Brusati,2022,popolazione_inizio,4568
017112,Monticelli Brusati,2023,popolazione_inizio,4598
017112,Monticelli Brusati,2024,popolazione_inizio,4598
017112,Monticelli Brusati,2019,variazioni_territoriali,0
017112,Monticelli Brusati,2020,variazioni_territoriali,0
017112,Monticelli Brusati,2021,variazioni_territoriali,0
017112,Monticelli Brusati,2022,variazioni_territoriali,0
017112,Monticelli Brusati,2023,variazioni_territoriali,0
017112,Monticelli Brusati,2024,variazioni_territoriali,0
017113,Montichiari,2019,aggiustamento_statistico,-30
017113,Montichiari,2020,aggiustamento_statistico,190
017113,Montichiari,2021,aggiustamento_statistico,-101
017113,Montichiari,2022,aggiustamento_statistico,1
017113,Montichiari,2023,aggiustamento_statistico,-178
017113,Montichiari,2024,aggiustamento_statistico,-37
017113,Montichiari,2019,emigrati_estero,104
017113,Montichiari,2020,emigrati_estero,151
017113,Montichiari,2021,emigrati_estero,89
017113,Montichiari,2022,emigrati_estero,104
017113,Montichiari,2023,emigrati_estero,101
017113,Montichiari,2024,emigrati_estero,176
017113,Montichiari,2019,emigrati_interni,748
017113,Montichiari,2020,emigrati_interni,584
017113,Montichiari,2021,emigrati_interni,637
017113,Montichiari,2022,emigrati_interni,694
017113,Montichiari,2023,emigrati_interni,638
017113,Montichiari,2024,emigrati_interni,645
017113,Montichiari,2019,immigrati_estero,185
017113,Montichiari,2020,immigrati_estero,94
017113,Montichiari,2021,immigrati_estero,174
017113,Montichiari,2022,immigrati_estero,194
017113,Montichiari,2023,immigrati_estero,221
017113,Montichiari,2024,immigrati_estero,286
017113,Montichiari,2019,immigrati_interni,853
017113,Montichiari,2020,immigrati_interni,736
017113,Montichiari,2021,immigrati_interni,751
017113,Montichiari,2022,immigrati_interni,707
017113,Montichiari,2023,immigrati_interni,664
017113,Montichiari,2024,immigrati_interni,667
017113,Montichiari,2019,morti,176
017113,Montichiari,2020,morti,241
017113,Montichiari,2021,morti,237
017113,Montichiari,2022,morti,208
017113,Montichiari,2023,morti,191
017113,Montichiari,2024,morti,179
017113,Montichiari,2019,nati,225
017113,Montichiari,2020,nati,193
017113,Montichiari,2021,nati,216
017113,Montichiari,2022,nati,196
017113,Montichiari,2023,nati,213
017113,Montichiari,2024,nati,185
017113,Montichiari,2019,popolazione_censita,25774
017113,Montichiari,2020,popolazione_censita,26011
017113,Montichiari,2021,popolazione_censita,26088
017113,Montichiari,2022,popolazione_censita,26180
017113,Montichiari,2023,popolazione_censita,26170
017113,Montichiari,2024,popolazione_censita,26271
017113,Montichiari,2019,popolazione_fine,25804
017113,Montichiari,2020,popolazione_fine,25821
017113,Montichiari,2021,popolazione_fine,26189
017113,Montichiari,2022,popolazione_fine,26179
017113,Montichiari,2023,popolazione_fine,26348
017113,Montichiari,2024,popolazione_fine,26308
017113,Montichiari,2019,popolazione_inizio,25569
017113,Montichiari,2020,popolazione_inizio,25774
017113,Montichiari,2021,popolazione_inizio,26011
017113,Montichiari,2022,popolazione_inizio,26088
017113,Montichiari,2023,popolazione_inizio,26180
017113,Montichiari,2024,popolazione_inizio,26170
017113,Montichiari,2019,variazioni_territoriali,0
017113,Montichiari,2020,variazioni_territoriali,0
017113,Montichiari,2021,variazioni_territoriali,0
017113,Montichiari,2022,variazioni_territoriali,0
017113,Montichiari,2023,variazioni_territoriali,0
017113,Montichiari,2024,variazioni_territoriali,0
017114,Montirone,2019,aggiustamento_statistico,-5
017114,Montirone,2020,aggiustamento_statistico,52
017114,Montirone,2021,aggiustamento_statistico,-13
017114,Montirone,2022,aggiustamento_statistico,-5
017114,Montirone,2023,aggiustamento_statistico,8
017114,Montirone,2024,aggiustamento_statistico,8
017114,Montirone,2019,emigrati_estero,15
017114,Montirone,2020,emigrati_estero,13
017114,Montirone,2021,emigrati_estero,15
017114,Montirone,2022,emigrati_estero,16
017114,Montirone,2023,emigrati_estero,7
017114,Montirone,2024,emigrati_estero,11
017114,Montirone,2019,emigrati_interni,202
017114,Montirone,2020,emigrati_interni,181
017114,Montirone,2021,emigrati_interni,196
017114,Montirone,2022,emigrati_interni,184
017114,Montirone,2023,emigrati_interni,190
017114,Montirone,2024,emigrati_interni,171
017114,Montirone,2019,immigrati_estero,38
017114,Montirone,2020,immigrati_estero,8
017114,Montirone,2021,immigrati_estero,22
017114,Montirone,2022,immigrati_estero,21
017114,Montirone,2023,immigrati_estero,12
017114,Montirone,2024,immigrati_estero,28
017114,Montirone,2019,immigrati_interni,155
017114,Montirone,2020,immigrati_interni,164
017114,Montirone,2021,immigrati_interni,172
017114,Montirone,2022,immigrati_interni,181
017114,Montirone,2023,immigrati_interni,169
017114,Montirone,2024,immigrati_interni,197
017114,Montirone,2019,morti,28
017114,Montirone,2020,morti,57
017114,Montirone,2021,morti,33
017114,Montirone,2022,morti,40
017114,Montirone,2023,morti,35
017114,Montirone,2024,morti,36
017114,Montirone,2019,nati,38
017114,Montirone,2020,nati,32
017114,Montirone,2021,nati,50
017114,Montirone,2022,nati,43
017114,Montirone,2023,nati,42
017114,Montirone,2024,nati,36
017114,Montirone,2019,popolazione_censita,5072
017114,Montirone,2020,popolazione_censita,5077
017114,Montirone,2021,popolazione_censita,5064
017114,Montirone,2022,popolazione_censita,5064
017114,Montirone,2023,popolazione_censita,5063
017114,Montirone,2024,popolazione_censita,5114
017114,Montirone,2019,popolazione_fine,5077
017114,Montirone,2020,popolazione_fine,5025
017114,Montirone,2021,popolazione_fine,5077
017114,Montirone,2022,popolazione_fine,5069
017114,Montirone,2023,popolazione_fine,5055
017114,Montirone,2024,popolazione_fine,5106
017114,Montirone,2019,popolazione_inizio,5091
017114,Montirone,2020,popolazione_inizio,5072
017114,Montirone,2021,popolazione_inizio,5077
017114,Montirone,2022,popolazione_inizio,5064
017114,Montirone,2023,popolazione_inizio,5064
017114,Montirone,2024,popolazione_inizio,5063
017114,Montirone,2019,variazioni_territoriali,0
017114,Montirone,2020,variazioni_territoriali,0
017114,Montirone,2021,variazioni_territoriali,0
017114,Montirone,2022,variazioni_territoriali,0
017114,Montirone,2023,variazioni_territoriali,0
017114,Montirone,2024,variazioni_territoriali,0
017115,Mura,2019,aggiustamento_statistico,-1
017115,Mura,2020,aggiustamento_statistico,2
017115,Mura,2021,aggiustamento_statistico,0
017115,Mura,2022,aggiustamento_statistico,-1
017115,Mura,2023,aggiustamento_statistico,0
017115,Mura,2024,aggiustamento_statistico,1
017115,Mura,2019,emigrati_estero,2
017115,Mura,2020,emigrati_estero,2
017115,Mura,2021,emigrati_estero,0
017115,Mura,2022,emigrati_estero,0
017115,Mura,2023,emigrati_estero,0
017115,Mura,2024,emigrati_estero,0
017115,Mura,2019,emigrati_interni,14
017115,Mura,2020,emigrati_interni,9
017115,Mura,2021,emigrati_interni,23
017115,Mura,2022,emigrati_interni,15
017115,Mura,2023,emigrati_interni,12
017115,Mura,2024,emigrati_interni,26
017115,Mura,2019,immigrati_estero,0
017115,Mura,2020,immigrati_estero,2
017115,Mura,2021,immigrati_estero,3
017115,Mura,2022,immigrati_estero,9
017115,Mura,2023,immigrati_estero,4
017115,Mura,2024,immigrati_estero,4
017115,Mura,2019,immigrati_interni,21
017115,Mura,2020,immigrati_interni,11
017115,Mura,2021,immigrati_interni,27
017115,Mura,2022,immigrati_interni,18
017115,Mura,2023,immigrati_interni,17
017115,Mura,2024,immigrati_interni,6
017115,Mura,2019,morti,3
017115,Mura,2020,morti,14
017115,Mura,2021,morti,12
017115,Mura,2022,morti,11
017115,Mura,2023,morti,10
017115,Mura,2024,morti,1
017115,Mura,2019,nati,5
017115,Mura,2020,nati,8
017115,Mura,2021,nati,3
017115,Mura,2022,nati,3
017115,Mura,2023,nati,3
017115,Mura,2024,nati,5
017115,Mura,2019,popolazione_censita,778
017115,Mura,2020,popolazione_censita,776
017115,Mura,2021,popolazione_censita,774
017115,Mura,2022,popolazione_censita,777
017115,Mura,2023,popolazione_censita,779
017115,Mura,2024,popolazione_censita,768
017115,Mura,2019,popolazione_fine,779
017115,Mura,2020,popolazione_fine,774
017115,Mura,2021,popolazione_fine,774
017115,Mura,2022,popolazione_fine,778
017115,Mura,2023,popolazione_fine,779
017115,Mura,2024,popolazione_fine,767
017115,Mura,2019,popolazione_inizio,772
017115,Mura,2020,popolazione_inizio,778
017115,Mura,2021,popolazione_inizio,776
017115,Mura,2022,popolazione_inizio,774
017115,Mura,2023,popolazione_inizio,777
017115,Mura,2024,popolazione_inizio,779
017115,Mura,2019,variazioni_territoriali,0
017115,Mura,2020,variazioni_territoriali,0
017115,Mura,2021,variazioni_territoriali,0
017115,Mura,2022,variazioni_territoriali,0
017115,Mura,2023,variazioni_territoriali,0
017115,Mura,2024,variazioni_territoriali,0
017116,Muscoline,2019,aggiustamento_statistico,5
017116,Muscoline,2020,aggiustamento_statistico,7
017116,Muscoline,2021,aggiustamento_statistico,5
017116,Muscoline,2022,aggiustamento_statistico,3
017116,Muscoline,2023,aggiustamento_statistico,-7
017116,Muscoline,2024,aggiustamento_statistico,3
017116,Muscoline,2019,emigrati_estero,8
017116,Muscoline,2020,emigrati_estero,1
017116,Muscoline,2021,emigrati_estero,5
017116,Muscoline,2022,emigrati_estero,2
017116,Muscoline,2023,emigrati_estero,14
017116,Muscoline,2024,emigrati_estero,11
017116,Muscoline,2019,emigrati_interni,109
017116,Muscoline,2020,emigrati_interni,76
017116,Muscoline,2021,emigrati_interni,80
017116,Muscoline,2022,emigrati_interni,99
017116,Muscoline,2023,emigrati_interni,74
017116,Muscoline,2024,emigrati_interni,77
017116,Muscoline,2019,immigrati_estero,8
017116,Muscoline,2020,immigrati_estero,3
017116,Muscoline,2021,immigrati_estero,5
017116,Muscoline,2022,immigrati_estero,10
017116,Muscoline,2023,immigrati_estero,15
017116,Muscoline,2024,immigrati_estero,6
017116,Muscoline,2019,immigrati_interni,102
017116,Muscoline,2020,immigrati_interni,73
017116,Muscoline,2021,immigrati_interni,114
017116,Muscoline,2022,immigrati_interni,113
017116,Muscoline,2023,immigrati_interni,75
017116,Muscoline,2024,immigrati_interni,92
017116,Muscoline,2019,morti,25
017116,Muscoline,2020,morti,18
017116,Muscoline,2021,morti,22
017116,Muscoline,2022,morti,23
017116,Muscoline,2023,morti,16
017116,Muscoline,2024,morti,22
017116,Muscoline,2019,nati,19
017116,Muscoline,2020,nati,12
017116,Muscoline,2021,nati,10
017116,Muscoline,2022,nati,15
017116,Muscoline,2023,nati,16
017116,Muscoline,2024,nati,15
017116,Muscoline,2019,popolazione_censita,2653
017116,Muscoline,2020,popolazione_censita,2653
017116,Muscoline,2021,popolazione_censita,2680
017116,Muscoline,2022,popolazione_censita,2697
017116,Muscoline,2023,popolazione_censita,2692
017116,Muscoline,2024,popolazione_censita,2698
017116,Muscoline,2019,popolazione_fine,2648
017116,Muscoline,2020,popolazione_fine,2646
017116,Muscoline,2021,popolazione_fine,2675
017116,Muscoline,2022,popolazione_fine,2694
017116,Muscoline,2023,popolazione_fine,2699
017116,Muscoline,2024,popolazione_fine,2695
017116,Muscoline,2019,popolazione_inizio,2661
017116,Muscoline,2020,popolazione_inizio,2653
017116,Muscoline,2021,popolazione_inizio,2653
017116,Muscoline,2022,popolazione_inizio,2680
017116,Muscoline,2023,popolazione_inizio,2697
017116,Muscoline,2024,popolazione_inizio,2692
017116,Muscoline,2019,variazioni_territoriali,0
017116,Muscoline,2020,variazioni_territoriali,0
017116,Muscoline,2021,variazioni_territoriali,0
017116,Muscoline,2022,variazioni_territoriali,0
017116,Muscoline,2023,variazioni_territoriali,0
017116,Muscoline,2024,variazioni_territoriali,0
017117,Nave,2019,aggiustamento_statistico,8
017117,Nave,2020,aggiustamento_statistico,190
017117,Nave,2021,aggiustamento_statistico,13
017117,Nave,2022,aggiustamento_statistico,13
017117,Nave,2023,aggiustamento_statistico,12
017117,Nave,2024,aggiustamento_statistico,-3
017117,Nave,2019,emigrati_estero,41
017117,Nave,2020,emigrati_estero,19
017117,Nave,2021,emigrati_estero,15
017117,Nave,2022,emigrati_estero,29
017117,Nave,2023,emigrati_estero,14
017117,Nave,2024,emigrati_estero,25
017117,Nave,2019,emigrati_interni,242
017117,Nave,2020,emigrati_interni,235
017117,Nave,2021,emigrati_interni,280
017117,Nave,2022,emigrati_interni,307
017117,Nave,2023,emigrati_interni,278
017117,Nave,2024,emigrati_interni,259
017117,Nave,2019,immigrati_estero,33
017117,Nave,2020,immigrati_estero,32
017117,Nave,2021,immigrati_estero,18
017117,Nave,2022,immigrati_estero,44
017117,Nave,2023,immigrati_estero,45
017117,Nave,2024,immigrati_estero,37
017117,Nave,2019,immigrati_interni,247
017117,Nave,2020,immigrati_interni,265
017117,Nave,2021,immigrati_interni,308
017117,Nave,2022,immigrati_interni,292
017117,Nave,2023,immigrati_interni,339
017117,Nave,2024,immigrati_interni,270
017117,Nave,2019,morti,110
017117,Nave,2020,morti,148
017117,Nave,2021,morti,120
017117,Nave,2022,morti,142
017117,Nave,2023,morti,103
017117,Nave,2024,morti,124
017117,Nave,2019,nati,52
017117,Nave,2020,nati,68
017117,Nave,2021,nati,76
017117,Nave,2022,nati,54
017117,Nave,2023,nati,49
017117,Nave,2024,nati,56
017117,Nave,2019,popolazione_censita,10487
017117,Nave,2020,popolazione_censita,10640
017117,Nave,2021,popolazione_censita,10640
017117,Nave,2022,popolazione_censita,10565
017117,Nave,2023,popolazione_censita,10615
017117,Nave,2024,popolazione_censita,10567
017117,Nave,2019,popolazione_fine,10479
017117,Nave,2020,popolazione_fine,10450
017117,Nave,2021,popolazione_fine,10627
017117,Nave,2022,popolazione_fine,10552
017117,Nave,2023,popolazione_fine,10603
017117,Nave,2024,popolazione_fine,10570
017117,Nave,2019,popolazione_inizio,10540
017117,Nave,2020,popolazione_inizio,10487
017117,Nave,2021,popolazione_inizio,10640
017117,Nave,2022,popolazione_inizio,10640
017117,Nave,2023,popolazione_inizio,10565
017117,Nave,2024,popolazione_inizio,10615
017117,Nave,2019,variazioni_territoriali,0
017117,Nave,2020,variazioni_territoriali,0
017117,Nave,2021,variazioni_territoriali,0
017117,Nave,2022,variazioni_territoriali,0
017117,Nave,2023,variazioni_territoriali,0
017117,Nave,2024,variazioni_territoriali,0
017118,Niardo,2019,aggiustamento_statistico,-1
017118,Niardo,2020,aggiustamento_statistico,-3
017118,Niardo,2021,aggiustamento_statistico,-5
017118,Niardo,2022,aggiustamento_statistico,-5
017118,Niardo,2023,aggiustamento_statistico,-1
017118,Niardo,2024,aggiustamento_statistico,2
017118,Niardo,2019,emigrati_estero,2
017118,Niardo,2020,emigrati_estero,4
017118,Niardo,2021,emigrati_estero,4
017118,Niardo,2022,emigrati_estero,3
017118,Niardo,2023,emigrati_estero,6
017118,Niardo,2024,emigrati_estero,1
017118,Niardo,2019,emigrati_interni,65
017118,Niardo,2020,emigrati_interni,75
017118,Niardo,2021,emigrati_interni,51
017118,Niardo,2022,emigrati_interni,59
017118,Niardo,2023,emigrati_interni,47
017118,Niardo,2024,emigrati_interni,45
017118,Niardo,2019,immigrati_estero,12
017118,Niardo,2020,immigrati_estero,5
017118,Niardo,2021,immigrati_estero,10
017118,Niardo,2022,immigrati_estero,5
017118,Niardo,2023,immigrati_estero,4
017118,Niardo,2024,immigrati_estero,4
017118,Niardo,2019,immigrati_interni,51
017118,Niardo,2020,immigrati_interni,56
017118,Niardo,2021,immigrati_interni,43
017118,Niardo,2022,immigrati_interni,39
017118,Niardo,2023,immigrati_interni,74
017118,Niardo,2024,immigrati_interni,37
017118,Niardo,2019,morti,17
017118,Niardo,2020,morti,18
017118,Niardo,2021,morti,24
017118,Niardo,2022,morti,20
017118,Niardo,2023,morti,16
017118,Niardo,2024,morti,24
017118,Niardo,2019,nati,13
017118,Niardo,2020,nati,14
017118,Niardo,2021,nati,12
017118,Niardo,2022,nati,19
017118,Niardo,2023,nati,12
017118,Niardo,2024,nati,11
017118,Niardo,2019,popolazione_censita,2012
017118,Niardo,2020,popolazione_censita,1987
017118,Niardo,2021,popolazione_censita,1968
017118,Niardo,2022,popolazione_censita,1944
017118,Niardo,2023,popolazione_censita,1964
017118,Niardo,2024,popolazione_censita,1948
017118,Niardo,2019,popolazione_fine,2013
017118,Niardo,2020,popolazione_fine,1990
017118,Niardo,2021,popolazione_fine,1973
017118,Niardo,2022,popolazione_fine,1949
017118,Niardo,2023,popolazione_fine,1965
017118,Niardo,2024,popolazione_fine,1946
017118,Niardo,2019,popolazione_inizio,2021
017118,Niardo,2020,popolazione_inizio,2012
017118,Niardo,2021,popolazione_inizio,1987
017118,Niardo,2022,popolazione_inizio,1968
017118,Niardo,2023,popolazione_inizio,1944
017118,Niardo,2024,popolazione_inizio,1964
017118,Niardo,2019,variazioni_territoriali,0
017118,Niardo,2020,variazioni_territoriali,0
017118,Niardo,2021,variazioni_territoriali,0
017118,Niardo,2022,variazioni_territoriali,0
017118,Niardo,2023,variazioni_territoriali,0
017118,Niardo,2024,variazioni_territoriali,0
017119,Nuvolento,2019,aggiustamento_statistico,-33
017119,Nuvolento,2020,aggiustamento_statistico,-7
017119,Nuvolento,2021,aggiustamento_statistico,-18
017119,Nuvolento,2022,aggiustamento_statistico,-6
017119,Nuvolento,2023,aggiustamento_statistico,-1
017119,Nuvolento,2024,aggiustamento_statistico,0
017119,Nuvolento,2019,emigrati_estero,12
017119,Nuvolento,2020,emigrati_estero,2
017119,Nuvolento,2021,emigrati_estero,5
017119,Nuvolento,2022,emigrati_estero,2
017119,Nuvolento,2023,emigrati_estero,4
017119,Nuvolento,2024,emigrati_estero,10
017119,Nuvolento,2019,emigrati_interni,140
017119,Nuvolento,2020,emigrati_interni,110
017119,Nuvolento,2021,emigrati_interni,151
017119,Nuvolento,2022,emigrati_interni,136
017119,Nuvolento,2023,emigrati_interni,130
017119,Nuvolento,2024,emigrati_interni,119
017119,Nuvolento,2019,immigrati_estero,16
017119,Nuvolento,2020,immigrati_estero,7
017119,Nuvolento,2021,immigrati_estero,21
017119,Nuvolento,2022,immigrati_estero,33
017119,Nuvolento,2023,immigrati_estero,25
017119,Nuvolento,2024,immigrati_estero,29
017119,Nuvolento,2019,immigrati_interni,109
017119,Nuvolento,2020,immigrati_interni,117
017119,Nuvolento,2021,immigrati_interni,137
017119,Nuvolento,2022,immigrati_interni,144
017119,Nuvolento,2023,immigrati_interni,134
017119,Nuvolento,2024,immigrati_interni,147
017119,Nuvolento,2019,morti,27
017119,Nuvolento,2020,morti,39
017119,Nuvolento,2021,morti,33
017119,Nuvolento,2022,morti,34
017119,Nuvolento,2023,morti,44
017119,Nuvolento,2024,morti,31
017119,Nuvolento,2019,nati,27
017119,Nuvolento,2020,nati,22
017119,Nuvolento,2021,nati,26
017119,Nuvolento,2022,nati,26
017119,Nuvolento,2023,nati,30
017119,Nuvolento,2024,nati,31
017119,Nuvolento,2019,popolazione_censita,3900
017119,Nuvolento,2020,popolazione_censita,3888
017119,Nuvolento,2021,popolazione_censita,3865
017119,Nuvolento,2022,popolazione_censita,3890
017119,Nuvolento,2023,popolazione_censita,3900
017119,Nuvolento,2024,popolazione_censita,3947
017119,Nuvolento,2019,popolazione_fine,3933
017119,Nuvolento,2020,popolazione_fine,3895
017119,Nuvolento,2021,popolazione_fine,3883
017119,Nuvolento,2022,popolazione_fine,3896
017119,Nuvolento,2023,popolazione_fine,3901
017119,Nuvolento,2024,popolazione_fine,3947
017119,Nuvolento,2019,popolazione_inizio,3960
017119,Nuvolento,2020,popolazione_inizio,3900
017119,Nuvolento,2021,popolazione_inizio,3888
017119,Nuvolento,2022,popolazione_inizio,3865
017119,Nuvolento,2023,popolazione_inizio,3890
017119,Nuvolento,2024,popolazione_inizio,3900
017119,Nuvolento,2019,variazioni_territoriali,0
017119,Nuvolento,2020,variazioni_territoriali,0
017119,Nuvolento,2021,variazioni_territoriali,0
017119,Nuvolento,2022,variazioni_territoriali,0
017119,Nuvolento,2023,variazioni_territoriali,0
017119,Nuvolento,2024,variazioni_territoriali,0
017120,Nuvolera,2019,aggiustamento_statistico,-12
017120,Nuvolera,2020,aggiustamento_statistico,53
017120,Nuvolera,2021,aggiustamento_statistico,-14
017120,Nuvolera,2022,aggiustamento_statistico,0
017120,Nuvolera,2023,aggiustamento_statistico,-9
017120,Nuvolera,2024,aggiustamento_statistico,-10
017120,Nuvolera,2019,emigrati_estero,17
017120,Nuvolera,2020,emigrati_estero,12
017120,Nuvolera,2021,emigrati_estero,11
017120,Nuvolera,2022,emigrati_estero,8
017120,Nuvolera,2023,emigrati_estero,16
017120,Nuvolera,2024,emigrati_estero,15
017120,Nuvolera,2019,emigrati_interni,215
017120,Nuvolera,2020,emigrati_interni,184
017120,Nuvolera,2021,emigrati_interni,148
017120,Nuvolera,2022,emigrati_interni,174
017120,Nuvolera,2023,emigrati_interni,154
017120,Nuvolera,2024,emigrati_interni,170
017120,Nuvolera,2019,immigrati_estero,26
017120,Nuvolera,2020,immigrati_estero,10
017120,Nuvolera,2021,immigrati_estero,22
017120,Nuvolera,2022,immigrati_estero,14
017120,Nuvolera,2023,immigrati_estero,29
017120,Nuvolera,2024,immigrati_estero,29
017120,Nuvolera,2019,immigrati_interni,187
017120,Nuvolera,2020,immigrati_interni,158
017120,Nuvolera,2021,immigrati_interni,158
017120,Nuvolera,2022,immigrati_interni,180
017120,Nuvolera,2023,immigrati_interni,188
017120,Nuvolera,2024,immigrati_interni,161
017120,Nuvolera,2019,morti,35
017120,Nuvolera,2020,morti,47
017120,Nuvolera,2021,morti,43
017120,Nuvolera,2022,morti,21
017120,Nuvolera,2023,morti,38
017120,Nuvolera,2024,morti,39
017120,Nuvolera,2019,nati,47
017120,Nuvolera,2020,nati,47
017120,Nuvolera,2021,nati,26
017120,Nuvolera,2022,nati,34
017120,Nuvolera,2023,nati,39
017120,Nuvolera,2024,nati,35
017120,Nuvolera,2019,popolazione_censita,4680
017120,Nuvolera,2020,popolazione_censita,4705
017120,Nuvolera,2021,popolazione_censita,4695
017120,Nuvolera,2022,popolazione_censita,4720
017120,Nuvolera,2023,popolazione_censita,4759
017120,Nuvolera,2024,popolazione_censita,4750
017120,Nuvolera,2019,popolazione_fine,4692
017120,Nuvolera,2020,popolazione_fine,4652
017120,Nuvolera,2021,popolazione_fine,4709
017120,Nuvolera,2022,popolazione_fine,4720
017120,Nuvolera,2023,popolazione_fine,4768
017120,Nuvolera,2024,popolazione_fine,4760
017120,Nuvolera,2019,popolazione_inizio,4699
017120,Nuvolera,2020,popolazione_inizio,4680
017120,Nuvolera,2021,popolazione_inizio,4705
017120,Nuvolera,2022,popolazione_inizio,4695
017120,Nuvolera,2023,popolazione_inizio,4720
017120,Nuvolera,2024,popolazione_inizio,4759
017120,Nuvolera,2019,variazioni_territoriali,0
017120,Nuvolera,2020,variazioni_territoriali,0
017120,Nuvolera,2021,variazioni_territoriali,0
017120,Nuvolera,2022,variazioni_territoriali,0
017120,Nuvolera,2023,variazioni_territoriali,0
017120,Nuvolera,2024,variazioni_territoriali,0
017121,Odolo,2019,aggiustamento_statistico,-2
017121,Odolo,2020,aggiustamento_statistico,-20
017121,Odolo,2021,aggiustamento_statistico,9
017121,Odolo,2022,aggiustamento_statistico,1
017121,Odolo,2023,aggiustamento_statistico,3
017121,Odolo,2024,aggiustamento_statistico,5
017121,Odolo,2019,emigrati_estero,18
017121,Odolo,2020,emigrati_estero,3
017121,Odolo,2021,emigrati_estero,7
017121,Odolo,2022,emigrati_estero,7
017121,Odolo,2023,emigrati_estero,9
017121,Odolo,2024,emigrati_estero,5
017121,Odolo,2019,emigrati_interni,52
017121,Odolo,2020,emigrati_interni,55
017121,Odolo,2021,emigrati_interni,51
017121,Odolo,2022,emigrati_interni,65
017121,Odolo,2023,emigrati_interni,80
017121,Odolo,2024,emigrati_interni,85
017121,Odolo,2019,immigrati_estero,20
017121,Odolo,2020,immigrati_estero,12
017121,Odolo,2021,immigrati_estero,21
017121,Odolo,2022,immigrati_estero,16
017121,Odolo,2023,immigrati_estero,21
017121,Odolo,2024,immigrati_estero,50
017121,Odolo,2019,immigrati_interni,60
017121,Odolo,2020,immigrati_interni,46
017121,Odolo,2021,immigrati_interni,57
017121,Odolo,2022,immigrati_interni,48
017121,Odolo,2023,immigrati_interni,51
017121,Odolo,2024,immigrati_interni,61
017121,Odolo,2019,morti,19
017121,Odolo,2020,morti,21
017121,Odolo,2021,morti,17
017121,Odolo,2022,morti,19
017121,Odolo,2023,morti,24
017121,Odolo,2024,morti,16
017121,Odolo,2019,nati,20
017121,Odolo,2020,nati,22
017121,Odolo,2021,nati,18
017121,Odolo,2022,nati,16
017121,Odolo,2023,nati,9
017121,Odolo,2024,nati,9
017121,Odolo,2019,popolazione_censita,1916
017121,Odolo,2020,popolazione_censita,1897
017121,Odolo,2021,popolazione_censita,1927
017121,Odolo,2022,popolazione_censita,1917
017121,Odolo,2023,popolazione_censita,1888
017121,Odolo,2024,popolazione_censita,1907
017121,Odolo,2019,popolazione_fine,1918
017121,Odolo,2020,popolazione_fine,1917
017121,Odolo,2021,popolazione_fine,1918
017121,Odolo,2022,popolazione_fine,1916
017121,Odolo,2023,popolazione_fine,1885
017121,Odolo,2024,popolazione_fine,1902
017121,Odolo,2019,popolazione_inizio,1907
017121,Odolo,2020,popolazione_inizio,1916
017121,Odolo,2021,popolazione_inizio,1897
017121,Odolo,2022,popolazione_inizio,1927
017121,Odolo,2023,popolazione_inizio,1917
017121,Odolo,2024,popolazione_inizio,1888
017121,Odolo,2019,variazioni_territoriali,0
017121,Odolo,2020,variazioni_territoriali,0
017121,Odolo,2021,variazioni_territoriali,0
017121,Odolo,2022,variazioni_territoriali,0
017121,Odolo,2023,variazioni_territoriali,0
017121,Odolo,2024,variazioni_territoriali,0
017122,Offlaga,2019,aggiustamento_statistico,-15
017122,Offlaga,2020,aggiustamento_statistico,17
017122,Offlaga,2021,aggiustamento_statistico,12
017122,Offlaga,2022,aggiustamento_statistico,13
017122,Offlaga,2023,aggiustamento_statistico,-1
017122,Offlaga,2024,aggiustamento_statistico,-1
017122,Offlaga,2019,emigrati_estero,6
017122,Offlaga,2020,emigrati_estero,17
017122,Offlaga,2021,emigrati_estero,12
017122,Offlaga,2022,emigrati_estero,27
017122,Offlaga,2023,emigrati_estero,7
017122,Offlaga,2024,emigrati_estero,16
017122,Offlaga,2019,emigrati_interni,115
017122,Offlaga,2020,emigrati_interni,119
017122,Offlaga,2021,emigrati_interni,137
017122,Offlaga,2022,emigrati_interni,134
017122,Offlaga,2023,emigrati_interni,147
017122,Offlaga,2024,emigrati_interni,109
017122,Offlaga,2019,immigrati_estero,43
017122,Offlaga,2020,immigrati_estero,25
017122,Offlaga,2021,immigrati_estero,25
017122,Offlaga,2022,immigrati_estero,25
017122,Offlaga,2023,immigrati_estero,24
017122,Offlaga,2024,immigrati_estero,35
017122,Offlaga,2019,immigrati_interni,115
017122,Offlaga,2020,immigrati_interni,139
017122,Offlaga,2021,immigrati_interni,156
017122,Offlaga,2022,immigrati_interni,111
017122,Offlaga,2023,immigrati_interni,165
017122,Offlaga,2024,immigrati_interni,93
017122,Offlaga,2019,morti,28
017122,Offlaga,2020,morti,45
017122,Offlaga,2021,morti,39
017122,Offlaga,2022,morti,34
017122,Offlaga,2023,morti,36
017122,Offlaga,2024,morti,33
017122,Offlaga,2019,nati,30
017122,Offlaga,2020,nati,35
017122,Offlaga,2021,nati,34
017122,Offlaga,2022,nati,22
017122,Offlaga,2023,nati,26
017122,Offlaga,2024,nati,38
017122,Offlaga,2019,popolazione_censita,4043
017122,Offlaga,2020,popolazione_censita,4078
017122,Offlaga,2021,popolazione_censita,4117
017122,Offlaga,2022,popolazione_censita,4093
017122,Offlaga,2023,popolazione_censita,4117
017122,Offlaga,2024,popolazione_censita,4124
017122,Offlaga,2019,popolazione_fine,4058
017122,Offlaga,2020,popolazione_fine,4061
017122,Offlaga,2021,popolazione_fine,4105
017122,Offlaga,2022,popolazione_fine,4080
017122,Offlaga,2023,popolazione_fine,4118
017122,Offlaga,2024,popolazione_fine,4125
017122,Offlaga,2019,popolazione_inizio,4019
017122,Offlaga,2020,popolazione_inizio,4043
017122,Offlaga,2021,popolazione_inizio,4078
017122,Offlaga,2022,popolazione_inizio,4117
017122,Offlaga,2023,popolazione_inizio,4093
017122,Offlaga,2024,popolazione_inizio,4117
017122,Offlaga,2019,variazioni_territoriali,0
017122,Offlaga,2020,variazioni_territoriali,0
017122,Offlaga,2021,variazioni_territoriali,0
017122,Offlaga,2022,variazioni_territoriali,0
017122,Offlaga,2023,variazioni_territoriali,0
017122,Offlaga,2024,variazioni_territoriali,0
017123,Ome,2019,aggiustamento_statistico,-1
017123,Ome,2020,aggiustamento_statistico,-7
017123,Ome,2021,aggiustamento_statistico,-2
017123,Ome,2022,aggiustamento_statistico,1
017123,Ome,2023,aggiustamento_statistico,-1
017123,Ome,2024,aggiustamento_statistico,-1
017123,Ome,2019,emigrati_estero,12
017123,Ome,2020,emigrati_estero,7
017123,Ome,2021,emigrati_estero,9
017123,Ome,2022,emigrati_estero,6
017123,Ome,2023,emigrati_estero,7
017123,Ome,2024,emigrati_estero,8
017123,Ome,2019,emigrati_interni,78
017123,Ome,2020,emigrati_interni,96
017123,Ome,2021,emigrati_interni,95
017123,Ome,2022,emigrati_interni,84
017123,Ome,2023,emigrati_interni,105
017123,Ome,2024,emigrati_interni,97
017123,Ome,2019,immigrati_estero,14
017123,Ome,2020,immigrati_estero,12
017123,Ome,2021,immigrati_estero,9
017123,Ome,2022,immigrati_estero,16
017123,Ome,2023,immigrati_estero,9
017123,Ome,2024,immigrati_estero,19
017123,Ome,2019,immigrati_interni,79
017123,Ome,2020,immigrati_interni,99
017123,Ome,2021,immigrati_interni,85
017123,Ome,2022,immigrati_interni,96
017123,Ome,2023,immigrati_interni,101
017123,Ome,2024,immigrati_interni,79
017123,Ome,2019,morti,29
017123,Ome,2020,morti,33
017123,Ome,2021,morti,40
017123,Ome,2022,morti,34
017123,Ome,2023,morti,31
017123,Ome,2024,morti,31
017123,Ome,2019,nati,18
017123,Ome,2020,nati,23
017123,Ome,2021,nati,19
017123,Ome,2022,nati,22
017123,Ome,2023,nati,22
017123,Ome,2024,nati,16
017123,Ome,2019,popolazione_censita,3194
017123,Ome,2020,popolazione_censita,3185
017123,Ome,2021,popolazione_censita,3152
017123,Ome,2022,popolazione_censita,3163
017123,Ome,2023,popolazione_censita,3151
017123,Ome,2024,popolazione_censita,3128
017123,Ome,2019,popolazione_fine,3195
017123,Ome,2020,popolazione_fine,3192
017123,Ome,2021,popolazione_fine,3154
017123,Ome,2022,popolazione_fine,3162
017123,Ome,2023,popolazione_fine,3152
017123,Ome,2024,popolazione_fine,3129
017123,Ome,2019,popolazione_inizio,3203
017123,Ome,2020,popolazione_inizio,3194
017123,Ome,2021,popolazione_inizio,3185
017123,Ome,2022,popolazione_inizio,3152
017123,Ome,2023,popolazione_inizio,3163
017123,Ome,2024,popolazione_inizio,3151
017123,Ome,2019,variazioni_territoriali,0
017123,Ome,2020,variazioni_territoriali,0
017123,Ome,2021,variazioni_territoriali,0
017123,Ome,2022,variazioni_territoriali,0
017123,Ome,2023,variazioni_territoriali,0
017123,Ome,2024,variazioni_territoriali,0
017124,Ono San Pietro,2019,aggiustamento_statistico,2
017124,Ono San Pietro,2020,aggiustamento_statistico,3
017124,Ono San Pietro,2021,aggiustamento_statistico,-6
017124,Ono San Pietro,2022,aggiustamento_statistico,2
017124,Ono San Pietro,2023,aggiustamento_statistico,-1
017124,Ono San Pietro,2024,aggiustamento_statistico,2
017124,Ono San Pietro,2019,emigrati_estero,1
017124,Ono San Pietro,2020,emigrati_estero,0
017124,Ono San Pietro,2021,emigrati_estero,1
017124,Ono San Pietro,2022,emigrati_estero,0
017124,Ono San Pietro,2023,emigrati_estero,0
017124,Ono San Pietro,2024,emigrati_estero,1
017124,Ono San Pietro,2019,emigrati_interni,19
017124,Ono San Pietro,2020,emigrati_interni,11
017124,Ono San Pietro,2021,emigrati_interni,10
017124,Ono San Pietro,2022,emigrati_interni,26
017124,Ono San Pietro,2023,emigrati_interni,16
017124,Ono San Pietro,2024,emigrati_interni,26
017124,Ono San Pietro,2019,immigrati_estero,3
017124,Ono San Pietro,2020,immigrati_estero,1
017124,Ono San Pietro,2021,immigrati_estero,1
017124,Ono San Pietro,2022,immigrati_estero,8
017124,Ono San Pietro,2023,immigrati_estero,1
017124,Ono San Pietro,2024,immigrati_estero,3
017124,Ono San Pietro,2019,immigrati_interni,24
017124,Ono San Pietro,2020,immigrati_interni,8
017124,Ono San Pietro,2021,immigrati_interni,14
017124,Ono San Pietro,2022,immigrati_interni,23
017124,Ono San Pietro,2023,immigrati_interni,9
017124,Ono San Pietro,2024,immigrati_interni,31
017124,Ono San Pietro,2019,morti,6
017124,Ono San Pietro,2020,morti,12
017124,Ono San Pietro,2021,morti,11
017124,Ono San Pietro,2022,morti,13
017124,Ono San Pietro,2023,morti,11
017124,Ono San Pietro,2024,morti,5
017124,Ono San Pietro,2019,nati,9
017124,Ono San Pietro,2020,nati,7
017124,Ono San Pietro,2021,nati,5
017124,Ono San Pietro,2022,nati,7
017124,Ono San Pietro,2023,nati,5
017124,Ono San Pietro,2024,nati,4
017124,Ono San Pietro,2019,popolazione_censita,977
017124,Ono San Pietro,2020,popolazione_censita,973
017124,Ono San Pietro,2021,popolazione_censita,965
017124,Ono San Pietro,2022,popolazione_censita,966
017124,Ono San Pietro,2023,popolazione_censita,953
017124,Ono San Pietro,2024,popolazione_censita,961
017124,Ono San Pietro,2019,popolazione_fine,975
017124,Ono San Pietro,2020,popolazione_fine,970
017124,Ono San Pietro,2021,popolazione_fine,971
017124,Ono San Pietro,2022,popolazione_fine,964
017124,Ono San Pietro,2023,popolazione_fine,954
017124,Ono San Pietro,2024,popolazione_fine,959
017124,Ono San Pietro,2019,popolazione_inizio,965
017124,Ono San Pietro,2020,popolazione_inizio,977
017124,Ono San Pietro,2021,popolazione_inizio,973
017124,Ono San Pietro,2022,popolazione_inizio,965
017124,Ono San Pietro,2023,popolazione_inizio,966
017124,Ono San Pietro,2024,popolazione_inizio,953
017124,Ono San Pietro,2019,variazioni_territoriali,0
017124,Ono San Pietro,2020,variazioni_territoriali,0
017124,Ono San Pietro,2021,variazioni_territoriali,0
017124,Ono San Pietro,2022,variazioni_territoriali,0
017124,Ono San Pietro,2023,variazioni_territoriali,0
017124,Ono San Pietro,2024,variazioni_territoriali,0
017125,Orzinuovi,2019,aggiustamento_statistico,-1
017125,Orzinuovi,2020,aggiustamento_statistico,13
017125,Orzinuovi,2021,aggiustamento_statistico,-10
017125,Orzinuovi,2022,aggiustamento_statistico,-23
017125,Orzinuovi,2023,aggiustamento_statistico,-32
017125,Orzinuovi,2024,aggiustamento_statistico,-3
017125,Orzinuovi,2019,emigrati_estero,68
017125,Orzinuovi,2020,emigrati_estero,66
017125,Orzinuovi,2021,emigrati_estero,60
017125,Orzinuovi,2022,emigrati_estero,49
017125,Orzinuovi,2023,emigrati_estero,36
017125,Orzinuovi,2024,emigrati_estero,30
017125,Orzinuovi,2019,emigrati_interni,276
017125,Orzinuovi,2020,emigrati_interni,241
017125,Orzinuovi,2021,emigrati_interni,236
017125,Orzinuovi,2022,emigrati_interni,231
017125,Orzinuovi,2023,emigrati_interni,300
017125,Orzinuovi,2024,emigrati_interni,262
017125,Orzinuovi,2019,immigrati_estero,94
017125,Orzinuovi,2020,immigrati_estero,66
017125,Orzinuovi,2021,immigrati_estero,83
017125,Orzinuovi,2022,immigrati_estero,117
017125,Orzinuovi,2023,immigrati_estero,92
017125,Orzinuovi,2024,immigrati_estero,102
017125,Orzinuovi,2019,immigrati_interni,333
017125,Orzinuovi,2020,immigrati_interni,279
017125,Orzinuovi,2021,immigrati_interni,277
017125,Orzinuovi,2022,immigrati_interni,283
017125,Orzinuovi,2023,immigrati_interni,295
017125,Orzinuovi,2024,immigrati_interni,262
017125,Orzinuovi,2019,morti,121
017125,Orzinuovi,2020,morti,224
017125,Orzinuovi,2021,morti,108
017125,Orzinuovi,2022,morti,130
017125,Orzinuovi,2023,morti,140
017125,Orzinuovi,2024,morti,137
017125,Orzinuovi,2019,nati,93
017125,Orzinuovi,2020,nati,90
017125,Orzinuovi,2021,nati,77
017125,Orzinuovi,2022,nati,103
017125,Orzinuovi,2023,nati,104
017125,Orzinuovi,2024,nati,92
017125,Orzinuovi,2019,popolazione_censita,12432
017125,Orzinuovi,2020,popolazione_censita,12349
017125,Orzinuovi,2021,popolazione_censita,12372
017125,Orzinuovi,2022,popolazione_censita,12442
017125,Orzinuovi,2023,popolazione_censita,12425
017125,Orzinuovi,2024,popolazione_censita,12449
017125,Orzinuovi,2019,popolazione_fine,12433
017125,Orzinuovi,2020,popolazione_fine,12336
017125,Orzinuovi,2021,popolazione_fine,12382
017125,Orzinuovi,2022,popolazione_fine,12465
017125,Orzinuovi,2023,popolazione_fine,12457
017125,Orzinuovi,2024,popolazione_fine,12452
017125,Orzinuovi,2019,popolazione_inizio,12378
017125,Orzinuovi,2020,popolazione_inizio,12432
017125,Orzinuovi,2021,popolazione_inizio,12349
017125,Orzinuovi,2022,popolazione_inizio,12372
017125,Orzinuovi,2023,popolazione_inizio,12442
017125,Orzinuovi,2024,popolazione_inizio,12425
017125,Orzinuovi,2019,variazioni_territoriali,0
017125,Orzinuovi,2020,variazioni_territoriali,0
017125,Orzinuovi,2021,variazioni_territoriali,0
017125,Orzinuovi,2022,variazioni_territoriali,0
017125,Orzinuovi,2023,variazioni_territoriali,0
017125,Orzinuovi,2024,variazioni_territoriali,0
017126,Orzivecchi,2019,aggiustamento_statistico,-3
017126,Orzivecchi,2020,aggiustamento_statistico,-8
017126,Orzivecchi,2021,aggiustamento_statistico,2
017126,Orzivecchi,2022,aggiustamento_statistico,-2
017126,Orzivecchi,2023,aggiustamento_statistico,-1
017126,Orzivecchi,2024,aggiustamento_statistico,11
017126,Orzivecchi,2019,emigrati_estero,12
017126,Orzivecchi,2020,emigrati_estero,34
017126,Orzivecchi,2021,emigrati_estero,17
017126,Orzivecchi,2022,emigrati_estero,18
017126,Orzivecchi,2023,emigrati_estero,15
017126,Orzivecchi,2024,emigrati_estero,16
017126,Orzivecchi,2019,emigrati_interni,47
017126,Orzivecchi,2020,emigrati_interni,52
017126,Orzivecchi,2021,emigrati_interni,43
017126,Orzivecchi,2022,emigrati_interni,43
017126,Orzivecchi,2023,emigrati_interni,52
017126,Orzivecchi,2024,emigrati_interni,69
017126,Orzivecchi,2019,immigrati_estero,45
017126,Orzivecchi,2020,immigrati_estero,18
017126,Orzivecchi,2021,immigrati_estero,22
017126,Orzivecchi,2022,immigrati_estero,25
017126,Orzivecchi,2023,immigrati_estero,33
017126,Orzivecchi,2024,immigrati_estero,31
017126,Orzivecchi,2019,immigrati_interni,61
017126,Orzivecchi,2020,immigrati_interni,54
017126,Orzivecchi,2021,immigrati_interni,58
017126,Orzivecchi,2022,immigrati_interni,68
017126,Orzivecchi,2023,immigrati_interni,114
017126,Orzivecchi,2024,immigrati_interni,47
017126,Orzivecchi,2019,morti,29
017126,Orzivecchi,2020,morti,51
017126,Orzivecchi,2021,morti,28
017126,Orzivecchi,2022,morti,34
017126,Orzivecchi,2023,morti,38
017126,Orzivecchi,2024,morti,25
017126,Orzivecchi,2019,nati,17
017126,Orzivecchi,2020,nati,15
017126,Orzivecchi,2021,nati,20
017126,Orzivecchi,2022,nati,20
017126,Orzivecchi,2023,nati,19
017126,Orzivecchi,2024,nati,16
017126,Orzivecchi,2019,popolazione_censita,2474
017126,Orzivecchi,2020,popolazione_censita,2416
017126,Orzivecchi,2021,popolazione_censita,2430
017126,Orzivecchi,2022,popolazione_censita,2446
017126,Orzivecchi,2023,popolazione_censita,2506
017126,Orzivecchi,2024,popolazione_censita,2501
017126,Orzivecchi,2019,popolazione_fine,2477
017126,Orzivecchi,2020,popolazione_fine,2424
017126,Orzivecchi,2021,popolazione_fine,2428
017126,Orzivecchi,2022,popolazione_fine,2448
017126,Orzivecchi,2023,popolazione_fine,2507
017126,Orzivecchi,2024,popolazione_fine,2490
017126,Orzivecchi,2019,popolazione_inizio,2442
017126,Orzivecchi,2020,popolazione_inizio,2474
017126,Orzivecchi,2021,popolazione_inizio,2416
017126,Orzivecchi,2022,popolazione_inizio,2430
017126,Orzivecchi,2023,popolazione_inizio,2446
017126,Orzivecchi,2024,popolazione_inizio,2506
017126,Orzivecchi,2019,variazioni_territoriali,0
017126,Orzivecchi,2020,variazioni_territoriali,0
017126,Orzivecchi,2021,variazioni_territoriali,0
017126,Orzivecchi,2022,variazioni_territoriali,0
017126,Orzivecchi,2023,variazioni_territoriali,0
017126,Orzivecchi,2024,variazioni_territoriali,0
017127,Ospitaletto,2019,aggiustamento_statistico,-49
017127,Ospitaletto,2020,aggiustamento_statistico,434
017127,Ospitaletto,2021,aggiustamento_statistico,-23
017127,Ospitaletto,2022,aggiustamento_statistico,-5
017127,Ospitaletto,2023,aggiustamento_statistico,-42
017127,Ospitaletto,2024,aggiustamento_statistico,-55
017127,Ospitaletto,2019,emigrati_estero,89
017127,Ospitaletto,2020,emigrati_estero,75
017127,Ospitaletto,2021,emigrati_estero,50
017127,Ospitaletto,2022,emigrati_estero,71
017127,Ospitaletto,2023,emigrati_estero,54
017127,Ospitaletto,2024,emigrati_estero,70
017127,Ospitaletto,2019,emigrati_interni,438
017127,Ospitaletto,2020,emigrati_interni,432
017127,Ospitaletto,2021,emigrati_interni,439
017127,Ospitaletto,2022,emigrati_interni,424
017127,Ospitaletto,2023,emigrati_interni,424
017127,Ospitaletto,2024,emigrati_interni,376
017127,Ospitaletto,2019,immigrati_estero,108
017127,Ospitaletto,2020,immigrati_estero,78
017127,Ospitaletto,2021,immigrati_estero,120
017127,Ospitaletto,2022,immigrati_estero,124
017127,Ospitaletto,2023,immigrati_estero,200
017127,Ospitaletto,2024,immigrati_estero,139
017127,Ospitaletto,2019,immigrati_interni,464
017127,Ospitaletto,2020,immigrati_interni,402
017127,Ospitaletto,2021,immigrati_interni,433
017127,Ospitaletto,2022,immigrati_interni,466
017127,Ospitaletto,2023,immigrati_interni,425
017127,Ospitaletto,2024,immigrati_interni,381
017127,Ospitaletto,2019,morti,101
017127,Ospitaletto,2020,morti,155
017127,Ospitaletto,2021,morti,111
017127,Ospitaletto,2022,morti,112
017127,Ospitaletto,2023,morti,117
017127,Ospitaletto,2024,morti,114
017127,Ospitaletto,2019,nati,119
017127,Ospitaletto,2020,nati,111
017127,Ospitaletto,2021,nati,113
017127,Ospitaletto,2022,nati,103
017127,Ospitaletto,2023,nati,122
017127,Ospitaletto,2024,nati,96
017127,Ospitaletto,2019,popolazione_censita,14257
017127,Ospitaletto,2020,popolazione_censita,14620
017127,Ospitaletto,2021,popolazione_censita,14663
017127,Ospitaletto,2022,popolazione_censita,14744
017127,Ospitaletto,2023,popolazione_censita,14854
017127,Ospitaletto,2024,popolazione_censita,14855
017127,Ospitaletto,2019,popolazione_fine,14306
017127,Ospitaletto,2020,popolazione_fine,14186
017127,Ospitaletto,2021,popolazione_fine,14686
017127,Ospitaletto,2022,popolazione_fine,14749
017127,Ospitaletto,2023,popolazione_fine,14896
017127,Ospitaletto,2024,popolazione_fine,14910
017127,Ospitaletto,2019,popolazione_inizio,14243
017127,Ospitaletto,2020,popolazione_inizio,14257
017127,Ospitaletto,2021,popolazione_inizio,14620
017127,Ospitaletto,2022,popolazione_inizio,14663
017127,Ospitaletto,2023,popolazione_inizio,14744
017127,Ospitaletto,2024,popolazione_inizio,14854
017127,Ospitaletto,2019,variazioni_territoriali,0
017127,Ospitaletto,2020,variazioni_territoriali,0
017127,Ospitaletto,2021,variazioni_territoriali,0
017127,Ospitaletto,2022,variazioni_territoriali,0
017127,Ospitaletto,2023,variazioni_territoriali,0
017127,Ospitaletto,2024,variazioni_territoriali,0
017128,Ossimo,2019,aggiustamento_statistico,-2
017128,Ossimo,2020,aggiustamento_statistico,-22
017128,Ossimo,2021,aggiustamento_statistico,3
017128,Ossimo,2022,aggiustamento_statistico,1
017128,Ossimo,2023,aggiustamento_statistico,-1
017128,Ossimo,2024,aggiustamento_statistico,-1
017128,Ossimo,2019,emigrati_estero,39
017128,Ossimo,2020,emigrati_estero,56
017128,Ossimo,2021,emigrati_estero,20
017128,Ossimo,2022,emigrati_estero,15
017128,Ossimo,2023,emigrati_estero,14
017128,Ossimo,2024,emigrati_estero,8
017128,Ossimo,2019,emigrati_interni,29
017128,Ossimo,2020,emigrati_interni,53
017128,Ossimo,2021,emigrati_interni,42
017128,Ossimo,2022,emigrati_interni,37
017128,Ossimo,2023,emigrati_interni,45
017128,Ossimo,2024,emigrati_interni,44
017128,Ossimo,2019,immigrati_estero,93
017128,Ossimo,2020,immigrati_estero,22
017128,Ossimo,2021,immigrati_estero,19
017128,Ossimo,2022,immigrati_estero,18
017128,Ossimo,2023,immigrati_estero,6
017128,Ossimo,2024,immigrati_estero,6
017128,Ossimo,2019,immigrati_interni,56
017128,Ossimo,2020,immigrati_interni,44
017128,Ossimo,2021,immigrati_interni,41
017128,Ossimo,2022,immigrati_interni,68
017128,Ossimo,2023,immigrati_interni,37
017128,Ossimo,2024,immigrati_interni,48
017128,Ossimo,2019,morti,19
017128,Ossimo,2020,morti,24
017128,Ossimo,2021,morti,12
017128,Ossimo,2022,morti,21
017128,Ossimo,2023,morti,22
017128,Ossimo,2024,morti,11
017128,Ossimo,2019,nati,15
017128,Ossimo,2020,nati,9
017128,Ossimo,2021,nati,9
017128,Ossimo,2022,nati,5
017128,Ossimo,2023,nati,10
017128,Ossimo,2024,nati,5
017128,Ossimo,2019,popolazione_censita,1534
017128,Ossimo,2020,popolazione_censita,1454
017128,Ossimo,2021,popolazione_censita,1452
017128,Ossimo,2022,popolazione_censita,1471
017128,Ossimo,2023,popolazione_censita,1442
017128,Ossimo,2024,popolazione_censita,1437
017128,Ossimo,2019,popolazione_fine,1536
017128,Ossimo,2020,popolazione_fine,1476
017128,Ossimo,2021,popolazione_fine,1449
017128,Ossimo,2022,popolazione_fine,1470
017128,Ossimo,2023,popolazione_fine,1443
017128,Ossimo,2024,popolazione_fine,1438
017128,Ossimo,2019,popolazione_inizio,1459
017128,Ossimo,2020,popolazione_inizio,1534
017128,Ossimo,2021,popolazione_inizio,1454
017128,Ossimo,2022,popolazione_inizio,1452
017128,Ossimo,2023,popolazione_inizio,1471
017128,Ossimo,2024,popolazione_inizio,1442
017128,Ossimo,2019,variazioni_territoriali,0
017128,Ossimo,2020,variazioni_territoriali,0
017128,Ossimo,2021,variazioni_territoriali,0
017128,Ossimo,2022,variazioni_territoriali,0
017128,Ossimo,2023,variazioni_territoriali,0
017128,Ossimo,2024,variazioni_territoriali,0
017129,Padenghe sul Garda,2019,aggiustamento_statistico,-2
017129,Padenghe sul Garda,2020,aggiustamento_statistico,7
017129,Padenghe sul Garda,2021,aggiustamento_statistico,13
017129,Padenghe sul Garda,2022,aggiustamento_statistico,2
017129,Padenghe sul Garda,2023,aggiustamento_statistico,-7
017129,Padenghe sul Garda,2024,aggiustamento_statistico,5
017129,Padenghe sul Garda,2019,emigrati_estero,35
017129,Padenghe sul Garda,2020,emigrati_estero,18
017129,Padenghe sul Garda,2021,emigrati_estero,21
017129,Padenghe sul Garda,2022,emigrati_estero,29
017129,Padenghe sul Garda,2023,emigrati_estero,27
017129,Padenghe sul Garda,2024,emigrati_estero,14
017129,Padenghe sul Garda,2019,emigrati_interni,224
017129,Padenghe sul Garda,2020,emigrati_interni,213
017129,Padenghe sul Garda,2021,emigrati_interni,242
017129,Padenghe sul Garda,2022,emigrati_interni,186
017129,Padenghe sul Garda,2023,emigrati_interni,219
017129,Padenghe sul Garda,2024,emigrati_interni,199
017129,Padenghe sul Garda,2019,immigrati_estero,25
017129,Padenghe sul Garda,2020,immigrati_estero,25
017129,Padenghe sul Garda,2021,immigrati_estero,34
017129,Padenghe sul Garda,2022,immigrati_estero,47
017129,Padenghe sul Garda,2023,immigrati_estero,41
017129,Padenghe sul Garda,2024,immigrati_estero,55
017129,Padenghe sul Garda,2019,immigrati_interni,268
017129,Padenghe sul Garda,2020,immigrati_interni,281
017129,Padenghe sul Garda,2021,immigrati_interni,313
017129,Padenghe sul Garda,2022,immigrati_interni,236
017129,Padenghe sul Garda,2023,immigrati_interni,253
017129,Padenghe sul Garda,2024,immigrati_interni,206
017129,Padenghe sul Garda,2019,morti,34
017129,Padenghe sul Garda,2020,morti,76
017129,Padenghe sul Garda,2021,morti,52
017129,Padenghe sul Garda,2022,morti,45
017129,Padenghe sul Garda,2023,morti,40
017129,Padenghe sul Garda,2024,morti,57
017129,Padenghe sul Garda,2019,nati,36
017129,Padenghe sul Garda,2020,nati,29
017129,Padenghe sul Garda,2021,nati,32
017129,Padenghe sul Garda,2022,nati,40
017129,Padenghe sul Garda,2023,nati,32
017129,Padenghe sul Garda,2024,nati,29
017129,Padenghe sul Garda,2019,popolazione_censita,4661
017129,Padenghe sul Garda,2020,popolazione_censita,4696
017129,Padenghe sul Garda,2021,popolazione_censita,4773
017129,Padenghe sul Garda,2022,popolazione_censita,4838
017129,Padenghe sul Garda,2023,popolazione_censita,4871
017129,Padenghe sul Garda,2024,popolazione_censita,4896
017129,Padenghe sul Garda,2019,popolazione_fine,4663
017129,Padenghe sul Garda,2020,popolazione_fine,4689
017129,Padenghe sul Garda,2021,popolazione_fine,4760
017129,Padenghe sul Garda,2022,popolazione_fine,4836
017129,Padenghe sul Garda,2023,popolazione_fine,4878
017129,Padenghe sul Garda,2024,popolazione_fine,4891
017129,Padenghe sul Garda,2019,popolazione_inizio,4627
017129,Padenghe sul Garda,2020,popolazione_inizio,4661
017129,Padenghe sul Garda,2021,popolazione_inizio,4696
017129,Padenghe sul Garda,2022,popolazione_inizio,4773
017129,Padenghe sul Garda,2023,popolazione_inizio,4838
017129,Padenghe sul Garda,2024,popolazione_inizio,4871
017129,Padenghe sul Garda,2019,variazioni_territoriali,0
017129,Padenghe sul Garda,2020,variazioni_territoriali,0
017129,Padenghe sul Garda,2021,variazioni_territoriali,0
017129,Padenghe sul Garda,2022,variazioni_territoriali,0
017129,Padenghe sul Garda,2023,variazioni_territoriali,0
017129,Padenghe sul Garda,2024,variazioni_territoriali,0
017130,Paderno Franciacorta,2019,aggiustamento_statistico,5
017130,Paderno Franciacorta,2020,aggiustamento_statistico,4
017130,Paderno Franciacorta,2021,aggiustamento_statistico,17
017130,Paderno Franciacorta,2022,aggiustamento_statistico,-11
017130,Paderno Franciacorta,2023,aggiustamento_statistico,-7
017130,Paderno Franciacorta,2024,aggiustamento_statistico,-11
017130,Paderno Franciacorta,2019,emigrati_estero,3
017130,Paderno Franciacorta,2020,emigrati_estero,10
017130,Paderno Franciacorta,2021,emigrati_estero,9
017130,Paderno Franciacorta,2022,emigrati_estero,15
017130,Paderno Franciacorta,2023,emigrati_estero,11
017130,Paderno Franciacorta,2024,emigrati_estero,4
017130,Paderno Franciacorta,2019,emigrati_interni,115
017130,Paderno Franciacorta,2020,emigrati_interni,123
017130,Paderno Franciacorta,2021,emigrati_interni,112
017130,Paderno Franciacorta,2022,emigrati_interni,110
017130,Paderno Franciacorta,2023,emigrati_interni,74
017130,Paderno Franciacorta,2024,emigrati_interni,83
017130,Paderno Franciacorta,2019,immigrati_estero,10
017130,Paderno Franciacorta,2020,immigrati_estero,11
017130,Paderno Franciacorta,2021,immigrati_estero,20
017130,Paderno Franciacorta,2022,immigrati_estero,24
017130,Paderno Franciacorta,2023,immigrati_estero,20
017130,Paderno Franciacorta,2024,immigrati_estero,12
017130,Paderno Franciacorta,2019,immigrati_interni,127
017130,Paderno Franciacorta,2020,immigrati_interni,104
017130,Paderno Franciacorta,2021,immigrati_interni,112
017130,Paderno Franciacorta,2022,immigrati_interni,126
017130,Paderno Franciacorta,2023,immigrati_interni,105
017130,Paderno Franciacorta,2024,immigrati_interni,102
017130,Paderno Franciacorta,2019,morti,31
017130,Paderno Franciacorta,2020,morti,34
017130,Paderno Franciacorta,2021,morti,37
017130,Paderno Franciacorta,2022,morti,32
017130,Paderno Franciacorta,2023,morti,20
017130,Paderno Franciacorta,2024,morti,31
017130,Paderno Franciacorta,2019,nati,18
017130,Paderno Franciacorta,2020,nati,23
017130,Paderno Franciacorta,2021,nati,26
017130,Paderno Franciacorta,2022,nati,21
017130,Paderno Franciacorta,2023,nati,20
017130,Paderno Franciacorta,2024,nati,19
017130,Paderno Franciacorta,2019,popolazione_censita,3645
017130,Paderno Franciacorta,2020,popolazione_censita,3620
017130,Paderno Franciacorta,2021,popolazione_censita,3637
017130,Paderno Franciacorta,2022,popolazione_censita,3640
017130,Paderno Franciacorta,2023,popolazione_censita,3673
017130,Paderno Franciacorta,2024,popolazione_censita,3677
017130,Paderno Franciacorta,2019,popolazione_fine,3640
017130,Paderno Franciacorta,2020,popolazione_fine,3616
017130,Paderno Franciacorta,2021,popolazione_fine,3620
017130,Paderno Franciacorta,2022,popolazione_fine,3651
017130,Paderno Franciacorta,2023,popolazione_fine,3680
017130,Paderno Franciacorta,2024,popolazione_fine,3688
017130,Paderno Franciacorta,2019,popolazione_inizio,3634
017130,Paderno Franciacorta,2020,popolazione_inizio,3645
017130,Paderno Franciacorta,2021,popolazione_inizio,3620
017130,Paderno Franciacorta,2022,popolazione_inizio,3637
017130,Paderno Franciacorta,2023,popolazione_inizio,3640
017130,Paderno Franciacorta,2024,popolazione_inizio,3673
017130,Paderno Franciacorta,2019,variazioni_territoriali,0
017130,Paderno Franciacorta,2020,variazioni_territoriali,0
017130,Paderno Franciacorta,2021,variazioni_territoriali,0
017130,Paderno Franciacorta,2022,variazioni_territoriali,0
017130,Paderno Franciacorta,2023,variazioni_territoriali,0
017130,Paderno Franciacorta,2024,variazioni_territoriali,0
017131,Paisco Loveno,2019,aggiustamento_statistico,0
017131,Paisco Loveno,2020,aggiustamento_statistico,0
017131,Paisco Loveno,2021,aggiustamento_statistico,0
017131,Paisco Loveno,2022,aggiustamento_statistico,-1
017131,Paisco Loveno,2023,aggiustamento_statistico,0
017131,Paisco Loveno,2024,aggiustamento_statistico,0
017131,Paisco Loveno,2019,emigrati_estero,0
017131,Paisco Loveno,2020,emigrati_estero,0
017131,Paisco Loveno,2021,emigrati_estero,0
017131,Paisco Loveno,2022,emigrati_estero,0
017131,Paisco Loveno,2023,emigrati_estero,0
017131,Paisco Loveno,2024,emigrati_estero,0
017131,Paisco Loveno,2019,emigrati_interni,10
017131,Paisco Loveno,2020,emigrati_interni,0
017131,Paisco Loveno,2021,emigrati_interni,3
017131,Paisco Loveno,2022,emigrati_interni,2
017131,Paisco Loveno,2023,emigrati_interni,5
017131,Paisco Loveno,2024,emigrati_interni,0
017131,Paisco Loveno,2019,immigrati_estero,0
017131,Paisco Loveno,2020,immigrati_estero,0
017131,Paisco Loveno,2021,immigrati_estero,3
017131,Paisco Loveno,2022,immigrati_estero,0
017131,Paisco Loveno,2023,immigrati_estero,0
017131,Paisco Loveno,2024,immigrati_estero,0
017131,Paisco Loveno,2019,immigrati_interni,2
017131,Paisco Loveno,2020,immigrati_interni,4
017131,Paisco Loveno,2021,immigrati_interni,4
017131,Paisco Loveno,2022,immigrati_interni,1
017131,Paisco Loveno,2023,immigrati_interni,1
017131,Paisco Loveno,2024,immigrati_interni,1
017131,Paisco Loveno,2019,morti,2
017131,Paisco Loveno,2020,morti,6
017131,Paisco Loveno,2021,morti,1
017131,Paisco Loveno,2022,morti,2
017131,Paisco Loveno,2023,morti,3
017131,Paisco Loveno,2024,morti,2
017131,Paisco Loveno,2019,nati,1
017131,Paisco Loveno,2020,nati,0
017131,Paisco Loveno,2021,nati,0
017131,Paisco Loveno,2022,nati,0
017131,Paisco Loveno,2023,nati,2
017131,Paisco Loveno,2024,nati,0
017131,Paisco Loveno,2019,popolazione_censita,175
017131,Paisco Loveno,2020,popolazione_censita,173
017131,Paisco Loveno,2021,popolazione_censita,176
017131,Paisco Loveno,2022,popolazione_censita,172
017131,Paisco Loveno,2023,popolazione_censita,167
017131,Paisco Loveno,2024,popolazione_censita,166
017131,Paisco Loveno,2019,popolazione_fine,175
017131,Paisco Loveno,2020,popolazione_fine,173
017131,Paisco Loveno,2021,popolazione_fine,176
017131,Paisco Loveno,2022,popolazione_fine,173
017131,Paisco Loveno,2023,popolazione_fine,167
017131,Paisco Loveno,2024,popolazione_fine,166
017131,Paisco Loveno,2019,popolazione_inizio,184
017131,Paisco Loveno,2020,popolazione_inizio,175
017131,Paisco Loveno,2021,popolazione_inizio,173
017131,Paisco Loveno,2022,popolazione_inizio,176
017131,Paisco Loveno,2023,popolazione_inizio,172
017131,Paisco Loveno,2024,popolazione_inizio,167
017131,Paisco Loveno,2019,variazioni_territoriali,0
017131,Paisco Loveno,2020,variazioni_territoriali,0
017131,Paisco Loveno,2021,variazioni_territoriali,0
017131,Paisco Loveno,2022,variazioni_territoriali,0
017131,Paisco Loveno,2023,variazioni_territoriali,0
017131,Paisco Loveno,2024,variazioni_territoriali,0
017132,Paitone,2019,aggiustamento_statistico,9
017132,Paitone,2020,aggiustamento_statistico,6
017132,Paitone,2021,aggiustamento_statistico,-1
017132,Paitone,2022,aggiustamento_statistico,-3
017132,Paitone,2023,aggiustamento_statistico,-6
017132,Paitone,2024,aggiustamento_statistico,6
017132,Paitone,2019,emigrati_estero,11
017132,Paitone,2020,emigrati_estero,13
017132,Paitone,2021,emigrati_estero,5
017132,Paitone,2022,emigrati_estero,13
017132,Paitone,2023,emigrati_estero,5
017132,Paitone,2024,emigrati_estero,17
017132,Paitone,2019,emigrati_interni,58
017132,Paitone,2020,emigrati_interni,76
017132,Paitone,2021,emigrati_interni,99
017132,Paitone,2022,emigrati_interni,87
017132,Paitone,2023,emigrati_interni,104
017132,Paitone,2024,emigrati_interni,67
017132,Paitone,2019,immigrati_estero,17
017132,Paitone,2020,immigrati_estero,6
017132,Paitone,2021,immigrati_estero,14
017132,Paitone,2022,immigrati_estero,19
017132,Paitone,2023,immigrati_estero,23
017132,Paitone,2024,immigrati_estero,11
017132,Paitone,2019,immigrati_interni,63
017132,Paitone,2020,immigrati_interni,102
017132,Paitone,2021,immigrati_interni,107
017132,Paitone,2022,immigrati_interni,106
017132,Paitone,2023,immigrati_interni,88
017132,Paitone,2024,immigrati_interni,81
017132,Paitone,2019,morti,20
017132,Paitone,2020,morti,20
017132,Paitone,2021,morti,13
017132,Paitone,2022,morti,23
017132,Paitone,2023,morti,7
017132,Paitone,2024,morti,12
017132,Paitone,2019,nati,14
017132,Paitone,2020,nati,21
017132,Paitone,2021,nati,19
017132,Paitone,2022,nati,12
017132,Paitone,2023,nati,22
017132,Paitone,2024,nati,15
017132,Paitone,2019,popolazione_censita,2122
017132,Paitone,2020,popolazione_censita,2148
017132,Paitone,2021,popolazione_censita,2170
017132,Paitone,2022,popolazione_censita,2181
017132,Paitone,2023,popolazione_censita,2192
017132,Paitone,2024,popolazione_censita,2209
017132,Paitone,2019,popolazione_fine,2113
017132,Paitone,2020,popolazione_fine,2142
017132,Paitone,2021,popolazione_fine,2171
017132,Paitone,2022,popolazione_fine,2184
017132,Paitone,2023,popolazione_fine,2198
017132,Paitone,2024,popolazione_fine,2203
017132,Paitone,2019,popolazione_inizio,2108
017132,Paitone,2020,popolazione_inizio,2122
017132,Paitone,2021,popolazione_inizio,2148
017132,Paitone,2022,popolazione_inizio,2170
017132,Paitone,2023,popolazione_inizio,2181
017132,Paitone,2024,popolazione_inizio,2192
017132,Paitone,2019,variazioni_territoriali,0
017132,Paitone,2020,variazioni_territoriali,0
017132,Paitone,2021,variazioni_territoriali,0
017132,Paitone,2022,variazioni_territoriali,0
017132,Paitone,2023,variazioni_territoriali,0
017132,Paitone,2024,variazioni_territoriali,0
017133,Palazzolo sull'Oglio,2019,aggiustamento_statistico,-43
017133,Palazzolo sull'Oglio,2020,aggiustamento_statistico,-69
017133,Palazzolo sull'Oglio,2021,aggiustamento_statistico,-26
017133,Palazzolo sull'Oglio,2022,aggiustamento_statistico,54
017133,Palazzolo sull'Oglio,2023,aggiustamento_statistico,-53
017133,Palazzolo sull'Oglio,2024,aggiustamento_statistico,4
017133,Palazzolo sull'Oglio,2019,emigrati_estero,62
017133,Palazzolo sull'Oglio,2020,emigrati_estero,81
017133,Palazzolo sull'Oglio,2021,emigrati_estero,87
017133,Palazzolo sull'Oglio,2022,emigrati_estero,92
017133,Palazzolo sull'Oglio,2023,emigrati_estero,85
017133,Palazzolo sull'Oglio,2024,emigrati_estero,68
017133,Palazzolo sull'Oglio,2019,emigrati_interni,444
017133,Palazzolo sull'Oglio,2020,emigrati_interni,429
017133,Palazzolo sull'Oglio,2021,emigrati_interni,443
017133,Palazzolo sull'Oglio,2022,emigrati_interni,447
017133,Palazzolo sull'Oglio,2023,emigrati_interni,444
017133,Palazzolo sull'Oglio,2024,emigrati_interni,495
017133,Palazzolo sull'Oglio,2019,immigrati_estero,146
017133,Palazzolo sull'Oglio,2020,immigrati_estero,75
017133,Palazzolo sull'Oglio,2021,immigrati_estero,115
017133,Palazzolo sull'Oglio,2022,immigrati_estero,173
017133,Palazzolo sull'Oglio,2023,immigrati_estero,148
017133,Palazzolo sull'Oglio,2024,immigrati_estero,195
017133,Palazzolo sull'Oglio,2019,immigrati_interni,615
017133,Palazzolo sull'Oglio,2020,immigrati_interni,484
017133,Palazzolo sull'Oglio,2021,immigrati_interni,485
017133,Palazzolo sull'Oglio,2022,immigrati_interni,587
017133,Palazzolo sull'Oglio,2023,immigrati_interni,505
017133,Palazzolo sull'Oglio,2024,immigrati_interni,560
017133,Palazzolo sull'Oglio,2019,morti,172
017133,Palazzolo sull'Oglio,2020,morti,298
017133,Palazzolo sull'Oglio,2021,morti,196
017133,Palazzolo sull'Oglio,2022,morti,195
017133,Palazzolo sull'Oglio,2023,morti,154
017133,Palazzolo sull'Oglio,2024,morti,160
017133,Palazzolo sull'Oglio,2019,nati,147
017133,Palazzolo sull'Oglio,2020,nati,133
017133,Palazzolo sull'Oglio,2021,nati,149
017133,Palazzolo sull'Oglio,2022,nati,146
017133,Palazzolo sull'Oglio,2023,nati,139
017133,Palazzolo sull'Oglio,2024,nati,148
017133,Palazzolo sull'Oglio,2019,popolazione_censita,20125
017133,Palazzolo sull'Oglio,2020,popolazione_censita,19940
017133,Palazzolo sull'Oglio,2021,popolazione_censita,19937
017133,Palazzolo sull'Oglio,2022,popolazione_censita,20163
017133,Palazzolo sull'Oglio,2023,popolazione_censita,20219
017133,Palazzolo sull'Oglio,2024,popolazione_censita,20403
017133,Palazzolo sull'Oglio,2019,popolazione_fine,20168
017133,Palazzolo sull'Oglio,2020,popolazione_fine,20009
017133,Palazzolo sull'Oglio,2021,popolazione_fine,19963
017133,Palazzolo sull'Oglio,2022,popolazione_fine,20109
017133,Palazzolo sull'Oglio,2023,popolazione_fine,20272
017133,Palazzolo sull'Oglio,2024,popolazione_fine,20399
017133,Palazzolo sull'Oglio,2019,popolazione_inizio,19938
017133,Palazzolo sull'Oglio,2020,popolazione_inizio,20125
017133,Palazzolo sull'Oglio,2021,popolazione_inizio,19940
017133,Palazzolo sull'Oglio,2022,popolazione_inizio,19937
017133,Palazzolo sull'Oglio,2023,popolazione_inizio,20163
017133,Palazzolo sull'Oglio,2024,popolazione_inizio,20219
017133,Palazzolo sull'Oglio,2019,variazioni_territoriali,0
017133,Palazzolo sull'Oglio,2020,variazioni_territoriali,0
017133,Palazzolo sull'Oglio,2021,variazioni_territoriali,0
017133,Palazzolo sull'Oglio,2022,variazioni_territoriali,0
017133,Palazzolo sull'Oglio,2023,variazioni_territoriali,0
017133,Palazzolo sull'Oglio,2024,variazioni_territoriali,0
017134,Paratico,2019,aggiustamento_statistico,-5
017134,Paratico,2020,aggiustamento_statistico,27
017134,Paratico,2021,aggiustamento_statistico,-16
017134,Paratico,2022,aggiustamento_statistico,-2
017134,Paratico,2023,aggiustamento_statistico,-9
017134,Paratico,2024,aggiustamento_statistico,-4
017134,Paratico,2019,emigrati_estero,14
017134,Paratico,2020,emigrati_estero,10
017134,Paratico,2021,emigrati_estero,23
017134,Paratico,2022,emigrati_estero,18
017134,Paratico,2023,emigrati_estero,12
017134,Paratico,2024,emigrati_estero,14
017134,Paratico,2019,emigrati_interni,142
017134,Paratico,2020,emigrati_interni,130
017134,Paratico,2021,emigrati_interni,161
017134,Paratico,2022,emigrati_interni,146
017134,Paratico,2023,emigrati_interni,141
017134,Paratico,2024,emigrati_interni,140
017134,Paratico,2019,immigrati_estero,12
017134,Paratico,2020,immigrati_estero,13
017134,Paratico,2021,immigrati_estero,18
017134,Paratico,2022,immigrati_estero,21
017134,Paratico,2023,immigrati_estero,29
017134,Paratico,2024,immigrati_estero,22
017134,Paratico,2019,immigrati_interni,184
017134,Paratico,2020,immigrati_interni,160
017134,Paratico,2021,immigrati_interni,216
017134,Paratico,2022,immigrati_interni,219
017134,Paratico,2023,immigrati_interni,145
017134,Paratico,2024,immigrati_interni,160
017134,Paratico,2019,morti,40
017134,Paratico,2020,morti,60
017134,Paratico,2021,morti,39
017134,Paratico,2022,morti,34
017134,Paratico,2023,morti,39
017134,Paratico,2024,morti,26
017134,Paratico,2019,nati,36
017134,Paratico,2020,nati,32
017134,Paratico,2021,nati,43
017134,Paratico,2022,nati,36
017134,Paratico,2023,nati,54
017134,Paratico,2024,nati,34
017134,Paratico,2019,popolazione_censita,4814
017134,Paratico,2020,popolazione_censita,4846
017134,Paratico,2021,popolazione_censita,4884
017134,Paratico,2022,popolazione_censita,4960
017134,Paratico,2023,popolazione_censita,4987
017134,Paratico,2024,popolazione_censita,5019
017134,Paratico,2019,popolazione_fine,4819
017134,Paratico,2020,popolazione_fine,4819
017134,Paratico,2021,popolazione_fine,4900
017134,Paratico,2022,popolazione_fine,4962
017134,Paratico,2023,popolazione_fine,4996
017134,Paratico,2024,popolazione_fine,5023
017134,Paratico,2019,popolazione_inizio,4783
017134,Paratico,2020,popolazione_inizio,4814
017134,Paratico,2021,popolazione_inizio,4846
017134,Paratico,2022,popolazione_inizio,4884
017134,Paratico,2023,popolazione_inizio,4960
017134,Paratico,2024,popolazione_inizio,4987
017134,Paratico,2019,variazioni_territoriali,0
017134,Paratico,2020,variazioni_territoriali,0
017134,Paratico,2021,variazioni_territoriali,0
017134,Paratico,2022,variazioni_territoriali,0
017134,Paratico,2023,variazioni_territoriali,0
017134,Paratico,2024,variazioni_territoriali,0
017135,Paspardo,2019,aggiustamento_statistico,0
017135,Paspardo,2020,aggiustamento_statistico,-3
017135,Paspardo,2021,aggiustamento_statistico,1
017135,Paspardo,2022,aggiustamento_statistico,0
017135,Paspardo,2023,aggiustamento_statistico,-6
017135,Paspardo,2024,aggiustamento_statistico,5
017135,Paspardo,2019,emigrati_estero,0
017135,Paspardo,2020,emigrati_estero,1
017135,Paspardo,2021,emigrati_estero,0
017135,Paspardo,2022,emigrati_estero,1
017135,Paspardo,2023,emigrati_estero,0
017135,Paspardo,2024,emigrati_estero,0
017135,Paspardo,2019,emigrati_interni,14
017135,Paspardo,2020,emigrati_interni,13
017135,Paspardo,2021,emigrati_interni,16
017135,Paspardo,2022,emigrati_interni,17
017135,Paspardo,2023,emigrati_interni,9
017135,Paspardo,2024,emigrati_interni,6
017135,Paspardo,2019,immigrati_estero,3
017135,Paspardo,2020,immigrati_estero,0
017135,Paspardo,2021,immigrati_estero,0
017135,Paspardo,2022,immigrati_estero,0
017135,Paspardo,2023,immigrati_estero,1
017135,Paspardo,2024,immigrati_estero,1
017135,Paspardo,2019,immigrati_interni,6
017135,Paspardo,2020,immigrati_interni,10
017135,Paspardo,2021,immigrati_interni,10
017135,Paspardo,2022,immigrati_interni,16
017135,Paspardo,2023,immigrati_interni,7
017135,Paspardo,2024,immigrati_interni,11
017135,Paspardo,2019,morti,4
017135,Paspardo,2020,morti,9
017135,Paspardo,2021,morti,8
017135,Paspardo,2022,morti,3
017135,Paspardo,2023,morti,6
017135,Paspardo,2024,morti,7
017135,Paspardo,2019,nati,6
017135,Paspardo,2020,nati,2
017135,Paspardo,2021,nati,5
017135,Paspardo,2022,nati,5
017135,Paspardo,2023,nati,5
017135,Paspardo,2024,nati,4
017135,Paspardo,2019,popolazione_censita,601
017135,Paspardo,2020,popolazione_censita,587
017135,Paspardo,2021,popolazione_censita,579
017135,Paspardo,2022,popolazione_censita,579
017135,Paspardo,2023,popolazione_censita,571
017135,Paspardo,2024,popolazione_censita,579
017135,Paspardo,2019,popolazione_fine,601
017135,Paspardo,2020,popolazione_fine,590
017135,Paspardo,2021,popolazione_fine,578
017135,Paspardo,2022,popolazione_fine,579
017135,Paspardo,2023,popolazione_fine,577
017135,Paspardo,2024,popolazione_fine,574
017135,Paspardo,2019,popolazione_inizio,604
017135,Paspardo,2020,popolazione_inizio,601
017135,Paspardo,2021,popolazione_inizio,587
017135,Paspardo,2022,popolazione_inizio,579
017135,Paspardo,2023,popolazione_inizio,579
017135,Paspardo,2024,popolazione_inizio,571
017135,Paspardo,2019,variazioni_territoriali,0
017135,Paspardo,2020,variazioni_territoriali,0
017135,Paspardo,2021,variazioni_territoriali,0
017135,Paspardo,2022,variazioni_territoriali,0
017135,Paspardo,2023,variazioni_territoriali,0
017135,Paspardo,2024,variazioni_territoriali,0
017136,Passirano,2019,aggiustamento_statistico,-13
017136,Passirano,2020,aggiustamento_statistico,20
017136,Passirano,2021,aggiustamento_statistico,9
017136,Passirano,2022,aggiustamento_statistico,-15
017136,Passirano,2023,aggiustamento_statistico,-10
017136,Passirano,2024,aggiustamento_statistico,-5
017136,Passirano,2019,emigrati_estero,16
017136,Passirano,2020,emigrati_estero,18
017136,Passirano,2021,emigrati_estero,11
017136,Passirano,2022,emigrati_estero,25
017136,Passirano,2023,emigrati_estero,19
017136,Passirano,2024,emigrati_estero,18
017136,Passirano,2019,emigrati_interni,223
017136,Passirano,2020,emigrati_interni,236
017136,Passirano,2021,emigrati_interni,230
017136,Passirano,2022,emigrati_interni,209
017136,Passirano,2023,emigrati_interni,195
017136,Passirano,2024,emigrati_interni,197
017136,Passirano,2019,immigrati_estero,19
017136,Passirano,2020,immigrati_estero,16
017136,Passirano,2021,immigrati_estero,27
017136,Passirano,2022,immigrati_estero,36
017136,Passirano,2023,immigrati_estero,33
017136,Passirano,2024,immigrati_estero,39
017136,Passirano,2019,immigrati_interni,202
017136,Passirano,2020,immigrati_interni,224
017136,Passirano,2021,immigrati_interni,201
017136,Passirano,2022,immigrati_interni,206
017136,Passirano,2023,immigrati_interni,193
017136,Passirano,2024,immigrati_interni,172
017136,Passirano,2019,morti,41
017136,Passirano,2020,morti,90
017136,Passirano,2021,morti,60
017136,Passirano,2022,morti,56
017136,Passirano,2023,morti,61
017136,Passirano,2024,morti,68
017136,Passirano,2019,nati,37
017136,Passirano,2020,nati,43
017136,Passirano,2021,nati,45
017136,Passirano,2022,nati,39
017136,Passirano,2023,nati,45
017136,Passirano,2024,nati,34
017136,Passirano,2019,popolazione_censita,6974
017136,Passirano,2020,popolazione_censita,6933
017136,Passirano,2021,popolazione_censita,6914
017136,Passirano,2022,popolazione_censita,6890
017136,Passirano,2023,popolazione_censita,6876
017136,Passirano,2024,popolazione_censita,6833
017136,Passirano,2019,popolazione_fine,6987
017136,Passirano,2020,popolazione_fine,6913
017136,Passirano,2021,popolazione_fine,6905
017136,Passirano,2022,popolazione_fine,6905
017136,Passirano,2023,popolazione_fine,6886
017136,Passirano,2024,popolazione_fine,6838
017136,Passirano,2019,popolazione_inizio,7009
017136,Passirano,2020,popolazione_inizio,6974
017136,Passirano,2021,popolazione_inizio,6933
017136,Passirano,2022,popolazione_inizio,6914
017136,Passirano,2023,popolazione_inizio,6890
017136,Passirano,2024,popolazione_inizio,6876
017136,Passirano,2019,variazioni_territoriali,0
017136,Passirano,2020,variazioni_territoriali,0
017136,Passirano,2021,variazioni_territoriali,0
017136,Passirano,2022,variazioni_territoriali,0
017136,Passirano,2023,variazioni_territoriali,0
017136,Passirano,2024,variazioni_territoriali,0
017137,Pavone del Mella,2019,aggiustamento_statistico,11
017137,Pavone del Mella,2020,aggiustamento_statistico,29
017137,Pavone del Mella,2021,aggiustamento_statistico,-25
017137,Pavone del Mella,2022,aggiustamento_statistico,14
017137,Pavone del Mella,2023,aggiustamento_statistico,-3
017137,Pavone del Mella,2024,aggiustamento_statistico,3
017137,Pavone del Mella,2019,emigrati_estero,14
017137,Pavone del Mella,2020,emigrati_estero,13
017137,Pavone del Mella,2021,emigrati_estero,5
017137,Pavone del Mella,2022,emigrati_estero,11
017137,Pavone del Mella,2023,emigrati_estero,14
017137,Pavone del Mella,2024,emigrati_estero,24
017137,Pavone del Mella,2019,emigrati_interni,60
017137,Pavone del Mella,2020,emigrati_interni,70
017137,Pavone del Mella,2021,emigrati_interni,88
017137,Pavone del Mella,2022,emigrati_interni,105
017137,Pavone del Mella,2023,emigrati_interni,67
017137,Pavone del Mella,2024,emigrati_interni,72
017137,Pavone del Mella,2019,immigrati_estero,30
017137,Pavone del Mella,2020,immigrati_estero,25
017137,Pavone del Mella,2021,immigrati_estero,36
017137,Pavone del Mella,2022,immigrati_estero,20
017137,Pavone del Mella,2023,immigrati_estero,37
017137,Pavone del Mella,2024,immigrati_estero,42
017137,Pavone del Mella,2019,immigrati_interni,48
017137,Pavone del Mella,2020,immigrati_interni,62
017137,Pavone del Mella,2021,immigrati_interni,69
017137,Pavone del Mella,2022,immigrati_interni,65
017137,Pavone del Mella,2023,immigrati_interni,92
017137,Pavone del Mella,2024,immigrati_interni,62
017137,Pavone del Mella,2019,morti,26
017137,Pavone del Mella,2020,morti,53
017137,Pavone del Mella,2021,morti,29
017137,Pavone del Mella,2022,morti,29
017137,Pavone del Mella,2023,morti,20
017137,Pavone del Mella,2024,morti,21
017137,Pavone del Mella,2019,nati,20
017137,Pavone del Mella,2020,nati,21
017137,Pavone del Mella,2021,nati,17
017137,Pavone del Mella,2022,nati,16
017137,Pavone del Mella,2023,nati,22
017137,Pavone del Mella,2024,nati,19
017137,Pavone del Mella,2019,popolazione_censita,2730
017137,Pavone del Mella,2020,popolazione_censita,2731
017137,Pavone del Mella,2021,popolazione_censita,2706
017137,Pavone del Mella,2022,popolazione_censita,2676
017137,Pavone del Mella,2023,popolazione_censita,2723
017137,Pavone del Mella,2024,popolazione_censita,2732
017137,Pavone del Mella,2019,popolazione_fine,2719
017137,Pavone del Mella,2020,popolazione_fine,2702
017137,Pavone del Mella,2021,popolazione_fine,2731
017137,Pavone del Mella,2022,popolazione_fine,2662
017137,Pavone del Mella,2023,popolazione_fine,2726
017137,Pavone del Mella,2024,popolazione_fine,2729
017137,Pavone del Mella,2019,popolazione_inizio,2721
017137,Pavone del Mella,2020,popolazione_inizio,2730
017137,Pavone del Mella,2021,popolazione_inizio,2731
017137,Pavone del Mella,2022,popolazione_inizio,2706
017137,Pavone del Mella,2023,popolazione_inizio,2676
017137,Pavone del Mella,2024,popolazione_inizio,2723
017137,Pavone del Mella,2019,variazioni_territoriali,0
017137,Pavone del Mella,2020,variazioni_territoriali,0
017137,Pavone del Mella,2021,variazioni_territoriali,0
017137,Pavone del Mella,2022,variazioni_territoriali,0
017137,Pavone del Mella,2023,variazioni_territoriali,0
017137,Pavone del Mella,2024,variazioni_territoriali,0
017138,San Paolo,2019,aggiustamento_statistico,-4
017138,San Paolo,2020,aggiustamento_statistico,-5
017138,San Paolo,2021,aggiustamento_statistico,-17
017138,San Paolo,2022,aggiustamento_statistico,-2
017138,San Paolo,2023,aggiustamento_statistico,-25
017138,San Paolo,2024,aggiustamento_statistico,-3
017138,San Paolo,2019,emigrati_estero,37
017138,San Paolo,2020,emigrati_estero,24
017138,San Paolo,2021,emigrati_estero,19
017138,San Paolo,2022,emigrati_estero,25
017138,San Paolo,2023,emigrati_estero,13
017138,San Paolo,2024,emigrati_estero,12
017138,San Paolo,2019,emigrati_interni,114
017138,San Paolo,2020,emigrati_interni,98
017138,San Paolo,2021,emigrati_interni,93
017138,San Paolo,2022,emigrati_interni,118
017138,San Paolo,2023,emigrati_interni,116
017138,San Paolo,2024,emigrati_interni,109
017138,San Paolo,2019,immigrati_estero,48
017138,San Paolo,2020,immigrati_estero,24
017138,San Paolo,2021,immigrati_estero,21
017138,San Paolo,2022,immigrati_estero,29
017138,San Paolo,2023,immigrati_estero,45
017138,San Paolo,2024,immigrati_estero,40
017138,San Paolo,2019,immigrati_interni,105
017138,San Paolo,2020,immigrati_interni,106
017138,San Paolo,2021,immigrati_interni,71
017138,San Paolo,2022,immigrati_interni,124
017138,San Paolo,2023,immigrati_interni,106
017138,San Paolo,2024,immigrati_interni,110
017138,San Paolo,2019,morti,35
017138,San Paolo,2020,morti,52
017138,San Paolo,2021,morti,24
017138,San Paolo,2022,morti,39
017138,San Paolo,2023,morti,43
017138,San Paolo,2024,morti,32
017138,San Paolo,2019,nati,36
017138,San Paolo,2020,nati,36
017138,San Paolo,2021,nati,36
017138,San Paolo,2022,nati,43
017138,San Paolo,2023,nati,35
017138,San Paolo,2024,nati,32
017138,San Paolo,2019,popolazione_censita,4455
017138,San Paolo,2020,popolazione_censita,4442
017138,San Paolo,2021,popolazione_censita,4417
017138,San Paolo,2022,popolazione_censita,4429
017138,San Paolo,2023,popolazione_censita,4418
017138,San Paolo,2024,popolazione_censita,4444
017138,San Paolo,2019,popolazione_fine,4459
017138,San Paolo,2020,popolazione_fine,4447
017138,San Paolo,2021,popolazione_fine,4434
017138,San Paolo,2022,popolazione_fine,4431
017138,San Paolo,2023,popolazione_fine,4443
017138,San Paolo,2024,popolazione_fine,4447
017138,San Paolo,2019,popolazione_inizio,4456
017138,San Paolo,2020,popolazione_inizio,4455
017138,San Paolo,2021,popolazione_inizio,4442
017138,San Paolo,2022,popolazione_inizio,4417
017138,San Paolo,2023,popolazione_inizio,4429
017138,San Paolo,2024,popolazione_inizio,4418
017138,San Paolo,2019,variazioni_territoriali,0
017138,San Paolo,2020,variazioni_territoriali,0
017138,San Paolo,2021,variazioni_territoriali,0
017138,San Paolo,2022,variazioni_territoriali,0
017138,San Paolo,2023,variazioni_territoriali,0
017138,San Paolo,2024,variazioni_territoriali,0
017139,Pertica Alta,2019,aggiustamento_statistico,0
017139,Pertica Alta,2020,aggiustamento_statistico,-2
017139,Pertica Alta,2021,aggiustamento_statistico,0
017139,Pertica Alta,2022,aggiustamento_statistico,-1
017139,Pertica Alta,2023,aggiustamento_statistico,-1
017139,Pertica Alta,2024,aggiustamento_statistico,0
017139,Pertica Alta,2019,emigrati_estero,1
017139,Pertica Alta,2020,emigrati_estero,0
017139,Pertica Alta,2021,emigrati_estero,2
017139,Pertica Alta,2022,emigrati_estero,0
017139,Pertica Alta,2023,emigrati_estero,0
017139,Pertica Alta,2024,emigrati_estero,0
017139,Pertica Alta,2019,emigrati_interni,11
017139,Pertica Alta,2020,emigrati_interni,1
017139,Pertica Alta,2021,emigrati_interni,9
017139,Pertica Alta,2022,emigrati_interni,13
017139,Pertica Alta,2023,emigrati_interni,15
017139,Pertica Alta,2024,emigrati_interni,5
017139,Pertica Alta,2019,immigrati_estero,0
017139,Pertica Alta,2020,immigrati_estero,1
017139,Pertica Alta,2021,immigrati_estero,0
017139,Pertica Alta,2022,immigrati_estero,0
017139,Pertica Alta,2023,immigrati_estero,1
017139,Pertica Alta,2024,immigrati_estero,1
017139,Pertica Alta,2019,immigrati_interni,12
017139,Pertica Alta,2020,immigrati_interni,22
017139,Pertica Alta,2021,immigrati_interni,18
017139,Pertica Alta,2022,immigrati_interni,15
017139,Pertica Alta,2023,immigrati_interni,16
017139,Pertica Alta,2024,immigrati_interni,11
017139,Pertica Alta,2019,morti,7
017139,Pertica Alta,2020,morti,9
017139,Pertica Alta,2021,morti,9
017139,Pertica Alta,2022,morti,7
017139,Pertica Alta,2023,morti,7
017139,Pertica Alta,2024,morti,4
017139,Pertica Alta,2019,nati,4
017139,Pertica Alta,2020,nati,4
017139,Pertica Alta,2021,nati,3
017139,Pertica Alta,2022,nati,4
017139,Pertica Alta,2023,nati,4
017139,Pertica Alta,2024,nati,2
017139,Pertica Alta,2019,popolazione_censita,541
017139,Pertica Alta,2020,popolazione_censita,556
017139,Pertica Alta,2021,popolazione_censita,557
017139,Pertica Alta,2022,popolazione_censita,555
017139,Pertica Alta,2023,popolazione_censita,553
017139,Pertica Alta,2024,popolazione_censita,558
017139,Pertica Alta,2019,popolazione_fine,541
017139,Pertica Alta,2020,popolazione_fine,558
017139,Pertica Alta,2021,popolazione_fine,557
017139,Pertica Alta,2022,popolazione_fine,556
017139,Pertica Alta,2023,popolazione_fine,554
017139,Pertica Alta,2024,popolazione_fine,558
017139,Pertica Alta,2019,popolazione_inizio,544
017139,Pertica Alta,2020,popolazione_inizio,541
017139,Pertica Alta,2021,popolazione_inizio,556
017139,Pertica Alta,2022,popolazione_inizio,557
017139,Pertica Alta,2023,popolazione_inizio,555
017139,Pertica Alta,2024,popolazione_inizio,553
017139,Pertica Alta,2019,variazioni_territoriali,0
017139,Pertica Alta,2020,variazioni_territoriali,0
017139,Pertica Alta,2021,variazioni_territoriali,0
017139,Pertica Alta,2022,variazioni_territoriali,0
017139,Pertica Alta,2023,variazioni_territoriali,0
017139,Pertica Alta,2024,variazioni_territoriali,0
017140,Pertica Bassa,2019,aggiustamento_statistico,3
017140,Pertica Bassa,2020,aggiustamento_statistico,4
017140,Pertica Bassa,2021,aggiustamento_statistico,-1
017140,Pertica Bassa,2022,aggiustamento_statistico,0
017140,Pertica Bassa,2023,aggiustamento_statistico,0
017140,Pertica Bassa,2024,aggiustamento_statistico,0
017140,Pertica Bassa,2019,emigrati_estero,1
017140,Pertica Bassa,2020,emigrati_estero,6
017140,Pertica Bassa,2021,emigrati_estero,0
017140,Pertica Bassa,2022,emigrati_estero,2
017140,Pertica Bassa,2023,emigrati_estero,4
017140,Pertica Bassa,2024,emigrati_estero,2
017140,Pertica Bassa,2019,emigrati_interni,22
017140,Pertica Bassa,2020,emigrati_interni,19
017140,Pertica Bassa,2021,emigrati_interni,10
017140,Pertica Bassa,2022,emigrati_interni,30
017140,Pertica Bassa,2023,emigrati_interni,9
017140,Pertica Bassa,2024,emigrati_interni,22
017140,Pertica Bassa,2019,immigrati_estero,6
017140,Pertica Bassa,2020,immigrati_estero,1
017140,Pertica Bassa,2021,immigrati_estero,2
017140,Pertica Bassa,2022,immigrati_estero,5
017140,Pertica Bassa,2023,immigrati_estero,6
017140,Pertica Bassa,2024,immigrati_estero,0
017140,Pertica Bassa,2019,immigrati_interni,22
017140,Pertica Bassa,2020,immigrati_interni,11
017140,Pertica Bassa,2021,immigrati_interni,8
017140,Pertica Bassa,2022,immigrati_interni,13
017140,Pertica Bassa,2023,immigrati_interni,24
017140,Pertica Bassa,2024,immigrati_interni,15
017140,Pertica Bassa,2019,morti,11
017140,Pertica Bassa,2020,morti,12
017140,Pertica Bassa,2021,morti,9
017140,Pertica Bassa,2022,morti,10
017140,Pertica Bassa,2023,morti,4
017140,Pertica Bassa,2024,morti,14
017140,Pertica Bassa,2019,nati,4
017140,Pertica Bassa,2020,nati,2
017140,Pertica Bassa,2021,nati,1
017140,Pertica Bassa,2022,nati,3
017140,Pertica Bassa,2023,nati,3
017140,Pertica Bassa,2024,nati,5
017140,Pertica Bassa,2019,popolazione_censita,604
017140,Pertica Bassa,2020,popolazione_censita,585
017140,Pertica Bassa,2021,popolazione_censita,576
017140,Pertica Bassa,2022,popolazione_censita,555
017140,Pertica Bassa,2023,popolazione_censita,571
017140,Pertica Bassa,2024,popolazione_censita,553
017140,Pertica Bassa,2019,popolazione_fine,601
017140,Pertica Bassa,2020,popolazione_fine,581
017140,Pertica Bassa,2021,popolazione_fine,577
017140,Pertica Bassa,2022,popolazione_fine,555
017140,Pertica Bassa,2023,popolazione_fine,571
017140,Pertica Bassa,2024,popolazione_fine,553
017140,Pertica Bassa,2019,popolazione_inizio,603
017140,Pertica Bassa,2020,popolazione_inizio,604
017140,Pertica Bassa,2021,popolazione_inizio,585
017140,Pertica Bassa,2022,popolazione_inizio,576
017140,Pertica Bassa,2023,popolazione_inizio,555
017140,Pertica Bassa,2024,popolazione_inizio,571
017140,Pertica Bassa,2019,variazioni_territoriali,0
017140,Pertica Bassa,2020,variazioni_territoriali,0
017140,Pertica Bassa,2021,variazioni_territoriali,0
017140,Pertica Bassa,2022,variazioni_territoriali,0
017140,Pertica Bassa,2023,variazioni_territoriali,0
017140,Pertica Bassa,2024,variazioni_territoriali,0
017141,Pezzaze,2019,aggiustamento_statistico,-7
017141,Pezzaze,2020,aggiustamento_statistico,-8
017141,Pezzaze,2021,aggiustamento_statistico,5
017141,Pezzaze,2022,aggiustamento_statistico,2
017141,Pezzaze,2023,aggiustamento_statistico,8
017141,Pezzaze,2024,aggiustamento_statistico,-3
017141,Pezzaze,2019,emigrati_estero,3
017141,Pezzaze,2020,emigrati_estero,1
017141,Pezzaze,2021,emigrati_estero,0
017141,Pezzaze,2022,emigrati_estero,5
017141,Pezzaze,2023,emigrati_estero,2
017141,Pezzaze,2024,emigrati_estero,2
017141,Pezzaze,2019,emigrati_interni,38
017141,Pezzaze,2020,emigrati_interni,26
017141,Pezzaze,2021,emigrati_interni,35
017141,Pezzaze,2022,emigrati_interni,36
017141,Pezzaze,2023,emigrati_interni,44
017141,Pezzaze,2024,emigrati_interni,52
017141,Pezzaze,2019,immigrati_estero,6
017141,Pezzaze,2020,immigrati_estero,3
017141,Pezzaze,2021,immigrati_estero,5
017141,Pezzaze,2022,immigrati_estero,15
017141,Pezzaze,2023,immigrati_estero,17
017141,Pezzaze,2024,immigrati_estero,10
017141,Pezzaze,2019,immigrati_interni,30
017141,Pezzaze,2020,immigrati_interni,33
017141,Pezzaze,2021,immigrati_interni,35
017141,Pezzaze,2022,immigrati_interni,36
017141,Pezzaze,2023,immigrati_interni,29
017141,Pezzaze,2024,immigrati_interni,25
017141,Pezzaze,2019,morti,22
017141,Pezzaze,2020,morti,22
017141,Pezzaze,2021,morti,22
017141,Pezzaze,2022,morti,16
017141,Pezzaze,2023,morti,16
017141,Pezzaze,2024,morti,17
017141,Pezzaze,2019,nati,10
017141,Pezzaze,2020,nati,6
017141,Pezzaze,2021,nati,10
017141,Pezzaze,2022,nati,8
017141,Pezzaze,2023,nati,8
017141,Pezzaze,2024,nati,6
017141,Pezzaze,2019,popolazione_censita,1465
017141,Pezzaze,2020,popolazione_censita,1450
017141,Pezzaze,2021,popolazione_censita,1448
017141,Pezzaze,2022,popolazione_censita,1452
017141,Pezzaze,2023,popolazione_censita,1452
017141,Pezzaze,2024,popolazione_censita,1419
017141,Pezzaze,2019,popolazione_fine,1472
017141,Pezzaze,2020,popolazione_fine,1458
017141,Pezzaze,2021,popolazione_fine,1443
017141,Pezzaze,2022,popolazione_fine,1450
017141,Pezzaze,2023,popolazione_fine,1444
017141,Pezzaze,2024,popolazione_fine,1422
017141,Pezzaze,2019,popolazione_inizio,1489
017141,Pezzaze,2020,popolazione_inizio,1465
017141,Pezzaze,2021,popolazione_inizio,1450
017141,Pezzaze,2022,popolazione_inizio,1448
017141,Pezzaze,2023,popolazione_inizio,1452
017141,Pezzaze,2024,popolazione_inizio,1452
017141,Pezzaze,2019,variazioni_territoriali,0
017141,Pezzaze,2020,variazioni_territoriali,0
017141,Pezzaze,2021,variazioni_territoriali,0
017141,Pezzaze,2022,variazioni_territoriali,0
017141,Pezzaze,2023,variazioni_territoriali,0
017141,Pezzaze,2024,variazioni_territoriali,0
017142,Pian Camuno,2019,aggiustamento_statistico,-17
017142,Pian Camuno,2020,aggiustamento_statistico,-6
017142,Pian Camuno,2021,aggiustamento_statistico,3
017142,Pian Camuno,2022,aggiustamento_statistico,-9
017142,Pian Camuno,2023,aggiustamento_statistico,-16
017142,Pian Camuno,2024,aggiustamento_statistico,11
017142,Pian Camuno,2019,emigrati_estero,18
017142,Pian Camuno,2020,emigrati_estero,19
017142,Pian Camuno,2021,emigrati_estero,25
017142,Pian Camuno,2022,emigrati_estero,15
017142,Pian Camuno,2023,emigrati_estero,20
017142,Pian Camuno,2024,emigrati_estero,15
017142,Pian Camuno,2019,emigrati_interni,151
017142,Pian Camuno,2020,emigrati_interni,181
017142,Pian Camuno,2021,emigrati_interni,185
017142,Pian Camuno,2022,emigrati_interni,177
017142,Pian Camuno,2023,emigrati_interni,158
017142,Pian Camuno,2024,emigrati_interni,178
017142,Pian Camuno,2019,immigrati_estero,33
017142,Pian Camuno,2020,immigrati_estero,18
017142,Pian Camuno,2021,immigrati_estero,24
017142,Pian Camuno,2022,immigrati_estero,53
017142,Pian Camuno,2023,immigrati_estero,47
017142,Pian Camuno,2024,immigrati_estero,57
017142,Pian Camuno,2019,immigrati_interni,165
017142,Pian Camuno,2020,immigrati_interni,138
017142,Pian Camuno,2021,immigrati_interni,202
017142,Pian Camuno,2022,immigrati_interni,191
017142,Pian Camuno,2023,immigrati_interni,134
017142,Pian Camuno,2024,immigrati_interni,144
017142,Pian Camuno,2019,morti,26
017142,Pian Camuno,2020,morti,41
017142,Pian Camuno,2021,morti,33
017142,Pian Camuno,2022,morti,51
017142,Pian Camuno,2023,morti,26
017142,Pian Camuno,2024,morti,30
017142,Pian Camuno,2019,nati,34
017142,Pian Camuno,2020,nati,50
017142,Pian Camuno,2021,nati,46
017142,Pian Camuno,2022,nati,45
017142,Pian Camuno,2023,nati,35
017142,Pian Camuno,2024,nati,34
017142,Pian Camuno,2019,popolazione_censita,4742
017142,Pian Camuno,2020,popolazione_censita,4701
017142,Pian Camuno,2021,popolazione_censita,4733
017142,Pian Camuno,2022,popolazione_censita,4770
017142,Pian Camuno,2023,popolazione_censita,4766
017142,Pian Camuno,2024,popolazione_censita,4789
017142,Pian Camuno,2019,popolazione_fine,4759
017142,Pian Camuno,2020,popolazione_fine,4707
017142,Pian Camuno,2021,popolazione_fine,4730
017142,Pian Camuno,2022,popolazione_fine,4779
017142,Pian Camuno,2023,popolazione_fine,4782
017142,Pian Camuno,2024,popolazione_fine,4778
017142,Pian Camuno,2019,popolazione_inizio,4722
017142,Pian Camuno,2020,popolazione_inizio,4742
017142,Pian Camuno,2021,popolazione_inizio,4701
017142,Pian Camuno,2022,popolazione_inizio,4733
017142,Pian Camuno,2023,popolazione_inizio,4770
017142,Pian Camuno,2024,popolazione_inizio,4766
017142,Pian Camuno,2019,variazioni_territoriali,0
017142,Pian Camuno,2020,variazioni_territoriali,0
017142,Pian Camuno,2021,variazioni_territoriali,0
017142,Pian Camuno,2022,variazioni_territoriali,0
017142,Pian Camuno,2023,variazioni_territoriali,0
017142,Pian Camuno,2024,variazioni_territoriali,0
017143,Pisogne,2019,aggiustamento_statistico,1
017143,Pisogne,2020,aggiustamento_statistico,6
017143,Pisogne,2021,aggiustamento_statistico,-30
017143,Pisogne,2022,aggiustamento_statistico,-2
017143,Pisogne,2023,aggiustamento_statistico,-5
017143,Pisogne,2024,aggiustamento_statistico,-19
017143,Pisogne,2019,emigrati_estero,14
017143,Pisogne,2020,emigrati_estero,17
017143,Pisogne,2021,emigrati_estero,10
017143,Pisogne,2022,emigrati_estero,21
017143,Pisogne,2023,emigrati_estero,17
017143,Pisogne,2024,emigrati_estero,22
017143,Pisogne,2019,emigrati_interni,219
017143,Pisogne,2020,emigrati_interni,189
017143,Pisogne,2021,emigrati_interni,204
017143,Pisogne,2022,emigrati_interni,173
017143,Pisogne,2023,emigrati_interni,155
017143,Pisogne,2024,emigrati_interni,176
017143,Pisogne,2019,immigrati_estero,34
017143,Pisogne,2020,immigrati_estero,27
017143,Pisogne,2021,immigrati_estero,25
017143,Pisogne,2022,immigrati_estero,38
017143,Pisogne,2023,immigrati_estero,41
017143,Pisogne,2024,immigrati_estero,31
017143,Pisogne,2019,immigrati_interni,188
017143,Pisogne,2020,immigrati_interni,199
017143,Pisogne,2021,immigrati_interni,192
017143,Pisogne,2022,immigrati_interni,253
017143,Pisogne,2023,immigrati_interni,208
017143,Pisogne,2024,immigrati_interni,232
017143,Pisogne,2019,morti,99
017143,Pisogne,2020,morti,125
017143,Pisogne,2021,morti,106
017143,Pisogne,2022,morti,85
017143,Pisogne,2023,morti,85
017143,Pisogne,2024,morti,105
017143,Pisogne,2019,nati,58
017143,Pisogne,2020,nati,60
017143,Pisogne,2021,nati,54
017143,Pisogne,2022,nati,47
017143,Pisogne,2023,nati,47
017143,Pisogne,2024,nati,37
017143,Pisogne,2019,popolazione_censita,7921
017143,Pisogne,2020,popolazione_censita,7882
017143,Pisogne,2021,popolazione_censita,7803
017143,Pisogne,2022,popolazione_censita,7860
017143,Pisogne,2023,popolazione_censita,7894
017143,Pisogne,2024,popolazione_censita,7872
017143,Pisogne,2019,popolazione_fine,7920
017143,Pisogne,2020,popolazione_fine,7876
017143,Pisogne,2021,popolazione_fine,7833
017143,Pisogne,2022,popolazione_fine,7862
017143,Pisogne,2023,popolazione_fine,7899
017143,Pisogne,2024,popolazione_fine,7891
017143,Pisogne,2019,popolazione_inizio,7972
017143,Pisogne,2020,popolazione_inizio,7921
017143,Pisogne,2021,popolazione_inizio,7882
017143,Pisogne,2022,popolazione_inizio,7803
017143,Pisogne,2023,popolazione_inizio,7860
017143,Pisogne,2024,popolazione_inizio,7894
017143,Pisogne,2019,variazioni_territoriali,0
017143,Pisogne,2020,variazioni_territoriali,0
017143,Pisogne,2021,variazioni_territoriali,0
017143,Pisogne,2022,variazioni_territoriali,0
017143,Pisogne,2023,variazioni_territoriali,0
017143,Pisogne,2024,variazioni_territoriali,0
017144,Polaveno,2019,aggiustamento_statistico,6
017144,Polaveno,2020,aggiustamento_statistico,2
017144,Polaveno,2021,aggiustamento_statistico,1
017144,Polaveno,2022,aggiustamento_statistico,-5
017144,Polaveno,2023,aggiustamento_statistico,0
017144,Polaveno,2024,aggiustamento_statistico,2
017144,Polaveno,2019,emigrati_estero,7
017144,Polaveno,2020,emigrati_estero,2
017144,Polaveno,2021,emigrati_estero,3
017144,Polaveno,2022,emigrati_estero,4
017144,Polaveno,2023,emigrati_estero,8
017144,Polaveno,2024,emigrati_estero,3
017144,Polaveno,2019,emigrati_interni,65
017144,Polaveno,2020,emigrati_interni,69
017144,Polaveno,2021,emigrati_interni,62
017144,Polaveno,2022,emigrati_interni,66
017144,Polaveno,2023,emigrati_interni,70
017144,Polaveno,2024,emigrati_interni,51
017144,Polaveno,2019,immigrati_estero,10
017144,Polaveno,2020,immigrati_estero,13
017144,Polaveno,2021,immigrati_estero,12
017144,Polaveno,2022,immigrati_estero,13
017144,Polaveno,2023,immigrati_estero,22
017144,Polaveno,2024,immigrati_estero,22
017144,Polaveno,2019,immigrati_interni,36
017144,Polaveno,2020,immigrati_interni,48
017144,Polaveno,2021,immigrati_interni,74
017144,Polaveno,2022,immigrati_interni,69
017144,Polaveno,2023,immigrati_interni,68
017144,Polaveno,2024,immigrati_interni,62
017144,Polaveno,2019,morti,32
017144,Polaveno,2020,morti,26
017144,Polaveno,2021,morti,24
017144,Polaveno,2022,morti,29
017144,Polaveno,2023,morti,19
017144,Polaveno,2024,morti,20
017144,Polaveno,2019,nati,21
017144,Polaveno,2020,nati,17
017144,Polaveno,2021,nati,18
017144,Polaveno,2022,nati,16
017144,Polaveno,2023,nati,26
017144,Polaveno,2024,nati,16
017144,Polaveno,2019,popolazione_censita,2465
017144,Polaveno,2020,popolazione_censita,2448
017144,Polaveno,2021,popolazione_censita,2464
017144,Polaveno,2022,popolazione_censita,2458
017144,Polaveno,2023,popolazione_censita,2477
017144,Polaveno,2024,popolazione_censita,2505
017144,Polaveno,2019,popolazione_fine,2459
017144,Polaveno,2020,popolazione_fine,2446
017144,Polaveno,2021,popolazione_fine,2463
017144,Polaveno,2022,popolazione_fine,2463
017144,Polaveno,2023,popolazione_fine,2477
017144,Polaveno,2024,popolazione_fine,2503
017144,Polaveno,2019,popolazione_inizio,2496
017144,Polaveno,2020,popolazione_inizio,2465
017144,Polaveno,2021,popolazione_inizio,2448
017144,Polaveno,2022,popolazione_inizio,2464
017144,Polaveno,2023,popolazione_inizio,2458
017144,Polaveno,2024,popolazione_inizio,2477
017144,Polaveno,2019,variazioni_territoriali,0
017144,Polaveno,2020,variazioni_territoriali,0
017144,Polaveno,2021,variazioni_territoriali,0
017144,Polaveno,2022,variazioni_territoriali,0
017144,Polaveno,2023,variazioni_territoriali,0
017144,Polaveno,2024,variazioni_territoriali,0
017145,Polpenazze del Garda,2019,aggiustamento_statistico,-8
017145,Polpenazze del Garda,2020,aggiustamento_statistico,26
017145,Polpenazze del Garda,2021,aggiustamento_statistico,-5
017145,Polpenazze del Garda,2022,aggiustamento_statistico,-6
017145,Polpenazze del Garda,2023,aggiustamento_statistico,-5
017145,Polpenazze del Garda,2024,aggiustamento_statistico,-1
017145,Polpenazze del Garda,2019,emigrati_estero,7
017145,Polpenazze del Garda,2020,emigrati_estero,12
017145,Polpenazze del Garda,2021,emigrati_estero,22
017145,Polpenazze del Garda,2022,emigrati_estero,20
017145,Polpenazze del Garda,2023,emigrati_estero,13
017145,Polpenazze del Garda,2024,emigrati_estero,17
017145,Polpenazze del Garda,2019,emigrati_interni,157
017145,Polpenazze del Garda,2020,emigrati_interni,132
017145,Polpenazze del Garda,2021,emigrati_interni,146
017145,Polpenazze del Garda,2022,emigrati_interni,159
017145,Polpenazze del Garda,2023,emigrati_interni,121
017145,Polpenazze del Garda,2024,emigrati_interni,149
017145,Polpenazze del Garda,2019,immigrati_estero,24
017145,Polpenazze del Garda,2020,immigrati_estero,13
017145,Polpenazze del Garda,2021,immigrati_estero,25
017145,Polpenazze del Garda,2022,immigrati_estero,36
017145,Polpenazze del Garda,2023,immigrati_estero,25
017145,Polpenazze del Garda,2024,immigrati_estero,12
017145,Polpenazze del Garda,2019,immigrati_interni,164
017145,Polpenazze del Garda,2020,immigrati_interni,151
017145,Polpenazze del Garda,2021,immigrati_interni,166
017145,Polpenazze del Garda,2022,immigrati_interni,180
017145,Polpenazze del Garda,2023,immigrati_interni,119
017145,Polpenazze del Garda,2024,immigrati_interni,146
017145,Polpenazze del Garda,2019,morti,25
017145,Polpenazze del Garda,2020,morti,27
017145,Polpenazze del Garda,2021,morti,22
017145,Polpenazze del Garda,2022,morti,26
017145,Polpenazze del Garda,2023,morti,17
017145,Polpenazze del Garda,2024,morti,19
017145,Polpenazze del Garda,2019,nati,15
017145,Polpenazze del Garda,2020,nati,20
017145,Polpenazze del Garda,2021,nati,18
017145,Polpenazze del Garda,2022,nati,19
017145,Polpenazze del Garda,2023,nati,19
017145,Polpenazze del Garda,2024,nati,14
017145,Polpenazze del Garda,2019,popolazione_censita,2652
017145,Polpenazze del Garda,2020,popolazione_censita,2691
017145,Polpenazze del Garda,2021,popolazione_censita,2705
017145,Polpenazze del Garda,2022,popolazione_censita,2729
017145,Polpenazze del Garda,2023,popolazione_censita,2736
017145,Polpenazze del Garda,2024,popolazione_censita,2722
017145,Polpenazze del Garda,2019,popolazione_fine,2660
017145,Polpenazze del Garda,2020,popolazione_fine,2665
017145,Polpenazze del Garda,2021,popolazione_fine,2710
017145,Polpenazze del Garda,2022,popolazione_fine,2735
017145,Polpenazze del Garda,2023,popolazione_fine,2741
017145,Polpenazze del Garda,2024,popolazione_fine,2723
017145,Polpenazze del Garda,2019,popolazione_inizio,2646
017145,Polpenazze del Garda,2020,popolazione_inizio,2652
017145,Polpenazze del Garda,2021,popolazione_inizio,2691
017145,Polpenazze del Garda,2022,popolazione_inizio,2705
017145,Polpenazze del Garda,2023,popolazione_inizio,2729
017145,Polpenazze del Garda,2024,popolazione_inizio,2736
017145,Polpenazze del Garda,2019,variazioni_territoriali,0
017145,Polpenazze del Garda,2020,variazioni_territoriali,0
017145,Polpenazze del Garda,2021,variazioni_territoriali,0
017145,Polpenazze del Garda,2022,variazioni_territoriali,0
017145,Polpenazze del Garda,2023,variazioni_territoriali,0
017145,Polpenazze del Garda,2024,variazioni_territoriali,0
017146,Pompiano,2019,aggiustamento_statistico,-7
017146,Pompiano,2020,aggiustamento_statistico,-3
017146,Pompiano,2021,aggiustamento_statistico,-9
017146,Pompiano,2022,aggiustamento_statistico,9
017146,Pompiano,2023,aggiustamento_statistico,-12
017146,Pompiano,2024,aggiustamento_statistico,6
017146,Pompiano,2019,emigrati_estero,26
017146,Pompiano,2020,emigrati_estero,13
017146,Pompiano,2021,emigrati_estero,27
017146,Pompiano,2022,emigrati_estero,23
017146,Pompiano,2023,emigrati_estero,4
017146,Pompiano,2024,emigrati_estero,7
017146,Pompiano,2019,emigrati_interni,111
017146,Pompiano,2020,emigrati_interni,76
017146,Pompiano,2021,emigrati_interni,110
017146,Pompiano,2022,emigrati_interni,122
017146,Pompiano,2023,emigrati_interni,110
017146,Pompiano,2024,emigrati_interni,88
017146,Pompiano,2019,immigrati_estero,34
017146,Pompiano,2020,immigrati_estero,14
017146,Pompiano,2021,immigrati_estero,24
017146,Pompiano,2022,immigrati_estero,23
017146,Pompiano,2023,immigrati_estero,34
017146,Pompiano,2024,immigrati_estero,34
017146,Pompiano,2019,immigrati_interni,128
017146,Pompiano,2020,immigrati_interni,105
017146,Pompiano,2021,immigrati_interni,116
017146,Pompiano,2022,immigrati_interni,85
017146,Pompiano,2023,immigrati_interni,99
017146,Pompiano,2024,immigrati_interni,102
017146,Pompiano,2019,morti,42
017146,Pompiano,2020,morti,40
017146,Pompiano,2021,morti,30
017146,Pompiano,2022,morti,35
017146,Pompiano,2023,morti,41
017146,Pompiano,2024,morti,27
017146,Pompiano,2019,nati,35
017146,Pompiano,2020,nati,29
017146,Pompiano,2021,nati,21
017146,Pompiano,2022,nati,30
017146,Pompiano,2023,nati,26
017146,Pompiano,2024,nati,22
017146,Pompiano,2019,popolazione_censita,3743
017146,Pompiano,2020,popolazione_censita,3759
017146,Pompiano,2021,popolazione_censita,3744
017146,Pompiano,2022,popolazione_censita,3711
017146,Pompiano,2023,popolazione_censita,3703
017146,Pompiano,2024,popolazione_censita,3745
017146,Pompiano,2019,popolazione_fine,3750
017146,Pompiano,2020,popolazione_fine,3762
017146,Pompiano,2021,popolazione_fine,3753
017146,Pompiano,2022,popolazione_fine,3702
017146,Pompiano,2023,popolazione_fine,3715
017146,Pompiano,2024,popolazione_fine,3739
017146,Pompiano,2019,popolazione_inizio,3732
017146,Pompiano,2020,popolazione_inizio,3743
017146,Pompiano,2021,popolazione_inizio,3759
017146,Pompiano,2022,popolazione_inizio,3744
017146,Pompiano,2023,popolazione_inizio,3711
017146,Pompiano,2024,popolazione_inizio,3703
017146,Pompiano,2019,variazioni_territoriali,0
017146,Pompiano,2020,variazioni_territoriali,0
017146,Pompiano,2021,variazioni_territoriali,0
017146,Pompiano,2022,variazioni_territoriali,0
017146,Pompiano,2023,variazioni_territoriali,0
017146,Pompiano,2024,variazioni_territoriali,0
017147,Poncarale,2019,aggiustamento_statistico,-5
017147,Poncarale,2020,aggiustamento_statistico,18
017147,Poncarale,2021,aggiustamento_statistico,-21
017147,Poncarale,2022,aggiustamento_statistico,-3
017147,Poncarale,2023,aggiustamento_statistico,-3
017147,Poncarale,2024,aggiustamento_statistico,2
017147,Poncarale,2019,emigrati_estero,16
017147,Poncarale,2020,emigrati_estero,9
017147,Poncarale,2021,emigrati_estero,6
017147,Poncarale,2022,emigrati_estero,11
017147,Poncarale,2023,emigrati_estero,9
017147,Poncarale,2024,emigrati_estero,14
017147,Poncarale,2019,emigrati_interni,181
017147,Poncarale,2020,emigrati_interni,171
017147,Poncarale,2021,emigrati_interni,167
017147,Poncarale,2022,emigrati_interni,159
017147,Poncarale,2023,emigrati_interni,210
017147,Poncarale,2024,emigrati_interni,162
017147,Poncarale,2019,immigrati_estero,41
017147,Poncarale,2020,immigrati_estero,17
017147,Poncarale,2021,immigrati_estero,19
017147,Poncarale,2022,immigrati_estero,22
017147,Poncarale,2023,immigrati_estero,39
017147,Poncarale,2024,immigrati_estero,41
017147,Poncarale,2019,immigrati_interni,194
017147,Poncarale,2020,immigrati_interni,154
017147,Poncarale,2021,immigrati_interni,164
017147,Poncarale,2022,immigrati_interni,172
017147,Poncarale,2023,immigrati_interni,178
017147,Poncarale,2024,immigrati_interni,154
017147,Poncarale,2019,morti,24
017147,Poncarale,2020,morti,65
017147,Poncarale,2021,morti,47
017147,Poncarale,2022,morti,34
017147,Poncarale,2023,morti,41
017147,Poncarale,2024,morti,29
017147,Poncarale,2019,nati,34
017147,Poncarale,2020,nati,29
017147,Poncarale,2021,nati,37
017147,Poncarale,2022,nati,36
017147,Poncarale,2023,nati,46
017147,Poncarale,2024,nati,24
017147,Poncarale,2019,popolazione_censita,5209
017147,Poncarale,2020,popolazione_censita,5182
017147,Poncarale,2021,popolazione_censita,5161
017147,Poncarale,2022,popolazione_censita,5184
017147,Poncarale,2023,popolazione_censita,5184
017147,Poncarale,2024,popolazione_censita,5200
017147,Poncarale,2019,popolazione_fine,5214
017147,Poncarale,2020,popolazione_fine,5164
017147,Poncarale,2021,popolazione_fine,5182
017147,Poncarale,2022,popolazione_fine,5187
017147,Poncarale,2023,popolazione_fine,5187
017147,Poncarale,2024,popolazione_fine,5198
017147,Poncarale,2019,popolazione_inizio,5166
017147,Poncarale,2020,popolazione_inizio,5209
017147,Poncarale,2021,popolazione_inizio,5182
017147,Poncarale,2022,popolazione_inizio,5161
017147,Poncarale,2023,popolazione_inizio,5184
017147,Poncarale,2024,popolazione_inizio,5184
017147,Poncarale,2019,variazioni_territoriali,0
017147,Poncarale,2020,variazioni_territoriali,0
017147,Poncarale,2021,variazioni_territoriali,0
017147,Poncarale,2022,variazioni_territoriali,0
017147,Poncarale,2023,variazioni_territoriali,0
017147,Poncarale,2024,variazioni_territoriali,0
017148,Ponte di Legno,2019,aggiustamento_statistico,-6
017148,Ponte di Legno,2020,aggiustamento_statistico,2
017148,Ponte di Legno,2021,aggiustamento_statistico,-10
017148,Ponte di Legno,2022,aggiustamento_statistico,-3
017148,Ponte di Legno,2023,aggiustamento_statistico,1
017148,Ponte di Legno,2024,aggiustamento_statistico,2
017148,Ponte di Legno,2019,emigrati_estero,23
017148,Ponte di Legno,2020,emigrati_estero,3
017148,Ponte di Legno,2021,emigrati_estero,5
017148,Ponte di Legno,2022,emigrati_estero,5
017148,Ponte di Legno,2023,emigrati_estero,1
017148,Ponte di Legno,2024,emigrati_estero,2
017148,Ponte di Legno,2019,emigrati_interni,27
017148,Ponte di Legno,2020,emigrati_interni,45
017148,Ponte di Legno,2021,emigrati_interni,32
017148,Ponte di Legno,2022,emigrati_interni,54
017148,Ponte di Legno,2023,emigrati_interni,38
017148,Ponte di Legno,2024,emigrati_interni,57
017148,Ponte di Legno,2019,immigrati_estero,4
017148,Ponte di Legno,2020,immigrati_estero,8
017148,Ponte di Legno,2021,immigrati_estero,2
017148,Ponte di Legno,2022,immigrati_estero,10
017148,Ponte di Legno,2023,immigrati_estero,8
017148,Ponte di Legno,2024,immigrati_estero,8
017148,Ponte di Legno,2019,immigrati_interni,37
017148,Ponte di Legno,2020,immigrati_interni,47
017148,Ponte di Legno,2021,immigrati_interni,65
017148,Ponte di Legno,2022,immigrati_interni,57
017148,Ponte di Legno,2023,immigrati_interni,62
017148,Ponte di Legno,2024,immigrati_interni,48
017148,Ponte di Legno,2019,morti,22
017148,Ponte di Legno,2020,morti,31
017148,Ponte di Legno,2021,morti,29
017148,Ponte di Legno,2022,morti,22
017148,Ponte di Legno,2023,morti,28
017148,Ponte di Legno,2024,morti,26
017148,Ponte di Legno,2019,nati,12
017148,Ponte di Legno,2020,nati,11
017148,Ponte di Legno,2021,nati,10
017148,Ponte di Legno,2022,nati,9
017148,Ponte di Legno,2023,nati,8
017148,Ponte di Legno,2024,nati,9
017148,Ponte di Legno,2019,popolazione_censita,1757
017148,Ponte di Legno,2020,popolazione_censita,1746
017148,Ponte di Legno,2021,popolazione_censita,1747
017148,Ponte di Legno,2022,popolazione_censita,1739
017148,Ponte di Legno,2023,popolazione_censita,1751
017148,Ponte di Legno,2024,popolazione_censita,1733
017148,Ponte di Legno,2019,popolazione_fine,1763
017148,Ponte di Legno,2020,popolazione_fine,1744
017148,Ponte di Legno,2021,popolazione_fine,1757
017148,Ponte di Legno,2022,popolazione_fine,1742
017148,Ponte di Legno,2023,popolazione_fine,1750
017148,Ponte di Legno,2024,popolazione_fine,1731
017148,Ponte di Legno,2019,popolazione_inizio,1782
017148,Ponte di Legno,2020,popolazione_inizio,1757
017148,Ponte di Legno,2021,popolazione_inizio,1746
017148,Ponte di Legno,2022,popolazione_inizio,1747
017148,Ponte di Legno,2023,popolazione_inizio,1739
017148,Ponte di Legno,2024,popolazione_inizio,1751
017148,Ponte di Legno,2019,variazioni_territoriali,0
017148,Ponte di Legno,2020,variazioni_territoriali,0
017148,Ponte di Legno,2021,variazioni_territoriali,0
017148,Ponte di Legno,2022,variazioni_territoriali,0
017148,Ponte di Legno,2023,variazioni_territoriali,0
017148,Ponte di Legno,2024,variazioni_territoriali,0
017149,Pontevico,2019,aggiustamento_statistico,-32
017149,Pontevico,2020,aggiustamento_statistico,85
017149,Pontevico,2021,aggiustamento_statistico,-43
017149,Pontevico,2022,aggiustamento_statistico,-8
017149,Pontevico,2023,aggiustamento_statistico,6
017149,Pontevico,2024,aggiustamento_statistico,9
017149,Pontevico,2019,emigrati_estero,29
017149,Pontevico,2020,emigrati_estero,23
017149,Pontevico,2021,emigrati_estero,36
017149,Pontevico,2022,emigrati_estero,24
017149,Pontevico,2023,emigrati_estero,26
017149,Pontevico,2024,emigrati_estero,18
017149,Pontevico,2019,emigrati_interni,135
017149,Pontevico,2020,emigrati_interni,141
017149,Pontevico,2021,emigrati_interni,132
017149,Pontevico,2022,emigrati_interni,162
017149,Pontevico,2023,emigrati_interni,158
017149,Pontevico,2024,emigrati_interni,172
017149,Pontevico,2019,immigrati_estero,41
017149,Pontevico,2020,immigrati_estero,27
017149,Pontevico,2021,immigrati_estero,50
017149,Pontevico,2022,immigrati_estero,38
017149,Pontevico,2023,immigrati_estero,62
017149,Pontevico,2024,immigrati_estero,59
017149,Pontevico,2019,immigrati_interni,152
017149,Pontevico,2020,immigrati_interni,139
017149,Pontevico,2021,immigrati_interni,195
017149,Pontevico,2022,immigrati_interni,211
017149,Pontevico,2023,immigrati_interni,195
017149,Pontevico,2024,immigrati_interni,204
017149,Pontevico,2019,morti,106
017149,Pontevico,2020,morti,146
017149,Pontevico,2021,morti,90
017149,Pontevico,2022,morti,94
017149,Pontevico,2023,morti,102
017149,Pontevico,2024,morti,114
017149,Pontevico,2019,nati,46
017149,Pontevico,2020,nati,41
017149,Pontevico,2021,nati,45
017149,Pontevico,2022,nati,49
017149,Pontevico,2023,nati,41
017149,Pontevico,2024,nati,44
017149,Pontevico,2019,popolazione_censita,7020
017149,Pontevico,2020,popolazione_censita,7002
017149,Pontevico,2021,popolazione_censita,6991
017149,Pontevico,2022,popolazione_censita,7001
017149,Pontevico,2023,popolazione_censita,7019
017149,Pontevico,2024,popolazione_censita,7031
017149,Pontevico,2019,popolazione_fine,7052
017149,Pontevico,2020,popolazione_fine,6917
017149,Pontevico,2021,popolazione_fine,7034
017149,Pontevico,2022,popolazione_fine,7009
017149,Pontevico,2023,popolazione_fine,7013
017149,Pontevico,2024,popolazione_fine,7022
017149,Pontevico,2019,popolazione_inizio,7083
017149,Pontevico,2020,popolazione_inizio,7020
017149,Pontevico,2021,popolazione_inizio,7002
017149,Pontevico,2022,popolazione_inizio,6991
017149,Pontevico,2023,popolazione_inizio,7001
017149,Pontevico,2024,popolazione_inizio,7019
017149,Pontevico,2019,variazioni_territoriali,0
017149,Pontevico,2020,variazioni_territoriali,0
017149,Pontevico,2021,variazioni_territoriali,0
017149,Pontevico,2022,variazioni_territoriali,0
017149,Pontevico,2023,variazioni_territoriali,0
017149,Pontevico,2024,variazioni_territoriali,0
017150,Pontoglio,2019,aggiustamento_statistico,-28
017150,Pontoglio,2020,aggiustamento_statistico,16
017150,Pontoglio,2021,aggiustamento_statistico,11
017150,Pontoglio,2022,aggiustamento_statistico,10
017150,Pontoglio,2023,aggiustamento_statistico,2
017150,Pontoglio,2024,aggiustamento_statistico,9
017150,Pontoglio,2019,emigrati_estero,34
017150,Pontoglio,2020,emigrati_estero,20
017150,Pontoglio,2021,emigrati_estero,29
017150,Pontoglio,2022,emigrati_estero,16
017150,Pontoglio,2023,emigrati_estero,16
017150,Pontoglio,2024,emigrati_estero,34
017150,Pontoglio,2019,emigrati_interni,175
017150,Pontoglio,2020,emigrati_interni,131
017150,Pontoglio,2021,emigrati_interni,179
017150,Pontoglio,2022,emigrati_interni,167
017150,Pontoglio,2023,emigrati_interni,134
017150,Pontoglio,2024,emigrati_interni,188
017150,Pontoglio,2019,immigrati_estero,70
017150,Pontoglio,2020,immigrati_estero,34
017150,Pontoglio,2021,immigrati_estero,56
017150,Pontoglio,2022,immigrati_estero,66
017150,Pontoglio,2023,immigrati_estero,58
017150,Pontoglio,2024,immigrati_estero,48
017150,Pontoglio,2019,immigrati_interni,202
017150,Pontoglio,2020,immigrati_interni,163
017150,Pontoglio,2021,immigrati_interni,180
017150,Pontoglio,2022,immigrati_interni,163
017150,Pontoglio,2023,immigrati_interni,148
017150,Pontoglio,2024,immigrati_interni,161
017150,Pontoglio,2019,morti,71
017150,Pontoglio,2020,morti,93
017150,Pontoglio,2021,morti,53
017150,Pontoglio,2022,morti,68
017150,Pontoglio,2023,morti,53
017150,Pontoglio,2024,morti,75
017150,Pontoglio,2019,nati,50
017150,Pontoglio,2020,nati,52
017150,Pontoglio,2021,nati,44
017150,Pontoglio,2022,nati,59
017150,Pontoglio,2023,nati,45
017150,Pontoglio,2024,nati,47
017150,Pontoglio,2019,popolazione_censita,6851
017150,Pontoglio,2020,popolazione_censita,6872
017150,Pontoglio,2021,popolazione_censita,6902
017150,Pontoglio,2022,popolazione_censita,6949
017150,Pontoglio,2023,popolazione_censita,6999
017150,Pontoglio,2024,popolazione_censita,6967
017150,Pontoglio,2019,popolazione_fine,6879
017150,Pontoglio,2020,popolazione_fine,6856
017150,Pontoglio,2021,popolazione_fine,6891
017150,Pontoglio,2022,popolazione_fine,6939
017150,Pontoglio,2023,popolazione_fine,6997
017150,Pontoglio,2024,popolazione_fine,6958
017150,Pontoglio,2019,popolazione_inizio,6837
017150,Pontoglio,2020,popolazione_inizio,6851
017150,Pontoglio,2021,popolazione_inizio,6872
017150,Pontoglio,2022,popolazione_inizio,6902
017150,Pontoglio,2023,popolazione_inizio,6949
017150,Pontoglio,2024,popolazione_inizio,6999
017150,Pontoglio,2019,variazioni_territoriali,0
017150,Pontoglio,2020,variazioni_territoriali,0
017150,Pontoglio,2021,variazioni_territoriali,0
017150,Pontoglio,2022,variazioni_territoriali,0
017150,Pontoglio,2023,variazioni_territoriali,0
017150,Pontoglio,2024,variazioni_territoriali,0
017151,Pozzolengo,2019,aggiustamento_statistico,2
017151,Pozzolengo,2020,aggiustamento_statistico,17
017151,Pozzolengo,2021,aggiustamento_statistico,4
017151,Pozzolengo,2022,aggiustamento_statistico,-6
017151,Pozzolengo,2023,aggiustamento_statistico,-5
017151,Pozzolengo,2024,aggiustamento_statistico,4
017151,Pozzolengo,2019,emigrati_estero,6
017151,Pozzolengo,2020,emigrati_estero,9
017151,Pozzolengo,2021,emigrati_estero,10
017151,Pozzolengo,2022,emigrati_estero,9
017151,Pozzolengo,2023,emigrati_estero,5
017151,Pozzolengo,2024,emigrati_estero,14
017151,Pozzolengo,2019,emigrati_interni,93
017151,Pozzolengo,2020,emigrati_interni,135
017151,Pozzolengo,2021,emigrati_interni,118
017151,Pozzolengo,2022,emigrati_interni,91
017151,Pozzolengo,2023,emigrati_interni,99
017151,Pozzolengo,2024,emigrati_interni,105
017151,Pozzolengo,2019,immigrati_estero,16
017151,Pozzolengo,2020,immigrati_estero,10
017151,Pozzolengo,2021,immigrati_estero,16
017151,Pozzolengo,2022,immigrati_estero,17
017151,Pozzolengo,2023,immigrati_estero,21
017151,Pozzolengo,2024,immigrati_estero,29
017151,Pozzolengo,2019,immigrati_interni,139
017151,Pozzolengo,2020,immigrati_interni,150
017151,Pozzolengo,2021,immigrati_interni,135
017151,Pozzolengo,2022,immigrati_interni,137
017151,Pozzolengo,2023,immigrati_interni,104
017151,Pozzolengo,2024,immigrati_interni,122
017151,Pozzolengo,2019,morti,39
017151,Pozzolengo,2020,morti,47
017151,Pozzolengo,2021,morti,45
017151,Pozzolengo,2022,morti,37
017151,Pozzolengo,2023,morti,40
017151,Pozzolengo,2024,morti,41
017151,Pozzolengo,2019,nati,20
017151,Pozzolengo,2020,nati,24
017151,Pozzolengo,2021,nati,21
017151,Pozzolengo,2022,nati,17
017151,Pozzolengo,2023,nati,19
017151,Pozzolengo,2024,nati,24
017151,Pozzolengo,2019,popolazione_censita,3543
017151,Pozzolengo,2020,popolazione_censita,3553
017151,Pozzolengo,2021,popolazione_censita,3556
017151,Pozzolengo,2022,popolazione_censita,3584
017151,Pozzolengo,2023,popolazione_censita,3579
017151,Pozzolengo,2024,popolazione_censita,3598
017151,Pozzolengo,2019,popolazione_fine,3541
017151,Pozzolengo,2020,popolazione_fine,3536
017151,Pozzolengo,2021,popolazione_fine,3552
017151,Pozzolengo,2022,popolazione_fine,3590
017151,Pozzolengo,2023,popolazione_fine,3584
017151,Pozzolengo,2024,popolazione_fine,3594
017151,Pozzolengo,2019,popolazione_inizio,3504
017151,Pozzolengo,2020,popolazione_inizio,3543
017151,Pozzolengo,2021,popolazione_inizio,3553
017151,Pozzolengo,2022,popolazione_inizio,3556
017151,Pozzolengo,2023,popolazione_inizio,3584
017151,Pozzolengo,2024,popolazione_inizio,3579
017151,Pozzolengo,2019,variazioni_territoriali,0
017151,Pozzolengo,2020,variazioni_territoriali,0
017151,Pozzolengo,2021,variazioni_territoriali,0
017151,Pozzolengo,2022,variazioni_territoriali,0
017151,Pozzolengo,2023,variazioni_territoriali,0
017151,Pozzolengo,2024,variazioni_territoriali,0
017152,Pralboino,2019,aggiustamento_statistico,-16
017152,Pralboino,2020,aggiustamento_statistico,21
017152,Pralboino,2021,aggiustamento_statistico,-28
017152,Pralboino,2022,aggiustamento_statistico,2
017152,Pralboino,2023,aggiustamento_statistico,1
017152,Pralboino,2024,aggiustamento_statistico,-4
017152,Pralboino,2019,emigrati_estero,13
017152,Pralboino,2020,emigrati_estero,22
017152,Pralboino,2021,emigrati_estero,19
017152,Pralboino,2022,emigrati_estero,15
017152,Pralboino,2023,emigrati_estero,5
017152,Pralboino,2024,emigrati_estero,14
017152,Pralboino,2019,emigrati_interni,69
017152,Pralboino,2020,emigrati_interni,103
017152,Pralboino,2021,emigrati_interni,82
017152,Pralboino,2022,emigrati_interni,74
017152,Pralboino,2023,emigrati_interni,71
017152,Pralboino,2024,emigrati_interni,100
017152,Pralboino,2019,immigrati_estero,21
017152,Pralboino,2020,immigrati_estero,17
017152,Pralboino,2021,immigrati_estero,33
017152,Pralboino,2022,immigrati_estero,47
017152,Pralboino,2023,immigrati_estero,35
017152,Pralboino,2024,immigrati_estero,39
017152,Pralboino,2019,immigrati_interni,56
017152,Pralboino,2020,immigrati_interni,62
017152,Pralboino,2021,immigrati_interni,99
017152,Pralboino,2022,immigrati_interni,63
017152,Pralboino,2023,immigrati_interni,79
017152,Pralboino,2024,immigrati_interni,104
017152,Pralboino,2019,morti,33
017152,Pralboino,2020,morti,62
017152,Pralboino,2021,morti,27
017152,Pralboino,2022,morti,46
017152,Pralboino,2023,morti,41
017152,Pralboino,2024,morti,34
017152,Pralboino,2019,nati,27
017152,Pralboino,2020,nati,27
017152,Pralboino,2021,nati,11
017152,Pralboino,2022,nati,18
017152,Pralboino,2023,nati,17
017152,Pralboino,2024,nati,23
017152,Pralboino,2019,popolazione_censita,2876
017152,Pralboino,2020,popolazione_censita,2816
017152,Pralboino,2021,popolazione_censita,2803
017152,Pralboino,2022,popolazione_censita,2798
017152,Pralboino,2023,popolazione_censita,2813
017152,Pralboino,2024,popolazione_censita,2827
017152,Pralboino,2019,popolazione_fine,2892
017152,Pralboino,2020,popolazione_fine,2795
017152,Pralboino,2021,popolazione_fine,2831
017152,Pralboino,2022,popolazione_fine,2796
017152,Pralboino,2023,popolazione_fine,2812
017152,Pralboino,2024,popolazione_fine,2831
017152,Pralboino,2019,popolazione_inizio,2903
017152,Pralboino,2020,popolazione_inizio,2876
017152,Pralboino,2021,popolazione_inizio,2816
017152,Pralboino,2022,popolazione_inizio,2803
017152,Pralboino,2023,popolazione_inizio,2798
017152,Pralboino,2024,popolazione_inizio,2813
017152,Pralboino,2019,variazioni_territoriali,0
017152,Pralboino,2020,variazioni_territoriali,0
017152,Pralboino,2021,variazioni_territoriali,0
017152,Pralboino,2022,variazioni_territoriali,0
017152,Pralboino,2023,variazioni_territoriali,0
017152,Pralboino,2024,variazioni_territoriali,0
017153,Preseglie,2019,aggiustamento_statistico,1
017153,Preseglie,2020,aggiustamento_statistico,2
017153,Preseglie,2021,aggiustamento_statistico,-4
017153,Preseglie,2022,aggiustamento_statistico,-6
017153,Preseglie,2023,aggiustamento_statistico,0
017153,Preseglie,2024,aggiustamento_statistico,4
017153,Preseglie,2019,emigrati_estero,4
017153,Preseglie,2020,emigrati_estero,4
017153,Preseglie,2021,emigrati_estero,0
017153,Preseglie,2022,emigrati_estero,0
017153,Preseglie,2023,emigrati_estero,5
017153,Preseglie,2024,emigrati_estero,3
017153,Preseglie,2019,emigrati_interni,22
017153,Preseglie,2020,emigrati_interni,56
017153,Preseglie,2021,emigrati_interni,52
017153,Preseglie,2022,emigrati_interni,34
017153,Preseglie,2023,emigrati_interni,43
017153,Preseglie,2024,emigrati_interni,54
017153,Preseglie,2019,immigrati_estero,2
017153,Preseglie,2020,immigrati_estero,4
017153,Preseglie,2021,immigrati_estero,6
017153,Preseglie,2022,immigrati_estero,15
017153,Preseglie,2023,immigrati_estero,3
017153,Preseglie,2024,immigrati_estero,20
017153,Preseglie,2019,immigrati_interni,27
017153,Preseglie,2020,immigrati_interni,32
017153,Preseglie,2021,immigrati_interni,24
017153,Preseglie,2022,immigrati_interni,37
017153,Preseglie,2023,immigrati_interni,34
017153,Preseglie,2024,immigrati_interni,35
017153,Preseglie,2019,morti,14
017153,Preseglie,2020,morti,22
017153,Preseglie,2021,morti,16
017153,Preseglie,2022,morti,11
017153,Preseglie,2023,morti,15
017153,Preseglie,2024,morti,10
017153,Preseglie,2019,nati,13
017153,Preseglie,2020,nati,8
017153,Preseglie,2021,nati,10
017153,Preseglie,2022,nati,10
017153,Preseglie,2023,nati,10
017153,Preseglie,2024,nati,13
017153,Preseglie,2019,popolazione_censita,1533
017153,Preseglie,2020,popolazione_censita,1497
017153,Preseglie,2021,popolazione_censita,1465
017153,Preseglie,2022,popolazione_censita,1476
017153,Preseglie,2023,popolazione_censita,1460
017153,Preseglie,2024,popolazione_censita,1465
017153,Preseglie,2019,popolazione_fine,1532
017153,Preseglie,2020,popolazione_fine,1495
017153,Preseglie,2021,popolazione_fine,1469
017153,Preseglie,2022,popolazione_fine,1482
017153,Preseglie,2023,popolazione_fine,1460
017153,Preseglie,2024,popolazione_fine,1461
017153,Preseglie,2019,popolazione_inizio,1530
017153,Preseglie,2020,popolazione_inizio,1533
017153,Preseglie,2021,popolazione_inizio,1497
017153,Preseglie,2022,popolazione_inizio,1465
017153,Preseglie,2023,popolazione_inizio,1476
017153,Preseglie,2024,popolazione_inizio,1460
017153,Preseglie,2019,variazioni_territoriali,0
017153,Preseglie,2020,variazioni_territoriali,0
017153,Preseglie,2021,variazioni_territoriali,0
017153,Preseglie,2022,variazioni_territoriali,0
017153,Preseglie,2023,variazioni_territoriali,0
017153,Preseglie,2024,variazioni_territoriali,0
017155,Prevalle,2019,aggiustamento_statistico,-33
017155,Prevalle,2020,aggiustamento_statistico,33
017155,Prevalle,2021,aggiustamento_statistico,-43
017155,Prevalle,2022,aggiustamento_statistico,-7
017155,Prevalle,2023,aggiustamento_statistico,1
017155,Prevalle,2024,aggiustamento_statistico,-21
017155,Prevalle,2019,emigrati_estero,62
017155,Prevalle,2020,emigrati_estero,29
017155,Prevalle,2021,emigrati_estero,31
017155,Prevalle,2022,emigrati_estero,53
017155,Prevalle,2023,emigrati_estero,41
017155,Prevalle,2024,emigrati_estero,35
017155,Prevalle,2019,emigrati_interni,201
017155,Prevalle,2020,emigrati_interni,220
017155,Prevalle,2021,emigrati_interni,214
017155,Prevalle,2022,emigrati_interni,263
017155,Prevalle,2023,emigrati_interni,189
017155,Prevalle,2024,emigrati_interni,201
017155,Prevalle,2019,immigrati_estero,83
017155,Prevalle,2020,immigrati_estero,53
017155,Prevalle,2021,immigrati_estero,56
017155,Prevalle,2022,immigrati_estero,69
017155,Prevalle,2023,immigrati_estero,74
017155,Prevalle,2024,immigrati_estero,84
017155,Prevalle,2019,immigrati_interni,217
017155,Prevalle,2020,immigrati_interni,207
017155,Prevalle,2021,immigrati_interni,215
017155,Prevalle,2022,immigrati_interni,253
017155,Prevalle,2023,immigrati_interni,218
017155,Prevalle,2024,immigrati_interni,224
017155,Prevalle,2019,morti,46
017155,Prevalle,2020,morti,63
017155,Prevalle,2021,morti,59
017155,Prevalle,2022,morti,62
017155,Prevalle,2023,morti,49
017155,Prevalle,2024,morti,42
017155,Prevalle,2019,nati,52
017155,Prevalle,2020,nati,55
017155,Prevalle,2021,nati,53
017155,Prevalle,2022,nati,49
017155,Prevalle,2023,nati,57
017155,Prevalle,2024,nati,60
017155,Prevalle,2019,popolazione_censita,6802
017155,Prevalle,2020,popolazione_censita,6838
017155,Prevalle,2021,popolazione_censita,6815
017155,Prevalle,2022,popolazione_censita,6801
017155,Prevalle,2023,popolazione_censita,6872
017155,Prevalle,2024,popolazione_censita,6941
017155,Prevalle,2019,popolazione_fine,6835
017155,Prevalle,2020,popolazione_fine,6805
017155,Prevalle,2021,popolazione_fine,6858
017155,Prevalle,2022,popolazione_fine,6808
017155,Prevalle,2023,popolazione_fine,6871
017155,Prevalle,2024,popolazione_fine,6962
017155,Prevalle,2019,popolazione_inizio,6792
017155,Prevalle,2020,popolazione_inizio,6802
017155,Prevalle,2021,popolazione_inizio,6838
017155,Prevalle,2022,popolazione_inizio,6815
017155,Prevalle,2023,popolazione_inizio,6801
017155,Prevalle,2024,popolazione_inizio,6872
017155,Prevalle,2019,variazioni_territoriali,0
017155,Prevalle,2020,variazioni_territoriali,0
017155,Prevalle,2021,variazioni_territoriali,0
017155,Prevalle,2022,variazioni_territoriali,0
017155,Prevalle,2023,variazioni_territoriali,0
017155,Prevalle,2024,variazioni_territoriali,0
017156,Provaglio d'Iseo,2019,aggiustamento_statistico,-14
017156,Provaglio d'Iseo,2020,aggiustamento_statistico,-5
017156,Provaglio d'Iseo,2021,aggiustamento_statistico,-22
017156,Provaglio d'Iseo,2022,aggiustamento_statistico,0
017156,Provaglio d'Iseo,2023,aggiustamento_statistico,4
017156,Provaglio d'Iseo,2024,aggiustamento_statistico,-2
017156,Provaglio d'Iseo,2019,emigrati_estero,23
017156,Provaglio d'Iseo,2020,emigrati_estero,20
017156,Provaglio d'Iseo,2021,emigrati_estero,16
017156,Provaglio d'Iseo,2022,emigrati_estero,4
017156,Provaglio d'Iseo,2023,emigrati_estero,30
017156,Provaglio d'Iseo,2024,emigrati_estero,30
017156,Provaglio d'Iseo,2019,emigrati_interni,237
017156,Provaglio d'Iseo,2020,emigrati_interni,162
017156,Provaglio d'Iseo,2021,emigrati_interni,196
017156,Provaglio d'Iseo,2022,emigrati_interni,192
017156,Provaglio d'Iseo,2023,emigrati_interni,178
017156,Provaglio d'Iseo,2024,emigrati_interni,170
017156,Provaglio d'Iseo,2019,immigrati_estero,25
017156,Provaglio d'Iseo,2020,immigrati_estero,15
017156,Provaglio d'Iseo,2021,immigrati_estero,23
017156,Provaglio d'Iseo,2022,immigrati_estero,31
017156,Provaglio d'Iseo,2023,immigrati_estero,19
017156,Provaglio d'Iseo,2024,immigrati_estero,32
017156,Provaglio d'Iseo,2019,immigrati_interni,170
017156,Provaglio d'Iseo,2020,immigrati_interni,204
017156,Provaglio d'Iseo,2021,immigrati_interni,194
017156,Provaglio d'Iseo,2022,immigrati_interni,174
017156,Provaglio d'Iseo,2023,immigrati_interni,150
017156,Provaglio d'Iseo,2024,immigrati_interni,201
017156,Provaglio d'Iseo,2019,morti,62
017156,Provaglio d'Iseo,2020,morti,88
017156,Provaglio d'Iseo,2021,morti,65
017156,Provaglio d'Iseo,2022,morti,68
017156,Provaglio d'Iseo,2023,morti,48
017156,Provaglio d'Iseo,2024,morti,65
017156,Provaglio d'Iseo,2019,nati,44
017156,Provaglio d'Iseo,2020,nati,31
017156,Provaglio d'Iseo,2021,nati,41
017156,Provaglio d'Iseo,2022,nati,37
017156,Provaglio d'Iseo,2023,nati,32
017156,Provaglio d'Iseo,2024,nati,36
017156,Provaglio d'Iseo,2019,popolazione_censita,7227
017156,Provaglio d'Iseo,2020,popolazione_censita,7202
017156,Provaglio d'Iseo,2021,popolazione_censita,7161
017156,Provaglio d'Iseo,2022,popolazione_censita,7139
017156,Provaglio d'Iseo,2023,popolazione_censita,7088
017156,Provaglio d'Iseo,2024,popolazione_censita,7090
017156,Provaglio d'Iseo,2019,popolazione_fine,7241
017156,Provaglio d'Iseo,2020,popolazione_fine,7207
017156,Provaglio d'Iseo,2021,popolazione_fine,7183
017156,Provaglio d'Iseo,2022,popolazione_fine,7139
017156,Provaglio d'Iseo,2023,popolazione_fine,7084
017156,Provaglio d'Iseo,2024,popolazione_fine,7092
017156,Provaglio d'Iseo,2019,popolazione_inizio,7324
017156,Provaglio d'Iseo,2020,popolazione_inizio,7227
017156,Provaglio d'Iseo,2021,popolazione_inizio,7202
017156,Provaglio d'Iseo,2022,popolazione_inizio,7161
017156,Provaglio d'Iseo,2023,popolazione_inizio,7139
017156,Provaglio d'Iseo,2024,popolazione_inizio,7088
017156,Provaglio d'Iseo,2019,variazioni_territoriali,0
017156,Provaglio d'Iseo,2020,variazioni_territoriali,0
017156,Provaglio d'Iseo,2021,variazioni_territoriali,0
017156,Provaglio d'Iseo,2022,variazioni_territoriali,0
017156,Provaglio d'Iseo,2023,variazioni_territoriali,0
017156,Provaglio d'Iseo,2024,variazioni_territoriali,0
017157,Provaglio Val Sabbia,2019,aggiustamento_statistico,-2
017157,Provaglio Val Sabbia,2020,aggiustamento_statistico,-3
017157,Provaglio Val Sabbia,2021,aggiustamento_statistico,0
017157,Provaglio Val Sabbia,2022,aggiustamento_statistico,0
017157,Provaglio Val Sabbia,2023,aggiustamento_statistico,0
017157,Provaglio Val Sabbia,2024,aggiustamento_statistico,2
017157,Provaglio Val Sabbia,2019,emigrati_estero,5
017157,Provaglio Val Sabbia,2020,emigrati_estero,1
017157,Provaglio Val Sabbia,2021,emigrati_estero,0
017157,Provaglio Val Sabbia,2022,emigrati_estero,0
017157,Provaglio Val Sabbia,2023,emigrati_estero,1
017157,Provaglio Val Sabbia,2024,emigrati_estero,1
017157,Provaglio Val Sabbia,2019,emigrati_interni,22
017157,Provaglio Val Sabbia,2020,emigrati_interni,13
017157,Provaglio Val Sabbia,2021,emigrati_interni,34
017157,Provaglio Val Sabbia,2022,emigrati_interni,19
017157,Provaglio Val Sabbia,2023,emigrati_interni,24
017157,Provaglio Val Sabbia,2024,emigrati_interni,15
017157,Provaglio Val Sabbia,2019,immigrati_estero,1
017157,Provaglio Val Sabbia,2020,immigrati_estero,0
017157,Provaglio Val Sabbia,2021,immigrati_estero,0
017157,Provaglio Val Sabbia,2022,immigrati_estero,1
017157,Provaglio Val Sabbia,2023,immigrati_estero,1
017157,Provaglio Val Sabbia,2024,immigrati_estero,1
017157,Provaglio Val Sabbia,2019,immigrati_interni,11
017157,Provaglio Val Sabbia,2020,immigrati_interni,19
017157,Provaglio Val Sabbia,2021,immigrati_interni,37
017157,Provaglio Val Sabbia,2022,immigrati_interni,10
017157,Provaglio Val Sabbia,2023,immigrati_interni,16
017157,Provaglio Val Sabbia,2024,immigrati_interni,15
017157,Provaglio Val Sabbia,2019,morti,9
017157,Provaglio Val Sabbia,2020,morti,8
017157,Provaglio Val Sabbia,2021,morti,15
017157,Provaglio Val Sabbia,2022,morti,9
017157,Provaglio Val Sabbia,2023,morti,6
017157,Provaglio Val Sabbia,2024,morti,11
017157,Provaglio Val Sabbia,2019,nati,5
017157,Provaglio Val Sabbia,2020,nati,7
017157,Provaglio Val Sabbia,2021,nati,4
017157,Provaglio Val Sabbia,2022,nati,5
017157,Provaglio Val Sabbia,2023,nati,2
017157,Provaglio Val Sabbia,2024,nati,4
017157,Provaglio Val Sabbia,2019,popolazione_censita,891
017157,Provaglio Val Sabbia,2020,popolazione_censita,892
017157,Provaglio Val Sabbia,2021,popolazione_censita,884
017157,Provaglio Val Sabbia,2022,popolazione_censita,872
017157,Provaglio Val Sabbia,2023,popolazione_censita,860
017157,Provaglio Val Sabbia,2024,popolazione_censita,855
017157,Provaglio Val Sabbia,2019,popolazione_fine,893
017157,Provaglio Val Sabbia,2020,popolazione_fine,895
017157,Provaglio Val Sabbia,2021,popolazione_fine,884
017157,Provaglio Val Sabbia,2022,popolazione_fine,872
017157,Provaglio Val Sabbia,2023,popolazione_fine,860
017157,Provaglio Val Sabbia,2024,popolazione_fine,853
017157,Provaglio Val Sabbia,2019,popolazione_inizio,912
017157,Provaglio Val Sabbia,2020,popolazione_inizio,891
017157,Provaglio Val Sabbia,2021,popolazione_inizio,892
017157,Provaglio Val Sabbia,2022,popolazione_inizio,884
017157,Provaglio Val Sabbia,2023,popolazione_inizio,872
017157,Provaglio Val Sabbia,2024,popolazione_inizio,860
017157,Provaglio Val Sabbia,2019,variazioni_territoriali,0
017157,Provaglio Val Sabbia,2020,variazioni_territoriali,0
017157,Provaglio Val Sabbia,2021,variazioni_territoriali,0
017157,Provaglio Val Sabbia,2022,variazioni_territoriali,0
017157,Provaglio Val Sabbia,2023,variazioni_territoriali,0
017157,Provaglio Val Sabbia,2024,variazioni_territoriali,0
017158,Puegnago del Garda,2019,aggiustamento_statistico,5
017158,Puegnago del Garda,2020,aggiustamento_statistico,7
017158,Puegnago del Garda,2021,aggiustamento_statistico,-6
017158,Puegnago del Garda,2022,aggiustamento_statistico,3
017158,Puegnago del Garda,2023,aggiustamento_statistico,1
017158,Puegnago del Garda,2024,aggiustamento_statistico,-1
017158,Puegnago del Garda,2019,emigrati_estero,3
017158,Puegnago del Garda,2020,emigrati_estero,4
017158,Puegnago del Garda,2021,emigrati_estero,11
017158,Puegnago del Garda,2022,emigrati_estero,5
017158,Puegnago del Garda,2023,emigrati_estero,10
017158,Puegnago del Garda,2024,emigrati_estero,5
017158,Puegnago del Garda,2019,emigrati_interni,155
017158,Puegnago del Garda,2020,emigrati_interni,141
017158,Puegnago del Garda,2021,emigrati_interni,154
017158,Puegnago del Garda,2022,emigrati_interni,172
017158,Puegnago del Garda,2023,emigrati_interni,129
017158,Puegnago del Garda,2024,emigrati_interni,133
017158,Puegnago del Garda,2019,immigrati_estero,10
017158,Puegnago del Garda,2020,immigrati_estero,11
017158,Puegnago del Garda,2021,immigrati_estero,11
017158,Puegnago del Garda,2022,immigrati_estero,25
017158,Puegnago del Garda,2023,immigrati_estero,30
017158,Puegnago del Garda,2024,immigrati_estero,18
017158,Puegnago del Garda,2019,immigrati_interni,192
017158,Puegnago del Garda,2020,immigrati_interni,172
017158,Puegnago del Garda,2021,immigrati_interni,153
017158,Puegnago del Garda,2022,immigrati_interni,151
017158,Puegnago del Garda,2023,immigrati_interni,127
017158,Puegnago del Garda,2024,immigrati_interni,135
017158,Puegnago del Garda,2019,morti,23
017158,Puegnago del Garda,2020,morti,41
017158,Puegnago del Garda,2021,morti,30
017158,Puegnago del Garda,2022,morti,35
017158,Puegnago del Garda,2023,morti,27
017158,Puegnago del Garda,2024,morti,24
017158,Puegnago del Garda,2019,nati,22
017158,Puegnago del Garda,2020,nati,27
017158,Puegnago del Garda,2021,nati,18
017158,Puegnago del Garda,2022,nati,23
017158,Puegnago del Garda,2023,nati,19
017158,Puegnago del Garda,2024,nati,14
017158,Puegnago del Garda,2019,popolazione_censita,3452
017158,Puegnago del Garda,2020,popolazione_censita,3483
017158,Puegnago del Garda,2021,popolazione_censita,3464
017158,Puegnago del Garda,2022,popolazione_censita,3454
017158,Puegnago del Garda,2023,popolazione_censita,3465
017158,Puegnago del Garda,2024,popolazione_censita,3469
017158,Puegnago del Garda,2019,popolazione_fine,3447
017158,Puegnago del Garda,2020,popolazione_fine,3476
017158,Puegnago del Garda,2021,popolazione_fine,3470
017158,Puegnago del Garda,2022,popolazione_fine,3451
017158,Puegnago del Garda,2023,popolazione_fine,3464
017158,Puegnago del Garda,2024,popolazione_fine,3470
017158,Puegnago del Garda,2019,popolazione_inizio,3404
017158,Puegnago del Garda,2020,popolazione_inizio,3452
017158,Puegnago del Garda,2021,popolazione_inizio,3483
017158,Puegnago del Garda,2022,popolazione_inizio,3464
017158,Puegnago del Garda,2023,popolazione_inizio,3454
017158,Puegnago del Garda,2024,popolazione_inizio,3465
017158,Puegnago del Garda,2019,variazioni_territoriali,0
017158,Puegnago del Garda,2020,variazioni_territoriali,0
017158,Puegnago del Garda,2021,variazioni_territoriali,0
017158,Puegnago del Garda,2022,variazioni_territoriali,0
017158,Puegnago del Garda,2023,variazioni_territoriali,0
017158,Puegnago del Garda,2024,variazioni_territoriali,0
017159,Quinzano d'Oglio,2019,aggiustamento_statistico,-35
017159,Quinzano d'Oglio,2020,aggiustamento_statistico,32
017159,Quinzano d'Oglio,2021,aggiustamento_statistico,-20
017159,Quinzano d'Oglio,2022,aggiustamento_statistico,-5
017159,Quinzano d'Oglio,2023,aggiustamento_statistico,3
017159,Quinzano d'Oglio,2024,aggiustamento_statistico,-9
017159,Quinzano d'Oglio,2019,emigrati_estero,27
017159,Quinzano d'Oglio,2020,emigrati_estero,35
017159,Quinzano d'Oglio,2021,emigrati_estero,14
017159,Quinzano d'Oglio,2022,emigrati_estero,25
017159,Quinzano d'Oglio,2023,emigrati_estero,8
017159,Quinzano d'Oglio,2024,emigrati_estero,15
017159,Quinzano d'Oglio,2019,emigrati_interni,146
017159,Quinzano d'Oglio,2020,emigrati_interni,140
017159,Quinzano d'Oglio,2021,emigrati_interni,108
017159,Quinzano d'Oglio,2022,emigrati_interni,134
017159,Quinzano d'Oglio,2023,emigrati_interni,156
017159,Quinzano d'Oglio,2024,emigrati_interni,126
017159,Quinzano d'Oglio,2019,immigrati_estero,54
017159,Quinzano d'Oglio,2020,immigrati_estero,35
017159,Quinzano d'Oglio,2021,immigrati_estero,34
017159,Quinzano d'Oglio,2022,immigrati_estero,61
017159,Quinzano d'Oglio,2023,immigrati_estero,66
017159,Quinzano d'Oglio,2024,immigrati_estero,48
017159,Quinzano d'Oglio,2019,immigrati_interni,141
017159,Quinzano d'Oglio,2020,immigrati_interni,182
017159,Quinzano d'Oglio,2021,immigrati_interni,147
017159,Quinzano d'Oglio,2022,immigrati_interni,172
017159,Quinzano d'Oglio,2023,immigrati_interni,150
017159,Quinzano d'Oglio,2024,immigrati_interni,190
017159,Quinzano d'Oglio,2019,morti,67
017159,Quinzano d'Oglio,2020,morti,120
017159,Quinzano d'Oglio,2021,morti,80
017159,Quinzano d'Oglio,2022,morti,72
017159,Quinzano d'Oglio,2023,morti,72
017159,Quinzano d'Oglio,2024,morti,66
017159,Quinzano d'Oglio,2019,nati,41
017159,Quinzano d'Oglio,2020,nati,44
017159,Quinzano d'Oglio,2021,nati,33
017159,Quinzano d'Oglio,2022,nati,37
017159,Quinzano d'Oglio,2023,nati,46
017159,Quinzano d'Oglio,2024,nati,43
017159,Quinzano d'Oglio,2019,popolazione_censita,6187
017159,Quinzano d'Oglio,2020,popolazione_censita,6185
017159,Quinzano d'Oglio,2021,popolazione_censita,6177
017159,Quinzano d'Oglio,2022,popolazione_censita,6211
017159,Quinzano d'Oglio,2023,popolazione_censita,6240
017159,Quinzano d'Oglio,2024,popolazione_censita,6305
017159,Quinzano d'Oglio,2019,popolazione_fine,6222
017159,Quinzano d'Oglio,2020,popolazione_fine,6153
017159,Quinzano d'Oglio,2021,popolazione_fine,6197
017159,Quinzano d'Oglio,2022,popolazione_fine,6216
017159,Quinzano d'Oglio,2023,popolazione_fine,6237
017159,Quinzano d'Oglio,2024,popolazione_fine,6314
017159,Quinzano d'Oglio,2019,popolazione_inizio,6226
017159,Quinzano d'Oglio,2020,popolazione_inizio,6187
017159,Quinzano d'Oglio,2021,popolazione_inizio,6185
017159,Quinzano d'Oglio,2022,popolazione_inizio,6177
017159,Quinzano d'Oglio,2023,popolazione_inizio,6211
017159,Quinzano d'Oglio,2024,popolazione_inizio,6240
017159,Quinzano d'Oglio,2019,variazioni_territoriali,0
017159,Quinzano d'Oglio,2020,variazioni_territoriali,0
017159,Quinzano d'Oglio,2021,variazioni_territoriali,0
017159,Quinzano d'Oglio,2022,variazioni_territoriali,0
017159,Quinzano d'Oglio,2023,variazioni_territoriali,0
017159,Quinzano d'Oglio,2024,variazioni_territoriali,0
017160,Remedello,2019,aggiustamento_statistico,8
017160,Remedello,2020,aggiustamento_statistico,-29
017160,Remedello,2021,aggiustamento_statistico,-12
017160,Remedello,2022,aggiustamento_statistico,-5
017160,Remedello,2023,aggiustamento_statistico,5
017160,Remedello,2024,aggiustamento_statistico,-1
017160,Remedello,2019,emigrati_estero,12
017160,Remedello,2020,emigrati_estero,11
017160,Remedello,2021,emigrati_estero,15
017160,Remedello,2022,emigrati_estero,8
017160,Remedello,2023,emigrati_estero,8
017160,Remedello,2024,emigrati_estero,15
017160,Remedello,2019,emigrati_interni,88
017160,Remedello,2020,emigrati_interni,69
017160,Remedello,2021,emigrati_interni,80
017160,Remedello,2022,emigrati_interni,78
017160,Remedello,2023,emigrati_interni,77
017160,Remedello,2024,emigrati_interni,71
017160,Remedello,2019,immigrati_estero,22
017160,Remedello,2020,immigrati_estero,34
017160,Remedello,2021,immigrati_estero,25
017160,Remedello,2022,immigrati_estero,32
017160,Remedello,2023,immigrati_estero,39
017160,Remedello,2024,immigrati_estero,32
017160,Remedello,2019,immigrati_interni,102
017160,Remedello,2020,immigrati_interni,69
017160,Remedello,2021,immigrati_interni,82
017160,Remedello,2022,immigrati_interni,86
017160,Remedello,2023,immigrati_interni,98
017160,Remedello,2024,immigrati_interni,76
017160,Remedello,2019,morti,29
017160,Remedello,2020,morti,35
017160,Remedello,2021,morti,32
017160,Remedello,2022,morti,29
017160,Remedello,2023,morti,27
017160,Remedello,2024,morti,33
017160,Remedello,2019,nati,22
017160,Remedello,2020,nati,20
017160,Remedello,2021,nati,22
017160,Remedello,2022,nati,30
017160,Remedello,2023,nati,21
017160,Remedello,2024,nati,24
017160,Remedello,2019,popolazione_censita,3377
017160,Remedello,2020,popolazione_censita,3356
017160,Remedello,2021,popolazione_censita,3346
017160,Remedello,2022,popolazione_censita,3374
017160,Remedello,2023,popolazione_censita,3425
017160,Remedello,2024,popolazione_censita,3437
017160,Remedello,2019,popolazione_fine,3369
017160,Remedello,2020,popolazione_fine,3385
017160,Remedello,2021,popolazione_fine,3358
017160,Remedello,2022,popolazione_fine,3379
017160,Remedello,2023,popolazione_fine,3420
017160,Remedello,2024,popolazione_fine,3438
017160,Remedello,2019,popolazione_inizio,3352
017160,Remedello,2020,popolazione_inizio,3377
017160,Remedello,2021,popolazione_inizio,3356
017160,Remedello,2022,popolazione_inizio,3346
017160,Remedello,2023,popolazione_inizio,3374
017160,Remedello,2024,popolazione_inizio,3425
017160,Remedello,2019,variazioni_territoriali,0
017160,Remedello,2020,variazioni_territoriali,0
017160,Remedello,2021,variazioni_territoriali,0
017160,Remedello,2022,variazioni_territoriali,0
017160,Remedello,2023,variazioni_territoriali,0
017160,Remedello,2024,variazioni_territoriali,0
017161,Rezzato,2019,aggiustamento_statistico,-93
017161,Rezzato,2020,aggiustamento_statistico,149
017161,Rezzato,2021,aggiustamento_statistico,-50
017161,Rezzato,2022,aggiustamento_statistico,-29
017161,Rezzato,2023,aggiustamento_statistico,-19
017161,Rezzato,2024,aggiustamento_statistico,7
017161,Rezzato,2019,emigrati_estero,50
017161,Rezzato,2020,emigrati_estero,63
017161,Rezzato,2021,emigrati_estero,59
017161,Rezzato,2022,emigrati_estero,59
017161,Rezzato,2023,emigrati_estero,47
017161,Rezzato,2024,emigrati_estero,53
017161,Rezzato,2019,emigrati_interni,470
017161,Rezzato,2020,emigrati_interni,493
017161,Rezzato,2021,emigrati_interni,405
017161,Rezzato,2022,emigrati_interni,425
017161,Rezzato,2023,emigrati_interni,418
017161,Rezzato,2024,emigrati_interni,428
017161,Rezzato,2019,immigrati_estero,113
017161,Rezzato,2020,immigrati_estero,53
017161,Rezzato,2021,immigrati_estero,61
017161,Rezzato,2022,immigrati_estero,87
017161,Rezzato,2023,immigrati_estero,67
017161,Rezzato,2024,immigrati_estero,93
017161,Rezzato,2019,immigrati_interni,484
017161,Rezzato,2020,immigrati_interni,490
017161,Rezzato,2021,immigrati_interni,507
017161,Rezzato,2022,immigrati_interni,503
017161,Rezzato,2023,immigrati_interni,554
017161,Rezzato,2024,immigrati_interni,496
017161,Rezzato,2019,morti,134
017161,Rezzato,2020,morti,176
017161,Rezzato,2021,morti,144
017161,Rezzato,2022,morti,133
017161,Rezzato,2023,morti,129
017161,Rezzato,2024,morti,128
017161,Rezzato,2019,nati,95
017161,Rezzato,2020,nati,90
017161,Rezzato,2021,nati,94
017161,Rezzato,2022,nati,86
017161,Rezzato,2023,nati,89
017161,Rezzato,2024,nati,81
017161,Rezzato,2019,popolazione_censita,13291
017161,Rezzato,2020,popolazione_censita,13341
017161,Rezzato,2021,popolazione_censita,13345
017161,Rezzato,2022,popolazione_censita,13375
017161,Rezzato,2023,popolazione_censita,13472
017161,Rezzato,2024,popolazione_censita,13540
017161,Rezzato,2019,popolazione_fine,13384
017161,Rezzato,2020,popolazione_fine,13192
017161,Rezzato,2021,popolazione_fine,13395
017161,Rezzato,2022,popolazione_fine,13404
017161,Rezzato,2023,popolazione_fine,13491
017161,Rezzato,2024,popolazione_fine,13533
017161,Rezzato,2019,popolazione_inizio,13346
017161,Rezzato,2020,popolazione_inizio,13291
017161,Rezzato,2021,popolazione_inizio,13341
017161,Rezzato,2022,popolazione_inizio,13345
017161,Rezzato,2023,popolazione_inizio,13375
017161,Rezzato,2024,popolazione_inizio,13472
017161,Rezzato,2019,variazioni_territoriali,0
017161,Rezzato,2020,variazioni_territoriali,0
017161,Rezzato,2021,variazioni_territoriali,0
017161,Rezzato,2022,variazioni_territoriali,0
017161,Rezzato,2023,variazioni_territoriali,0
017161,Rezzato,2024,variazioni_territoriali,0
017162,Roccafranca,2019,aggiustamento_statistico,-20
017162,Roccafranca,2020,aggiustamento_statistico,-3
017162,Roccafranca,2021,aggiustamento_statistico,-13
017162,Roccafranca,2022,aggiustamento_statistico,-4
017162,Roccafranca,2023,aggiustamento_statistico,-9
017162,Roccafranca,2024,aggiustamento_statistico,-3
017162,Roccafranca,2019,emigrati_estero,13
017162,Roccafranca,2020,emigrati_estero,21
017162,Roccafranca,2021,emigrati_estero,9
017162,Roccafranca,2022,emigrati_estero,6
017162,Roccafranca,2023,emigrati_estero,15
017162,Roccafranca,2024,emigrati_estero,20
017162,Roccafranca,2019,emigrati_interni,113
017162,Roccafranca,2020,emigrati_interni,105
017162,Roccafranca,2021,emigrati_interni,101
017162,Roccafranca,2022,emigrati_interni,109
017162,Roccafranca,2023,emigrati_interni,114
017162,Roccafranca,2024,emigrati_interni,127
017162,Roccafranca,2019,immigrati_estero,37
017162,Roccafranca,2020,immigrati_estero,42
017162,Roccafranca,2021,immigrati_estero,61
017162,Roccafranca,2022,immigrati_estero,39
017162,Roccafranca,2023,immigrati_estero,49
017162,Roccafranca,2024,immigrati_estero,44
017162,Roccafranca,2019,immigrati_interni,119
017162,Roccafranca,2020,immigrati_interni,96
017162,Roccafranca,2021,immigrati_interni,114
017162,Roccafranca,2022,immigrati_interni,95
017162,Roccafranca,2023,immigrati_interni,118
017162,Roccafranca,2024,immigrati_interni,112
017162,Roccafranca,2019,morti,29
017162,Roccafranca,2020,morti,50
017162,Roccafranca,2021,morti,44
017162,Roccafranca,2022,morti,35
017162,Roccafranca,2023,morti,42
017162,Roccafranca,2024,morti,35
017162,Roccafranca,2019,nati,48
017162,Roccafranca,2020,nati,48
017162,Roccafranca,2021,nati,35
017162,Roccafranca,2022,nati,50
017162,Roccafranca,2023,nati,53
017162,Roccafranca,2024,nati,57
017162,Roccafranca,2019,popolazione_censita,4785
017162,Roccafranca,2020,popolazione_censita,4792
017162,Roccafranca,2021,popolazione_censita,4835
017162,Roccafranca,2022,popolazione_censita,4865
017162,Roccafranca,2023,popolazione_censita,4905
017162,Roccafranca,2024,popolazione_censita,4933
017162,Roccafranca,2019,popolazione_fine,4805
017162,Roccafranca,2020,popolazione_fine,4795
017162,Roccafranca,2021,popolazione_fine,4848
017162,Roccafranca,2022,popolazione_fine,4869
017162,Roccafranca,2023,popolazione_fine,4914
017162,Roccafranca,2024,popolazione_fine,4936
017162,Roccafranca,2019,popolazione_inizio,4756
017162,Roccafranca,2020,popolazione_inizio,4785
017162,Roccafranca,2021,popolazione_inizio,4792
017162,Roccafranca,2022,popolazione_inizio,4835
017162,Roccafranca,2023,popolazione_inizio,4865
017162,Roccafranca,2024,popolazione_inizio,4905
017162,Roccafranca,2019,variazioni_territoriali,0
017162,Roccafranca,2020,variazioni_territoriali,0
017162,Roccafranca,2021,variazioni_territoriali,0
017162,Roccafranca,2022,variazioni_territoriali,0
017162,Roccafranca,2023,variazioni_territoriali,0
017162,Roccafranca,2024,variazioni_territoriali,0
017163,Rodengo Saiano,2019,aggiustamento_statistico,5
017163,Rodengo Saiano,2020,aggiustamento_statistico,54
017163,Rodengo Saiano,2021,aggiustamento_statistico,-1
017163,Rodengo Saiano,2022,aggiustamento_statistico,9
017163,Rodengo Saiano,2023,aggiustamento_statistico,-8
017163,Rodengo Saiano,2024,aggiustamento_statistico,5
017163,Rodengo Saiano,2019,emigrati_estero,27
017163,Rodengo Saiano,2020,emigrati_estero,33
017163,Rodengo Saiano,2021,emigrati_estero,24
017163,Rodengo Saiano,2022,emigrati_estero,18
017163,Rodengo Saiano,2023,emigrati_estero,31
017163,Rodengo Saiano,2024,emigrati_estero,40
017163,Rodengo Saiano,2019,emigrati_interni,325
017163,Rodengo Saiano,2020,emigrati_interni,298
017163,Rodengo Saiano,2021,emigrati_interni,302
017163,Rodengo Saiano,2022,emigrati_interni,260
017163,Rodengo Saiano,2023,emigrati_interni,260
017163,Rodengo Saiano,2024,emigrati_interni,288
017163,Rodengo Saiano,2019,immigrati_estero,46
017163,Rodengo Saiano,2020,immigrati_estero,14
017163,Rodengo Saiano,2021,immigrati_estero,31
017163,Rodengo Saiano,2022,immigrati_estero,45
017163,Rodengo Saiano,2023,immigrati_estero,30
017163,Rodengo Saiano,2024,immigrati_estero,43
017163,Rodengo Saiano,2019,immigrati_interni,359
017163,Rodengo Saiano,2020,immigrati_interni,324
017163,Rodengo Saiano,2021,immigrati_interni,337
017163,Rodengo Saiano,2022,immigrati_interni,315
017163,Rodengo Saiano,2023,immigrati_interni,312
017163,Rodengo Saiano,2024,immigrati_interni,289
017163,Rodengo Saiano,2019,morti,82
017163,Rodengo Saiano,2020,morti,130
017163,Rodengo Saiano,2021,morti,66
017163,Rodengo Saiano,2022,morti,90
017163,Rodengo Saiano,2023,morti,77
017163,Rodengo Saiano,2024,morti,91
017163,Rodengo Saiano,2019,nati,79
017163,Rodengo Saiano,2020,nati,72
017163,Rodengo Saiano,2021,nati,69
017163,Rodengo Saiano,2022,nati,83
017163,Rodengo Saiano,2023,nati,70
017163,Rodengo Saiano,2024,nati,62
017163,Rodengo Saiano,2019,popolazione_censita,9750
017163,Rodengo Saiano,2020,popolazione_censita,9753
017163,Rodengo Saiano,2021,popolazione_censita,9797
017163,Rodengo Saiano,2022,popolazione_censita,9881
017163,Rodengo Saiano,2023,popolazione_censita,9917
017163,Rodengo Saiano,2024,popolazione_censita,9897
017163,Rodengo Saiano,2019,popolazione_fine,9745
017163,Rodengo Saiano,2020,popolazione_fine,9699
017163,Rodengo Saiano,2021,popolazione_fine,9798
017163,Rodengo Saiano,2022,popolazione_fine,9872
017163,Rodengo Saiano,2023,popolazione_fine,9925
017163,Rodengo Saiano,2024,popolazione_fine,9892
017163,Rodengo Saiano,2019,popolazione_inizio,9695
017163,Rodengo Saiano,2020,popolazione_inizio,9750
017163,Rodengo Saiano,2021,popolazione_inizio,9753
017163,Rodengo Saiano,2022,popolazione_inizio,9797
017163,Rodengo Saiano,2023,popolazione_inizio,9881
017163,Rodengo Saiano,2024,popolazione_inizio,9917
017163,Rodengo Saiano,2019,variazioni_territoriali,0
017163,Rodengo Saiano,2020,variazioni_territoriali,0
017163,Rodengo Saiano,2021,variazioni_territoriali,0
017163,Rodengo Saiano,2022,variazioni_territoriali,0
017163,Rodengo Saiano,2023,variazioni_territoriali,0
017163,Rodengo Saiano,2024,variazioni_territoriali,0
017164,Roè Volciano,2019,aggiustamento_statistico,-13
017164,Roè Volciano,2020,aggiustamento_statistico,-5
017164,Roè Volciano,2021,aggiustamento_statistico,7
017164,Roè Volciano,2022,aggiustamento_statistico,3
017164,Roè Volciano,2023,aggiustamento_statistico,0
017164,Roè Volciano,2024,aggiustamento_statistico,-7
017164,Roè Volciano,2019,emigrati_estero,9
017164,Roè Volciano,2020,emigrati_estero,12
017164,Roè Volciano,2021,emigrati_estero,5
017164,Roè Volciano,2022,emigrati_estero,15
017164,Roè Volciano,2023,emigrati_estero,10
017164,Roè Volciano,2024,emigrati_estero,7
017164,Roè Volciano,2019,emigrati_interni,200
017164,Roè Volciano,2020,emigrati_interni,180
017164,Roè Volciano,2021,emigrati_interni,159
017164,Roè Volciano,2022,emigrati_interni,194
017164,Roè Volciano,2023,emigrati_interni,167
017164,Roè Volciano,2024,emigrati_interni,139
017164,Roè Volciano,2019,immigrati_estero,18
017164,Roè Volciano,2020,immigrati_estero,7
017164,Roè Volciano,2021,immigrati_estero,12
017164,Roè Volciano,2022,immigrati_estero,22
017164,Roè Volciano,2023,immigrati_estero,10
017164,Roè Volciano,2024,immigrati_estero,30
017164,Roè Volciano,2019,immigrati_interni,158
017164,Roè Volciano,2020,immigrati_interni,160
017164,Roè Volciano,2021,immigrati_interni,186
017164,Roè Volciano,2022,immigrati_interni,205
017164,Roè Volciano,2023,immigrati_interni,159
017164,Roè Volciano,2024,immigrati_interni,145
017164,Roè Volciano,2019,morti,42
017164,Roè Volciano,2020,morti,62
017164,Roè Volciano,2021,morti,36
017164,Roè Volciano,2022,morti,54
017164,Roè Volciano,2023,morti,49
017164,Roè Volciano,2024,morti,60
017164,Roè Volciano,2019,nati,26
017164,Roè Volciano,2020,nati,23
017164,Roè Volciano,2021,nati,20
017164,Roè Volciano,2022,nati,20
017164,Roè Volciano,2023,nati,31
017164,Roè Volciano,2024,nati,29
017164,Roè Volciano,2019,popolazione_censita,4410
017164,Roè Volciano,2020,popolazione_censita,4341
017164,Roè Volciano,2021,popolazione_censita,4366
017164,Roè Volciano,2022,popolazione_censita,4353
017164,Roè Volciano,2023,popolazione_censita,4327
017164,Roè Volciano,2024,popolazione_censita,4318
017164,Roè Volciano,2019,popolazione_fine,4423
017164,Roè Volciano,2020,popolazione_fine,4346
017164,Roè Volciano,2021,popolazione_fine,4359
017164,Roè Volciano,2022,popolazione_fine,4350
017164,Roè Volciano,2023,popolazione_fine,4327
017164,Roè Volciano,2024,popolazione_fine,4325
017164,Roè Volciano,2019,popolazione_inizio,4472
017164,Roè Volciano,2020,popolazione_inizio,4410
017164,Roè Volciano,2021,popolazione_inizio,4341
017164,Roè Volciano,2022,popolazione_inizio,4366
017164,Roè Volciano,2023,popolazione_inizio,4353
017164,Roè Volciano,2024,popolazione_inizio,4327
017164,Roè Volciano,2019,variazioni_territoriali,0
017164,Roè Volciano,2020,variazioni_territoriali,0
017164,Roè Volciano,2021,variazioni_territoriali,0
017164,Roè Volciano,2022,variazioni_territoriali,0
017164,Roè Volciano,2023,variazioni_territoriali,0
017164,Roè Volciano,2024,variazioni_territoriali,0
017165,Roncadelle,2019,aggiustamento_statistico,-27
017165,Roncadelle,2020,aggiustamento_statistico,64
017165,Roncadelle,2021,aggiustamento_statistico,-41
017165,Roncadelle,2022,aggiustamento_statistico,-38
017165,Roncadelle,2023,aggiustamento_statistico,-38
017165,Roncadelle,2024,aggiustamento_statistico,0
017165,Roncadelle,2019,emigrati_estero,29
017165,Roncadelle,2020,emigrati_estero,44
017165,Roncadelle,2021,emigrati_estero,22
017165,Roncadelle,2022,emigrati_estero,16
017165,Roncadelle,2023,emigrati_estero,15
017165,Roncadelle,2024,emigrati_estero,41
017165,Roncadelle,2019,emigrati_interni,345
017165,Roncadelle,2020,emigrati_interni,338
017165,Roncadelle,2021,emigrati_interni,420
017165,Roncadelle,2022,emigrati_interni,449
017165,Roncadelle,2023,emigrati_interni,374
017165,Roncadelle,2024,emigrati_interni,359
017165,Roncadelle,2019,immigrati_estero,77
017165,Roncadelle,2020,immigrati_estero,30
017165,Roncadelle,2021,immigrati_estero,46
017165,Roncadelle,2022,immigrati_estero,99
017165,Roncadelle,2023,immigrati_estero,78
017165,Roncadelle,2024,immigrati_estero,68
017165,Roncadelle,2019,immigrati_interni,347
017165,Roncadelle,2020,immigrati_interni,342
017165,Roncadelle,2021,immigrati_interni,383
017165,Roncadelle,2022,immigrati_interni,419
017165,Roncadelle,2023,immigrati_interni,394
017165,Roncadelle,2024,immigrati_interni,363
017165,Roncadelle,2019,morti,67
017165,Roncadelle,2020,morti,128
017165,Roncadelle,2021,morti,89
017165,Roncadelle,2022,morti,90
017165,Roncadelle,2023,morti,75
017165,Roncadelle,2024,morti,73
017165,Roncadelle,2019,nati,65
017165,Roncadelle,2020,nati,67
017165,Roncadelle,2021,nati,74
017165,Roncadelle,2022,nati,56
017165,Roncadelle,2023,nati,63
017165,Roncadelle,2024,nati,51
017165,Roncadelle,2019,popolazione_censita,9358
017165,Roncadelle,2020,popolazione_censita,9351
017165,Roncadelle,2021,popolazione_censita,9282
017165,Roncadelle,2022,popolazione_censita,9263
017165,Roncadelle,2023,popolazione_censita,9296
017165,Roncadelle,2024,popolazione_censita,9305
017165,Roncadelle,2019,popolazione_fine,9385
017165,Roncadelle,2020,popolazione_fine,9287
017165,Roncadelle,2021,popolazione_fine,9323
017165,Roncadelle,2022,popolazione_fine,9301
017165,Roncadelle,2023,popolazione_fine,9334
017165,Roncadelle,2024,popolazione_fine,9305
017165,Roncadelle,2019,popolazione_inizio,9337
017165,Roncadelle,2020,popolazione_inizio,9358
017165,Roncadelle,2021,popolazione_inizio,9351
017165,Roncadelle,2022,popolazione_inizio,9282
017165,Roncadelle,2023,popolazione_inizio,9263
017165,Roncadelle,2024,popolazione_inizio,9296
017165,Roncadelle,2019,variazioni_territoriali,0
017165,Roncadelle,2020,variazioni_territoriali,0
017165,Roncadelle,2021,variazioni_territoriali,0
017165,Roncadelle,2022,variazioni_territoriali,0
017165,Roncadelle,2023,variazioni_territoriali,0
017165,Roncadelle,2024,variazioni_territoriali,0
017166,Rovato,2019,aggiustamento_statistico,-116
017166,Rovato,2020,aggiustamento_statistico,251
017166,Rovato,2021,aggiustamento_statistico,-107
017166,Rovato,2022,aggiustamento_statistico,-10
017166,Rovato,2023,aggiustamento_statistico,-91
017166,Rovato,2024,aggiustamento_statistico,-15
017166,Rovato,2019,emigrati_estero,73
017166,Rovato,2020,emigrati_estero,88
017166,Rovato,2021,emigrati_estero,81
017166,Rovato,2022,emigrati_estero,57
017166,Rovato,2023,emigrati_estero,71
017166,Rovato,2024,emigrati_estero,52
017166,Rovato,2019,emigrati_interni,581
017166,Rovato,2020,emigrati_interni,503
017166,Rovato,2021,emigrati_interni,580
017166,Rovato,2022,emigrati_interni,554
017166,Rovato,2023,emigrati_interni,593
017166,Rovato,2024,emigrati_interni,502
017166,Rovato,2019,immigrati_estero,219
017166,Rovato,2020,immigrati_estero,147
017166,Rovato,2021,immigrati_estero,211
017166,Rovato,2022,immigrati_estero,207
017166,Rovato,2023,immigrati_estero,199
017166,Rovato,2024,immigrati_estero,228
017166,Rovato,2019,immigrati_interni,578
017166,Rovato,2020,immigrati_interni,477
017166,Rovato,2021,immigrati_interni,539
017166,Rovato,2022,immigrati_interni,572
017166,Rovato,2023,immigrati_interni,572
017166,Rovato,2024,immigrati_interni,552
017166,Rovato,2019,morti,142
017166,Rovato,2020,morti,224
017166,Rovato,2021,morti,155
017166,Rovato,2022,morti,172
017166,Rovato,2023,morti,138
017166,Rovato,2024,morti,140
017166,Rovato,2019,nati,181
017166,Rovato,2020,nati,163
017166,Rovato,2021,nati,182
017166,Rovato,2022,nati,191
017166,Rovato,2023,nati,164
017166,Rovato,2024,nati,161
017166,Rovato,2019,popolazione_censita,18966
017166,Rovato,2020,popolazione_censita,19189
017166,Rovato,2021,popolazione_censita,19198
017166,Rovato,2022,popolazione_censita,19375
017166,Rovato,2023,popolazione_censita,19417
017166,Rovato,2024,popolazione_censita,19649
017166,Rovato,2019,popolazione_fine,19082
017166,Rovato,2020,popolazione_fine,18938
017166,Rovato,2021,popolazione_fine,19305
017166,Rovato,2022,popolazione_fine,19385
017166,Rovato,2023,popolazione_fine,19508
017166,Rovato,2024,popolazione_fine,19664
017166,Rovato,2019,popolazione_inizio,18900
017166,Rovato,2020,popolazione_inizio,18966
017166,Rovato,2021,popolazione_inizio,19189
017166,Rovato,2022,popolazione_inizio,19198
017166,Rovato,2023,popolazione_inizio,19375
017166,Rovato,2024,popolazione_inizio,19417
017166,Rovato,2019,variazioni_territoriali,0
017166,Rovato,2020,variazioni_territoriali,0
017166,Rovato,2021,variazioni_territoriali,0
017166,Rovato,2022,variazioni_territoriali,0
017166,Rovato,2023,variazioni_territoriali,0
017166,Rovato,2024,variazioni_territoriali,0
017167,Rudiano,2019,aggiustamento_statistico,-31
017167,Rudiano,2020,aggiustamento_statistico,44
017167,Rudiano,2021,aggiustamento_statistico,-41
017167,Rudiano,2022,aggiustamento_statistico,-3
017167,Rudiano,2023,aggiustamento_statistico,-17
017167,Rudiano,2024,aggiustamento_statistico,-4
017167,Rudiano,2019,emigrati_estero,29
017167,Rudiano,2020,emigrati_estero,20
017167,Rudiano,2021,emigrati_estero,35
017167,Rudiano,2022,emigrati_estero,23
017167,Rudiano,2023,emigrati_estero,23
017167,Rudiano,2024,emigrati_estero,11
017167,Rudiano,2019,emigrati_interni,151
017167,Rudiano,2020,emigrati_interni,118
017167,Rudiano,2021,emigrati_interni,142
017167,Rudiano,2022,emigrati_interni,141
017167,Rudiano,2023,emigrati_interni,142
017167,Rudiano,2024,emigrati_interni,138
017167,Rudiano,2019,immigrati_estero,65
017167,Rudiano,2020,immigrati_estero,45
017167,Rudiano,2021,immigrati_estero,66
017167,Rudiano,2022,immigrati_estero,79
017167,Rudiano,2023,immigrati_estero,42
017167,Rudiano,2024,immigrati_estero,34
017167,Rudiano,2019,immigrati_interni,132
017167,Rudiano,2020,immigrati_interni,110
017167,Rudiano,2021,immigrati_interni,138
017167,Rudiano,2022,immigrati_interni,155
017167,Rudiano,2023,immigrati_interni,125
017167,Rudiano,2024,immigrati_interni,123
017167,Rudiano,2019,morti,27
017167,Rudiano,2020,morti,39
017167,Rudiano,2021,morti,35
017167,Rudiano,2022,morti,46
017167,Rudiano,2023,morti,39
017167,Rudiano,2024,morti,39
017167,Rudiano,2019,nati,61
017167,Rudiano,2020,nati,39
017167,Rudiano,2021,nati,52
017167,Rudiano,2022,nati,39
017167,Rudiano,2023,nati,58
017167,Rudiano,2024,nati,44
017167,Rudiano,2019,popolazione_censita,5793
017167,Rudiano,2020,popolazione_censita,5854
017167,Rudiano,2021,popolazione_censita,5857
017167,Rudiano,2022,popolazione_censita,5917
017167,Rudiano,2023,popolazione_censita,5921
017167,Rudiano,2024,popolazione_censita,5930
017167,Rudiano,2019,popolazione_fine,5824
017167,Rudiano,2020,popolazione_fine,5810
017167,Rudiano,2021,popolazione_fine,5898
017167,Rudiano,2022,popolazione_fine,5920
017167,Rudiano,2023,popolazione_fine,5938
017167,Rudiano,2024,popolazione_fine,5934
017167,Rudiano,2019,popolazione_inizio,5773
017167,Rudiano,2020,popolazione_inizio,5793
017167,Rudiano,2021,popolazione_inizio,5854
017167,Rudiano,2022,popolazione_inizio,5857
017167,Rudiano,2023,popolazione_inizio,5917
017167,Rudiano,2024,popolazione_inizio,5921
017167,Rudiano,2019,variazioni_territoriali,0
017167,Rudiano,2020,variazioni_territoriali,0
017167,Rudiano,2021,variazioni_territoriali,0
017167,Rudiano,2022,variazioni_territoriali,0
017167,Rudiano,2023,variazioni_territoriali,0
017167,Rudiano,2024,variazioni_territoriali,0
017168,Sabbio Chiese,2019,aggiustamento_statistico,2
017168,Sabbio Chiese,2020,aggiustamento_statistico,-15
017168,Sabbio Chiese,2021,aggiustamento_statistico,1
017168,Sabbio Chiese,2022,aggiustamento_statistico,10
017168,Sabbio Chiese,2023,aggiustamento_statistico,1
017168,Sabbio Chiese,2024,aggiustamento_statistico,5
017168,Sabbio Chiese,2019,emigrati_estero,9
017168,Sabbio Chiese,2020,emigrati_estero,6
017168,Sabbio Chiese,2021,emigrati_estero,19
017168,Sabbio Chiese,2022,emigrati_estero,16
017168,Sabbio Chiese,2023,emigrati_estero,20
017168,Sabbio Chiese,2024,emigrati_estero,7
017168,Sabbio Chiese,2019,emigrati_interni,93
017168,Sabbio Chiese,2020,emigrati_interni,107
017168,Sabbio Chiese,2021,emigrati_interni,122
017168,Sabbio Chiese,2022,emigrati_interni,84
017168,Sabbio Chiese,2023,emigrati_interni,83
017168,Sabbio Chiese,2024,emigrati_interni,111
017168,Sabbio Chiese,2019,immigrati_estero,24
017168,Sabbio Chiese,2020,immigrati_estero,15
017168,Sabbio Chiese,2021,immigrati_estero,20
017168,Sabbio Chiese,2022,immigrati_estero,27
017168,Sabbio Chiese,2023,immigrati_estero,19
017168,Sabbio Chiese,2024,immigrati_estero,40
017168,Sabbio Chiese,2019,immigrati_interni,96
017168,Sabbio Chiese,2020,immigrati_interni,127
017168,Sabbio Chiese,2021,immigrati_interni,119
017168,Sabbio Chiese,2022,immigrati_interni,121
017168,Sabbio Chiese,2023,immigrati_interni,124
017168,Sabbio Chiese,2024,immigrati_interni,111
017168,Sabbio Chiese,2019,morti,35
017168,Sabbio Chiese,2020,morti,64
017168,Sabbio Chiese,2021,morti,48
017168,Sabbio Chiese,2022,morti,22
017168,Sabbio Chiese,2023,morti,42
017168,Sabbio Chiese,2024,morti,28
017168,Sabbio Chiese,2019,nati,49
017168,Sabbio Chiese,2020,nati,27
017168,Sabbio Chiese,2021,nati,35
017168,Sabbio Chiese,2022,nati,37
017168,Sabbio Chiese,2023,nati,39
017168,Sabbio Chiese,2024,nati,38
017168,Sabbio Chiese,2019,popolazione_censita,3969
017168,Sabbio Chiese,2020,popolazione_censita,3946
017168,Sabbio Chiese,2021,popolazione_censita,3932
017168,Sabbio Chiese,2022,popolazione_censita,4005
017168,Sabbio Chiese,2023,popolazione_censita,4043
017168,Sabbio Chiese,2024,popolazione_censita,4091
017168,Sabbio Chiese,2019,popolazione_fine,3967
017168,Sabbio Chiese,2020,popolazione_fine,3961
017168,Sabbio Chiese,2021,popolazione_fine,3931
017168,Sabbio Chiese,2022,popolazione_fine,3995
017168,Sabbio Chiese,2023,popolazione_fine,4042
017168,Sabbio Chiese,2024,popolazione_fine,4086
017168,Sabbio Chiese,2019,popolazione_inizio,3935
017168,Sabbio Chiese,2020,popolazione_inizio,3969
017168,Sabbio Chiese,2021,popolazione_inizio,3946
017168,Sabbio Chiese,2022,popolazione_inizio,3932
017168,Sabbio Chiese,2023,popolazione_inizio,4005
017168,Sabbio Chiese,2024,popolazione_inizio,4043
017168,Sabbio Chiese,2019,variazioni_territoriali,0
017168,Sabbio Chiese,2020,variazioni_territoriali,0
017168,Sabbio Chiese,2021,variazioni_territoriali,0
017168,Sabbio Chiese,2022,variazioni_territoriali,0
017168,Sabbio Chiese,2023,variazioni_territoriali,0
017168,Sabbio Chiese,2024,variazioni_territoriali,0
017169,Sale Marasino,2019,aggiustamento_statistico,-6
017169,Sale Marasino,2020,aggiustamento_statistico,-19
017169,Sale Marasino,2021,aggiustamento_statistico,8
017169,Sale Marasino,2022,aggiustamento_statistico,-12
017169,Sale Marasino,2023,aggiustamento_statistico,2
017169,Sale Marasino,2024,aggiustamento_statistico,-8
017169,Sale Marasino,2019,emigrati_estero,9
017169,Sale Marasino,2020,emigrati_estero,6
017169,Sale Marasino,2021,emigrati_estero,9
017169,Sale Marasino,2022,emigrati_estero,6
017169,Sale Marasino,2023,emigrati_estero,3
017169,Sale Marasino,2024,emigrati_estero,0
017169,Sale Marasino,2019,emigrati_interni,90
017169,Sale Marasino,2020,emigrati_interni,71
017169,Sale Marasino,2021,emigrati_interni,94
017169,Sale Marasino,2022,emigrati_interni,83
017169,Sale Marasino,2023,emigrati_interni,70
017169,Sale Marasino,2024,emigrati_interni,111
017169,Sale Marasino,2019,immigrati_estero,13
017169,Sale Marasino,2020,immigrati_estero,10
017169,Sale Marasino,2021,immigrati_estero,8
017169,Sale Marasino,2022,immigrati_estero,11
017169,Sale Marasino,2023,immigrati_estero,19
017169,Sale Marasino,2024,immigrati_estero,11
017169,Sale Marasino,2019,immigrati_interni,110
017169,Sale Marasino,2020,immigrati_interni,113
017169,Sale Marasino,2021,immigrati_interni,108
017169,Sale Marasino,2022,immigrati_interni,101
017169,Sale Marasino,2023,immigrati_interni,85
017169,Sale Marasino,2024,immigrati_interni,92
017169,Sale Marasino,2019,morti,44
017169,Sale Marasino,2020,morti,90
017169,Sale Marasino,2021,morti,52
017169,Sale Marasino,2022,morti,57
017169,Sale Marasino,2023,morti,42
017169,Sale Marasino,2024,morti,43
017169,Sale Marasino,2019,nati,26
017169,Sale Marasino,2020,nati,17
017169,Sale Marasino,2021,nati,22
017169,Sale Marasino,2022,nati,16
017169,Sale Marasino,2023,nati,27
017169,Sale Marasino,2024,nati,9
017169,Sale Marasino,2019,popolazione_censita,3345
017169,Sale Marasino,2020,popolazione_censita,3299
017169,Sale Marasino,2021,popolazione_censita,3290
017169,Sale Marasino,2022,popolazione_censita,3260
017169,Sale Marasino,2023,popolazione_censita,3278
017169,Sale Marasino,2024,popolazione_censita,3228
017169,Sale Marasino,2019,popolazione_fine,3351
017169,Sale Marasino,2020,popolazione_fine,3318
017169,Sale Marasino,2021,popolazione_fine,3282
017169,Sale Marasino,2022,popolazione_fine,3272
017169,Sale Marasino,2023,popolazione_fine,3276
017169,Sale Marasino,2024,popolazione_fine,3236
017169,Sale Marasino,2019,popolazione_inizio,3345
017169,Sale Marasino,2020,popolazione_inizio,3345
017169,Sale Marasino,2021,popolazione_inizio,3299
017169,Sale Marasino,2022,popolazione_inizio,3290
017169,Sale Marasino,2023,popolazione_inizio,3260
017169,Sale Marasino,2024,popolazione_inizio,3278
017169,Sale Marasino,2019,variazioni_territoriali,0
017169,Sale Marasino,2020,variazioni_territoriali,0
017169,Sale Marasino,2021,variazioni_territoriali,0
017169,Sale Marasino,2022,variazioni_territoriali,0
017169,Sale Marasino,2023,variazioni_territoriali,0
017169,Sale Marasino,2024,variazioni_territoriali,0
017170,Salò,2019,aggiustamento_statistico,-63
017170,Salò,2020,aggiustamento_statistico,14
017170,Salò,2021,aggiustamento_statistico,-25
017170,Salò,2022,aggiustamento_statistico,-25
017170,Salò,2023,aggiustamento_statistico,5
017170,Salò,2024,aggiustamento_statistico,2
017170,Salò,2019,emigrati_estero,9
017170,Salò,2020,emigrati_estero,42
017170,Salò,2021,emigrati_estero,32
017170,Salò,2022,emigrati_estero,26
017170,Salò,2023,emigrati_estero,46
017170,Salò,2024,emigrati_estero,43
017170,Salò,2019,emigrati_interni,451
017170,Salò,2020,emigrati_interni,377
017170,Salò,2021,emigrati_interni,380
017170,Salò,2022,emigrati_interni,372
017170,Salò,2023,emigrati_interni,382
017170,Salò,2024,emigrati_interni,334
017170,Salò,2019,immigrati_estero,77
017170,Salò,2020,immigrati_estero,46
017170,Salò,2021,immigrati_estero,48
017170,Salò,2022,immigrati_estero,79
017170,Salò,2023,immigrati_estero,61
017170,Salò,2024,immigrati_estero,64
017170,Salò,2019,immigrati_interni,527
017170,Salò,2020,immigrati_interni,405
017170,Salò,2021,immigrati_interni,465
017170,Salò,2022,immigrati_interni,437
017170,Salò,2023,immigrati_interni,383
017170,Salò,2024,immigrati_interni,334
017170,Salò,2019,morti,138
017170,Salò,2020,morti,140
017170,Salò,2021,morti,169
017170,Salò,2022,morti,150
017170,Salò,2023,morti,130
017170,Salò,2024,morti,132
017170,Salò,2019,nati,67
017170,Salò,2020,nati,67
017170,Salò,2021,nati,47
017170,Salò,2022,nati,50
017170,Salò,2023,nati,53
017170,Salò,2024,nati,50
017170,Salò,2019,popolazione_censita,10521
017170,Salò,2020,popolazione_censita,10494
017170,Salò,2021,popolazione_censita,10448
017170,Salò,2022,popolazione_censita,10441
017170,Salò,2023,popolazione_censita,10385
017170,Salò,2024,popolazione_censita,10326
017170,Salò,2019,popolazione_fine,10584
017170,Salò,2020,popolazione_fine,10480
017170,Salò,2021,popolazione_fine,10473
017170,Salò,2022,popolazione_fine,10466
017170,Salò,2023,popolazione_fine,10380
017170,Salò,2024,popolazione_fine,10324
017170,Salò,2019,popolazione_inizio,10511
017170,Salò,2020,popolazione_inizio,10521
017170,Salò,2021,popolazione_inizio,10494
017170,Salò,2022,popolazione_inizio,10448
017170,Salò,2023,popolazione_inizio,10441
017170,Salò,2024,popolazione_inizio,10385
017170,Salò,2019,variazioni_territoriali,0
017170,Salò,2020,variazioni_territoriali,0
017170,Salò,2021,variazioni_territoriali,0
017170,Salò,2022,variazioni_territoriali,0
017170,Salò,2023,variazioni_territoriali,0
017170,Salò,2024,variazioni_territoriali,0
017171,San Felice del Benaco,2019,aggiustamento_statistico,-18
017171,San Felice del Benaco,2020,aggiustamento_statistico,-3
017171,San Felice del Benaco,2021,aggiustamento_statistico,-10
017171,San Felice del Benaco,2022,aggiustamento_statistico,1
017171,San Felice del Benaco,2023,aggiustamento_statistico,3
017171,San Felice del Benaco,2024,aggiustamento_statistico,5
017171,San Felice del Benaco,2019,emigrati_estero,5
017171,San Felice del Benaco,2020,emigrati_estero,4
017171,San Felice del Benaco,2021,emigrati_estero,8
017171,San Felice del Benaco,2022,emigrati_estero,15
017171,San Felice del Benaco,2023,emigrati_estero,13
017171,San Felice del Benaco,2024,emigrati_estero,12
017171,San Felice del Benaco,2019,emigrati_interni,136
017171,San Felice del Benaco,2020,emigrati_interni,104
017171,San Felice del Benaco,2021,emigrati_interni,126
017171,San Felice del Benaco,2022,emigrati_interni,168
017171,San Felice del Benaco,2023,emigrati_interni,133
017171,San Felice del Benaco,2024,emigrati_interni,120
017171,San Felice del Benaco,2019,immigrati_estero,21
017171,San Felice del Benaco,2020,immigrati_estero,16
017171,San Felice del Benaco,2021,immigrati_estero,26
017171,San Felice del Benaco,2022,immigrati_estero,26
017171,San Felice del Benaco,2023,immigrati_estero,29
017171,San Felice del Benaco,2024,immigrati_estero,14
017171,San Felice del Benaco,2019,immigrati_interni,167
017171,San Felice del Benaco,2020,immigrati_interni,151
017171,San Felice del Benaco,2021,immigrati_interni,133
017171,San Felice del Benaco,2022,immigrati_interni,173
017171,San Felice del Benaco,2023,immigrati_interni,118
017171,San Felice del Benaco,2024,immigrati_interni,122
017171,San Felice del Benaco,2019,morti,43
017171,San Felice del Benaco,2020,morti,37
017171,San Felice del Benaco,2021,morti,44
017171,San Felice del Benaco,2022,morti,30
017171,San Felice del Benaco,2023,morti,41
017171,San Felice del Benaco,2024,morti,42
017171,San Felice del Benaco,2019,nati,19
017171,San Felice del Benaco,2020,nati,26
017171,San Felice del Benaco,2021,nati,23
017171,San Felice del Benaco,2022,nati,13
017171,San Felice del Benaco,2023,nati,19
017171,San Felice del Benaco,2024,nati,19
017171,San Felice del Benaco,2019,popolazione_censita,3426
017171,San Felice del Benaco,2020,popolazione_censita,3471
017171,San Felice del Benaco,2021,popolazione_censita,3465
017171,San Felice del Benaco,2022,popolazione_censita,3465
017171,San Felice del Benaco,2023,popolazione_censita,3447
017171,San Felice del Benaco,2024,popolazione_censita,3433
017171,San Felice del Benaco,2019,popolazione_fine,3444
017171,San Felice del Benaco,2020,popolazione_fine,3474
017171,San Felice del Benaco,2021,popolazione_fine,3475
017171,San Felice del Benaco,2022,popolazione_fine,3464
017171,San Felice del Benaco,2023,popolazione_fine,3444
017171,San Felice del Benaco,2024,popolazione_fine,3428
017171,San Felice del Benaco,2019,popolazione_inizio,3421
017171,San Felice del Benaco,2020,popolazione_inizio,3426
017171,San Felice del Benaco,2021,popolazione_inizio,3471
017171,San Felice del Benaco,2022,popolazione_inizio,3465
017171,San Felice del Benaco,2023,popolazione_inizio,3465
017171,San Felice del Benaco,2024,popolazione_inizio,3447
017171,San Felice del Benaco,2019,variazioni_territoriali,0
017171,San Felice del Benaco,2020,variazioni_territoriali,0
017171,San Felice del Benaco,2021,variazioni_territoriali,0
017171,San Felice del Benaco,2022,variazioni_territoriali,0
017171,San Felice del Benaco,2023,variazioni_territoriali,0
017171,San Felice del Benaco,2024,variazioni_territoriali,0
017172,San Gervasio Bresciano,2019,aggiustamento_statistico,-23
017172,San Gervasio Bresciano,2020,aggiustamento_statistico,11
017172,San Gervasio Bresciano,2021,aggiustamento_statistico,5
017172,San Gervasio Bresciano,2022,aggiustamento_statistico,-13
017172,San Gervasio Bresciano,2023,aggiustamento_statistico,-8
017172,San Gervasio Bresciano,2024,aggiustamento_statistico,7
017172,San Gervasio Bresciano,2019,emigrati_estero,7
017172,San Gervasio Bresciano,2020,emigrati_estero,16
017172,San Gervasio Bresciano,2021,emigrati_estero,15
017172,San Gervasio Bresciano,2022,emigrati_estero,15
017172,San Gervasio Bresciano,2023,emigrati_estero,16
017172,San Gervasio Bresciano,2024,emigrati_estero,7
017172,San Gervasio Bresciano,2019,emigrati_interni,82
017172,San Gervasio Bresciano,2020,emigrati_interni,97
017172,San Gervasio Bresciano,2021,emigrati_interni,98
017172,San Gervasio Bresciano,2022,emigrati_interni,125
017172,San Gervasio Bresciano,2023,emigrati_interni,109
017172,San Gervasio Bresciano,2024,emigrati_interni,106
017172,San Gervasio Bresciano,2019,immigrati_estero,31
017172,San Gervasio Bresciano,2020,immigrati_estero,19
017172,San Gervasio Bresciano,2021,immigrati_estero,20
017172,San Gervasio Bresciano,2022,immigrati_estero,20
017172,San Gervasio Bresciano,2023,immigrati_estero,12
017172,San Gervasio Bresciano,2024,immigrati_estero,16
017172,San Gervasio Bresciano,2019,immigrati_interni,95
017172,San Gervasio Bresciano,2020,immigrati_interni,85
017172,San Gervasio Bresciano,2021,immigrati_interni,105
017172,San Gervasio Bresciano,2022,immigrati_interni,118
017172,San Gervasio Bresciano,2023,immigrati_interni,92
017172,San Gervasio Bresciano,2024,immigrati_interni,94
017172,San Gervasio Bresciano,2019,morti,11
017172,San Gervasio Bresciano,2020,morti,23
017172,San Gervasio Bresciano,2021,morti,14
017172,San Gervasio Bresciano,2022,morti,11
017172,San Gervasio Bresciano,2023,morti,20
017172,San Gervasio Bresciano,2024,morti,19
017172,San Gervasio Bresciano,2019,nati,34
017172,San Gervasio Bresciano,2020,nati,29
017172,San Gervasio Bresciano,2021,nati,40
017172,San Gervasio Bresciano,2022,nati,21
017172,San Gervasio Bresciano,2023,nati,28
017172,San Gervasio Bresciano,2024,nati,21
017172,San Gervasio Bresciano,2019,popolazione_censita,2634
017172,San Gervasio Bresciano,2020,popolazione_censita,2642
017172,San Gervasio Bresciano,2021,popolazione_censita,2685
017172,San Gervasio Bresciano,2022,popolazione_censita,2680
017172,San Gervasio Bresciano,2023,popolazione_censita,2659
017172,San Gervasio Bresciano,2024,popolazione_censita,2665
017172,San Gervasio Bresciano,2019,popolazione_fine,2657
017172,San Gervasio Bresciano,2020,popolazione_fine,2631
017172,San Gervasio Bresciano,2021,popolazione_fine,2680
017172,San Gervasio Bresciano,2022,popolazione_fine,2693
017172,San Gervasio Bresciano,2023,popolazione_fine,2667
017172,San Gervasio Bresciano,2024,popolazione_fine,2658
017172,San Gervasio Bresciano,2019,popolazione_inizio,2597
017172,San Gervasio Bresciano,2020,popolazione_inizio,2634
017172,San Gervasio Bresciano,2021,popolazione_inizio,2642
017172,San Gervasio Bresciano,2022,popolazione_inizio,2685
017172,San Gervasio Bresciano,2023,popolazione_inizio,2680
017172,San Gervasio Bresciano,2024,popolazione_inizio,2659
017172,San Gervasio Bresciano,2019,variazioni_territoriali,0
017172,San Gervasio Bresciano,2020,variazioni_territoriali,0
017172,San Gervasio Bresciano,2021,variazioni_territoriali,0
017172,San Gervasio Bresciano,2022,variazioni_territoriali,0
017172,San Gervasio Bresciano,2023,variazioni_territoriali,0
017172,San Gervasio Bresciano,2024,variazioni_territoriali,0
017173,San Zeno Naviglio,2019,aggiustamento_statistico,-18
017173,San Zeno Naviglio,2020,aggiustamento_statistico,76
017173,San Zeno Naviglio,2021,aggiustamento_statistico,-36
017173,San Zeno Naviglio,2022,aggiustamento_statistico,0
017173,San Zeno Naviglio,2023,aggiustamento_statistico,15
017173,San Zeno Naviglio,2024,aggiustamento_statistico,4
017173,San Zeno Naviglio,2019,emigrati_estero,26
017173,San Zeno Naviglio,2020,emigrati_estero,13
017173,San Zeno Naviglio,2021,emigrati_estero,16
017173,San Zeno Naviglio,2022,emigrati_estero,14
017173,San Zeno Naviglio,2023,emigrati_estero,24
017173,San Zeno Naviglio,2024,emigrati_estero,6
017173,San Zeno Naviglio,2019,emigrati_interni,182
017173,San Zeno Naviglio,2020,emigrati_interni,190
017173,San Zeno Naviglio,2021,emigrati_interni,200
017173,San Zeno Naviglio,2022,emigrati_interni,189
017173,San Zeno Naviglio,2023,emigrati_interni,169
017173,San Zeno Naviglio,2024,emigrati_interni,149
017173,San Zeno Naviglio,2019,immigrati_estero,27
017173,San Zeno Naviglio,2020,immigrati_estero,27
017173,San Zeno Naviglio,2021,immigrati_estero,23
017173,San Zeno Naviglio,2022,immigrati_estero,44
017173,San Zeno Naviglio,2023,immigrati_estero,32
017173,San Zeno Naviglio,2024,immigrati_estero,33
017173,San Zeno Naviglio,2019,immigrati_interni,195
017173,San Zeno Naviglio,2020,immigrati_interni,140
017173,San Zeno Naviglio,2021,immigrati_interni,203
017173,San Zeno Naviglio,2022,immigrati_interni,141
017173,San Zeno Naviglio,2023,immigrati_interni,179
017173,San Zeno Naviglio,2024,immigrati_interni,150
017173,San Zeno Naviglio,2019,morti,37
017173,San Zeno Naviglio,2020,morti,44
017173,San Zeno Naviglio,2021,morti,35
017173,San Zeno Naviglio,2022,morti,48
017173,San Zeno Naviglio,2023,morti,44
017173,San Zeno Naviglio,2024,morti,40
017173,San Zeno Naviglio,2019,nati,48
017173,San Zeno Naviglio,2020,nati,35
017173,San Zeno Naviglio,2021,nati,30
017173,San Zeno Naviglio,2022,nati,36
017173,San Zeno Naviglio,2023,nati,31
017173,San Zeno Naviglio,2024,nati,35
017173,San Zeno Naviglio,2019,popolazione_censita,4704
017173,San Zeno Naviglio,2020,popolazione_censita,4735
017173,San Zeno Naviglio,2021,popolazione_censita,4704
017173,San Zeno Naviglio,2022,popolazione_censita,4674
017173,San Zeno Naviglio,2023,popolazione_censita,4694
017173,San Zeno Naviglio,2024,popolazione_censita,4721
017173,San Zeno Naviglio,2019,popolazione_fine,4722
017173,San Zeno Naviglio,2020,popolazione_fine,4659
017173,San Zeno Naviglio,2021,popolazione_fine,4740
017173,San Zeno Naviglio,2022,popolazione_fine,4674
017173,San Zeno Naviglio,2023,popolazione_fine,4679
017173,San Zeno Naviglio,2024,popolazione_fine,4717
017173,San Zeno Naviglio,2019,popolazione_inizio,4697
017173,San Zeno Naviglio,2020,popolazione_inizio,4704
017173,San Zeno Naviglio,2021,popolazione_inizio,4735
017173,San Zeno Naviglio,2022,popolazione_inizio,4704
017173,San Zeno Naviglio,2023,popolazione_inizio,4674
017173,San Zeno Naviglio,2024,popolazione_inizio,4694
017173,San Zeno Naviglio,2019,variazioni_territoriali,0
017173,San Zeno Naviglio,2020,variazioni_territoriali,0
017173,San Zeno Naviglio,2021,variazioni_territoriali,0
017173,San Zeno Naviglio,2022,variazioni_territoriali,0
017173,San Zeno Naviglio,2023,variazioni_territoriali,0
017173,San Zeno Naviglio,2024,variazioni_territoriali,0
017174,Sarezzo,2019,aggiustamento_statistico,-108
017174,Sarezzo,2020,aggiustamento_statistico,-17
017174,Sarezzo,2021,aggiustamento_statistico,-40
017174,Sarezzo,2022,aggiustamento_statistico,-12
017174,Sarezzo,2023,aggiustamento_statistico,4
017174,Sarezzo,2024,aggiustamento_statistico,-17
017174,Sarezzo,2019,emigrati_estero,18
017174,Sarezzo,2020,emigrati_estero,71
017174,Sarezzo,2021,emigrati_estero,67
017174,Sarezzo,2022,emigrati_estero,26
017174,Sarezzo,2023,emigrati_estero,26
017174,Sarezzo,2024,emigrati_estero,43
017174,Sarezzo,2019,emigrati_interni,407
017174,Sarezzo,2020,emigrati_interni,380
017174,Sarezzo,2021,emigrati_interni,397
017174,Sarezzo,2022,emigrati_interni,383
017174,Sarezzo,2023,emigrati_interni,438
017174,Sarezzo,2024,emigrati_interni,399
017174,Sarezzo,2019,immigrati_estero,57
017174,Sarezzo,2020,immigrati_estero,64
017174,Sarezzo,2021,immigrati_estero,79
017174,Sarezzo,2022,immigrati_estero,109
017174,Sarezzo,2023,immigrati_estero,105
017174,Sarezzo,2024,immigrati_estero,115
017174,Sarezzo,2019,immigrati_interni,445
017174,Sarezzo,2020,immigrati_interni,395
017174,Sarezzo,2021,immigrati_interni,416
017174,Sarezzo,2022,immigrati_interni,382
017174,Sarezzo,2023,immigrati_interni,440
017174,Sarezzo,2024,immigrati_interni,361
017174,Sarezzo,2019,morti,121
017174,Sarezzo,2020,morti,146
017174,Sarezzo,2021,morti,148
017174,Sarezzo,2022,morti,134
017174,Sarezzo,2023,morti,107
017174,Sarezzo,2024,morti,123
017174,Sarezzo,2019,nati,92
017174,Sarezzo,2020,nati,107
017174,Sarezzo,2021,nati,90
017174,Sarezzo,2022,nati,93
017174,Sarezzo,2023,nati,85
017174,Sarezzo,2024,nati,101
017174,Sarezzo,2019,popolazione_censita,13247
017174,Sarezzo,2020,popolazione_censita,13199
017174,Sarezzo,2021,popolazione_censita,13132
017174,Sarezzo,2022,popolazione_censita,13161
017174,Sarezzo,2023,popolazione_censita,13224
017174,Sarezzo,2024,popolazione_censita,13219
017174,Sarezzo,2019,popolazione_fine,13355
017174,Sarezzo,2020,popolazione_fine,13216
017174,Sarezzo,2021,popolazione_fine,13172
017174,Sarezzo,2022,popolazione_fine,13173
017174,Sarezzo,2023,popolazione_fine,13220
017174,Sarezzo,2024,popolazione_fine,13236
017174,Sarezzo,2019,popolazione_inizio,13307
017174,Sarezzo,2020,popolazione_inizio,13247
017174,Sarezzo,2021,popolazione_inizio,13199
017174,Sarezzo,2022,popolazione_inizio,13132
017174,Sarezzo,2023,popolazione_inizio,13161
017174,Sarezzo,2024,popolazione_inizio,13224
017174,Sarezzo,2019,variazioni_territoriali,0
017174,Sarezzo,2020,variazioni_territoriali,0
017174,Sarezzo,2021,variazioni_territoriali,0
017174,Sarezzo,2022,variazioni_territoriali,0
017174,Sarezzo,2023,variazioni_territoriali,0
017174,Sarezzo,2024,variazioni_territoriali,0
017175,Saviore dell'Adamello,2019,aggiustamento_statistico,-1
017175,Saviore dell'Adamello,2020,aggiustamento_statistico,3
017175,Saviore dell'Adamello,2021,aggiustamento_statistico,-1
017175,Saviore dell'Adamello,2022,aggiustamento_statistico,0
017175,Saviore dell'Adamello,2023,aggiustamento_statistico,0
017175,Saviore dell'Adamello,2024,aggiustamento_statistico,0
017175,Saviore dell'Adamello,2019,emigrati_estero,0
017175,Saviore dell'Adamello,2020,emigrati_estero,20
017175,Saviore dell'Adamello,2021,emigrati_estero,10
017175,Saviore dell'Adamello,2022,emigrati_estero,1
017175,Saviore dell'Adamello,2023,emigrati_estero,1
017175,Saviore dell'Adamello,2024,emigrati_estero,1
017175,Saviore dell'Adamello,2019,emigrati_interni,31
017175,Saviore dell'Adamello,2020,emigrati_interni,16
017175,Saviore dell'Adamello,2021,emigrati_interni,34
017175,Saviore dell'Adamello,2022,emigrati_interni,9
017175,Saviore dell'Adamello,2023,emigrati_interni,24
017175,Saviore dell'Adamello,2024,emigrati_interni,17
017175,Saviore dell'Adamello,2019,immigrati_estero,15
017175,Saviore dell'Adamello,2020,immigrati_estero,19
017175,Saviore dell'Adamello,2021,immigrati_estero,1
017175,Saviore dell'Adamello,2022,immigrati_estero,2
017175,Saviore dell'Adamello,2023,immigrati_estero,0
017175,Saviore dell'Adamello,2024,immigrati_estero,4
017175,Saviore dell'Adamello,2019,immigrati_interni,23
017175,Saviore dell'Adamello,2020,immigrati_interni,14
017175,Saviore dell'Adamello,2021,immigrati_interni,13
017175,Saviore dell'Adamello,2022,immigrati_interni,15
017175,Saviore dell'Adamello,2023,immigrati_interni,18
017175,Saviore dell'Adamello,2024,immigrati_interni,20
017175,Saviore dell'Adamello,2019,morti,8
017175,Saviore dell'Adamello,2020,morti,18
017175,Saviore dell'Adamello,2021,morti,23
017175,Saviore dell'Adamello,2022,morti,15
017175,Saviore dell'Adamello,2023,morti,7
017175,Saviore dell'Adamello,2024,morti,11
017175,Saviore dell'Adamello,2019,nati,7
017175,Saviore dell'Adamello,2020,nati,2
017175,Saviore dell'Adamello,2021,nati,3
017175,Saviore dell'Adamello,2022,nati,1
017175,Saviore dell'Adamello,2023,nati,3
017175,Saviore dell'Adamello,2024,nati,2
017175,Saviore dell'Adamello,2019,popolazione_censita,869
017175,Saviore dell'Adamello,2020,popolazione_censita,853
017175,Saviore dell'Adamello,2021,popolazione_censita,802
017175,Saviore dell'Adamello,2022,popolazione_censita,795
017175,Saviore dell'Adamello,2023,popolazione_censita,784
017175,Saviore dell'Adamello,2024,popolazione_censita,781
017175,Saviore dell'Adamello,2019,popolazione_fine,870
017175,Saviore dell'Adamello,2020,popolazione_fine,850
017175,Saviore dell'Adamello,2021,popolazione_fine,803
017175,Saviore dell'Adamello,2022,popolazione_fine,795
017175,Saviore dell'Adamello,2023,popolazione_fine,784
017175,Saviore dell'Adamello,2024,popolazione_fine,781
017175,Saviore dell'Adamello,2019,popolazione_inizio,864
017175,Saviore dell'Adamello,2020,popolazione_inizio,869
017175,Saviore dell'Adamello,2021,popolazione_inizio,853
017175,Saviore dell'Adamello,2022,popolazione_inizio,802
017175,Saviore dell'Adamello,2023,popolazione_inizio,795
017175,Saviore dell'Adamello,2024,popolazione_inizio,784
017175,Saviore dell'Adamello,2019,variazioni_territoriali,0
017175,Saviore dell'Adamello,2020,variazioni_territoriali,0
017175,Saviore dell'Adamello,2021,variazioni_territoriali,0
017175,Saviore dell'Adamello,2022,variazioni_territoriali,0
017175,Saviore dell'Adamello,2023,variazioni_territoriali,0
017175,Saviore dell'Adamello,2024,variazioni_territoriali,0
017176,Sellero,2019,aggiustamento_statistico,2
017176,Sellero,2020,aggiustamento_statistico,-20
017176,Sellero,2021,aggiustamento_statistico,2
017176,Sellero,2022,aggiustamento_statistico,1
017176,Sellero,2023,aggiustamento_statistico,-4
017176,Sellero,2024,aggiustamento_statistico,3
017176,Sellero,2019,emigrati_estero,1
017176,Sellero,2020,emigrati_estero,1
017176,Sellero,2021,emigrati_estero,0
017176,Sellero,2022,emigrati_estero,1
017176,Sellero,2023,emigrati_estero,1
017176,Sellero,2024,emigrati_estero,0
017176,Sellero,2019,emigrati_interni,26
017176,Sellero,2020,emigrati_interni,16
017176,Sellero,2021,emigrati_interni,25
017176,Sellero,2022,emigrati_interni,35
017176,Sellero,2023,emigrati_interni,26
017176,Sellero,2024,emigrati_interni,21
017176,Sellero,2019,immigrati_estero,1
017176,Sellero,2020,immigrati_estero,2
017176,Sellero,2021,immigrati_estero,1
017176,Sellero,2022,immigrati_estero,6
017176,Sellero,2023,immigrati_estero,8
017176,Sellero,2024,immigrati_estero,8
017176,Sellero,2019,immigrati_interni,26
017176,Sellero,2020,immigrati_interni,24
017176,Sellero,2021,immigrati_interni,26
017176,Sellero,2022,immigrati_interni,16
017176,Sellero,2023,immigrati_interni,16
017176,Sellero,2024,immigrati_interni,15
017176,Sellero,2019,morti,9
017176,Sellero,2020,morti,22
017176,Sellero,2021,morti,19
017176,Sellero,2022,morti,12
017176,Sellero,2023,morti,17
017176,Sellero,2024,morti,13
017176,Sellero,2019,nati,8
017176,Sellero,2020,nati,5
017176,Sellero,2021,nati,8
017176,Sellero,2022,nati,12
017176,Sellero,2023,nati,7
017176,Sellero,2024,nati,5
017176,Sellero,2019,popolazione_censita,1435
017176,Sellero,2020,popolazione_censita,1407
017176,Sellero,2021,popolazione_censita,1400
017176,Sellero,2022,popolazione_censita,1387
017176,Sellero,2023,popolazione_censita,1370
017176,Sellero,2024,popolazione_censita,1367
017176,Sellero,2019,popolazione_fine,1433
017176,Sellero,2020,popolazione_fine,1427
017176,Sellero,2021,popolazione_fine,1398
017176,Sellero,2022,popolazione_fine,1386
017176,Sellero,2023,popolazione_fine,1374
017176,Sellero,2024,popolazione_fine,1364
017176,Sellero,2019,popolazione_inizio,1434
017176,Sellero,2020,popolazione_inizio,1435
017176,Sellero,2021,popolazione_inizio,1407
017176,Sellero,2022,popolazione_inizio,1400
017176,Sellero,2023,popolazione_inizio,1387
017176,Sellero,2024,popolazione_inizio,1370
017176,Sellero,2019,variazioni_territoriali,0
017176,Sellero,2020,variazioni_territoriali,0
017176,Sellero,2021,variazioni_territoriali,0
017176,Sellero,2022,variazioni_territoriali,0
017176,Sellero,2023,variazioni_territoriali,0
017176,Sellero,2024,variazioni_territoriali,0
017177,Seniga,2019,aggiustamento_statistico,4
017177,Seniga,2020,aggiustamento_statistico,11
017177,Seniga,2021,aggiustamento_statistico,10
017177,Seniga,2022,aggiustamento_statistico,-1
017177,Seniga,2023,aggiustamento_statistico,-9
017177,Seniga,2024,aggiustamento_statistico,3
017177,Seniga,2019,emigrati_estero,2
017177,Seniga,2020,emigrati_estero,10
017177,Seniga,2021,emigrati_estero,8
017177,Seniga,2022,emigrati_estero,6
017177,Seniga,2023,emigrati_estero,7
017177,Seniga,2024,emigrati_estero,3
017177,Seniga,2019,emigrati_interni,38
017177,Seniga,2020,emigrati_interni,32
017177,Seniga,2021,emigrati_interni,40
017177,Seniga,2022,emigrati_interni,37
017177,Seniga,2023,emigrati_interni,28
017177,Seniga,2024,emigrati_interni,35
017177,Seniga,2019,immigrati_estero,15
017177,Seniga,2020,immigrati_estero,7
017177,Seniga,2021,immigrati_estero,10
017177,Seniga,2022,immigrati_estero,11
017177,Seniga,2023,immigrati_estero,14
017177,Seniga,2024,immigrati_estero,12
017177,Seniga,2019,immigrati_interni,57
017177,Seniga,2020,immigrati_interni,49
017177,Seniga,2021,immigrati_interni,29
017177,Seniga,2022,immigrati_interni,32
017177,Seniga,2023,immigrati_interni,52
017177,Seniga,2024,immigrati_interni,50
017177,Seniga,2019,morti,16
017177,Seniga,2020,morti,28
017177,Seniga,2021,morti,23
017177,Seniga,2022,morti,23
017177,Seniga,2023,morti,12
017177,Seniga,2024,morti,20
017177,Seniga,2019,nati,7
017177,Seniga,2020,nati,7
017177,Seniga,2021,nati,7
017177,Seniga,2022,nati,6
017177,Seniga,2023,nati,6
017177,Seniga,2024,nati,6
017177,Seniga,2019,popolazione_censita,1438
017177,Seniga,2020,popolazione_censita,1442
017177,Seniga,2021,popolazione_censita,1427
017177,Seniga,2022,popolazione_censita,1409
017177,Seniga,2023,popolazione_censita,1425
017177,Seniga,2024,popolazione_censita,1438
017177,Seniga,2019,popolazione_fine,1434
017177,Seniga,2020,popolazione_fine,1431
017177,Seniga,2021,popolazione_fine,1417
017177,Seniga,2022,popolazione_fine,1410
017177,Seniga,2023,popolazione_fine,1434
017177,Seniga,2024,popolazione_fine,1435
017177,Seniga,2019,popolazione_inizio,1411
017177,Seniga,2020,popolazione_inizio,1438
017177,Seniga,2021,popolazione_inizio,1442
017177,Seniga,2022,popolazione_inizio,1427
017177,Seniga,2023,popolazione_inizio,1409
017177,Seniga,2024,popolazione_inizio,1425
017177,Seniga,2019,variazioni_territoriali,0
017177,Seniga,2020,variazioni_territoriali,0
017177,Seniga,2021,variazioni_territoriali,0
017177,Seniga,2022,variazioni_territoriali,0
017177,Seniga,2023,variazioni_territoriali,0
017177,Seniga,2024,variazioni_territoriali,0
017178,Serle,2019,aggiustamento_statistico,-9
017178,Serle,2020,aggiustamento_statistico,-35
017178,Serle,2021,aggiustamento_statistico,17
017178,Serle,2022,aggiustamento_statistico,0
017178,Serle,2023,aggiustamento_statistico,-7
017178,Serle,2024,aggiustamento_statistico,6
017178,Serle,2019,emigrati_estero,1
017178,Serle,2020,emigrati_estero,3
017178,Serle,2021,emigrati_estero,10
017178,Serle,2022,emigrati_estero,3
017178,Serle,2023,emigrati_estero,1
017178,Serle,2024,emigrati_estero,6
017178,Serle,2019,emigrati_interni,73
017178,Serle,2020,emigrati_interni,69
017178,Serle,2021,emigrati_interni,76
017178,Serle,2022,emigrati_interni,73
017178,Serle,2023,emigrati_interni,61
017178,Serle,2024,emigrati_interni,84
017178,Serle,2019,immigrati_estero,8
017178,Serle,2020,immigrati_estero,11
017178,Serle,2021,immigrati_estero,7
017178,Serle,2022,immigrati_estero,8
017178,Serle,2023,immigrati_estero,14
017178,Serle,2024,immigrati_estero,13
017178,Serle,2019,immigrati_interni,92
017178,Serle,2020,immigrati_interni,99
017178,Serle,2021,immigrati_interni,103
017178,Serle,2022,immigrati_interni,114
017178,Serle,2023,immigrati_interni,79
017178,Serle,2024,immigrati_interni,90
017178,Serle,2019,morti,23
017178,Serle,2020,morti,32
017178,Serle,2021,morti,35
017178,Serle,2022,morti,42
017178,Serle,2023,morti,32
017178,Serle,2024,morti,33
017178,Serle,2019,nati,15
017178,Serle,2020,nati,16
017178,Serle,2021,nati,15
017178,Serle,2022,nati,17
017178,Serle,2023,nati,12
017178,Serle,2024,nati,12
017178,Serle,2019,popolazione_censita,3052
017178,Serle,2020,popolazione_censita,3039
017178,Serle,2021,popolazione_censita,3060
017178,Serle,2022,popolazione_censita,3081
017178,Serle,2023,popolazione_censita,3085
017178,Serle,2024,popolazione_censita,3083
017178,Serle,2019,popolazione_fine,3061
017178,Serle,2020,popolazione_fine,3074
017178,Serle,2021,popolazione_fine,3043
017178,Serle,2022,popolazione_fine,3081
017178,Serle,2023,popolazione_fine,3092
017178,Serle,2024,popolazione_fine,3077
017178,Serle,2019,popolazione_inizio,3043
017178,Serle,2020,popolazione_inizio,3052
017178,Serle,2021,popolazione_inizio,3039
017178,Serle,2022,popolazione_inizio,3060
017178,Serle,2023,popolazione_inizio,3081
017178,Serle,2024,popolazione_inizio,3085
017178,Serle,2019,variazioni_territoriali,0
017178,Serle,2020,variazioni_territoriali,0
017178,Serle,2021,variazioni_territoriali,0
017178,Serle,2022,variazioni_territoriali,0
017178,Serle,2023,variazioni_territoriali,0
017178,Serle,2024,variazioni_territoriali,0
017179,Sirmione,2019,aggiustamento_statistico,0
017179,Sirmione,2020,aggiustamento_statistico,228
017179,Sirmione,2021,aggiustamento_statistico,-111
017179,Sirmione,2022,aggiustamento_statistico,-8
017179,Sirmione,2023,aggiustamento_statistico,-28
017179,Sirmione,2024,aggiustamento_statistico,8
017179,Sirmione,2019,emigrati_estero,28
017179,Sirmione,2020,emigrati_estero,16
017179,Sirmione,2021,emigrati_estero,27
017179,Sirmione,2022,emigrati_estero,31
017179,Sirmione,2023,emigrati_estero,15
017179,Sirmione,2024,emigrati_estero,24
017179,Sirmione,2019,emigrati_interni,317
017179,Sirmione,2020,emigrati_interni,337
017179,Sirmione,2021,emigrati_interni,306
017179,Sirmione,2022,emigrati_interni,329
017179,Sirmione,2023,emigrati_interni,314
017179,Sirmione,2024,emigrati_interni,267
017179,Sirmione,2019,immigrati_estero,73
017179,Sirmione,2020,immigrati_estero,51
017179,Sirmione,2021,immigrati_estero,56
017179,Sirmione,2022,immigrati_estero,84
017179,Sirmione,2023,immigrati_estero,100
017179,Sirmione,2024,immigrati_estero,80
017179,Sirmione,2019,immigrati_interni,343
017179,Sirmione,2020,immigrati_interni,315
017179,Sirmione,2021,immigrati_interni,309
017179,Sirmione,2022,immigrati_interni,333
017179,Sirmione,2023,immigrati_interni,272
017179,Sirmione,2024,immigrati_interni,296
017179,Sirmione,2019,morti,76
017179,Sirmione,2020,morti,77
017179,Sirmione,2021,morti,71
017179,Sirmione,2022,morti,79
017179,Sirmione,2023,morti,67
017179,Sirmione,2024,morti,71
017179,Sirmione,2019,nati,68
017179,Sirmione,2020,nati,64
017179,Sirmione,2021,nati,58
017179,Sirmione,2022,nati,61
017179,Sirmione,2023,nati,54
017179,Sirmione,2024,nati,56
017179,Sirmione,2019,popolazione_censita,8121
017179,Sirmione,2020,popolazione_censita,8349
017179,Sirmione,2021,popolazione_censita,8257
017179,Sirmione,2022,popolazione_censita,8288
017179,Sirmione,2023,popolazione_censita,8290
017179,Sirmione,2024,popolazione_censita,8368
017179,Sirmione,2019,popolazione_fine,8121
017179,Sirmione,2020,popolazione_fine,8121
017179,Sirmione,2021,popolazione_fine,8368
017179,Sirmione,2022,popolazione_fine,8296
017179,Sirmione,2023,popolazione_fine,8318
017179,Sirmione,2024,popolazione_fine,8360
017179,Sirmione,2019,popolazione_inizio,8058
017179,Sirmione,2020,popolazione_inizio,8121
017179,Sirmione,2021,popolazione_inizio,8349
017179,Sirmione,2022,popolazione_inizio,8257
017179,Sirmione,2023,popolazione_inizio,8288
017179,Sirmione,2024,popolazione_inizio,8290
017179,Sirmione,2019,variazioni_territoriali,0
017179,Sirmione,2020,variazioni_territoriali,0
017179,Sirmione,2021,variazioni_territoriali,0
017179,Sirmione,2022,variazioni_territoriali,0
017179,Sirmione,2023,variazioni_territoriali,0
017179,Sirmione,2024,variazioni_territoriali,0
017180,Soiano del Lago,2019,aggiustamento_statistico,22
017180,Soiano del Lago,2020,aggiustamento_statistico,-16
017180,Soiano del Lago,2021,aggiustamento_statistico,-4
017180,Soiano del Lago,2022,aggiustamento_statistico,3
017180,Soiano del Lago,2023,aggiustamento_statistico,0
017180,Soiano del Lago,2024,aggiustamento_statistico,-5
017180,Soiano del Lago,2019,emigrati_estero,2
017180,Soiano del Lago,2020,emigrati_estero,6
017180,Soiano del Lago,2021,emigrati_estero,6
017180,Soiano del Lago,2022,emigrati_estero,7
017180,Soiano del Lago,2023,emigrati_estero,8
017180,Soiano del Lago,2024,emigrati_estero,8
017180,Soiano del Lago,2019,emigrati_interni,95
017180,Soiano del Lago,2020,emigrati_interni,57
017180,Soiano del Lago,2021,emigrati_interni,94
017180,Soiano del Lago,2022,emigrati_interni,136
017180,Soiano del Lago,2023,emigrati_interni,99
017180,Soiano del Lago,2024,emigrati_interni,79
017180,Soiano del Lago,2019,immigrati_estero,8
017180,Soiano del Lago,2020,immigrati_estero,7
017180,Soiano del Lago,2021,immigrati_estero,14
017180,Soiano del Lago,2022,immigrati_estero,11
017180,Soiano del Lago,2023,immigrati_estero,16
017180,Soiano del Lago,2024,immigrati_estero,21
017180,Soiano del Lago,2019,immigrati_interni,116
017180,Soiano del Lago,2020,immigrati_interni,96
017180,Soiano del Lago,2021,immigrati_interni,124
017180,Soiano del Lago,2022,immigrati_interni,112
017180,Soiano del Lago,2023,immigrati_interni,109
017180,Soiano del Lago,2024,immigrati_interni,84
017180,Soiano del Lago,2019,morti,11
017180,Soiano del Lago,2020,morti,12
017180,Soiano del Lago,2021,morti,18
017180,Soiano del Lago,2022,morti,17
017180,Soiano del Lago,2023,morti,20
017180,Soiano del Lago,2024,morti,14
017180,Soiano del Lago,2019,nati,21
017180,Soiano del Lago,2020,nati,15
017180,Soiano del Lago,2021,nati,13
017180,Soiano del Lago,2022,nati,11
017180,Soiano del Lago,2023,nati,5
017180,Soiano del Lago,2024,nati,13
017180,Soiano del Lago,2019,popolazione_censita,1893
017180,Soiano del Lago,2020,popolazione_censita,1920
017180,Soiano del Lago,2021,popolazione_censita,1949
017180,Soiano del Lago,2022,popolazione_censita,1926
017180,Soiano del Lago,2023,popolazione_censita,1929
017180,Soiano del Lago,2024,popolazione_censita,1941
017180,Soiano del Lago,2019,popolazione_fine,1871
017180,Soiano del Lago,2020,popolazione_fine,1936
017180,Soiano del Lago,2021,popolazione_fine,1953
017180,Soiano del Lago,2022,popolazione_fine,1923
017180,Soiano del Lago,2023,popolazione_fine,1929
017180,Soiano del Lago,2024,popolazione_fine,1946
017180,Soiano del Lago,2019,popolazione_inizio,1834
017180,Soiano del Lago,2020,popolazione_inizio,1893
017180,Soiano del Lago,2021,popolazione_inizio,1920
017180,Soiano del Lago,2022,popolazione_inizio,1949
017180,Soiano del Lago,2023,popolazione_inizio,1926
017180,Soiano del Lago,2024,popolazione_inizio,1929
017180,Soiano del Lago,2019,variazioni_territoriali,0
017180,Soiano del Lago,2020,variazioni_territoriali,0
017180,Soiano del Lago,2021,variazioni_territoriali,0
017180,Soiano del Lago,2022,variazioni_territoriali,0
017180,Soiano del Lago,2023,variazioni_territoriali,0
017180,Soiano del Lago,2024,variazioni_territoriali,0
017181,Sonico,2019,aggiustamento_statistico,-4
017181,Sonico,2020,aggiustamento_statistico,2
017181,Sonico,2021,aggiustamento_statistico,4
017181,Sonico,2022,aggiustamento_statistico,-4
017181,Sonico,2023,aggiustamento_statistico,1
017181,Sonico,2024,aggiustamento_statistico,4
017181,Sonico,2019,emigrati_estero,0
017181,Sonico,2020,emigrati_estero,2
017181,Sonico,2021,emigrati_estero,0
017181,Sonico,2022,emigrati_estero,2
017181,Sonico,2023,emigrati_estero,3
017181,Sonico,2024,emigrati_estero,1
017181,Sonico,2019,emigrati_interni,22
017181,Sonico,2020,emigrati_interni,35
017181,Sonico,2021,emigrati_interni,29
017181,Sonico,2022,emigrati_interni,19
017181,Sonico,2023,emigrati_interni,30
017181,Sonico,2024,emigrati_interni,16
017181,Sonico,2019,immigrati_estero,3
017181,Sonico,2020,immigrati_estero,0
017181,Sonico,2021,immigrati_estero,2
017181,Sonico,2022,immigrati_estero,1
017181,Sonico,2023,immigrati_estero,0
017181,Sonico,2024,immigrati_estero,3
017181,Sonico,2019,immigrati_interni,28
017181,Sonico,2020,immigrati_interni,29
017181,Sonico,2021,immigrati_interni,20
017181,Sonico,2022,immigrati_interni,22
017181,Sonico,2023,immigrati_interni,24
017181,Sonico,2024,immigrati_interni,18
017181,Sonico,2019,morti,12
017181,Sonico,2020,morti,22
017181,Sonico,2021,morti,19
017181,Sonico,2022,morti,13
017181,Sonico,2023,morti,13
017181,Sonico,2024,morti,9
017181,Sonico,2019,nati,4
017181,Sonico,2020,nati,14
017181,Sonico,2021,nati,7
017181,Sonico,2022,nati,8
017181,Sonico,2023,nati,6
017181,Sonico,2024,nati,5
017181,Sonico,2019,popolazione_censita,1240
017181,Sonico,2020,popolazione_censita,1226
017181,Sonico,2021,popolazione_censita,1211
017181,Sonico,2022,popolazione_censita,1204
017181,Sonico,2023,popolazione_censita,1189
017181,Sonico,2024,popolazione_censita,1193
017181,Sonico,2019,popolazione_fine,1244
017181,Sonico,2020,popolazione_fine,1224
017181,Sonico,2021,popolazione_fine,1207
017181,Sonico,2022,popolazione_fine,1208
017181,Sonico,2023,popolazione_fine,1188
017181,Sonico,2024,popolazione_fine,1189
017181,Sonico,2019,popolazione_inizio,1243
017181,Sonico,2020,popolazione_inizio,1240
017181,Sonico,2021,popolazione_inizio,1226
017181,Sonico,2022,popolazione_inizio,1211
017181,Sonico,2023,popolazione_inizio,1204
017181,Sonico,2024,popolazione_inizio,1189
017181,Sonico,2019,variazioni_territoriali,0
017181,Sonico,2020,variazioni_territoriali,0
017181,Sonico,2021,variazioni_territoriali,0
017181,Sonico,2022,variazioni_territoriali,0
017181,Sonico,2023,variazioni_territoriali,0
017181,Sonico,2024,variazioni_territoriali,0
017182,Sulzano,2019,aggiustamento_statistico,-3
017182,Sulzano,2020,aggiustamento_statistico,-13
017182,Sulzano,2021,aggiustamento_statistico,8
017182,Sulzano,2022,aggiustamento_statistico,-4
017182,Sulzano,2023,aggiustamento_statistico,-3
017182,Sulzano,2024,aggiustamento_statistico,-3
017182,Sulzano,2019,emigrati_estero,4
017182,Sulzano,2020,emigrati_estero,12
017182,Sulzano,2021,emigrati_estero,5
017182,Sulzano,2022,emigrati_estero,7
017182,Sulzano,2023,emigrati_estero,7
017182,Sulzano,2024,emigrati_estero,6
017182,Sulzano,2019,emigrati_interni,73
017182,Sulzano,2020,emigrati_interni,73
017182,Sulzano,2021,emigrati_interni,68
017182,Sulzano,2022,emigrati_interni,67
017182,Sulzano,2023,emigrati_interni,69
017182,Sulzano,2024,emigrati_interni,51
017182,Sulzano,2019,immigrati_estero,18
017182,Sulzano,2020,immigrati_estero,10
017182,Sulzano,2021,immigrati_estero,14
017182,Sulzano,2022,immigrati_estero,12
017182,Sulzano,2023,immigrati_estero,6
017182,Sulzano,2024,immigrati_estero,13
017182,Sulzano,2019,immigrati_interni,76
017182,Sulzano,2020,immigrati_interni,69
017182,Sulzano,2021,immigrati_interni,89
017182,Sulzano,2022,immigrati_interni,67
017182,Sulzano,2023,immigrati_interni,71
017182,Sulzano,2024,immigrati_interni,75
017182,Sulzano,2019,morti,23
017182,Sulzano,2020,morti,25
017182,Sulzano,2021,morti,20
017182,Sulzano,2022,morti,19
017182,Sulzano,2023,morti,18
017182,Sulzano,2024,morti,13
017182,Sulzano,2019,nati,22
017182,Sulzano,2020,nati,15
017182,Sulzano,2021,nati,11
017182,Sulzano,2022,nati,14
017182,Sulzano,2023,nati,16
017182,Sulzano,2024,nati,10
017182,Sulzano,2019,popolazione_censita,1944
017182,Sulzano,2020,popolazione_censita,1915
017182,Sulzano,2021,popolazione_censita,1944
017182,Sulzano,2022,popolazione_censita,1940
017182,Sulzano,2023,popolazione_censita,1936
017182,Sulzano,2024,popolazione_censita,1961
017182,Sulzano,2019,popolazione_fine,1947
017182,Sulzano,2020,popolazione_fine,1928
017182,Sulzano,2021,popolazione_fine,1936
017182,Sulzano,2022,popolazione_fine,1944
017182,Sulzano,2023,popolazione_fine,1939
017182,Sulzano,2024,popolazione_fine,1964
017182,Sulzano,2019,popolazione_inizio,1931
017182,Sulzano,2020,popolazione_inizio,1944
017182,Sulzano,2021,popolazione_inizio,1915
017182,Sulzano,2022,popolazione_inizio,1944
017182,Sulzano,2023,popolazione_inizio,1940
017182,Sulzano,2024,popolazione_inizio,1936
017182,Sulzano,2019,variazioni_territoriali,0
017182,Sulzano,2020,variazioni_territoriali,0
017182,Sulzano,2021,variazioni_territoriali,0
017182,Sulzano,2022,variazioni_territoriali,0
017182,Sulzano,2023,variazioni_territoriali,0
017182,Sulzano,2024,variazioni_territoriali,0
017183,Tavernole sul Mella,2019,aggiustamento_statistico,-6
017183,Tavernole sul Mella,2020,aggiustamento_statistico,6
017183,Tavernole sul Mella,2021,aggiustamento_statistico,-5
017183,Tavernole sul Mella,2022,aggiustamento_statistico,-6
017183,Tavernole sul Mella,2023,aggiustamento_statistico,-10
017183,Tavernole sul Mella,2024,aggiustamento_statistico,3
017183,Tavernole sul Mella,2019,emigrati_estero,5
017183,Tavernole sul Mella,2020,emigrati_estero,3
017183,Tavernole sul Mella,2021,emigrati_estero,3
017183,Tavernole sul Mella,2022,emigrati_estero,1
017183,Tavernole sul Mella,2023,emigrati_estero,3
017183,Tavernole sul Mella,2024,emigrati_estero,0
017183,Tavernole sul Mella,2019,emigrati_interni,27
017183,Tavernole sul Mella,2020,emigrati_interni,24
017183,Tavernole sul Mella,2021,emigrati_interni,31
017183,Tavernole sul Mella,2022,emigrati_interni,44
017183,Tavernole sul Mella,2023,emigrati_interni,41
017183,Tavernole sul Mella,2024,emigrati_interni,42
017183,Tavernole sul Mella,2019,immigrati_estero,8
017183,Tavernole sul Mella,2020,immigrati_estero,4
017183,Tavernole sul Mella,2021,immigrati_estero,4
017183,Tavernole sul Mella,2022,immigrati_estero,8
017183,Tavernole sul Mella,2023,immigrati_estero,20
017183,Tavernole sul Mella,2024,immigrati_estero,7
017183,Tavernole sul Mella,2019,immigrati_interni,35
017183,Tavernole sul Mella,2020,immigrati_interni,15
017183,Tavernole sul Mella,2021,immigrati_interni,53
017183,Tavernole sul Mella,2022,immigrati_interni,31
017183,Tavernole sul Mella,2023,immigrati_interni,36
017183,Tavernole sul Mella,2024,immigrati_interni,47
017183,Tavernole sul Mella,2019,morti,19
017183,Tavernole sul Mella,2020,morti,25
017183,Tavernole sul Mella,2021,morti,16
017183,Tavernole sul Mella,2022,morti,14
017183,Tavernole sul Mella,2023,morti,11
017183,Tavernole sul Mella,2024,morti,18
017183,Tavernole sul Mella,2019,nati,6
017183,Tavernole sul Mella,2020,nati,5
017183,Tavernole sul Mella,2021,nati,4
017183,Tavernole sul Mella,2022,nati,10
017183,Tavernole sul Mella,2023,nati,10
017183,Tavernole sul Mella,2024,nati,13
017183,Tavernole sul Mella,2019,popolazione_censita,1235
017183,Tavernole sul Mella,2020,popolazione_censita,1213
017183,Tavernole sul Mella,2021,popolazione_censita,1219
017183,Tavernole sul Mella,2022,popolazione_censita,1203
017183,Tavernole sul Mella,2023,popolazione_censita,1204
017183,Tavernole sul Mella,2024,popolazione_censita,1214
017183,Tavernole sul Mella,2019,popolazione_fine,1241
017183,Tavernole sul Mella,2020,popolazione_fine,1207
017183,Tavernole sul Mella,2021,popolazione_fine,1224
017183,Tavernole sul Mella,2022,popolazione_fine,1209
017183,Tavernole sul Mella,2023,popolazione_fine,1214
017183,Tavernole sul Mella,2024,popolazione_fine,1211
017183,Tavernole sul Mella,2019,popolazione_inizio,1243
017183,Tavernole sul Mella,2020,popolazione_inizio,1235
017183,Tavernole sul Mella,2021,popolazione_inizio,1213
017183,Tavernole sul Mella,2022,popolazione_inizio,1219
017183,Tavernole sul Mella,2023,popolazione_inizio,1203
017183,Tavernole sul Mella,2024,popolazione_inizio,1204
017183,Tavernole sul Mella,2019,variazioni_territoriali,0
017183,Tavernole sul Mella,2020,variazioni_territoriali,0
017183,Tavernole sul Mella,2021,variazioni_territoriali,0
017183,Tavernole sul Mella,2022,variazioni_territoriali,0
017183,Tavernole sul Mella,2023,variazioni_territoriali,0
017183,Tavernole sul Mella,2024,variazioni_territoriali,0
017184,Temù,2019,aggiustamento_statistico,-2
017184,Temù,2020,aggiustamento_statistico,-7
017184,Temù,2021,aggiustamento_statistico,2
017184,Temù,2022,aggiustamento_statistico,3
017184,Temù,2023,aggiustamento_statistico,3
017184,Temù,2024,aggiustamento_statistico,-4
017184,Temù,2019,emigrati_estero,3
017184,Temù,2020,emigrati_estero,0
017184,Temù,2021,emigrati_estero,0
017184,Temù,2022,emigrati_estero,1
017184,Temù,2023,emigrati_estero,1
017184,Temù,2024,emigrati_estero,1
017184,Temù,2019,emigrati_interni,18
017184,Temù,2020,emigrati_interni,33
017184,Temù,2021,emigrati_interni,39
017184,Temù,2022,emigrati_interni,31
017184,Temù,2023,emigrati_interni,35
017184,Temù,2024,emigrati_interni,31
017184,Temù,2019,immigrati_estero,0
017184,Temù,2020,immigrati_estero,2
017184,Temù,2021,immigrati_estero,2
017184,Temù,2022,immigrati_estero,12
017184,Temù,2023,immigrati_estero,0
017184,Temù,2024,immigrati_estero,5
017184,Temù,2019,immigrati_interni,38
017184,Temù,2020,immigrati_interni,22
017184,Temù,2021,immigrati_interni,39
017184,Temù,2022,immigrati_interni,50
017184,Temù,2023,immigrati_interni,53
017184,Temù,2024,immigrati_interni,51
017184,Temù,2019,morti,18
017184,Temù,2020,morti,14
017184,Temù,2021,morti,13
017184,Temù,2022,morti,19
017184,Temù,2023,morti,16
017184,Temù,2024,morti,19
017184,Temù,2019,nati,8
017184,Temù,2020,nati,9
017184,Temù,2021,nati,11
017184,Temù,2022,nati,12
017184,Temù,2023,nati,6
017184,Temù,2024,nati,6
017184,Temù,2019,popolazione_censita,1124
017184,Temù,2020,popolazione_censita,1103
017184,Temù,2021,popolazione_censita,1105
017184,Temù,2022,popolazione_censita,1131
017184,Temù,2023,popolazione_censita,1141
017184,Temù,2024,popolazione_censita,1148
017184,Temù,2019,popolazione_fine,1126
017184,Temù,2020,popolazione_fine,1110
017184,Temù,2021,popolazione_fine,1103
017184,Temù,2022,popolazione_fine,1128
017184,Temù,2023,popolazione_fine,1138
017184,Temù,2024,popolazione_fine,1152
017184,Temù,2019,popolazione_inizio,1119
017184,Temù,2020,popolazione_inizio,1124
017184,Temù,2021,popolazione_inizio,1103
017184,Temù,2022,popolazione_inizio,1105
017184,Temù,2023,popolazione_inizio,1131
017184,Temù,2024,popolazione_inizio,1141
017184,Temù,2019,variazioni_territoriali,0
017184,Temù,2020,variazioni_territoriali,0
017184,Temù,2021,variazioni_territoriali,0
017184,Temù,2022,variazioni_territoriali,0
017184,Temù,2023,variazioni_territoriali,0
017184,Temù,2024,variazioni_territoriali,0
017185,Tignale,2019,aggiustamento_statistico,-5
017185,Tignale,2020,aggiustamento_statistico,3
017185,Tignale,2021,aggiustamento_statistico,-10
017185,Tignale,2022,aggiustamento_statistico,-1
017185,Tignale,2023,aggiustamento_statistico,0
017185,Tignale,2024,aggiustamento_statistico,1
017185,Tignale,2019,emigrati_estero,4
017185,Tignale,2020,emigrati_estero,7
017185,Tignale,2021,emigrati_estero,2
017185,Tignale,2022,emigrati_estero,5
017185,Tignale,2023,emigrati_estero,3
017185,Tignale,2024,emigrati_estero,9
017185,Tignale,2019,emigrati_interni,19
017185,Tignale,2020,emigrati_interni,21
017185,Tignale,2021,emigrati_interni,30
017185,Tignale,2022,emigrati_interni,21
017185,Tignale,2023,emigrati_interni,22
017185,Tignale,2024,emigrati_interni,24
017185,Tignale,2019,immigrati_estero,11
017185,Tignale,2020,immigrati_estero,8
017185,Tignale,2021,immigrati_estero,5
017185,Tignale,2022,immigrati_estero,9
017185,Tignale,2023,immigrati_estero,17
017185,Tignale,2024,immigrati_estero,13
017185,Tignale,2019,immigrati_interni,27
017185,Tignale,2020,immigrati_interni,20
017185,Tignale,2021,immigrati_interni,19
017185,Tignale,2022,immigrati_interni,23
017185,Tignale,2023,immigrati_interni,26
017185,Tignale,2024,immigrati_interni,21
017185,Tignale,2019,morti,33
017185,Tignale,2020,morti,15
017185,Tignale,2021,morti,33
017185,Tignale,2022,morti,11
017185,Tignale,2023,morti,23
017185,Tignale,2024,morti,19
017185,Tignale,2019,nati,9
017185,Tignale,2020,nati,6
017185,Tignale,2021,nati,6
017185,Tignale,2022,nati,6
017185,Tignale,2023,nati,5
017185,Tignale,2024,nati,4
017185,Tignale,2019,popolazione_censita,1209
017185,Tignale,2020,popolazione_censita,1203
017185,Tignale,2021,popolazione_censita,1158
017185,Tignale,2022,popolazione_censita,1158
017185,Tignale,2023,popolazione_censita,1158
017185,Tignale,2024,popolazione_censita,1145
017185,Tignale,2019,popolazione_fine,1214
017185,Tignale,2020,popolazione_fine,1200
017185,Tignale,2021,popolazione_fine,1168
017185,Tignale,2022,popolazione_fine,1159
017185,Tignale,2023,popolazione_fine,1158
017185,Tignale,2024,popolazione_fine,1144
017185,Tignale,2019,popolazione_inizio,1223
017185,Tignale,2020,popolazione_inizio,1209
017185,Tignale,2021,popolazione_inizio,1203
017185,Tignale,2022,popolazione_inizio,1158
017185,Tignale,2023,popolazione_inizio,1158
017185,Tignale,2024,popolazione_inizio,1158
017185,Tignale,2019,variazioni_territoriali,0
017185,Tignale,2020,variazioni_territoriali,0
017185,Tignale,2021,variazioni_territoriali,0
017185,Tignale,2022,variazioni_territoriali,0
017185,Tignale,2023,variazioni_territoriali,0
017185,Tignale,2024,variazioni_territoriali,0
017186,Torbole Casaglia,2019,aggiustamento_statistico,-55
017186,Torbole Casaglia,2020,aggiustamento_statistico,74
017186,Torbole Casaglia,2021,aggiustamento_statistico,-14
017186,Torbole Casaglia,2022,aggiustamento_statistico,9
017186,Torbole Casaglia,2023,aggiustamento_statistico,0
017186,Torbole Casaglia,2024,aggiustamento_statistico,-9
017186,Torbole Casaglia,2019,emigrati_estero,8
017186,Torbole Casaglia,2020,emigrati_estero,35
017186,Torbole Casaglia,2021,emigrati_estero,28
017186,Torbole Casaglia,2022,emigrati_estero,22
017186,Torbole Casaglia,2023,emigrati_estero,23
017186,Torbole Casaglia,2024,emigrati_estero,23
017186,Torbole Casaglia,2019,emigrati_interni,269
017186,Torbole Casaglia,2020,emigrati_interni,251
017186,Torbole Casaglia,2021,emigrati_interni,234
017186,Torbole Casaglia,2022,emigrati_interni,245
017186,Torbole Casaglia,2023,emigrati_interni,214
017186,Torbole Casaglia,2024,emigrati_interni,217
017186,Torbole Casaglia,2019,immigrati_estero,40
017186,Torbole Casaglia,2020,immigrati_estero,44
017186,Torbole Casaglia,2021,immigrati_estero,38
017186,Torbole Casaglia,2022,immigrati_estero,28
017186,Torbole Casaglia,2023,immigrati_estero,64
017186,Torbole Casaglia,2024,immigrati_estero,45
017186,Torbole Casaglia,2019,immigrati_interni,219
017186,Torbole Casaglia,2020,immigrati_interni,222
017186,Torbole Casaglia,2021,immigrati_interni,244
017186,Torbole Casaglia,2022,immigrati_interni,271
017186,Torbole Casaglia,2023,immigrati_interni,214
017186,Torbole Casaglia,2024,immigrati_interni,190
017186,Torbole Casaglia,2019,morti,42
017186,Torbole Casaglia,2020,morti,76
017186,Torbole Casaglia,2021,morti,54
017186,Torbole Casaglia,2022,morti,40
017186,Torbole Casaglia,2023,morti,65
017186,Torbole Casaglia,2024,morti,46
017186,Torbole Casaglia,2019,nati,54
017186,Torbole Casaglia,2020,nati,39
017186,Torbole Casaglia,2021,nati,40
017186,Torbole Casaglia,2022,nati,38
017186,Torbole Casaglia,2023,nati,33
017186,Torbole Casaglia,2024,nati,40
017186,Torbole Casaglia,2019,popolazione_censita,6392
017186,Torbole Casaglia,2020,popolazione_censita,6409
017186,Torbole Casaglia,2021,popolazione_censita,6401
017186,Torbole Casaglia,2022,popolazione_censita,6440
017186,Torbole Casaglia,2023,popolazione_censita,6449
017186,Torbole Casaglia,2024,popolazione_censita,6429
017186,Torbole Casaglia,2019,popolazione_fine,6447
017186,Torbole Casaglia,2020,popolazione_fine,6335
017186,Torbole Casaglia,2021,popolazione_fine,6415
017186,Torbole Casaglia,2022,popolazione_fine,6431
017186,Torbole Casaglia,2023,popolazione_fine,6449
017186,Torbole Casaglia,2024,popolazione_fine,6438
017186,Torbole Casaglia,2019,popolazione_inizio,6453
017186,Torbole Casaglia,2020,popolazione_inizio,6392
017186,Torbole Casaglia,2021,popolazione_inizio,6409
017186,Torbole Casaglia,2022,popolazione_inizio,6401
017186,Torbole Casaglia,2023,popolazione_inizio,6440
017186,Torbole Casaglia,2024,popolazione_inizio,6449
017186,Torbole Casaglia,2019,variazioni_territoriali,0
017186,Torbole Casaglia,2020,variazioni_territoriali,0
017186,Torbole Casaglia,2021,variazioni_territoriali,0
017186,Torbole Casaglia,2022,variazioni_territoriali,0
017186,Torbole Casaglia,2023,variazioni_territoriali,0
017186,Torbole Casaglia,2024,variazioni_territoriali,0
017187,Toscolano-Maderno,2019,aggiustamento_statistico,-43
017187,Toscolano-Maderno,2020,aggiustamento_statistico,-69
017187,Toscolano-Maderno,2021,aggiustamento_statistico,24
017187,Toscolano-Maderno,2022,aggiustamento_statistico,0
017187,Toscolano-Maderno,2023,aggiustamento_statistico,7
017187,Toscolano-Maderno,2024,aggiustamento_statistico,6
017187,Toscolano-Maderno,2019,emigrati_estero,34
017187,Toscolano-Maderno,2020,emigrati_estero,22
017187,Toscolano-Maderno,2021,emigrati_estero,35
017187,Toscolano-Maderno,2022,emigrati_estero,22
017187,Toscolano-Maderno,2023,emigrati_estero,20
017187,Toscolano-Maderno,2024,emigrati_estero,27
017187,Toscolano-Maderno,2019,emigrati_interni,254
017187,Toscolano-Maderno,2020,emigrati_interni,231
017187,Toscolano-Maderno,2021,emigrati_interni,226
017187,Toscolano-Maderno,2022,emigrati_interni,191
017187,Toscolano-Maderno,2023,emigrati_interni,175
017187,Toscolano-Maderno,2024,emigrati_interni,190
017187,Toscolano-Maderno,2019,immigrati_estero,57
017187,Toscolano-Maderno,2020,immigrati_estero,40
017187,Toscolano-Maderno,2021,immigrati_estero,49
017187,Toscolano-Maderno,2022,immigrati_estero,69
017187,Toscolano-Maderno,2023,immigrati_estero,63
017187,Toscolano-Maderno,2024,immigrati_estero,60
017187,Toscolano-Maderno,2019,immigrati_interni,230
017187,Toscolano-Maderno,2020,immigrati_interni,248
017187,Toscolano-Maderno,2021,immigrati_interni,215
017187,Toscolano-Maderno,2022,immigrati_interni,239
017187,Toscolano-Maderno,2023,immigrati_interni,241
017187,Toscolano-Maderno,2024,immigrati_interni,201
017187,Toscolano-Maderno,2019,morti,100
017187,Toscolano-Maderno,2020,morti,128
017187,Toscolano-Maderno,2021,morti,101
017187,Toscolano-Maderno,2022,morti,99
017187,Toscolano-Maderno,2023,morti,84
017187,Toscolano-Maderno,2024,morti,88
017187,Toscolano-Maderno,2019,nati,41
017187,Toscolano-Maderno,2020,nati,45
017187,Toscolano-Maderno,2021,nati,31
017187,Toscolano-Maderno,2022,nati,36
017187,Toscolano-Maderno,2023,nati,47
017187,Toscolano-Maderno,2024,nati,28
017187,Toscolano-Maderno,2019,popolazione_censita,7710
017187,Toscolano-Maderno,2020,popolazione_censita,7593
017187,Toscolano-Maderno,2021,popolazione_censita,7550
017187,Toscolano-Maderno,2022,popolazione_censita,7582
017187,Toscolano-Maderno,2023,popolazione_censita,7661
017187,Toscolano-Maderno,2024,popolazione_censita,7651
017187,Toscolano-Maderno,2019,popolazione_fine,7753
017187,Toscolano-Maderno,2020,popolazione_fine,7662
017187,Toscolano-Maderno,2021,popolazione_fine,7526
017187,Toscolano-Maderno,2022,popolazione_fine,7582
017187,Toscolano-Maderno,2023,popolazione_fine,7654
017187,Toscolano-Maderno,2024,popolazione_fine,7645
017187,Toscolano-Maderno,2019,popolazione_inizio,7813
017187,Toscolano-Maderno,2020,popolazione_inizio,7710
017187,Toscolano-Maderno,2021,popolazione_inizio,7593
017187,Toscolano-Maderno,2022,popolazione_inizio,7550
017187,Toscolano-Maderno,2023,popolazione_inizio,7582
017187,Toscolano-Maderno,2024,popolazione_inizio,7661
017187,Toscolano-Maderno,2019,variazioni_territoriali,0
017187,Toscolano-Maderno,2020,variazioni_territoriali,0
017187,Toscolano-Maderno,2021,variazioni_territoriali,0
017187,Toscolano-Maderno,2022,variazioni_territoriali,0
017187,Toscolano-Maderno,2023,variazioni_territoriali,0
017187,Toscolano-Maderno,2024,variazioni_territoriali,0
017188,Travagliato,2019,aggiustamento_statistico,-33
017188,Travagliato,2020,aggiustamento_statistico,53
017188,Travagliato,2021,aggiustamento_statistico,-20
017188,Travagliato,2022,aggiustamento_statistico,3
017188,Travagliato,2023,aggiustamento_statistico,-14
017188,Travagliato,2024,aggiustamento_statistico,17
017188,Travagliato,2019,emigrati_estero,51
017188,Travagliato,2020,emigrati_estero,41
017188,Travagliato,2021,emigrati_estero,42
017188,Travagliato,2022,emigrati_estero,36
017188,Travagliato,2023,emigrati_estero,43
017188,Travagliato,2024,emigrati_estero,34
017188,Travagliato,2019,emigrati_interni,433
017188,Travagliato,2020,emigrati_interni,357
017188,Travagliato,2021,emigrati_interni,366
017188,Travagliato,2022,emigrati_interni,377
017188,Travagliato,2023,emigrati_interni,312
017188,Travagliato,2024,emigrati_interni,287
017188,Travagliato,2019,immigrati_estero,57
017188,Travagliato,2020,immigrati_estero,37
017188,Travagliato,2021,immigrati_estero,47
017188,Travagliato,2022,immigrati_estero,46
017188,Travagliato,2023,immigrati_estero,59
017188,Travagliato,2024,immigrati_estero,72
017188,Travagliato,2019,immigrati_interni,442
017188,Travagliato,2020,immigrati_interni,378
017188,Travagliato,2021,immigrati_interni,413
017188,Travagliato,2022,immigrati_interni,452
017188,Travagliato,2023,immigrati_interni,364
017188,Travagliato,2024,immigrati_interni,381
017188,Travagliato,2019,morti,124
017188,Travagliato,2020,morti,157
017188,Travagliato,2021,morti,137
017188,Travagliato,2022,morti,130
017188,Travagliato,2023,morti,111
017188,Travagliato,2024,morti,134
017188,Travagliato,2019,nati,107
017188,Travagliato,2020,nati,102
017188,Travagliato,2021,nati,87
017188,Travagliato,2022,nati,99
017188,Travagliato,2023,nati,115
017188,Travagliato,2024,nati,89
017188,Travagliato,2019,popolazione_censita,13728
017188,Travagliato,2020,popolazione_censita,13743
017188,Travagliato,2021,popolazione_censita,13725
017188,Travagliato,2022,popolazione_censita,13782
017188,Travagliato,2023,popolazione_censita,13840
017188,Travagliato,2024,popolazione_censita,13944
017188,Travagliato,2019,popolazione_fine,13761
017188,Travagliato,2020,popolazione_fine,13690
017188,Travagliato,2021,popolazione_fine,13745
017188,Travagliato,2022,popolazione_fine,13779
017188,Travagliato,2023,popolazione_fine,13854
017188,Travagliato,2024,popolazione_fine,13927
017188,Travagliato,2019,popolazione_inizio,13763
017188,Travagliato,2020,popolazione_inizio,13728
017188,Travagliato,2021,popolazione_inizio,13743
017188,Travagliato,2022,popolazione_inizio,13725
017188,Travagliato,2023,popolazione_inizio,13782
017188,Travagliato,2024,popolazione_inizio,13840
017188,Travagliato,2019,variazioni_territoriali,0
017188,Travagliato,2020,variazioni_territoriali,0
017188,Travagliato,2021,variazioni_territoriali,0
017188,Travagliato,2022,variazioni_territoriali,0
017188,Travagliato,2023,variazioni_territoriali,0
017188,Travagliato,2024,variazioni_territoriali,0
017189,Tremosine sul Garda,2019,aggiustamento_statistico,3
017189,Tremosine sul Garda,2020,aggiustamento_statistico,6
017189,Tremosine sul Garda,2021,aggiustamento_statistico,-3
017189,Tremosine sul Garda,2022,aggiustamento_statistico,0
017189,Tremosine sul Garda,2023,aggiustamento_statistico,-3
017189,Tremosine sul Garda,2024,aggiustamento_statistico,5
017189,Tremosine sul Garda,2019,emigrati_estero,9
017189,Tremosine sul Garda,2020,emigrati_estero,5
017189,Tremosine sul Garda,2021,emigrati_estero,5
017189,Tremosine sul Garda,2022,emigrati_estero,6
017189,Tremosine sul Garda,2023,emigrati_estero,8
017189,Tremosine sul Garda,2024,emigrati_estero,5
017189,Tremosine sul Garda,2019,emigrati_interni,69
017189,Tremosine sul Garda,2020,emigrati_interni,37
017189,Tremosine sul Garda,2021,emigrati_interni,43
017189,Tremosine sul Garda,2022,emigrati_interni,47
017189,Tremosine sul Garda,2023,emigrati_interni,33
017189,Tremosine sul Garda,2024,emigrati_interni,49
017189,Tremosine sul Garda,2019,immigrati_estero,26
017189,Tremosine sul Garda,2020,immigrati_estero,19
017189,Tremosine sul Garda,2021,immigrati_estero,14
017189,Tremosine sul Garda,2022,immigrati_estero,42
017189,Tremosine sul Garda,2023,immigrati_estero,48
017189,Tremosine sul Garda,2024,immigrati_estero,31
017189,Tremosine sul Garda,2019,immigrati_interni,26
017189,Tremosine sul Garda,2020,immigrati_interni,26
017189,Tremosine sul Garda,2021,immigrati_interni,29
017189,Tremosine sul Garda,2022,immigrati_interni,41
017189,Tremosine sul Garda,2023,immigrati_interni,28
017189,Tremosine sul Garda,2024,immigrati_interni,32
017189,Tremosine sul Garda,2019,morti,18
017189,Tremosine sul Garda,2020,morti,26
017189,Tremosine sul Garda,2021,morti,25
017189,Tremosine sul Garda,2022,morti,18
017189,Tremosine sul Garda,2023,morti,25
017189,Tremosine sul Garda,2024,morti,20
017189,Tremosine sul Garda,2019,nati,17
017189,Tremosine sul Garda,2020,nati,21
017189,Tremosine sul Garda,2021,nati,13
017189,Tremosine sul Garda,2022,nati,11
017189,Tremosine sul Garda,2023,nati,12
017189,Tremosine sul Garda,2024,nati,12
017189,Tremosine sul Garda,2019,popolazione_censita,2062
017189,Tremosine sul Garda,2020,popolazione_censita,2066
017189,Tremosine sul Garda,2021,popolazione_censita,2046
017189,Tremosine sul Garda,2022,popolazione_censita,2069
017189,Tremosine sul Garda,2023,popolazione_censita,2088
017189,Tremosine sul Garda,2024,popolazione_censita,2094
017189,Tremosine sul Garda,2019,popolazione_fine,2059
017189,Tremosine sul Garda,2020,popolazione_fine,2060
017189,Tremosine sul Garda,2021,popolazione_fine,2049
017189,Tremosine sul Garda,2022,popolazione_fine,2069
017189,Tremosine sul Garda,2023,popolazione_fine,2091
017189,Tremosine sul Garda,2024,popolazione_fine,2089
017189,Tremosine sul Garda,2019,popolazione_inizio,2086
017189,Tremosine sul Garda,2020,popolazione_inizio,2062
017189,Tremosine sul Garda,2021,popolazione_inizio,2066
017189,Tremosine sul Garda,2022,popolazione_inizio,2046
017189,Tremosine sul Garda,2023,popolazione_inizio,2069
017189,Tremosine sul Garda,2024,popolazione_inizio,2088
017189,Tremosine sul Garda,2019,variazioni_territoriali,0
017189,Tremosine sul Garda,2020,variazioni_territoriali,0
017189,Tremosine sul Garda,2021,variazioni_territoriali,0
017189,Tremosine sul Garda,2022,variazioni_territoriali,0
017189,Tremosine sul Garda,2023,variazioni_territoriali,0
017189,Tremosine sul Garda,2024,variazioni_territoriali,0
017190,Trenzano,2019,aggiustamento_statistico,-4
017190,Trenzano,2020,aggiustamento_statistico,11
017190,Trenzano,2021,aggiustamento_statistico,-8
017190,Trenzano,2022,aggiustamento_statistico,-4
017190,Trenzano,2023,aggiustamento_statistico,-4
017190,Trenzano,2024,aggiustamento_statistico,2
017190,Trenzano,2019,emigrati_estero,18
017190,Trenzano,2020,emigrati_estero,9
017190,Trenzano,2021,emigrati_estero,18
017190,Trenzano,2022,emigrati_estero,5
017190,Trenzano,2023,emigrati_estero,5
017190,Trenzano,2024,emigrati_estero,17
017190,Trenzano,2019,emigrati_interni,182
017190,Trenzano,2020,emigrati_interni,134
017190,Trenzano,2021,emigrati_interni,133
017190,Trenzano,2022,emigrati_interni,158
017190,Trenzano,2023,emigrati_interni,141
017190,Trenzano,2024,emigrati_interni,120
017190,Trenzano,2019,immigrati_estero,35
017190,Trenzano,2020,immigrati_estero,14
017190,Trenzano,2021,immigrati_estero,29
017190,Trenzano,2022,immigrati_estero,21
017190,Trenzano,2023,immigrati_estero,42
017190,Trenzano,2024,immigrati_estero,29
017190,Trenzano,2019,immigrati_interni,176
017190,Trenzano,2020,immigrati_interni,139
017190,Trenzano,2021,immigrati_interni,165
017190,Trenzano,2022,immigrati_interni,166
017190,Trenzano,2023,immigrati_interni,125
017190,Trenzano,2024,immigrati_interni,125
017190,Trenzano,2019,morti,31
017190,Trenzano,2020,morti,56
017190,Trenzano,2021,morti,48
017190,Trenzano,2022,morti,50
017190,Trenzano,2023,morti,42
017190,Trenzano,2024,morti,56
017190,Trenzano,2019,nati,34
017190,Trenzano,2020,nati,41
017190,Trenzano,2021,nati,56
017190,Trenzano,2022,nati,40
017190,Trenzano,2023,nati,57
017190,Trenzano,2024,nati,51
017190,Trenzano,2019,popolazione_censita,5421
017190,Trenzano,2020,popolazione_censita,5427
017190,Trenzano,2021,popolazione_censita,5470
017190,Trenzano,2022,popolazione_censita,5480
017190,Trenzano,2023,popolazione_censita,5512
017190,Trenzano,2024,popolazione_censita,5526
017190,Trenzano,2019,popolazione_fine,5425
017190,Trenzano,2020,popolazione_fine,5416
017190,Trenzano,2021,popolazione_fine,5478
017190,Trenzano,2022,popolazione_fine,5484
017190,Trenzano,2023,popolazione_fine,5516
017190,Trenzano,2024,popolazione_fine,5524
017190,Trenzano,2019,popolazione_inizio,5411
017190,Trenzano,2020,popolazione_inizio,5421
017190,Trenzano,2021,popolazione_inizio,5427
017190,Trenzano,2022,popolazione_inizio,5470
017190,Trenzano,2023,popolazione_inizio,5480
017190,Trenzano,2024,popolazione_inizio,5512
017190,Trenzano,2019,variazioni_territoriali,0
017190,Trenzano,2020,variazioni_territoriali,0
017190,Trenzano,2021,variazioni_territoriali,0
017190,Trenzano,2022,variazioni_territoriali,0
017190,Trenzano,2023,variazioni_territoriali,0
017190,Trenzano,2024,variazioni_territoriali,0
017191,Treviso Bresciano,2019,aggiustamento_statistico,0
017191,Treviso Bresciano,2020,aggiustamento_statistico,0
017191,Treviso Bresciano,2021,aggiustamento_statistico,0
017191,Treviso Bresciano,2022,aggiustamento_statistico,0
017191,Treviso Bresciano,2023,aggiustamento_statistico,0
017191,Treviso Bresciano,2024,aggiustamento_statistico,0
017191,Treviso Bresciano,2019,emigrati_estero,0
017191,Treviso Bresciano,2020,emigrati_estero,0
017191,Treviso Bresciano,2021,emigrati_estero,8
017191,Treviso Bresciano,2022,emigrati_estero,1
017191,Treviso Bresciano,2023,emigrati_estero,1
017191,Treviso Bresciano,2024,emigrati_estero,0
017191,Treviso Bresciano,2019,emigrati_interni,6
017191,Treviso Bresciano,2020,emigrati_interni,9
017191,Treviso Bresciano,2021,emigrati_interni,7
017191,Treviso Bresciano,2022,emigrati_interni,11
017191,Treviso Bresciano,2023,emigrati_interni,14
017191,Treviso Bresciano,2024,emigrati_interni,5
017191,Treviso Bresciano,2019,immigrati_estero,1
017191,Treviso Bresciano,2020,immigrati_estero,1
017191,Treviso Bresciano,2021,immigrati_estero,7
017191,Treviso Bresciano,2022,immigrati_estero,7
017191,Treviso Bresciano,2023,immigrati_estero,11
017191,Treviso Bresciano,2024,immigrati_estero,5
017191,Treviso Bresciano,2019,immigrati_interni,9
017191,Treviso Bresciano,2020,immigrati_interni,8
017191,Treviso Bresciano,2021,immigrati_interni,3
017191,Treviso Bresciano,2022,immigrati_interni,10
017191,Treviso Bresciano,2023,immigrati_interni,18
017191,Treviso Bresciano,2024,immigrati_interni,8
017191,Treviso Bresciano,2019,morti,2
017191,Treviso Bresciano,2020,morti,5
017191,Treviso Bresciano,2021,morti,8
017191,Treviso Bresciano,2022,morti,4
017191,Treviso Bresciano,2023,morti,2
017191,Treviso Bresciano,2024,morti,5
017191,Treviso Bresciano,2019,nati,0
017191,Treviso Bresciano,2020,nati,3
017191,Treviso Bresciano,2021,nati,0
017191,Treviso Bresciano,2022,nati,3
017191,Treviso Bresciano,2023,nati,1
017191,Treviso Bresciano,2024,nati,5
017191,Treviso Bresciano,2019,popolazione_censita,522
017191,Treviso Bresciano,2020,popolazione_censita,520
017191,Treviso Bresciano,2021,popolazione_censita,507
017191,Treviso Bresciano,2022,popolazione_censita,511
017191,Treviso Bresciano,2023,popolazione_censita,524
017191,Treviso Bresciano,2024,popolazione_censita,532
017191,Treviso Bresciano,2019,popolazione_fine,522
017191,Treviso Bresciano,2020,popolazione_fine,520
017191,Treviso Bresciano,2021,popolazione_fine,507
017191,Treviso Bresciano,2022,popolazione_fine,511
017191,Treviso Bresciano,2023,popolazione_fine,524
017191,Treviso Bresciano,2024,popolazione_fine,532
017191,Treviso Bresciano,2019,popolazione_inizio,520
017191,Treviso Bresciano,2020,popolazione_inizio,522
017191,Treviso Bresciano,2021,popolazione_inizio,520
017191,Treviso Bresciano,2022,popolazione_inizio,507
017191,Treviso Bresciano,2023,popolazione_inizio,511
017191,Treviso Bresciano,2024,popolazione_inizio,524
017191,Treviso Bresciano,2019,variazioni_territoriali,0
017191,Treviso Bresciano,2020,variazioni_territoriali,0
017191,Treviso Bresciano,2021,variazioni_territoriali,0
017191,Treviso Bresciano,2022,variazioni_territoriali,0
017191,Treviso Bresciano,2023,variazioni_territoriali,0
017191,Treviso Bresciano,2024,variazioni_territoriali,0
017192,Urago d'Oglio,2019,aggiustamento_statistico,11
017192,Urago d'Oglio,2020,aggiustamento_statistico,5
017192,Urago d'Oglio,2021,aggiustamento_statistico,3
017192,Urago d'Oglio,2022,aggiustamento_statistico,1
017192,Urago d'Oglio,2023,aggiustamento_statistico,4
017192,Urago d'Oglio,2024,aggiustamento_statistico,-9
017192,Urago d'Oglio,2019,emigrati_estero,24
017192,Urago d'Oglio,2020,emigrati_estero,0
017192,Urago d'Oglio,2021,emigrati_estero,8
017192,Urago d'Oglio,2022,emigrati_estero,8
017192,Urago d'Oglio,2023,emigrati_estero,4
017192,Urago d'Oglio,2024,emigrati_estero,11
017192,Urago d'Oglio,2019,emigrati_interni,108
017192,Urago d'Oglio,2020,emigrati_interni,86
017192,Urago d'Oglio,2021,emigrati_interni,83
017192,Urago d'Oglio,2022,emigrati_interni,79
017192,Urago d'Oglio,2023,emigrati_interni,106
017192,Urago d'Oglio,2024,emigrati_interni,94
017192,Urago d'Oglio,2019,immigrati_estero,35
017192,Urago d'Oglio,2020,immigrati_estero,28
017192,Urago d'Oglio,2021,immigrati_estero,28
017192,Urago d'Oglio,2022,immigrati_estero,38
017192,Urago d'Oglio,2023,immigrati_estero,34
017192,Urago d'Oglio,2024,immigrati_estero,33
017192,Urago d'Oglio,2019,immigrati_interni,78
017192,Urago d'Oglio,2020,immigrati_interni,72
017192,Urago d'Oglio,2021,immigrati_interni,94
017192,Urago d'Oglio,2022,immigrati_interni,82
017192,Urago d'Oglio,2023,immigrati_interni,105
017192,Urago d'Oglio,2024,immigrati_interni,96
017192,Urago d'Oglio,2019,morti,31
017192,Urago d'Oglio,2020,morti,42
017192,Urago d'Oglio,2021,morti,39
017192,Urago d'Oglio,2022,morti,37
017192,Urago d'Oglio,2023,morti,35
017192,Urago d'Oglio,2024,morti,30
017192,Urago d'Oglio,2019,nati,28
017192,Urago d'Oglio,2020,nati,28
017192,Urago d'Oglio,2021,nati,31
017192,Urago d'Oglio,2022,nati,25
017192,Urago d'Oglio,2023,nati,29
017192,Urago d'Oglio,2024,nati,22
017192,Urago d'Oglio,2019,popolazione_censita,3702
017192,Urago d'Oglio,2020,popolazione_censita,3707
017192,Urago d'Oglio,2021,popolazione_censita,3733
017192,Urago d'Oglio,2022,popolazione_censita,3755
017192,Urago d'Oglio,2023,popolazione_censita,3782
017192,Urago d'Oglio,2024,popolazione_censita,3789
017192,Urago d'Oglio,2019,popolazione_fine,3691
017192,Urago d'Oglio,2020,popolazione_fine,3702
017192,Urago d'Oglio,2021,popolazione_fine,3730
017192,Urago d'Oglio,2022,popolazione_fine,3754
017192,Urago d'Oglio,2023,popolazione_fine,3778
017192,Urago d'Oglio,2024,popolazione_fine,3798
017192,Urago d'Oglio,2019,popolazione_inizio,3713
017192,Urago d'Oglio,2020,popolazione_inizio,3702
017192,Urago d'Oglio,2021,popolazione_inizio,3707
017192,Urago d'Oglio,2022,popolazione_inizio,3733
017192,Urago d'Oglio,2023,popolazione_inizio,3755
017192,Urago d'Oglio,2024,popolazione_inizio,3782
017192,Urago d'Oglio,2019,variazioni_territoriali,0
017192,Urago d'Oglio,2020,variazioni_territoriali,0
017192,Urago d'Oglio,2021,variazioni_territoriali,0
017192,Urago d'Oglio,2022,variazioni_territoriali,0
017192,Urago d'Oglio,2023,variazioni_territoriali,0
017192,Urago d'Oglio,2024,variazioni_territoriali,0
017193,Vallio Terme,2019,aggiustamento_statistico,-4
017193,Vallio Terme,2020,aggiustamento_statistico,-13
017193,Vallio Terme,2021,aggiustamento_statistico,-2
017193,Vallio Terme,2022,aggiustamento_statistico,-3
017193,Vallio Terme,2023,aggiustamento_statistico,-4
017193,Vallio Terme,2024,aggiustamento_statistico,5
017193,Vallio Terme,2019,emigrati_estero,7
017193,Vallio Terme,2020,emigrati_estero,1
017193,Vallio Terme,2021,emigrati_estero,6
017193,Vallio Terme,2022,emigrati_estero,2
017193,Vallio Terme,2023,emigrati_estero,2
017193,Vallio Terme,2024,emigrati_estero,2
017193,Vallio Terme,2019,emigrati_interni,44
017193,Vallio Terme,2020,emigrati_interni,60
017193,Vallio Terme,2021,emigrati_interni,44
017193,Vallio Terme,2022,emigrati_interni,45
017193,Vallio Terme,2023,emigrati_interni,62
017193,Vallio Terme,2024,emigrati_interni,40
017193,Vallio Terme,2019,immigrati_estero,5
017193,Vallio Terme,2020,immigrati_estero,2
017193,Vallio Terme,2021,immigrati_estero,10
017193,Vallio Terme,2022,immigrati_estero,8
017193,Vallio Terme,2023,immigrati_estero,8
017193,Vallio Terme,2024,immigrati_estero,7
017193,Vallio Terme,2019,immigrati_interni,50
017193,Vallio Terme,2020,immigrati_interni,51
017193,Vallio Terme,2021,immigrati_interni,50
017193,Vallio Terme,2022,immigrati_interni,41
017193,Vallio Terme,2023,immigrati_interni,60
017193,Vallio Terme,2024,immigrati_interni,62
017193,Vallio Terme,2019,morti,8
017193,Vallio Terme,2020,morti,16
017193,Vallio Terme,2021,morti,15
017193,Vallio Terme,2022,morti,19
017193,Vallio Terme,2023,morti,9
017193,Vallio Terme,2024,morti,14
017193,Vallio Terme,2019,nati,8
017193,Vallio Terme,2020,nati,7
017193,Vallio Terme,2021,nati,10
017193,Vallio Terme,2022,nati,16
017193,Vallio Terme,2023,nati,11
017193,Vallio Terme,2024,nati,9
017193,Vallio Terme,2019,popolazione_censita,1437
017193,Vallio Terme,2020,popolazione_censita,1407
017193,Vallio Terme,2021,popolazione_censita,1410
017193,Vallio Terme,2022,popolazione_censita,1406
017193,Vallio Terme,2023,popolazione_censita,1408
017193,Vallio Terme,2024,popolazione_censita,1435
017193,Vallio Terme,2019,popolazione_fine,1441
017193,Vallio Terme,2020,popolazione_fine,1420
017193,Vallio Terme,2021,popolazione_fine,1412
017193,Vallio Terme,2022,popolazione_fine,1409
017193,Vallio Terme,2023,popolazione_fine,1412
017193,Vallio Terme,2024,popolazione_fine,1430
017193,Vallio Terme,2019,popolazione_inizio,1437
017193,Vallio Terme,2020,popolazione_inizio,1437
017193,Vallio Terme,2021,popolazione_inizio,1407
017193,Vallio Terme,2022,popolazione_inizio,1410
017193,Vallio Terme,2023,popolazione_inizio,1406
017193,Vallio Terme,2024,popolazione_inizio,1408
017193,Vallio Terme,2019,variazioni_territoriali,0
017193,Vallio Terme,2020,variazioni_territoriali,0
017193,Vallio Terme,2021,variazioni_territoriali,0
017193,Vallio Terme,2022,variazioni_territoriali,0
017193,Vallio Terme,2023,variazioni_territoriali,0
017193,Vallio Terme,2024,variazioni_territoriali,0
017194,Valvestino,2019,aggiustamento_statistico,0
017194,Valvestino,2020,aggiustamento_statistico,0
017194,Valvestino,2021,aggiustamento_statistico,0
017194,Valvestino,2022,aggiustamento_statistico,0
017194,Valvestino,2023,aggiustamento_statistico,0
017194,Valvestino,2024,aggiustamento_statistico,0
017194,Valvestino,2019,emigrati_estero,0
017194,Valvestino,2020,emigrati_estero,0
017194,Valvestino,2021,emigrati_estero,0
017194,Valvestino,2022,emigrati_estero,0
017194,Valvestino,2023,emigrati_estero,0
017194,Valvestino,2024,emigrati_estero,0
017194,Valvestino,2019,emigrati_interni,3
017194,Valvestino,2020,emigrati_interni,6
017194,Valvestino,2021,emigrati_interni,3
017194,Valvestino,2022,emigrati_interni,7
017194,Valvestino,2023,emigrati_interni,6
017194,Valvestino,2024,emigrati_interni,2
017194,Valvestino,2019,immigrati_estero,0
017194,Valvestino,2020,immigrati_estero,0
017194,Valvestino,2021,immigrati_estero,0
017194,Valvestino,2022,immigrati_estero,0
017194,Valvestino,2023,immigrati_estero,0
017194,Valvestino,2024,immigrati_estero,0
017194,Valvestino,2019,immigrati_interni,5
017194,Valvestino,2020,immigrati_interni,6
017194,Valvestino,2021,immigrati_interni,9
017194,Valvestino,2022,immigrati_interni,8
017194,Valvestino,2023,immigrati_interni,1
017194,Valvestino,2024,immigrati_interni,9
017194,Valvestino,2019,morti,3
017194,Valvestino,2020,morti,7
017194,Valvestino,2021,morti,5
017194,Valvestino,2022,morti,8
017194,Valvestino,2023,morti,3
017194,Valvestino,2024,morti,3
017194,Valvestino,2019,nati,0
017194,Valvestino,2020,nati,0
017194,Valvestino,2021,nati,1
017194,Valvestino,2022,nati,1
017194,Valvestino,2023,nati,3
017194,Valvestino,2024,nati,1
017194,Valvestino,2019,popolazione_censita,178
017194,Valvestino,2020,popolazione_censita,171
017194,Valvestino,2021,popolazione_censita,173
017194,Valvestino,2022,popolazione_censita,167
017194,Valvestino,2023,popolazione_censita,162
017194,Valvestino,2024,popolazione_censita,167
017194,Valvestino,2019,popolazione_fine,178
017194,Valvestino,2020,popolazione_fine,171
017194,Valvestino,2021,popolazione_fine,173
017194,Valvestino,2022,popolazione_fine,167
017194,Valvestino,2023,popolazione_fine,162
017194,Valvestino,2024,popolazione_fine,167
017194,Valvestino,2019,popolazione_inizio,179
017194,Valvestino,2020,popolazione_inizio,178
017194,Valvestino,2021,popolazione_inizio,171
017194,Valvestino,2022,popolazione_inizio,173
017194,Valvestino,2023,popolazione_inizio,167
017194,Valvestino,2024,popolazione_inizio,162
017194,Valvestino,2019,variazioni_territoriali,0
017194,Valvestino,2020,variazioni_territoriali,0
017194,Valvestino,2021,variazioni_territoriali,0
017194,Valvestino,2022,variazioni_territoriali,0
017194,Valvestino,2023,variazioni_territoriali,0
017194,Valvestino,2024,variazioni_territoriali,0
017195,Verolanuova,2019,aggiustamento_statistico,2
017195,Verolanuova,2020,aggiustamento_statistico,46
017195,Verolanuova,2021,aggiustamento_statistico,-35
017195,Verolanuova,2022,aggiustamento_statistico,5
017195,Verolanuova,2023,aggiustamento_statistico,7
017195,Verolanuova,2024,aggiustamento_statistico,-3
017195,Verolanuova,2019,emigrati_estero,31
017195,Verolanuova,2020,emigrati_estero,42
017195,Verolanuova,2021,emigrati_estero,17
017195,Verolanuova,2022,emigrati_estero,25
017195,Verolanuova,2023,emigrati_estero,37
017195,Verolanuova,2024,emigrati_estero,24
017195,Verolanuova,2019,emigrati_interni,195
017195,Verolanuova,2020,emigrati_interni,176
017195,Verolanuova,2021,emigrati_interni,181
017195,Verolanuova,2022,emigrati_interni,163
017195,Verolanuova,2023,emigrati_interni,184
017195,Verolanuova,2024,emigrati_interni,175
017195,Verolanuova,2019,immigrati_estero,58
017195,Verolanuova,2020,immigrati_estero,26
017195,Verolanuova,2021,immigrati_estero,32
017195,Verolanuova,2022,immigrati_estero,47
017195,Verolanuova,2023,immigrati_estero,37
017195,Verolanuova,2024,immigrati_estero,32
017195,Verolanuova,2019,immigrati_interni,185
017195,Verolanuova,2020,immigrati_interni,188
017195,Verolanuova,2021,immigrati_interni,215
017195,Verolanuova,2022,immigrati_interni,209
017195,Verolanuova,2023,immigrati_interni,233
017195,Verolanuova,2024,immigrati_interni,260
017195,Verolanuova,2019,morti,105
017195,Verolanuova,2020,morti,135
017195,Verolanuova,2021,morti,94
017195,Verolanuova,2022,morti,77
017195,Verolanuova,2023,morti,88
017195,Verolanuova,2024,morti,101
017195,Verolanuova,2019,nati,58
017195,Verolanuova,2020,nati,65
017195,Verolanuova,2021,nati,50
017195,Verolanuova,2022,nati,42
017195,Verolanuova,2023,nati,50
017195,Verolanuova,2024,nati,55
017195,Verolanuova,2019,popolazione_censita,8076
017195,Verolanuova,2020,popolazione_censita,8048
017195,Verolanuova,2021,popolazione_censita,8018
017195,Verolanuova,2022,popolazione_censita,8056
017195,Verolanuova,2023,popolazione_censita,8074
017195,Verolanuova,2024,popolazione_censita,8118
017195,Verolanuova,2019,popolazione_fine,8074
017195,Verolanuova,2020,popolazione_fine,8002
017195,Verolanuova,2021,popolazione_fine,8053
017195,Verolanuova,2022,popolazione_fine,8051
017195,Verolanuova,2023,popolazione_fine,8067
017195,Verolanuova,2024,popolazione_fine,8121
017195,Verolanuova,2019,popolazione_inizio,8104
017195,Verolanuova,2020,popolazione_inizio,8076
017195,Verolanuova,2021,popolazione_inizio,8048
017195,Verolanuova,2022,popolazione_inizio,8018
017195,Verolanuova,2023,popolazione_inizio,8056
017195,Verolanuova,2024,popolazione_inizio,8074
017195,Verolanuova,2019,variazioni_territoriali,0
017195,Verolanuova,2020,variazioni_territoriali,0
017195,Verolanuova,2021,variazioni_territoriali,0
017195,Verolanuova,2022,variazioni_territoriali,0
017195,Verolanuova,2023,variazioni_territoriali,0
017195,Verolanuova,2024,variazioni_territoriali,0
017196,Verolavecchia,2019,aggiustamento_statistico,-15
017196,Verolavecchia,2020,aggiustamento_statistico,-9
017196,Verolavecchia,2021,aggiustamento_statistico,-8
017196,Verolavecchia,2022,aggiustamento_statistico,5
017196,Verolavecchia,2023,aggiustamento_statistico,-5
017196,Verolavecchia,2024,aggiustamento_statistico,3
017196,Verolavecchia,2019,emigrati_estero,13
017196,Verolavecchia,2020,emigrati_estero,5
017196,Verolavecchia,2021,emigrati_estero,6
017196,Verolavecchia,2022,emigrati_estero,7
017196,Verolavecchia,2023,emigrati_estero,12
017196,Verolavecchia,2024,emigrati_estero,15
017196,Verolavecchia,2019,emigrati_interni,78
017196,Verolavecchia,2020,emigrati_interni,93
017196,Verolavecchia,2021,emigrati_interni,105
017196,Verolavecchia,2022,emigrati_interni,114
017196,Verolavecchia,2023,emigrati_interni,121
017196,Verolavecchia,2024,emigrati_interni,81
017196,Verolavecchia,2019,immigrati_estero,17
017196,Verolavecchia,2020,immigrati_estero,14
017196,Verolavecchia,2021,immigrati_estero,16
017196,Verolavecchia,2022,immigrati_estero,34
017196,Verolavecchia,2023,immigrati_estero,13
017196,Verolavecchia,2024,immigrati_estero,19
017196,Verolavecchia,2019,immigrati_interni,113
017196,Verolavecchia,2020,immigrati_interni,116
017196,Verolavecchia,2021,immigrati_interni,116
017196,Verolavecchia,2022,immigrati_interni,150
017196,Verolavecchia,2023,immigrati_interni,132
017196,Verolavecchia,2024,immigrati_interni,146
017196,Verolavecchia,2019,morti,43
017196,Verolavecchia,2020,morti,52
017196,Verolavecchia,2021,morti,36
017196,Verolavecchia,2022,morti,36
017196,Verolavecchia,2023,morti,42
017196,Verolavecchia,2024,morti,41
017196,Verolavecchia,2019,nati,30
017196,Verolavecchia,2020,nati,27
017196,Verolavecchia,2021,nati,23
017196,Verolavecchia,2022,nati,28
017196,Verolavecchia,2023,nati,29
017196,Verolavecchia,2024,nati,27
017196,Verolavecchia,2019,popolazione_censita,3756
017196,Verolavecchia,2020,popolazione_censita,3754
017196,Verolavecchia,2021,popolazione_censita,3754
017196,Verolavecchia,2022,popolazione_censita,3814
017196,Verolavecchia,2023,popolazione_censita,3808
017196,Verolavecchia,2024,popolazione_censita,3866
017196,Verolavecchia,2019,popolazione_fine,3771
017196,Verolavecchia,2020,popolazione_fine,3763
017196,Verolavecchia,2021,popolazione_fine,3762
017196,Verolavecchia,2022,popolazione_fine,3809
017196,Verolavecchia,2023,popolazione_fine,3813
017196,Verolavecchia,2024,popolazione_fine,3863
017196,Verolavecchia,2019,popolazione_inizio,3745
017196,Verolavecchia,2020,popolazione_inizio,3756
017196,Verolavecchia,2021,popolazione_inizio,3754
017196,Verolavecchia,2022,popolazione_inizio,3754
017196,Verolavecchia,2023,popolazione_inizio,3814
017196,Verolavecchia,2024,popolazione_inizio,3808
017196,Verolavecchia,2019,variazioni_territoriali,0
017196,Verolavecchia,2020,variazioni_territoriali,0
017196,Verolavecchia,2021,variazioni_territoriali,0
017196,Verolavecchia,2022,variazioni_territoriali,0
017196,Verolavecchia,2023,variazioni_territoriali,0
017196,Verolavecchia,2024,variazioni_territoriali,0
017197,Vestone,2019,aggiustamento_statistico,-9
017197,Vestone,2020,aggiustamento_statistico,10
017197,Vestone,2021,aggiustamento_statistico,3
017197,Vestone,2022,aggiustamento_statistico,5
017197,Vestone,2023,aggiustamento_statistico,1
017197,Vestone,2024,aggiustamento_statistico,0
017197,Vestone,2019,emigrati_estero,7
017197,Vestone,2020,emigrati_estero,15
017197,Vestone,2021,emigrati_estero,6
017197,Vestone,2022,emigrati_estero,9
017197,Vestone,2023,emigrati_estero,18
017197,Vestone,2024,emigrati_estero,8
017197,Vestone,2019,emigrati_interni,116
017197,Vestone,2020,emigrati_interni,101
017197,Vestone,2021,emigrati_interni,143
017197,Vestone,2022,emigrati_interni,120
017197,Vestone,2023,emigrati_interni,129
017197,Vestone,2024,emigrati_interni,96
017197,Vestone,2019,immigrati_estero,29
017197,Vestone,2020,immigrati_estero,26
017197,Vestone,2021,immigrati_estero,22
017197,Vestone,2022,immigrati_estero,18
017197,Vestone,2023,immigrati_estero,26
017197,Vestone,2024,immigrati_estero,32
017197,Vestone,2019,immigrati_interni,90
017197,Vestone,2020,immigrati_interni,88
017197,Vestone,2021,immigrati_interni,123
017197,Vestone,2022,immigrati_interni,88
017197,Vestone,2023,immigrati_interni,108
017197,Vestone,2024,immigrati_interni,125
017197,Vestone,2019,morti,59
017197,Vestone,2020,morti,66
017197,Vestone,2021,morti,59
017197,Vestone,2022,morti,45
017197,Vestone,2023,morti,42
017197,Vestone,2024,morti,47
017197,Vestone,2019,nati,36
017197,Vestone,2020,nati,24
017197,Vestone,2021,nati,25
017197,Vestone,2022,nati,27
017197,Vestone,2023,nati,25
017197,Vestone,2024,nati,25
017197,Vestone,2019,popolazione_censita,4250
017197,Vestone,2020,popolazione_censita,4216
017197,Vestone,2021,popolazione_censita,4181
017197,Vestone,2022,popolazione_censita,4145
017197,Vestone,2023,popolazione_censita,4116
017197,Vestone,2024,popolazione_censita,4147
017197,Vestone,2019,popolazione_fine,4259
017197,Vestone,2020,popolazione_fine,4206
017197,Vestone,2021,popolazione_fine,4178
017197,Vestone,2022,popolazione_fine,4140
017197,Vestone,2023,popolazione_fine,4115
017197,Vestone,2024,popolazione_fine,4147
017197,Vestone,2019,popolazione_inizio,4286
017197,Vestone,2020,popolazione_inizio,4250
017197,Vestone,2021,popolazione_inizio,4216
017197,Vestone,2022,popolazione_inizio,4181
017197,Vestone,2023,popolazione_inizio,4145
017197,Vestone,2024,popolazione_inizio,4116
017197,Vestone,2019,variazioni_territoriali,0
017197,Vestone,2020,variazioni_territoriali,0
017197,Vestone,2021,variazioni_territoriali,0
017197,Vestone,2022,variazioni_territoriali,0
017197,Vestone,2023,variazioni_territoriali,0
017197,Vestone,2024,variazioni_territoriali,0
017198,Vezza d'Oglio,2019,aggiustamento_statistico,-2
017198,Vezza d'Oglio,2020,aggiustamento_statistico,-4
017198,Vezza d'Oglio,2021,aggiustamento_statistico,-2
017198,Vezza d'Oglio,2022,aggiustamento_statistico,0
017198,Vezza d'Oglio,2023,aggiustamento_statistico,-4
017198,Vezza d'Oglio,2024,aggiustamento_statistico,-1
017198,Vezza d'Oglio,2019,emigrati_estero,4
017198,Vezza d'Oglio,2020,emigrati_estero,2
017198,Vezza d'Oglio,2021,emigrati_estero,0
017198,Vezza d'Oglio,2022,emigrati_estero,0
017198,Vezza d'Oglio,2023,emigrati_estero,4
017198,Vezza d'Oglio,2024,emigrati_estero,9
017198,Vezza d'Oglio,2019,emigrati_interni,23
017198,Vezza d'Oglio,2020,emigrati_interni,19
017198,Vezza d'Oglio,2021,emigrati_interni,29
017198,Vezza d'Oglio,2022,emigrati_interni,31
017198,Vezza d'Oglio,2023,emigrati_interni,25
017198,Vezza d'Oglio,2024,emigrati_interni,29
017198,Vezza d'Oglio,2019,immigrati_estero,1
017198,Vezza d'Oglio,2020,immigrati_estero,3
017198,Vezza d'Oglio,2021,immigrati_estero,9
017198,Vezza d'Oglio,2022,immigrati_estero,3
017198,Vezza d'Oglio,2023,immigrati_estero,25
017198,Vezza d'Oglio,2024,immigrati_estero,3
017198,Vezza d'Oglio,2019,immigrati_interni,30
017198,Vezza d'Oglio,2020,immigrati_interni,32
017198,Vezza d'Oglio,2021,immigrati_interni,32
017198,Vezza d'Oglio,2022,immigrati_interni,29
017198,Vezza d'Oglio,2023,immigrati_interni,38
017198,Vezza d'Oglio,2024,immigrati_interni,25
017198,Vezza d'Oglio,2019,morti,11
017198,Vezza d'Oglio,2020,morti,17
017198,Vezza d'Oglio,2021,morti,11
017198,Vezza d'Oglio,2022,morti,15
017198,Vezza d'Oglio,2023,morti,23
017198,Vezza d'Oglio,2024,morti,15
017198,Vezza d'Oglio,2019,nati,17
017198,Vezza d'Oglio,2020,nati,10
017198,Vezza d'Oglio,2021,nati,9
017198,Vezza d'Oglio,2022,nati,6
017198,Vezza d'Oglio,2023,nati,8
017198,Vezza d'Oglio,2024,nati,15
017198,Vezza d'Oglio,2019,popolazione_censita,1462
017198,Vezza d'Oglio,2020,popolazione_censita,1465
017198,Vezza d'Oglio,2021,popolazione_censita,1473
017198,Vezza d'Oglio,2022,popolazione_censita,1465
017198,Vezza d'Oglio,2023,popolazione_censita,1480
017198,Vezza d'Oglio,2024,popolazione_censita,1469
017198,Vezza d'Oglio,2019,popolazione_fine,1464
017198,Vezza d'Oglio,2020,popolazione_fine,1469
017198,Vezza d'Oglio,2021,popolazione_fine,1475
017198,Vezza d'Oglio,2022,popolazione_fine,1465
017198,Vezza d'Oglio,2023,popolazione_fine,1484
017198,Vezza d'Oglio,2024,popolazione_fine,1470
017198,Vezza d'Oglio,2019,popolazione_inizio,1454
017198,Vezza d'Oglio,2020,popolazione_inizio,1462
017198,Vezza d'Oglio,2021,popolazione_inizio,1465
017198,Vezza d'Oglio,2022,popolazione_inizio,1473
017198,Vezza d'Oglio,2023,popolazione_inizio,1465
017198,Vezza d'Oglio,2024,popolazione_inizio,1480
017198,Vezza d'Oglio,2019,variazioni_territoriali,0
017198,Vezza d'Oglio,2020,variazioni_territoriali,0
017198,Vezza d'Oglio,2021,variazioni_territoriali,0
017198,Vezza d'Oglio,2022,variazioni_territoriali,0
017198,Vezza d'Oglio,2023,variazioni_territoriali,0
017198,Vezza d'Oglio,2024,variazioni_territoriali,0
017199,Villa Carcina,2019,aggiustamento_statistico,-20
017199,Villa Carcina,2020,aggiustamento_statistico,122
017199,Villa Carcina,2021,aggiustamento_statistico,-6
017199,Villa Carcina,2022,aggiustamento_statistico,7
017199,Villa Carcina,2023,aggiustamento_statistico,-9
017199,Villa Carcina,2024,aggiustamento_statistico,-17
017199,Villa Carcina,2019,emigrati_estero,32
017199,Villa Carcina,2020,emigrati_estero,35
017199,Villa Carcina,2021,emigrati_estero,25
017199,Villa Carcina,2022,emigrati_estero,36
017199,Villa Carcina,2023,emigrati_estero,37
017199,Villa Carcina,2024,emigrati_estero,22
017199,Villa Carcina,2019,emigrati_interni,374
017199,Villa Carcina,2020,emigrati_interni,379
017199,Villa Carcina,2021,emigrati_interni,330
017199,Villa Carcina,2022,emigrati_interni,368
017199,Villa Carcina,2023,emigrati_interni,310
017199,Villa Carcina,2024,emigrati_interni,283
017199,Villa Carcina,2019,immigrati_estero,37
017199,Villa Carcina,2020,immigrati_estero,38
017199,Villa Carcina,2021,immigrati_estero,77
017199,Villa Carcina,2022,immigrati_estero,45
017199,Villa Carcina,2023,immigrati_estero,84
017199,Villa Carcina,2024,immigrati_estero,53
017199,Villa Carcina,2019,immigrati_interni,385
017199,Villa Carcina,2020,immigrati_interni,296
017199,Villa Carcina,2021,immigrati_interni,402
017199,Villa Carcina,2022,immigrati_interni,320
017199,Villa Carcina,2023,immigrati_interni,354
017199,Villa Carcina,2024,immigrati_interni,326
017199,Villa Carcina,2019,morti,108
017199,Villa Carcina,2020,morti,132
017199,Villa Carcina,2021,morti,109
017199,Villa Carcina,2022,morti,104
017199,Villa Carcina,2023,morti,97
017199,Villa Carcina,2024,morti,103
017199,Villa Carcina,2019,nati,94
017199,Villa Carcina,2020,nati,81
017199,Villa Carcina,2021,nati,91
017199,Villa Carcina,2022,nati,75
017199,Villa Carcina,2023,nati,82
017199,Villa Carcina,2024,nati,74
017199,Villa Carcina,2019,popolazione_censita,10603
017199,Villa Carcina,2020,popolazione_censita,10594
017199,Villa Carcina,2021,popolazione_censita,10694
017199,Villa Carcina,2022,popolazione_censita,10633
017199,Villa Carcina,2023,popolazione_censita,10700
017199,Villa Carcina,2024,popolazione_censita,10728
017199,Villa Carcina,2019,popolazione_fine,10623
017199,Villa Carcina,2020,popolazione_fine,10472
017199,Villa Carcina,2021,popolazione_fine,10700
017199,Villa Carcina,2022,popolazione_fine,10626
017199,Villa Carcina,2023,popolazione_fine,10709
017199,Villa Carcina,2024,popolazione_fine,10745
017199,Villa Carcina,2019,popolazione_inizio,10621
017199,Villa Carcina,2020,popolazione_inizio,10603
017199,Villa Carcina,2021,popolazione_inizio,10594
017199,Villa Carcina,2022,popolazione_inizio,10694
017199,Villa Carcina,2023,popolazione_inizio,10633
017199,Villa Carcina,2024,popolazione_inizio,10700
017199,Villa Carcina,2019,variazioni_territoriali,0
017199,Villa Carcina,2020,variazioni_territoriali,0
017199,Villa Carcina,2021,variazioni_territoriali,0
017199,Villa Carcina,2022,variazioni_territoriali,0
017199,Villa Carcina,2023,variazioni_territoriali,0
017199,Villa Carcina,2024,variazioni_territoriali,0
017200,Villachiara,2019,aggiustamento_statistico,1
017200,Villachiara,2020,aggiustamento_statistico,-8
017200,Villachiara,2021,aggiustamento_statistico,2
017200,Villachiara,2022,aggiustamento_statistico,0
017200,Villachiara,2023,aggiustamento_statistico,2
017200,Villachiara,2024,aggiustamento_statistico,0
017200,Villachiara,2019,emigrati_estero,9
017200,Villachiara,2020,emigrati_estero,7
017200,Villachiara,2021,emigrati_estero,11
017200,Villachiara,2022,emigrati_estero,3
017200,Villachiara,2023,emigrati_estero,2
017200,Villachiara,2024,emigrati_estero,4
017200,Villachiara,2019,emigrati_interni,56
017200,Villachiara,2020,emigrati_interni,39
017200,Villachiara,2021,emigrati_interni,36
017200,Villachiara,2022,emigrati_interni,52
017200,Villachiara,2023,emigrati_interni,47
017200,Villachiara,2024,emigrati_interni,54
017200,Villachiara,2019,immigrati_estero,5
017200,Villachiara,2020,immigrati_estero,1
017200,Villachiara,2021,immigrati_estero,4
017200,Villachiara,2022,immigrati_estero,10
017200,Villachiara,2023,immigrati_estero,8
017200,Villachiara,2024,immigrati_estero,10
017200,Villachiara,2019,immigrati_interni,34
017200,Villachiara,2020,immigrati_interni,34
017200,Villachiara,2021,immigrati_interni,35
017200,Villachiara,2022,immigrati_interni,49
017200,Villachiara,2023,immigrati_interni,49
017200,Villachiara,2024,immigrati_interni,40
017200,Villachiara,2019,morti,12
017200,Villachiara,2020,morti,18
017200,Villachiara,2021,morti,5
017200,Villachiara,2022,morti,12
017200,Villachiara,2023,morti,13
017200,Villachiara,2024,morti,10
017200,Villachiara,2019,nati,13
017200,Villachiara,2020,nati,11
017200,Villachiara,2021,nati,11
017200,Villachiara,2022,nati,10
017200,Villachiara,2023,nati,10
017200,Villachiara,2024,nati,4
017200,Villachiara,2019,popolazione_censita,1386
017200,Villachiara,2020,popolazione_censita,1360
017200,Villachiara,2021,popolazione_censita,1360
017200,Villachiara,2022,popolazione_censita,1362
017200,Villachiara,2023,popolazione_censita,1369
017200,Villachiara,2024,popolazione_censita,1355
017200,Villachiara,2019,popolazione_fine,1385
017200,Villachiara,2020,popolazione_fine,1368
017200,Villachiara,2021,popolazione_fine,1358
017200,Villachiara,2022,popolazione_fine,1362
017200,Villachiara,2023,popolazione_fine,1367
017200,Villachiara,2024,popolazione_fine,1355
017200,Villachiara,2019,popolazione_inizio,1410
017200,Villachiara,2020,popolazione_inizio,1386
017200,Villachiara,2021,popolazione_inizio,1360
017200,Villachiara,2022,popolazione_inizio,1360
017200,Villachiara,2023,popolazione_inizio,1362
017200,Villachiara,2024,popolazione_inizio,1369
017200,Villachiara,2019,variazioni_territoriali,0
017200,Villachiara,2020,variazioni_territoriali,0
017200,Villachiara,2021,variazioni_territoriali,0
017200,Villachiara,2022,variazioni_territoriali,0
017200,Villachiara,2023,variazioni_territoriali,0
017200,Villachiara,2024,variazioni_territoriali,0
017201,Villanuova sul Clisi,2019,aggiustamento_statistico,-28
017201,Villanuova sul Clisi,2020,aggiustamento_statistico,-3
017201,Villanuova sul Clisi,2021,aggiustamento_statistico,7
017201,Villanuova sul Clisi,2022,aggiustamento_statistico,-22
017201,Villanuova sul Clisi,2023,aggiustamento_statistico,-17
017201,Villanuova sul Clisi,2024,aggiustamento_statistico,-9
017201,Villanuova sul Clisi,2019,emigrati_estero,33
017201,Villanuova sul Clisi,2020,emigrati_estero,51
017201,Villanuova sul Clisi,2021,emigrati_estero,39
017201,Villanuova sul Clisi,2022,emigrati_estero,32
017201,Villanuova sul Clisi,2023,emigrati_estero,18
017201,Villanuova sul Clisi,2024,emigrati_estero,26
017201,Villanuova sul Clisi,2019,emigrati_interni,232
017201,Villanuova sul Clisi,2020,emigrati_interni,198
017201,Villanuova sul Clisi,2021,emigrati_interni,207
017201,Villanuova sul Clisi,2022,emigrati_interni,227
017201,Villanuova sul Clisi,2023,emigrati_interni,183
017201,Villanuova sul Clisi,2024,emigrati_interni,201
017201,Villanuova sul Clisi,2019,immigrati_estero,66
017201,Villanuova sul Clisi,2020,immigrati_estero,72
017201,Villanuova sul Clisi,2021,immigrati_estero,53
017201,Villanuova sul Clisi,2022,immigrati_estero,45
017201,Villanuova sul Clisi,2023,immigrati_estero,60
017201,Villanuova sul Clisi,2024,immigrati_estero,46
017201,Villanuova sul Clisi,2019,immigrati_interni,265
017201,Villanuova sul Clisi,2020,immigrati_interni,232
017201,Villanuova sul Clisi,2021,immigrati_interni,240
017201,Villanuova sul Clisi,2022,immigrati_interni,260
017201,Villanuova sul Clisi,2023,immigrati_interni,217
017201,Villanuova sul Clisi,2024,immigrati_interni,276
017201,Villanuova sul Clisi,2019,morti,59
017201,Villanuova sul Clisi,2020,morti,89
017201,Villanuova sul Clisi,2021,morti,56
017201,Villanuova sul Clisi,2022,morti,76
017201,Villanuova sul Clisi,2023,morti,71
017201,Villanuova sul Clisi,2024,morti,72
017201,Villanuova sul Clisi,2019,nati,33
017201,Villanuova sul Clisi,2020,nati,34
017201,Villanuova sul Clisi,2021,nati,52
017201,Villanuova sul Clisi,2022,nati,36
017201,Villanuova sul Clisi,2023,nati,50
017201,Villanuova sul Clisi,2024,nati,19
017201,Villanuova sul Clisi,2019,popolazione_censita,5787
017201,Villanuova sul Clisi,2020,popolazione_censita,5784
017201,Villanuova sul Clisi,2021,popolazione_censita,5834
017201,Villanuova sul Clisi,2022,popolazione_censita,5818
017201,Villanuova sul Clisi,2023,popolazione_censita,5856
017201,Villanuova sul Clisi,2024,popolazione_censita,5889
017201,Villanuova sul Clisi,2019,popolazione_fine,5815
017201,Villanuova sul Clisi,2020,popolazione_fine,5787
017201,Villanuova sul Clisi,2021,popolazione_fine,5827
017201,Villanuova sul Clisi,2022,popolazione_fine,5840
017201,Villanuova sul Clisi,2023,popolazione_fine,5873
017201,Villanuova sul Clisi,2024,popolazione_fine,5898
017201,Villanuova sul Clisi,2019,popolazione_inizio,5775
017201,Villanuova sul Clisi,2020,popolazione_inizio,5787
017201,Villanuova sul Clisi,2021,popolazione_inizio,5784
017201,Villanuova sul Clisi,2022,popolazione_inizio,5834
017201,Villanuova sul Clisi,2023,popolazione_inizio,5818
017201,Villanuova sul Clisi,2024,popolazione_inizio,5856
017201,Villanuova sul Clisi,2019,variazioni_territoriali,0
017201,Villanuova sul Clisi,2020,variazioni_territoriali,0
017201,Villanuova sul Clisi,2021,variazioni_territoriali,0
017201,Villanuova sul Clisi,2022,variazioni_territoriali,0
017201,Villanuova sul Clisi,2023,variazioni_territoriali,0
017201,Villanuova sul Clisi,2024,variazioni_territoriali,0
017202,Vione,2019,aggiustamento_statistico,-1
017202,Vione,2020,aggiustamento_statistico,-3
017202,Vione,2021,aggiustamento_statistico,0
017202,Vione,2022,aggiustamento_statistico,0
017202,Vione,2023,aggiustamento_statistico,0
017202,Vione,2024,aggiustamento_statistico,0
017202,Vione,2019,emigrati_estero,2
017202,Vione,2020,emigrati_estero,1
017202,Vione,2021,emigrati_estero,0
017202,Vione,2022,emigrati_estero,0
017202,Vione,2023,emigrati_estero,2
017202,Vione,2024,emigrati_estero,1
017202,Vione,2019,emigrati_interni,11
017202,Vione,2020,emigrati_interni,13
017202,Vione,2021,emigrati_interni,13
017202,Vione,2022,emigrati_interni,16
017202,Vione,2023,emigrati_interni,3
017202,Vione,2024,emigrati_interni,14
017202,Vione,2019,immigrati_estero,1
017202,Vione,2020,immigrati_estero,1
017202,Vione,2021,immigrati_estero,1
017202,Vione,2022,immigrati_estero,2
017202,Vione,2023,immigrati_estero,2
017202,Vione,2024,immigrati_estero,1
017202,Vione,2019,immigrati_interni,8
017202,Vione,2020,immigrati_interni,6
017202,Vione,2021,immigrati_interni,12
017202,Vione,2022,immigrati_interni,18
017202,Vione,2023,immigrati_interni,18
017202,Vione,2024,immigrati_interni,9
017202,Vione,2019,morti,12
017202,Vione,2020,morti,16
017202,Vione,2021,morti,9
017202,Vione,2022,morti,13
017202,Vione,2023,morti,11
017202,Vione,2024,morti,10
017202,Vione,2019,nati,3
017202,Vione,2020,nati,3
017202,Vione,2021,nati,2
017202,Vione,2022,nati,5
017202,Vione,2023,nati,1
017202,Vione,2024,nati,6
017202,Vione,2019,popolazione_censita,657
017202,Vione,2020,popolazione_censita,634
017202,Vione,2021,popolazione_censita,627
017202,Vione,2022,popolazione_censita,623
017202,Vione,2023,popolazione_censita,628
017202,Vione,2024,popolazione_censita,619
017202,Vione,2019,popolazione_fine,658
017202,Vione,2020,popolazione_fine,637
017202,Vione,2021,popolazione_fine,627
017202,Vione,2022,popolazione_fine,623
017202,Vione,2023,popolazione_fine,628
017202,Vione,2024,popolazione_fine,619
017202,Vione,2019,popolazione_inizio,671
017202,Vione,2020,popolazione_inizio,657
017202,Vione,2021,popolazione_inizio,634
017202,Vione,2022,popolazione_inizio,627
017202,Vione,2023,popolazione_inizio,623
017202,Vione,2024,popolazione_inizio,628
017202,Vione,2019,variazioni_territoriali,0
017202,Vione,2020,variazioni_territoriali,0
017202,Vione,2021,variazioni_territoriali,0
017202,Vione,2022,variazioni_territoriali,0
017202,Vione,2023,variazioni_territoriali,0
017202,Vione,2024,variazioni_territoriali,0
017203,Visano,2019,aggiustamento_statistico,-2
017203,Visano,2020,aggiustamento_statistico,-3
017203,Visano,2021,aggiustamento_statistico,5
017203,Visano,2022,aggiustamento_statistico,3
017203,Visano,2023,aggiustamento_statistico,1
017203,Visano,2024,aggiustamento_statistico,-3
017203,Visano,2019,emigrati_estero,2
017203,Visano,2020,emigrati_estero,10
017203,Visano,2021,emigrati_estero,9
017203,Visano,2022,emigrati_estero,13
017203,Visano,2023,emigrati_estero,7
017203,Visano,2024,emigrati_estero,10
017203,Visano,2019,emigrati_interni,24
017203,Visano,2020,emigrati_interni,34
017203,Visano,2021,emigrati_interni,76
017203,Visano,2022,emigrati_interni,54
017203,Visano,2023,emigrati_interni,55
017203,Visano,2024,emigrati_interni,59
017203,Visano,2019,immigrati_estero,9
017203,Visano,2020,immigrati_estero,2
017203,Visano,2021,immigrati_estero,17
017203,Visano,2022,immigrati_estero,12
017203,Visano,2023,immigrati_estero,4
017203,Visano,2024,immigrati_estero,25
017203,Visano,2019,immigrati_interni,41
017203,Visano,2020,immigrati_interni,42
017203,Visano,2021,immigrati_interni,51
017203,Visano,2022,immigrati_interni,48
017203,Visano,2023,immigrati_interni,45
017203,Visano,2024,immigrati_interni,60
017203,Visano,2019,morti,11
017203,Visano,2020,morti,13
017203,Visano,2021,morti,11
017203,Visano,2022,morti,17
017203,Visano,2023,morti,7
017203,Visano,2024,morti,14
017203,Visano,2019,nati,20
017203,Visano,2020,nati,18
017203,Visano,2021,nati,15
017203,Visano,2022,nati,11
017203,Visano,2023,nati,13
017203,Visano,2024,nati,15
017203,Visano,2019,popolazione_censita,1998
017203,Visano,2020,popolazione_censita,2000
017203,Visano,2021,popolazione_censita,1992
017203,Visano,2022,popolazione_censita,1982
017203,Visano,2023,popolazione_censita,1976
017203,Visano,2024,popolazione_censita,1990
017203,Visano,2019,popolazione_fine,2000
017203,Visano,2020,popolazione_fine,2003
017203,Visano,2021,popolazione_fine,1987
017203,Visano,2022,popolazione_fine,1979
017203,Visano,2023,popolazione_fine,1975
017203,Visano,2024,popolazione_fine,1993
017203,Visano,2019,popolazione_inizio,1967
017203,Visano,2020,popolazione_inizio,1998
017203,Visano,2021,popolazione_inizio,2000
017203,Visano,2022,popolazione_inizio,1992
017203,Visano,2023,popolazione_inizio,1982
017203,Visano,2024,popolazione_inizio,1976
017203,Visano,2019,variazioni_territoriali,0
017203,Visano,2020,variazioni_territoriali,0
017203,Visano,2021,variazioni_territoriali,0
017203,Visano,2022,variazioni_territoriali,0
017203,Visano,2023,variazioni_territoriali,0
017203,Visano,2024,variazioni_territoriali,0
017204,Vobarno,2019,aggiustamento_statistico,-10
017204,Vobarno,2020,aggiustamento_statistico,-9
017204,Vobarno,2021,aggiustamento_statistico,-27
017204,Vobarno,2022,aggiustamento_statistico,15
017204,Vobarno,2023,aggiustamento_statistico,-7
017204,Vobarno,2024,aggiustamento_statistico,-6
017204,Vobarno,2019,emigrati_estero,27
017204,Vobarno,2020,emigrati_estero,34
017204,Vobarno,2021,emigrati_estero,39
017204,Vobarno,2022,emigrati_estero,43
017204,Vobarno,2023,emigrati_estero,14
017204,Vobarno,2024,emigrati_estero,16
017204,Vobarno,2019,emigrati_interni,206
017204,Vobarno,2020,emigrati_interni,203
017204,Vobarno,2021,emigrati_interni,215
017204,Vobarno,2022,emigrati_interni,198
017204,Vobarno,2023,emigrati_interni,257
017204,Vobarno,2024,emigrati_interni,253
017204,Vobarno,2019,immigrati_estero,49
017204,Vobarno,2020,immigrati_estero,60
017204,Vobarno,2021,immigrati_estero,86
017204,Vobarno,2022,immigrati_estero,48
017204,Vobarno,2023,immigrati_estero,82
017204,Vobarno,2024,immigrati_estero,123
017204,Vobarno,2019,immigrati_interni,299
017204,Vobarno,2020,immigrati_interni,227
017204,Vobarno,2021,immigrati_interni,288
017204,Vobarno,2022,immigrati_interni,250
017204,Vobarno,2023,immigrati_interni,285
017204,Vobarno,2024,immigrati_interni,295
017204,Vobarno,2019,morti,99
017204,Vobarno,2020,morti,107
017204,Vobarno,2021,morti,103
017204,Vobarno,2022,morti,92
017204,Vobarno,2023,morti,88
017204,Vobarno,2024,morti,86
017204,Vobarno,2019,nati,70
017204,Vobarno,2020,nati,75
017204,Vobarno,2021,nati,68
017204,Vobarno,2022,nati,69
017204,Vobarno,2023,nati,62
017204,Vobarno,2024,nati,63
017204,Vobarno,2019,popolazione_censita,8190
017204,Vobarno,2020,popolazione_censita,8199
017204,Vobarno,2021,popolazione_censita,8257
017204,Vobarno,2022,popolazione_censita,8306
017204,Vobarno,2023,popolazione_censita,8369
017204,Vobarno,2024,popolazione_censita,8489
017204,Vobarno,2019,popolazione_fine,8200
017204,Vobarno,2020,popolazione_fine,8208
017204,Vobarno,2021,popolazione_fine,8284
017204,Vobarno,2022,popolazione_fine,8291
017204,Vobarno,2023,popolazione_fine,8376
017204,Vobarno,2024,popolazione_fine,8495
017204,Vobarno,2019,popolazione_inizio,8114
017204,Vobarno,2020,popolazione_inizio,8190
017204,Vobarno,2021,popolazione_inizio,8199
017204,Vobarno,2022,popolazione_inizio,8257
017204,Vobarno,2023,popolazione_inizio,8306
017204,Vobarno,2024,popolazione_inizio,8369
017204,Vobarno,2019,variazioni_territoriali,0
017204,Vobarno,2020,variazioni_territoriali,0
017204,Vobarno,2021,variazioni_territoriali,0
017204,Vobarno,2022,variazioni_territoriali,0
017204,Vobarno,2023,variazioni_territoriali,0
017204,Vobarno,2024,variazioni_territoriali,0
017205,Zone,2019,aggiustamento_statistico,-9
017205,Zone,2020,aggiustamento_statistico,-9
017205,Zone,2021,aggiustamento_statistico,9
017205,Zone,2022,aggiustamento_statistico,-1
017205,Zone,2023,aggiustamento_statistico,-3
017205,Zone,2024,aggiustamento_statistico,3
017205,Zone,2019,emigrati_estero,0
017205,Zone,2020,emigrati_estero,0
017205,Zone,2021,emigrati_estero,0
017205,Zone,2022,emigrati_estero,4
017205,Zone,2023,emigrati_estero,0
017205,Zone,2024,emigrati_estero,8
017205,Zone,2019,emigrati_interni,10
017205,Zone,2020,emigrati_interni,28
017205,Zone,2021,emigrati_interni,25
017205,Zone,2022,emigrati_interni,31
017205,Zone,2023,emigrati_interni,24
017205,Zone,2024,emigrati_interni,28
017205,Zone,2019,immigrati_estero,1
017205,Zone,2020,immigrati_estero,0
017205,Zone,2021,immigrati_estero,6
017205,Zone,2022,immigrati_estero,4
017205,Zone,2023,immigrati_estero,6
017205,Zone,2024,immigrati_estero,10
017205,Zone,2019,immigrati_interni,30
017205,Zone,2020,immigrati_interni,17
017205,Zone,2021,immigrati_interni,36
017205,Zone,2022,immigrati_interni,26
017205,Zone,2023,immigrati_interni,39
017205,Zone,2024,immigrati_interni,39
017205,Zone,2019,morti,12
017205,Zone,2020,morti,16
017205,Zone,2021,morti,15
017205,Zone,2022,morti,15
017205,Zone,2023,morti,16
017205,Zone,2024,morti,11
017205,Zone,2019,nati,5
017205,Zone,2020,nati,3
017205,Zone,2021,nati,6
017205,Zone,2022,nati,3
017205,Zone,2023,nati,2
017205,Zone,2024,nati,2
017205,Zone,2019,popolazione_censita,1055
017205,Zone,2020,popolazione_censita,1022
017205,Zone,2021,popolazione_censita,1039
017205,Zone,2022,popolazione_censita,1021
017205,Zone,2023,popolazione_censita,1025
017205,Zone,2024,popolazione_censita,1032
017205,Zone,2019,popolazione_fine,1064
017205,Zone,2020,popolazione_fine,1031
017205,Zone,2021,popolazione_fine,1030
017205,Zone,2022,popolazione_fine,1022
017205,Zone,2023,popolazione_fine,1028
017205,Zone,2024,popolazione_fine,1029
017205,Zone,2019,popolazione_inizio,1050
017205,Zone,2020,popolazione_inizio,1055
017205,Zone,2021,popolazione_inizio,1022
017205,Zone,2022,popolazione_inizio,1039
017205,Zone,2023,popolazione_inizio,1021
017205,Zone,2024,popolazione_inizio,1025
017205,Zone,2019,variazioni_territoriali,0
017205,Zone,2020,variazioni_territoriali,0
017205,Zone,2021,variazioni_territoriali,0
017205,Zone,2022,variazioni_territoriali,0
017205,Zone,2023,variazioni_territoriali,0
017205,Zone,2024,variazioni_territoriali,0
017206,Piancogno,2019,aggiustamento_statistico,-23
017206,Piancogno,2020,aggiustamento_statistico,2
017206,Piancogno,2021,aggiustamento_statistico,13
017206,Piancogno,2022,aggiustamento_statistico,-2
017206,Piancogno,2023,aggiustamento_statistico,-1
017206,Piancogno,2024,aggiustamento_statistico,2
017206,Piancogno,2019,emigrati_estero,18
017206,Piancogno,2020,emigrati_estero,19
017206,Piancogno,2021,emigrati_estero,25
017206,Piancogno,2022,emigrati_estero,13
017206,Piancogno,2023,emigrati_estero,13
017206,Piancogno,2024,emigrati_estero,16
017206,Piancogno,2019,emigrati_interni,143
017206,Piancogno,2020,emigrati_interni,106
017206,Piancogno,2021,emigrati_interni,171
017206,Piancogno,2022,emigrati_interni,129
017206,Piancogno,2023,emigrati_interni,156
017206,Piancogno,2024,emigrati_interni,129
017206,Piancogno,2019,immigrati_estero,52
017206,Piancogno,2020,immigrati_estero,30
017206,Piancogno,2021,immigrati_estero,24
017206,Piancogno,2022,immigrati_estero,43
017206,Piancogno,2023,immigrati_estero,55
017206,Piancogno,2024,immigrati_estero,43
017206,Piancogno,2019,immigrati_interni,155
017206,Piancogno,2020,immigrati_interni,144
017206,Piancogno,2021,immigrati_interni,210
017206,Piancogno,2022,immigrati_interni,160
017206,Piancogno,2023,immigrati_interni,109
017206,Piancogno,2024,immigrati_interni,114
017206,Piancogno,2019,morti,41
017206,Piancogno,2020,morti,59
017206,Piancogno,2021,morti,54
017206,Piancogno,2022,morti,56
017206,Piancogno,2023,morti,31
017206,Piancogno,2024,morti,42
017206,Piancogno,2019,nati,36
017206,Piancogno,2020,nati,33
017206,Piancogno,2021,nati,36
017206,Piancogno,2022,nati,37
017206,Piancogno,2023,nati,29
017206,Piancogno,2024,nati,37
017206,Piancogno,2019,popolazione_censita,4684
017206,Piancogno,2020,popolazione_censita,4709
017206,Piancogno,2021,popolazione_censita,4742
017206,Piancogno,2022,popolazione_censita,4782
017206,Piancogno,2023,popolazione_censita,4774
017206,Piancogno,2024,popolazione_censita,4783
017206,Piancogno,2019,popolazione_fine,4707
017206,Piancogno,2020,popolazione_fine,4707
017206,Piancogno,2021,popolazione_fine,4729
017206,Piancogno,2022,popolazione_fine,4784
017206,Piancogno,2023,popolazione_fine,4775
017206,Piancogno,2024,popolazione_fine,4781
017206,Piancogno,2019,popolazione_inizio,4666
017206,Piancogno,2020,popolazione_inizio,4684
017206,Piancogno,2021,popolazione_inizio,4709
017206,Piancogno,2022,popolazione_inizio,4742
017206,Piancogno,2023,popolazione_inizio,4782
017206,Piancogno,2024,popolazione_inizio,4774
017206,Piancogno,2019,variazioni_territoriali,0
017206,Piancogno,2020,variazioni_territoriali,0
017206,Piancogno,2021,variazioni_territoriali,0
017206,Piancogno,2022,variazioni_territoriali,0
017206,Piancogno,2023,variazioni_territoriali,0
017206,Piancogno,2024,variazioni_territoriali,0
