codice_provincia,provincia,regione,anno,indicatore,valore
001,Torino,Piemonte,2019,aggiustamento_statistico,-6904
001,Torino,Piemonte,2020,aggiustamento_statistico,1137
001,Torino,Piemonte,2021,aggiustamento_statistico,-853
001,Torino,Piemonte,2022,aggiustamento_statistico,2244
001,Torino,Piemonte,2023,aggiustamento_statistico,-1428
001,Torino,Piemonte,2024,aggiustamento_statistico,-550
001,Torino,Piemonte,2019,emigrati_estero,5016
001,Torino,Piemonte,2020,emigrati_estero,6377
001,Torino,Piemonte,2021,emigrati_estero,6356
001,Torino,Piemonte,2022,emigrati_estero,6243
001,Torino,Piemonte,2023,emigrati_estero,6467
001,Torino,Piemonte,2024,emigrati_estero,8090
001,Torino,Piemonte,2019,emigrati_interni,66481
001,Torino,Piemonte,2020,emigrati_interni,60396
001,Torino,Piemonte,2021,emigrati_interni,62787
001,Torino,Piemonte,2022,emigrati_interni,64248
001,Torino,Piemonte,2023,emigrati_interni,65750
001,Torino,Piemonte,2024,emigrati_interni,61620
001,Torino,Piemonte,2019,immigrati_estero,12675
001,Torino,Piemonte,2020,immigrati_estero,9733
001,Torino,Piemonte,2021,immigrati_estero,11124
001,Torino,Piemonte,2022,immigrati_estero,16194
001,Torino,Piemonte,2023,immigrati_estero,16639
001,Torino,Piemonte,2024,immigrati_estero,17437
001,Torino,Piemonte,2019,immigrati_interni,69360
001,Torino,Piemonte,2020,immigrati_interni,61994
001,Torino,Piemonte,2021,immigrati_interni,62323
001,Torino,Piemonte,2022,immigrati_interni,64061
001,Torino,Piemonte,2023,immigrati_interni,71314
001,Torino,Piemonte,2024,immigrati_interni,65805
001,Torino,Piemonte,2019,morti,25988
001,Torino,Piemonte,2020,morti,32134
001,Torino,Piemonte,2021,morti,28238
001,Torino,Piemonte,2022,morti,29301
001,Torino,Piemonte,2023,morti,27078
001,Torino,Piemonte,2024,morti,26331
001,Torino,Piemonte,2019,nati,14637
001,Torino,Piemonte,2020,nati,14303
001,Torino,Piemonte,2021,nati,13951
001,Torino,Piemonte,2022,nati,13555
001,Torino,Piemonte,2023,nati,12975
001,Torino,Piemonte,2024,nati,12788
001,Torino,Piemonte,2019,popolazione_censita,2230946
001,Torino,Piemonte,2020,popolazione_censita,2219206
001,Torino,Piemonte,2021,popolazione_censita,2208370
001,Torino,Piemonte,2022,popolazione_censita,2204632
001,Torino,Piemonte,2023,popolazione_censita,2204837
001,Torino,Piemonte,2024,popolazione_censita,2204276
001,Torino,Piemonte,2019,popolazione_fine,2237850
001,Torino,Piemonte,2020,popolazione_fine,2218069
001,Torino,Piemonte,2021,popolazione_fine,2209223
001,Torino,Piemonte,2022,popolazione_fine,2202388
001,Torino,Piemonte,2023,popolazione_fine,2206265
001,Torino,Piemonte,2024,popolazione_fine,2204826
001,Torino,Piemonte,2019,popolazione_inizio,2238663
001,Torino,Piemonte,2020,popolazione_inizio,2230946
001,Torino,Piemonte,2021,popolazione_inizio,2219206
001,Torino,Piemonte,2022,popolazione_inizio,2208370
001,Torino,Piemonte,2023,popolazione_inizio,2204632
001,Torino,Piemonte,2024,popolazione_inizio,2204837
001,Torino,Piemonte,2019,variazioni_territoriali,0
001,Torino,Piemonte,2020,variazioni_territoriali,0
001,Torino,Piemonte,2021,variazioni_territoriali,0
001,Torino,Piemonte,2022,variazioni_territoriali,0
001,Torino,Piemonte,2023,variazioni_territoriali,0
001,Torino,Piemonte,2024,variazioni_territoriali,0
002,Vercelli,Piemonte,2019,aggiustamento_statistico,-354
002,Vercelli,Piemonte,2020,aggiustamento_statistico,-867
002,Vercelli,Piemonte,2021,aggiustamento_statistico,73
002,Vercelli,Piemonte,2022,aggiustamento_statistico,15
002,Vercelli,Piemonte,2023,aggiustamento_statistico,-109
002,Vercelli,Piemonte,2024,aggiustamento_statistico,-111
002,Vercelli,Piemonte,2019,emigrati_estero,617
002,Vercelli,Piemonte,2020,emigrati_estero,524
002,Vercelli,Piemonte,2021,emigrati_estero,549
002,Vercelli,Piemonte,2022,emigrati_estero,436
002,Vercelli,Piemonte,2023,emigrati_estero,425
002,Vercelli,Piemonte,2024,emigrati_estero,553
002,Vercelli,Piemonte,2019,emigrati_interni,5178
002,Vercelli,Piemonte,2020,emigrati_interni,4588
002,Vercelli,Piemonte,2021,emigrati_interni,4769
002,Vercelli,Piemonte,2022,emigrati_interni,4920
002,Vercelli,Piemonte,2023,emigrati_interni,4821
002,Vercelli,Piemonte,2024,emigrati_interni,4724
002,Vercelli,Piemonte,2019,immigrati_estero,1137
002,Vercelli,Piemonte,2020,immigrati_estero,775
002,Vercelli,Piemonte,2021,immigrati_estero,1250
002,Vercelli,Piemonte,2022,immigrati_estero,1405
002,Vercelli,Piemonte,2023,immigrati_estero,1503
002,Vercelli,Piemonte,2024,immigrati_estero,1721
002,Vercelli,Piemonte,2019,immigrati_interni,5277
002,Vercelli,Piemonte,2020,immigrati_interni,4573
002,Vercelli,Piemonte,2021,immigrati_interni,5034
002,Vercelli,Piemonte,2022,immigrati_interni,5311
002,Vercelli,Piemonte,2023,immigrati_interni,5146
002,Vercelli,Piemonte,2024,immigrati_interni,5272
002,Vercelli,Piemonte,2019,morti,2411
002,Vercelli,Piemonte,2020,morti,3180
002,Vercelli,Piemonte,2021,morti,2534
002,Vercelli,Piemonte,2022,morti,2552
002,Vercelli,Piemonte,2023,morti,2426
002,Vercelli,Piemonte,2024,morti,2301
002,Vercelli,Piemonte,2019,nati,1043
002,Vercelli,Piemonte,2020,nati,1005
002,Vercelli,Piemonte,2021,nati,994
002,Vercelli,Piemonte,2022,nati,986
002,Vercelli,Piemonte,2023,nati,944
002,Vercelli,Piemonte,2024,nati,902
002,Vercelli,Piemonte,2019,popolazione_censita,169390
002,Vercelli,Piemonte,2020,popolazione_censita,166584
002,Vercelli,Piemonte,2021,popolazione_censita,166083
002,Vercelli,Piemonte,2022,popolazione_censita,165892
002,Vercelli,Piemonte,2023,popolazione_censita,165704
002,Vercelli,Piemonte,2024,popolazione_censita,165910
002,Vercelli,Piemonte,2019,popolazione_fine,169744
002,Vercelli,Piemonte,2020,popolazione_fine,167451
002,Vercelli,Piemonte,2021,popolazione_fine,166010
002,Vercelli,Piemonte,2022,popolazione_fine,165877
002,Vercelli,Piemonte,2023,popolazione_fine,165813
002,Vercelli,Piemonte,2024,popolazione_fine,166021
002,Vercelli,Piemonte,2019,popolazione_inizio,170493
002,Vercelli,Piemonte,2020,popolazione_inizio,169390
002,Vercelli,Piemonte,2021,popolazione_inizio,166584
002,Vercelli,Piemonte,2022,popolazione_inizio,166083
002,Vercelli,Piemonte,2023,popolazione_inizio,165892
002,Vercelli,Piemonte,2024,popolazione_inizio,165704
002,Vercelli,Piemonte,2019,variazioni_territoriali,0
002,Vercelli,Piemonte,2020,variazioni_territoriali,0
002,Vercelli,Piemonte,2021,variazioni_territoriali,0
002,Vercelli,Piemonte,2022,variazioni_territoriali,0
002,Vercelli,Piemonte,2023,variazioni_territoriali,0
002,Vercelli,Piemonte,2024,variazioni_territoriali,0
003,Novara,Piemonte,2019,aggiustamento_statistico,-569
003,Novara,Piemonte,2020,aggiustamento_statistico,-670
003,Novara,Piemonte,2021,aggiustamento_statistico,-789
003,Novara,Piemonte,2022,aggiustamento_statistico,147
003,Novara,Piemonte,2023,aggiustamento_statistico,-519
003,Novara,Piemonte,2024,aggiustamento_statistico,-354
003,Novara,Piemonte,2019,emigrati_estero,1206
003,Novara,Piemonte,2020,emigrati_estero,1120
003,Novara,Piemonte,2021,emigrati_estero,1298
003,Novara,Piemonte,2022,emigrati_estero,1062
003,Novara,Piemonte,2023,emigrati_estero,1094
003,Novara,Piemonte,2024,emigrati_estero,1323
003,Novara,Piemonte,2019,emigrati_interni,11574
003,Novara,Piemonte,2020,emigrati_interni,10130
003,Novara,Piemonte,2021,emigrati_interni,10928
003,Novara,Piemonte,2022,emigrati_interni,11306
003,Novara,Piemonte,2023,emigrati_interni,11080
003,Novara,Piemonte,2024,emigrati_interni,11002
003,Novara,Piemonte,2019,immigrati_estero,2268
003,Novara,Piemonte,2020,immigrati_estero,1749
003,Novara,Piemonte,2021,immigrati_estero,2603
003,Novara,Piemonte,2022,immigrati_estero,2893
003,Novara,Piemonte,2023,immigrati_estero,3379
003,Novara,Piemonte,2024,immigrati_estero,3539
003,Novara,Piemonte,2019,immigrati_interni,11951
003,Novara,Piemonte,2020,immigrati_interni,10882
003,Novara,Piemonte,2021,immigrati_interni,11433
003,Novara,Piemonte,2022,immigrati_interni,12218
003,Novara,Piemonte,2023,immigrati_interni,12205
003,Novara,Piemonte,2024,immigrati_interni,11776
003,Novara,Piemonte,2019,morti,4198
003,Novara,Piemonte,2020,morti,5168
003,Novara,Piemonte,2021,morti,4385
003,Novara,Piemonte,2022,morti,4649
003,Novara,Piemonte,2023,morti,4140
003,Novara,Piemonte,2024,morti,4190
003,Novara,Piemonte,2019,nati,2535
003,Novara,Piemonte,2020,nati,2402
003,Novara,Piemonte,2021,nati,2355
003,Novara,Piemonte,2022,nati,2345
003,Novara,Piemonte,2023,nati,2229
003,Novara,Piemonte,2024,nati,2212
003,Novara,Piemonte,2019,popolazione_censita,364980
003,Novara,Piemonte,2020,popolazione_censita,362925
003,Novara,Piemonte,2021,popolazione_censita,361916
003,Novara,Piemonte,2022,popolazione_censita,362502
003,Novara,Piemonte,2023,popolazione_censita,363482
003,Novara,Piemonte,2024,popolazione_censita,364140
003,Novara,Piemonte,2019,popolazione_fine,365549
003,Novara,Piemonte,2020,popolazione_fine,363595
003,Novara,Piemonte,2021,popolazione_fine,362705
003,Novara,Piemonte,2022,popolazione_fine,362355
003,Novara,Piemonte,2023,popolazione_fine,364001
003,Novara,Piemonte,2024,popolazione_fine,364494
003,Novara,Piemonte,2019,popolazione_inizio,365773
003,Novara,Piemonte,2020,popolazione_inizio,364980
003,Novara,Piemonte,2021,popolazione_inizio,362925
003,Novara,Piemonte,2022,popolazione_inizio,361916
003,Novara,Piemonte,2023,popolazione_inizio,362502
003,Novara,Piemonte,2024,popolazione_inizio,363482
003,Novara,Piemonte,2019,variazioni_territoriali,0
003,Novara,Piemonte,2020,variazioni_territoriali,0
003,Novara,Piemonte,2021,variazioni_territoriali,0
003,Novara,Piemonte,2022,variazioni_territoriali,0
003,Novara,Piemonte,2023,variazioni_territoriali,0
003,Novara,Piemonte,2024,variazioni_territoriali,0
004,Cuneo,Piemonte,2019,aggiustamento_statistico,-1079
004,Cuneo,Piemonte,2020,aggiustamento_statistico,-1968
004,Cuneo,Piemonte,2021,aggiustamento_statistico,-1704
004,Cuneo,Piemonte,2022,aggiustamento_statistico,-310
004,Cuneo,Piemonte,2023,aggiustamento_statistico,-476
004,Cuneo,Piemonte,2024,aggiustamento_statistico,-577
004,Cuneo,Piemonte,2019,emigrati_estero,1958
004,Cuneo,Piemonte,2020,emigrati_estero,1720
004,Cuneo,Piemonte,2021,emigrati_estero,1786
004,Cuneo,Piemonte,2022,emigrati_estero,1921
004,Cuneo,Piemonte,2023,emigrati_estero,1717
004,Cuneo,Piemonte,2024,emigrati_estero,2121
004,Cuneo,Piemonte,2019,emigrati_interni,18367
004,Cuneo,Piemonte,2020,emigrati_interni,16633
004,Cuneo,Piemonte,2021,emigrati_interni,16875
004,Cuneo,Piemonte,2022,emigrati_interni,17796
004,Cuneo,Piemonte,2023,emigrati_interni,18091
004,Cuneo,Piemonte,2024,emigrati_interni,17179
004,Cuneo,Piemonte,2019,immigrati_estero,3627
004,Cuneo,Piemonte,2020,immigrati_estero,2843
004,Cuneo,Piemonte,2021,immigrati_estero,3927
004,Cuneo,Piemonte,2022,immigrati_estero,5083
004,Cuneo,Piemonte,2023,immigrati_estero,5402
004,Cuneo,Piemonte,2024,immigrati_estero,4894
004,Cuneo,Piemonte,2019,immigrati_interni,19414
004,Cuneo,Piemonte,2020,immigrati_interni,17503
004,Cuneo,Piemonte,2021,immigrati_interni,17969
004,Cuneo,Piemonte,2022,immigrati_interni,19144
004,Cuneo,Piemonte,2023,immigrati_interni,18781
004,Cuneo,Piemonte,2024,immigrati_interni,17896
004,Cuneo,Piemonte,2019,morti,7084
004,Cuneo,Piemonte,2020,morti,8516
004,Cuneo,Piemonte,2021,morti,7416
004,Cuneo,Piemonte,2022,morti,7593
004,Cuneo,Piemonte,2023,morti,6951
004,Cuneo,Piemonte,2024,morti,6850
004,Cuneo,Piemonte,2019,nati,4347
004,Cuneo,Piemonte,2020,nati,4176
004,Cuneo,Piemonte,2021,nati,4242
004,Cuneo,Piemonte,2022,nati,3974
004,Cuneo,Piemonte,2023,nati,3947
004,Cuneo,Piemonte,2024,nati,3832
004,Cuneo,Piemonte,2019,popolazione_censita,586113
004,Cuneo,Piemonte,2020,popolazione_censita,581798
004,Cuneo,Piemonte,2021,popolazione_censita,580155
004,Cuneo,Piemonte,2022,popolazione_censita,580736
004,Cuneo,Piemonte,2023,popolazione_censita,581631
004,Cuneo,Piemonte,2024,popolazione_censita,581526
004,Cuneo,Piemonte,2019,popolazione_fine,587192
004,Cuneo,Piemonte,2020,popolazione_fine,583766
004,Cuneo,Piemonte,2021,popolazione_fine,581859
004,Cuneo,Piemonte,2022,popolazione_fine,581046
004,Cuneo,Piemonte,2023,popolazione_fine,582107
004,Cuneo,Piemonte,2024,popolazione_fine,582103
004,Cuneo,Piemonte,2019,popolazione_inizio,587213
004,Cuneo,Piemonte,2020,popolazione_inizio,586113
004,Cuneo,Piemonte,2021,popolazione_inizio,581798
004,Cuneo,Piemonte,2022,popolazione_inizio,580155
004,Cuneo,Piemonte,2023,popolazione_inizio,580736
004,Cuneo,Piemonte,2024,popolazione_inizio,581631
004,Cuneo,Piemonte,2019,variazioni_territoriali,0
004,Cuneo,Piemonte,2020,variazioni_territoriali,0
004,Cuneo,Piemonte,2021,variazioni_territoriali,0
004,Cuneo,Piemonte,2022,variazioni_territoriali,0
004,Cuneo,Piemonte,2023,variazioni_territoriali,0
004,Cuneo,Piemonte,2024,variazioni_territoriali,0
005,Asti,Piemonte,2019,aggiustamento_statistico,-303
005,Asti,Piemonte,2020,aggiustamento_statistico,-708
005,Asti,Piemonte,2021,aggiustamento_statistico,-152
005,Asti,Piemonte,2022,aggiustamento_statistico,-94
005,Asti,Piemonte,2023,aggiustamento_statistico,-530
005,Asti,Piemonte,2024,aggiustamento_statistico,-186
005,Asti,Piemonte,2019,emigrati_estero,844
005,Asti,Piemonte,2020,emigrati_estero,771
005,Asti,Piemonte,2021,emigrati_estero,706
005,Asti,Piemonte,2022,emigrati_estero,702
005,Asti,Piemonte,2023,emigrati_estero,827
005,Asti,Piemonte,2024,emigrati_estero,773
005,Asti,Piemonte,2019,emigrati_interni,6426
005,Asti,Piemonte,2020,emigrati_interni,5843
005,Asti,Piemonte,2021,emigrati_interni,6135
005,Asti,Piemonte,2022,emigrati_interni,6475
005,Asti,Piemonte,2023,emigrati_interni,6550
005,Asti,Piemonte,2024,emigrati_interni,6133
005,Asti,Piemonte,2019,immigrati_estero,1294
005,Asti,Piemonte,2020,immigrati_estero,1010
005,Asti,Piemonte,2021,immigrati_estero,1491
005,Asti,Piemonte,2022,immigrati_estero,2069
005,Asti,Piemonte,2023,immigrati_estero,2047
005,Asti,Piemonte,2024,immigrati_estero,2028
005,Asti,Piemonte,2019,immigrati_interni,6455
005,Asti,Piemonte,2020,immigrati_interni,6131
005,Asti,Piemonte,2021,immigrati_interni,6290
005,Asti,Piemonte,2022,immigrati_interni,6821
005,Asti,Piemonte,2023,immigrati_interni,6796
005,Asti,Piemonte,2024,immigrati_interni,6510
005,Asti,Piemonte,2019,morti,3004
005,Asti,Piemonte,2020,morti,3689
005,Asti,Piemonte,2021,morti,3135
005,Asti,Piemonte,2022,morti,3174
005,Asti,Piemonte,2023,morti,2821
005,Asti,Piemonte,2024,morti,2695
005,Asti,Piemonte,2019,nati,1334
005,Asti,Piemonte,2020,nati,1250
005,Asti,Piemonte,2021,nati,1243
005,Asti,Piemonte,2022,nati,1220
005,Asti,Piemonte,2023,nati,1173
005,Asti,Piemonte,2024,nati,1213
005,Asti,Piemonte,2019,popolazione_censita,212010
005,Asti,Piemonte,2020,popolazione_censita,209390
005,Asti,Piemonte,2021,popolazione_censita,208286
005,Asti,Piemonte,2022,popolazione_censita,207951
005,Asti,Piemonte,2023,popolazione_censita,207239
005,Asti,Piemonte,2024,popolazione_censita,207203
005,Asti,Piemonte,2019,popolazione_fine,212313
005,Asti,Piemonte,2020,popolazione_fine,210098
005,Asti,Piemonte,2021,popolazione_fine,208438
005,Asti,Piemonte,2022,popolazione_fine,208045
005,Asti,Piemonte,2023,popolazione_fine,207769
005,Asti,Piemonte,2024,popolazione_fine,207389
005,Asti,Piemonte,2019,popolazione_inizio,213504
005,Asti,Piemonte,2020,popolazione_inizio,212010
005,Asti,Piemonte,2021,popolazione_inizio,209390
005,Asti,Piemonte,2022,popolazione_inizio,208286
005,Asti,Piemonte,2023,popolazione_inizio,207951
005,Asti,Piemonte,2024,popolazione_inizio,207239
005,Asti,Piemonte,2019,variazioni_territoriali,0
005,Asti,Piemonte,2020,variazioni_territoriali,0
005,Asti,Piemonte,2021,variazioni_territoriali,0
005,Asti,Piemonte,2022,variazioni_territoriali,0
005,Asti,Piemonte,2023,variazioni_territoriali,0
005,Asti,Piemonte,2024,variazioni_territoriali,0
006,Alessandria,Piemonte,2019,aggiustamento_statistico,-1145
006,Alessandria,Piemonte,2020,aggiustamento_statistico,-3490
006,Alessandria,Piemonte,2021,aggiustamento_statistico,-306
006,Alessandria,Piemonte,2022,aggiustamento_statistico,71
006,Alessandria,Piemonte,2023,aggiustamento_statistico,-229
006,Alessandria,Piemonte,2024,aggiustamento_statistico,99
006,Alessandria,Piemonte,2019,emigrati_estero,1433
006,Alessandria,Piemonte,2020,emigrati_estero,1148
006,Alessandria,Piemonte,2021,emigrati_estero,1236
006,Alessandria,Piemonte,2022,emigrati_estero,1172
006,Alessandria,Piemonte,2023,emigrati_estero,1246
006,Alessandria,Piemonte,2024,emigrati_estero,1335
006,Alessandria,Piemonte,2019,emigrati_interni,12527
006,Alessandria,Piemonte,2020,emigrati_interni,11214
006,Alessandria,Piemonte,2021,emigrati_interni,11883
006,Alessandria,Piemonte,2022,emigrati_interni,12351
006,Alessandria,Piemonte,2023,emigrati_interni,11992
006,Alessandria,Piemonte,2024,emigrati_interni,11477
006,Alessandria,Piemonte,2019,immigrati_estero,2901
006,Alessandria,Piemonte,2020,immigrati_estero,1881
006,Alessandria,Piemonte,2021,immigrati_estero,2612
006,Alessandria,Piemonte,2022,immigrati_estero,3776
006,Alessandria,Piemonte,2023,immigrati_estero,4332
006,Alessandria,Piemonte,2024,immigrati_estero,4311
006,Alessandria,Piemonte,2019,immigrati_interni,13026
006,Alessandria,Piemonte,2020,immigrati_interni,11609
006,Alessandria,Piemonte,2021,immigrati_interni,12649
006,Alessandria,Piemonte,2022,immigrati_interni,13271
006,Alessandria,Piemonte,2023,immigrati_interni,12877
006,Alessandria,Piemonte,2024,immigrati_interni,13011
006,Alessandria,Piemonte,2019,morti,6176
006,Alessandria,Piemonte,2020,morti,7784
006,Alessandria,Piemonte,2021,morti,6113
006,Alessandria,Piemonte,2022,morti,6662
006,Alessandria,Piemonte,2023,morti,6054
006,Alessandria,Piemonte,2024,morti,5878
006,Alessandria,Piemonte,2019,nati,2342
006,Alessandria,Piemonte,2020,nati,2250
006,Alessandria,Piemonte,2021,nati,2149
006,Alessandria,Piemonte,2022,nati,2297
006,Alessandria,Piemonte,2023,nati,2203
006,Alessandria,Piemonte,2024,nati,2086
006,Alessandria,Piemonte,2019,popolazione_censita,417288
006,Alessandria,Piemonte,2020,popolazione_censita,409392
006,Alessandria,Piemonte,2021,popolazione_censita,407264
006,Alessandria,Piemonte,2022,popolazione_censita,406494
006,Alessandria,Piemonte,2023,popolazione_censita,406385
006,Alessandria,Piemonte,2024,popolazione_censita,407202
006,Alessandria,Piemonte,2019,popolazione_fine,418433
006,Alessandria,Piemonte,2020,popolazione_fine,412882
006,Alessandria,Piemonte,2021,popolazione_fine,407570
006,Alessandria,Piemonte,2022,popolazione_fine,406423
006,Alessandria,Piemonte,2023,popolazione_fine,406614
006,Alessandria,Piemonte,2024,popolazione_fine,407103
006,Alessandria,Piemonte,2019,popolazione_inizio,420300
006,Alessandria,Piemonte,2020,popolazione_inizio,417288
006,Alessandria,Piemonte,2021,popolazione_inizio,409392
006,Alessandria,Piemonte,2022,popolazione_inizio,407264
006,Alessandria,Piemonte,2023,popolazione_inizio,406494
006,Alessandria,Piemonte,2024,popolazione_inizio,406385
006,Alessandria,Piemonte,2019,variazioni_territoriali,0
006,Alessandria,Piemonte,2020,variazioni_territoriali,0
006,Alessandria,Piemonte,2021,variazioni_territoriali,0
006,Alessandria,Piemonte,2022,variazioni_territoriali,0
006,Alessandria,Piemonte,2023,variazioni_territoriali,0
006,Alessandria,Piemonte,2024,variazioni_territoriali,0
007,Valle d'Aosta/Vallée d'Aoste,Valle d'Aosta/Vallée d'Aoste,2019,aggiustamento_statistico,-419
007,Valle d'Aosta/Vallée d'Aoste,Valle d'Aosta/Vallée d'Aoste,2020,aggiustamento_statistico,-122
007,Valle d'Aosta/Vallée d'Aoste,Valle d'Aosta/Vallée d'Aoste,2021,aggiustamento_statistico,-203
007,Valle d'Aosta/Vallée d'Aoste,Valle d'Aosta/Vallée d'Aoste,2022,aggiustamento_statistico,-24
007,Valle d'Aosta/Vallée d'Aoste,Valle d'Aosta/Vallée d'Aoste,2023,aggiustamento_statistico,-132
007,Valle d'Aosta/Vallée d'Aoste,Valle d'Aosta/Vallée d'Aoste,2024,aggiustamento_statistico,-169
007,Valle d'Aosta/Vallée d'Aoste,Valle d'Aosta/Vallée d'Aoste,2019,emigrati_estero,445
007,Valle d'Aosta/Vallée d'Aoste,Valle d'Aosta/Vallée d'Aoste,2020,emigrati_estero,454
007,Valle d'Aosta/Vallée d'Aoste,Valle d'Aosta/Vallée d'Aoste,2021,emigrati_estero,439
007,Valle d'Aosta/Vallée d'Aoste,Valle d'Aosta/Vallée d'Aoste,2022,emigrati_estero,391
007,Valle d'Aosta/Vallée d'Aoste,Valle d'Aosta/Vallée d'Aoste,2023,emigrati_estero,473
007,Valle d'Aosta/Vallée d'Aoste,Valle d'Aosta/Vallée d'Aoste,2024,emigrati_estero,522
007,Valle d'Aosta/Vallée d'Aoste,Valle d'Aosta/Vallée d'Aoste,2019,emigrati_interni,4502
007,Valle d'Aosta/Vallée d'Aoste,Valle d'Aosta/Vallée d'Aoste,2020,emigrati_interni,4018
007,Valle d'Aosta/Vallée d'Aoste,Valle d'Aosta/Vallée d'Aoste,2021,emigrati_interni,4440
007,Valle d'Aosta/Vallée d'Aoste,Valle d'Aosta/Vallée d'Aoste,2022,emigrati_interni,4258
007,Valle d'Aosta/Vallée d'Aoste,Valle d'Aosta/Vallée d'Aoste,2023,emigrati_interni,4376
007,Valle d'Aosta/Vallée d'Aoste,Valle d'Aosta/Vallée d'Aoste,2024,emigrati_interni,4226
007,Valle d'Aosta/Vallée d'Aoste,Valle d'Aosta/Vallée d'Aoste,2019,immigrati_estero,684
007,Valle d'Aosta/Vallée d'Aoste,Valle d'Aosta/Vallée d'Aoste,2020,immigrati_estero,445
007,Valle d'Aosta/Vallée d'Aoste,Valle d'Aosta/Vallée d'Aoste,2021,immigrati_estero,581
007,Valle d'Aosta/Vallée d'Aoste,Valle d'Aosta/Vallée d'Aoste,2022,immigrati_estero,867
007,Valle d'Aosta/Vallée d'Aoste,Valle d'Aosta/Vallée d'Aoste,2023,immigrati_estero,982
007,Valle d'Aosta/Vallée d'Aoste,Valle d'Aosta/Vallée d'Aoste,2024,immigrati_estero,894
007,Valle d'Aosta/Vallée d'Aoste,Valle d'Aosta/Vallée d'Aoste,2019,immigrati_interni,4614
007,Valle d'Aosta/Vallée d'Aoste,Valle d'Aosta/Vallée d'Aoste,2020,immigrati_interni,4242
007,Valle d'Aosta/Vallée d'Aoste,Valle d'Aosta/Vallée d'Aoste,2021,immigrati_interni,4531
007,Valle d'Aosta/Vallée d'Aoste,Valle d'Aosta/Vallée d'Aoste,2022,immigrati_interni,4325
007,Valle d'Aosta/Vallée d'Aoste,Valle d'Aosta/Vallée d'Aoste,2023,immigrati_interni,4401
007,Valle d'Aosta/Vallée d'Aoste,Valle d'Aosta/Vallée d'Aoste,2024,immigrati_interni,4468
007,Valle d'Aosta/Vallée d'Aoste,Valle d'Aosta/Vallée d'Aoste,2019,morti,1392
007,Valle d'Aosta/Vallée d'Aoste,Valle d'Aosta/Vallée d'Aoste,2020,morti,1814
007,Valle d'Aosta/Vallée d'Aoste,Valle d'Aosta/Vallée d'Aoste,2021,morti,1503
007,Valle d'Aosta/Vallée d'Aoste,Valle d'Aosta/Vallée d'Aoste,2022,morti,1530
007,Valle d'Aosta/Vallée d'Aoste,Valle d'Aosta/Vallée d'Aoste,2023,morti,1373
007,Valle d'Aosta/Vallée d'Aoste,Valle d'Aosta/Vallée d'Aoste,2024,morti,1429
007,Valle d'Aosta/Vallée d'Aoste,Valle d'Aosta/Vallée d'Aoste,2019,nati,841
007,Valle d'Aosta/Vallée d'Aoste,Valle d'Aosta/Vallée d'Aoste,2020,nati,776
007,Valle d'Aosta/Vallée d'Aoste,Valle d'Aosta/Vallée d'Aoste,2021,nati,744
007,Valle d'Aosta/Vallée d'Aoste,Valle d'Aosta/Vallée d'Aoste,2022,nati,781
007,Valle d'Aosta/Vallée d'Aoste,Valle d'Aosta/Vallée d'Aoste,2023,nati,718
007,Valle d'Aosta/Vallée d'Aoste,Valle d'Aosta/Vallée d'Aoste,2024,nati,639
007,Valle d'Aosta/Vallée d'Aoste,Valle d'Aosta/Vallée d'Aoste,2019,popolazione_censita,125034
007,Valle d'Aosta/Vallée d'Aoste,Valle d'Aosta/Vallée d'Aoste,2020,popolazione_censita,124089
007,Valle d'Aosta/Vallée d'Aoste,Valle d'Aosta/Vallée d'Aoste,2021,popolazione_censita,123360
007,Valle d'Aosta/Vallée d'Aoste,Valle d'Aosta/Vallée d'Aoste,2022,popolazione_censita,123130
007,Valle d'Aosta/Vallée d'Aoste,Valle d'Aosta/Vallée d'Aoste,2023,popolazione_censita,122877
007,Valle d'Aosta/Vallée d'Aoste,Valle d'Aosta/Vallée d'Aoste,2024,popolazione_censita,122532
007,Valle d'Aosta/Vallée d'Aoste,Valle d'Aosta/Vallée d'Aoste,2019,popolazione_fine,125453
007,Valle d'Aosta/Vallée d'Aoste,Valle d'Aosta/Vallée d'Aoste,2020,popolazione_fine,124211
007,Valle d'Aosta/Vallée d'Aoste,Valle d'Aosta/Vallée d'Aoste,2021,popolazione_fine,123563
007,Valle d'Aosta/Vallée d'Aoste,Valle d'Aosta/Vallée d'Aoste,2022,popolazione_fine,123154
007,Valle d'Aosta/Vallée d'Aoste,Valle d'Aosta/Vallée d'Aoste,2023,popolazione_fine,123009
007,Valle d'Aosta/Vallée d'Aoste,Valle d'Aosta/Vallée d'Aoste,2024,popolazione_fine,122701
007,Valle d'Aosta/Vallée d'Aoste,Valle d'Aosta/Vallée d'Aoste,2019,popolazione_inizio,125653
007,Valle d'Aosta/Vallée d'Aoste,Valle d'Aosta/Vallée d'Aoste,2020,popolazione_inizio,125034
007,Valle d'Aosta/Vallée d'Aoste,Valle d'Aosta/Vallée d'Aoste,2021,popolazione_inizio,124089
007,Valle d'Aosta/Vallée d'Aoste,Valle d'Aosta/Vallée d'Aoste,2022,popolazione_inizio,123360
007,Valle d'Aosta/Vallée d'Aoste,Valle d'Aosta/Vallée d'Aoste,2023,popolazione_inizio,123130
007,Valle d'Aosta/Vallée d'Aoste,Valle d'Aosta/Vallée d'Aoste,2024,popolazione_inizio,122877
007,Valle d'Aosta/Vallée d'Aoste,Valle d'Aosta/Vallée d'Aoste,2019,variazioni_territoriali,0
007,Valle d'Aosta/Vallée d'Aoste,Valle d'Aosta/Vallée d'Aoste,2020,variazioni_territoriali,0
007,Valle d'Aosta/Vallée d'Aoste,Valle d'Aosta/Vallée d'Aoste,2021,variazioni_territoriali,0
007,Valle d'Aosta/Vallée d'Aoste,Valle d'Aosta/Vallée d'Aoste,2022,variazioni_territoriali,0
007,Valle d'Aosta/Vallée d'Aoste,Valle d'Aosta/Vallée d'Aoste,2023,variazioni_territoriali,0
007,Valle d'Aosta/Vallée d'Aoste,Valle d'Aosta/Vallée d'Aoste,2024,variazioni_territoriali,0
008,Imperia,Liguria,2019,aggiustamento_statistico,-155
008,Imperia,Liguria,2020,aggiustamento_statistico,589
008,Imperia,Liguria,2021,aggiustamento_statistico,-319
008,Imperia,Liguria,2022,aggiustamento_statistico,279
008,Imperia,Liguria,2023,aggiustamento_statistico,11
008,Imperia,Liguria,2024,aggiustamento_statistico,137
008,Imperia,Liguria,2019,emigrati_estero,1119
008,Imperia,Liguria,2020,emigrati_estero,838
008,Imperia,Liguria,2021,emigrati_estero,808
008,Imperia,Liguria,2022,emigrati_estero,889
008,Imperia,Liguria,2023,emigrati_estero,901
008,Imperia,Liguria,2024,emigrati_estero,1046
008,Imperia,Liguria,2019,emigrati_interni,6489
008,Imperia,Liguria,2020,emigrati_interni,5962
008,Imperia,Liguria,2021,emigrati_interni,6422
008,Imperia,Liguria,2022,emigrati_interni,5991
008,Imperia,Liguria,2023,emigrati_interni,6362
008,Imperia,Liguria,2024,emigrati_interni,5873
008,Imperia,Liguria,2019,immigrati_estero,2070
008,Imperia,Liguria,2020,immigrati_estero,1803
008,Imperia,Liguria,2021,immigrati_estero,2308
008,Imperia,Liguria,2022,immigrati_estero,2776
008,Imperia,Liguria,2023,immigrati_estero,2986
008,Imperia,Liguria,2024,immigrati_estero,3109
008,Imperia,Liguria,2019,immigrati_interni,6746
008,Imperia,Liguria,2020,immigrati_interni,6337
008,Imperia,Liguria,2021,immigrati_interni,6587
008,Imperia,Liguria,2022,immigrati_interni,6107
008,Imperia,Liguria,2023,immigrati_interni,6188
008,Imperia,Liguria,2024,immigrati_interni,5915
008,Imperia,Liguria,2019,morti,2860
008,Imperia,Liguria,2020,morti,3369
008,Imperia,Liguria,2021,morti,3163
008,Imperia,Liguria,2022,morti,3401
008,Imperia,Liguria,2023,morti,3068
008,Imperia,Liguria,2024,morti,2906
008,Imperia,Liguria,2019,nati,1207
008,Imperia,Liguria,2020,nati,1302
008,Imperia,Liguria,2021,nati,1243
008,Imperia,Liguria,2022,nati,1241
008,Imperia,Liguria,2023,nati,1154
008,Imperia,Liguria,2024,nati,1212
008,Imperia,Liguria,2019,popolazione_censita,209382
008,Imperia,Liguria,2020,popolazione_censita,209244
008,Imperia,Liguria,2021,popolazione_censita,208670
008,Imperia,Liguria,2022,popolazione_censita,208792
008,Imperia,Liguria,2023,popolazione_censita,208800
008,Imperia,Liguria,2024,popolazione_censita,209348
008,Imperia,Liguria,2019,popolazione_fine,209537
008,Imperia,Liguria,2020,popolazione_fine,208655
008,Imperia,Liguria,2021,popolazione_fine,208989
008,Imperia,Liguria,2022,popolazione_fine,208513
008,Imperia,Liguria,2023,popolazione_fine,208789
008,Imperia,Liguria,2024,popolazione_fine,209211
008,Imperia,Liguria,2019,popolazione_inizio,209982
008,Imperia,Liguria,2020,popolazione_inizio,209382
008,Imperia,Liguria,2021,popolazione_inizio,209244
008,Imperia,Liguria,2022,popolazione_inizio,208670
008,Imperia,Liguria,2023,popolazione_inizio,208792
008,Imperia,Liguria,2024,popolazione_inizio,208800
008,Imperia,Liguria,2019,variazioni_territoriali,0
008,Imperia,Liguria,2020,variazioni_territoriali,0
008,Imperia,Liguria,2021,variazioni_territoriali,0
008,Imperia,Liguria,2022,variazioni_territoriali,0
008,Imperia,Liguria,2023,variazioni_territoriali,0
008,Imperia,Liguria,2024,variazioni_territoriali,0
009,Savona,Liguria,2019,aggiustamento_statistico,-650
009,Savona,Liguria,2020,aggiustamento_statistico,133
009,Savona,Liguria,2021,aggiustamento_statistico,-476
009,Savona,Liguria,2022,aggiustamento_statistico,78
009,Savona,Liguria,2023,aggiustamento_statistico,113
009,Savona,Liguria,2024,aggiustamento_statistico,-204
009,Savona,Liguria,2019,emigrati_estero,747
009,Savona,Liguria,2020,emigrati_estero,651
009,Savona,Liguria,2021,emigrati_estero,629
009,Savona,Liguria,2022,emigrati_estero,668
009,Savona,Liguria,2023,emigrati_estero,727
009,Savona,Liguria,2024,emigrati_estero,871
009,Savona,Liguria,2019,emigrati_interni,8654
009,Savona,Liguria,2020,emigrati_interni,7789
009,Savona,Liguria,2021,emigrati_interni,8358
009,Savona,Liguria,2022,emigrati_interni,8299
009,Savona,Liguria,2023,emigrati_interni,7739
009,Savona,Liguria,2024,emigrati_interni,7801
009,Savona,Liguria,2019,immigrati_estero,1607
009,Savona,Liguria,2020,immigrati_estero,1156
009,Savona,Liguria,2021,immigrati_estero,1567
009,Savona,Liguria,2022,immigrati_estero,2246
009,Savona,Liguria,2023,immigrati_estero,2406
009,Savona,Liguria,2024,immigrati_estero,2593
009,Savona,Liguria,2019,immigrati_interni,8950
009,Savona,Liguria,2020,immigrati_interni,8125
009,Savona,Liguria,2021,immigrati_interni,8979
009,Savona,Liguria,2022,immigrati_interni,8888
009,Savona,Liguria,2023,immigrati_interni,8844
009,Savona,Liguria,2024,immigrati_interni,8273
009,Savona,Liguria,2019,morti,3829
009,Savona,Liguria,2020,morti,4465
009,Savona,Liguria,2021,morti,4167
009,Savona,Liguria,2022,morti,4316
009,Savona,Liguria,2023,morti,3993
009,Savona,Liguria,2024,morti,3843
009,Savona,Liguria,2019,nati,1423
009,Savona,Liguria,2020,nati,1411
009,Savona,Liguria,2021,nati,1370
009,Savona,Liguria,2022,nati,1399
009,Savona,Liguria,2023,nati,1351
009,Savona,Liguria,2024,nati,1296
009,Savona,Liguria,2019,popolazione_censita,271832
009,Savona,Liguria,2020,popolazione_censita,269752
009,Savona,Liguria,2021,popolazione_censita,268038
009,Savona,Liguria,2022,popolazione_censita,267366
009,Savona,Liguria,2023,popolazione_censita,267621
009,Savona,Liguria,2024,popolazione_censita,267064
009,Savona,Liguria,2019,popolazione_fine,272482
009,Savona,Liguria,2020,popolazione_fine,269619
009,Savona,Liguria,2021,popolazione_fine,268514
009,Savona,Liguria,2022,popolazione_fine,267288
009,Savona,Liguria,2023,popolazione_fine,267508
009,Savona,Liguria,2024,popolazione_fine,267268
009,Savona,Liguria,2019,popolazione_inizio,273732
009,Savona,Liguria,2020,popolazione_inizio,271832
009,Savona,Liguria,2021,popolazione_inizio,269752
009,Savona,Liguria,2022,popolazione_inizio,268038
009,Savona,Liguria,2023,popolazione_inizio,267366
009,Savona,Liguria,2024,popolazione_inizio,267621
009,Savona,Liguria,2019,variazioni_territoriali,0
009,Savona,Liguria,2020,variazioni_territoriali,0
009,Savona,Liguria,2021,variazioni_territoriali,0
009,Savona,Liguria,2022,variazioni_territoriali,0
009,Savona,Liguria,2023,variazioni_territoriali,0
009,Savona,Liguria,2024,variazioni_territoriali,0
010,Genova,Liguria,2019,aggiustamento_statistico,-2332
010,Genova,Liguria,2020,aggiustamento_statistico,4991
010,Genova,Liguria,2021,aggiustamento_statistico,-3149
010,Genova,Liguria,2022,aggiustamento_statistico,-623
010,Genova,Liguria,2023,aggiustamento_statistico,820
010,Genova,Liguria,2024,aggiustamento_statistico,269
010,Genova,Liguria,2019,emigrati_estero,1347
010,Genova,Liguria,2020,emigrati_estero,1876
010,Genova,Liguria,2021,emigrati_estero,1798
010,Genova,Liguria,2022,emigrati_estero,1791
010,Genova,Liguria,2023,emigrati_estero,2335
010,Genova,Liguria,2024,emigrati_estero,2334
010,Genova,Liguria,2019,emigrati_interni,15564
010,Genova,Liguria,2020,emigrati_interni,14299
010,Genova,Liguria,2021,emigrati_interni,15957
010,Genova,Liguria,2022,emigrati_interni,15345
010,Genova,Liguria,2023,emigrati_interni,14728
010,Genova,Liguria,2024,emigrati_interni,14067
010,Genova,Liguria,2019,immigrati_estero,5026
010,Genova,Liguria,2020,immigrati_estero,3568
010,Genova,Liguria,2021,immigrati_estero,5131
010,Genova,Liguria,2022,immigrati_estero,8569
010,Genova,Liguria,2023,immigrati_estero,8370
010,Genova,Liguria,2024,immigrati_estero,8714
010,Genova,Liguria,2019,immigrati_interni,16197
010,Genova,Liguria,2020,immigrati_interni,14766
010,Genova,Liguria,2021,immigrati_interni,16988
010,Genova,Liguria,2022,immigrati_interni,16696
010,Genova,Liguria,2023,immigrati_interni,15892
010,Genova,Liguria,2024,immigrati_interni,15384
010,Genova,Liguria,2019,morti,11739
010,Genova,Liguria,2020,morti,14477
010,Genova,Liguria,2021,morti,12106
010,Genova,Liguria,2022,morti,12932
010,Genova,Liguria,2023,morti,11615
010,Genova,Liguria,2024,morti,11430
010,Genova,Liguria,2019,nati,4781
010,Genova,Liguria,2020,nati,4745
010,Genova,Liguria,2021,nati,4681
010,Genova,Liguria,2022,nati,4630
010,Genova,Liguria,2023,nati,4618
010,Genova,Liguria,2024,nati,4648
010,Genova,Liguria,2019,popolazione_censita,826194
010,Genova,Liguria,2020,popolazione_censita,823612
010,Genova,Liguria,2021,popolazione_censita,817402
010,Genova,Liguria,2022,popolazione_censita,816606
010,Genova,Liguria,2023,popolazione_censita,817628
010,Genova,Liguria,2024,popolazione_censita,818812
010,Genova,Liguria,2019,popolazione_fine,828526
010,Genova,Liguria,2020,popolazione_fine,818621
010,Genova,Liguria,2021,popolazione_fine,820551
010,Genova,Liguria,2022,popolazione_fine,817229
010,Genova,Liguria,2023,popolazione_fine,816808
010,Genova,Liguria,2024,popolazione_fine,818543
010,Genova,Liguria,2019,popolazione_inizio,831172
010,Genova,Liguria,2020,popolazione_inizio,826194
010,Genova,Liguria,2021,popolazione_inizio,823612
010,Genova,Liguria,2022,popolazione_inizio,817402
010,Genova,Liguria,2023,popolazione_inizio,816606
010,Genova,Liguria,2024,popolazione_inizio,817628
010,Genova,Liguria,2019,variazioni_territoriali,0
010,Genova,Liguria,2020,variazioni_territoriali,0
010,Genova,Liguria,2021,variazioni_territoriali,0
010,Genova,Liguria,2022,variazioni_territoriali,0
010,Genova,Liguria,2023,variazioni_territoriali,0
010,Genova,Liguria,2024,variazioni_territoriali,0
011,La Spezia,Liguria,2019,aggiustamento_statistico,-444
011,La Spezia,Liguria,2020,aggiustamento_statistico,-219
011,La Spezia,Liguria,2021,aggiustamento_statistico,-275
011,La Spezia,Liguria,2022,aggiustamento_statistico,-4
011,La Spezia,Liguria,2023,aggiustamento_statistico,-1
011,La Spezia,Liguria,2024,aggiustamento_statistico,-108
011,La Spezia,Liguria,2019,emigrati_estero,464
011,La Spezia,Liguria,2020,emigrati_estero,498
011,La Spezia,Liguria,2021,emigrati_estero,513
011,La Spezia,Liguria,2022,emigrati_estero,529
011,La Spezia,Liguria,2023,emigrati_estero,460
011,La Spezia,Liguria,2024,emigrati_estero,549
011,La Spezia,Liguria,2019,emigrati_interni,6765
011,La Spezia,Liguria,2020,emigrati_interni,5972
011,La Spezia,Liguria,2021,emigrati_interni,6494
011,La Spezia,Liguria,2022,emigrati_interni,6520
011,La Spezia,Liguria,2023,emigrati_interni,5966
011,La Spezia,Liguria,2024,emigrati_interni,5771
011,La Spezia,Liguria,2019,immigrati_estero,1434
011,La Spezia,Liguria,2020,immigrati_estero,956
011,La Spezia,Liguria,2021,immigrati_estero,1259
011,La Spezia,Liguria,2022,immigrati_estero,1818
011,La Spezia,Liguria,2023,immigrati_estero,1992
011,La Spezia,Liguria,2024,immigrati_estero,1779
011,La Spezia,Liguria,2019,immigrati_interni,7153
011,La Spezia,Liguria,2020,immigrati_interni,6330
011,La Spezia,Liguria,2021,immigrati_interni,7117
011,La Spezia,Liguria,2022,immigrati_interni,7046
011,La Spezia,Liguria,2023,immigrati_interni,6362
011,La Spezia,Liguria,2024,immigrati_interni,6146
011,La Spezia,Liguria,2019,morti,2926
011,La Spezia,Liguria,2020,morti,3422
011,La Spezia,Liguria,2021,morti,3126
011,La Spezia,Liguria,2022,morti,3265
011,La Spezia,Liguria,2023,morti,2928
011,La Spezia,Liguria,2024,morti,2893
011,La Spezia,Liguria,2019,nati,1336
011,La Spezia,Liguria,2020,nati,1294
011,La Spezia,Liguria,2021,nati,1262
011,La Spezia,Liguria,2022,nati,1209
011,La Spezia,Liguria,2023,nati,1220
011,La Spezia,Liguria,2024,nati,1224
011,La Spezia,Liguria,2019,popolazione_censita,217418
011,La Spezia,Liguria,2020,popolazione_censita,215887
011,La Spezia,Liguria,2021,popolazione_censita,215117
011,La Spezia,Liguria,2022,popolazione_censita,214872
011,La Spezia,Liguria,2023,popolazione_censita,215091
011,La Spezia,Liguria,2024,popolazione_censita,214919
011,La Spezia,Liguria,2019,popolazione_fine,217862
011,La Spezia,Liguria,2020,popolazione_fine,216106
011,La Spezia,Liguria,2021,popolazione_fine,215392
011,La Spezia,Liguria,2022,popolazione_fine,214876
011,La Spezia,Liguria,2023,popolazione_fine,215092
011,La Spezia,Liguria,2024,popolazione_fine,215027
011,La Spezia,Liguria,2019,popolazione_inizio,218094
011,La Spezia,Liguria,2020,popolazione_inizio,217418
011,La Spezia,Liguria,2021,popolazione_inizio,215887
011,La Spezia,Liguria,2022,popolazione_inizio,215117
011,La Spezia,Liguria,2023,popolazione_inizio,214872
011,La Spezia,Liguria,2024,popolazione_inizio,215091
011,La Spezia,Liguria,2019,variazioni_territoriali,0
011,La Spezia,Liguria,2020,variazioni_territoriali,0
011,La Spezia,Liguria,2021,variazioni_territoriali,0
011,La Spezia,Liguria,2022,variazioni_territoriali,0
011,La Spezia,Liguria,2023,variazioni_territoriali,0
011,La Spezia,Liguria,2024,variazioni_territoriali,0
012,Varese,Lombardia,2019,aggiustamento_statistico,-1620
012,Varese,Lombardia,2020,aggiustamento_statistico,-1013
012,Varese,Lombardia,2021,aggiustamento_statistico,-1765
012,Varese,Lombardia,2022,aggiustamento_statistico,960
012,Varese,Lombardia,2023,aggiustamento_statistico,-448
012,Varese,Lombardia,2024,aggiustamento_statistico,704
012,Varese,Lombardia,2019,emigrati_estero,3404
012,Varese,Lombardia,2020,emigrati_estero,3192
012,Varese,Lombardia,2021,emigrati_estero,3092
012,Varese,Lombardia,2022,emigrati_estero,2966
012,Varese,Lombardia,2023,emigrati_estero,3164
012,Varese,Lombardia,2024,emigrati_estero,3646
012,Varese,Lombardia,2019,emigrati_interni,29976
012,Varese,Lombardia,2020,emigrati_interni,27561
012,Varese,Lombardia,2021,emigrati_interni,29856
012,Varese,Lombardia,2022,emigrati_interni,30871
012,Varese,Lombardia,2023,emigrati_interni,30677
012,Varese,Lombardia,2024,emigrati_interni,27969
012,Varese,Lombardia,2019,immigrati_estero,5279
012,Varese,Lombardia,2020,immigrati_estero,3966
012,Varese,Lombardia,2021,immigrati_estero,4746
012,Varese,Lombardia,2022,immigrati_estero,5994
012,Varese,Lombardia,2023,immigrati_estero,6165
012,Varese,Lombardia,2024,immigrati_estero,6732
012,Varese,Lombardia,2019,immigrati_interni,32469
012,Varese,Lombardia,2020,immigrati_interni,28834
012,Varese,Lombardia,2021,immigrati_interni,31892
012,Varese,Lombardia,2022,immigrati_interni,33605
012,Varese,Lombardia,2023,immigrati_interni,32756
012,Varese,Lombardia,2024,immigrati_interni,30560
012,Varese,Lombardia,2019,morti,9260
012,Varese,Lombardia,2020,morti,11656
012,Varese,Lombardia,2021,morti,10327
012,Varese,Lombardia,2022,morti,10393
012,Varese,Lombardia,2023,morti,9609
012,Varese,Lombardia,2024,morti,9517
012,Varese,Lombardia,2019,nati,6303
012,Varese,Lombardia,2020,nati,5839
012,Varese,Lombardia,2021,nati,5977
012,Varese,Lombardia,2022,nati,5734
012,Varese,Lombardia,2023,nati,5503
012,Varese,Lombardia,2024,nati,5471
012,Varese,Lombardia,2019,popolazione_censita,884876
012,Varese,Lombardia,2020,popolazione_censita,880093
012,Varese,Lombardia,2021,popolazione_censita,877668
012,Varese,Lombardia,2022,popolazione_censita,879731
012,Varese,Lombardia,2023,popolazione_censita,880257
012,Varese,Lombardia,2024,popolazione_censita,882592
012,Varese,Lombardia,2019,popolazione_fine,886496
012,Varese,Lombardia,2020,popolazione_fine,881106
012,Varese,Lombardia,2021,popolazione_fine,879433
012,Varese,Lombardia,2022,popolazione_fine,878771
012,Varese,Lombardia,2023,popolazione_fine,880705
012,Varese,Lombardia,2024,popolazione_fine,881888
012,Varese,Lombardia,2019,popolazione_inizio,885085
012,Varese,Lombardia,2020,popolazione_inizio,884876
012,Varese,Lombardia,2021,popolazione_inizio,880093
012,Varese,Lombardia,2022,popolazione_inizio,877668
012,Varese,Lombardia,2023,popolazione_inizio,879731
012,Varese,Lombardia,2024,popolazione_inizio,880257
012,Varese,Lombardia,2019,variazioni_territoriali,0
012,Varese,Lombardia,2020,variazioni_territoriali,0
012,Varese,Lombardia,2021,variazioni_territoriali,0
012,Varese,Lombardia,2022,variazioni_territoriali,0
012,Varese,Lombardia,2023,variazioni_territoriali,0
012,Varese,Lombardia,2024,variazioni_territoriali,0
013,Como,Lombardia,2019,aggiustamento_statistico,-807
013,Como,Lombardia,2020,aggiustamento_statistico,357
013,Como,Lombardia,2021,aggiustamento_statistico,-1198
013,Como,Lombardia,2022,aggiustamento_statistico,249
013,Como,Lombardia,2023,aggiustamento_statistico,-552
013,Como,Lombardia,2024,aggiustamento_statistico,-190
013,Como,Lombardia,2019,emigrati_estero,2533
013,Como,Lombardia,2020,emigrati_estero,2113
013,Como,Lombardia,2021,emigrati_estero,2243
013,Como,Lombardia,2022,emigrati_estero,2186
013,Como,Lombardia,2023,emigrati_estero,2475
013,Como,Lombardia,2024,emigrati_estero,2674
013,Como,Lombardia,2019,emigrati_interni,20244
013,Como,Lombardia,2020,emigrati_interni,18536
013,Como,Lombardia,2021,emigrati_interni,20596
013,Como,Lombardia,2022,emigrati_interni,20532
013,Como,Lombardia,2023,emigrati_interni,20419
013,Como,Lombardia,2024,emigrati_interni,19492
013,Como,Lombardia,2019,immigrati_estero,3480
013,Como,Lombardia,2020,immigrati_estero,2950
013,Como,Lombardia,2021,immigrati_estero,3282
013,Como,Lombardia,2022,immigrati_estero,4661
013,Como,Lombardia,2023,immigrati_estero,4767
013,Como,Lombardia,2024,immigrati_estero,4611
013,Como,Lombardia,2019,immigrati_interni,21825
013,Como,Lombardia,2020,immigrati_interni,19985
013,Como,Lombardia,2021,immigrati_interni,22001
013,Como,Lombardia,2022,immigrati_interni,23028
013,Como,Lombardia,2023,immigrati_interni,21952
013,Como,Lombardia,2024,immigrati_interni,20445
013,Como,Lombardia,2019,morti,6131
013,Como,Lombardia,2020,morti,7835
013,Como,Lombardia,2021,morti,6685
013,Como,Lombardia,2022,morti,6824
013,Como,Lombardia,2023,morti,6189
013,Como,Lombardia,2024,morti,6189
013,Como,Lombardia,2019,nati,4245
013,Como,Lombardia,2020,nati,4006
013,Como,Lombardia,2021,nati,3924
013,Como,Lombardia,2022,nati,3780
013,Como,Lombardia,2023,nati,3748
013,Como,Lombardia,2024,nati,3731
013,Como,Lombardia,2019,popolazione_censita,597642
013,Como,Lombardia,2020,popolazione_censita,596456
013,Como,Lombardia,2021,popolazione_censita,594941
013,Como,Lombardia,2022,popolazione_censita,597117
013,Como,Lombardia,2023,popolazione_censita,597949
013,Como,Lombardia,2024,popolazione_censita,598191
013,Como,Lombardia,2019,popolazione_fine,598449
013,Como,Lombardia,2020,popolazione_fine,596099
013,Como,Lombardia,2021,popolazione_fine,596139
013,Como,Lombardia,2022,popolazione_fine,596868
013,Como,Lombardia,2023,popolazione_fine,598501
013,Como,Lombardia,2024,popolazione_fine,598381
013,Como,Lombardia,2019,popolazione_inizio,597807
013,Como,Lombardia,2020,popolazione_inizio,597642
013,Como,Lombardia,2021,popolazione_inizio,596456
013,Como,Lombardia,2022,popolazione_inizio,594941
013,Como,Lombardia,2023,popolazione_inizio,597117
013,Como,Lombardia,2024,popolazione_inizio,597949
013,Como,Lombardia,2019,variazioni_territoriali,0
013,Como,Lombardia,2020,variazioni_territoriali,0
013,Como,Lombardia,2021,variazioni_territoriali,0
013,Como,Lombardia,2022,variazioni_territoriali,0
013,Como,Lombardia,2023,variazioni_territoriali,0
013,Como,Lombardia,2024,variazioni_territoriali,0
014,Sondrio,Lombardia,2019,aggiustamento_statistico,-429
014,Sondrio,Lombardia,2020,aggiustamento_statistico,-909
014,Sondrio,Lombardia,2021,aggiustamento_statistico,89
014,Sondrio,Lombardia,2022,aggiustamento_statistico,-108
014,Sondrio,Lombardia,2023,aggiustamento_statistico,-100
014,Sondrio,Lombardia,2024,aggiustamento_statistico,-4
014,Sondrio,Lombardia,2019,emigrati_estero,623
014,Sondrio,Lombardia,2020,emigrati_estero,600
014,Sondrio,Lombardia,2021,emigrati_estero,612
014,Sondrio,Lombardia,2022,emigrati_estero,572
014,Sondrio,Lombardia,2023,emigrati_estero,642
014,Sondrio,Lombardia,2024,emigrati_estero,784
014,Sondrio,Lombardia,2019,emigrati_interni,4676
014,Sondrio,Lombardia,2020,emigrati_interni,4149
014,Sondrio,Lombardia,2021,emigrati_interni,4712
014,Sondrio,Lombardia,2022,emigrati_interni,4434
014,Sondrio,Lombardia,2023,emigrati_interni,4463
014,Sondrio,Lombardia,2024,emigrati_interni,4351
014,Sondrio,Lombardia,2019,immigrati_estero,1106
014,Sondrio,Lombardia,2020,immigrati_estero,842
014,Sondrio,Lombardia,2021,immigrati_estero,1139
014,Sondrio,Lombardia,2022,immigrati_estero,1355
014,Sondrio,Lombardia,2023,immigrati_estero,1354
014,Sondrio,Lombardia,2024,immigrati_estero,1562
014,Sondrio,Lombardia,2019,immigrati_interni,5102
014,Sondrio,Lombardia,2020,immigrati_interni,4539
014,Sondrio,Lombardia,2021,immigrati_interni,4917
014,Sondrio,Lombardia,2022,immigrati_interni,4739
014,Sondrio,Lombardia,2023,immigrati_interni,4820
014,Sondrio,Lombardia,2024,immigrati_interni,4739
014,Sondrio,Lombardia,2019,morti,2049
014,Sondrio,Lombardia,2020,morti,2535
014,Sondrio,Lombardia,2021,morti,2062
014,Sondrio,Lombardia,2022,morti,2163
014,Sondrio,Lombardia,2023,morti,2023
014,Sondrio,Lombardia,2024,morti,2083
014,Sondrio,Lombardia,2019,nati,1314
014,Sondrio,Lombardia,2020,nati,1185
014,Sondrio,Lombardia,2021,nati,1227
014,Sondrio,Lombardia,2022,nati,1194
014,Sondrio,Lombardia,2023,nati,1132
014,Sondrio,Lombardia,2024,nati,1148
014,Sondrio,Lombardia,2019,popolazione_censita,180425
014,Sondrio,Lombardia,2020,popolazione_censita,178798
014,Sondrio,Lombardia,2021,popolazione_censita,178784
014,Sondrio,Lombardia,2022,popolazione_censita,178795
014,Sondrio,Lombardia,2023,popolazione_censita,178873
014,Sondrio,Lombardia,2024,popolazione_censita,179100
014,Sondrio,Lombardia,2019,popolazione_fine,180854
014,Sondrio,Lombardia,2020,popolazione_fine,179707
014,Sondrio,Lombardia,2021,popolazione_fine,178695
014,Sondrio,Lombardia,2022,popolazione_fine,178903
014,Sondrio,Lombardia,2023,popolazione_fine,178973
014,Sondrio,Lombardia,2024,popolazione_fine,179104
014,Sondrio,Lombardia,2019,popolazione_inizio,180680
014,Sondrio,Lombardia,2020,popolazione_inizio,180425
014,Sondrio,Lombardia,2021,popolazione_inizio,178798
014,Sondrio,Lombardia,2022,popolazione_inizio,178784
014,Sondrio,Lombardia,2023,popolazione_inizio,178795
014,Sondrio,Lombardia,2024,popolazione_inizio,178873
014,Sondrio,Lombardia,2019,variazioni_territoriali,0
014,Sondrio,Lombardia,2020,variazioni_territoriali,0
014,Sondrio,Lombardia,2021,variazioni_territoriali,0
014,Sondrio,Lombardia,2022,variazioni_territoriali,0
014,Sondrio,Lombardia,2023,variazioni_territoriali,0
014,Sondrio,Lombardia,2024,variazioni_territoriali,0
015,Milano,Lombardia,2019,aggiustamento_statistico,-3922
015,Milano,Lombardia,2020,aggiustamento_statistico,-16595
015,Milano,Lombardia,2021,aggiustamento_statistico,-28569
015,Milano,Lombardia,2022,aggiustamento_statistico,3781
015,Milano,Lombardia,2023,aggiustamento_statistico,-2667
015,Milano,Lombardia,2024,aggiustamento_statistico,-4627
015,Milano,Lombardia,2019,emigrati_estero,10530
015,Milano,Lombardia,2020,emigrati_estero,9427
015,Milano,Lombardia,2021,emigrati_estero,9706
015,Milano,Lombardia,2022,emigrati_estero,8577
015,Milano,Lombardia,2023,emigrati_estero,11133
015,Milano,Lombardia,2024,emigrati_estero,11862
015,Milano,Lombardia,2019,emigrati_interni,94030
015,Milano,Lombardia,2020,emigrati_interni,85446
015,Milano,Lombardia,2021,emigrati_interni,97565
015,Milano,Lombardia,2022,emigrati_interni,98674
015,Milano,Lombardia,2023,emigrati_interni,98548
015,Milano,Lombardia,2024,emigrati_interni,97189
015,Milano,Lombardia,2019,immigrati_estero,27021
015,Milano,Lombardia,2020,immigrati_estero,19545
015,Milano,Lombardia,2021,immigrati_estero,23396
015,Milano,Lombardia,2022,immigrati_estero,31338
015,Milano,Lombardia,2023,immigrati_estero,40414
015,Milano,Lombardia,2024,immigrati_estero,33989
015,Milano,Lombardia,2019,immigrati_interni,103765
015,Milano,Lombardia,2020,immigrati_interni,86416
015,Milano,Lombardia,2021,immigrati_interni,95743
015,Milano,Lombardia,2022,immigrati_interni,98224
015,Milano,Lombardia,2023,immigrati_interni,100268
015,Milano,Lombardia,2024,immigrati_interni,91110
015,Milano,Lombardia,2019,morti,31308
015,Milano,Lombardia,2020,morti,41261
015,Milano,Lombardia,2021,morti,33642
015,Milano,Lombardia,2022,morti,35390
015,Milano,Lombardia,2023,morti,32797
015,Milano,Lombardia,2024,morti,31866
015,Milano,Lombardia,2019,nati,24254
015,Milano,Lombardia,2020,nati,23254
015,Milano,Lombardia,2021,nati,23160
015,Milano,Lombardia,2022,nati,22674
015,Milano,Lombardia,2023,nati,21916
015,Milano,Lombardia,2024,nati,21441
015,Milano,Lombardia,2019,popolazione_censita,3265327
015,Milano,Lombardia,2020,popolazione_censita,3241813
015,Milano,Lombardia,2021,popolazione_censita,3214630
015,Milano,Lombardia,2022,popolazione_censita,3228006
015,Milano,Lombardia,2023,popolazione_censita,3245459
015,Milano,Lombardia,2024,popolazione_censita,3246455
015,Milano,Lombardia,2019,popolazione_fine,3269249
015,Milano,Lombardia,2020,popolazione_fine,3258408
015,Milano,Lombardia,2021,popolazione_fine,3243199
015,Milano,Lombardia,2022,popolazione_fine,3224225
015,Milano,Lombardia,2023,popolazione_fine,3248126
015,Milano,Lombardia,2024,popolazione_fine,3251082
015,Milano,Lombardia,2019,popolazione_inizio,3250077
015,Milano,Lombardia,2020,popolazione_inizio,3265327
015,Milano,Lombardia,2021,popolazione_inizio,3241813
015,Milano,Lombardia,2022,popolazione_inizio,3214630
015,Milano,Lombardia,2023,popolazione_inizio,3228006
015,Milano,Lombardia,2024,popolazione_inizio,3245459
015,Milano,Lombardia,2019,variazioni_territoriali,0
015,Milano,Lombardia,2020,variazioni_territoriali,0
015,Milano,Lombardia,2021,variazioni_territoriali,0
015,Milano,Lombardia,2022,variazioni_territoriali,0
015,Milano,Lombardia,2023,variazioni_territoriali,0
015,Milano,Lombardia,2024,variazioni_territoriali,0
016,Bergamo,Lombardia,2019,aggiustamento_statistico,-2945
016,Bergamo,Lombardia,2020,aggiustamento_statistico,1152
016,Bergamo,Lombardia,2021,aggiustamento_statistico,-2392
016,Bergamo,Lombardia,2022,aggiustamento_statistico,5
016,Bergamo,Lombardia,2023,aggiustamento_statistico,-630
016,Bergamo,Lombardia,2024,aggiustamento_statistico,-84
016,Bergamo,Lombardia,2019,emigrati_estero,3670
016,Bergamo,Lombardia,2020,emigrati_estero,3642
016,Bergamo,Lombardia,2021,emigrati_estero,3422
016,Bergamo,Lombardia,2022,emigrati_estero,3398
016,Bergamo,Lombardia,2023,emigrati_estero,3206
016,Bergamo,Lombardia,2024,emigrati_estero,3930
016,Bergamo,Lombardia,2019,emigrati_interni,35240
016,Bergamo,Lombardia,2020,emigrati_interni,31559
016,Bergamo,Lombardia,2021,emigrati_interni,34393
016,Bergamo,Lombardia,2022,emigrati_interni,34836
016,Bergamo,Lombardia,2023,emigrati_interni,33327
016,Bergamo,Lombardia,2024,emigrati_interni,32818
016,Bergamo,Lombardia,2019,immigrati_estero,7141
016,Bergamo,Lombardia,2020,immigrati_estero,4588
016,Bergamo,Lombardia,2021,immigrati_estero,5549
016,Bergamo,Lombardia,2022,immigrati_estero,7502
016,Bergamo,Lombardia,2023,immigrati_estero,8356
016,Bergamo,Lombardia,2024,immigrati_estero,8467
016,Bergamo,Lombardia,2019,immigrati_interni,37590
016,Bergamo,Lombardia,2020,immigrati_interni,33433
016,Bergamo,Lombardia,2021,immigrati_interni,36664
016,Bergamo,Lombardia,2022,immigrati_interni,38200
016,Bergamo,Lombardia,2023,immigrati_interni,36374
016,Bergamo,Lombardia,2024,immigrati_interni,36039
016,Bergamo,Lombardia,2019,morti,10184
016,Bergamo,Lombardia,2020,morti,16215
016,Bergamo,Lombardia,2021,morti,10261
016,Bergamo,Lombardia,2022,morti,11642
016,Bergamo,Lombardia,2023,morti,10800
016,Bergamo,Lombardia,2024,morti,10688
016,Bergamo,Lombardia,2019,nati,8275
016,Bergamo,Lombardia,2020,nati,7673
016,Bergamo,Lombardia,2021,nati,7696
016,Bergamo,Lombardia,2022,nati,7475
016,Bergamo,Lombardia,2023,nati,7357
016,Bergamo,Lombardia,2024,nati,7367
016,Bergamo,Lombardia,2019,popolazione_censita,1108126
016,Bergamo,Lombardia,2020,popolazione_censita,1103556
016,Bergamo,Lombardia,2021,popolazione_censita,1102997
016,Bergamo,Lombardia,2022,popolazione_censita,1106303
016,Bergamo,Lombardia,2023,popolazione_censita,1110427
016,Bergamo,Lombardia,2024,popolazione_censita,1114780
016,Bergamo,Lombardia,2019,popolazione_fine,1111071
016,Bergamo,Lombardia,2020,popolazione_fine,1102404
016,Bergamo,Lombardia,2021,popolazione_fine,1105389
016,Bergamo,Lombardia,2022,popolazione_fine,1106298
016,Bergamo,Lombardia,2023,popolazione_fine,1111057
016,Bergamo,Lombardia,2024,popolazione_fine,1114864
016,Bergamo,Lombardia,2019,popolazione_inizio,1107159
016,Bergamo,Lombardia,2020,popolazione_inizio,1108126
016,Bergamo,Lombardia,2021,popolazione_inizio,1103556
016,Bergamo,Lombardia,2022,popolazione_inizio,1102997
016,Bergamo,Lombardia,2023,popolazione_inizio,1106303
016,Bergamo,Lombardia,2024,popolazione_inizio,1110427
016,Bergamo,Lombardia,2019,variazioni_territoriali,0
016,Bergamo,Lombardia,2020,variazioni_territoriali,0
016,Bergamo,Lombardia,2021,variazioni_territoriali,0
016,Bergamo,Lombardia,2022,variazioni_territoriali,0
016,Bergamo,Lombardia,2023,variazioni_territoriali,0
016,Bergamo,Lombardia,2024,variazioni_territoriali,0
017,Brescia,Lombardia,2019,aggiustamento_statistico,-3969
017,Brescia,Lombardia,2020,aggiustamento_statistico,4685
017,Brescia,Lombardia,2021,aggiustamento_statistico,-4041
017,Brescia,Lombardia,2022,aggiustamento_statistico,0
017,Brescia,Lombardia,2023,aggiustamento_statistico,-1152
017,Brescia,Lombardia,2024,aggiustamento_statistico,-81
017,Brescia,Lombardia,2019,emigrati_estero,4644
017,Brescia,Lombardia,2020,emigrati_estero,4600
017,Brescia,Lombardia,2021,emigrati_estero,4389
017,Brescia,Lombardia,2022,emigrati_estero,4206
017,Brescia,Lombardia,2023,emigrati_estero,4165
017,Brescia,Lombardia,2024,emigrati_estero,4638
017,Brescia,Lombardia,2019,emigrati_interni,36342
017,Brescia,Lombardia,2020,emigrati_interni,33560
017,Brescia,Lombardia,2021,emigrati_interni,36129
017,Brescia,Lombardia,2022,emigrati_interni,35750
017,Brescia,Lombardia,2023,emigrati_interni,35029
017,Brescia,Lombardia,2024,emigrati_interni,33710
017,Brescia,Lombardia,2019,immigrati_estero,9211
017,Brescia,Lombardia,2020,immigrati_estero,5785
017,Brescia,Lombardia,2021,immigrati_estero,7764
017,Brescia,Lombardia,2022,immigrati_estero,9996
017,Brescia,Lombardia,2023,immigrati_estero,10626
017,Brescia,Lombardia,2024,immigrati_estero,11077
017,Brescia,Lombardia,2019,immigrati_interni,39276
017,Brescia,Lombardia,2020,immigrati_interni,35390
017,Brescia,Lombardia,2021,immigrati_interni,38644
017,Brescia,Lombardia,2022,immigrati_interni,38366
017,Brescia,Lombardia,2023,immigrati_interni,36794
017,Brescia,Lombardia,2024,immigrati_interni,36020
017,Brescia,Lombardia,2019,morti,11875
017,Brescia,Lombardia,2020,morti,16478
017,Brescia,Lombardia,2021,morti,13219
017,Brescia,Lombardia,2022,morti,12938
017,Brescia,Lombardia,2023,morti,12069
017,Brescia,Lombardia,2024,morti,12053
017,Brescia,Lombardia,2019,nati,9361
017,Brescia,Lombardia,2020,nati,9050
017,Brescia,Lombardia,2021,nati,8818
017,Brescia,Lombardia,2022,nati,8701
017,Brescia,Lombardia,2023,nati,8624
017,Brescia,Lombardia,2024,nati,8314
017,Brescia,Lombardia,2019,popolazione_censita,1255437
017,Brescia,Lombardia,2020,popolazione_censita,1255709
017,Brescia,Lombardia,2021,popolazione_censita,1253157
017,Brescia,Lombardia,2022,popolazione_censita,1257326
017,Brescia,Lombardia,2023,popolazione_censita,1260955
017,Brescia,Lombardia,2024,popolazione_censita,1265884
017,Brescia,Lombardia,2019,popolazione_fine,1259406
017,Brescia,Lombardia,2020,popolazione_fine,1251024
017,Brescia,Lombardia,2021,popolazione_fine,1257198
017,Brescia,Lombardia,2022,popolazione_fine,1257326
017,Brescia,Lombardia,2023,popolazione_fine,1262107
017,Brescia,Lombardia,2024,popolazione_fine,1265965
017,Brescia,Lombardia,2019,popolazione_inizio,1254419
017,Brescia,Lombardia,2020,popolazione_inizio,1255437
017,Brescia,Lombardia,2021,popolazione_inizio,1255709
017,Brescia,Lombardia,2022,popolazione_inizio,1253157
017,Brescia,Lombardia,2023,popolazione_inizio,1257326
017,Brescia,Lombardia,2024,popolazione_inizio,1260955
017,Brescia,Lombardia,2019,variazioni_territoriali,0
017,Brescia,Lombardia,2020,variazioni_territoriali,0
017,Brescia,Lombardia,2021,variazioni_territoriali,0
017,Brescia,Lombardia,2022,variazioni_territoriali,0
017,Brescia,Lombardia,2023,variazioni_territoriali,0
017,Brescia,Lombardia,2024,variazioni_territoriali,0
018,Pavia,Lombardia,2019,aggiustamento_statistico,-1288
018,Pavia,Lombardia,2020,aggiustamento_statistico,-580
018,Pavia,Lombardia,2021,aggiustamento_statistico,-702
018,Pavia,Lombardia,2022,aggiustamento_statistico,387
018,Pavia,Lombardia,2023,aggiustamento_statistico,-370
018,Pavia,Lombardia,2024,aggiustamento_statistico,-25
018,Pavia,Lombardia,2019,emigrati_estero,1900
018,Pavia,Lombardia,2020,emigrati_estero,1481
018,Pavia,Lombardia,2021,emigrati_estero,1620
018,Pavia,Lombardia,2022,emigrati_estero,1621
018,Pavia,Lombardia,2023,emigrati_estero,1692
018,Pavia,Lombardia,2024,emigrati_estero,1890
018,Pavia,Lombardia,2019,emigrati_interni,19353
018,Pavia,Lombardia,2020,emigrati_interni,17011
018,Pavia,Lombardia,2021,emigrati_interni,18074
018,Pavia,Lombardia,2022,emigrati_interni,18598
018,Pavia,Lombardia,2023,emigrati_interni,18312
018,Pavia,Lombardia,2024,emigrati_interni,17691
018,Pavia,Lombardia,2019,immigrati_estero,3697
018,Pavia,Lombardia,2020,immigrati_estero,2419
018,Pavia,Lombardia,2021,immigrati_estero,3264
018,Pavia,Lombardia,2022,immigrati_estero,4968
018,Pavia,Lombardia,2023,immigrati_estero,5353
018,Pavia,Lombardia,2024,immigrati_estero,6206
018,Pavia,Lombardia,2019,immigrati_interni,20850
018,Pavia,Lombardia,2020,immigrati_interni,17933
018,Pavia,Lombardia,2021,immigrati_interni,19893
018,Pavia,Lombardia,2022,immigrati_interni,21041
018,Pavia,Lombardia,2023,immigrati_interni,21209
018,Pavia,Lombardia,2024,immigrati_interni,20576
018,Pavia,Lombardia,2019,morti,6964
018,Pavia,Lombardia,2020,morti,9246
018,Pavia,Lombardia,2021,morti,7357
018,Pavia,Lombardia,2022,morti,7654
018,Pavia,Lombardia,2023,morti,7213
018,Pavia,Lombardia,2024,morti,7141
018,Pavia,Lombardia,2019,nati,3617
018,Pavia,Lombardia,2020,nati,3391
018,Pavia,Lombardia,2021,nati,3301
018,Pavia,Lombardia,2022,nati,3377
018,Pavia,Lombardia,2023,nati,3251
018,Pavia,Lombardia,2024,nati,3282
018,Pavia,Lombardia,2019,popolazione_censita,540376
018,Pavia,Lombardia,2020,popolazione_censita,535801
018,Pavia,Lombardia,2021,popolazione_censita,534506
018,Pavia,Lombardia,2022,popolazione_censita,536406
018,Pavia,Lombardia,2023,popolazione_censita,538632
018,Pavia,Lombardia,2024,popolazione_censita,541949
018,Pavia,Lombardia,2019,popolazione_fine,541664
018,Pavia,Lombardia,2020,popolazione_fine,536381
018,Pavia,Lombardia,2021,popolazione_fine,535208
018,Pavia,Lombardia,2022,popolazione_fine,536019
018,Pavia,Lombardia,2023,popolazione_fine,539002
018,Pavia,Lombardia,2024,popolazione_fine,541974
018,Pavia,Lombardia,2019,popolazione_inizio,541717
018,Pavia,Lombardia,2020,popolazione_inizio,540376
018,Pavia,Lombardia,2021,popolazione_inizio,535801
018,Pavia,Lombardia,2022,popolazione_inizio,534506
018,Pavia,Lombardia,2023,popolazione_inizio,536406
018,Pavia,Lombardia,2024,popolazione_inizio,538632
018,Pavia,Lombardia,2019,variazioni_territoriali,0
018,Pavia,Lombardia,2020,variazioni_territoriali,0
018,Pavia,Lombardia,2021,variazioni_territoriali,0
018,Pavia,Lombardia,2022,variazioni_territoriali,0
018,Pavia,Lombardia,2023,variazioni_territoriali,0
018,Pavia,Lombardia,2024,variazioni_territoriali,0
019,Cremona,Lombardia,2019,aggiustamento_statistico,-623
019,Cremona,Lombardia,2020,aggiustamento_statistico,-680
019,Cremona,Lombardia,2021,aggiustamento_statistico,-519
019,Cremona,Lombardia,2022,aggiustamento_statistico,-137
019,Cremona,Lombardia,2023,aggiustamento_statistico,-598
019,Cremona,Lombardia,2024,aggiustamento_statistico,-122
019,Cremona,Lombardia,2019,emigrati_estero,1173
019,Cremona,Lombardia,2020,emigrati_estero,1002
019,Cremona,Lombardia,2021,emigrati_estero,1107
019,Cremona,Lombardia,2022,emigrati_estero,1013
019,Cremona,Lombardia,2023,emigrati_estero,986
019,Cremona,Lombardia,2024,emigrati_estero,1036
019,Cremona,Lombardia,2019,emigrati_interni,10249
019,Cremona,Lombardia,2020,emigrati_interni,9266
019,Cremona,Lombardia,2021,emigrati_interni,10417
019,Cremona,Lombardia,2022,emigrati_interni,10462
019,Cremona,Lombardia,2023,emigrati_interni,10197
019,Cremona,Lombardia,2024,emigrati_interni,9903
019,Cremona,Lombardia,2019,immigrati_estero,2144
019,Cremona,Lombardia,2020,immigrati_estero,1590
019,Cremona,Lombardia,2021,immigrati_estero,1999
019,Cremona,Lombardia,2022,immigrati_estero,2633
019,Cremona,Lombardia,2023,immigrati_estero,2992
019,Cremona,Lombardia,2024,immigrati_estero,2841
019,Cremona,Lombardia,2019,immigrati_interni,11149
019,Cremona,Lombardia,2020,immigrati_interni,9627
019,Cremona,Lombardia,2021,immigrati_interni,11292
019,Cremona,Lombardia,2022,immigrati_interni,11696
019,Cremona,Lombardia,2023,immigrati_interni,11464
019,Cremona,Lombardia,2024,immigrati_interni,11121
019,Cremona,Lombardia,2019,morti,3976
019,Cremona,Lombardia,2020,morti,6256
019,Cremona,Lombardia,2021,morti,4201
019,Cremona,Lombardia,2022,morti,4407
019,Cremona,Lombardia,2023,morti,4131
019,Cremona,Lombardia,2024,morti,4183
019,Cremona,Lombardia,2019,nati,2486
019,Cremona,Lombardia,2020,nati,2321
019,Cremona,Lombardia,2021,nati,2365
019,Cremona,Lombardia,2022,nati,2225
019,Cremona,Lombardia,2023,nati,2232
019,Cremona,Lombardia,2024,nati,2240
019,Cremona,Lombardia,2019,popolazione_censita,355908
019,Cremona,Lombardia,2020,popolazione_censita,352242
019,Cremona,Lombardia,2021,popolazione_censita,351654
019,Cremona,Lombardia,2022,popolazione_censita,352189
019,Cremona,Lombardia,2023,popolazione_censita,352965
019,Cremona,Lombardia,2024,popolazione_censita,353923
019,Cremona,Lombardia,2019,popolazione_fine,356531
019,Cremona,Lombardia,2020,popolazione_fine,352922
019,Cremona,Lombardia,2021,popolazione_fine,352173
019,Cremona,Lombardia,2022,popolazione_fine,352326
019,Cremona,Lombardia,2023,popolazione_fine,353563
019,Cremona,Lombardia,2024,popolazione_fine,354045
019,Cremona,Lombardia,2019,popolazione_inizio,356150
019,Cremona,Lombardia,2020,popolazione_inizio,355908
019,Cremona,Lombardia,2021,popolazione_inizio,352242
019,Cremona,Lombardia,2022,popolazione_inizio,351654
019,Cremona,Lombardia,2023,popolazione_inizio,352189
019,Cremona,Lombardia,2024,popolazione_inizio,352965
019,Cremona,Lombardia,2019,variazioni_territoriali,0
019,Cremona,Lombardia,2020,variazioni_territoriali,0
019,Cremona,Lombardia,2021,variazioni_territoriali,0
019,Cremona,Lombardia,2022,variazioni_territoriali,0
019,Cremona,Lombardia,2023,variazioni_territoriali,0
019,Cremona,Lombardia,2024,variazioni_territoriali,0
020,Mantova,Lombardia,2019,aggiustamento_statistico,-1362
020,Mantova,Lombardia,2020,aggiustamento_statistico,794
020,Mantova,Lombardia,2021,aggiustamento_statistico,-1565
020,Mantova,Lombardia,2022,aggiustamento_statistico,-68
020,Mantova,Lombardia,2023,aggiustamento_statistico,-403
020,Mantova,Lombardia,2024,aggiustamento_statistico,-126
020,Mantova,Lombardia,2019,emigrati_estero,1715
020,Mantova,Lombardia,2020,emigrati_estero,1753
020,Mantova,Lombardia,2021,emigrati_estero,1674
020,Mantova,Lombardia,2022,emigrati_estero,1411
020,Mantova,Lombardia,2023,emigrati_estero,1491
020,Mantova,Lombardia,2024,emigrati_estero,1672
020,Mantova,Lombardia,2019,emigrati_interni,12398
020,Mantova,Lombardia,2020,emigrati_interni,10975
020,Mantova,Lombardia,2021,emigrati_interni,11872
020,Mantova,Lombardia,2022,emigrati_interni,11486
020,Mantova,Lombardia,2023,emigrati_interni,11660
020,Mantova,Lombardia,2024,emigrati_interni,11301
020,Mantova,Lombardia,2019,immigrati_estero,3378
020,Mantova,Lombardia,2020,immigrati_estero,2425
020,Mantova,Lombardia,2021,immigrati_estero,3169
020,Mantova,Lombardia,2022,immigrati_estero,4150
020,Mantova,Lombardia,2023,immigrati_estero,3719
020,Mantova,Lombardia,2024,immigrati_estero,3775
020,Mantova,Lombardia,2019,immigrati_interni,12982
020,Mantova,Lombardia,2020,immigrati_interni,11710
020,Mantova,Lombardia,2021,immigrati_interni,12802
020,Mantova,Lombardia,2022,immigrati_interni,12920
020,Mantova,Lombardia,2023,immigrati_interni,13025
020,Mantova,Lombardia,2024,immigrati_interni,12297
020,Mantova,Lombardia,2019,morti,4716
020,Mantova,Lombardia,2020,morti,5787
020,Mantova,Lombardia,2021,morti,5106
020,Mantova,Lombardia,2022,morti,5069
020,Mantova,Lombardia,2023,morti,4885
020,Mantova,Lombardia,2024,morti,4736
020,Mantova,Lombardia,2019,nati,2899
020,Mantova,Lombardia,2020,nati,2728
020,Mantova,Lombardia,2021,nati,2661
020,Mantova,Lombardia,2022,nati,2607
020,Mantova,Lombardia,2023,nati,2578
020,Mantova,Lombardia,2024,nati,2505
020,Mantova,Lombardia,2019,popolazione_censita,406919
020,Mantova,Lombardia,2020,popolazione_censita,406061
020,Mantova,Lombardia,2021,popolazione_censita,404476
020,Mantova,Lombardia,2022,popolazione_censita,406119
020,Mantova,Lombardia,2023,popolazione_censita,407002
020,Mantova,Lombardia,2024,popolazione_censita,407744
020,Mantova,Lombardia,2019,popolazione_fine,408281
020,Mantova,Lombardia,2020,popolazione_fine,405267
020,Mantova,Lombardia,2021,popolazione_fine,406041
020,Mantova,Lombardia,2022,popolazione_fine,406187
020,Mantova,Lombardia,2023,popolazione_fine,407405
020,Mantova,Lombardia,2024,popolazione_fine,407870
020,Mantova,Lombardia,2019,popolazione_inizio,407851
020,Mantova,Lombardia,2020,popolazione_inizio,406919
020,Mantova,Lombardia,2021,popolazione_inizio,406061
020,Mantova,Lombardia,2022,popolazione_inizio,404476
020,Mantova,Lombardia,2023,popolazione_inizio,406119
020,Mantova,Lombardia,2024,popolazione_inizio,407002
020,Mantova,Lombardia,2019,variazioni_territoriali,0
020,Mantova,Lombardia,2020,variazioni_territoriali,0
020,Mantova,Lombardia,2021,variazioni_territoriali,0
020,Mantova,Lombardia,2022,variazioni_territoriali,0
020,Mantova,Lombardia,2023,variazioni_territoriali,0
020,Mantova,Lombardia,2024,variazioni_territoriali,0
021,Bolzano/Bozen,Trentino-Alto Adige/Südtirol,2019,aggiustamento_statistico,188
021,Bolzano/Bozen,Trentino-Alto Adige/Südtirol,2020,aggiustamento_statistico,1390
021,Bolzano/Bozen,Trentino-Alto Adige/Südtirol,2021,aggiustamento_statistico,-3779
021,Bolzano/Bozen,Trentino-Alto Adige/Südtirol,2022,aggiustamento_statistico,141
021,Bolzano/Bozen,Trentino-Alto Adige/Südtirol,2023,aggiustamento_statistico,708
021,Bolzano/Bozen,Trentino-Alto Adige/Südtirol,2024,aggiustamento_statistico,252
021,Bolzano/Bozen,Trentino-Alto Adige/Südtirol,2019,emigrati_estero,3871
021,Bolzano/Bozen,Trentino-Alto Adige/Südtirol,2020,emigrati_estero,2854
021,Bolzano/Bozen,Trentino-Alto Adige/Südtirol,2021,emigrati_estero,2845
021,Bolzano/Bozen,Trentino-Alto Adige/Südtirol,2022,emigrati_estero,3194
021,Bolzano/Bozen,Trentino-Alto Adige/Südtirol,2023,emigrati_estero,3263
021,Bolzano/Bozen,Trentino-Alto Adige/Südtirol,2024,emigrati_estero,3401
021,Bolzano/Bozen,Trentino-Alto Adige/Südtirol,2019,emigrati_interni,12932
021,Bolzano/Bozen,Trentino-Alto Adige/Südtirol,2020,emigrati_interni,12266
021,Bolzano/Bozen,Trentino-Alto Adige/Südtirol,2021,emigrati_interni,13207
021,Bolzano/Bozen,Trentino-Alto Adige/Südtirol,2022,emigrati_interni,13560
021,Bolzano/Bozen,Trentino-Alto Adige/Südtirol,2023,emigrati_interni,12920
021,Bolzano/Bozen,Trentino-Alto Adige/Südtirol,2024,emigrati_interni,12337
021,Bolzano/Bozen,Trentino-Alto Adige/Südtirol,2019,immigrati_estero,3781
021,Bolzano/Bozen,Trentino-Alto Adige/Südtirol,2020,immigrati_estero,3030
021,Bolzano/Bozen,Trentino-Alto Adige/Südtirol,2021,immigrati_estero,3645
021,Bolzano/Bozen,Trentino-Alto Adige/Südtirol,2022,immigrati_estero,4465
021,Bolzano/Bozen,Trentino-Alto Adige/Südtirol,2023,immigrati_estero,5051
021,Bolzano/Bozen,Trentino-Alto Adige/Südtirol,2024,immigrati_estero,4667
021,Bolzano/Bozen,Trentino-Alto Adige/Südtirol,2019,immigrati_interni,14385
021,Bolzano/Bozen,Trentino-Alto Adige/Südtirol,2020,immigrati_interni,13224
021,Bolzano/Bozen,Trentino-Alto Adige/Südtirol,2021,immigrati_interni,13697
021,Bolzano/Bozen,Trentino-Alto Adige/Südtirol,2022,immigrati_interni,13988
021,Bolzano/Bozen,Trentino-Alto Adige/Südtirol,2023,immigrati_interni,13678
021,Bolzano/Bozen,Trentino-Alto Adige/Südtirol,2024,immigrati_interni,12980
021,Bolzano/Bozen,Trentino-Alto Adige/Südtirol,2019,morti,4454
021,Bolzano/Bozen,Trentino-Alto Adige/Südtirol,2020,morti,5447
021,Bolzano/Bozen,Trentino-Alto Adige/Südtirol,2021,morti,4980
021,Bolzano/Bozen,Trentino-Alto Adige/Südtirol,2022,morti,5221
021,Bolzano/Bozen,Trentino-Alto Adige/Südtirol,2023,morti,4563
021,Bolzano/Bozen,Trentino-Alto Adige/Südtirol,2024,morti,4552
021,Bolzano/Bozen,Trentino-Alto Adige/Südtirol,2019,nati,5234
021,Bolzano/Bozen,Trentino-Alto Adige/Südtirol,2020,nati,5191
021,Bolzano/Bozen,Trentino-Alto Adige/Südtirol,2021,nati,5173
021,Bolzano/Bozen,Trentino-Alto Adige/Südtirol,2022,nati,4912
021,Bolzano/Bozen,Trentino-Alto Adige/Südtirol,2023,nati,4695
021,Bolzano/Bozen,Trentino-Alto Adige/Südtirol,2024,nati,4537
021,Bolzano/Bozen,Trentino-Alto Adige/Südtirol,2019,popolazione_censita,532644
021,Bolzano/Bozen,Trentino-Alto Adige/Südtirol,2020,popolazione_censita,534912
021,Bolzano/Bozen,Trentino-Alto Adige/Südtirol,2021,popolazione_censita,532616
021,Bolzano/Bozen,Trentino-Alto Adige/Südtirol,2022,popolazione_censita,534147
021,Bolzano/Bozen,Trentino-Alto Adige/Südtirol,2023,popolazione_censita,537533
021,Bolzano/Bozen,Trentino-Alto Adige/Südtirol,2024,popolazione_censita,539679
021,Bolzano/Bozen,Trentino-Alto Adige/Südtirol,2019,popolazione_fine,532456
021,Bolzano/Bozen,Trentino-Alto Adige/Südtirol,2020,popolazione_fine,533522
021,Bolzano/Bozen,Trentino-Alto Adige/Südtirol,2021,popolazione_fine,536395
021,Bolzano/Bozen,Trentino-Alto Adige/Südtirol,2022,popolazione_fine,534006
021,Bolzano/Bozen,Trentino-Alto Adige/Südtirol,2023,popolazione_fine,536825
021,Bolzano/Bozen,Trentino-Alto Adige/Südtirol,2024,popolazione_fine,539427
021,Bolzano/Bozen,Trentino-Alto Adige/Südtirol,2019,popolazione_inizio,530313
021,Bolzano/Bozen,Trentino-Alto Adige/Südtirol,2020,popolazione_inizio,532644
021,Bolzano/Bozen,Trentino-Alto Adige/Südtirol,2021,popolazione_inizio,534912
021,Bolzano/Bozen,Trentino-Alto Adige/Südtirol,2022,popolazione_inizio,532616
021,Bolzano/Bozen,Trentino-Alto Adige/Südtirol,2023,popolazione_inizio,534147
021,Bolzano/Bozen,Trentino-Alto Adige/Südtirol,2024,popolazione_inizio,537533
021,Bolzano/Bozen,Trentino-Alto Adige/Südtirol,2019,variazioni_territoriali,0
021,Bolzano/Bozen,Trentino-Alto Adige/Südtirol,2020,variazioni_territoriali,0
021,Bolzano/Bozen,Trentino-Alto Adige/Südtirol,2021,variazioni_territoriali,0
021,Bolzano/Bozen,Trentino-Alto Adige/Südtirol,2022,variazioni_territoriali,0
021,Bolzano/Bozen,Trentino-Alto Adige/Südtirol,2023,variazioni_territoriali,0
021,Bolzano/Bozen,Trentino-Alto Adige/Südtirol,2024,variazioni_territoriali,0
022,Trento,Trentino-Alto Adige/Südtirol,2019,aggiustamento_statistico,-618
022,Trento,Trentino-Alto Adige/Südtirol,2020,aggiustamento_statistico,-3602
022,Trento,Trentino-Alto Adige/Südtirol,2021,aggiustamento_statistico,-2699
022,Trento,Trentino-Alto Adige/Südtirol,2022,aggiustamento_statistico,-489
022,Trento,Trentino-Alto Adige/Südtirol,2023,aggiustamento_statistico,-46
022,Trento,Trentino-Alto Adige/Südtirol,2024,aggiustamento_statistico,-337
022,Trento,Trentino-Alto Adige/Südtirol,2019,emigrati_estero,1833
022,Trento,Trentino-Alto Adige/Südtirol,2020,emigrati_estero,1593
022,Trento,Trentino-Alto Adige/Südtirol,2021,emigrati_estero,1591
022,Trento,Trentino-Alto Adige/Südtirol,2022,emigrati_estero,1674
022,Trento,Trentino-Alto Adige/Südtirol,2023,emigrati_estero,1698
022,Trento,Trentino-Alto Adige/Südtirol,2024,emigrati_estero,1898
022,Trento,Trentino-Alto Adige/Südtirol,2019,emigrati_interni,14730
022,Trento,Trentino-Alto Adige/Südtirol,2020,emigrati_interni,13419
022,Trento,Trentino-Alto Adige/Südtirol,2021,emigrati_interni,14358
022,Trento,Trentino-Alto Adige/Südtirol,2022,emigrati_interni,14849
022,Trento,Trentino-Alto Adige/Südtirol,2023,emigrati_interni,14317
022,Trento,Trentino-Alto Adige/Südtirol,2024,emigrati_interni,14246
022,Trento,Trentino-Alto Adige/Südtirol,2019,immigrati_estero,3173
022,Trento,Trentino-Alto Adige/Südtirol,2020,immigrati_estero,2704
022,Trento,Trentino-Alto Adige/Südtirol,2021,immigrati_estero,3047
022,Trento,Trentino-Alto Adige/Südtirol,2022,immigrati_estero,4023
022,Trento,Trentino-Alto Adige/Südtirol,2023,immigrati_estero,3904
022,Trento,Trentino-Alto Adige/Südtirol,2024,immigrati_estero,3872
022,Trento,Trentino-Alto Adige/Südtirol,2019,immigrati_interni,16547
022,Trento,Trentino-Alto Adige/Südtirol,2020,immigrati_interni,15129
022,Trento,Trentino-Alto Adige/Südtirol,2021,immigrati_interni,15600
022,Trento,Trentino-Alto Adige/Südtirol,2022,immigrati_interni,16450
022,Trento,Trentino-Alto Adige/Südtirol,2023,immigrati_interni,15700
022,Trento,Trentino-Alto Adige/Südtirol,2024,immigrati_interni,15486
022,Trento,Trentino-Alto Adige/Südtirol,2019,morti,5074
022,Trento,Trentino-Alto Adige/Südtirol,2020,morti,6526
022,Trento,Trentino-Alto Adige/Südtirol,2021,morti,5397
022,Trento,Trentino-Alto Adige/Südtirol,2022,morti,5434
022,Trento,Trentino-Alto Adige/Südtirol,2023,morti,5159
022,Trento,Trentino-Alto Adige/Südtirol,2024,morti,5221
022,Trento,Trentino-Alto Adige/Südtirol,2019,nati,4239
022,Trento,Trentino-Alto Adige/Südtirol,2020,nati,4048
022,Trento,Trentino-Alto Adige/Südtirol,2021,nati,4190
022,Trento,Trentino-Alto Adige/Südtirol,2022,nati,4011
022,Trento,Trentino-Alto Adige/Südtirol,2023,nati,3789
022,Trento,Trentino-Alto Adige/Südtirol,2024,nati,3748
022,Trento,Trentino-Alto Adige/Südtirol,2019,popolazione_censita,545425
022,Trento,Trentino-Alto Adige/Südtirol,2020,popolazione_censita,542166
022,Trento,Trentino-Alto Adige/Südtirol,2021,popolazione_censita,540958
022,Trento,Trentino-Alto Adige/Südtirol,2022,popolazione_censita,542996
022,Trento,Trentino-Alto Adige/Südtirol,2023,popolazione_censita,545169
022,Trento,Trentino-Alto Adige/Südtirol,2024,popolazione_censita,546573
022,Trento,Trentino-Alto Adige/Südtirol,2019,popolazione_fine,546043
022,Trento,Trentino-Alto Adige/Südtirol,2020,popolazione_fine,545768
022,Trento,Trentino-Alto Adige/Südtirol,2021,popolazione_fine,543657
022,Trento,Trentino-Alto Adige/Südtirol,2022,popolazione_fine,543485
022,Trento,Trentino-Alto Adige/Südtirol,2023,popolazione_fine,545215
022,Trento,Trentino-Alto Adige/Südtirol,2024,popolazione_fine,546910
022,Trento,Trentino-Alto Adige/Südtirol,2019,popolazione_inizio,543721
022,Trento,Trentino-Alto Adige/Südtirol,2020,popolazione_inizio,545425
022,Trento,Trentino-Alto Adige/Südtirol,2021,popolazione_inizio,542166
022,Trento,Trentino-Alto Adige/Südtirol,2022,popolazione_inizio,540958
022,Trento,Trentino-Alto Adige/Südtirol,2023,popolazione_inizio,542996
022,Trento,Trentino-Alto Adige/Südtirol,2024,popolazione_inizio,545169
022,Trento,Trentino-Alto Adige/Südtirol,2019,variazioni_territoriali,0
022,Trento,Trentino-Alto Adige/Südtirol,2020,variazioni_territoriali,0
022,Trento,Trentino-Alto Adige/Südtirol,2021,variazioni_territoriali,0
022,Trento,Trentino-Alto Adige/Südtirol,2022,variazioni_territoriali,0
022,Trento,Trentino-Alto Adige/Südtirol,2023,variazioni_territoriali,0
022,Trento,Trentino-Alto Adige/Südtirol,2024,variazioni_territoriali,0
023,Verona,Veneto,2019,aggiustamento_statistico,-2254
023,Verona,Veneto,2020,aggiustamento_statistico,3702
023,Verona,Veneto,2021,aggiustamento_statistico,-5475
023,Verona,Veneto,2022,aggiustamento_statistico,-674
023,Verona,Veneto,2023,aggiustamento_statistico,-365
023,Verona,Veneto,2024,aggiustamento_statistico,-468
023,Verona,Veneto,2019,emigrati_estero,2648
023,Verona,Veneto,2020,emigrati_estero,2820
023,Verona,Veneto,2021,emigrati_estero,2636
023,Verona,Veneto,2022,emigrati_estero,2747
023,Verona,Veneto,2023,emigrati_estero,2856
023,Verona,Veneto,2024,emigrati_estero,3135
023,Verona,Veneto,2019,emigrati_interni,26270
023,Verona,Veneto,2020,emigrati_interni,25145
023,Verona,Veneto,2021,emigrati_interni,26620
023,Verona,Veneto,2022,emigrati_interni,27203
023,Verona,Veneto,2023,emigrati_interni,26025
023,Verona,Veneto,2024,emigrati_interni,25270
023,Verona,Veneto,2019,immigrati_estero,6039
023,Verona,Veneto,2020,immigrati_estero,4586
023,Verona,Veneto,2021,immigrati_estero,5515
023,Verona,Veneto,2022,immigrati_estero,6537
023,Verona,Veneto,2023,immigrati_estero,6421
023,Verona,Veneto,2024,immigrati_estero,7071
023,Verona,Veneto,2019,immigrati_interni,28822
023,Verona,Veneto,2020,immigrati_interni,27088
023,Verona,Veneto,2021,immigrati_interni,28318
023,Verona,Veneto,2022,immigrati_interni,29200
023,Verona,Veneto,2023,immigrati_interni,27305
023,Verona,Veneto,2024,immigrati_interni,26315
023,Verona,Veneto,2019,morti,8939
023,Verona,Veneto,2020,morti,11163
023,Verona,Veneto,2021,morti,9589
023,Verona,Veneto,2022,morti,9979
023,Verona,Veneto,2023,morti,9406
023,Verona,Veneto,2024,morti,9010
023,Verona,Veneto,2019,nati,7135
023,Verona,Veneto,2020,nati,6820
023,Verona,Veneto,2021,nati,6701
023,Verona,Veneto,2022,nati,6498
023,Verona,Veneto,2023,nati,6240
023,Verona,Veneto,2024,nati,6149
023,Verona,Veneto,2019,popolazione_censita,924742
023,Verona,Veneto,2020,popolazione_censita,927810
023,Verona,Veneto,2021,popolazione_censita,924024
023,Verona,Veneto,2022,popolazione_censita,925656
023,Verona,Veneto,2023,popolazione_censita,926970
023,Verona,Veneto,2024,popolazione_censita,928622
023,Verona,Veneto,2019,popolazione_fine,926996
023,Verona,Veneto,2020,popolazione_fine,924108
023,Verona,Veneto,2021,popolazione_fine,929499
023,Verona,Veneto,2022,popolazione_fine,926330
023,Verona,Veneto,2023,popolazione_fine,927335
023,Verona,Veneto,2024,popolazione_fine,929090
023,Verona,Veneto,2019,popolazione_inizio,922857
023,Verona,Veneto,2020,popolazione_inizio,924742
023,Verona,Veneto,2021,popolazione_inizio,927810
023,Verona,Veneto,2022,popolazione_inizio,924024
023,Verona,Veneto,2023,popolazione_inizio,925656
023,Verona,Veneto,2024,popolazione_inizio,926970
023,Verona,Veneto,2019,variazioni_territoriali,0
023,Verona,Veneto,2020,variazioni_territoriali,0
023,Verona,Veneto,2021,variazioni_territoriali,0
023,Verona,Veneto,2022,variazioni_territoriali,0
023,Verona,Veneto,2023,variazioni_territoriali,0
023,Verona,Veneto,2024,variazioni_territoriali,0
024,Vicenza,Veneto,2019,aggiustamento_statistico,-2370
024,Vicenza,Veneto,2020,aggiustamento_statistico,2223
024,Vicenza,Veneto,2021,aggiustamento_statistico,-2871
024,Vicenza,Veneto,2022,aggiustamento_statistico,-68
024,Vicenza,Veneto,2023,aggiustamento_statistico,-859
024,Vicenza,Veneto,2024,aggiustamento_statistico,-252
024,Vicenza,Veneto,2019,emigrati_estero,3913
024,Vicenza,Veneto,2020,emigrati_estero,3652
024,Vicenza,Veneto,2021,emigrati_estero,3190
024,Vicenza,Veneto,2022,emigrati_estero,2809
024,Vicenza,Veneto,2023,emigrati_estero,2761
024,Vicenza,Veneto,2024,emigrati_estero,3243
024,Vicenza,Veneto,2019,emigrati_interni,25520
024,Vicenza,Veneto,2020,emigrati_interni,22996
024,Vicenza,Veneto,2021,emigrati_interni,24301
024,Vicenza,Veneto,2022,emigrati_interni,24439
024,Vicenza,Veneto,2023,emigrati_interni,23543
024,Vicenza,Veneto,2024,emigrati_interni,22852
024,Vicenza,Veneto,2019,immigrati_estero,5097
024,Vicenza,Veneto,2020,immigrati_estero,3502
024,Vicenza,Veneto,2021,immigrati_estero,4576
024,Vicenza,Veneto,2022,immigrati_estero,5783
024,Vicenza,Veneto,2023,immigrati_estero,6001
024,Vicenza,Veneto,2024,immigrati_estero,5685
024,Vicenza,Veneto,2019,immigrati_interni,27019
024,Vicenza,Veneto,2020,immigrati_interni,24221
024,Vicenza,Veneto,2021,immigrati_interni,25551
024,Vicenza,Veneto,2022,immigrati_interni,25457
024,Vicenza,Veneto,2023,immigrati_interni,24752
024,Vicenza,Veneto,2024,immigrati_interni,23879
024,Vicenza,Veneto,2019,morti,8039
024,Vicenza,Veneto,2020,morti,9681
024,Vicenza,Veneto,2021,morti,8751
024,Vicenza,Veneto,2022,morti,9219
024,Vicenza,Veneto,2023,morti,8415
024,Vicenza,Veneto,2024,morti,8385
024,Vicenza,Veneto,2019,nati,6084
024,Vicenza,Veneto,2020,nati,6048
024,Vicenza,Veneto,2021,nati,6163
024,Vicenza,Veneto,2022,nati,5935
024,Vicenza,Veneto,2023,nati,5656
024,Vicenza,Veneto,2024,nati,5721
024,Vicenza,Veneto,2019,popolazione_censita,855297
024,Vicenza,Veneto,2020,popolazione_censita,854962
024,Vicenza,Veneto,2021,popolazione_censita,852139
024,Vicenza,Veneto,2022,popolazione_censita,852779
024,Vicenza,Veneto,2023,popolazione_censita,853610
024,Vicenza,Veneto,2024,popolazione_censita,854163
024,Vicenza,Veneto,2019,popolazione_fine,857667
024,Vicenza,Veneto,2020,popolazione_fine,852739
024,Vicenza,Veneto,2021,popolazione_fine,855010
024,Vicenza,Veneto,2022,popolazione_fine,852847
024,Vicenza,Veneto,2023,popolazione_fine,854469
024,Vicenza,Veneto,2024,popolazione_fine,854415
024,Vicenza,Veneto,2019,popolazione_inizio,856939
024,Vicenza,Veneto,2020,popolazione_inizio,855297
024,Vicenza,Veneto,2021,popolazione_inizio,854962
024,Vicenza,Veneto,2022,popolazione_inizio,852139
024,Vicenza,Veneto,2023,popolazione_inizio,852779
024,Vicenza,Veneto,2024,popolazione_inizio,853610
024,Vicenza,Veneto,2019,variazioni_territoriali,0
024,Vicenza,Veneto,2020,variazioni_territoriali,0
024,Vicenza,Veneto,2021,variazioni_territoriali,0
024,Vicenza,Veneto,2022,variazioni_territoriali,0
024,Vicenza,Veneto,2023,variazioni_territoriali,0
024,Vicenza,Veneto,2024,variazioni_territoriali,0
025,Belluno,Veneto,2019,aggiustamento_statistico,-361
025,Belluno,Veneto,2020,aggiustamento_statistico,-413
025,Belluno,Veneto,2021,aggiustamento_statistico,-300
025,Belluno,Veneto,2022,aggiustamento_statistico,5
025,Belluno,Veneto,2023,aggiustamento_statistico,25
025,Belluno,Veneto,2024,aggiustamento_statistico,37
025,Belluno,Veneto,2019,emigrati_estero,719
025,Belluno,Veneto,2020,emigrati_estero,606
025,Belluno,Veneto,2021,emigrati_estero,567
025,Belluno,Veneto,2022,emigrati_estero,558
025,Belluno,Veneto,2023,emigrati_estero,654
025,Belluno,Veneto,2024,emigrati_estero,638
025,Belluno,Veneto,2019,emigrati_interni,5155
025,Belluno,Veneto,2020,emigrati_interni,4738
025,Belluno,Veneto,2021,emigrati_interni,4822
025,Belluno,Veneto,2022,emigrati_interni,4975
025,Belluno,Veneto,2023,emigrati_interni,4831
025,Belluno,Veneto,2024,emigrati_interni,4760
025,Belluno,Veneto,2019,immigrati_estero,1130
025,Belluno,Veneto,2020,immigrati_estero,776
025,Belluno,Veneto,2021,immigrati_estero,958
025,Belluno,Veneto,2022,immigrati_estero,1331
025,Belluno,Veneto,2023,immigrati_estero,1474
025,Belluno,Veneto,2024,immigrati_estero,1641
025,Belluno,Veneto,2019,immigrati_interni,5434
025,Belluno,Veneto,2020,immigrati_interni,4998
025,Belluno,Veneto,2021,immigrati_interni,5069
025,Belluno,Veneto,2022,immigrati_interni,5323
025,Belluno,Veneto,2023,immigrati_interni,5107
025,Belluno,Veneto,2024,immigrati_interni,5133
025,Belluno,Veneto,2019,morti,2469
025,Belluno,Veneto,2020,morti,2823
025,Belluno,Veneto,2021,morti,2542
025,Belluno,Veneto,2022,morti,2824
025,Belluno,Veneto,2023,morti,2501
025,Belluno,Veneto,2024,morti,2562
025,Belluno,Veneto,2019,nati,1180
025,Belluno,Veneto,2020,nati,1201
025,Belluno,Veneto,2021,nati,1176
025,Belluno,Veneto,2022,nati,1127
025,Belluno,Veneto,2023,nati,1063
025,Belluno,Veneto,2024,nati,1069
025,Belluno,Veneto,2019,popolazione_censita,201309
025,Belluno,Veneto,2020,popolazione_censita,199704
025,Belluno,Veneto,2021,popolazione_censita,198676
025,Belluno,Veneto,2022,popolazione_censita,198105
025,Belluno,Veneto,2023,popolazione_censita,197788
025,Belluno,Veneto,2024,popolazione_censita,197708
025,Belluno,Veneto,2019,popolazione_fine,201670
025,Belluno,Veneto,2020,popolazione_fine,200117
025,Belluno,Veneto,2021,popolazione_fine,198976
025,Belluno,Veneto,2022,popolazione_fine,198100
025,Belluno,Veneto,2023,popolazione_fine,197763
025,Belluno,Veneto,2024,popolazione_fine,197671
025,Belluno,Veneto,2019,popolazione_inizio,202269
025,Belluno,Veneto,2020,popolazione_inizio,201309
025,Belluno,Veneto,2021,popolazione_inizio,199704
025,Belluno,Veneto,2022,popolazione_inizio,198676
025,Belluno,Veneto,2023,popolazione_inizio,198105
025,Belluno,Veneto,2024,popolazione_inizio,197788
025,Belluno,Veneto,2019,variazioni_territoriali,0
025,Belluno,Veneto,2020,variazioni_territoriali,0
025,Belluno,Veneto,2021,variazioni_territoriali,0
025,Belluno,Veneto,2022,variazioni_territoriali,0
025,Belluno,Veneto,2023,variazioni_territoriali,0
025,Belluno,Veneto,2024,variazioni_territoriali,0
026,Treviso,Veneto,2019,aggiustamento_statistico,-1764
026,Treviso,Veneto,2020,aggiustamento_statistico,-1267
026,Treviso,Veneto,2021,aggiustamento_statistico,-2061
026,Treviso,Veneto,2022,aggiustamento_statistico,-53
026,Treviso,Veneto,2023,aggiustamento_statistico,-490
026,Treviso,Veneto,2024,aggiustamento_statistico,-502
026,Treviso,Veneto,2019,emigrati_estero,4246
026,Treviso,Veneto,2020,emigrati_estero,3529
026,Treviso,Veneto,2021,emigrati_estero,3145
026,Treviso,Veneto,2022,emigrati_estero,3017
026,Treviso,Veneto,2023,emigrati_estero,3011
026,Treviso,Veneto,2024,emigrati_estero,3641
026,Treviso,Veneto,2019,emigrati_interni,26656
026,Treviso,Veneto,2020,emigrati_interni,24486
026,Treviso,Veneto,2021,emigrati_interni,25277
026,Treviso,Veneto,2022,emigrati_interni,25306
026,Treviso,Veneto,2023,emigrati_interni,24928
026,Treviso,Veneto,2024,emigrati_interni,23950
026,Treviso,Veneto,2019,immigrati_estero,6038
026,Treviso,Veneto,2020,immigrati_estero,3953
026,Treviso,Veneto,2021,immigrati_estero,4678
026,Treviso,Veneto,2022,immigrati_estero,6158
026,Treviso,Veneto,2023,immigrati_estero,6445
026,Treviso,Veneto,2024,immigrati_estero,6499
026,Treviso,Veneto,2019,immigrati_interni,28019
026,Treviso,Veneto,2020,immigrati_interni,25537
026,Treviso,Veneto,2021,immigrati_interni,26188
026,Treviso,Veneto,2022,immigrati_interni,26420
026,Treviso,Veneto,2023,immigrati_interni,25532
026,Treviso,Veneto,2024,immigrati_interni,24468
026,Treviso,Veneto,2019,morti,8279
026,Treviso,Veneto,2020,morti,9487
026,Treviso,Veneto,2021,morti,9011
026,Treviso,Veneto,2022,morti,9251
026,Treviso,Veneto,2023,morti,8723
026,Treviso,Veneto,2024,morti,8543
026,Treviso,Veneto,2019,nati,6237
026,Treviso,Veneto,2020,nati,6174
026,Treviso,Veneto,2021,nati,6101
026,Treviso,Veneto,2022,nati,5987
026,Treviso,Veneto,2023,nati,5735
026,Treviso,Veneto,2024,nati,5536
026,Treviso,Veneto,2019,popolazione_censita,883522
026,Treviso,Veneto,2020,popolazione_censita,880417
026,Treviso,Veneto,2021,popolazione_censita,877890
026,Treviso,Veneto,2022,popolazione_censita,878828
026,Treviso,Veneto,2023,popolazione_censita,879388
026,Treviso,Veneto,2024,popolazione_censita,879255
026,Treviso,Veneto,2019,popolazione_fine,885286
026,Treviso,Veneto,2020,popolazione_fine,881684
026,Treviso,Veneto,2021,popolazione_fine,879951
026,Treviso,Veneto,2022,popolazione_fine,878881
026,Treviso,Veneto,2023,popolazione_fine,879878
026,Treviso,Veneto,2024,popolazione_fine,879757
026,Treviso,Veneto,2019,popolazione_inizio,884173
026,Treviso,Veneto,2020,popolazione_inizio,883522
026,Treviso,Veneto,2021,popolazione_inizio,880417
026,Treviso,Veneto,2022,popolazione_inizio,877890
026,Treviso,Veneto,2023,popolazione_inizio,878828
026,Treviso,Veneto,2024,popolazione_inizio,879388
026,Treviso,Veneto,2019,variazioni_territoriali,0
026,Treviso,Veneto,2020,variazioni_territoriali,0
026,Treviso,Veneto,2021,variazioni_territoriali,0
026,Treviso,Veneto,2022,variazioni_territoriali,0
026,Treviso,Veneto,2023,variazioni_territoriali,0
026,Treviso,Veneto,2024,variazioni_territoriali,0
027,Venezia,Veneto,2019,aggiustamento_statistico,-1605
027,Venezia,Veneto,2020,aggiustamento_statistico,-1901
027,Venezia,Veneto,2021,aggiustamento_statistico,-4785
027,Venezia,Veneto,2022,aggiustamento_statistico,-335
027,Venezia,Veneto,2023,aggiustamento_statistico,-96
027,Venezia,Veneto,2024,aggiustamento_statistico,-85
027,Venezia,Veneto,2019,emigrati_estero,2869
027,Venezia,Veneto,2020,emigrati_estero,2453
027,Venezia,Veneto,2021,emigrati_estero,2549
027,Venezia,Veneto,2022,emigrati_estero,2277
027,Venezia,Veneto,2023,emigrati_estero,2264
027,Venezia,Veneto,2024,emigrati_estero,2817
027,Venezia,Veneto,2019,emigrati_interni,19960
027,Venezia,Veneto,2020,emigrati_interni,18898
027,Venezia,Veneto,2021,emigrati_interni,19496
027,Venezia,Veneto,2022,emigrati_interni,19632
027,Venezia,Veneto,2023,emigrati_interni,18576
027,Venezia,Veneto,2024,emigrati_interni,17668
027,Venezia,Veneto,2019,immigrati_estero,5506
027,Venezia,Veneto,2020,immigrati_estero,4087
027,Venezia,Veneto,2021,immigrati_estero,4983
027,Venezia,Veneto,2022,immigrati_estero,5899
027,Venezia,Veneto,2023,immigrati_estero,5637
027,Venezia,Veneto,2024,immigrati_estero,5724
027,Venezia,Veneto,2019,immigrati_interni,20617
027,Venezia,Veneto,2020,immigrati_interni,19362
027,Venezia,Veneto,2021,immigrati_interni,20183
027,Venezia,Veneto,2022,immigrati_interni,20824
027,Venezia,Veneto,2023,immigrati_interni,19418
027,Venezia,Veneto,2024,immigrati_interni,18549
027,Venezia,Veneto,2019,morti,9283
027,Venezia,Veneto,2020,morti,10725
027,Venezia,Veneto,2021,morti,10226
027,Venezia,Veneto,2022,morti,10542
027,Venezia,Veneto,2023,morti,9526
027,Venezia,Veneto,2024,morti,9512
027,Venezia,Veneto,2019,nati,5366
027,Venezia,Veneto,2020,nati,5244
027,Venezia,Veneto,2021,nati,5261
027,Venezia,Veneto,2022,nati,5042
027,Venezia,Veneto,2023,nati,4917
027,Venezia,Veneto,2024,nati,4710
027,Venezia,Veneto,2019,popolazione_censita,848829
027,Venezia,Veneto,2020,popolazione_censita,843545
027,Venezia,Veneto,2021,popolazione_censita,836916
027,Venezia,Veneto,2022,popolazione_censita,835895
027,Venezia,Veneto,2023,popolazione_censita,835405
027,Venezia,Veneto,2024,popolazione_censita,834306
027,Venezia,Veneto,2019,popolazione_fine,850434
027,Venezia,Veneto,2020,popolazione_fine,845446
027,Venezia,Veneto,2021,popolazione_fine,841701
027,Venezia,Veneto,2022,popolazione_fine,836230
027,Venezia,Veneto,2023,popolazione_fine,835501
027,Venezia,Veneto,2024,popolazione_fine,834391
027,Venezia,Veneto,2019,popolazione_inizio,851057
027,Venezia,Veneto,2020,popolazione_inizio,848829
027,Venezia,Veneto,2021,popolazione_inizio,843545
027,Venezia,Veneto,2022,popolazione_inizio,836916
027,Venezia,Veneto,2023,popolazione_inizio,835895
027,Venezia,Veneto,2024,popolazione_inizio,835405
027,Venezia,Veneto,2019,variazioni_territoriali,0
027,Venezia,Veneto,2020,variazioni_territoriali,0
027,Venezia,Veneto,2021,variazioni_territoriali,0
027,Venezia,Veneto,2022,variazioni_territoriali,0
027,Venezia,Veneto,2023,variazioni_territoriali,0
027,Venezia,Veneto,2024,variazioni_territoriali,0
028,Padova,Veneto,2019,aggiustamento_statistico,-2118
028,Padova,Veneto,2020,aggiustamento_statistico,192
028,Padova,Veneto,2021,aggiustamento_statistico,-4138
028,Padova,Veneto,2022,aggiustamento_statistico,68
028,Padova,Veneto,2023,aggiustamento_statistico,102
028,Padova,Veneto,2024,aggiustamento_statistico,-633
028,Padova,Veneto,2019,emigrati_estero,2960
028,Padova,Veneto,2020,emigrati_estero,2794
028,Padova,Veneto,2021,emigrati_estero,2610
028,Padova,Veneto,2022,emigrati_estero,2880
028,Padova,Veneto,2023,emigrati_estero,2688
028,Padova,Veneto,2024,emigrati_estero,3150
028,Padova,Veneto,2019,emigrati_interni,27464
028,Padova,Veneto,2020,emigrati_interni,25600
028,Padova,Veneto,2021,emigrati_interni,27189
028,Padova,Veneto,2022,emigrati_interni,27894
028,Padova,Veneto,2023,emigrati_interni,26095
028,Padova,Veneto,2024,emigrati_interni,25363
028,Padova,Veneto,2019,immigrati_estero,5496
028,Padova,Veneto,2020,immigrati_estero,3986
028,Padova,Veneto,2021,immigrati_estero,5254
028,Padova,Veneto,2022,immigrati_estero,5862
028,Padova,Veneto,2023,immigrati_estero,6289
028,Padova,Veneto,2024,immigrati_estero,6975
028,Padova,Veneto,2019,immigrati_interni,29501
028,Padova,Veneto,2020,immigrati_interni,27215
028,Padova,Veneto,2021,immigrati_interni,29139
028,Padova,Veneto,2022,immigrati_interni,30227
028,Padova,Veneto,2023,immigrati_interni,27562
028,Padova,Veneto,2024,immigrati_interni,26720
028,Padova,Veneto,2019,morti,8964
028,Padova,Veneto,2020,morti,10082
028,Padova,Veneto,2021,morti,10108
028,Padova,Veneto,2022,morti,10225
028,Padova,Veneto,2023,morti,9563
028,Padova,Veneto,2024,morti,9549
028,Padova,Veneto,2019,nati,6342
028,Padova,Veneto,2020,nati,6012
028,Padova,Veneto,2021,nati,6221
028,Padova,Veneto,2022,nati,5993
028,Padova,Veneto,2023,nati,5651
028,Padova,Veneto,2024,nati,5677
028,Padova,Veneto,2019,popolazione_censita,933700
028,Padova,Veneto,2020,popolazione_censita,932629
028,Padova,Veneto,2021,popolazione_censita,929198
028,Padova,Veneto,2022,popolazione_censita,930349
028,Padova,Veneto,2023,popolazione_censita,931607
028,Padova,Veneto,2024,popolazione_censita,932284
028,Padova,Veneto,2019,popolazione_fine,935818
028,Padova,Veneto,2020,popolazione_fine,932437
028,Padova,Veneto,2021,popolazione_fine,933336
028,Padova,Veneto,2022,popolazione_fine,930281
028,Padova,Veneto,2023,popolazione_fine,931505
028,Padova,Veneto,2024,popolazione_fine,932917
028,Padova,Veneto,2019,popolazione_inizio,933867
028,Padova,Veneto,2020,popolazione_inizio,933700
028,Padova,Veneto,2021,popolazione_inizio,932629
028,Padova,Veneto,2022,popolazione_inizio,929198
028,Padova,Veneto,2023,popolazione_inizio,930349
028,Padova,Veneto,2024,popolazione_inizio,931607
028,Padova,Veneto,2019,variazioni_territoriali,0
028,Padova,Veneto,2020,variazioni_territoriali,0
028,Padova,Veneto,2021,variazioni_territoriali,0
028,Padova,Veneto,2022,variazioni_territoriali,0
028,Padova,Veneto,2023,variazioni_territoriali,0
028,Padova,Veneto,2024,variazioni_territoriali,0
029,Rovigo,Veneto,2019,aggiustamento_statistico,-332
029,Rovigo,Veneto,2020,aggiustamento_statistico,745
029,Rovigo,Veneto,2021,aggiustamento_statistico,-554
029,Rovigo,Veneto,2022,aggiustamento_statistico,68
029,Rovigo,Veneto,2023,aggiustamento_statistico,-10
029,Rovigo,Veneto,2024,aggiustamento_statistico,14
029,Rovigo,Veneto,2019,emigrati_estero,709
029,Rovigo,Veneto,2020,emigrati_estero,599
029,Rovigo,Veneto,2021,emigrati_estero,624
029,Rovigo,Veneto,2022,emigrati_estero,531
029,Rovigo,Veneto,2023,emigrati_estero,508
029,Rovigo,Veneto,2024,emigrati_estero,628
029,Rovigo,Veneto,2019,emigrati_interni,6155
029,Rovigo,Veneto,2020,emigrati_interni,5414
029,Rovigo,Veneto,2021,emigrati_interni,5713
029,Rovigo,Veneto,2022,emigrati_interni,5986
029,Rovigo,Veneto,2023,emigrati_interni,5956
029,Rovigo,Veneto,2024,emigrati_interni,5617
029,Rovigo,Veneto,2019,immigrati_estero,1350
029,Rovigo,Veneto,2020,immigrati_estero,1039
029,Rovigo,Veneto,2021,immigrati_estero,1413
029,Rovigo,Veneto,2022,immigrati_estero,1588
029,Rovigo,Veneto,2023,immigrati_estero,1579
029,Rovigo,Veneto,2024,immigrati_estero,1766
029,Rovigo,Veneto,2019,immigrati_interni,5867
029,Rovigo,Veneto,2020,immigrati_interni,5461
029,Rovigo,Veneto,2021,immigrati_interni,5729
029,Rovigo,Veneto,2022,immigrati_interni,6160
029,Rovigo,Veneto,2023,immigrati_interni,6163
029,Rovigo,Veneto,2024,immigrati_interni,5957
029,Rovigo,Veneto,2019,morti,2927
029,Rovigo,Veneto,2020,morti,3376
029,Rovigo,Veneto,2021,morti,3288
029,Rovigo,Veneto,2022,morti,3432
029,Rovigo,Veneto,2023,morti,2937
029,Rovigo,Veneto,2024,morti,2913
029,Rovigo,Veneto,2019,nati,1212
029,Rovigo,Veneto,2020,nati,1173
029,Rovigo,Veneto,2021,nati,1176
029,Rovigo,Veneto,2022,nati,1172
029,Rovigo,Veneto,2023,nati,1176
029,Rovigo,Veneto,2024,nati,1107
029,Rovigo,Veneto,2019,popolazione_censita,231734
029,Rovigo,Veneto,2020,popolazione_censita,230763
029,Rovigo,Veneto,2021,popolazione_censita,228902
029,Rovigo,Veneto,2022,popolazione_censita,227941
029,Rovigo,Veneto,2023,popolazione_censita,227448
029,Rovigo,Veneto,2024,popolazione_censita,227134
029,Rovigo,Veneto,2019,popolazione_fine,232066
029,Rovigo,Veneto,2020,popolazione_fine,230018
029,Rovigo,Veneto,2021,popolazione_fine,229456
029,Rovigo,Veneto,2022,popolazione_fine,227873
029,Rovigo,Veneto,2023,popolazione_fine,227458
029,Rovigo,Veneto,2024,popolazione_fine,227120
029,Rovigo,Veneto,2019,popolazione_inizio,233428
029,Rovigo,Veneto,2020,popolazione_inizio,231734
029,Rovigo,Veneto,2021,popolazione_inizio,230763
029,Rovigo,Veneto,2022,popolazione_inizio,228902
029,Rovigo,Veneto,2023,popolazione_inizio,227941
029,Rovigo,Veneto,2024,popolazione_inizio,227448
029,Rovigo,Veneto,2019,variazioni_territoriali,0
029,Rovigo,Veneto,2020,variazioni_territoriali,0
029,Rovigo,Veneto,2021,variazioni_territoriali,0
029,Rovigo,Veneto,2022,variazioni_territoriali,0
029,Rovigo,Veneto,2023,variazioni_territoriali,0
029,Rovigo,Veneto,2024,variazioni_territoriali,0
030,Udine,Friuli-Venezia Giulia,2019,aggiustamento_statistico,-570
030,Udine,Friuli-Venezia Giulia,2020,aggiustamento_statistico,-2943
030,Udine,Friuli-Venezia Giulia,2021,aggiustamento_statistico,-413
030,Udine,Friuli-Venezia Giulia,2022,aggiustamento_statistico,-166
030,Udine,Friuli-Venezia Giulia,2023,aggiustamento_statistico,-82
030,Udine,Friuli-Venezia Giulia,2024,aggiustamento_statistico,-195
030,Udine,Friuli-Venezia Giulia,2019,emigrati_estero,2212
030,Udine,Friuli-Venezia Giulia,2020,emigrati_estero,1489
030,Udine,Friuli-Venezia Giulia,2021,emigrati_estero,1574
030,Udine,Friuli-Venezia Giulia,2022,emigrati_estero,1558
030,Udine,Friuli-Venezia Giulia,2023,emigrati_estero,1606
030,Udine,Friuli-Venezia Giulia,2024,emigrati_estero,1705
030,Udine,Friuli-Venezia Giulia,2019,emigrati_interni,15997
030,Udine,Friuli-Venezia Giulia,2020,emigrati_interni,14206
030,Udine,Friuli-Venezia Giulia,2021,emigrati_interni,14987
030,Udine,Friuli-Venezia Giulia,2022,emigrati_interni,15207
030,Udine,Friuli-Venezia Giulia,2023,emigrati_interni,14052
030,Udine,Friuli-Venezia Giulia,2024,emigrati_interni,14338
030,Udine,Friuli-Venezia Giulia,2019,immigrati_estero,2530
030,Udine,Friuli-Venezia Giulia,2020,immigrati_estero,1997
030,Udine,Friuli-Venezia Giulia,2021,immigrati_estero,2819
030,Udine,Friuli-Venezia Giulia,2022,immigrati_estero,3385
030,Udine,Friuli-Venezia Giulia,2023,immigrati_estero,3471
030,Udine,Friuli-Venezia Giulia,2024,immigrati_estero,3472
030,Udine,Friuli-Venezia Giulia,2019,immigrati_interni,16627
030,Udine,Friuli-Venezia Giulia,2020,immigrati_interni,15264
030,Udine,Friuli-Venezia Giulia,2021,immigrati_interni,15792
030,Udine,Friuli-Venezia Giulia,2022,immigrati_interni,16388
030,Udine,Friuli-Venezia Giulia,2023,immigrati_interni,15441
030,Udine,Friuli-Venezia Giulia,2024,immigrati_interni,15398
030,Udine,Friuli-Venezia Giulia,2019,morti,6238
030,Udine,Friuli-Venezia Giulia,2020,morti,7077
030,Udine,Friuli-Venezia Giulia,2021,morti,7288
030,Udine,Friuli-Venezia Giulia,2022,morti,6858
030,Udine,Friuli-Venezia Giulia,2023,morti,6207
030,Udine,Friuli-Venezia Giulia,2024,morti,6303
030,Udine,Friuli-Venezia Giulia,2019,nati,3104
030,Udine,Friuli-Venezia Giulia,2020,nati,3097
030,Udine,Friuli-Venezia Giulia,2021,nati,2976
030,Udine,Friuli-Venezia Giulia,2022,nati,2950
030,Udine,Friuli-Venezia Giulia,2023,nati,2802
030,Udine,Friuli-Venezia Giulia,2024,nati,2851
030,Udine,Friuli-Venezia Giulia,2019,popolazione_censita,526474
030,Udine,Friuli-Venezia Giulia,2020,popolazione_censita,521117
030,Udine,Friuli-Venezia Giulia,2021,popolazione_censita,518442
030,Udine,Friuli-Venezia Giulia,2022,popolazione_censita,517376
030,Udine,Friuli-Venezia Giulia,2023,popolazione_censita,517143
030,Udine,Friuli-Venezia Giulia,2024,popolazione_censita,516323
030,Udine,Friuli-Venezia Giulia,2019,popolazione_fine,527044
030,Udine,Friuli-Venezia Giulia,2020,popolazione_fine,524060
030,Udine,Friuli-Venezia Giulia,2021,popolazione_fine,518855
030,Udine,Friuli-Venezia Giulia,2022,popolazione_fine,517542
030,Udine,Friuli-Venezia Giulia,2023,popolazione_fine,517225
030,Udine,Friuli-Venezia Giulia,2024,popolazione_fine,516518
030,Udine,Friuli-Venezia Giulia,2019,popolazione_inizio,529230
030,Udine,Friuli-Venezia Giulia,2020,popolazione_inizio,526474
030,Udine,Friuli-Venezia Giulia,2021,popolazione_inizio,521117
030,Udine,Friuli-Venezia Giulia,2022,popolazione_inizio,518442
030,Udine,Friuli-Venezia Giulia,2023,popolazione_inizio,517376
030,Udine,Friuli-Venezia Giulia,2024,popolazione_inizio,517143
030,Udine,Friuli-Venezia Giulia,2019,variazioni_territoriali,0
030,Udine,Friuli-Venezia Giulia,2020,variazioni_territoriali,0
030,Udine,Friuli-Venezia Giulia,2021,variazioni_territoriali,0
030,Udine,Friuli-Venezia Giulia,2022,variazioni_territoriali,0
030,Udine,Friuli-Venezia Giulia,2023,variazioni_territoriali,0
030,Udine,Friuli-Venezia Giulia,2024,variazioni_territoriali,0
031,Gorizia,Friuli-Venezia Giulia,2019,aggiustamento_statistico,-163
031,Gorizia,Friuli-Venezia Giulia,2020,aggiustamento_statistico,1777
031,Gorizia,Friuli-Venezia Giulia,2021,aggiustamento_statistico,-1238
031,Gorizia,Friuli-Venezia Giulia,2022,aggiustamento_statistico,-83
031,Gorizia,Friuli-Venezia Giulia,2023,aggiustamento_statistico,2
031,Gorizia,Friuli-Venezia Giulia,2024,aggiustamento_statistico,-111
031,Gorizia,Friuli-Venezia Giulia,2019,emigrati_estero,876
031,Gorizia,Friuli-Venezia Giulia,2020,emigrati_estero,551
031,Gorizia,Friuli-Venezia Giulia,2021,emigrati_estero,455
031,Gorizia,Friuli-Venezia Giulia,2022,emigrati_estero,536
031,Gorizia,Friuli-Venezia Giulia,2023,emigrati_estero,505
031,Gorizia,Friuli-Venezia Giulia,2024,emigrati_estero,535
031,Gorizia,Friuli-Venezia Giulia,2019,emigrati_interni,4281
031,Gorizia,Friuli-Venezia Giulia,2020,emigrati_interni,3887
031,Gorizia,Friuli-Venezia Giulia,2021,emigrati_interni,4114
031,Gorizia,Friuli-Venezia Giulia,2022,emigrati_interni,4213
031,Gorizia,Friuli-Venezia Giulia,2023,emigrati_interni,3985
031,Gorizia,Friuli-Venezia Giulia,2024,emigrati_interni,3554
031,Gorizia,Friuli-Venezia Giulia,2019,immigrati_estero,1385
031,Gorizia,Friuli-Venezia Giulia,2020,immigrati_estero,908
031,Gorizia,Friuli-Venezia Giulia,2021,immigrati_estero,1431
031,Gorizia,Friuli-Venezia Giulia,2022,immigrati_estero,1535
031,Gorizia,Friuli-Venezia Giulia,2023,immigrati_estero,1540
031,Gorizia,Friuli-Venezia Giulia,2024,immigrati_estero,1297
031,Gorizia,Friuli-Venezia Giulia,2019,immigrati_interni,4513
031,Gorizia,Friuli-Venezia Giulia,2020,immigrati_interni,4093
031,Gorizia,Friuli-Venezia Giulia,2021,immigrati_interni,4350
031,Gorizia,Friuli-Venezia Giulia,2022,immigrati_interni,4455
031,Gorizia,Friuli-Venezia Giulia,2023,immigrati_interni,4093
031,Gorizia,Friuli-Venezia Giulia,2024,immigrati_interni,3867
031,Gorizia,Friuli-Venezia Giulia,2019,morti,1771
031,Gorizia,Friuli-Venezia Giulia,2020,morti,1957
031,Gorizia,Friuli-Venezia Giulia,2021,morti,1958
031,Gorizia,Friuli-Venezia Giulia,2022,morti,1948
031,Gorizia,Friuli-Venezia Giulia,2023,morti,1783
031,Gorizia,Friuli-Venezia Giulia,2024,morti,1674
031,Gorizia,Friuli-Venezia Giulia,2019,nati,845
031,Gorizia,Friuli-Venezia Giulia,2020,nati,892
031,Gorizia,Friuli-Venezia Giulia,2021,nati,813
031,Gorizia,Friuli-Venezia Giulia,2022,nati,925
031,Gorizia,Friuli-Venezia Giulia,2023,nati,918
031,Gorizia,Friuli-Venezia Giulia,2024,nati,823
031,Gorizia,Friuli-Venezia Giulia,2019,popolazione_censita,137795
031,Gorizia,Friuli-Venezia Giulia,2020,popolazione_censita,139070
031,Gorizia,Friuli-Venezia Giulia,2021,popolazione_censita,137899
031,Gorizia,Friuli-Venezia Giulia,2022,popolazione_censita,138034
031,Gorizia,Friuli-Venezia Giulia,2023,popolazione_censita,138314
031,Gorizia,Friuli-Venezia Giulia,2024,popolazione_censita,138427
031,Gorizia,Friuli-Venezia Giulia,2019,popolazione_fine,137958
031,Gorizia,Friuli-Venezia Giulia,2020,popolazione_fine,137293
031,Gorizia,Friuli-Venezia Giulia,2021,popolazione_fine,139137
031,Gorizia,Friuli-Venezia Giulia,2022,popolazione_fine,138117
031,Gorizia,Friuli-Venezia Giulia,2023,popolazione_fine,138312
031,Gorizia,Friuli-Venezia Giulia,2024,popolazione_fine,138538
031,Gorizia,Friuli-Venezia Giulia,2019,popolazione_inizio,138143
031,Gorizia,Friuli-Venezia Giulia,2020,popolazione_inizio,137795
031,Gorizia,Friuli-Venezia Giulia,2021,popolazione_inizio,139070
031,Gorizia,Friuli-Venezia Giulia,2022,popolazione_inizio,137899
031,Gorizia,Friuli-Venezia Giulia,2023,popolazione_inizio,138034
031,Gorizia,Friuli-Venezia Giulia,2024,popolazione_inizio,138314
031,Gorizia,Friuli-Venezia Giulia,2019,variazioni_territoriali,0
031,Gorizia,Friuli-Venezia Giulia,2020,variazioni_territoriali,0
031,Gorizia,Friuli-Venezia Giulia,2021,variazioni_territoriali,0
031,Gorizia,Friuli-Venezia Giulia,2022,variazioni_territoriali,0
031,Gorizia,Friuli-Venezia Giulia,2023,variazioni_territoriali,0
031,Gorizia,Friuli-Venezia Giulia,2024,variazioni_territoriali,0
032,Trieste,Friuli-Venezia Giulia,2019,aggiustamento_statistico,-291
032,Trieste,Friuli-Venezia Giulia,2020,aggiustamento_statistico,-77
032,Trieste,Friuli-Venezia Giulia,2021,aggiustamento_statistico,-1305
032,Trieste,Friuli-Venezia Giulia,2022,aggiustamento_statistico,-78
032,Trieste,Friuli-Venezia Giulia,2023,aggiustamento_statistico,-425
032,Trieste,Friuli-Venezia Giulia,2024,aggiustamento_statistico,-249
032,Trieste,Friuli-Venezia Giulia,2019,emigrati_estero,1130
032,Trieste,Friuli-Venezia Giulia,2020,emigrati_estero,753
032,Trieste,Friuli-Venezia Giulia,2021,emigrati_estero,932
032,Trieste,Friuli-Venezia Giulia,2022,emigrati_estero,1041
032,Trieste,Friuli-Venezia Giulia,2023,emigrati_estero,874
032,Trieste,Friuli-Venezia Giulia,2024,emigrati_estero,1097
032,Trieste,Friuli-Venezia Giulia,2019,emigrati_interni,3143
032,Trieste,Friuli-Venezia Giulia,2020,emigrati_interni,2797
032,Trieste,Friuli-Venezia Giulia,2021,emigrati_interni,3092
032,Trieste,Friuli-Venezia Giulia,2022,emigrati_interni,3390
032,Trieste,Friuli-Venezia Giulia,2023,emigrati_interni,3171
032,Trieste,Friuli-Venezia Giulia,2024,emigrati_interni,3064
032,Trieste,Friuli-Venezia Giulia,2019,immigrati_estero,1458
032,Trieste,Friuli-Venezia Giulia,2020,immigrati_estero,1667
032,Trieste,Friuli-Venezia Giulia,2021,immigrati_estero,1961
032,Trieste,Friuli-Venezia Giulia,2022,immigrati_estero,2352
032,Trieste,Friuli-Venezia Giulia,2023,immigrati_estero,2477
032,Trieste,Friuli-Venezia Giulia,2024,immigrati_estero,2294
032,Trieste,Friuli-Venezia Giulia,2019,immigrati_interni,4004
032,Trieste,Friuli-Venezia Giulia,2020,immigrati_interni,3505
032,Trieste,Friuli-Venezia Giulia,2021,immigrati_interni,3802
032,Trieste,Friuli-Venezia Giulia,2022,immigrati_interni,4144
032,Trieste,Friuli-Venezia Giulia,2023,immigrati_interni,3683
032,Trieste,Friuli-Venezia Giulia,2024,immigrati_interni,3518
032,Trieste,Friuli-Venezia Giulia,2019,morti,3212
032,Trieste,Friuli-Venezia Giulia,2020,morti,3665
032,Trieste,Friuli-Venezia Giulia,2021,morti,3649
032,Trieste,Friuli-Venezia Giulia,2022,morti,3489
032,Trieste,Friuli-Venezia Giulia,2023,morti,3279
032,Trieste,Friuli-Venezia Giulia,2024,morti,3357
032,Trieste,Friuli-Venezia Giulia,2019,nati,1354
032,Trieste,Friuli-Venezia Giulia,2020,nati,1364
032,Trieste,Friuli-Venezia Giulia,2021,nati,1359
032,Trieste,Friuli-Venezia Giulia,2022,nati,1374
032,Trieste,Friuli-Venezia Giulia,2023,nati,1280
032,Trieste,Friuli-Venezia Giulia,2024,nati,1351
032,Trieste,Friuli-Venezia Giulia,2019,popolazione_censita,231445
032,Trieste,Friuli-Venezia Giulia,2020,popolazione_censita,230689
032,Trieste,Friuli-Venezia Giulia,2021,popolazione_censita,228833
032,Trieste,Friuli-Venezia Giulia,2022,popolazione_censita,228705
032,Trieste,Friuli-Venezia Giulia,2023,popolazione_censita,228396
032,Trieste,Friuli-Venezia Giulia,2024,popolazione_censita,227792
032,Trieste,Friuli-Venezia Giulia,2019,popolazione_fine,231736
032,Trieste,Friuli-Venezia Giulia,2020,popolazione_fine,230766
032,Trieste,Friuli-Venezia Giulia,2021,popolazione_fine,230138
032,Trieste,Friuli-Venezia Giulia,2022,popolazione_fine,228783
032,Trieste,Friuli-Venezia Giulia,2023,popolazione_fine,228821
032,Trieste,Friuli-Venezia Giulia,2024,popolazione_fine,228041
032,Trieste,Friuli-Venezia Giulia,2019,popolazione_inizio,232405
032,Trieste,Friuli-Venezia Giulia,2020,popolazione_inizio,231445
032,Trieste,Friuli-Venezia Giulia,2021,popolazione_inizio,230689
032,Trieste,Friuli-Venezia Giulia,2022,popolazione_inizio,228833
032,Trieste,Friuli-Venezia Giulia,2023,popolazione_inizio,228705
032,Trieste,Friuli-Venezia Giulia,2024,popolazione_inizio,228396
032,Trieste,Friuli-Venezia Giulia,2019,variazioni_territoriali,0
032,Trieste,Friuli-Venezia Giulia,2020,variazioni_territoriali,0
032,Trieste,Friuli-Venezia Giulia,2021,variazioni_territoriali,0
032,Trieste,Friuli-Venezia Giulia,2022,variazioni_territoriali,0
032,Trieste,Friuli-Venezia Giulia,2023,variazioni_territoriali,0
032,Trieste,Friuli-Venezia Giulia,2024,variazioni_territoriali,0
033,Piacenza,Emilia-Romagna,2019,aggiustamento_statistico,-408
033,Piacenza,Emilia-Romagna,2020,aggiustamento_statistico,-1200
033,Piacenza,Emilia-Romagna,2021,aggiustamento_statistico,-920
033,Piacenza,Emilia-Romagna,2022,aggiustamento_statistico,-271
033,Piacenza,Emilia-Romagna,2023,aggiustamento_statistico,-391
033,Piacenza,Emilia-Romagna,2024,aggiustamento_statistico,-180
033,Piacenza,Emilia-Romagna,2019,emigrati_estero,913
033,Piacenza,Emilia-Romagna,2020,emigrati_estero,900
033,Piacenza,Emilia-Romagna,2021,emigrati_estero,917
033,Piacenza,Emilia-Romagna,2022,emigrati_estero,911
033,Piacenza,Emilia-Romagna,2023,emigrati_estero,803
033,Piacenza,Emilia-Romagna,2024,emigrati_estero,926
033,Piacenza,Emilia-Romagna,2019,emigrati_interni,8265
033,Piacenza,Emilia-Romagna,2020,emigrati_interni,7393
033,Piacenza,Emilia-Romagna,2021,emigrati_interni,7887
033,Piacenza,Emilia-Romagna,2022,emigrati_interni,8432
033,Piacenza,Emilia-Romagna,2023,emigrati_interni,8360
033,Piacenza,Emilia-Romagna,2024,emigrati_interni,8092
033,Piacenza,Emilia-Romagna,2019,immigrati_estero,2029
033,Piacenza,Emilia-Romagna,2020,immigrati_estero,1494
033,Piacenza,Emilia-Romagna,2021,immigrati_estero,2370
033,Piacenza,Emilia-Romagna,2022,immigrati_estero,2830
033,Piacenza,Emilia-Romagna,2023,immigrati_estero,3227
033,Piacenza,Emilia-Romagna,2024,immigrati_estero,3016
033,Piacenza,Emilia-Romagna,2019,immigrati_interni,9146
033,Piacenza,Emilia-Romagna,2020,immigrati_interni,8385
033,Piacenza,Emilia-Romagna,2021,immigrati_interni,8869
033,Piacenza,Emilia-Romagna,2022,immigrati_interni,9331
033,Piacenza,Emilia-Romagna,2023,immigrati_interni,9132
033,Piacenza,Emilia-Romagna,2024,immigrati_interni,8773
033,Piacenza,Emilia-Romagna,2019,morti,3479
033,Piacenza,Emilia-Romagna,2020,morti,4974
033,Piacenza,Emilia-Romagna,2021,morti,3637
033,Piacenza,Emilia-Romagna,2022,morti,3725
033,Piacenza,Emilia-Romagna,2023,morti,3649
033,Piacenza,Emilia-Romagna,2024,morti,3437
033,Piacenza,Emilia-Romagna,2019,nati,2058
033,Piacenza,Emilia-Romagna,2020,nati,1897
033,Piacenza,Emilia-Romagna,2021,nati,1815
033,Piacenza,Emilia-Romagna,2022,nati,1963
033,Piacenza,Emilia-Romagna,2023,nati,2013
033,Piacenza,Emilia-Romagna,2024,nati,1909
033,Piacenza,Emilia-Romagna,2019,popolazione_censita,286433
033,Piacenza,Emilia-Romagna,2020,popolazione_censita,283742
033,Piacenza,Emilia-Romagna,2021,popolazione_censita,283435
033,Piacenza,Emilia-Romagna,2022,popolazione_censita,284220
033,Piacenza,Emilia-Romagna,2023,popolazione_censita,285389
033,Piacenza,Emilia-Romagna,2024,popolazione_censita,286452
033,Piacenza,Emilia-Romagna,2019,popolazione_fine,286841
033,Piacenza,Emilia-Romagna,2020,popolazione_fine,284942
033,Piacenza,Emilia-Romagna,2021,popolazione_fine,284355
033,Piacenza,Emilia-Romagna,2022,popolazione_fine,284491
033,Piacenza,Emilia-Romagna,2023,popolazione_fine,285780
033,Piacenza,Emilia-Romagna,2024,popolazione_fine,286632
033,Piacenza,Emilia-Romagna,2019,popolazione_inizio,286265
033,Piacenza,Emilia-Romagna,2020,popolazione_inizio,286433
033,Piacenza,Emilia-Romagna,2021,popolazione_inizio,283742
033,Piacenza,Emilia-Romagna,2022,popolazione_inizio,283435
033,Piacenza,Emilia-Romagna,2023,popolazione_inizio,284220
033,Piacenza,Emilia-Romagna,2024,popolazione_inizio,285389
033,Piacenza,Emilia-Romagna,2019,variazioni_territoriali,0
033,Piacenza,Emilia-Romagna,2020,variazioni_territoriali,0
033,Piacenza,Emilia-Romagna,2021,variazioni_territoriali,0
033,Piacenza,Emilia-Romagna,2022,variazioni_territoriali,0
033,Piacenza,Emilia-Romagna,2023,variazioni_territoriali,0
033,Piacenza,Emilia-Romagna,2024,variazioni_territoriali,0
034,Parma,Emilia-Romagna,2019,aggiustamento_statistico,-1102
034,Parma,Emilia-Romagna,2020,aggiustamento_statistico,-4775
034,Parma,Emilia-Romagna,2021,aggiustamento_statistico,-2240
034,Parma,Emilia-Romagna,2022,aggiustamento_statistico,154
034,Parma,Emilia-Romagna,2023,aggiustamento_statistico,-223
034,Parma,Emilia-Romagna,2024,aggiustamento_statistico,-234
034,Parma,Emilia-Romagna,2019,emigrati_estero,959
034,Parma,Emilia-Romagna,2020,emigrati_estero,1218
034,Parma,Emilia-Romagna,2021,emigrati_estero,1191
034,Parma,Emilia-Romagna,2022,emigrati_estero,1272
034,Parma,Emilia-Romagna,2023,emigrati_estero,1308
034,Parma,Emilia-Romagna,2024,emigrati_estero,1612
034,Parma,Emilia-Romagna,2019,emigrati_interni,12257
034,Parma,Emilia-Romagna,2020,emigrati_interni,11338
034,Parma,Emilia-Romagna,2021,emigrati_interni,12372
034,Parma,Emilia-Romagna,2022,emigrati_interni,12231
034,Parma,Emilia-Romagna,2023,emigrati_interni,12003
034,Parma,Emilia-Romagna,2024,emigrati_interni,11931
034,Parma,Emilia-Romagna,2019,immigrati_estero,3619
034,Parma,Emilia-Romagna,2020,immigrati_estero,2680
034,Parma,Emilia-Romagna,2021,immigrati_estero,3380
034,Parma,Emilia-Romagna,2022,immigrati_estero,4129
034,Parma,Emilia-Romagna,2023,immigrati_estero,4393
034,Parma,Emilia-Romagna,2024,immigrati_estero,4121
034,Parma,Emilia-Romagna,2019,immigrati_interni,14702
034,Parma,Emilia-Romagna,2020,immigrati_interni,12718
034,Parma,Emilia-Romagna,2021,immigrati_interni,13730
034,Parma,Emilia-Romagna,2022,immigrati_interni,14188
034,Parma,Emilia-Romagna,2023,immigrati_interni,13418
034,Parma,Emilia-Romagna,2024,immigrati_interni,13182
034,Parma,Emilia-Romagna,2019,morti,5052
034,Parma,Emilia-Romagna,2020,morti,6617
034,Parma,Emilia-Romagna,2021,morti,5320
034,Parma,Emilia-Romagna,2022,morti,5420
034,Parma,Emilia-Romagna,2023,morti,4993
034,Parma,Emilia-Romagna,2024,morti,5030
034,Parma,Emilia-Romagna,2019,nati,3417
034,Parma,Emilia-Romagna,2020,nati,3305
034,Parma,Emilia-Romagna,2021,nati,3301
034,Parma,Emilia-Romagna,2022,nati,3224
034,Parma,Emilia-Romagna,2023,nati,3177
034,Parma,Emilia-Romagna,2024,nati,3068
034,Parma,Emilia-Romagna,2019,popolazione_censita,454873
034,Parma,Emilia-Romagna,2020,popolazione_censita,449628
034,Parma,Emilia-Romagna,2021,popolazione_censita,448916
034,Parma,Emilia-Romagna,2022,popolazione_censita,451688
034,Parma,Emilia-Romagna,2023,popolazione_censita,454149
034,Parma,Emilia-Romagna,2024,popolazione_censita,455713
034,Parma,Emilia-Romagna,2019,popolazione_fine,455975
034,Parma,Emilia-Romagna,2020,popolazione_fine,454403
034,Parma,Emilia-Romagna,2021,popolazione_fine,451156
034,Parma,Emilia-Romagna,2022,popolazione_fine,451534
034,Parma,Emilia-Romagna,2023,popolazione_fine,454372
034,Parma,Emilia-Romagna,2024,popolazione_fine,455947
034,Parma,Emilia-Romagna,2019,popolazione_inizio,452505
034,Parma,Emilia-Romagna,2020,popolazione_inizio,454873
034,Parma,Emilia-Romagna,2021,popolazione_inizio,449628
034,Parma,Emilia-Romagna,2022,popolazione_inizio,448916
034,Parma,Emilia-Romagna,2023,popolazione_inizio,451688
034,Parma,Emilia-Romagna,2024,popolazione_inizio,454149
034,Parma,Emilia-Romagna,2019,variazioni_territoriali,0
034,Parma,Emilia-Romagna,2020,variazioni_territoriali,0
034,Parma,Emilia-Romagna,2021,variazioni_territoriali,0
034,Parma,Emilia-Romagna,2022,variazioni_territoriali,0
034,Parma,Emilia-Romagna,2023,variazioni_territoriali,0
034,Parma,Emilia-Romagna,2024,variazioni_territoriali,0
035,Reggio nell'Emilia,Emilia-Romagna,2019,aggiustamento_statistico,-1562
035,Reggio nell'Emilia,Emilia-Romagna,2020,aggiustamento_statistico,-1209
035,Reggio nell'Emilia,Emilia-Romagna,2021,aggiustamento_statistico,-1068
035,Reggio nell'Emilia,Emilia-Romagna,2022,aggiustamento_statistico,-440
035,Reggio nell'Emilia,Emilia-Romagna,2023,aggiustamento_statistico,-502
035,Reggio nell'Emilia,Emilia-Romagna,2024,aggiustamento_statistico,-452
035,Reggio nell'Emilia,Emilia-Romagna,2019,emigrati_estero,1918
035,Reggio nell'Emilia,Emilia-Romagna,2020,emigrati_estero,1864
035,Reggio nell'Emilia,Emilia-Romagna,2021,emigrati_estero,1804
035,Reggio nell'Emilia,Emilia-Romagna,2022,emigrati_estero,1545
035,Reggio nell'Emilia,Emilia-Romagna,2023,emigrati_estero,1421
035,Reggio nell'Emilia,Emilia-Romagna,2024,emigrati_estero,1604
035,Reggio nell'Emilia,Emilia-Romagna,2019,emigrati_interni,14357
035,Reggio nell'Emilia,Emilia-Romagna,2020,emigrati_interni,13051
035,Reggio nell'Emilia,Emilia-Romagna,2021,emigrati_interni,13508
035,Reggio nell'Emilia,Emilia-Romagna,2022,emigrati_interni,13617
035,Reggio nell'Emilia,Emilia-Romagna,2023,emigrati_interni,13193
035,Reggio nell'Emilia,Emilia-Romagna,2024,emigrati_interni,12683
035,Reggio nell'Emilia,Emilia-Romagna,2019,immigrati_estero,3171
035,Reggio nell'Emilia,Emilia-Romagna,2020,immigrati_estero,2156
035,Reggio nell'Emilia,Emilia-Romagna,2021,immigrati_estero,2486
035,Reggio nell'Emilia,Emilia-Romagna,2022,immigrati_estero,4150
035,Reggio nell'Emilia,Emilia-Romagna,2023,immigrati_estero,4270
035,Reggio nell'Emilia,Emilia-Romagna,2024,immigrati_estero,4635
035,Reggio nell'Emilia,Emilia-Romagna,2019,immigrati_interni,15861
035,Reggio nell'Emilia,Emilia-Romagna,2020,immigrati_interni,13997
035,Reggio nell'Emilia,Emilia-Romagna,2021,immigrati_interni,14407
035,Reggio nell'Emilia,Emilia-Romagna,2022,immigrati_interni,15127
035,Reggio nell'Emilia,Emilia-Romagna,2023,immigrati_interni,14636
035,Reggio nell'Emilia,Emilia-Romagna,2024,immigrati_interni,13878
035,Reggio nell'Emilia,Emilia-Romagna,2019,morti,5455
035,Reggio nell'Emilia,Emilia-Romagna,2020,morti,6308
035,Reggio nell'Emilia,Emilia-Romagna,2021,morti,5837
035,Reggio nell'Emilia,Emilia-Romagna,2022,morti,5923
035,Reggio nell'Emilia,Emilia-Romagna,2023,morti,5474
035,Reggio nell'Emilia,Emilia-Romagna,2024,morti,5425
035,Reggio nell'Emilia,Emilia-Romagna,2019,nati,3937
035,Reggio nell'Emilia,Emilia-Romagna,2020,nati,3810
035,Reggio nell'Emilia,Emilia-Romagna,2021,nati,3770
035,Reggio nell'Emilia,Emilia-Romagna,2022,nati,3652
035,Reggio nell'Emilia,Emilia-Romagna,2023,nati,3571
035,Reggio nell'Emilia,Emilia-Romagna,2024,nati,3514
035,Reggio nell'Emilia,Emilia-Romagna,2019,popolazione_censita,529609
035,Reggio nell'Emilia,Emilia-Romagna,2020,popolazione_censita,527140
035,Reggio nell'Emilia,Emilia-Romagna,2021,popolazione_censita,525586
035,Reggio nell'Emilia,Emilia-Romagna,2022,popolazione_censita,526990
035,Reggio nell'Emilia,Emilia-Romagna,2023,popolazione_censita,528877
035,Reggio nell'Emilia,Emilia-Romagna,2024,popolazione_censita,530740
035,Reggio nell'Emilia,Emilia-Romagna,2019,popolazione_fine,531171
035,Reggio nell'Emilia,Emilia-Romagna,2020,popolazione_fine,528349
035,Reggio nell'Emilia,Emilia-Romagna,2021,popolazione_fine,526654
035,Reggio nell'Emilia,Emilia-Romagna,2022,popolazione_fine,527430
035,Reggio nell'Emilia,Emilia-Romagna,2023,popolazione_fine,529379
035,Reggio nell'Emilia,Emilia-Romagna,2024,popolazione_fine,531192
035,Reggio nell'Emilia,Emilia-Romagna,2019,popolazione_inizio,529932
035,Reggio nell'Emilia,Emilia-Romagna,2020,popolazione_inizio,529609
035,Reggio nell'Emilia,Emilia-Romagna,2021,popolazione_inizio,527140
035,Reggio nell'Emilia,Emilia-Romagna,2022,popolazione_inizio,525586
035,Reggio nell'Emilia,Emilia-Romagna,2023,popolazione_inizio,526990
035,Reggio nell'Emilia,Emilia-Romagna,2024,popolazione_inizio,528877
035,Reggio nell'Emilia,Emilia-Romagna,2019,variazioni_territoriali,0
035,Reggio nell'Emilia,Emilia-Romagna,2020,variazioni_territoriali,0
035,Reggio nell'Emilia,Emilia-Romagna,2021,variazioni_territoriali,0
035,Reggio nell'Emilia,Emilia-Romagna,2022,variazioni_territoriali,0
035,Reggio nell'Emilia,Emilia-Romagna,2023,variazioni_territoriali,0
035,Reggio nell'Emilia,Emilia-Romagna,2024,variazioni_territoriali,0
036,Modena,Emilia-Romagna,2019,aggiustamento_statistico,-2052
036,Modena,Emilia-Romagna,2020,aggiustamento_statistico,-2749
036,Modena,Emilia-Romagna,2021,aggiustamento_statistico,-2582
036,Modena,Emilia-Romagna,2022,aggiustamento_statistico,-373
036,Modena,Emilia-Romagna,2023,aggiustamento_statistico,-535
036,Modena,Emilia-Romagna,2024,aggiustamento_statistico,-720
036,Modena,Emilia-Romagna,2019,emigrati_estero,2652
036,Modena,Emilia-Romagna,2020,emigrati_estero,2592
036,Modena,Emilia-Romagna,2021,emigrati_estero,2245
036,Modena,Emilia-Romagna,2022,emigrati_estero,2014
036,Modena,Emilia-Romagna,2023,emigrati_estero,2068
036,Modena,Emilia-Romagna,2024,emigrati_estero,2580
036,Modena,Emilia-Romagna,2019,emigrati_interni,19371
036,Modena,Emilia-Romagna,2020,emigrati_interni,17681
036,Modena,Emilia-Romagna,2021,emigrati_interni,19129
036,Modena,Emilia-Romagna,2022,emigrati_interni,19282
036,Modena,Emilia-Romagna,2023,emigrati_interni,19102
036,Modena,Emilia-Romagna,2024,emigrati_interni,18799
036,Modena,Emilia-Romagna,2019,immigrati_estero,5151
036,Modena,Emilia-Romagna,2020,immigrati_estero,3557
036,Modena,Emilia-Romagna,2021,immigrati_estero,4333
036,Modena,Emilia-Romagna,2022,immigrati_estero,5720
036,Modena,Emilia-Romagna,2023,immigrati_estero,5997
036,Modena,Emilia-Romagna,2024,immigrati_estero,6452
036,Modena,Emilia-Romagna,2019,immigrati_interni,21559
036,Modena,Emilia-Romagna,2020,immigrati_interni,19532
036,Modena,Emilia-Romagna,2021,immigrati_interni,20550
036,Modena,Emilia-Romagna,2022,immigrati_interni,21527
036,Modena,Emilia-Romagna,2023,immigrati_interni,20868
036,Modena,Emilia-Romagna,2024,immigrati_interni,20306
036,Modena,Emilia-Romagna,2019,morti,7357
036,Modena,Emilia-Romagna,2020,morti,8454
036,Modena,Emilia-Romagna,2021,morti,7990
036,Modena,Emilia-Romagna,2022,morti,8114
036,Modena,Emilia-Romagna,2023,morti,7776
036,Modena,Emilia-Romagna,2024,morti,7573
036,Modena,Emilia-Romagna,2019,nati,5084
036,Modena,Emilia-Romagna,2020,nati,4964
036,Modena,Emilia-Romagna,2021,nati,5118
036,Modena,Emilia-Romagna,2022,nati,5117
036,Modena,Emilia-Romagna,2023,nati,4729
036,Modena,Emilia-Romagna,2024,nati,4809
036,Modena,Emilia-Romagna,2019,popolazione_censita,707119
036,Modena,Emilia-Romagna,2020,popolazione_censita,703696
036,Modena,Emilia-Romagna,2021,popolazione_censita,701751
036,Modena,Emilia-Romagna,2022,popolazione_censita,704332
036,Modena,Emilia-Romagna,2023,popolazione_censita,706445
036,Modena,Emilia-Romagna,2024,popolazione_censita,708340
036,Modena,Emilia-Romagna,2019,popolazione_fine,709171
036,Modena,Emilia-Romagna,2020,popolazione_fine,706445
036,Modena,Emilia-Romagna,2021,popolazione_fine,704333
036,Modena,Emilia-Romagna,2022,popolazione_fine,704705
036,Modena,Emilia-Romagna,2023,popolazione_fine,706980
036,Modena,Emilia-Romagna,2024,popolazione_fine,709060
036,Modena,Emilia-Romagna,2019,popolazione_inizio,706757
036,Modena,Emilia-Romagna,2020,popolazione_inizio,707119
036,Modena,Emilia-Romagna,2021,popolazione_inizio,703696
036,Modena,Emilia-Romagna,2022,popolazione_inizio,701751
036,Modena,Emilia-Romagna,2023,popolazione_inizio,704332
036,Modena,Emilia-Romagna,2024,popolazione_inizio,706445
036,Modena,Emilia-Romagna,2019,variazioni_territoriali,0
036,Modena,Emilia-Romagna,2020,variazioni_territoriali,0
036,Modena,Emilia-Romagna,2021,variazioni_territoriali,0
036,Modena,Emilia-Romagna,2022,variazioni_territoriali,0
036,Modena,Emilia-Romagna,2023,variazioni_territoriali,0
036,Modena,Emilia-Romagna,2024,variazioni_territoriali,0
037,Bologna,Emilia-Romagna,2019,aggiustamento_statistico,-1930
037,Bologna,Emilia-Romagna,2020,aggiustamento_statistico,-5787
037,Bologna,Emilia-Romagna,2021,aggiustamento_statistico,-6219
037,Bologna,Emilia-Romagna,2022,aggiustamento_statistico,-594
037,Bologna,Emilia-Romagna,2023,aggiustamento_statistico,-597
037,Bologna,Emilia-Romagna,2024,aggiustamento_statistico,-707
037,Bologna,Emilia-Romagna,2019,emigrati_estero,3028
037,Bologna,Emilia-Romagna,2020,emigrati_estero,3330
037,Bologna,Emilia-Romagna,2021,emigrati_estero,2899
037,Bologna,Emilia-Romagna,2022,emigrati_estero,3072
037,Bologna,Emilia-Romagna,2023,emigrati_estero,3061
037,Bologna,Emilia-Romagna,2024,emigrati_estero,3520
037,Bologna,Emilia-Romagna,2019,emigrati_interni,30237
037,Bologna,Emilia-Romagna,2020,emigrati_interni,28439
037,Bologna,Emilia-Romagna,2021,emigrati_interni,30363
037,Bologna,Emilia-Romagna,2022,emigrati_interni,31414
037,Bologna,Emilia-Romagna,2023,emigrati_interni,29969
037,Bologna,Emilia-Romagna,2024,emigrati_interni,29559
037,Bologna,Emilia-Romagna,2019,immigrati_estero,7227
037,Bologna,Emilia-Romagna,2020,immigrati_estero,5294
037,Bologna,Emilia-Romagna,2021,immigrati_estero,6440
037,Bologna,Emilia-Romagna,2022,immigrati_estero,7924
037,Bologna,Emilia-Romagna,2023,immigrati_estero,8615
037,Bologna,Emilia-Romagna,2024,immigrati_estero,9429
037,Bologna,Emilia-Romagna,2019,immigrati_interni,36386
037,Bologna,Emilia-Romagna,2020,immigrati_interni,32679
037,Bologna,Emilia-Romagna,2021,immigrati_interni,34144
037,Bologna,Emilia-Romagna,2022,immigrati_interni,36284
037,Bologna,Emilia-Romagna,2023,immigrati_interni,33774
037,Bologna,Emilia-Romagna,2024,immigrati_interni,32199
037,Bologna,Emilia-Romagna,2019,morti,11611
037,Bologna,Emilia-Romagna,2020,morti,13266
037,Bologna,Emilia-Romagna,2021,morti,12857
037,Bologna,Emilia-Romagna,2022,morti,12645
037,Bologna,Emilia-Romagna,2023,morti,11873
037,Bologna,Emilia-Romagna,2024,morti,11758
037,Bologna,Emilia-Romagna,2019,nati,7143
037,Bologna,Emilia-Romagna,2020,nati,6956
037,Bologna,Emilia-Romagna,2021,nati,6958
037,Bologna,Emilia-Romagna,2022,nati,6829
037,Bologna,Emilia-Romagna,2023,nati,6523
037,Bologna,Emilia-Romagna,2024,nati,6573
037,Bologna,Emilia-Romagna,2019,popolazione_censita,1021501
037,Bologna,Emilia-Romagna,2020,popolazione_censita,1015608
037,Bologna,Emilia-Romagna,2021,popolazione_censita,1010812
037,Bologna,Emilia-Romagna,2022,popolazione_censita,1014124
037,Bologna,Emilia-Romagna,2023,popolazione_censita,1017536
037,Bologna,Emilia-Romagna,2024,popolazione_censita,1020193
037,Bologna,Emilia-Romagna,2019,popolazione_fine,1023431
037,Bologna,Emilia-Romagna,2020,popolazione_fine,1021395
037,Bologna,Emilia-Romagna,2021,popolazione_fine,1017031
037,Bologna,Emilia-Romagna,2022,popolazione_fine,1014718
037,Bologna,Emilia-Romagna,2023,popolazione_fine,1018133
037,Bologna,Emilia-Romagna,2024,popolazione_fine,1020900
037,Bologna,Emilia-Romagna,2019,popolazione_inizio,1017551
037,Bologna,Emilia-Romagna,2020,popolazione_inizio,1021501
037,Bologna,Emilia-Romagna,2021,popolazione_inizio,1015608
037,Bologna,Emilia-Romagna,2022,popolazione_inizio,1010812
037,Bologna,Emilia-Romagna,2023,popolazione_inizio,1014124
037,Bologna,Emilia-Romagna,2024,popolazione_inizio,1017536
037,Bologna,Emilia-Romagna,2019,variazioni_territoriali,0
037,Bologna,Emilia-Romagna,2020,variazioni_territoriali,0
037,Bologna,Emilia-Romagna,2021,variazioni_territoriali,0
037,Bologna,Emilia-Romagna,2022,variazioni_territoriali,0
037,Bologna,Emilia-Romagna,2023,variazioni_territoriali,0
037,Bologna,Emilia-Romagna,2024,variazioni_territoriali,0
038,Ferrara,Emilia-Romagna,2019,aggiustamento_statistico,-451
038,Ferrara,Emilia-Romagna,2020,aggiustamento_statistico,-483
038,Ferrara,Emilia-Romagna,2021,aggiustamento_statistico,-1566
038,Ferrara,Emilia-Romagna,2022,aggiustamento_statistico,-286
038,Ferrara,Emilia-Romagna,2023,aggiustamento_statistico,22
038,Ferrara,Emilia-Romagna,2024,aggiustamento_statistico,-355
038,Ferrara,Emilia-Romagna,2019,emigrati_estero,862
038,Ferrara,Emilia-Romagna,2020,emigrati_estero,921
038,Ferrara,Emilia-Romagna,2021,emigrati_estero,855
038,Ferrara,Emilia-Romagna,2022,emigrati_estero,893
038,Ferrara,Emilia-Romagna,2023,emigrati_estero,844
038,Ferrara,Emilia-Romagna,2024,emigrati_estero,873
038,Ferrara,Emilia-Romagna,2019,emigrati_interni,7969
038,Ferrara,Emilia-Romagna,2020,emigrati_interni,7264
038,Ferrara,Emilia-Romagna,2021,emigrati_interni,7293
038,Ferrara,Emilia-Romagna,2022,emigrati_interni,7987
038,Ferrara,Emilia-Romagna,2023,emigrati_interni,7707
038,Ferrara,Emilia-Romagna,2024,emigrati_interni,7638
038,Ferrara,Emilia-Romagna,2019,immigrati_estero,2113
038,Ferrara,Emilia-Romagna,2020,immigrati_estero,1464
038,Ferrara,Emilia-Romagna,2021,immigrati_estero,2217
038,Ferrara,Emilia-Romagna,2022,immigrati_estero,2901
038,Ferrara,Emilia-Romagna,2023,immigrati_estero,2692
038,Ferrara,Emilia-Romagna,2024,immigrati_estero,2870
038,Ferrara,Emilia-Romagna,2019,immigrati_interni,8827
038,Ferrara,Emilia-Romagna,2020,immigrati_interni,8199
038,Ferrara,Emilia-Romagna,2021,immigrati_interni,8475
038,Ferrara,Emilia-Romagna,2022,immigrati_interni,9378
038,Ferrara,Emilia-Romagna,2023,immigrati_interni,9112
038,Ferrara,Emilia-Romagna,2024,immigrati_interni,8970
038,Ferrara,Emilia-Romagna,2019,morti,4644
038,Ferrara,Emilia-Romagna,2020,morti,5243
038,Ferrara,Emilia-Romagna,2021,morti,5342
038,Ferrara,Emilia-Romagna,2022,morti,5248
038,Ferrara,Emilia-Romagna,2023,morti,4693
038,Ferrara,Emilia-Romagna,2024,morti,4749
038,Ferrara,Emilia-Romagna,2019,nati,1958
038,Ferrara,Emilia-Romagna,2020,nati,1799
038,Ferrara,Emilia-Romagna,2021,nati,1876
038,Ferrara,Emilia-Romagna,2022,nati,1849
038,Ferrara,Emilia-Romagna,2023,nati,1795
038,Ferrara,Emilia-Romagna,2024,nati,1723
038,Ferrara,Emilia-Romagna,2019,popolazione_censita,344510
038,Ferrara,Emilia-Romagna,2020,popolazione_censita,342061
038,Ferrara,Emilia-Romagna,2021,popolazione_censita,339573
038,Ferrara,Emilia-Romagna,2022,popolazione_censita,339287
038,Ferrara,Emilia-Romagna,2023,popolazione_censita,339664
038,Ferrara,Emilia-Romagna,2024,popolazione_censita,339612
038,Ferrara,Emilia-Romagna,2019,popolazione_fine,344961
038,Ferrara,Emilia-Romagna,2020,popolazione_fine,342544
038,Ferrara,Emilia-Romagna,2021,popolazione_fine,341139
038,Ferrara,Emilia-Romagna,2022,popolazione_fine,339573
038,Ferrara,Emilia-Romagna,2023,popolazione_fine,339642
038,Ferrara,Emilia-Romagna,2024,popolazione_fine,339967
038,Ferrara,Emilia-Romagna,2019,popolazione_inizio,345538
038,Ferrara,Emilia-Romagna,2020,popolazione_inizio,344510
038,Ferrara,Emilia-Romagna,2021,popolazione_inizio,342061
038,Ferrara,Emilia-Romagna,2022,popolazione_inizio,339573
038,Ferrara,Emilia-Romagna,2023,popolazione_inizio,339287
038,Ferrara,Emilia-Romagna,2024,popolazione_inizio,339664
038,Ferrara,Emilia-Romagna,2019,variazioni_territoriali,0
038,Ferrara,Emilia-Romagna,2020,variazioni_territoriali,0
038,Ferrara,Emilia-Romagna,2021,variazioni_territoriali,0
038,Ferrara,Emilia-Romagna,2022,variazioni_territoriali,0
038,Ferrara,Emilia-Romagna,2023,variazioni_territoriali,0
038,Ferrara,Emilia-Romagna,2024,variazioni_territoriali,0
039,Ravenna,Emilia-Romagna,2019,aggiustamento_statistico,-1511
039,Ravenna,Emilia-Romagna,2020,aggiustamento_statistico,-1032
039,Ravenna,Emilia-Romagna,2021,aggiustamento_statistico,-1234
039,Ravenna,Emilia-Romagna,2022,aggiustamento_statistico,-214
039,Ravenna,Emilia-Romagna,2023,aggiustamento_statistico,40
039,Ravenna,Emilia-Romagna,2024,aggiustamento_statistico,-210
039,Ravenna,Emilia-Romagna,2019,emigrati_estero,1136
039,Ravenna,Emilia-Romagna,2020,emigrati_estero,939
039,Ravenna,Emilia-Romagna,2021,emigrati_estero,1027
039,Ravenna,Emilia-Romagna,2022,emigrati_estero,1136
039,Ravenna,Emilia-Romagna,2023,emigrati_estero,1151
039,Ravenna,Emilia-Romagna,2024,emigrati_estero,1305
039,Ravenna,Emilia-Romagna,2019,emigrati_interni,8244
039,Ravenna,Emilia-Romagna,2020,emigrati_interni,7286
039,Ravenna,Emilia-Romagna,2021,emigrati_interni,8128
039,Ravenna,Emilia-Romagna,2022,emigrati_interni,8086
039,Ravenna,Emilia-Romagna,2023,emigrati_interni,7947
039,Ravenna,Emilia-Romagna,2024,emigrati_interni,7499
039,Ravenna,Emilia-Romagna,2019,immigrati_estero,2730
039,Ravenna,Emilia-Romagna,2020,immigrati_estero,2116
039,Ravenna,Emilia-Romagna,2021,immigrati_estero,2868
039,Ravenna,Emilia-Romagna,2022,immigrati_estero,3173
039,Ravenna,Emilia-Romagna,2023,immigrati_estero,3335
039,Ravenna,Emilia-Romagna,2024,immigrati_estero,2879
039,Ravenna,Emilia-Romagna,2019,immigrati_interni,9590
039,Ravenna,Emilia-Romagna,2020,immigrati_interni,8646
039,Ravenna,Emilia-Romagna,2021,immigrati_interni,9324
039,Ravenna,Emilia-Romagna,2022,immigrati_interni,9840
039,Ravenna,Emilia-Romagna,2023,immigrati_interni,9127
039,Ravenna,Emilia-Romagna,2024,immigrati_interni,8611
039,Ravenna,Emilia-Romagna,2019,morti,4875
039,Ravenna,Emilia-Romagna,2020,morti,5260
039,Ravenna,Emilia-Romagna,2021,morti,5257
039,Ravenna,Emilia-Romagna,2022,morti,5161
039,Ravenna,Emilia-Romagna,2023,morti,4812
039,Ravenna,Emilia-Romagna,2024,morti,4710
039,Ravenna,Emilia-Romagna,2019,nati,2503
039,Ravenna,Emilia-Romagna,2020,nati,2428
039,Ravenna,Emilia-Romagna,2021,nati,2442
039,Ravenna,Emilia-Romagna,2022,nati,2308
039,Ravenna,Emilia-Romagna,2023,nati,2282
039,Ravenna,Emilia-Romagna,2024,nati,2210
039,Ravenna,Emilia-Romagna,2019,popolazione_censita,387970
039,Ravenna,Emilia-Romagna,2020,popolazione_censita,386643
039,Ravenna,Emilia-Romagna,2021,popolazione_censita,385631
039,Ravenna,Emilia-Romagna,2022,popolazione_censita,386355
039,Ravenna,Emilia-Romagna,2023,popolazione_censita,387229
039,Ravenna,Emilia-Romagna,2024,popolazione_censita,387205
039,Ravenna,Emilia-Romagna,2019,popolazione_fine,389481
039,Ravenna,Emilia-Romagna,2020,popolazione_fine,387675
039,Ravenna,Emilia-Romagna,2021,popolazione_fine,386865
039,Ravenna,Emilia-Romagna,2022,popolazione_fine,386569
039,Ravenna,Emilia-Romagna,2023,popolazione_fine,387189
039,Ravenna,Emilia-Romagna,2024,popolazione_fine,387415
039,Ravenna,Emilia-Romagna,2019,popolazione_inizio,388913
039,Ravenna,Emilia-Romagna,2020,popolazione_inizio,387970
039,Ravenna,Emilia-Romagna,2021,popolazione_inizio,386643
039,Ravenna,Emilia-Romagna,2022,popolazione_inizio,385631
039,Ravenna,Emilia-Romagna,2023,popolazione_inizio,386355
039,Ravenna,Emilia-Romagna,2024,popolazione_inizio,387229
039,Ravenna,Emilia-Romagna,2019,variazioni_territoriali,0
039,Ravenna,Emilia-Romagna,2020,variazioni_territoriali,0
039,Ravenna,Emilia-Romagna,2021,variazioni_territoriali,0
039,Ravenna,Emilia-Romagna,2022,variazioni_territoriali,0
039,Ravenna,Emilia-Romagna,2023,variazioni_territoriali,0
039,Ravenna,Emilia-Romagna,2024,variazioni_territoriali,0
040,Forlì-Cesena,Emilia-Romagna,2019,aggiustamento_statistico,-1048
040,Forlì-Cesena,Emilia-Romagna,2020,aggiustamento_statistico,-2468
040,Forlì-Cesena,Emilia-Romagna,2021,aggiustamento_statistico,-1192
040,Forlì-Cesena,Emilia-Romagna,2022,aggiustamento_statistico,-459
040,Forlì-Cesena,Emilia-Romagna,2023,aggiustamento_statistico,-190
040,Forlì-Cesena,Emilia-Romagna,2024,aggiustamento_statistico,-184
040,Forlì-Cesena,Emilia-Romagna,2019,emigrati_estero,906
040,Forlì-Cesena,Emilia-Romagna,2020,emigrati_estero,823
040,Forlì-Cesena,Emilia-Romagna,2021,emigrati_estero,1002
040,Forlì-Cesena,Emilia-Romagna,2022,emigrati_estero,961
040,Forlì-Cesena,Emilia-Romagna,2023,emigrati_estero,915
040,Forlì-Cesena,Emilia-Romagna,2024,emigrati_estero,1179
040,Forlì-Cesena,Emilia-Romagna,2019,emigrati_interni,9010
040,Forlì-Cesena,Emilia-Romagna,2020,emigrati_interni,8455
040,Forlì-Cesena,Emilia-Romagna,2021,emigrati_interni,8580
040,Forlì-Cesena,Emilia-Romagna,2022,emigrati_interni,9015
040,Forlì-Cesena,Emilia-Romagna,2023,emigrati_interni,8461
040,Forlì-Cesena,Emilia-Romagna,2024,emigrati_interni,8567
040,Forlì-Cesena,Emilia-Romagna,2019,immigrati_estero,2316
040,Forlì-Cesena,Emilia-Romagna,2020,immigrati_estero,1742
040,Forlì-Cesena,Emilia-Romagna,2021,immigrati_estero,2298
040,Forlì-Cesena,Emilia-Romagna,2022,immigrati_estero,2749
040,Forlì-Cesena,Emilia-Romagna,2023,immigrati_estero,2735
040,Forlì-Cesena,Emilia-Romagna,2024,immigrati_estero,2985
040,Forlì-Cesena,Emilia-Romagna,2019,immigrati_interni,10322
040,Forlì-Cesena,Emilia-Romagna,2020,immigrati_interni,9686
040,Forlì-Cesena,Emilia-Romagna,2021,immigrati_interni,9725
040,Forlì-Cesena,Emilia-Romagna,2022,immigrati_interni,10305
040,Forlì-Cesena,Emilia-Romagna,2023,immigrati_interni,9963
040,Forlì-Cesena,Emilia-Romagna,2024,immigrati_interni,9548
040,Forlì-Cesena,Emilia-Romagna,2019,morti,4399
040,Forlì-Cesena,Emilia-Romagna,2020,morti,4885
040,Forlì-Cesena,Emilia-Romagna,2021,morti,5119
040,Forlì-Cesena,Emilia-Romagna,2022,morti,4881
040,Forlì-Cesena,Emilia-Romagna,2023,morti,4487
040,Forlì-Cesena,Emilia-Romagna,2024,morti,4383
040,Forlì-Cesena,Emilia-Romagna,2019,nati,2593
040,Forlì-Cesena,Emilia-Romagna,2020,nati,2539
040,Forlì-Cesena,Emilia-Romagna,2021,nati,2521
040,Forlì-Cesena,Emilia-Romagna,2022,nati,2617
040,Forlì-Cesena,Emilia-Romagna,2023,nati,2519
040,Forlì-Cesena,Emilia-Romagna,2024,nati,2335
040,Forlì-Cesena,Emilia-Romagna,2019,popolazione_censita,395306
040,Forlì-Cesena,Emilia-Romagna,2020,popolazione_censita,392642
040,Forlì-Cesena,Emilia-Romagna,2021,popolazione_censita,391293
040,Forlì-Cesena,Emilia-Romagna,2022,popolazione_censita,391648
040,Forlì-Cesena,Emilia-Romagna,2023,popolazione_censita,392812
040,Forlì-Cesena,Emilia-Romagna,2024,popolazione_censita,393367
040,Forlì-Cesena,Emilia-Romagna,2019,popolazione_fine,396354
040,Forlì-Cesena,Emilia-Romagna,2020,popolazione_fine,395110
040,Forlì-Cesena,Emilia-Romagna,2021,popolazione_fine,392485
040,Forlì-Cesena,Emilia-Romagna,2022,popolazione_fine,392107
040,Forlì-Cesena,Emilia-Romagna,2023,popolazione_fine,393002
040,Forlì-Cesena,Emilia-Romagna,2024,popolazione_fine,393551
040,Forlì-Cesena,Emilia-Romagna,2019,popolazione_inizio,395438
040,Forlì-Cesena,Emilia-Romagna,2020,popolazione_inizio,395306
040,Forlì-Cesena,Emilia-Romagna,2021,popolazione_inizio,392642
040,Forlì-Cesena,Emilia-Romagna,2022,popolazione_inizio,391293
040,Forlì-Cesena,Emilia-Romagna,2023,popolazione_inizio,391648
040,Forlì-Cesena,Emilia-Romagna,2024,popolazione_inizio,392812
040,Forlì-Cesena,Emilia-Romagna,2019,variazioni_territoriali,0
040,Forlì-Cesena,Emilia-Romagna,2020,variazioni_territoriali,0
040,Forlì-Cesena,Emilia-Romagna,2021,variazioni_territoriali,0
040,Forlì-Cesena,Emilia-Romagna,2022,variazioni_territoriali,0
040,Forlì-Cesena,Emilia-Romagna,2023,variazioni_territoriali,0
040,Forlì-Cesena,Emilia-Romagna,2024,variazioni_territoriali,0
041,Pesaro e Urbino,Marche,2019,aggiustamento_statistico,-875
041,Pesaro e Urbino,Marche,2020,aggiustamento_statistico,-1616
041,Pesaro e Urbino,Marche,2021,aggiustamento_statistico,-622
041,Pesaro e Urbino,Marche,2022,aggiustamento_statistico,-183
041,Pesaro e Urbino,Marche,2023,aggiustamento_statistico,-397
041,Pesaro e Urbino,Marche,2024,aggiustamento_statistico,-247
041,Pesaro e Urbino,Marche,2019,emigrati_estero,1157
041,Pesaro e Urbino,Marche,2020,emigrati_estero,1054
041,Pesaro e Urbino,Marche,2021,emigrati_estero,956
041,Pesaro e Urbino,Marche,2022,emigrati_estero,1024
041,Pesaro e Urbino,Marche,2023,emigrati_estero,1020
041,Pesaro e Urbino,Marche,2024,emigrati_estero,1200
041,Pesaro e Urbino,Marche,2019,emigrati_interni,8048
041,Pesaro e Urbino,Marche,2020,emigrati_interni,7279
041,Pesaro e Urbino,Marche,2021,emigrati_interni,7387
041,Pesaro e Urbino,Marche,2022,emigrati_interni,7748
041,Pesaro e Urbino,Marche,2023,emigrati_interni,7609
041,Pesaro e Urbino,Marche,2024,emigrati_interni,7768
041,Pesaro e Urbino,Marche,2019,immigrati_estero,1751
041,Pesaro e Urbino,Marche,2020,immigrati_estero,1602
041,Pesaro e Urbino,Marche,2021,immigrati_estero,1971
041,Pesaro e Urbino,Marche,2022,immigrati_estero,2490
041,Pesaro e Urbino,Marche,2023,immigrati_estero,3054
041,Pesaro e Urbino,Marche,2024,immigrati_estero,2706
041,Pesaro e Urbino,Marche,2019,immigrati_interni,8395
041,Pesaro e Urbino,Marche,2020,immigrati_interni,7943
041,Pesaro e Urbino,Marche,2021,immigrati_interni,8037
041,Pesaro e Urbino,Marche,2022,immigrati_interni,8508
041,Pesaro e Urbino,Marche,2023,immigrati_interni,8271
041,Pesaro e Urbino,Marche,2024,immigrati_interni,8194
041,Pesaro e Urbino,Marche,2019,morti,3980
041,Pesaro e Urbino,Marche,2020,morti,4982
041,Pesaro e Urbino,Marche,2021,morti,4263
041,Pesaro e Urbino,Marche,2022,morti,4454
041,Pesaro e Urbino,Marche,2023,morti,3982
041,Pesaro e Urbino,Marche,2024,morti,3893
041,Pesaro e Urbino,Marche,2019,nati,2268
041,Pesaro e Urbino,Marche,2020,nati,2161
041,Pesaro e Urbino,Marche,2021,nati,2182
041,Pesaro e Urbino,Marche,2022,nati,2122
041,Pesaro e Urbino,Marche,2023,nati,2036
041,Pesaro e Urbino,Marche,2024,nati,1884
041,Pesaro e Urbino,Marche,2019,popolazione_censita,356497
041,Pesaro e Urbino,Marche,2020,popolazione_censita,353272
041,Pesaro e Urbino,Marche,2021,popolazione_censita,349818
041,Pesaro e Urbino,Marche,2022,popolazione_censita,349529
041,Pesaro e Urbino,Marche,2023,popolazione_censita,349882
041,Pesaro e Urbino,Marche,2024,popolazione_censita,349558
041,Pesaro e Urbino,Marche,2019,popolazione_fine,357372
041,Pesaro e Urbino,Marche,2020,popolazione_fine,354888
041,Pesaro e Urbino,Marche,2021,popolazione_fine,350440
041,Pesaro e Urbino,Marche,2022,popolazione_fine,349712
041,Pesaro e Urbino,Marche,2023,popolazione_fine,350279
041,Pesaro e Urbino,Marche,2024,popolazione_fine,349805
041,Pesaro e Urbino,Marche,2019,popolazione_inizio,358143
041,Pesaro e Urbino,Marche,2020,popolazione_inizio,356497
041,Pesaro e Urbino,Marche,2021,popolazione_inizio,350856
041,Pesaro e Urbino,Marche,2022,popolazione_inizio,349818
041,Pesaro e Urbino,Marche,2023,popolazione_inizio,349529
041,Pesaro e Urbino,Marche,2024,popolazione_inizio,349882
041,Pesaro e Urbino,Marche,2019,variazioni_territoriali,0
041,Pesaro e Urbino,Marche,2020,variazioni_territoriali,0
041,Pesaro e Urbino,Marche,2021,variazioni_territoriali,0
041,Pesaro e Urbino,Marche,2022,variazioni_territoriali,0
041,Pesaro e Urbino,Marche,2023,variazioni_territoriali,0
041,Pesaro e Urbino,Marche,2024,variazioni_territoriali,0
042,Ancona,Marche,2019,aggiustamento_statistico,-559
042,Ancona,Marche,2020,aggiustamento_statistico,-1065
042,Ancona,Marche,2021,aggiustamento_statistico,-1760
042,Ancona,Marche,2022,aggiustamento_statistico,-180
042,Ancona,Marche,2023,aggiustamento_statistico,-485
042,Ancona,Marche,2024,aggiustamento_statistico,-419
042,Ancona,Marche,2019,emigrati_estero,1960
042,Ancona,Marche,2020,emigrati_estero,1790
042,Ancona,Marche,2021,emigrati_estero,1471
042,Ancona,Marche,2022,emigrati_estero,1330
042,Ancona,Marche,2023,emigrati_estero,1398
042,Ancona,Marche,2024,emigrati_estero,1511
042,Ancona,Marche,2019,emigrati_interni,10347
042,Ancona,Marche,2020,emigrati_interni,9350
042,Ancona,Marche,2021,emigrati_interni,10217
042,Ancona,Marche,2022,emigrati_interni,10553
042,Ancona,Marche,2023,emigrati_interni,10792
042,Ancona,Marche,2024,emigrati_interni,10333
042,Ancona,Marche,2019,immigrati_estero,2619
042,Ancona,Marche,2020,immigrati_estero,2308
042,Ancona,Marche,2021,immigrati_estero,3271
042,Ancona,Marche,2022,immigrati_estero,4067
042,Ancona,Marche,2023,immigrati_estero,4106
042,Ancona,Marche,2024,immigrati_estero,4120
042,Ancona,Marche,2019,immigrati_interni,10926
042,Ancona,Marche,2020,immigrati_interni,9954
042,Ancona,Marche,2021,immigrati_interni,10845
042,Ancona,Marche,2022,immigrati_interni,11293
042,Ancona,Marche,2023,immigrati_interni,11293
042,Ancona,Marche,2024,immigrati_interni,10833
042,Ancona,Marche,2019,morti,5367
042,Ancona,Marche,2020,morti,5982
042,Ancona,Marche,2021,morti,6234
042,Ancona,Marche,2022,morti,5972
042,Ancona,Marche,2023,morti,5480
042,Ancona,Marche,2024,morti,5340
042,Ancona,Marche,2019,nati,2973
042,Ancona,Marche,2020,nati,2893
042,Ancona,Marche,2021,nati,2834
042,Ancona,Marche,2022,nati,2643
042,Ancona,Marche,2023,nati,2730
042,Ancona,Marche,2024,nati,2524
042,Ancona,Marche,2019,popolazione_censita,467451
042,Ancona,Marche,2020,popolazione_censita,464419
042,Ancona,Marche,2021,popolazione_censita,461687
042,Ancona,Marche,2022,popolazione_censita,461655
042,Ancona,Marche,2023,popolazione_censita,461629
042,Ancona,Marche,2024,popolazione_censita,461503
042,Ancona,Marche,2019,popolazione_fine,468010
042,Ancona,Marche,2020,popolazione_fine,465484
042,Ancona,Marche,2021,popolazione_fine,463447
042,Ancona,Marche,2022,popolazione_fine,461835
042,Ancona,Marche,2023,popolazione_fine,462114
042,Ancona,Marche,2024,popolazione_fine,461922
042,Ancona,Marche,2019,popolazione_inizio,469166
042,Ancona,Marche,2020,popolazione_inizio,467451
042,Ancona,Marche,2021,popolazione_inizio,464419
042,Ancona,Marche,2022,popolazione_inizio,461687
042,Ancona,Marche,2023,popolazione_inizio,461655
042,Ancona,Marche,2024,popolazione_inizio,461629
042,Ancona,Marche,2019,variazioni_territoriali,0
042,Ancona,Marche,2020,variazioni_territoriali,0
042,Ancona,Marche,2021,variazioni_territoriali,0
042,Ancona,Marche,2022,variazioni_territoriali,0
042,Ancona,Marche,2023,variazioni_territoriali,0
042,Ancona,Marche,2024,variazioni_territoriali,0
043,Macerata,Marche,2019,aggiustamento_statistico,-983
043,Macerata,Marche,2020,aggiustamento_statistico,-1404
043,Macerata,Marche,2021,aggiustamento_statistico,-1003
043,Macerata,Marche,2022,aggiustamento_statistico,-38
043,Macerata,Marche,2023,aggiustamento_statistico,-429
043,Macerata,Marche,2024,aggiustamento_statistico,-312
043,Macerata,Marche,2019,emigrati_estero,1392
043,Macerata,Marche,2020,emigrati_estero,1284
043,Macerata,Marche,2021,emigrati_estero,1176
043,Macerata,Marche,2022,emigrati_estero,1048
043,Macerata,Marche,2023,emigrati_estero,1063
043,Macerata,Marche,2024,emigrati_estero,1403
043,Macerata,Marche,2019,emigrati_interni,6671
043,Macerata,Marche,2020,emigrati_interni,5854
043,Macerata,Marche,2021,emigrati_interni,5978
043,Macerata,Marche,2022,emigrati_interni,6492
043,Macerata,Marche,2023,emigrati_interni,6411
043,Macerata,Marche,2024,emigrati_interni,6086
043,Macerata,Marche,2019,immigrati_estero,2074
043,Macerata,Marche,2020,immigrati_estero,1489
043,Macerata,Marche,2021,immigrati_estero,1985
043,Macerata,Marche,2022,immigrati_estero,2436
043,Macerata,Marche,2023,immigrati_estero,2623
043,Macerata,Marche,2024,immigrati_estero,2699
043,Macerata,Marche,2019,immigrati_interni,6310
043,Macerata,Marche,2020,immigrati_interni,5729
043,Macerata,Marche,2021,immigrati_interni,5956
043,Macerata,Marche,2022,immigrati_interni,6358
043,Macerata,Marche,2023,immigrati_interni,6273
043,Macerata,Marche,2024,immigrati_interni,6143
043,Macerata,Marche,2019,morti,3660
043,Macerata,Marche,2020,morti,4142
043,Macerata,Marche,2021,morti,4215
043,Macerata,Marche,2022,morti,4226
043,Macerata,Marche,2023,morti,3720
043,Macerata,Marche,2024,morti,3806
043,Macerata,Marche,2019,nati,2115
043,Macerata,Marche,2020,nati,2061
043,Macerata,Marche,2021,nati,2007
043,Macerata,Marche,2022,nati,1852
043,Macerata,Marche,2023,nati,1892
043,Macerata,Marche,2024,nati,1802
043,Macerata,Marche,2019,popolazione_censita,310815
043,Macerata,Marche,2020,popolazione_censita,307410
043,Macerata,Marche,2021,popolazione_censita,304986
043,Macerata,Marche,2022,popolazione_censita,303828
043,Macerata,Marche,2023,popolazione_censita,302993
043,Macerata,Marche,2024,popolazione_censita,302030
043,Macerata,Marche,2019,popolazione_fine,311798
043,Macerata,Marche,2020,popolazione_fine,308814
043,Macerata,Marche,2021,popolazione_fine,305989
043,Macerata,Marche,2022,popolazione_fine,303866
043,Macerata,Marche,2023,popolazione_fine,303422
043,Macerata,Marche,2024,popolazione_fine,302342
043,Macerata,Marche,2019,popolazione_inizio,313022
043,Macerata,Marche,2020,popolazione_inizio,310815
043,Macerata,Marche,2021,popolazione_inizio,307410
043,Macerata,Marche,2022,popolazione_inizio,304986
043,Macerata,Marche,2023,popolazione_inizio,303828
043,Macerata,Marche,2024,popolazione_inizio,302993
043,Macerata,Marche,2019,variazioni_territoriali,0
043,Macerata,Marche,2020,variazioni_territoriali,0
043,Macerata,Marche,2021,variazioni_territoriali,0
043,Macerata,Marche,2022,variazioni_territoriali,0
043,Macerata,Marche,2023,variazioni_territoriali,0
043,Macerata,Marche,2024,variazioni_territoriali,0
044,Ascoli Piceno,Marche,2019,aggiustamento_statistico,-372
044,Ascoli Piceno,Marche,2020,aggiustamento_statistico,-1410
044,Ascoli Piceno,Marche,2021,aggiustamento_statistico,-226
044,Ascoli Piceno,Marche,2022,aggiustamento_statistico,-63
044,Ascoli Piceno,Marche,2023,aggiustamento_statistico,-110
044,Ascoli Piceno,Marche,2024,aggiustamento_statistico,-5
044,Ascoli Piceno,Marche,2019,emigrati_estero,529
044,Ascoli Piceno,Marche,2020,emigrati_estero,504
044,Ascoli Piceno,Marche,2021,emigrati_estero,474
044,Ascoli Piceno,Marche,2022,emigrati_estero,519
044,Ascoli Piceno,Marche,2023,emigrati_estero,540
044,Ascoli Piceno,Marche,2024,emigrati_estero,660
044,Ascoli Piceno,Marche,2019,emigrati_interni,4901
044,Ascoli Piceno,Marche,2020,emigrati_interni,4558
044,Ascoli Piceno,Marche,2021,emigrati_interni,4555
044,Ascoli Piceno,Marche,2022,emigrati_interni,5054
044,Ascoli Piceno,Marche,2023,emigrati_interni,4781
044,Ascoli Piceno,Marche,2024,emigrati_interni,4656
044,Ascoli Piceno,Marche,2019,immigrati_estero,1041
044,Ascoli Piceno,Marche,2020,immigrati_estero,746
044,Ascoli Piceno,Marche,2021,immigrati_estero,1104
044,Ascoli Piceno,Marche,2022,immigrati_estero,1326
044,Ascoli Piceno,Marche,2023,immigrati_estero,1498
044,Ascoli Piceno,Marche,2024,immigrati_estero,1442
044,Ascoli Piceno,Marche,2019,immigrati_interni,4721
044,Ascoli Piceno,Marche,2020,immigrati_interni,4364
044,Ascoli Piceno,Marche,2021,immigrati_interni,4548
044,Ascoli Piceno,Marche,2022,immigrati_interni,4976
044,Ascoli Piceno,Marche,2023,immigrati_interni,4624
044,Ascoli Piceno,Marche,2024,immigrati_interni,4801
044,Ascoli Piceno,Marche,2019,morti,2348
044,Ascoli Piceno,Marche,2020,morti,2624
044,Ascoli Piceno,Marche,2021,morti,2659
044,Ascoli Piceno,Marche,2022,morti,2760
044,Ascoli Piceno,Marche,2023,morti,2444
044,Ascoli Piceno,Marche,2024,morti,2453
044,Ascoli Piceno,Marche,2019,nati,1251
044,Ascoli Piceno,Marche,2020,nati,1239
044,Ascoli Piceno,Marche,2021,nati,1202
044,Ascoli Piceno,Marche,2022,nati,1191
044,Ascoli Piceno,Marche,2023,nati,1188
044,Ascoli Piceno,Marche,2024,nati,1131
044,Ascoli Piceno,Marche,2019,popolazione_censita,206172
044,Ascoli Piceno,Marche,2020,popolazione_censita,203425
044,Ascoli Piceno,Marche,2021,popolazione_censita,202365
044,Ascoli Piceno,Marche,2022,popolazione_censita,201462
044,Ascoli Piceno,Marche,2023,popolazione_censita,200897
044,Ascoli Piceno,Marche,2024,popolazione_censita,200497
044,Ascoli Piceno,Marche,2019,popolazione_fine,206544
044,Ascoli Piceno,Marche,2020,popolazione_fine,204835
044,Ascoli Piceno,Marche,2021,popolazione_fine,202591
044,Ascoli Piceno,Marche,2022,popolazione_fine,201525
044,Ascoli Piceno,Marche,2023,popolazione_fine,201007
044,Ascoli Piceno,Marche,2024,popolazione_fine,200502
044,Ascoli Piceno,Marche,2019,popolazione_inizio,207309
044,Ascoli Piceno,Marche,2020,popolazione_inizio,206172
044,Ascoli Piceno,Marche,2021,popolazione_inizio,203425
044,Ascoli Piceno,Marche,2022,popolazione_inizio,202365
044,Ascoli Piceno,Marche,2023,popolazione_inizio,201462
044,Ascoli Piceno,Marche,2024,popolazione_inizio,200897
044,Ascoli Piceno,Marche,2019,variazioni_territoriali,0
044,Ascoli Piceno,Marche,2020,variazioni_territoriali,0
044,Ascoli Piceno,Marche,2021,variazioni_territoriali,0
044,Ascoli Piceno,Marche,2022,variazioni_territoriali,0
044,Ascoli Piceno,Marche,2023,variazioni_territoriali,0
044,Ascoli Piceno,Marche,2024,variazioni_territoriali,0
045,Massa-Carrara,Toscana,2019,aggiustamento_statistico,-218
045,Massa-Carrara,Toscana,2020,aggiustamento_statistico,-376
045,Massa-Carrara,Toscana,2021,aggiustamento_statistico,-126
045,Massa-Carrara,Toscana,2022,aggiustamento_statistico,62
045,Massa-Carrara,Toscana,2023,aggiustamento_statistico,-98
045,Massa-Carrara,Toscana,2024,aggiustamento_statistico,-26
045,Massa-Carrara,Toscana,2019,emigrati_estero,496
045,Massa-Carrara,Toscana,2020,emigrati_estero,534
045,Massa-Carrara,Toscana,2021,emigrati_estero,558
045,Massa-Carrara,Toscana,2022,emigrati_estero,484
045,Massa-Carrara,Toscana,2023,emigrati_estero,396
045,Massa-Carrara,Toscana,2024,emigrati_estero,557
045,Massa-Carrara,Toscana,2019,emigrati_interni,4027
045,Massa-Carrara,Toscana,2020,emigrati_interni,3715
045,Massa-Carrara,Toscana,2021,emigrati_interni,4069
045,Massa-Carrara,Toscana,2022,emigrati_interni,4185
045,Massa-Carrara,Toscana,2023,emigrati_interni,3859
045,Massa-Carrara,Toscana,2024,emigrati_interni,3655
045,Massa-Carrara,Toscana,2019,immigrati_estero,1043
045,Massa-Carrara,Toscana,2020,immigrati_estero,904
045,Massa-Carrara,Toscana,2021,immigrati_estero,1002
045,Massa-Carrara,Toscana,2022,immigrati_estero,1194
045,Massa-Carrara,Toscana,2023,immigrati_estero,1374
045,Massa-Carrara,Toscana,2024,immigrati_estero,1476
045,Massa-Carrara,Toscana,2019,immigrati_interni,4093
045,Massa-Carrara,Toscana,2020,immigrati_interni,3913
045,Massa-Carrara,Toscana,2021,immigrati_interni,4075
045,Massa-Carrara,Toscana,2022,immigrati_interni,4425
045,Massa-Carrara,Toscana,2023,immigrati_interni,4138
045,Massa-Carrara,Toscana,2024,immigrati_interni,4119
045,Massa-Carrara,Toscana,2019,morti,2514
045,Massa-Carrara,Toscana,2020,morti,2994
045,Massa-Carrara,Toscana,2021,morti,2660
045,Massa-Carrara,Toscana,2022,morti,2884
045,Massa-Carrara,Toscana,2023,morti,2664
045,Massa-Carrara,Toscana,2024,morti,2502
045,Massa-Carrara,Toscana,2019,nati,969
045,Massa-Carrara,Toscana,2020,nati,953
045,Massa-Carrara,Toscana,2021,nati,983
045,Massa-Carrara,Toscana,2022,nati,972
045,Massa-Carrara,Toscana,2023,nati,904
045,Massa-Carrara,Toscana,2024,nati,946
045,Massa-Carrara,Toscana,2019,popolazione_censita,191685
045,Massa-Carrara,Toscana,2020,popolazione_censita,189836
045,Massa-Carrara,Toscana,2021,popolazione_censita,188483
045,Massa-Carrara,Toscana,2022,popolazione_censita,187583
045,Massa-Carrara,Toscana,2023,popolazione_censita,186982
045,Massa-Carrara,Toscana,2024,popolazione_censita,186783
045,Massa-Carrara,Toscana,2019,popolazione_fine,191903
045,Massa-Carrara,Toscana,2020,popolazione_fine,190212
045,Massa-Carrara,Toscana,2021,popolazione_fine,188609
045,Massa-Carrara,Toscana,2022,popolazione_fine,187521
045,Massa-Carrara,Toscana,2023,popolazione_fine,187080
045,Massa-Carrara,Toscana,2024,popolazione_fine,186809
045,Massa-Carrara,Toscana,2019,popolazione_inizio,192835
045,Massa-Carrara,Toscana,2020,popolazione_inizio,191685
045,Massa-Carrara,Toscana,2021,popolazione_inizio,189836
045,Massa-Carrara,Toscana,2022,popolazione_inizio,188483
045,Massa-Carrara,Toscana,2023,popolazione_inizio,187583
045,Massa-Carrara,Toscana,2024,popolazione_inizio,186982
045,Massa-Carrara,Toscana,2019,variazioni_territoriali,0
045,Massa-Carrara,Toscana,2020,variazioni_territoriali,0
045,Massa-Carrara,Toscana,2021,variazioni_territoriali,0
045,Massa-Carrara,Toscana,2022,variazioni_territoriali,0
045,Massa-Carrara,Toscana,2023,variazioni_territoriali,0
045,Massa-Carrara,Toscana,2024,variazioni_territoriali,0
046,Lucca,Toscana,2019,aggiustamento_statistico,-1042
046,Lucca,Toscana,2020,aggiustamento_statistico,2344
046,Lucca,Toscana,2021,aggiustamento_statistico,-300
046,Lucca,Toscana,2022,aggiustamento_statistico,48
046,Lucca,Toscana,2023,aggiustamento_statistico,-227
046,Lucca,Toscana,2024,aggiustamento_statistico,-72
046,Lucca,Toscana,2019,emigrati_estero,841
046,Lucca,Toscana,2020,emigrati_estero,796
046,Lucca,Toscana,2021,emigrati_estero,865
046,Lucca,Toscana,2022,emigrati_estero,861
046,Lucca,Toscana,2023,emigrati_estero,890
046,Lucca,Toscana,2024,emigrati_estero,1064
046,Lucca,Toscana,2019,emigrati_interni,9513
046,Lucca,Toscana,2020,emigrati_interni,8699
046,Lucca,Toscana,2021,emigrati_interni,8908
046,Lucca,Toscana,2022,emigrati_interni,9344
046,Lucca,Toscana,2023,emigrati_interni,9041
046,Lucca,Toscana,2024,emigrati_interni,8501
046,Lucca,Toscana,2019,immigrati_estero,2419
046,Lucca,Toscana,2020,immigrati_estero,1720
046,Lucca,Toscana,2021,immigrati_estero,1842
046,Lucca,Toscana,2022,immigrati_estero,2737
046,Lucca,Toscana,2023,immigrati_estero,2751
046,Lucca,Toscana,2024,immigrati_estero,2625
046,Lucca,Toscana,2019,immigrati_interni,10411
046,Lucca,Toscana,2020,immigrati_interni,9809
046,Lucca,Toscana,2021,immigrati_interni,9676
046,Lucca,Toscana,2022,immigrati_interni,10207
046,Lucca,Toscana,2023,immigrati_interni,9879
046,Lucca,Toscana,2024,immigrati_interni,9363
046,Lucca,Toscana,2019,morti,4734
046,Lucca,Toscana,2020,morti,5115
046,Lucca,Toscana,2021,morti,5182
046,Lucca,Toscana,2022,morti,5115
046,Lucca,Toscana,2023,morti,4842
046,Lucca,Toscana,2024,morti,4794
046,Lucca,Toscana,2019,nati,2366
046,Lucca,Toscana,2020,nati,2151
046,Lucca,Toscana,2021,nati,2244
046,Lucca,Toscana,2022,nati,2048
046,Lucca,Toscana,2023,nati,2012
046,Lucca,Toscana,2024,nati,2007
046,Lucca,Toscana,2019,popolazione_censita,382543
046,Lucca,Toscana,2020,popolazione_censita,383957
046,Lucca,Toscana,2021,popolazione_censita,382464
046,Lucca,Toscana,2022,popolazione_censita,382184
046,Lucca,Toscana,2023,popolazione_censita,381826
046,Lucca,Toscana,2024,popolazione_censita,381390
046,Lucca,Toscana,2019,popolazione_fine,383585
046,Lucca,Toscana,2020,popolazione_fine,381613
046,Lucca,Toscana,2021,popolazione_fine,382764
046,Lucca,Toscana,2022,popolazione_fine,382136
046,Lucca,Toscana,2023,popolazione_fine,382053
046,Lucca,Toscana,2024,popolazione_fine,381462
046,Lucca,Toscana,2019,popolazione_inizio,383477
046,Lucca,Toscana,2020,popolazione_inizio,382543
046,Lucca,Toscana,2021,popolazione_inizio,383957
046,Lucca,Toscana,2022,popolazione_inizio,382464
046,Lucca,Toscana,2023,popolazione_inizio,382184
046,Lucca,Toscana,2024,popolazione_inizio,381826
046,Lucca,Toscana,2019,variazioni_territoriali,0
046,Lucca,Toscana,2020,variazioni_territoriali,0
046,Lucca,Toscana,2021,variazioni_territoriali,0
046,Lucca,Toscana,2022,variazioni_territoriali,0
046,Lucca,Toscana,2023,variazioni_territoriali,0
046,Lucca,Toscana,2024,variazioni_territoriali,0
047,Pistoia,Toscana,2019,aggiustamento_statistico,-606
047,Pistoia,Toscana,2020,aggiustamento_statistico,-987
047,Pistoia,Toscana,2021,aggiustamento_statistico,-587
047,Pistoia,Toscana,2022,aggiustamento_statistico,25
047,Pistoia,Toscana,2023,aggiustamento_statistico,-204
047,Pistoia,Toscana,2024,aggiustamento_statistico,-212
047,Pistoia,Toscana,2019,emigrati_estero,736
047,Pistoia,Toscana,2020,emigrati_estero,734
047,Pistoia,Toscana,2021,emigrati_estero,696
047,Pistoia,Toscana,2022,emigrati_estero,751
047,Pistoia,Toscana,2023,emigrati_estero,802
047,Pistoia,Toscana,2024,emigrati_estero,816
047,Pistoia,Toscana,2019,emigrati_interni,8156
047,Pistoia,Toscana,2020,emigrati_interni,7581
047,Pistoia,Toscana,2021,emigrati_interni,8055
047,Pistoia,Toscana,2022,emigrati_interni,8170
047,Pistoia,Toscana,2023,emigrati_interni,7933
047,Pistoia,Toscana,2024,emigrati_interni,7440
047,Pistoia,Toscana,2019,immigrati_estero,2007
047,Pistoia,Toscana,2020,immigrati_estero,1357
047,Pistoia,Toscana,2021,immigrati_estero,1753
047,Pistoia,Toscana,2022,immigrati_estero,2243
047,Pistoia,Toscana,2023,immigrati_estero,2231
047,Pistoia,Toscana,2024,immigrati_estero,2183
047,Pistoia,Toscana,2019,immigrati_interni,9229
047,Pistoia,Toscana,2020,immigrati_interni,8364
047,Pistoia,Toscana,2021,immigrati_interni,8898
047,Pistoia,Toscana,2022,immigrati_interni,8947
047,Pistoia,Toscana,2023,immigrati_interni,8691
047,Pistoia,Toscana,2024,immigrati_interni,8211
047,Pistoia,Toscana,2019,morti,3285
047,Pistoia,Toscana,2020,morti,3617
047,Pistoia,Toscana,2021,morti,3898
047,Pistoia,Toscana,2022,morti,3664
047,Pistoia,Toscana,2023,morti,3519
047,Pistoia,Toscana,2024,morti,3468
047,Pistoia,Toscana,2019,nati,1831
047,Pistoia,Toscana,2020,nati,1746
047,Pistoia,Toscana,2021,nati,1754
047,Pistoia,Toscana,2022,nati,1715
047,Pistoia,Toscana,2023,nati,1666
047,Pistoia,Toscana,2024,nati,1578
047,Pistoia,Toscana,2019,popolazione_censita,291697
047,Pistoia,Toscana,2020,popolazione_censita,290245
047,Pistoia,Toscana,2021,popolazione_censita,289414
047,Pistoia,Toscana,2022,popolazione_censita,289759
047,Pistoia,Toscana,2023,popolazione_censita,289889
047,Pistoia,Toscana,2024,popolazione_censita,289925
047,Pistoia,Toscana,2019,popolazione_fine,292303
047,Pistoia,Toscana,2020,popolazione_fine,291232
047,Pistoia,Toscana,2021,popolazione_fine,290001
047,Pistoia,Toscana,2022,popolazione_fine,289734
047,Pistoia,Toscana,2023,popolazione_fine,290093
047,Pistoia,Toscana,2024,popolazione_fine,290137
047,Pistoia,Toscana,2019,popolazione_inizio,291413
047,Pistoia,Toscana,2020,popolazione_inizio,291697
047,Pistoia,Toscana,2021,popolazione_inizio,290245
047,Pistoia,Toscana,2022,popolazione_inizio,289414
047,Pistoia,Toscana,2023,popolazione_inizio,289759
047,Pistoia,Toscana,2024,popolazione_inizio,289889
047,Pistoia,Toscana,2019,variazioni_territoriali,0
047,Pistoia,Toscana,2020,variazioni_territoriali,0
047,Pistoia,Toscana,2021,variazioni_territoriali,0
047,Pistoia,Toscana,2022,variazioni_territoriali,0
047,Pistoia,Toscana,2023,variazioni_territoriali,0
047,Pistoia,Toscana,2024,variazioni_territoriali,0
048,Firenze,Toscana,2019,aggiustamento_statistico,-5526
048,Firenze,Toscana,2020,aggiustamento_statistico,5686
048,Firenze,Toscana,2021,aggiustamento_statistico,-9433
048,Firenze,Toscana,2022,aggiustamento_statistico,-69
048,Firenze,Toscana,2023,aggiustamento_statistico,-1570
048,Firenze,Toscana,2024,aggiustamento_statistico,-1451
048,Firenze,Toscana,2019,emigrati_estero,1938
048,Firenze,Toscana,2020,emigrati_estero,2239
048,Firenze,Toscana,2021,emigrati_estero,2472
048,Firenze,Toscana,2022,emigrati_estero,2434
048,Firenze,Toscana,2023,emigrati_estero,2455
048,Firenze,Toscana,2024,emigrati_estero,3234
048,Firenze,Toscana,2019,emigrati_interni,27597
048,Firenze,Toscana,2020,emigrati_interni,25480
048,Firenze,Toscana,2021,emigrati_interni,26986
048,Firenze,Toscana,2022,emigrati_interni,26621
048,Firenze,Toscana,2023,emigrati_interni,25922
048,Firenze,Toscana,2024,emigrati_interni,24886
048,Firenze,Toscana,2019,immigrati_estero,7364
048,Firenze,Toscana,2020,immigrati_estero,5389
048,Firenze,Toscana,2021,immigrati_estero,6926
048,Firenze,Toscana,2022,immigrati_estero,9228
048,Firenze,Toscana,2023,immigrati_estero,9393
048,Firenze,Toscana,2024,immigrati_estero,9822
048,Firenze,Toscana,2019,immigrati_interni,28974
048,Firenze,Toscana,2020,immigrati_interni,25891
048,Firenze,Toscana,2021,immigrati_interni,26471
048,Firenze,Toscana,2022,immigrati_interni,27504
048,Firenze,Toscana,2023,immigrati_interni,26573
048,Firenze,Toscana,2024,immigrati_interni,24753
048,Firenze,Toscana,2019,morti,11346
048,Firenze,Toscana,2020,morti,12666
048,Firenze,Toscana,2021,morti,12072
048,Firenze,Toscana,2022,morti,12902
048,Firenze,Toscana,2023,morti,11308
048,Firenze,Toscana,2024,morti,11642
048,Firenze,Toscana,2019,nati,6610
048,Firenze,Toscana,2020,nati,6333
048,Firenze,Toscana,2021,nati,6395
048,Firenze,Toscana,2022,nati,6228
048,Firenze,Toscana,2023,nati,5880
048,Firenze,Toscana,2024,nati,5921
048,Firenze,Toscana,2019,popolazione_censita,995517
048,Firenze,Toscana,2020,popolazione_censita,998431
048,Firenze,Toscana,2021,popolazione_censita,987260
048,Firenze,Toscana,2022,popolazione_censita,988194
048,Firenze,Toscana,2023,popolazione_censita,988785
048,Firenze,Toscana,2024,popolazione_censita,988068
048,Firenze,Toscana,2019,popolazione_fine,1001043
048,Firenze,Toscana,2020,popolazione_fine,992745
048,Firenze,Toscana,2021,popolazione_fine,996693
048,Firenze,Toscana,2022,popolazione_fine,988263
048,Firenze,Toscana,2023,popolazione_fine,990355
048,Firenze,Toscana,2024,popolazione_fine,989519
048,Firenze,Toscana,2019,popolazione_inizio,998976
048,Firenze,Toscana,2020,popolazione_inizio,995517
048,Firenze,Toscana,2021,popolazione_inizio,998431
048,Firenze,Toscana,2022,popolazione_inizio,987260
048,Firenze,Toscana,2023,popolazione_inizio,988194
048,Firenze,Toscana,2024,popolazione_inizio,988785
048,Firenze,Toscana,2019,variazioni_territoriali,0
048,Firenze,Toscana,2020,variazioni_territoriali,0
048,Firenze,Toscana,2021,variazioni_territoriali,0
048,Firenze,Toscana,2022,variazioni_territoriali,0
048,Firenze,Toscana,2023,variazioni_territoriali,0
048,Firenze,Toscana,2024,variazioni_territoriali,0
049,Livorno,Toscana,2019,aggiustamento_statistico,-150
049,Livorno,Toscana,2020,aggiustamento_statistico,-1192
049,Livorno,Toscana,2021,aggiustamento_statistico,-384
049,Livorno,Toscana,2022,aggiustamento_statistico,-255
049,Livorno,Toscana,2023,aggiustamento_statistico,34
049,Livorno,Toscana,2024,aggiustamento_statistico,-138
049,Livorno,Toscana,2019,emigrati_estero,1010
049,Livorno,Toscana,2020,emigrati_estero,754
049,Livorno,Toscana,2021,emigrati_estero,808
049,Livorno,Toscana,2022,emigrati_estero,790
049,Livorno,Toscana,2023,emigrati_estero,862
049,Livorno,Toscana,2024,emigrati_estero,961
049,Livorno,Toscana,2019,emigrati_interni,6446
049,Livorno,Toscana,2020,emigrati_interni,5737
049,Livorno,Toscana,2021,emigrati_interni,6101
049,Livorno,Toscana,2022,emigrati_interni,6228
049,Livorno,Toscana,2023,emigrati_interni,5894
049,Livorno,Toscana,2024,emigrati_interni,5682
049,Livorno,Toscana,2019,immigrati_estero,1972
049,Livorno,Toscana,2020,immigrati_estero,1324
049,Livorno,Toscana,2021,immigrati_estero,1585
049,Livorno,Toscana,2022,immigrati_estero,2609
049,Livorno,Toscana,2023,immigrati_estero,2484
049,Livorno,Toscana,2024,immigrati_estero,2422
049,Livorno,Toscana,2019,immigrati_interni,6884
049,Livorno,Toscana,2020,immigrati_interni,6182
049,Livorno,Toscana,2021,immigrati_interni,6608
049,Livorno,Toscana,2022,immigrati_interni,7048
049,Livorno,Toscana,2023,immigrati_interni,6484
049,Livorno,Toscana,2024,immigrati_interni,6335
049,Livorno,Toscana,2019,morti,4209
049,Livorno,Toscana,2020,morti,4529
049,Livorno,Toscana,2021,morti,4484
049,Livorno,Toscana,2022,morti,4862
049,Livorno,Toscana,2023,morti,4247
049,Livorno,Toscana,2024,morti,4254
049,Livorno,Toscana,2019,nati,1949
049,Livorno,Toscana,2020,nati,1825
049,Livorno,Toscana,2021,nati,1850
049,Livorno,Toscana,2022,nati,1821
049,Livorno,Toscana,2023,nati,1711
049,Livorno,Toscana,2024,nati,1712
049,Livorno,Toscana,2019,popolazione_censita,331877
049,Livorno,Toscana,2020,popolazione_censita,328996
049,Livorno,Toscana,2021,popolazione_censita,327262
049,Livorno,Toscana,2022,popolazione_censita,326605
049,Livorno,Toscana,2023,popolazione_censita,326315
049,Livorno,Toscana,2024,popolazione_censita,325749
049,Livorno,Toscana,2019,popolazione_fine,332027
049,Livorno,Toscana,2020,popolazione_fine,330188
049,Livorno,Toscana,2021,popolazione_fine,327646
049,Livorno,Toscana,2022,popolazione_fine,326860
049,Livorno,Toscana,2023,popolazione_fine,326281
049,Livorno,Toscana,2024,popolazione_fine,325887
049,Livorno,Toscana,2019,popolazione_inizio,332887
049,Livorno,Toscana,2020,popolazione_inizio,331877
049,Livorno,Toscana,2021,popolazione_inizio,328996
049,Livorno,Toscana,2022,popolazione_inizio,327262
049,Livorno,Toscana,2023,popolazione_inizio,326605
049,Livorno,Toscana,2024,popolazione_inizio,326315
049,Livorno,Toscana,2019,variazioni_territoriali,0
049,Livorno,Toscana,2020,variazioni_territoriali,0
049,Livorno,Toscana,2021,variazioni_territoriali,0
049,Livorno,Toscana,2022,variazioni_territoriali,0
049,Livorno,Toscana,2023,variazioni_territoriali,0
049,Livorno,Toscana,2024,variazioni_territoriali,0
050,Pisa,Toscana,2019,aggiustamento_statistico,-1040
050,Pisa,Toscana,2020,aggiustamento_statistico,391
050,Pisa,Toscana,2021,aggiustamento_statistico,-977
050,Pisa,Toscana,2022,aggiustamento_statistico,-373
050,Pisa,Toscana,2023,aggiustamento_statistico,-501
050,Pisa,Toscana,2024,aggiustamento_statistico,-276
050,Pisa,Toscana,2019,emigrati_estero,1133
050,Pisa,Toscana,2020,emigrati_estero,1041
050,Pisa,Toscana,2021,emigrati_estero,1137
050,Pisa,Toscana,2022,emigrati_estero,1080
050,Pisa,Toscana,2023,emigrati_estero,957
050,Pisa,Toscana,2024,emigrati_estero,1280
050,Pisa,Toscana,2019,emigrati_interni,13317
050,Pisa,Toscana,2020,emigrati_interni,12403
050,Pisa,Toscana,2021,emigrati_interni,12877
050,Pisa,Toscana,2022,emigrati_interni,13208
050,Pisa,Toscana,2023,emigrati_interni,12141
050,Pisa,Toscana,2024,emigrati_interni,12215
050,Pisa,Toscana,2019,immigrati_estero,3010
050,Pisa,Toscana,2020,immigrati_estero,2276
050,Pisa,Toscana,2021,immigrati_estero,2729
050,Pisa,Toscana,2022,immigrati_estero,3467
050,Pisa,Toscana,2023,immigrati_estero,3277
050,Pisa,Toscana,2024,immigrati_estero,3849
050,Pisa,Toscana,2019,immigrati_interni,14324
050,Pisa,Toscana,2020,immigrati_interni,13101
050,Pisa,Toscana,2021,immigrati_interni,13672
050,Pisa,Toscana,2022,immigrati_interni,14028
050,Pisa,Toscana,2023,immigrati_interni,12983
050,Pisa,Toscana,2024,immigrati_interni,12916
050,Pisa,Toscana,2019,morti,4846
050,Pisa,Toscana,2020,morti,5206
050,Pisa,Toscana,2021,morti,5083
050,Pisa,Toscana,2022,morti,5292
050,Pisa,Toscana,2023,morti,4799
050,Pisa,Toscana,2024,morti,4762
050,Pisa,Toscana,2019,nati,2824
050,Pisa,Toscana,2020,nati,2743
050,Pisa,Toscana,2021,nati,2731
050,Pisa,Toscana,2022,nati,2587
050,Pisa,Toscana,2023,nati,2642
050,Pisa,Toscana,2024,nati,2533
050,Pisa,Toscana,2019,popolazione_censita,418122
050,Pisa,Toscana,2020,popolazione_censita,417983
050,Pisa,Toscana,2021,popolazione_censita,417041
050,Pisa,Toscana,2022,popolazione_censita,417170
050,Pisa,Toscana,2023,popolazione_censita,417674
050,Pisa,Toscana,2024,popolazione_censita,418439
050,Pisa,Toscana,2019,popolazione_fine,419162
050,Pisa,Toscana,2020,popolazione_fine,417592
050,Pisa,Toscana,2021,popolazione_fine,418018
050,Pisa,Toscana,2022,popolazione_fine,417543
050,Pisa,Toscana,2023,popolazione_fine,418175
050,Pisa,Toscana,2024,popolazione_fine,418715
050,Pisa,Toscana,2019,popolazione_inizio,418300
050,Pisa,Toscana,2020,popolazione_inizio,418122
050,Pisa,Toscana,2021,popolazione_inizio,417983
050,Pisa,Toscana,2022,popolazione_inizio,417041
050,Pisa,Toscana,2023,popolazione_inizio,417170
050,Pisa,Toscana,2024,popolazione_inizio,417674
050,Pisa,Toscana,2019,variazioni_territoriali,0
050,Pisa,Toscana,2020,variazioni_territoriali,0
050,Pisa,Toscana,2021,variazioni_territoriali,0
050,Pisa,Toscana,2022,variazioni_territoriali,0
050,Pisa,Toscana,2023,variazioni_territoriali,0
050,Pisa,Toscana,2024,variazioni_territoriali,0
051,Arezzo,Toscana,2019,aggiustamento_statistico,-475
051,Arezzo,Toscana,2020,aggiustamento_statistico,-1174
051,Arezzo,Toscana,2021,aggiustamento_statistico,-630
051,Arezzo,Toscana,2022,aggiustamento_statistico,-123
051,Arezzo,Toscana,2023,aggiustamento_statistico,-387
051,Arezzo,Toscana,2024,aggiustamento_statistico,-382
051,Arezzo,Toscana,2019,emigrati_estero,1334
051,Arezzo,Toscana,2020,emigrati_estero,1098
051,Arezzo,Toscana,2021,emigrati_estero,1126
051,Arezzo,Toscana,2022,emigrati_estero,1034
051,Arezzo,Toscana,2023,emigrati_estero,1003
051,Arezzo,Toscana,2024,emigrati_estero,1112
051,Arezzo,Toscana,2019,emigrati_interni,7549
051,Arezzo,Toscana,2020,emigrati_interni,7120
051,Arezzo,Toscana,2021,emigrati_interni,7073
051,Arezzo,Toscana,2022,emigrati_interni,7740
051,Arezzo,Toscana,2023,emigrati_interni,7140
051,Arezzo,Toscana,2024,emigrati_interni,6936
051,Arezzo,Toscana,2019,immigrati_estero,2198
051,Arezzo,Toscana,2020,immigrati_estero,1504
051,Arezzo,Toscana,2021,immigrati_estero,2096
051,Arezzo,Toscana,2022,immigrati_estero,2514
051,Arezzo,Toscana,2023,immigrati_estero,2444
051,Arezzo,Toscana,2024,immigrati_estero,3051
051,Arezzo,Toscana,2019,immigrati_interni,7785
051,Arezzo,Toscana,2020,immigrati_interni,7466
051,Arezzo,Toscana,2021,immigrati_interni,7502
051,Arezzo,Toscana,2022,immigrati_interni,8015
051,Arezzo,Toscana,2023,immigrati_interni,7580
051,Arezzo,Toscana,2024,immigrati_interni,7353
051,Arezzo,Toscana,2019,morti,4019
051,Arezzo,Toscana,2020,morti,4404
051,Arezzo,Toscana,2021,morti,4514
051,Arezzo,Toscana,2022,morti,4509
051,Arezzo,Toscana,2023,morti,4142
051,Arezzo,Toscana,2024,morti,4096
051,Arezzo,Toscana,2019,nati,2217
051,Arezzo,Toscana,2020,nati,2155
051,Arezzo,Toscana,2021,nati,2170
051,Arezzo,Toscana,2022,nati,2003
051,Arezzo,Toscana,2023,nati,1940
051,Arezzo,Toscana,2024,nati,2018
051,Arezzo,Toscana,2019,popolazione_censita,339172
051,Arezzo,Toscana,2020,popolazione_censita,336501
051,Arezzo,Toscana,2021,popolazione_censita,334926
051,Arezzo,Toscana,2022,popolazione_censita,334052
051,Arezzo,Toscana,2023,popolazione_censita,333344
051,Arezzo,Toscana,2024,popolazione_censita,333240
051,Arezzo,Toscana,2019,popolazione_fine,339647
051,Arezzo,Toscana,2020,popolazione_fine,337675
051,Arezzo,Toscana,2021,popolazione_fine,335556
051,Arezzo,Toscana,2022,popolazione_fine,334175
051,Arezzo,Toscana,2023,popolazione_fine,333731
051,Arezzo,Toscana,2024,popolazione_fine,333622
051,Arezzo,Toscana,2019,popolazione_inizio,340349
051,Arezzo,Toscana,2020,popolazione_inizio,339172
051,Arezzo,Toscana,2021,popolazione_inizio,336501
051,Arezzo,Toscana,2022,popolazione_inizio,334926
051,Arezzo,Toscana,2023,popolazione_inizio,334052
051,Arezzo,Toscana,2024,popolazione_inizio,333344
051,Arezzo,Toscana,2019,variazioni_territoriali,0
051,Arezzo,Toscana,2020,variazioni_territoriali,0
051,Arezzo,Toscana,2021,variazioni_territoriali,0
051,Arezzo,Toscana,2022,variazioni_territoriali,0
051,Arezzo,Toscana,2023,variazioni_territoriali,0
051,Arezzo,Toscana,2024,variazioni_territoriali,0
052,Siena,Toscana,2019,aggiustamento_statistico,-681
052,Siena,Toscana,2020,aggiustamento_statistico,-533
052,Siena,Toscana,2021,aggiustamento_statistico,-1692
052,Siena,Toscana,2022,aggiustamento_statistico,-382
052,Siena,Toscana,2023,aggiustamento_statistico,-726
052,Siena,Toscana,2024,aggiustamento_statistico,-425
052,Siena,Toscana,2019,emigrati_estero,859
052,Siena,Toscana,2020,emigrati_estero,834
052,Siena,Toscana,2021,emigrati_estero,905
052,Siena,Toscana,2022,emigrati_estero,954
052,Siena,Toscana,2023,emigrati_estero,1034
052,Siena,Toscana,2024,emigrati_estero,992
052,Siena,Toscana,2019,emigrati_interni,7608
052,Siena,Toscana,2020,emigrati_interni,6452
052,Siena,Toscana,2021,emigrati_interni,7120
052,Siena,Toscana,2022,emigrati_interni,7303
052,Siena,Toscana,2023,emigrati_interni,7321
052,Siena,Toscana,2024,emigrati_interni,6739
052,Siena,Toscana,2019,immigrati_estero,2296
052,Siena,Toscana,2020,immigrati_estero,1677
052,Siena,Toscana,2021,immigrati_estero,2118
052,Siena,Toscana,2022,immigrati_estero,2783
052,Siena,Toscana,2023,immigrati_estero,3215
052,Siena,Toscana,2024,immigrati_estero,2835
052,Siena,Toscana,2019,immigrati_interni,7688
052,Siena,Toscana,2020,immigrati_interni,6633
052,Siena,Toscana,2021,immigrati_interni,6959
052,Siena,Toscana,2022,immigrati_interni,7290
052,Siena,Toscana,2023,immigrati_interni,7034
052,Siena,Toscana,2024,immigrati_interni,6508
052,Siena,Toscana,2019,morti,3449
052,Siena,Toscana,2020,morti,3453
052,Siena,Toscana,2021,morti,3638
052,Siena,Toscana,2022,morti,3660
052,Siena,Toscana,2023,morti,3250
052,Siena,Toscana,2024,morti,3267
052,Siena,Toscana,2019,nati,1759
052,Siena,Toscana,2020,nati,1584
052,Siena,Toscana,2021,nati,1686
052,Siena,Toscana,2022,nati,1574
052,Siena,Toscana,2023,nati,1517
052,Siena,Toscana,2024,nati,1548
052,Siena,Toscana,2019,popolazione_censita,265179
052,Siena,Toscana,2020,popolazione_censita,263801
052,Siena,Toscana,2021,popolazione_censita,261209
052,Siena,Toscana,2022,popolazione_censita,260557
052,Siena,Toscana,2023,popolazione_censita,259992
052,Siena,Toscana,2024,popolazione_censita,259460
052,Siena,Toscana,2019,popolazione_fine,265860
052,Siena,Toscana,2020,popolazione_fine,264334
052,Siena,Toscana,2021,popolazione_fine,262901
052,Siena,Toscana,2022,popolazione_fine,260939
052,Siena,Toscana,2023,popolazione_fine,260718
052,Siena,Toscana,2024,popolazione_fine,259885
052,Siena,Toscana,2019,popolazione_inizio,266033
052,Siena,Toscana,2020,popolazione_inizio,265179
052,Siena,Toscana,2021,popolazione_inizio,263801
052,Siena,Toscana,2022,popolazione_inizio,261209
052,Siena,Toscana,2023,popolazione_inizio,260557
052,Siena,Toscana,2024,popolazione_inizio,259992
052,Siena,Toscana,2019,variazioni_territoriali,0
052,Siena,Toscana,2020,variazioni_territoriali,0
052,Siena,Toscana,2021,variazioni_territoriali,0
052,Siena,Toscana,2022,variazioni_territoriali,0
052,Siena,Toscana,2023,variazioni_territoriali,0
052,Siena,Toscana,2024,variazioni_territoriali,0
053,Grosseto,Toscana,2019,aggiustamento_statistico,-305
053,Grosseto,Toscana,2020,aggiustamento_statistico,-1168
053,Grosseto,Toscana,2021,aggiustamento_statistico,-460
053,Grosseto,Toscana,2022,aggiustamento_statistico,18
053,Grosseto,Toscana,2023,aggiustamento_statistico,-398
053,Grosseto,Toscana,2024,aggiustamento_statistico,-220
053,Grosseto,Toscana,2019,emigrati_estero,791
053,Grosseto,Toscana,2020,emigrati_estero,583
053,Grosseto,Toscana,2021,emigrati_estero,689
053,Grosseto,Toscana,2022,emigrati_estero,672
053,Grosseto,Toscana,2023,emigrati_estero,698
053,Grosseto,Toscana,2024,emigrati_estero,807
053,Grosseto,Toscana,2019,emigrati_interni,5100
053,Grosseto,Toscana,2020,emigrati_interni,4449
053,Grosseto,Toscana,2021,emigrati_interni,4852
053,Grosseto,Toscana,2022,emigrati_interni,5172
053,Grosseto,Toscana,2023,emigrati_interni,5024
053,Grosseto,Toscana,2024,emigrati_interni,4801
053,Grosseto,Toscana,2019,immigrati_estero,1551
053,Grosseto,Toscana,2020,immigrati_estero,1249
053,Grosseto,Toscana,2021,immigrati_estero,1599
053,Grosseto,Toscana,2022,immigrati_estero,2013
053,Grosseto,Toscana,2023,immigrati_estero,1930
053,Grosseto,Toscana,2024,immigrati_estero,1954
053,Grosseto,Toscana,2019,immigrati_interni,5467
053,Grosseto,Toscana,2020,immigrati_interni,4939
053,Grosseto,Toscana,2021,immigrati_interni,5320
053,Grosseto,Toscana,2022,immigrati_interni,5415
053,Grosseto,Toscana,2023,immigrati_interni,5219
053,Grosseto,Toscana,2024,immigrati_interni,5025
053,Grosseto,Toscana,2019,morti,2845
053,Grosseto,Toscana,2020,morti,3037
053,Grosseto,Toscana,2021,morti,2923
053,Grosseto,Toscana,2022,morti,3153
053,Grosseto,Toscana,2023,morti,2959
053,Grosseto,Toscana,2024,morti,3044
053,Grosseto,Toscana,2019,nati,1174
053,Grosseto,Toscana,2020,nati,1205
053,Grosseto,Toscana,2021,nati,1168
053,Grosseto,Toscana,2022,nati,1175
053,Grosseto,Toscana,2023,nati,1099
053,Grosseto,Toscana,2024,nati,1096
053,Grosseto,Toscana,2019,popolazione_censita,219690
053,Grosseto,Toscana,2020,popolazione_censita,217846
053,Grosseto,Toscana,2021,popolazione_censita,217009
053,Grosseto,Toscana,2022,popolazione_censita,216633
053,Grosseto,Toscana,2023,popolazione_censita,215802
053,Grosseto,Toscana,2024,popolazione_censita,215005
053,Grosseto,Toscana,2019,popolazione_fine,219995
053,Grosseto,Toscana,2020,popolazione_fine,219014
053,Grosseto,Toscana,2021,popolazione_fine,217469
053,Grosseto,Toscana,2022,popolazione_fine,216615
053,Grosseto,Toscana,2023,popolazione_fine,216200
053,Grosseto,Toscana,2024,popolazione_fine,215225
053,Grosseto,Toscana,2019,popolazione_inizio,220539
053,Grosseto,Toscana,2020,popolazione_inizio,219690
053,Grosseto,Toscana,2021,popolazione_inizio,217846
053,Grosseto,Toscana,2022,popolazione_inizio,217009
053,Grosseto,Toscana,2023,popolazione_inizio,216633
053,Grosseto,Toscana,2024,popolazione_inizio,215802
053,Grosseto,Toscana,2019,variazioni_territoriali,0
053,Grosseto,Toscana,2020,variazioni_territoriali,0
053,Grosseto,Toscana,2021,variazioni_territoriali,0
053,Grosseto,Toscana,2022,variazioni_territoriali,0
053,Grosseto,Toscana,2023,variazioni_territoriali,0
053,Grosseto,Toscana,2024,variazioni_territoriali,0
054,Perugia,Umbria,2019,aggiustamento_statistico,-1175
054,Perugia,Umbria,2020,aggiustamento_statistico,1266
054,Perugia,Umbria,2021,aggiustamento_statistico,-2815
054,Perugia,Umbria,2022,aggiustamento_statistico,-80
054,Perugia,Umbria,2023,aggiustamento_statistico,-842
054,Perugia,Umbria,2024,aggiustamento_statistico,-362
054,Perugia,Umbria,2019,emigrati_estero,2280
054,Perugia,Umbria,2020,emigrati_estero,2007
054,Perugia,Umbria,2021,emigrati_estero,1568
054,Perugia,Umbria,2022,emigrati_estero,1753
054,Perugia,Umbria,2023,emigrati_estero,1764
054,Perugia,Umbria,2024,emigrati_estero,2335
054,Perugia,Umbria,2019,emigrati_interni,13189
054,Perugia,Umbria,2020,emigrati_interni,12088
054,Perugia,Umbria,2021,emigrati_interni,12536
054,Perugia,Umbria,2022,emigrati_interni,13083
054,Perugia,Umbria,2023,emigrati_interni,13177
054,Perugia,Umbria,2024,emigrati_interni,12079
054,Perugia,Umbria,2019,immigrati_estero,4335
054,Perugia,Umbria,2020,immigrati_estero,3112
054,Perugia,Umbria,2021,immigrati_estero,3555
054,Perugia,Umbria,2022,immigrati_estero,4757
054,Perugia,Umbria,2023,immigrati_estero,4859
054,Perugia,Umbria,2024,immigrati_estero,5333
054,Perugia,Umbria,2019,immigrati_interni,13238
054,Perugia,Umbria,2020,immigrati_interni,12362
054,Perugia,Umbria,2021,immigrati_interni,12741
054,Perugia,Umbria,2022,immigrati_interni,13407
054,Perugia,Umbria,2023,immigrati_interni,12940
054,Perugia,Umbria,2024,immigrati_interni,12421
054,Perugia,Umbria,2019,morti,7345
054,Perugia,Umbria,2020,morti,7866
054,Perugia,Umbria,2021,morti,8412
054,Perugia,Umbria,2022,morti,8294
054,Perugia,Umbria,2023,morti,7671
054,Perugia,Umbria,2024,morti,7618
054,Perugia,Umbria,2019,nati,4297
054,Perugia,Umbria,2020,nati,4017
054,Perugia,Umbria,2021,nati,4011
054,Perugia,Umbria,2022,nati,3788
054,Perugia,Umbria,2023,nati,3653
054,Perugia,Umbria,2024,nati,3606
054,Perugia,Umbria,2019,popolazione_censita,646710
054,Perugia,Umbria,2020,popolazione_censita,645506
054,Perugia,Umbria,2021,popolazione_censita,640482
054,Perugia,Umbria,2022,popolazione_censita,639224
054,Perugia,Umbria,2023,popolazione_censita,637222
054,Perugia,Umbria,2024,popolazione_censita,636188
054,Perugia,Umbria,2019,popolazione_fine,647885
054,Perugia,Umbria,2020,popolazione_fine,644240
054,Perugia,Umbria,2021,popolazione_fine,643297
054,Perugia,Umbria,2022,popolazione_fine,639304
054,Perugia,Umbria,2023,popolazione_fine,638064
054,Perugia,Umbria,2024,popolazione_fine,636550
054,Perugia,Umbria,2019,popolazione_inizio,648829
054,Perugia,Umbria,2020,popolazione_inizio,646710
054,Perugia,Umbria,2021,popolazione_inizio,645506
054,Perugia,Umbria,2022,popolazione_inizio,640482
054,Perugia,Umbria,2023,popolazione_inizio,639224
054,Perugia,Umbria,2024,popolazione_inizio,637222
054,Perugia,Umbria,2019,variazioni_territoriali,0
054,Perugia,Umbria,2020,variazioni_territoriali,0
054,Perugia,Umbria,2021,variazioni_territoriali,0
054,Perugia,Umbria,2022,variazioni_territoriali,0
054,Perugia,Umbria,2023,variazioni_territoriali,0
054,Perugia,Umbria,2024,variazioni_territoriali,0
055,Terni,Umbria,2019,aggiustamento_statistico,-466
055,Terni,Umbria,2020,aggiustamento_statistico,-2171
055,Terni,Umbria,2021,aggiustamento_statistico,-419
055,Terni,Umbria,2022,aggiustamento_statistico,-50
055,Terni,Umbria,2023,aggiustamento_statistico,-322
055,Terni,Umbria,2024,aggiustamento_statistico,-92
055,Terni,Umbria,2019,emigrati_estero,599
055,Terni,Umbria,2020,emigrati_estero,539
055,Terni,Umbria,2021,emigrati_estero,640
055,Terni,Umbria,2022,emigrati_estero,611
055,Terni,Umbria,2023,emigrati_estero,509
055,Terni,Umbria,2024,emigrati_estero,649
055,Terni,Umbria,2019,emigrati_interni,4442
055,Terni,Umbria,2020,emigrati_interni,4119
055,Terni,Umbria,2021,emigrati_interni,4281
055,Terni,Umbria,2022,emigrati_interni,4376
055,Terni,Umbria,2023,emigrati_interni,4345
055,Terni,Umbria,2024,emigrati_interni,3812
055,Terni,Umbria,2019,immigrati_estero,1199
055,Terni,Umbria,2020,immigrati_estero,974
055,Terni,Umbria,2021,immigrati_estero,1199
055,Terni,Umbria,2022,immigrati_estero,1661
055,Terni,Umbria,2023,immigrati_estero,1688
055,Terni,Umbria,2024,immigrati_estero,1733
055,Terni,Umbria,2019,immigrati_interni,4486
055,Terni,Umbria,2020,immigrati_interni,4274
055,Terni,Umbria,2021,immigrati_interni,4374
055,Terni,Umbria,2022,immigrati_interni,4404
055,Terni,Umbria,2023,immigrati_interni,4177
055,Terni,Umbria,2024,immigrati_interni,4108
055,Terni,Umbria,2019,morti,2918
055,Terni,Umbria,2020,morti,3179
055,Terni,Umbria,2021,morti,3076
055,Terni,Umbria,2022,morti,3313
055,Terni,Umbria,2023,morti,3139
055,Terni,Umbria,2024,morti,2979
055,Terni,Umbria,2019,nati,1280
055,Terni,Umbria,2020,nati,1251
055,Terni,Umbria,2021,nati,1227
055,Terni,Umbria,2022,nati,1138
055,Terni,Umbria,2023,nati,1113
055,Terni,Umbria,2024,nati,1130
055,Terni,Umbria,2019,popolazione_censita,223455
055,Terni,Umbria,2020,popolazione_censita,219946
055,Terni,Umbria,2021,popolazione_censita,218330
055,Terni,Umbria,2022,popolazione_censita,217183
055,Terni,Umbria,2023,popolazione_censita,215846
055,Terni,Umbria,2024,popolazione_censita,215285
055,Terni,Umbria,2019,popolazione_fine,223921
055,Terni,Umbria,2020,popolazione_fine,222117
055,Terni,Umbria,2021,popolazione_fine,218749
055,Terni,Umbria,2022,popolazione_fine,217233
055,Terni,Umbria,2023,popolazione_fine,216168
055,Terni,Umbria,2024,popolazione_fine,215377
055,Terni,Umbria,2019,popolazione_inizio,224915
055,Terni,Umbria,2020,popolazione_inizio,223455
055,Terni,Umbria,2021,popolazione_inizio,219946
055,Terni,Umbria,2022,popolazione_inizio,218330
055,Terni,Umbria,2023,popolazione_inizio,217183
055,Terni,Umbria,2024,popolazione_inizio,215846
055,Terni,Umbria,2019,variazioni_territoriali,0
055,Terni,Umbria,2020,variazioni_territoriali,0
055,Terni,Umbria,2021,variazioni_territoriali,0
055,Terni,Umbria,2022,variazioni_territoriali,0
055,Terni,Umbria,2023,variazioni_territoriali,0
055,Terni,Umbria,2024,variazioni_territoriali,0
056,Viterbo,Lazio,2019,aggiustamento_statistico,-528
056,Viterbo,Lazio,2020,aggiustamento_statistico,186
056,Viterbo,Lazio,2021,aggiustamento_statistico,524
056,Viterbo,Lazio,2022,aggiustamento_statistico,88
056,Viterbo,Lazio,2023,aggiustamento_statistico,-317
056,Viterbo,Lazio,2024,aggiustamento_statistico,-24
056,Viterbo,Lazio,2019,emigrati_estero,1061
056,Viterbo,Lazio,2020,emigrati_estero,761
056,Viterbo,Lazio,2021,emigrati_estero,804
056,Viterbo,Lazio,2022,emigrati_estero,921
056,Viterbo,Lazio,2023,emigrati_estero,796
056,Viterbo,Lazio,2024,emigrati_estero,959
056,Viterbo,Lazio,2019,emigrati_interni,7890
056,Viterbo,Lazio,2020,emigrati_interni,6813
056,Viterbo,Lazio,2021,emigrati_interni,7041
056,Viterbo,Lazio,2022,emigrati_interni,7291
056,Viterbo,Lazio,2023,emigrati_interni,7396
056,Viterbo,Lazio,2024,emigrati_interni,6900
056,Viterbo,Lazio,2019,immigrati_estero,1695
056,Viterbo,Lazio,2020,immigrati_estero,1296
056,Viterbo,Lazio,2021,immigrati_estero,1662
056,Viterbo,Lazio,2022,immigrati_estero,2145
056,Viterbo,Lazio,2023,immigrati_estero,2636
056,Viterbo,Lazio,2024,immigrati_estero,2525
056,Viterbo,Lazio,2019,immigrati_interni,7661
056,Viterbo,Lazio,2020,immigrati_interni,7271
056,Viterbo,Lazio,2021,immigrati_interni,7744
056,Viterbo,Lazio,2022,immigrati_interni,7892
056,Viterbo,Lazio,2023,immigrati_interni,7626
056,Viterbo,Lazio,2024,immigrati_interni,7505
056,Viterbo,Lazio,2019,morti,3728
056,Viterbo,Lazio,2020,morti,3960
056,Viterbo,Lazio,2021,morti,3955
056,Viterbo,Lazio,2022,morti,4261
056,Viterbo,Lazio,2023,morti,3917
056,Viterbo,Lazio,2024,morti,3967
056,Viterbo,Lazio,2019,nati,1885
056,Viterbo,Lazio,2020,nati,1816
056,Viterbo,Lazio,2021,nati,1777
056,Viterbo,Lazio,2022,nati,1769
056,Viterbo,Lazio,2023,nati,1692
056,Viterbo,Lazio,2024,nati,1539
056,Viterbo,Lazio,2019,popolazione_censita,309795
056,Viterbo,Lazio,2020,popolazione_censita,308830
056,Viterbo,Lazio,2021,popolazione_censita,308737
056,Viterbo,Lazio,2022,popolazione_censita,308158
056,Viterbo,Lazio,2023,popolazione_censita,307686
056,Viterbo,Lazio,2024,popolazione_censita,307405
056,Viterbo,Lazio,2019,popolazione_fine,310323
056,Viterbo,Lazio,2020,popolazione_fine,308644
056,Viterbo,Lazio,2021,popolazione_fine,308213
056,Viterbo,Lazio,2022,popolazione_fine,308070
056,Viterbo,Lazio,2023,popolazione_fine,308003
056,Viterbo,Lazio,2024,popolazione_fine,307429
056,Viterbo,Lazio,2019,popolazione_inizio,311761
056,Viterbo,Lazio,2020,popolazione_inizio,309795
056,Viterbo,Lazio,2021,popolazione_inizio,308830
056,Viterbo,Lazio,2022,popolazione_inizio,308737
056,Viterbo,Lazio,2023,popolazione_inizio,308158
056,Viterbo,Lazio,2024,popolazione_inizio,307686
056,Viterbo,Lazio,2019,variazioni_territoriali,0
056,Viterbo,Lazio,2020,variazioni_territoriali,0
056,Viterbo,Lazio,2021,variazioni_territoriali,0
056,Viterbo,Lazio,2022,variazioni_territoriali,0
056,Viterbo,Lazio,2023,variazioni_territoriali,0
056,Viterbo,Lazio,2024,variazioni_territoriali,0
057,Rieti,Lazio,2019,aggiustamento_statistico,-282
057,Rieti,Lazio,2020,aggiustamento_statistico,-542
057,Rieti,Lazio,2021,aggiustamento_statistico,150
057,Rieti,Lazio,2022,aggiustamento_statistico,-117
057,Rieti,Lazio,2023,aggiustamento_statistico,-227
057,Rieti,Lazio,2024,aggiustamento_statistico,-231
057,Rieti,Lazio,2019,emigrati_estero,574
057,Rieti,Lazio,2020,emigrati_estero,469
057,Rieti,Lazio,2021,emigrati_estero,652
057,Rieti,Lazio,2022,emigrati_estero,542
057,Rieti,Lazio,2023,emigrati_estero,565
057,Rieti,Lazio,2024,emigrati_estero,705
057,Rieti,Lazio,2019,emigrati_interni,4190
057,Rieti,Lazio,2020,emigrati_interni,3792
057,Rieti,Lazio,2021,emigrati_interni,4164
057,Rieti,Lazio,2022,emigrati_interni,4428
057,Rieti,Lazio,2023,emigrati_interni,4293
057,Rieti,Lazio,2024,emigrati_interni,4254
057,Rieti,Lazio,2019,immigrati_estero,962
057,Rieti,Lazio,2020,immigrati_estero,988
057,Rieti,Lazio,2021,immigrati_estero,1417
057,Rieti,Lazio,2022,immigrati_estero,1550
057,Rieti,Lazio,2023,immigrati_estero,1814
057,Rieti,Lazio,2024,immigrati_estero,1814
057,Rieti,Lazio,2019,immigrati_interni,4005
057,Rieti,Lazio,2020,immigrati_interni,3867
057,Rieti,Lazio,2021,immigrati_interni,4276
057,Rieti,Lazio,2022,immigrati_interni,4260
057,Rieti,Lazio,2023,immigrati_interni,4084
057,Rieti,Lazio,2024,immigrati_interni,4307
057,Rieti,Lazio,2019,morti,1890
057,Rieti,Lazio,2020,morti,2121
057,Rieti,Lazio,2021,morti,2085
057,Rieti,Lazio,2022,morti,2255
057,Rieti,Lazio,2023,morti,2105
057,Rieti,Lazio,2024,morti,1974
057,Rieti,Lazio,2019,nati,932
057,Rieti,Lazio,2020,nati,907
057,Rieti,Lazio,2021,nati,866
057,Rieti,Lazio,2022,nati,846
057,Rieti,Lazio,2023,nati,823
057,Rieti,Lazio,2024,nati,821
057,Rieti,Lazio,2019,popolazione_censita,152497
057,Rieti,Lazio,2020,popolazione_censita,151335
057,Rieti,Lazio,2021,popolazione_censita,151143
057,Rieti,Lazio,2022,popolazione_censita,150457
057,Rieti,Lazio,2023,popolazione_censita,149988
057,Rieti,Lazio,2024,popolazione_censita,149766
057,Rieti,Lazio,2019,popolazione_fine,152779
057,Rieti,Lazio,2020,popolazione_fine,151877
057,Rieti,Lazio,2021,popolazione_fine,150993
057,Rieti,Lazio,2022,popolazione_fine,150574
057,Rieti,Lazio,2023,popolazione_fine,150215
057,Rieti,Lazio,2024,popolazione_fine,149997
057,Rieti,Lazio,2019,popolazione_inizio,153534
057,Rieti,Lazio,2020,popolazione_inizio,152497
057,Rieti,Lazio,2021,popolazione_inizio,151335
057,Rieti,Lazio,2022,popolazione_inizio,151143
057,Rieti,Lazio,2023,popolazione_inizio,150457
057,Rieti,Lazio,2024,popolazione_inizio,149988
057,Rieti,Lazio,2019,variazioni_territoriali,0
057,Rieti,Lazio,2020,variazioni_territoriali,0
057,Rieti,Lazio,2021,variazioni_territoriali,0
057,Rieti,Lazio,2022,variazioni_territoriali,0
057,Rieti,Lazio,2023,variazioni_territoriali,0
057,Rieti,Lazio,2024,variazioni_territoriali,0
058,Roma,Lazio,2019,aggiustamento_statistico,-16482
058,Roma,Lazio,2020,aggiustamento_statistico,-15158
058,Roma,Lazio,2021,aggiustamento_statistico,-11137
058,Roma,Lazio,2022,aggiustamento_statistico,4630
058,Roma,Lazio,2023,aggiustamento_statistico,-4193
058,Roma,Lazio,2024,aggiustamento_statistico,-5279
058,Roma,Lazio,2019,emigrati_estero,9535
058,Roma,Lazio,2020,emigrati_estero,7704
058,Roma,Lazio,2021,emigrati_estero,8818
058,Roma,Lazio,2022,emigrati_estero,7481
058,Roma,Lazio,2023,emigrati_estero,10136
058,Roma,Lazio,2024,emigrati_estero,10343
058,Roma,Lazio,2019,emigrati_interni,79385
058,Roma,Lazio,2020,emigrati_interni,68412
058,Roma,Lazio,2021,emigrati_interni,74589
058,Roma,Lazio,2022,emigrati_interni,78160
058,Roma,Lazio,2023,emigrati_interni,75567
058,Roma,Lazio,2024,emigrati_interni,72370
058,Roma,Lazio,2019,immigrati_estero,26420
058,Roma,Lazio,2020,immigrati_estero,19101
058,Roma,Lazio,2021,immigrati_estero,22458
058,Roma,Lazio,2022,immigrati_estero,27512
058,Roma,Lazio,2023,immigrati_estero,29583
058,Roma,Lazio,2024,immigrati_estero,30347
058,Roma,Lazio,2019,immigrati_interni,80747
058,Roma,Lazio,2020,immigrati_interni,66949
058,Roma,Lazio,2021,immigrati_interni,75739
058,Roma,Lazio,2022,immigrati_interni,82538
058,Roma,Lazio,2023,immigrati_interni,79772
058,Roma,Lazio,2024,immigrati_interni,73496
058,Roma,Lazio,2019,morti,40648
058,Roma,Lazio,2020,morti,44763
058,Roma,Lazio,2021,morti,45775
058,Roma,Lazio,2022,morti,45532
058,Roma,Lazio,2023,morti,46310
058,Roma,Lazio,2024,morti,43812
058,Roma,Lazio,2019,nati,28655
058,Roma,Lazio,2020,nati,28124
058,Roma,Lazio,2021,nati,27545
058,Roma,Lazio,2022,nati,26678
058,Roma,Lazio,2023,nati,25201
058,Roma,Lazio,2024,nati,25200
058,Roma,Lazio,2019,popolazione_censita,4253314
058,Roma,Lazio,2020,popolazione_censita,4231451
058,Roma,Lazio,2021,popolazione_censita,4216874
058,Roma,Lazio,2022,popolazione_censita,4227059
058,Roma,Lazio,2023,popolazione_censita,4225409
058,Roma,Lazio,2024,popolazione_censita,4222648
058,Roma,Lazio,2019,popolazione_fine,4269796
058,Roma,Lazio,2020,popolazione_fine,4246609
058,Roma,Lazio,2021,popolazione_fine,4228011
058,Roma,Lazio,2022,popolazione_fine,4222429
058,Roma,Lazio,2023,popolazione_fine,4229602
058,Roma,Lazio,2024,popolazione_fine,4227927
058,Roma,Lazio,2019,popolazione_inizio,4263542
058,Roma,Lazio,2020,popolazione_inizio,4253314
058,Roma,Lazio,2021,popolazione_inizio,4231451
058,Roma,Lazio,2022,popolazione_inizio,4216874
058,Roma,Lazio,2023,popolazione_inizio,4227059
058,Roma,Lazio,2024,popolazione_inizio,4225409
058,Roma,Lazio,2019,variazioni_territoriali,0
058,Roma,Lazio,2020,variazioni_territoriali,0
058,Roma,Lazio,2021,variazioni_territoriali,0
058,Roma,Lazio,2022,variazioni_territoriali,0
058,Roma,Lazio,2023,variazioni_territoriali,0
058,Roma,Lazio,2024,variazioni_territoriali,0
059,Latina,Lazio,2019,aggiustamento_statistico,-768
059,Latina,Lazio,2020,aggiustamento_statistico,4224
059,Latina,Lazio,2021,aggiustamento_statistico,858
059,Latina,Lazio,2022,aggiustamento_statistico,-335
059,Latina,Lazio,2023,aggiustamento_statistico,632
059,Latina,Lazio,2024,aggiustamento_statistico,-54
059,Latina,Lazio,2019,emigrati_estero,1508
059,Latina,Lazio,2020,emigrati_estero,1216
059,Latina,Lazio,2021,emigrati_estero,1311
059,Latina,Lazio,2022,emigrati_estero,1279
059,Latina,Lazio,2023,emigrati_estero,1176
059,Latina,Lazio,2024,emigrati_estero,1369
059,Latina,Lazio,2019,emigrati_interni,11889
059,Latina,Lazio,2020,emigrati_interni,10145
059,Latina,Lazio,2021,emigrati_interni,10997
059,Latina,Lazio,2022,emigrati_interni,11899
059,Latina,Lazio,2023,emigrati_interni,11249
059,Latina,Lazio,2024,emigrati_interni,10310
059,Latina,Lazio,2019,immigrati_estero,3329
059,Latina,Lazio,2020,immigrati_estero,2557
059,Latina,Lazio,2021,immigrati_estero,3662
059,Latina,Lazio,2022,immigrati_estero,4462
059,Latina,Lazio,2023,immigrati_estero,3870
059,Latina,Lazio,2024,immigrati_estero,4115
059,Latina,Lazio,2019,immigrati_interni,11058
059,Latina,Lazio,2020,immigrati_interni,9969
059,Latina,Lazio,2021,immigrati_interni,10856
059,Latina,Lazio,2022,immigrati_interni,10985
059,Latina,Lazio,2023,immigrati_interni,10081
059,Latina,Lazio,2024,immigrati_interni,9858
059,Latina,Lazio,2019,morti,5107
059,Latina,Lazio,2020,morti,5730
059,Latina,Lazio,2021,morti,5906
059,Latina,Lazio,2022,morti,6193
059,Latina,Lazio,2023,morti,6019
059,Latina,Lazio,2024,morti,5867
059,Latina,Lazio,2019,nati,4206
059,Latina,Lazio,2020,nati,3973
059,Latina,Lazio,2021,nati,4053
059,Latina,Lazio,2022,nati,3816
059,Latina,Lazio,2023,nati,3738
059,Latina,Lazio,2024,nati,3452
059,Latina,Lazio,2019,popolazione_censita,562592
059,Latina,Lazio,2020,popolazione_censita,566224
059,Latina,Lazio,2021,popolazione_censita,567439
059,Latina,Lazio,2022,popolazione_censita,566996
059,Latina,Lazio,2023,popolazione_censita,566873
059,Latina,Lazio,2024,popolazione_censita,566698
059,Latina,Lazio,2019,popolazione_fine,563360
059,Latina,Lazio,2020,popolazione_fine,562000
059,Latina,Lazio,2021,popolazione_fine,566581
059,Latina,Lazio,2022,popolazione_fine,567331
059,Latina,Lazio,2023,popolazione_fine,566241
059,Latina,Lazio,2024,popolazione_fine,566752
059,Latina,Lazio,2019,popolazione_inizio,563271
059,Latina,Lazio,2020,popolazione_inizio,562592
059,Latina,Lazio,2021,popolazione_inizio,566224
059,Latina,Lazio,2022,popolazione_inizio,567439
059,Latina,Lazio,2023,popolazione_inizio,566996
059,Latina,Lazio,2024,popolazione_inizio,566873
059,Latina,Lazio,2019,variazioni_territoriali,0
059,Latina,Lazio,2020,variazioni_territoriali,0
059,Latina,Lazio,2021,variazioni_territoriali,0
059,Latina,Lazio,2022,variazioni_territoriali,0
059,Latina,Lazio,2023,variazioni_territoriali,0
059,Latina,Lazio,2024,variazioni_territoriali,0
060,Frosinone,Lazio,2019,aggiustamento_statistico,-755
060,Frosinone,Lazio,2020,aggiustamento_statistico,-1859
060,Frosinone,Lazio,2021,aggiustamento_statistico,1405
060,Frosinone,Lazio,2022,aggiustamento_statistico,370
060,Frosinone,Lazio,2023,aggiustamento_statistico,-110
060,Frosinone,Lazio,2024,aggiustamento_statistico,159
060,Frosinone,Lazio,2019,emigrati_estero,983
060,Frosinone,Lazio,2020,emigrati_estero,1108
060,Frosinone,Lazio,2021,emigrati_estero,1062
060,Frosinone,Lazio,2022,emigrati_estero,958
060,Frosinone,Lazio,2023,emigrati_estero,1049
060,Frosinone,Lazio,2024,emigrati_estero,994
060,Frosinone,Lazio,2019,emigrati_interni,9878
060,Frosinone,Lazio,2020,emigrati_interni,8764
060,Frosinone,Lazio,2021,emigrati_interni,9336
060,Frosinone,Lazio,2022,emigrati_interni,9886
060,Frosinone,Lazio,2023,emigrati_interni,9446
060,Frosinone,Lazio,2024,emigrati_interni,9038
060,Frosinone,Lazio,2019,immigrati_estero,1913
060,Frosinone,Lazio,2020,immigrati_estero,1649
060,Frosinone,Lazio,2021,immigrati_estero,2093
060,Frosinone,Lazio,2022,immigrati_estero,2276
060,Frosinone,Lazio,2023,immigrati_estero,2154
060,Frosinone,Lazio,2024,immigrati_estero,2169
060,Frosinone,Lazio,2019,immigrati_interni,8453
060,Frosinone,Lazio,2020,immigrati_interni,7796
060,Frosinone,Lazio,2021,immigrati_interni,8252
060,Frosinone,Lazio,2022,immigrati_interni,8490
060,Frosinone,Lazio,2023,immigrati_interni,8420
060,Frosinone,Lazio,2024,immigrati_interni,8363
060,Frosinone,Lazio,2019,morti,5423
060,Frosinone,Lazio,2020,morti,5819
060,Frosinone,Lazio,2021,morti,6218
060,Frosinone,Lazio,2022,morti,6068
060,Frosinone,Lazio,2023,morti,5884
060,Frosinone,Lazio,2024,morti,5474
060,Frosinone,Lazio,2019,nati,3207
060,Frosinone,Lazio,2020,nati,3162
060,Frosinone,Lazio,2021,nati,2996
060,Frosinone,Lazio,2022,nati,2953
060,Frosinone,Lazio,2023,nati,2838
060,Frosinone,Lazio,2024,nati,2687
060,Frosinone,Lazio,2019,popolazione_censita,477502
060,Frosinone,Lazio,2020,popolazione_censita,472559
060,Frosinone,Lazio,2021,popolazione_censita,470689
060,Frosinone,Lazio,2022,popolazione_censita,467866
060,Frosinone,Lazio,2023,popolazione_censita,464789
060,Frosinone,Lazio,2024,popolazione_censita,462661
060,Frosinone,Lazio,2019,popolazione_fine,478257
060,Frosinone,Lazio,2020,popolazione_fine,474418
060,Frosinone,Lazio,2021,popolazione_fine,469284
060,Frosinone,Lazio,2022,popolazione_fine,467496
060,Frosinone,Lazio,2023,popolazione_fine,464899
060,Frosinone,Lazio,2024,popolazione_fine,462502
060,Frosinone,Lazio,2019,popolazione_inizio,480968
060,Frosinone,Lazio,2020,popolazione_inizio,477502
060,Frosinone,Lazio,2021,popolazione_inizio,472559
060,Frosinone,Lazio,2022,popolazione_inizio,470689
060,Frosinone,Lazio,2023,popolazione_inizio,467866
060,Frosinone,Lazio,2024,popolazione_inizio,464789
060,Frosinone,Lazio,2019,variazioni_territoriali,0
060,Frosinone,Lazio,2020,variazioni_territoriali,0
060,Frosinone,Lazio,2021,variazioni_territoriali,0
060,Frosinone,Lazio,2022,variazioni_territoriali,0
060,Frosinone,Lazio,2023,variazioni_territoriali,0
060,Frosinone,Lazio,2024,variazioni_territoriali,0
061,Caserta,Campania,2019,aggiustamento_statistico,-672
061,Caserta,Campania,2020,aggiustamento_statistico,-11016
061,Caserta,Campania,2021,aggiustamento_statistico,3898
061,Caserta,Campania,2022,aggiustamento_statistico,1055
061,Caserta,Campania,2023,aggiustamento_statistico,708
061,Caserta,Campania,2024,aggiustamento_statistico,747
061,Caserta,Campania,2019,emigrati_estero,2327
061,Caserta,Campania,2020,emigrati_estero,1927
061,Caserta,Campania,2021,emigrati_estero,1916
061,Caserta,Campania,2022,emigrati_estero,1538
061,Caserta,Campania,2023,emigrati_estero,1473
061,Caserta,Campania,2024,emigrati_estero,1625
061,Caserta,Campania,2019,emigrati_interni,25557
061,Caserta,Campania,2020,emigrati_interni,21783
061,Caserta,Campania,2021,emigrati_interni,24016
061,Caserta,Campania,2022,emigrati_interni,24887
061,Caserta,Campania,2023,emigrati_interni,24490
061,Caserta,Campania,2024,emigrati_interni,23635
061,Caserta,Campania,2019,immigrati_estero,3929
061,Caserta,Campania,2020,immigrati_estero,3421
061,Caserta,Campania,2021,immigrati_estero,4147
061,Caserta,Campania,2022,immigrati_estero,5676
061,Caserta,Campania,2023,immigrati_estero,5190
061,Caserta,Campania,2024,immigrati_estero,6033
061,Caserta,Campania,2019,immigrati_interni,23232
061,Caserta,Campania,2020,immigrati_interni,20921
061,Caserta,Campania,2021,immigrati_interni,22932
061,Caserta,Campania,2022,immigrati_interni,22333
061,Caserta,Campania,2023,immigrati_interni,22339
061,Caserta,Campania,2024,immigrati_interni,22089
061,Caserta,Campania,2019,morti,7935
061,Caserta,Campania,2020,morti,8918
061,Caserta,Campania,2021,morti,9012
061,Caserta,Campania,2022,morti,9174
061,Caserta,Campania,2023,morti,9237
061,Caserta,Campania,2024,morti,8709
061,Caserta,Campania,2019,nati,7447
061,Caserta,Campania,2020,nati,7539
061,Caserta,Campania,2021,nati,7109
061,Caserta,Campania,2022,nati,7564
061,Caserta,Campania,2023,nati,7411
061,Caserta,Campania,2024,nati,7029
061,Caserta,Campania,2019,popolazione_censita,913666
061,Caserta,Campania,2020,popolazione_censita,901903
061,Caserta,Campania,2021,popolazione_censita,905045
061,Caserta,Campania,2022,popolazione_censita,906074
061,Caserta,Campania,2023,popolazione_censita,906522
061,Caserta,Campania,2024,popolazione_censita,908451
061,Caserta,Campania,2019,popolazione_fine,914338
061,Caserta,Campania,2020,popolazione_fine,912919
061,Caserta,Campania,2021,popolazione_fine,901147
061,Caserta,Campania,2022,popolazione_fine,905019
061,Caserta,Campania,2023,popolazione_fine,905814
061,Caserta,Campania,2024,popolazione_fine,907704
061,Caserta,Campania,2019,popolazione_inizio,915549
061,Caserta,Campania,2020,popolazione_inizio,913666
061,Caserta,Campania,2021,popolazione_inizio,901903
061,Caserta,Campania,2022,popolazione_inizio,905045
061,Caserta,Campania,2023,popolazione_inizio,906074
061,Caserta,Campania,2024,popolazione_inizio,906522
061,Caserta,Campania,2019,variazioni_territoriali,0
061,Caserta,Campania,2020,variazioni_territoriali,0
061,Caserta,Campania,2021,variazioni_territoriali,0
061,Caserta,Campania,2022,variazioni_territoriali,0
061,Caserta,Campania,2023,variazioni_territoriali,0
061,Caserta,Campania,2024,variazioni_territoriali,0
062,Benevento,Campania,2019,aggiustamento_statistico,-789
062,Benevento,Campania,2020,aggiustamento_statistico,-3136
062,Benevento,Campania,2021,aggiustamento_statistico,656
062,Benevento,Campania,2022,aggiustamento_statistico,67
062,Benevento,Campania,2023,aggiustamento_statistico,6
062,Benevento,Campania,2024,aggiustamento_statistico,23
062,Benevento,Campania,2019,emigrati_estero,770
062,Benevento,Campania,2020,emigrati_estero,659
062,Benevento,Campania,2021,emigrati_estero,780
062,Benevento,Campania,2022,emigrati_estero,516
062,Benevento,Campania,2023,emigrati_estero,575
062,Benevento,Campania,2024,emigrati_estero,668
062,Benevento,Campania,2019,emigrati_interni,6064
062,Benevento,Campania,2020,emigrati_interni,5239
062,Benevento,Campania,2021,emigrati_interni,5656
062,Benevento,Campania,2022,emigrati_interni,6250
062,Benevento,Campania,2023,emigrati_interni,6072
062,Benevento,Campania,2024,emigrati_interni,6188
062,Benevento,Campania,2019,immigrati_estero,1029
062,Benevento,Campania,2020,immigrati_estero,622
062,Benevento,Campania,2021,immigrati_estero,1082
062,Benevento,Campania,2022,immigrati_estero,1382
062,Benevento,Campania,2023,immigrati_estero,1740
062,Benevento,Campania,2024,immigrati_estero,1608
062,Benevento,Campania,2019,immigrati_interni,4836
062,Benevento,Campania,2020,immigrati_interni,4397
062,Benevento,Campania,2021,immigrati_interni,4856
062,Benevento,Campania,2022,immigrati_interni,5104
062,Benevento,Campania,2023,immigrati_interni,4866
062,Benevento,Campania,2024,immigrati_interni,5273
062,Benevento,Campania,2019,morti,3246
062,Benevento,Campania,2020,morti,3390
062,Benevento,Campania,2021,morti,3491
062,Benevento,Campania,2022,morti,3509
062,Benevento,Campania,2023,morti,3358
062,Benevento,Campania,2024,morti,3293
062,Benevento,Campania,2019,nati,1938
062,Benevento,Campania,2020,nati,1803
062,Benevento,Campania,2021,nati,1672
062,Benevento,Campania,2022,nati,1792
062,Benevento,Campania,2023,nati,1687
062,Benevento,Campania,2024,nati,1635
062,Benevento,Campania,2019,popolazione_censita,272318
062,Benevento,Campania,2020,popolazione_censita,266716
062,Benevento,Campania,2021,popolazione_censita,265055
062,Benevento,Campania,2022,popolazione_censita,263125
062,Benevento,Campania,2023,popolazione_censita,261419
062,Benevento,Campania,2024,popolazione_censita,259809
062,Benevento,Campania,2019,popolazione_fine,273107
062,Benevento,Campania,2020,popolazione_fine,269852
062,Benevento,Campania,2021,popolazione_fine,264399
062,Benevento,Campania,2022,popolazione_fine,263058
062,Benevento,Campania,2023,popolazione_fine,261413
062,Benevento,Campania,2024,popolazione_fine,259786
062,Benevento,Campania,2019,popolazione_inizio,275384
062,Benevento,Campania,2020,popolazione_inizio,272318
062,Benevento,Campania,2021,popolazione_inizio,266716
062,Benevento,Campania,2022,popolazione_inizio,265055
062,Benevento,Campania,2023,popolazione_inizio,263125
062,Benevento,Campania,2024,popolazione_inizio,261419
062,Benevento,Campania,2019,variazioni_territoriali,0
062,Benevento,Campania,2020,variazioni_territoriali,0
062,Benevento,Campania,2021,variazioni_territoriali,0
062,Benevento,Campania,2022,variazioni_territoriali,0
062,Benevento,Campania,2023,variazioni_territoriali,0
062,Benevento,Campania,2024,variazioni_territoriali,0
063,Napoli,Campania,2019,aggiustamento_statistico,-2931
063,Napoli,Campania,2020,aggiustamento_statistico,-32634
063,Napoli,Campania,2021,aggiustamento_statistico,19060
063,Napoli,Campania,2022,aggiustamento_statistico,7508
063,Napoli,Campania,2023,aggiustamento_statistico,3755
063,Napoli,Campania,2024,aggiustamento_statistico,4362
063,Napoli,Campania,2019,emigrati_estero,5847
063,Napoli,Campania,2020,emigrati_estero,5194
063,Napoli,Campania,2021,emigrati_estero,5397
063,Napoli,Campania,2022,emigrati_estero,4820
063,Napoli,Campania,2023,emigrati_estero,4698
063,Napoli,Campania,2024,emigrati_estero,6051
063,Napoli,Campania,2019,emigrati_interni,74506
063,Napoli,Campania,2020,emigrati_interni,65836
063,Napoli,Campania,2021,emigrati_interni,69284
063,Napoli,Campania,2022,emigrati_interni,69652
063,Napoli,Campania,2023,emigrati_interni,64627
063,Napoli,Campania,2024,emigrati_interni,63175
063,Napoli,Campania,2019,immigrati_estero,9376
063,Napoli,Campania,2020,immigrati_estero,7173
063,Napoli,Campania,2021,immigrati_estero,7982
063,Napoli,Campania,2022,immigrati_estero,10992
063,Napoli,Campania,2023,immigrati_estero,10878
063,Napoli,Campania,2024,immigrati_estero,12106
063,Napoli,Campania,2019,immigrati_interni,60784
063,Napoli,Campania,2020,immigrati_interni,53658
063,Napoli,Campania,2021,immigrati_interni,56034
063,Napoli,Campania,2022,immigrati_interni,54218
063,Napoli,Campania,2023,immigrati_interni,51170
063,Napoli,Campania,2024,immigrati_interni,51153
063,Napoli,Campania,2019,morti,26820
063,Napoli,Campania,2020,morti,29988
063,Napoli,Campania,2021,morti,31003
063,Napoli,Campania,2022,morti,30994
063,Napoli,Campania,2023,morti,29424
063,Napoli,Campania,2024,morti,28670
063,Napoli,Campania,2019,nati,26160
063,Napoli,Campania,2020,nati,25156
063,Napoli,Campania,2021,nati,24239
063,Napoli,Campania,2022,nati,24710
063,Napoli,Campania,2023,nati,23582
063,Napoli,Campania,2024,nati,22934
063,Napoli,Campania,2019,popolazione_censita,3034410
063,Napoli,Campania,2020,popolazione_censita,2986745
063,Napoli,Campania,2021,popolazione_censita,2988376
063,Napoli,Campania,2022,popolazione_censita,2980338
063,Napoli,Campania,2023,popolazione_censita,2970974
063,Napoli,Campania,2024,popolazione_censita,2963633
063,Napoli,Campania,2019,popolazione_fine,3037341
063,Napoli,Campania,2020,popolazione_fine,3019379
063,Napoli,Campania,2021,popolazione_fine,2969316
063,Napoli,Campania,2022,popolazione_fine,2972830
063,Napoli,Campania,2023,popolazione_fine,2967219
063,Napoli,Campania,2024,popolazione_fine,2959271
063,Napoli,Campania,2019,popolazione_inizio,3048194
063,Napoli,Campania,2020,popolazione_inizio,3034410
063,Napoli,Campania,2021,popolazione_inizio,2986745
063,Napoli,Campania,2022,popolazione_inizio,2988376
063,Napoli,Campania,2023,popolazione_inizio,2980338
063,Napoli,Campania,2024,popolazione_inizio,2970974
063,Napoli,Campania,2019,variazioni_territoriali,0
063,Napoli,Campania,2020,variazioni_territoriali,0
063,Napoli,Campania,2021,variazioni_territoriali,0
063,Napoli,Campania,2022,variazioni_territoriali,0
063,Napoli,Campania,2023,variazioni_territoriali,0
063,Napoli,Campania,2024,variazioni_territoriali,0
064,Avellino,Campania,2019,aggiustamento_statistico,-584
064,Avellino,Campania,2020,aggiustamento_statistico,-3943
064,Avellino,Campania,2021,aggiustamento_statistico,1124
064,Avellino,Campania,2022,aggiustamento_statistico,220
064,Avellino,Campania,2023,aggiustamento_statistico,-125
064,Avellino,Campania,2024,aggiustamento_statistico,100
064,Avellino,Campania,2019,emigrati_estero,1141
064,Avellino,Campania,2020,emigrati_estero,964
064,Avellino,Campania,2021,emigrati_estero,915
064,Avellino,Campania,2022,emigrati_estero,813
064,Avellino,Campania,2023,emigrati_estero,877
064,Avellino,Campania,2024,emigrati_estero,1124
064,Avellino,Campania,2019,emigrati_interni,9063
064,Avellino,Campania,2020,emigrati_interni,8156
064,Avellino,Campania,2021,emigrati_interni,8586
064,Avellino,Campania,2022,emigrati_interni,9132
064,Avellino,Campania,2023,emigrati_interni,8873
064,Avellino,Campania,2024,emigrati_interni,9180
064,Avellino,Campania,2019,immigrati_estero,1463
064,Avellino,Campania,2020,immigrati_estero,1101
064,Avellino,Campania,2021,immigrati_estero,1792
064,Avellino,Campania,2022,immigrati_estero,2121
064,Avellino,Campania,2023,immigrati_estero,2622
064,Avellino,Campania,2024,immigrati_estero,2691
064,Avellino,Campania,2019,immigrati_interni,7452
064,Avellino,Campania,2020,immigrati_interni,7088
064,Avellino,Campania,2021,immigrati_interni,7565
064,Avellino,Campania,2022,immigrati_interni,7684
064,Avellino,Campania,2023,immigrati_interni,7552
064,Avellino,Campania,2024,immigrati_interni,7859
064,Avellino,Campania,2019,morti,4642
064,Avellino,Campania,2020,morti,5171
064,Avellino,Campania,2021,morti,5059
064,Avellino,Campania,2022,morti,5197
064,Avellino,Campania,2023,morti,4841
064,Avellino,Campania,2024,morti,4674
064,Avellino,Campania,2019,nati,2775
064,Avellino,Campania,2020,nati,2605
064,Avellino,Campania,2021,nati,2601
064,Avellino,Campania,2022,nati,2598
064,Avellino,Campania,2023,nati,2583
064,Avellino,Campania,2024,nati,2427
064,Avellino,Campania,2019,popolazione_censita,410369
064,Avellino,Campania,2020,popolazione_censita,402929
064,Avellino,Campania,2021,popolazione_censita,401451
064,Avellino,Campania,2022,popolazione_censita,398932
064,Avellino,Campania,2023,popolazione_censita,396973
064,Avellino,Campania,2024,popolazione_censita,395072
064,Avellino,Campania,2019,popolazione_fine,410953
064,Avellino,Campania,2020,popolazione_fine,406872
064,Avellino,Campania,2021,popolazione_fine,400327
064,Avellino,Campania,2022,popolazione_fine,398712
064,Avellino,Campania,2023,popolazione_fine,397098
064,Avellino,Campania,2024,popolazione_fine,394972
064,Avellino,Campania,2019,popolazione_inizio,414109
064,Avellino,Campania,2020,popolazione_inizio,410369
064,Avellino,Campania,2021,popolazione_inizio,402929
064,Avellino,Campania,2022,popolazione_inizio,401451
064,Avellino,Campania,2023,popolazione_inizio,398932
064,Avellino,Campania,2024,popolazione_inizio,396973
064,Avellino,Campania,2019,variazioni_territoriali,0
064,Avellino,Campania,2020,variazioni_territoriali,0
064,Avellino,Campania,2021,variazioni_territoriali,0
064,Avellino,Campania,2022,variazioni_territoriali,0
064,Avellino,Campania,2023,variazioni_territoriali,0
064,Avellino,Campania,2024,variazioni_territoriali,0
065,Salerno,Campania,2019,aggiustamento_statistico,-822
065,Salerno,Campania,2020,aggiustamento_statistico,-10934
065,Salerno,Campania,2021,aggiustamento_statistico,3586
065,Salerno,Campania,2022,aggiustamento_statistico,1219
065,Salerno,Campania,2023,aggiustamento_statistico,368
065,Salerno,Campania,2024,aggiustamento_statistico,369
065,Salerno,Campania,2019,emigrati_estero,3132
065,Salerno,Campania,2020,emigrati_estero,2045
065,Salerno,Campania,2021,emigrati_estero,2263
065,Salerno,Campania,2022,emigrati_estero,1838
065,Salerno,Campania,2023,emigrati_estero,1932
065,Salerno,Campania,2024,emigrati_estero,2550
065,Salerno,Campania,2019,emigrati_interni,24201
065,Salerno,Campania,2020,emigrati_interni,21047
065,Salerno,Campania,2021,emigrati_interni,22450
065,Salerno,Campania,2022,emigrati_interni,24255
065,Salerno,Campania,2023,emigrati_interni,23690
065,Salerno,Campania,2024,emigrati_interni,23623
065,Salerno,Campania,2019,immigrati_estero,3942
065,Salerno,Campania,2020,immigrati_estero,2670
065,Salerno,Campania,2021,immigrati_estero,3575
065,Salerno,Campania,2022,immigrati_estero,5367
065,Salerno,Campania,2023,immigrati_estero,5941
065,Salerno,Campania,2024,immigrati_estero,6306
065,Salerno,Campania,2019,immigrati_interni,21344
065,Salerno,Campania,2020,immigrati_interni,19435
065,Salerno,Campania,2021,immigrati_interni,20652
065,Salerno,Campania,2022,immigrati_interni,20861
065,Salerno,Campania,2023,immigrati_interni,20644
065,Salerno,Campania,2024,immigrati_interni,20967
065,Salerno,Campania,2019,morti,11217
065,Salerno,Campania,2020,morti,11467
065,Salerno,Campania,2021,morti,12356
065,Salerno,Campania,2022,morti,12585
065,Salerno,Campania,2023,morti,12042
065,Salerno,Campania,2024,morti,11438
065,Salerno,Campania,2019,nati,8411
065,Salerno,Campania,2020,nati,7975
065,Salerno,Campania,2021,nati,7782
065,Salerno,Campania,2022,nati,7805
065,Salerno,Campania,2023,nati,7662
065,Salerno,Campania,2024,nati,7323
065,Salerno,Campania,2019,popolazione_censita,1081380
065,Salerno,Campania,2020,popolazione_censita,1065967
065,Salerno,Campania,2021,popolazione_censita,1064493
065,Salerno,Campania,2022,popolazione_censita,1061067
065,Salerno,Campania,2023,popolazione_censita,1058018
065,Salerno,Campania,2024,popolazione_censita,1055372
065,Salerno,Campania,2019,popolazione_fine,1082202
065,Salerno,Campania,2020,popolazione_fine,1076901
065,Salerno,Campania,2021,popolazione_fine,1060907
065,Salerno,Campania,2022,popolazione_fine,1059848
065,Salerno,Campania,2023,popolazione_fine,1057650
065,Salerno,Campania,2024,popolazione_fine,1055003
065,Salerno,Campania,2019,popolazione_inizio,1087055
065,Salerno,Campania,2020,popolazione_inizio,1081380
065,Salerno,Campania,2021,popolazione_inizio,1065967
065,Salerno,Campania,2022,popolazione_inizio,1064493
065,Salerno,Campania,2023,popolazione_inizio,1061067
065,Salerno,Campania,2024,popolazione_inizio,1058018
065,Salerno,Campania,2019,variazioni_territoriali,0
065,Salerno,Campania,2020,variazioni_territoriali,0
065,Salerno,Campania,2021,variazioni_territoriali,0
065,Salerno,Campania,2022,variazioni_territoriali,0
065,Salerno,Campania,2023,variazioni_territoriali,0
065,Salerno,Campania,2024,variazioni_territoriali,0
066,L'Aquila,Abruzzo,2019,aggiustamento_statistico,-860
066,L'Aquila,Abruzzo,2020,aggiustamento_statistico,-2363
066,L'Aquila,Abruzzo,2021,aggiustamento_statistico,-533
066,L'Aquila,Abruzzo,2022,aggiustamento_statistico,-126
066,L'Aquila,Abruzzo,2023,aggiustamento_statistico,-431
066,L'Aquila,Abruzzo,2024,aggiustamento_statistico,-216
066,L'Aquila,Abruzzo,2019,emigrati_estero,936
066,L'Aquila,Abruzzo,2020,emigrati_estero,793
066,L'Aquila,Abruzzo,2021,emigrati_estero,834
066,L'Aquila,Abruzzo,2022,emigrati_estero,793
066,L'Aquila,Abruzzo,2023,emigrati_estero,685
066,L'Aquila,Abruzzo,2024,emigrati_estero,943
066,L'Aquila,Abruzzo,2019,emigrati_interni,6341
066,L'Aquila,Abruzzo,2020,emigrati_interni,5521
066,L'Aquila,Abruzzo,2021,emigrati_interni,5998
066,L'Aquila,Abruzzo,2022,emigrati_interni,6269
066,L'Aquila,Abruzzo,2023,emigrati_interni,6219
066,L'Aquila,Abruzzo,2024,emigrati_interni,5881
066,L'Aquila,Abruzzo,2019,immigrati_estero,1720
066,L'Aquila,Abruzzo,2020,immigrati_estero,1310
066,L'Aquila,Abruzzo,2021,immigrati_estero,1853
066,L'Aquila,Abruzzo,2022,immigrati_estero,2278
066,L'Aquila,Abruzzo,2023,immigrati_estero,2514
066,L'Aquila,Abruzzo,2024,immigrati_estero,2811
066,L'Aquila,Abruzzo,2019,immigrati_interni,5620
066,L'Aquila,Abruzzo,2020,immigrati_interni,5208
066,L'Aquila,Abruzzo,2021,immigrati_interni,5663
066,L'Aquila,Abruzzo,2022,immigrati_interni,5908
066,L'Aquila,Abruzzo,2023,immigrati_interni,5879
066,L'Aquila,Abruzzo,2024,immigrati_interni,5798
066,L'Aquila,Abruzzo,2019,morti,3555
066,L'Aquila,Abruzzo,2020,morti,3736
066,L'Aquila,Abruzzo,2021,morti,3736
066,L'Aquila,Abruzzo,2022,morti,3920
066,L'Aquila,Abruzzo,2023,morti,3705
066,L'Aquila,Abruzzo,2024,morti,3385
066,L'Aquila,Abruzzo,2019,nati,1877
066,L'Aquila,Abruzzo,2020,nati,1868
066,L'Aquila,Abruzzo,2021,nati,1730
066,L'Aquila,Abruzzo,2022,nati,1772
066,L'Aquila,Abruzzo,2023,nati,1673
066,L'Aquila,Abruzzo,2024,nati,1690
066,L'Aquila,Abruzzo,2019,popolazione_censita,294838
066,L'Aquila,Abruzzo,2020,popolazione_censita,290811
066,L'Aquila,Abruzzo,2021,popolazione_censita,288956
066,L'Aquila,Abruzzo,2022,popolazione_censita,287806
066,L'Aquila,Abruzzo,2023,popolazione_censita,286832
066,L'Aquila,Abruzzo,2024,popolazione_censita,286706
066,L'Aquila,Abruzzo,2019,popolazione_fine,295698
066,L'Aquila,Abruzzo,2020,popolazione_fine,293174
066,L'Aquila,Abruzzo,2021,popolazione_fine,289489
066,L'Aquila,Abruzzo,2022,popolazione_fine,287932
066,L'Aquila,Abruzzo,2023,popolazione_fine,287263
066,L'Aquila,Abruzzo,2024,popolazione_fine,286922
066,L'Aquila,Abruzzo,2019,popolazione_inizio,297313
066,L'Aquila,Abruzzo,2020,popolazione_inizio,294838
066,L'Aquila,Abruzzo,2021,popolazione_inizio,290811
066,L'Aquila,Abruzzo,2022,popolazione_inizio,288956
066,L'Aquila,Abruzzo,2023,popolazione_inizio,287806
066,L'Aquila,Abruzzo,2024,popolazione_inizio,286832
066,L'Aquila,Abruzzo,2019,variazioni_territoriali,0
066,L'Aquila,Abruzzo,2020,variazioni_territoriali,0
066,L'Aquila,Abruzzo,2021,variazioni_territoriali,0
066,L'Aquila,Abruzzo,2022,variazioni_territoriali,0
066,L'Aquila,Abruzzo,2023,variazioni_territoriali,0
066,L'Aquila,Abruzzo,2024,variazioni_territoriali,0
067,Teramo,Abruzzo,2019,aggiustamento_statistico,-464
067,Teramo,Abruzzo,2020,aggiustamento_statistico,-1301
067,Teramo,Abruzzo,2021,aggiustamento_statistico,-412
067,Teramo,Abruzzo,2022,aggiustamento_statistico,209
067,Teramo,Abruzzo,2023,aggiustamento_statistico,68
067,Teramo,Abruzzo,2024,aggiustamento_statistico,43
067,Teramo,Abruzzo,2019,emigrati_estero,1035
067,Teramo,Abruzzo,2020,emigrati_estero,938
067,Teramo,Abruzzo,2021,emigrati_estero,887
067,Teramo,Abruzzo,2022,emigrati_estero,928
067,Teramo,Abruzzo,2023,emigrati_estero,875
067,Teramo,Abruzzo,2024,emigrati_estero,1133
067,Teramo,Abruzzo,2019,emigrati_interni,7291
067,Teramo,Abruzzo,2020,emigrati_interni,6279
067,Teramo,Abruzzo,2021,emigrati_interni,6870
067,Teramo,Abruzzo,2022,emigrati_interni,7225
067,Teramo,Abruzzo,2023,emigrati_interni,7261
067,Teramo,Abruzzo,2024,emigrati_interni,6926
067,Teramo,Abruzzo,2019,immigrati_estero,1919
067,Teramo,Abruzzo,2020,immigrati_estero,1324
067,Teramo,Abruzzo,2021,immigrati_estero,1733
067,Teramo,Abruzzo,2022,immigrati_estero,2262
067,Teramo,Abruzzo,2023,immigrati_estero,2596
067,Teramo,Abruzzo,2024,immigrati_estero,3282
067,Teramo,Abruzzo,2019,immigrati_interni,6784
067,Teramo,Abruzzo,2020,immigrati_interni,6159
067,Teramo,Abruzzo,2021,immigrati_interni,6650
067,Teramo,Abruzzo,2022,immigrati_interni,7031
067,Teramo,Abruzzo,2023,immigrati_interni,7275
067,Teramo,Abruzzo,2024,immigrati_interni,7157
067,Teramo,Abruzzo,2019,morti,3334
067,Teramo,Abruzzo,2020,morti,3707
067,Teramo,Abruzzo,2021,morti,3643
067,Teramo,Abruzzo,2022,morti,3858
067,Teramo,Abruzzo,2023,morti,3498
067,Teramo,Abruzzo,2024,morti,3392
067,Teramo,Abruzzo,2019,nati,2030
067,Teramo,Abruzzo,2020,nati,1946
067,Teramo,Abruzzo,2021,nati,1971
067,Teramo,Abruzzo,2022,nati,1934
067,Teramo,Abruzzo,2023,nati,1898
067,Teramo,Abruzzo,2024,nati,1744
067,Teramo,Abruzzo,2019,popolazione_censita,303900
067,Teramo,Abruzzo,2020,popolazione_censita,301104
067,Teramo,Abruzzo,2021,popolazione_censita,299646
067,Teramo,Abruzzo,2022,popolazione_censita,299071
067,Teramo,Abruzzo,2023,popolazione_censita,299274
067,Teramo,Abruzzo,2024,popolazione_censita,300049
067,Teramo,Abruzzo,2019,popolazione_fine,304364
067,Teramo,Abruzzo,2020,popolazione_fine,302405
067,Teramo,Abruzzo,2021,popolazione_fine,300058
067,Teramo,Abruzzo,2022,popolazione_fine,298862
067,Teramo,Abruzzo,2023,popolazione_fine,299206
067,Teramo,Abruzzo,2024,popolazione_fine,300006
067,Teramo,Abruzzo,2019,popolazione_inizio,305291
067,Teramo,Abruzzo,2020,popolazione_inizio,303900
067,Teramo,Abruzzo,2021,popolazione_inizio,301104
067,Teramo,Abruzzo,2022,popolazione_inizio,299646
067,Teramo,Abruzzo,2023,popolazione_inizio,299071
067,Teramo,Abruzzo,2024,popolazione_inizio,299274
067,Teramo,Abruzzo,2019,variazioni_territoriali,0
067,Teramo,Abruzzo,2020,variazioni_territoriali,0
067,Teramo,Abruzzo,2021,variazioni_territoriali,0
067,Teramo,Abruzzo,2022,variazioni_territoriali,0
067,Teramo,Abruzzo,2023,variazioni_territoriali,0
067,Teramo,Abruzzo,2024,variazioni_territoriali,0
068,Pescara,Abruzzo,2019,aggiustamento_statistico,-807
068,Pescara,Abruzzo,2020,aggiustamento_statistico,-1600
068,Pescara,Abruzzo,2021,aggiustamento_statistico,145
068,Pescara,Abruzzo,2022,aggiustamento_statistico,-54
068,Pescara,Abruzzo,2023,aggiustamento_statistico,-130
068,Pescara,Abruzzo,2024,aggiustamento_statistico,-61
068,Pescara,Abruzzo,2019,emigrati_estero,1102
068,Pescara,Abruzzo,2020,emigrati_estero,887
068,Pescara,Abruzzo,2021,emigrati_estero,883
068,Pescara,Abruzzo,2022,emigrati_estero,915
068,Pescara,Abruzzo,2023,emigrati_estero,1042
068,Pescara,Abruzzo,2024,emigrati_estero,1138
068,Pescara,Abruzzo,2019,emigrati_interni,8339
068,Pescara,Abruzzo,2020,emigrati_interni,7267
068,Pescara,Abruzzo,2021,emigrati_interni,7595
068,Pescara,Abruzzo,2022,emigrati_interni,8291
068,Pescara,Abruzzo,2023,emigrati_interni,7813
068,Pescara,Abruzzo,2024,emigrati_interni,7522
068,Pescara,Abruzzo,2019,immigrati_estero,1957
068,Pescara,Abruzzo,2020,immigrati_estero,1348
068,Pescara,Abruzzo,2021,immigrati_estero,1695
068,Pescara,Abruzzo,2022,immigrati_estero,2105
068,Pescara,Abruzzo,2023,immigrati_estero,1948
068,Pescara,Abruzzo,2024,immigrati_estero,2192
068,Pescara,Abruzzo,2019,immigrati_interni,8470
068,Pescara,Abruzzo,2020,immigrati_interni,7653
068,Pescara,Abruzzo,2021,immigrati_interni,8136
068,Pescara,Abruzzo,2022,immigrati_interni,8545
068,Pescara,Abruzzo,2023,immigrati_interni,7988
068,Pescara,Abruzzo,2024,immigrati_interni,7958
068,Pescara,Abruzzo,2019,morti,3350
068,Pescara,Abruzzo,2020,morti,3857
068,Pescara,Abruzzo,2021,morti,3942
068,Pescara,Abruzzo,2022,morti,3968
068,Pescara,Abruzzo,2023,morti,3646
068,Pescara,Abruzzo,2024,morti,3620
068,Pescara,Abruzzo,2019,nati,2168
068,Pescara,Abruzzo,2020,nati,2129
068,Pescara,Abruzzo,2021,nati,2193
068,Pescara,Abruzzo,2022,nati,2057
068,Pescara,Abruzzo,2023,nati,1831
068,Pescara,Abruzzo,2024,nati,1821
068,Pescara,Abruzzo,2019,popolazione_censita,316363
068,Pescara,Abruzzo,2020,popolazione_censita,313882
068,Pescara,Abruzzo,2021,popolazione_censita,313631
068,Pescara,Abruzzo,2022,popolazione_censita,313110
068,Pescara,Abruzzo,2023,popolazione_censita,312246
068,Pescara,Abruzzo,2024,popolazione_censita,311876
068,Pescara,Abruzzo,2019,popolazione_fine,317170
068,Pescara,Abruzzo,2020,popolazione_fine,315482
068,Pescara,Abruzzo,2021,popolazione_fine,313486
068,Pescara,Abruzzo,2022,popolazione_fine,313164
068,Pescara,Abruzzo,2023,popolazione_fine,312376
068,Pescara,Abruzzo,2024,popolazione_fine,311937
068,Pescara,Abruzzo,2019,popolazione_inizio,317366
068,Pescara,Abruzzo,2020,popolazione_inizio,316363
068,Pescara,Abruzzo,2021,popolazione_inizio,313882
068,Pescara,Abruzzo,2022,popolazione_inizio,313631
068,Pescara,Abruzzo,2023,popolazione_inizio,313110
068,Pescara,Abruzzo,2024,popolazione_inizio,312246
068,Pescara,Abruzzo,2019,variazioni_territoriali,0
068,Pescara,Abruzzo,2020,variazioni_territoriali,0
068,Pescara,Abruzzo,2021,variazioni_territoriali,0
068,Pescara,Abruzzo,2022,variazioni_territoriali,0
068,Pescara,Abruzzo,2023,variazioni_territoriali,0
068,Pescara,Abruzzo,2024,variazioni_territoriali,0
069,Chieti,Abruzzo,2019,aggiustamento_statistico,-282
069,Chieti,Abruzzo,2020,aggiustamento_statistico,-1487
069,Chieti,Abruzzo,2021,aggiustamento_statistico,346
069,Chieti,Abruzzo,2022,aggiustamento_statistico,122
069,Chieti,Abruzzo,2023,aggiustamento_statistico,-106
069,Chieti,Abruzzo,2024,aggiustamento_statistico,112
069,Chieti,Abruzzo,2019,emigrati_estero,1243
069,Chieti,Abruzzo,2020,emigrati_estero,1128
069,Chieti,Abruzzo,2021,emigrati_estero,988
069,Chieti,Abruzzo,2022,emigrati_estero,966
069,Chieti,Abruzzo,2023,emigrati_estero,1212
069,Chieti,Abruzzo,2024,emigrati_estero,1269
069,Chieti,Abruzzo,2019,emigrati_interni,8088
069,Chieti,Abruzzo,2020,emigrati_interni,7432
069,Chieti,Abruzzo,2021,emigrati_interni,7954
069,Chieti,Abruzzo,2022,emigrati_interni,8233
069,Chieti,Abruzzo,2023,emigrati_interni,7996
069,Chieti,Abruzzo,2024,emigrati_interni,8104
069,Chieti,Abruzzo,2019,immigrati_estero,1820
069,Chieti,Abruzzo,2020,immigrati_estero,1463
069,Chieti,Abruzzo,2021,immigrati_estero,1946
069,Chieti,Abruzzo,2022,immigrati_estero,2378
069,Chieti,Abruzzo,2023,immigrati_estero,2697
069,Chieti,Abruzzo,2024,immigrati_estero,2695
069,Chieti,Abruzzo,2019,immigrati_interni,7906
069,Chieti,Abruzzo,2020,immigrati_interni,7392
069,Chieti,Abruzzo,2021,immigrati_interni,7701
069,Chieti,Abruzzo,2022,immigrati_interni,8396
069,Chieti,Abruzzo,2023,immigrati_interni,8000
069,Chieti,Abruzzo,2024,immigrati_interni,8206
069,Chieti,Abruzzo,2019,morti,4373
069,Chieti,Abruzzo,2020,morti,4727
069,Chieti,Abruzzo,2021,morti,4945
069,Chieti,Abruzzo,2022,morti,5034
069,Chieti,Abruzzo,2023,morti,4980
069,Chieti,Abruzzo,2024,morti,4473
069,Chieti,Abruzzo,2019,nati,2425
069,Chieti,Abruzzo,2020,nati,2294
069,Chieti,Abruzzo,2021,nati,2396
069,Chieti,Abruzzo,2022,nati,2260
069,Chieti,Abruzzo,2023,nati,2176
069,Chieti,Abruzzo,2024,nati,2101
069,Chieti,Abruzzo,2019,popolazione_censita,378840
069,Chieti,Abruzzo,2020,popolazione_censita,375215
069,Chieti,Abruzzo,2021,popolazione_censita,373717
069,Chieti,Abruzzo,2022,popolazione_censita,372640
069,Chieti,Abruzzo,2023,popolazione_censita,371219
069,Chieti,Abruzzo,2024,popolazione_censita,370487
069,Chieti,Abruzzo,2019,popolazione_fine,379122
069,Chieti,Abruzzo,2020,popolazione_fine,376702
069,Chieti,Abruzzo,2021,popolazione_fine,373371
069,Chieti,Abruzzo,2022,popolazione_fine,372518
069,Chieti,Abruzzo,2023,popolazione_fine,371325
069,Chieti,Abruzzo,2024,popolazione_fine,370375
069,Chieti,Abruzzo,2019,popolazione_inizio,380675
069,Chieti,Abruzzo,2020,popolazione_inizio,378840
069,Chieti,Abruzzo,2021,popolazione_inizio,375215
069,Chieti,Abruzzo,2022,popolazione_inizio,373717
069,Chieti,Abruzzo,2023,popolazione_inizio,372640
069,Chieti,Abruzzo,2024,popolazione_inizio,371219
069,Chieti,Abruzzo,2019,variazioni_territoriali,0
069,Chieti,Abruzzo,2020,variazioni_territoriali,0
069,Chieti,Abruzzo,2021,variazioni_territoriali,0
069,Chieti,Abruzzo,2022,variazioni_territoriali,0
069,Chieti,Abruzzo,2023,variazioni_territoriali,0
069,Chieti,Abruzzo,2024,variazioni_territoriali,0
070,Campobasso,Molise,2019,aggiustamento_statistico,-632
070,Campobasso,Molise,2020,aggiustamento_statistico,-2301
070,Campobasso,Molise,2021,aggiustamento_statistico,536
070,Campobasso,Molise,2022,aggiustamento_statistico,18
070,Campobasso,Molise,2023,aggiustamento_statistico,-120
070,Campobasso,Molise,2024,aggiustamento_statistico,-336
070,Campobasso,Molise,2019,emigrati_estero,684
070,Campobasso,Molise,2020,emigrati_estero,684
070,Campobasso,Molise,2021,emigrati_estero,535
070,Campobasso,Molise,2022,emigrati_estero,607
070,Campobasso,Molise,2023,emigrati_estero,782
070,Campobasso,Molise,2024,emigrati_estero,1054
070,Campobasso,Molise,2019,emigrati_interni,4814
070,Campobasso,Molise,2020,emigrati_interni,4312
070,Campobasso,Molise,2021,emigrati_interni,4586
070,Campobasso,Molise,2022,emigrati_interni,4835
070,Campobasso,Molise,2023,emigrati_interni,4975
070,Campobasso,Molise,2024,emigrati_interni,4957
070,Campobasso,Molise,2019,immigrati_estero,1157
070,Campobasso,Molise,2020,immigrati_estero,856
070,Campobasso,Molise,2021,immigrati_estero,1330
070,Campobasso,Molise,2022,immigrati_estero,2405
070,Campobasso,Molise,2023,immigrati_estero,2746
070,Campobasso,Molise,2024,immigrati_estero,2843
070,Campobasso,Molise,2019,immigrati_interni,3796
070,Campobasso,Molise,2020,immigrati_interni,3553
070,Campobasso,Molise,2021,immigrati_interni,3871
070,Campobasso,Molise,2022,immigrati_interni,4019
070,Campobasso,Molise,2023,immigrati_interni,3991
070,Campobasso,Molise,2024,immigrati_interni,4218
070,Campobasso,Molise,2019,morti,2573
070,Campobasso,Molise,2020,morti,2846
070,Campobasso,Molise,2021,morti,3111
070,Campobasso,Molise,2022,morti,3042
070,Campobasso,Molise,2023,morti,2804
070,Campobasso,Molise,2024,morti,2782
070,Campobasso,Molise,2019,nati,1349
070,Campobasso,Molise,2020,nati,1251
070,Campobasso,Molise,2021,nati,1202
070,Campobasso,Molise,2022,nati,1180
070,Campobasso,Molise,2023,nati,1208
070,Campobasso,Molise,2024,nati,1139
070,Campobasso,Molise,2019,popolazione_censita,217362
070,Campobasso,Molise,2020,popolazione_censita,212879
070,Campobasso,Molise,2021,popolazione_censita,211586
070,Campobasso,Molise,2022,popolazione_censita,210724
070,Campobasso,Molise,2023,popolazione_censita,209988
070,Campobasso,Molise,2024,popolazione_censita,209059
070,Campobasso,Molise,2019,popolazione_fine,217994
070,Campobasso,Molise,2020,popolazione_fine,215180
070,Campobasso,Molise,2021,popolazione_fine,211050
070,Campobasso,Molise,2022,popolazione_fine,210706
070,Campobasso,Molise,2023,popolazione_fine,210108
070,Campobasso,Molise,2024,popolazione_fine,209395
070,Campobasso,Molise,2019,popolazione_inizio,219763
070,Campobasso,Molise,2020,popolazione_inizio,217362
070,Campobasso,Molise,2021,popolazione_inizio,212879
070,Campobasso,Molise,2022,popolazione_inizio,211586
070,Campobasso,Molise,2023,popolazione_inizio,210724
070,Campobasso,Molise,2024,popolazione_inizio,209988
070,Campobasso,Molise,2019,variazioni_territoriali,0
070,Campobasso,Molise,2020,variazioni_territoriali,0
070,Campobasso,Molise,2021,variazioni_territoriali,0
070,Campobasso,Molise,2022,variazioni_territoriali,0
070,Campobasso,Molise,2023,variazioni_territoriali,0
070,Campobasso,Molise,2024,variazioni_territoriali,0
071,Foggia,Puglia,2019,aggiustamento_statistico,-589
071,Foggia,Puglia,2020,aggiustamento_statistico,-58
071,Foggia,Puglia,2021,aggiustamento_statistico,57
071,Foggia,Puglia,2022,aggiustamento_statistico,297
071,Foggia,Puglia,2023,aggiustamento_statistico,460
071,Foggia,Puglia,2024,aggiustamento_statistico,140
071,Foggia,Puglia,2019,emigrati_estero,1405
071,Foggia,Puglia,2020,emigrati_estero,887
071,Foggia,Puglia,2021,emigrati_estero,1161
071,Foggia,Puglia,2022,emigrati_estero,1172
071,Foggia,Puglia,2023,emigrati_estero,1008
071,Foggia,Puglia,2024,emigrati_estero,1442
071,Foggia,Puglia,2019,emigrati_interni,9580
071,Foggia,Puglia,2020,emigrati_interni,8550
071,Foggia,Puglia,2021,emigrati_interni,9073
071,Foggia,Puglia,2022,emigrati_interni,10067
071,Foggia,Puglia,2023,emigrati_interni,9656
071,Foggia,Puglia,2024,emigrati_interni,9767
071,Foggia,Puglia,2019,immigrati_estero,2337
071,Foggia,Puglia,2020,immigrati_estero,1924
071,Foggia,Puglia,2021,immigrati_estero,3324
071,Foggia,Puglia,2022,immigrati_estero,3940
071,Foggia,Puglia,2023,immigrati_estero,3866
071,Foggia,Puglia,2024,immigrati_estero,4417
071,Foggia,Puglia,2019,immigrati_interni,6322
071,Foggia,Puglia,2020,immigrati_interni,6190
071,Foggia,Puglia,2021,immigrati_interni,6620
071,Foggia,Puglia,2022,immigrati_interni,6374
071,Foggia,Puglia,2023,immigrati_interni,6053
071,Foggia,Puglia,2024,immigrati_interni,6485
071,Foggia,Puglia,2019,morti,6182
071,Foggia,Puglia,2020,morti,7495
071,Foggia,Puglia,2021,morti,7309
071,Foggia,Puglia,2022,morti,6896
071,Foggia,Puglia,2023,morti,6555
071,Foggia,Puglia,2024,morti,6457
071,Foggia,Puglia,2019,nati,4483
071,Foggia,Puglia,2020,nati,4366
071,Foggia,Puglia,2021,nati,4176
071,Foggia,Puglia,2022,nati,4178
071,Foggia,Puglia,2023,nati,4236
071,Foggia,Puglia,2024,nati,3809
071,Foggia,Puglia,2019,popolazione_censita,606904
071,Foggia,Puglia,2020,popolazione_censita,602394
071,Foggia,Puglia,2021,popolazione_censita,599028
071,Foggia,Puglia,2022,popolazione_censita,595682
071,Foggia,Puglia,2023,popolazione_censita,593078
071,Foggia,Puglia,2024,popolazione_censita,590263
071,Foggia,Puglia,2019,popolazione_fine,607493
071,Foggia,Puglia,2020,popolazione_fine,602452
071,Foggia,Puglia,2021,popolazione_fine,598971
071,Foggia,Puglia,2022,popolazione_fine,595385
071,Foggia,Puglia,2023,popolazione_fine,592618
071,Foggia,Puglia,2024,popolazione_fine,590123
071,Foggia,Puglia,2019,popolazione_inizio,611518
071,Foggia,Puglia,2020,popolazione_inizio,606904
071,Foggia,Puglia,2021,popolazione_inizio,602394
071,Foggia,Puglia,2022,popolazione_inizio,599028
071,Foggia,Puglia,2023,popolazione_inizio,595682
071,Foggia,Puglia,2024,popolazione_inizio,593078
071,Foggia,Puglia,2019,variazioni_territoriali,0
071,Foggia,Puglia,2020,variazioni_territoriali,0
071,Foggia,Puglia,2021,variazioni_territoriali,0
071,Foggia,Puglia,2022,variazioni_territoriali,0
071,Foggia,Puglia,2023,variazioni_territoriali,0
071,Foggia,Puglia,2024,variazioni_territoriali,0
072,Bari,Puglia,2019,aggiustamento_statistico,-1084
072,Bari,Puglia,2020,aggiustamento_statistico,5221
072,Bari,Puglia,2021,aggiustamento_statistico,1124
072,Bari,Puglia,2022,aggiustamento_statistico,1153
072,Bari,Puglia,2023,aggiustamento_statistico,233
072,Bari,Puglia,2024,aggiustamento_statistico,1084
072,Bari,Puglia,2019,emigrati_estero,2600
072,Bari,Puglia,2020,emigrati_estero,2180
072,Bari,Puglia,2021,emigrati_estero,1826
072,Bari,Puglia,2022,emigrati_estero,2086
072,Bari,Puglia,2023,emigrati_estero,2081
072,Bari,Puglia,2024,emigrati_estero,2780
072,Bari,Puglia,2019,emigrati_interni,19623
072,Bari,Puglia,2020,emigrati_interni,17375
072,Bari,Puglia,2021,emigrati_interni,18495
072,Bari,Puglia,2022,emigrati_interni,19718
072,Bari,Puglia,2023,emigrati_interni,19071
072,Bari,Puglia,2024,emigrati_interni,17920
072,Bari,Puglia,2019,immigrati_estero,3950
072,Bari,Puglia,2020,immigrati_estero,2974
072,Bari,Puglia,2021,immigrati_estero,4563
072,Bari,Puglia,2022,immigrati_estero,5577
072,Bari,Puglia,2023,immigrati_estero,5006
072,Bari,Puglia,2024,immigrati_estero,5442
072,Bari,Puglia,2019,immigrati_interni,17115
072,Bari,Puglia,2020,immigrati_interni,15968
072,Bari,Puglia,2021,immigrati_interni,16995
072,Bari,Puglia,2022,immigrati_interni,17833
072,Bari,Puglia,2023,immigrati_interni,17024
072,Bari,Puglia,2024,immigrati_interni,16484
072,Bari,Puglia,2019,morti,11469
072,Bari,Puglia,2020,morti,13063
072,Bari,Puglia,2021,morti,14241
072,Bari,Puglia,2022,morti,13061
072,Bari,Puglia,2023,morti,12799
072,Bari,Puglia,2024,morti,12349
072,Bari,Puglia,2019,nati,8919
072,Bari,Puglia,2020,nati,8408
072,Bari,Puglia,2021,nati,8506
072,Bari,Puglia,2022,nati,8566
072,Bari,Puglia,2023,nati,8322
072,Bari,Puglia,2024,nati,7902
072,Bari,Puglia,2019,popolazione_censita,1230205
072,Bari,Puglia,2020,popolazione_censita,1230158
072,Bari,Puglia,2021,popolazione_censita,1226784
072,Bari,Puglia,2022,popolazione_censita,1225048
072,Bari,Puglia,2023,popolazione_censita,1221682
072,Bari,Puglia,2024,popolazione_censita,1219545
072,Bari,Puglia,2019,popolazione_fine,1231289
072,Bari,Puglia,2020,popolazione_fine,1224937
072,Bari,Puglia,2021,popolazione_fine,1225660
072,Bari,Puglia,2022,popolazione_fine,1223895
072,Bari,Puglia,2023,popolazione_fine,1221449
072,Bari,Puglia,2024,popolazione_fine,1218461
072,Bari,Puglia,2019,popolazione_inizio,1234997
072,Bari,Puglia,2020,popolazione_inizio,1230205
072,Bari,Puglia,2021,popolazione_inizio,1230158
072,Bari,Puglia,2022,popolazione_inizio,1226784
072,Bari,Puglia,2023,popolazione_inizio,1225048
072,Bari,Puglia,2024,popolazione_inizio,1221682
072,Bari,Puglia,2019,variazioni_territoriali,0
072,Bari,Puglia,2020,variazioni_territoriali,0
072,Bari,Puglia,2021,variazioni_territoriali,0
072,Bari,Puglia,2022,variazioni_territoriali,0
072,Bari,Puglia,2023,variazioni_territoriali,0
072,Bari,Puglia,2024,variazioni_territoriali,0
073,Taranto,Puglia,2019,aggiustamento_statistico,-544
073,Taranto,Puglia,2020,aggiustamento_statistico,1528
073,Taranto,Puglia,2021,aggiustamento_statistico,1697
073,Taranto,Puglia,2022,aggiustamento_statistico,419
073,Taranto,Puglia,2023,aggiustamento_statistico,417
073,Taranto,Puglia,2024,aggiustamento_statistico,321
073,Taranto,Puglia,2019,emigrati_estero,915
073,Taranto,Puglia,2020,emigrati_estero,885
073,Taranto,Puglia,2021,emigrati_estero,890
073,Taranto,Puglia,2022,emigrati_estero,787
073,Taranto,Puglia,2023,emigrati_estero,759
073,Taranto,Puglia,2024,emigrati_estero,931
073,Taranto,Puglia,2019,emigrati_interni,9754
073,Taranto,Puglia,2020,emigrati_interni,8179
073,Taranto,Puglia,2021,emigrati_interni,8571
073,Taranto,Puglia,2022,emigrati_interni,9203
073,Taranto,Puglia,2023,emigrati_interni,9047
073,Taranto,Puglia,2024,emigrati_interni,8416
073,Taranto,Puglia,2019,immigrati_estero,1534
073,Taranto,Puglia,2020,immigrati_estero,1194
073,Taranto,Puglia,2021,immigrati_estero,1719
073,Taranto,Puglia,2022,immigrati_estero,2149
073,Taranto,Puglia,2023,immigrati_estero,1902
073,Taranto,Puglia,2024,immigrati_estero,2002
073,Taranto,Puglia,2019,immigrati_interni,7411
073,Taranto,Puglia,2020,immigrati_interni,6873
073,Taranto,Puglia,2021,immigrati_interni,7315
073,Taranto,Puglia,2022,immigrati_interni,7269
073,Taranto,Puglia,2023,immigrati_interni,7236
073,Taranto,Puglia,2024,immigrati_interni,6879
073,Taranto,Puglia,2019,morti,5796
073,Taranto,Puglia,2020,morti,6167
073,Taranto,Puglia,2021,morti,6923
073,Taranto,Puglia,2022,morti,6522
073,Taranto,Puglia,2023,morti,6346
073,Taranto,Puglia,2024,morti,6135
073,Taranto,Puglia,2019,nati,3801
073,Taranto,Puglia,2020,nati,3599
073,Taranto,Puglia,2021,nati,3587
073,Taranto,Puglia,2022,nati,3475
073,Taranto,Puglia,2023,nati,3406
073,Taranto,Puglia,2024,nati,3215
073,Taranto,Puglia,2019,popolazione_censita,563995
073,Taranto,Puglia,2020,popolazione_censita,561958
073,Taranto,Puglia,2021,popolazione_censita,559892
073,Taranto,Puglia,2022,popolazione_censita,556692
073,Taranto,Puglia,2023,popolazione_censita,553501
073,Taranto,Puglia,2024,popolazione_censita,550436
073,Taranto,Puglia,2019,popolazione_fine,564539
073,Taranto,Puglia,2020,popolazione_fine,560430
073,Taranto,Puglia,2021,popolazione_fine,558195
073,Taranto,Puglia,2022,popolazione_fine,556273
073,Taranto,Puglia,2023,popolazione_fine,553084
073,Taranto,Puglia,2024,popolazione_fine,550115
073,Taranto,Puglia,2019,popolazione_inizio,568258
073,Taranto,Puglia,2020,popolazione_inizio,563995
073,Taranto,Puglia,2021,popolazione_inizio,561958
073,Taranto,Puglia,2022,popolazione_inizio,559892
073,Taranto,Puglia,2023,popolazione_inizio,556692
073,Taranto,Puglia,2024,popolazione_inizio,553501
073,Taranto,Puglia,2019,variazioni_territoriali,0
073,Taranto,Puglia,2020,variazioni_territoriali,0
073,Taranto,Puglia,2021,variazioni_territoriali,0
073,Taranto,Puglia,2022,variazioni_territoriali,0
073,Taranto,Puglia,2023,variazioni_territoriali,0
073,Taranto,Puglia,2024,variazioni_territoriali,0
074,Brindisi,Puglia,2019,aggiustamento_statistico,-366
074,Brindisi,Puglia,2020,aggiustamento_statistico,-1132
074,Brindisi,Puglia,2021,aggiustamento_statistico,969
074,Brindisi,Puglia,2022,aggiustamento_statistico,469
074,Brindisi,Puglia,2023,aggiustamento_statistico,280
074,Brindisi,Puglia,2024,aggiustamento_statistico,188
074,Brindisi,Puglia,2019,emigrati_estero,905
074,Brindisi,Puglia,2020,emigrati_estero,823
074,Brindisi,Puglia,2021,emigrati_estero,813
074,Brindisi,Puglia,2022,emigrati_estero,785
074,Brindisi,Puglia,2023,emigrati_estero,791
074,Brindisi,Puglia,2024,emigrati_estero,973
074,Brindisi,Puglia,2019,emigrati_interni,5788
074,Brindisi,Puglia,2020,emigrati_interni,5105
074,Brindisi,Puglia,2021,emigrati_interni,5302
074,Brindisi,Puglia,2022,emigrati_interni,5794
074,Brindisi,Puglia,2023,emigrati_interni,5706
074,Brindisi,Puglia,2024,emigrati_interni,5369
074,Brindisi,Puglia,2019,immigrati_estero,1559
074,Brindisi,Puglia,2020,immigrati_estero,1349
074,Brindisi,Puglia,2021,immigrati_estero,1764
074,Brindisi,Puglia,2022,immigrati_estero,1881
074,Brindisi,Puglia,2023,immigrati_estero,1678
074,Brindisi,Puglia,2024,immigrati_estero,1903
074,Brindisi,Puglia,2019,immigrati_interni,4555
074,Brindisi,Puglia,2020,immigrati_interni,4329
074,Brindisi,Puglia,2021,immigrati_interni,4675
074,Brindisi,Puglia,2022,immigrati_interni,4640
074,Brindisi,Puglia,2023,immigrati_interni,4541
074,Brindisi,Puglia,2024,immigrati_interni,4557
074,Brindisi,Puglia,2019,morti,4069
074,Brindisi,Puglia,2020,morti,4392
074,Brindisi,Puglia,2021,morti,4384
074,Brindisi,Puglia,2022,morti,4674
074,Brindisi,Puglia,2023,morti,4641
074,Brindisi,Puglia,2024,morti,4313
074,Brindisi,Puglia,2019,nati,2432
074,Brindisi,Puglia,2020,nati,2485
074,Brindisi,Puglia,2021,nati,2418
074,Brindisi,Puglia,2022,nati,2512
074,Brindisi,Puglia,2023,nati,2357
074,Brindisi,Puglia,2024,nati,2334
074,Brindisi,Puglia,2019,popolazione_censita,385235
074,Brindisi,Puglia,2020,popolazione_censita,381946
074,Brindisi,Puglia,2021,popolazione_censita,381273
074,Brindisi,Puglia,2022,popolazione_censita,379522
074,Brindisi,Puglia,2023,popolazione_censita,377240
074,Brindisi,Puglia,2024,popolazione_censita,375567
074,Brindisi,Puglia,2019,popolazione_fine,385601
074,Brindisi,Puglia,2020,popolazione_fine,383078
074,Brindisi,Puglia,2021,popolazione_fine,380304
074,Brindisi,Puglia,2022,popolazione_fine,379053
074,Brindisi,Puglia,2023,popolazione_fine,376960
074,Brindisi,Puglia,2024,popolazione_fine,375379
074,Brindisi,Puglia,2019,popolazione_inizio,387817
074,Brindisi,Puglia,2020,popolazione_inizio,385235
074,Brindisi,Puglia,2021,popolazione_inizio,381946
074,Brindisi,Puglia,2022,popolazione_inizio,381273
074,Brindisi,Puglia,2023,popolazione_inizio,379522
074,Brindisi,Puglia,2024,popolazione_inizio,377240
074,Brindisi,Puglia,2019,variazioni_territoriali,0
074,Brindisi,Puglia,2020,variazioni_territoriali,0
074,Brindisi,Puglia,2021,variazioni_territoriali,0
074,Brindisi,Puglia,2022,variazioni_territoriali,0
074,Brindisi,Puglia,2023,variazioni_territoriali,0
074,Brindisi,Puglia,2024,variazioni_territoriali,0
075,Lecce,Puglia,2019,aggiustamento_statistico,-206
075,Lecce,Puglia,2020,aggiustamento_statistico,-2209
075,Lecce,Puglia,2021,aggiustamento_statistico,2288
075,Lecce,Puglia,2022,aggiustamento_statistico,347
075,Lecce,Puglia,2023,aggiustamento_statistico,286
075,Lecce,Puglia,2024,aggiustamento_statistico,609
075,Lecce,Puglia,2019,emigrati_estero,2099
075,Lecce,Puglia,2020,emigrati_estero,1710
075,Lecce,Puglia,2021,emigrati_estero,1499
075,Lecce,Puglia,2022,emigrati_estero,1416
075,Lecce,Puglia,2023,emigrati_estero,1509
075,Lecce,Puglia,2024,emigrati_estero,1957
075,Lecce,Puglia,2019,emigrati_interni,15606
075,Lecce,Puglia,2020,emigrati_interni,14433
075,Lecce,Puglia,2021,emigrati_interni,14823
075,Lecce,Puglia,2022,emigrati_interni,16764
075,Lecce,Puglia,2023,emigrati_interni,16022
075,Lecce,Puglia,2024,emigrati_interni,15372
075,Lecce,Puglia,2019,immigrati_estero,2766
075,Lecce,Puglia,2020,immigrati_estero,2478
075,Lecce,Puglia,2021,immigrati_estero,3391
075,Lecce,Puglia,2022,immigrati_estero,3494
075,Lecce,Puglia,2023,immigrati_estero,3302
075,Lecce,Puglia,2024,immigrati_estero,3811
075,Lecce,Puglia,2019,immigrati_interni,14073
075,Lecce,Puglia,2020,immigrati_interni,13981
075,Lecce,Puglia,2021,immigrati_interni,14414
075,Lecce,Puglia,2022,immigrati_interni,15203
075,Lecce,Puglia,2023,immigrati_interni,14750
075,Lecce,Puglia,2024,immigrati_interni,14905
075,Lecce,Puglia,2019,morti,8235
075,Lecce,Puglia,2020,morti,8874
075,Lecce,Puglia,2021,morti,9505
075,Lecce,Puglia,2022,morti,9848
075,Lecce,Puglia,2023,morti,9429
075,Lecce,Puglia,2024,morti,9256
075,Lecce,Puglia,2019,nati,5064
075,Lecce,Puglia,2020,nati,4832
075,Lecce,Puglia,2021,nati,4852
075,Lecce,Puglia,2022,nati,4866
075,Lecce,Puglia,2023,nati,4623
075,Lecce,Puglia,2024,nati,4520
075,Lecce,Puglia,2019,popolazione_censita,782165
075,Lecce,Puglia,2020,popolazione_censita,776230
075,Lecce,Puglia,2021,popolazione_censita,775348
075,Lecce,Puglia,2022,popolazione_censita,771230
075,Lecce,Puglia,2023,popolazione_censita,767231
075,Lecce,Puglia,2024,popolazione_censita,764491
075,Lecce,Puglia,2019,popolazione_fine,782371
075,Lecce,Puglia,2020,popolazione_fine,778439
075,Lecce,Puglia,2021,popolazione_fine,773060
075,Lecce,Puglia,2022,popolazione_fine,770883
075,Lecce,Puglia,2023,popolazione_fine,766945
075,Lecce,Puglia,2024,popolazione_fine,763882
075,Lecce,Puglia,2019,popolazione_inizio,786408
075,Lecce,Puglia,2020,popolazione_inizio,782165
075,Lecce,Puglia,2021,popolazione_inizio,776230
075,Lecce,Puglia,2022,popolazione_inizio,775348
075,Lecce,Puglia,2023,popolazione_inizio,771230
075,Lecce,Puglia,2024,popolazione_inizio,767231
075,Lecce,Puglia,2019,variazioni_territoriali,0
075,Lecce,Puglia,2020,variazioni_territoriali,0
075,Lecce,Puglia,2021,variazioni_territoriali,0
075,Lecce,Puglia,2022,variazioni_territoriali,0
075,Lecce,Puglia,2023,variazioni_territoriali,0
075,Lecce,Puglia,2024,variazioni_territoriali,0
076,Potenza,Basilicata,2019,aggiustamento_statistico,-279
076,Potenza,Basilicata,2020,aggiustamento_statistico,-2166
076,Potenza,Basilicata,2021,aggiustamento_statistico,615
076,Potenza,Basilicata,2022,aggiustamento_statistico,-51
076,Potenza,Basilicata,2023,aggiustamento_statistico,-263
076,Potenza,Basilicata,2024,aggiustamento_statistico,-186
076,Potenza,Basilicata,2019,emigrati_estero,864
076,Potenza,Basilicata,2020,emigrati_estero,686
076,Potenza,Basilicata,2021,emigrati_estero,642
076,Potenza,Basilicata,2022,emigrati_estero,632
076,Potenza,Basilicata,2023,emigrati_estero,794
076,Potenza,Basilicata,2024,emigrati_estero,993
076,Potenza,Basilicata,2019,emigrati_interni,6036
076,Potenza,Basilicata,2020,emigrati_interni,5587
076,Potenza,Basilicata,2021,emigrati_interni,5608
076,Potenza,Basilicata,2022,emigrati_interni,6328
076,Potenza,Basilicata,2023,emigrati_interni,6219
076,Potenza,Basilicata,2024,emigrati_interni,5974
076,Potenza,Basilicata,2019,immigrati_estero,1216
076,Potenza,Basilicata,2020,immigrati_estero,931
076,Potenza,Basilicata,2021,immigrati_estero,1444
076,Potenza,Basilicata,2022,immigrati_estero,2236
076,Potenza,Basilicata,2023,immigrati_estero,2414
076,Potenza,Basilicata,2024,immigrati_estero,2667
076,Potenza,Basilicata,2019,immigrati_interni,4004
076,Potenza,Basilicata,2020,immigrati_interni,3846
076,Potenza,Basilicata,2021,immigrati_interni,3857
076,Potenza,Basilicata,2022,immigrati_interni,4364
076,Potenza,Basilicata,2023,immigrati_interni,4117
076,Potenza,Basilicata,2024,immigrati_interni,4383
076,Potenza,Basilicata,2019,morti,4429
076,Potenza,Basilicata,2020,morti,4507
076,Potenza,Basilicata,2021,morti,4604
076,Potenza,Basilicata,2022,morti,4800
076,Potenza,Basilicata,2023,morti,4464
076,Potenza,Basilicata,2024,morti,4152
076,Potenza,Basilicata,2019,nati,2337
076,Potenza,Basilicata,2020,nati,2258
076,Potenza,Basilicata,2021,nati,2064
076,Potenza,Basilicata,2022,nati,2070
076,Potenza,Basilicata,2023,nati,1986
076,Potenza,Basilicata,2024,nati,1912
076,Potenza,Basilicata,2019,popolazione_censita,358401
076,Potenza,Basilicata,2020,popolazione_censita,352490
076,Potenza,Basilicata,2021,popolazione_censita,349616
076,Potenza,Basilicata,2022,popolazione_censita,346475
076,Potenza,Basilicata,2023,popolazione_censita,343252
076,Potenza,Basilicata,2024,popolazione_censita,340909
076,Potenza,Basilicata,2019,popolazione_fine,358680
076,Potenza,Basilicata,2020,popolazione_fine,354656
076,Potenza,Basilicata,2021,popolazione_fine,349001
076,Potenza,Basilicata,2022,popolazione_fine,346526
076,Potenza,Basilicata,2023,popolazione_fine,343515
076,Potenza,Basilicata,2024,popolazione_fine,341095
076,Potenza,Basilicata,2019,popolazione_inizio,362452
076,Potenza,Basilicata,2020,popolazione_inizio,358401
076,Potenza,Basilicata,2021,popolazione_inizio,352490
076,Potenza,Basilicata,2022,popolazione_inizio,349616
076,Potenza,Basilicata,2023,popolazione_inizio,346475
076,Potenza,Basilicata,2024,popolazione_inizio,343252
076,Potenza,Basilicata,2019,variazioni_territoriali,0
076,Potenza,Basilicata,2020,variazioni_territoriali,0
076,Potenza,Basilicata,2021,variazioni_territoriali,0
076,Potenza,Basilicata,2022,variazioni_territoriali,0
076,Potenza,Basilicata,2023,variazioni_territoriali,0
076,Potenza,Basilicata,2024,variazioni_territoriali,0
077,Matera,Basilicata,2019,aggiustamento_statistico,-108
077,Matera,Basilicata,2020,aggiustamento_statistico,-879
077,Matera,Basilicata,2021,aggiustamento_statistico,-204
077,Matera,Basilicata,2022,aggiustamento_statistico,60
077,Matera,Basilicata,2023,aggiustamento_statistico,-191
077,Matera,Basilicata,2024,aggiustamento_statistico,-44
077,Matera,Basilicata,2019,emigrati_estero,594
077,Matera,Basilicata,2020,emigrati_estero,469
077,Matera,Basilicata,2021,emigrati_estero,574
077,Matera,Basilicata,2022,emigrati_estero,397
077,Matera,Basilicata,2023,emigrati_estero,502
077,Matera,Basilicata,2024,emigrati_estero,595
077,Matera,Basilicata,2019,emigrati_interni,3233
077,Matera,Basilicata,2020,emigrati_interni,2819
077,Matera,Basilicata,2021,emigrati_interni,2916
077,Matera,Basilicata,2022,emigrati_interni,3470
077,Matera,Basilicata,2023,emigrati_interni,3611
077,Matera,Basilicata,2024,emigrati_interni,3413
077,Matera,Basilicata,2019,immigrati_estero,1017
077,Matera,Basilicata,2020,immigrati_estero,846
077,Matera,Basilicata,2021,immigrati_estero,1449
077,Matera,Basilicata,2022,immigrati_estero,1946
077,Matera,Basilicata,2023,immigrati_estero,1810
077,Matera,Basilicata,2024,immigrati_estero,1640
077,Matera,Basilicata,2019,immigrati_interni,2380
077,Matera,Basilicata,2020,immigrati_interni,2047
077,Matera,Basilicata,2021,immigrati_interni,2125
077,Matera,Basilicata,2022,immigrati_interni,2586
077,Matera,Basilicata,2023,immigrati_interni,2431
077,Matera,Basilicata,2024,immigrati_interni,2440
077,Matera,Basilicata,2019,morti,2079
077,Matera,Basilicata,2020,morti,2204
077,Matera,Basilicata,2021,morti,2234
077,Matera,Basilicata,2022,morti,2326
077,Matera,Basilicata,2023,morti,2195
077,Matera,Basilicata,2024,morti,2061
077,Matera,Basilicata,2019,nati,1335
077,Matera,Basilicata,2020,nati,1265
077,Matera,Basilicata,2021,nati,1266
077,Matera,Basilicata,2022,nati,1151
077,Matera,Basilicata,2023,nati,1137
077,Matera,Basilicata,2024,nati,1147
077,Matera,Basilicata,2019,popolazione_censita,194853
077,Matera,Basilicata,2020,popolazione_censita,192640
077,Matera,Basilicata,2021,popolazione_censita,191552
077,Matera,Basilicata,2022,popolazione_censita,191102
077,Matera,Basilicata,2023,popolazione_censita,189981
077,Matera,Basilicata,2024,popolazione_censita,189095
077,Matera,Basilicata,2019,popolazione_fine,194961
077,Matera,Basilicata,2020,popolazione_fine,193519
077,Matera,Basilicata,2021,popolazione_fine,191756
077,Matera,Basilicata,2022,popolazione_fine,191042
077,Matera,Basilicata,2023,popolazione_fine,190172
077,Matera,Basilicata,2024,popolazione_fine,189139
077,Matera,Basilicata,2019,popolazione_inizio,196135
077,Matera,Basilicata,2020,popolazione_inizio,194853
077,Matera,Basilicata,2021,popolazione_inizio,192640
077,Matera,Basilicata,2022,popolazione_inizio,191552
077,Matera,Basilicata,2023,popolazione_inizio,191102
077,Matera,Basilicata,2024,popolazione_inizio,189981
077,Matera,Basilicata,2019,variazioni_territoriali,0
077,Matera,Basilicata,2020,variazioni_territoriali,0
077,Matera,Basilicata,2021,variazioni_territoriali,0
077,Matera,Basilicata,2022,variazioni_territoriali,0
077,Matera,Basilicata,2023,variazioni_territoriali,0
077,Matera,Basilicata,2024,variazioni_territoriali,0
078,Cosenza,Calabria,2019,aggiustamento_statistico,-744
078,Cosenza,Calabria,2020,aggiustamento_statistico,-9868
078,Cosenza,Calabria,2021,aggiustamento_statistico,2271
078,Cosenza,Calabria,2022,aggiustamento_statistico,269
078,Cosenza,Calabria,2023,aggiustamento_statistico,236
078,Cosenza,Calabria,2024,aggiustamento_statistico,-194
078,Cosenza,Calabria,2019,emigrati_estero,2832
078,Cosenza,Calabria,2020,emigrati_estero,2032
078,Cosenza,Calabria,2021,emigrati_estero,1827
078,Cosenza,Calabria,2022,emigrati_estero,1749
078,Cosenza,Calabria,2023,emigrati_estero,2186
078,Cosenza,Calabria,2024,emigrati_estero,2616
078,Cosenza,Calabria,2019,emigrati_interni,14049
078,Cosenza,Calabria,2020,emigrati_interni,12135
078,Cosenza,Calabria,2021,emigrati_interni,13801
078,Cosenza,Calabria,2022,emigrati_interni,14854
078,Cosenza,Calabria,2023,emigrati_interni,15095
078,Cosenza,Calabria,2024,emigrati_interni,14543
078,Cosenza,Calabria,2019,immigrati_estero,3790
078,Cosenza,Calabria,2020,immigrati_estero,2670
078,Cosenza,Calabria,2021,immigrati_estero,4000
078,Cosenza,Calabria,2022,immigrati_estero,5929
078,Cosenza,Calabria,2023,immigrati_estero,6853
078,Cosenza,Calabria,2024,immigrati_estero,8150
078,Cosenza,Calabria,2019,immigrati_interni,11294
078,Cosenza,Calabria,2020,immigrati_interni,10032
078,Cosenza,Calabria,2021,immigrati_interni,11622
078,Cosenza,Calabria,2022,immigrati_interni,12031
078,Cosenza,Calabria,2023,immigrati_interni,11790
078,Cosenza,Calabria,2024,immigrati_interni,11928
078,Cosenza,Calabria,2019,morti,7590
078,Cosenza,Calabria,2020,morti,7876
078,Cosenza,Calabria,2021,morti,8449
078,Cosenza,Calabria,2022,morti,8382
078,Cosenza,Calabria,2023,morti,8226
078,Cosenza,Calabria,2024,morti,7810
078,Cosenza,Calabria,2019,nati,5029
078,Cosenza,Calabria,2020,nati,4825
078,Cosenza,Calabria,2021,nati,4608
078,Cosenza,Calabria,2022,nati,4645
078,Cosenza,Calabria,2023,nati,4564
078,Cosenza,Calabria,2024,nati,4252
078,Cosenza,Calabria,2019,popolazione_censita,690503
078,Cosenza,Calabria,2020,popolazione_censita,676119
078,Cosenza,Calabria,2021,popolazione_censita,674543
078,Cosenza,Calabria,2022,popolazione_censita,672432
078,Cosenza,Calabria,2023,popolazione_censita,670368
078,Cosenza,Calabria,2024,popolazione_censita,669535
078,Cosenza,Calabria,2019,popolazione_fine,691247
078,Cosenza,Calabria,2020,popolazione_fine,685987
078,Cosenza,Calabria,2021,popolazione_fine,672272
078,Cosenza,Calabria,2022,popolazione_fine,672163
078,Cosenza,Calabria,2023,popolazione_fine,670132
078,Cosenza,Calabria,2024,popolazione_fine,669729
078,Cosenza,Calabria,2019,popolazione_inizio,695605
078,Cosenza,Calabria,2020,popolazione_inizio,690503
078,Cosenza,Calabria,2021,popolazione_inizio,676119
078,Cosenza,Calabria,2022,popolazione_inizio,674543
078,Cosenza,Calabria,2023,popolazione_inizio,672432
078,Cosenza,Calabria,2024,popolazione_inizio,670368
078,Cosenza,Calabria,2019,variazioni_territoriali,0
078,Cosenza,Calabria,2020,variazioni_territoriali,0
078,Cosenza,Calabria,2021,variazioni_territoriali,0
078,Cosenza,Calabria,2022,variazioni_territoriali,0
078,Cosenza,Calabria,2023,variazioni_territoriali,0
078,Cosenza,Calabria,2024,variazioni_territoriali,0
079,Catanzaro,Calabria,2019,aggiustamento_statistico,-281
079,Catanzaro,Calabria,2020,aggiustamento_statistico,-2682
079,Catanzaro,Calabria,2021,aggiustamento_statistico,1432
079,Catanzaro,Calabria,2022,aggiustamento_statistico,447
079,Catanzaro,Calabria,2023,aggiustamento_statistico,64
079,Catanzaro,Calabria,2024,aggiustamento_statistico,374
079,Catanzaro,Calabria,2019,emigrati_estero,1163
079,Catanzaro,Calabria,2020,emigrati_estero,919
079,Catanzaro,Calabria,2021,emigrati_estero,1012
079,Catanzaro,Calabria,2022,emigrati_estero,745
079,Catanzaro,Calabria,2023,emigrati_estero,709
079,Catanzaro,Calabria,2024,emigrati_estero,1047
079,Catanzaro,Calabria,2019,emigrati_interni,7359
079,Catanzaro,Calabria,2020,emigrati_interni,6342
079,Catanzaro,Calabria,2021,emigrati_interni,6769
079,Catanzaro,Calabria,2022,emigrati_interni,7390
079,Catanzaro,Calabria,2023,emigrati_interni,7015
079,Catanzaro,Calabria,2024,emigrati_interni,6980
079,Catanzaro,Calabria,2019,immigrati_estero,1353
079,Catanzaro,Calabria,2020,immigrati_estero,1077
079,Catanzaro,Calabria,2021,immigrati_estero,1512
079,Catanzaro,Calabria,2022,immigrati_estero,1985
079,Catanzaro,Calabria,2023,immigrati_estero,2238
079,Catanzaro,Calabria,2024,immigrati_estero,2396
079,Catanzaro,Calabria,2019,immigrati_interni,5802
079,Catanzaro,Calabria,2020,immigrati_interni,5194
079,Catanzaro,Calabria,2021,immigrati_interni,5632
079,Catanzaro,Calabria,2022,immigrati_interni,5813
079,Catanzaro,Calabria,2023,immigrati_interni,5697
079,Catanzaro,Calabria,2024,immigrati_interni,5934
079,Catanzaro,Calabria,2019,morti,3657
079,Catanzaro,Calabria,2020,morti,3737
079,Catanzaro,Calabria,2021,morti,3993
079,Catanzaro,Calabria,2022,morti,4161
079,Catanzaro,Calabria,2023,morti,3959
079,Catanzaro,Calabria,2024,morti,3829
079,Catanzaro,Calabria,2019,nati,2584
079,Catanzaro,Calabria,2020,nati,2504
079,Catanzaro,Calabria,2021,nati,2432
079,Catanzaro,Calabria,2022,nati,2399
079,Catanzaro,Calabria,2023,nati,2322
079,Catanzaro,Calabria,2024,nati,2234
079,Catanzaro,Calabria,2019,popolazione_censita,349344
079,Catanzaro,Calabria,2020,popolazione_censita,344439
079,Catanzaro,Calabria,2021,popolazione_censita,343673
079,Catanzaro,Calabria,2022,popolazione_censita,342021
079,Catanzaro,Calabria,2023,popolazione_censita,340659
079,Catanzaro,Calabria,2024,popolazione_censita,339741
079,Catanzaro,Calabria,2019,popolazione_fine,349625
079,Catanzaro,Calabria,2020,popolazione_fine,347121
079,Catanzaro,Calabria,2021,popolazione_fine,342241
079,Catanzaro,Calabria,2022,popolazione_fine,341574
079,Catanzaro,Calabria,2023,popolazione_fine,340595
079,Catanzaro,Calabria,2024,popolazione_fine,339367
079,Catanzaro,Calabria,2019,popolazione_inizio,352065
079,Catanzaro,Calabria,2020,popolazione_inizio,349344
079,Catanzaro,Calabria,2021,popolazione_inizio,344439
079,Catanzaro,Calabria,2022,popolazione_inizio,343673
079,Catanzaro,Calabria,2023,popolazione_inizio,342021
079,Catanzaro,Calabria,2024,popolazione_inizio,340659
079,Catanzaro,Calabria,2019,variazioni_territoriali,0
079,Catanzaro,Calabria,2020,variazioni_territoriali,0
079,Catanzaro,Calabria,2021,variazioni_territoriali,0
079,Catanzaro,Calabria,2022,variazioni_territoriali,0
079,Catanzaro,Calabria,2023,variazioni_territoriali,0
079,Catanzaro,Calabria,2024,variazioni_territoriali,0
080,Reggio di Calabria,Calabria,2019,aggiustamento_statistico,-660
080,Reggio di Calabria,Calabria,2020,aggiustamento_statistico,-3102
080,Reggio di Calabria,Calabria,2021,aggiustamento_statistico,2055
080,Reggio di Calabria,Calabria,2022,aggiustamento_statistico,265
080,Reggio di Calabria,Calabria,2023,aggiustamento_statistico,27
080,Reggio di Calabria,Calabria,2024,aggiustamento_statistico,339
080,Reggio di Calabria,Calabria,2019,emigrati_estero,2129
080,Reggio di Calabria,Calabria,2020,emigrati_estero,1549
080,Reggio di Calabria,Calabria,2021,emigrati_estero,1435
080,Reggio di Calabria,Calabria,2022,emigrati_estero,1209
080,Reggio di Calabria,Calabria,2023,emigrati_estero,1614
080,Reggio di Calabria,Calabria,2024,emigrati_estero,1630
080,Reggio di Calabria,Calabria,2019,emigrati_interni,11487
080,Reggio di Calabria,Calabria,2020,emigrati_interni,8979
080,Reggio di Calabria,Calabria,2021,emigrati_interni,9341
080,Reggio di Calabria,Calabria,2022,emigrati_interni,10172
080,Reggio di Calabria,Calabria,2023,emigrati_interni,10339
080,Reggio di Calabria,Calabria,2024,emigrati_interni,9820
080,Reggio di Calabria,Calabria,2019,immigrati_estero,2758
080,Reggio di Calabria,Calabria,2020,immigrati_estero,1934
080,Reggio di Calabria,Calabria,2021,immigrati_estero,3078
080,Reggio di Calabria,Calabria,2022,immigrati_estero,3539
080,Reggio di Calabria,Calabria,2023,immigrati_estero,3754
080,Reggio di Calabria,Calabria,2024,immigrati_estero,3732
080,Reggio di Calabria,Calabria,2019,immigrati_interni,7368
080,Reggio di Calabria,Calabria,2020,immigrati_interni,6315
080,Reggio di Calabria,Calabria,2021,immigrati_interni,6610
080,Reggio di Calabria,Calabria,2022,immigrati_interni,6755
080,Reggio di Calabria,Calabria,2023,immigrati_interni,6776
080,Reggio di Calabria,Calabria,2024,immigrati_interni,7157
080,Reggio di Calabria,Calabria,2019,morti,5668
080,Reggio di Calabria,Calabria,2020,morti,5922
080,Reggio di Calabria,Calabria,2021,morti,6456
080,Reggio di Calabria,Calabria,2022,morti,6555
080,Reggio di Calabria,Calabria,2023,morti,6193
080,Reggio di Calabria,Calabria,2024,morti,5825
080,Reggio di Calabria,Calabria,2019,nati,4298
080,Reggio di Calabria,Calabria,2020,nati,4127
080,Reggio di Calabria,Calabria,2021,nati,3825
080,Reggio di Calabria,Calabria,2022,nati,3949
080,Reggio di Calabria,Calabria,2023,nati,4043
080,Reggio di Calabria,Calabria,2024,nati,3850
080,Reggio di Calabria,Calabria,2019,popolazione_censita,530967
080,Reggio di Calabria,Calabria,2020,popolazione_censita,523791
080,Reggio di Calabria,Calabria,2021,popolazione_censita,522127
080,Reggio di Calabria,Calabria,2022,popolazione_censita,518699
080,Reggio di Calabria,Calabria,2023,popolazione_censita,515153
080,Reggio di Calabria,Calabria,2024,popolazione_censita,512956
080,Reggio di Calabria,Calabria,2019,popolazione_fine,531627
080,Reggio di Calabria,Calabria,2020,popolazione_fine,526893
080,Reggio di Calabria,Calabria,2021,popolazione_fine,520072
080,Reggio di Calabria,Calabria,2022,popolazione_fine,518434
080,Reggio di Calabria,Calabria,2023,popolazione_fine,515126
080,Reggio di Calabria,Calabria,2024,popolazione_fine,512617
080,Reggio di Calabria,Calabria,2019,popolazione_inizio,536487
080,Reggio di Calabria,Calabria,2020,popolazione_inizio,530967
080,Reggio di Calabria,Calabria,2021,popolazione_inizio,523791
080,Reggio di Calabria,Calabria,2022,popolazione_inizio,522127
080,Reggio di Calabria,Calabria,2023,popolazione_inizio,518699
080,Reggio di Calabria,Calabria,2024,popolazione_inizio,515153
080,Reggio di Calabria,Calabria,2019,variazioni_territoriali,0
080,Reggio di Calabria,Calabria,2020,variazioni_territoriali,0
080,Reggio di Calabria,Calabria,2021,variazioni_territoriali,0
080,Reggio di Calabria,Calabria,2022,variazioni_territoriali,0
080,Reggio di Calabria,Calabria,2023,variazioni_territoriali,0
080,Reggio di Calabria,Calabria,2024,variazioni_territoriali,0
081,Trapani,Sicilia,2019,aggiustamento_statistico,-570
081,Trapani,Sicilia,2020,aggiustamento_statistico,-1012
081,Trapani,Sicilia,2021,aggiustamento_statistico,1204
081,Trapani,Sicilia,2022,aggiustamento_statistico,715
081,Trapani,Sicilia,2023,aggiustamento_statistico,223
081,Trapani,Sicilia,2024,aggiustamento_statistico,13
081,Trapani,Sicilia,2019,emigrati_estero,924
081,Trapani,Sicilia,2020,emigrati_estero,815
081,Trapani,Sicilia,2021,emigrati_estero,837
081,Trapani,Sicilia,2022,emigrati_estero,790
081,Trapani,Sicilia,2023,emigrati_estero,741
081,Trapani,Sicilia,2024,emigrati_estero,972
081,Trapani,Sicilia,2019,emigrati_interni,9074
081,Trapani,Sicilia,2020,emigrati_interni,7616
081,Trapani,Sicilia,2021,emigrati_interni,8171
081,Trapani,Sicilia,2022,emigrati_interni,9264
081,Trapani,Sicilia,2023,emigrati_interni,9164
081,Trapani,Sicilia,2024,emigrati_interni,8650
081,Trapani,Sicilia,2019,immigrati_estero,1892
081,Trapani,Sicilia,2020,immigrati_estero,1419
081,Trapani,Sicilia,2021,immigrati_estero,1773
081,Trapani,Sicilia,2022,immigrati_estero,1970
081,Trapani,Sicilia,2023,immigrati_estero,2379
081,Trapani,Sicilia,2024,immigrati_estero,2946
081,Trapani,Sicilia,2019,immigrati_interni,7517
081,Trapani,Sicilia,2020,immigrati_interni,6883
081,Trapani,Sicilia,2021,immigrati_interni,7259
081,Trapani,Sicilia,2022,immigrati_interni,7740
081,Trapani,Sicilia,2023,immigrati_interni,7472
081,Trapani,Sicilia,2024,immigrati_interni,7413
081,Trapani,Sicilia,2019,morti,4766
081,Trapani,Sicilia,2020,morti,4929
081,Trapani,Sicilia,2021,morti,5336
081,Trapani,Sicilia,2022,morti,5613
081,Trapani,Sicilia,2023,morti,5202
081,Trapani,Sicilia,2024,morti,5034
081,Trapani,Sicilia,2019,nati,3142
081,Trapani,Sicilia,2020,nati,3091
081,Trapani,Sicilia,2021,nati,3051
081,Trapani,Sicilia,2022,nati,3028
081,Trapani,Sicilia,2023,nati,2973
081,Trapani,Sicilia,2024,nati,2731
081,Trapani,Sicilia,2019,popolazione_censita,421256
081,Trapani,Sicilia,2020,popolazione_censita,418277
081,Trapani,Sicilia,2021,popolazione_censita,417220
081,Trapani,Sicilia,2022,popolazione_censita,415006
081,Trapani,Sicilia,2023,popolazione_censita,412946
081,Trapani,Sicilia,2024,popolazione_censita,411393
081,Trapani,Sicilia,2019,popolazione_fine,421826
081,Trapani,Sicilia,2020,popolazione_fine,419289
081,Trapani,Sicilia,2021,popolazione_fine,416016
081,Trapani,Sicilia,2022,popolazione_fine,414291
081,Trapani,Sicilia,2023,popolazione_fine,412723
081,Trapani,Sicilia,2024,popolazione_fine,411380
081,Trapani,Sicilia,2019,popolazione_inizio,424039
081,Trapani,Sicilia,2020,popolazione_inizio,421256
081,Trapani,Sicilia,2021,popolazione_inizio,418277
081,Trapani,Sicilia,2022,popolazione_inizio,417220
081,Trapani,Sicilia,2023,popolazione_inizio,415006
081,Trapani,Sicilia,2024,popolazione_inizio,412946
081,Trapani,Sicilia,2019,variazioni_territoriali,0
081,Trapani,Sicilia,2020,variazioni_territoriali,0
081,Trapani,Sicilia,2021,variazioni_territoriali,0
081,Trapani,Sicilia,2022,variazioni_territoriali,0
081,Trapani,Sicilia,2023,variazioni_territoriali,0
081,Trapani,Sicilia,2024,variazioni_territoriali,0
082,Palermo,Sicilia,2019,aggiustamento_statistico,-1067
082,Palermo,Sicilia,2020,aggiustamento_statistico,-7008
082,Palermo,Sicilia,2021,aggiustamento_statistico,7582
082,Palermo,Sicilia,2022,aggiustamento_statistico,2218
082,Palermo,Sicilia,2023,aggiustamento_statistico,1987
082,Palermo,Sicilia,2024,aggiustamento_statistico,3713
082,Palermo,Sicilia,2019,emigrati_estero,3132
082,Palermo,Sicilia,2020,emigrati_estero,2882
082,Palermo,Sicilia,2021,emigrati_estero,2681
082,Palermo,Sicilia,2022,emigrati_estero,2133
082,Palermo,Sicilia,2023,emigrati_estero,2291
082,Palermo,Sicilia,2024,emigrati_estero,3344
082,Palermo,Sicilia,2019,emigrati_interni,27131
082,Palermo,Sicilia,2020,emigrati_interni,22727
082,Palermo,Sicilia,2021,emigrati_interni,22576
082,Palermo,Sicilia,2022,emigrati_interni,24793
082,Palermo,Sicilia,2023,emigrati_interni,23691
082,Palermo,Sicilia,2024,emigrati_interni,22801
082,Palermo,Sicilia,2019,immigrati_estero,3023
082,Palermo,Sicilia,2020,immigrati_estero,2897
082,Palermo,Sicilia,2021,immigrati_estero,3066
082,Palermo,Sicilia,2022,immigrati_estero,3590
082,Palermo,Sicilia,2023,immigrati_estero,4275
082,Palermo,Sicilia,2024,immigrati_estero,4796
082,Palermo,Sicilia,2019,immigrati_interni,21851
082,Palermo,Sicilia,2020,immigrati_interni,19373
082,Palermo,Sicilia,2021,immigrati_interni,19258
082,Palermo,Sicilia,2022,immigrati_interni,20680
082,Palermo,Sicilia,2023,immigrati_interni,20362
082,Palermo,Sicilia,2024,immigrati_interni,20154
082,Palermo,Sicilia,2019,morti,12554
082,Palermo,Sicilia,2020,morti,13794
082,Palermo,Sicilia,2021,morti,14169
082,Palermo,Sicilia,2022,morti,14061
082,Palermo,Sicilia,2023,morti,13932
082,Palermo,Sicilia,2024,morti,12795
082,Palermo,Sicilia,2019,nati,10396
082,Palermo,Sicilia,2020,nati,9972
082,Palermo,Sicilia,2021,nati,9692
082,Palermo,Sicilia,2022,nati,9697
082,Palermo,Sicilia,2023,nati,9354
082,Palermo,Sicilia,2024,nati,8762
082,Palermo,Sicilia,2019,popolazione_censita,1222988
082,Palermo,Sicilia,2020,popolazione_censita,1208819
082,Palermo,Sicilia,2021,popolazione_censita,1208991
082,Palermo,Sicilia,2022,popolazione_censita,1204189
082,Palermo,Sicilia,2023,popolazione_censita,1200253
082,Palermo,Sicilia,2024,popolazione_censita,1198738
082,Palermo,Sicilia,2019,popolazione_fine,1224055
082,Palermo,Sicilia,2020,popolazione_fine,1215827
082,Palermo,Sicilia,2021,popolazione_fine,1201409
082,Palermo,Sicilia,2022,popolazione_fine,1201971
082,Palermo,Sicilia,2023,popolazione_fine,1198266
082,Palermo,Sicilia,2024,popolazione_fine,1195025
082,Palermo,Sicilia,2019,popolazione_inizio,1231602
082,Palermo,Sicilia,2020,popolazione_inizio,1222988
082,Palermo,Sicilia,2021,popolazione_inizio,1208819
082,Palermo,Sicilia,2022,popolazione_inizio,1208991
082,Palermo,Sicilia,2023,popolazione_inizio,1204189
082,Palermo,Sicilia,2024,popolazione_inizio,1200253
082,Palermo,Sicilia,2019,variazioni_territoriali,0
082,Palermo,Sicilia,2020,variazioni_territoriali,0
082,Palermo,Sicilia,2021,variazioni_territoriali,0
082,Palermo,Sicilia,2022,variazioni_territoriali,0
082,Palermo,Sicilia,2023,variazioni_territoriali,0
082,Palermo,Sicilia,2024,variazioni_territoriali,0
083,Messina,Sicilia,2019,aggiustamento_statistico,39
083,Messina,Sicilia,2020,aggiustamento_statistico,-5596
083,Messina,Sicilia,2021,aggiustamento_statistico,2425
083,Messina,Sicilia,2022,aggiustamento_statistico,567
083,Messina,Sicilia,2023,aggiustamento_statistico,185
083,Messina,Sicilia,2024,aggiustamento_statistico,44
083,Messina,Sicilia,2019,emigrati_estero,1493
083,Messina,Sicilia,2020,emigrati_estero,1442
083,Messina,Sicilia,2021,emigrati_estero,1271
083,Messina,Sicilia,2022,emigrati_estero,1224
083,Messina,Sicilia,2023,emigrati_estero,1596
083,Messina,Sicilia,2024,emigrati_estero,1993
083,Messina,Sicilia,2019,emigrati_interni,11887
083,Messina,Sicilia,2020,emigrati_interni,10596
083,Messina,Sicilia,2021,emigrati_interni,10951
083,Messina,Sicilia,2022,emigrati_interni,12104
083,Messina,Sicilia,2023,emigrati_interni,12146
083,Messina,Sicilia,2024,emigrati_interni,11873
083,Messina,Sicilia,2019,immigrati_estero,2025
083,Messina,Sicilia,2020,immigrati_estero,1862
083,Messina,Sicilia,2021,immigrati_estero,3221
083,Messina,Sicilia,2022,immigrati_estero,4157
083,Messina,Sicilia,2023,immigrati_estero,5252
083,Messina,Sicilia,2024,immigrati_estero,5636
083,Messina,Sicilia,2019,immigrati_interni,9560
083,Messina,Sicilia,2020,immigrati_interni,9279
083,Messina,Sicilia,2021,immigrati_interni,9846
083,Messina,Sicilia,2022,immigrati_interni,10095
083,Messina,Sicilia,2023,immigrati_interni,10104
083,Messina,Sicilia,2024,immigrati_interni,9945
083,Messina,Sicilia,2019,morti,7311
083,Messina,Sicilia,2020,morti,7535
083,Messina,Sicilia,2021,morti,8158
083,Messina,Sicilia,2022,morti,8473
083,Messina,Sicilia,2023,morti,7751
083,Messina,Sicilia,2024,morti,7288
083,Messina,Sicilia,2019,nati,4241
083,Messina,Sicilia,2020,nati,4121
083,Messina,Sicilia,2021,nati,4137
083,Messina,Sicilia,2022,nati,3933
083,Messina,Sicilia,2023,nati,3843
083,Messina,Sicilia,2024,nati,3605
083,Messina,Sicilia,2019,popolazione_censita,613887
083,Messina,Sicilia,2020,popolazione_censita,603980
083,Messina,Sicilia,2021,popolazione_censita,603229
083,Messina,Sicilia,2022,popolazione_censita,600180
083,Messina,Sicilia,2023,popolazione_censita,598071
083,Messina,Sicilia,2024,popolazione_censita,596147
083,Messina,Sicilia,2019,popolazione_fine,613848
083,Messina,Sicilia,2020,popolazione_fine,609576
083,Messina,Sicilia,2021,popolazione_fine,600804
083,Messina,Sicilia,2022,popolazione_fine,599613
083,Messina,Sicilia,2023,popolazione_fine,597886
083,Messina,Sicilia,2024,popolazione_fine,596103
083,Messina,Sicilia,2019,popolazione_inizio,618713
083,Messina,Sicilia,2020,popolazione_inizio,613887
083,Messina,Sicilia,2021,popolazione_inizio,603980
083,Messina,Sicilia,2022,popolazione_inizio,603229
083,Messina,Sicilia,2023,popolazione_inizio,600180
083,Messina,Sicilia,2024,popolazione_inizio,598071
083,Messina,Sicilia,2019,variazioni_territoriali,0
083,Messina,Sicilia,2020,variazioni_territoriali,0
083,Messina,Sicilia,2021,variazioni_territoriali,0
083,Messina,Sicilia,2022,variazioni_territoriali,0
083,Messina,Sicilia,2023,variazioni_territoriali,0
083,Messina,Sicilia,2024,variazioni_territoriali,0
084,Agrigento,Sicilia,2019,aggiustamento_statistico,-504
084,Agrigento,Sicilia,2020,aggiustamento_statistico,-3955
084,Agrigento,Sicilia,2021,aggiustamento_statistico,2788
084,Agrigento,Sicilia,2022,aggiustamento_statistico,139
084,Agrigento,Sicilia,2023,aggiustamento_statistico,351
084,Agrigento,Sicilia,2024,aggiustamento_statistico,221
084,Agrigento,Sicilia,2019,emigrati_estero,1688
084,Agrigento,Sicilia,2020,emigrati_estero,1276
084,Agrigento,Sicilia,2021,emigrati_estero,1286
084,Agrigento,Sicilia,2022,emigrati_estero,1065
084,Agrigento,Sicilia,2023,emigrati_estero,1217
084,Agrigento,Sicilia,2024,emigrati_estero,1581
084,Agrigento,Sicilia,2019,emigrati_interni,6602
084,Agrigento,Sicilia,2020,emigrati_interni,6055
084,Agrigento,Sicilia,2021,emigrati_interni,5887
084,Agrigento,Sicilia,2022,emigrati_interni,6504
084,Agrigento,Sicilia,2023,emigrati_interni,6424
084,Agrigento,Sicilia,2024,emigrati_interni,6246
084,Agrigento,Sicilia,2019,immigrati_estero,1682
084,Agrigento,Sicilia,2020,immigrati_estero,1437
084,Agrigento,Sicilia,2021,immigrati_estero,1999
084,Agrigento,Sicilia,2022,immigrati_estero,2389
084,Agrigento,Sicilia,2023,immigrati_estero,2668
084,Agrigento,Sicilia,2024,immigrati_estero,2755
084,Agrigento,Sicilia,2019,immigrati_interni,4459
084,Agrigento,Sicilia,2020,immigrati_interni,4494
084,Agrigento,Sicilia,2021,immigrati_interni,4516
084,Agrigento,Sicilia,2022,immigrati_interni,4578
084,Agrigento,Sicilia,2023,immigrati_interni,4292
084,Agrigento,Sicilia,2024,immigrati_interni,4585
084,Agrigento,Sicilia,2019,morti,4922
084,Agrigento,Sicilia,2020,morti,4984
084,Agrigento,Sicilia,2021,morti,5402
084,Agrigento,Sicilia,2022,morti,5346
084,Agrigento,Sicilia,2023,morti,5303
084,Agrigento,Sicilia,2024,morti,4819
084,Agrigento,Sicilia,2019,nati,3060
084,Agrigento,Sicilia,2020,nati,3032
084,Agrigento,Sicilia,2021,nati,2978
084,Agrigento,Sicilia,2022,nati,3099
084,Agrigento,Sicilia,2023,nati,2964
084,Agrigento,Sicilia,2024,nati,2978
084,Agrigento,Sicilia,2019,popolazione_censita,423488
084,Agrigento,Sicilia,2020,popolazione_censita,416181
084,Agrigento,Sicilia,2021,popolazione_censita,415887
084,Agrigento,Sicilia,2022,popolazione_censita,413177
084,Agrigento,Sicilia,2023,popolazione_censita,410508
084,Agrigento,Sicilia,2024,popolazione_censita,408401
084,Agrigento,Sicilia,2019,popolazione_fine,423992
084,Agrigento,Sicilia,2020,popolazione_fine,420136
084,Agrigento,Sicilia,2021,popolazione_fine,413099
084,Agrigento,Sicilia,2022,popolazione_fine,413038
084,Agrigento,Sicilia,2023,popolazione_fine,410157
084,Agrigento,Sicilia,2024,popolazione_fine,408180
084,Agrigento,Sicilia,2019,popolazione_inizio,428003
084,Agrigento,Sicilia,2020,popolazione_inizio,423488
084,Agrigento,Sicilia,2021,popolazione_inizio,416181
084,Agrigento,Sicilia,2022,popolazione_inizio,415887
084,Agrigento,Sicilia,2023,popolazione_inizio,413177
084,Agrigento,Sicilia,2024,popolazione_inizio,410508
084,Agrigento,Sicilia,2019,variazioni_territoriali,0
084,Agrigento,Sicilia,2020,variazioni_territoriali,0
084,Agrigento,Sicilia,2021,variazioni_territoriali,0
084,Agrigento,Sicilia,2022,variazioni_territoriali,0
084,Agrigento,Sicilia,2023,variazioni_territoriali,0
084,Agrigento,Sicilia,2024,variazioni_territoriali,0
085,Caltanissetta,Sicilia,2019,aggiustamento_statistico,-256
085,Caltanissetta,Sicilia,2020,aggiustamento_statistico,253
085,Caltanissetta,Sicilia,2021,aggiustamento_statistico,658
085,Caltanissetta,Sicilia,2022,aggiustamento_statistico,307
085,Caltanissetta,Sicilia,2023,aggiustamento_statistico,222
085,Caltanissetta,Sicilia,2024,aggiustamento_statistico,456
085,Caltanissetta,Sicilia,2019,emigrati_estero,911
085,Caltanissetta,Sicilia,2020,emigrati_estero,654
085,Caltanissetta,Sicilia,2021,emigrati_estero,577
085,Caltanissetta,Sicilia,2022,emigrati_estero,570
085,Caltanissetta,Sicilia,2023,emigrati_estero,545
085,Caltanissetta,Sicilia,2024,emigrati_estero,782
085,Caltanissetta,Sicilia,2019,emigrati_interni,4442
085,Caltanissetta,Sicilia,2020,emigrati_interni,3740
085,Caltanissetta,Sicilia,2021,emigrati_interni,3731
085,Caltanissetta,Sicilia,2022,emigrati_interni,4249
085,Caltanissetta,Sicilia,2023,emigrati_interni,4074
085,Caltanissetta,Sicilia,2024,emigrati_interni,3676
085,Caltanissetta,Sicilia,2019,immigrati_estero,857
085,Caltanissetta,Sicilia,2020,immigrati_estero,733
085,Caltanissetta,Sicilia,2021,immigrati_estero,938
085,Caltanissetta,Sicilia,2022,immigrati_estero,1173
085,Caltanissetta,Sicilia,2023,immigrati_estero,991
085,Caltanissetta,Sicilia,2024,immigrati_estero,1028
085,Caltanissetta,Sicilia,2019,immigrati_interni,2248
085,Caltanissetta,Sicilia,2020,immigrati_interni,2272
085,Caltanissetta,Sicilia,2021,immigrati_interni,2224
085,Caltanissetta,Sicilia,2022,immigrati_interni,2489
085,Caltanissetta,Sicilia,2023,immigrati_interni,2327
085,Caltanissetta,Sicilia,2024,immigrati_interni,2434
085,Caltanissetta,Sicilia,2019,morti,2969
085,Caltanissetta,Sicilia,2020,morti,2930
085,Caltanissetta,Sicilia,2021,morti,3286
085,Caltanissetta,Sicilia,2022,morti,3195
085,Caltanissetta,Sicilia,2023,morti,2983
085,Caltanissetta,Sicilia,2024,morti,2797
085,Caltanissetta,Sicilia,2019,nati,1818
085,Caltanissetta,Sicilia,2020,nati,1823
085,Caltanissetta,Sicilia,2021,nati,1801
085,Caltanissetta,Sicilia,2022,nati,1761
085,Caltanissetta,Sicilia,2023,nati,1749
085,Caltanissetta,Sicilia,2024,nati,1640
085,Caltanissetta,Sicilia,2019,popolazione_censita,255931
085,Caltanissetta,Sicilia,2020,popolazione_censita,253688
085,Caltanissetta,Sicilia,2021,popolazione_censita,251715
085,Caltanissetta,Sicilia,2022,popolazione_censita,249431
085,Caltanissetta,Sicilia,2023,popolazione_censita,247118
085,Caltanissetta,Sicilia,2024,popolazione_censita,245421
085,Caltanissetta,Sicilia,2019,popolazione_fine,256187
085,Caltanissetta,Sicilia,2020,popolazione_fine,253435
085,Caltanissetta,Sicilia,2021,popolazione_fine,251057
085,Caltanissetta,Sicilia,2022,popolazione_fine,249124
085,Caltanissetta,Sicilia,2023,popolazione_fine,246896
085,Caltanissetta,Sicilia,2024,popolazione_fine,244965
085,Caltanissetta,Sicilia,2019,popolazione_inizio,259586
085,Caltanissetta,Sicilia,2020,popolazione_inizio,255931
085,Caltanissetta,Sicilia,2021,popolazione_inizio,253688
085,Caltanissetta,Sicilia,2022,popolazione_inizio,251715
085,Caltanissetta,Sicilia,2023,popolazione_inizio,249431
085,Caltanissetta,Sicilia,2024,popolazione_inizio,247118
085,Caltanissetta,Sicilia,2019,variazioni_territoriali,0
085,Caltanissetta,Sicilia,2020,variazioni_territoriali,0
085,Caltanissetta,Sicilia,2021,variazioni_territoriali,0
085,Caltanissetta,Sicilia,2022,variazioni_territoriali,0
085,Caltanissetta,Sicilia,2023,variazioni_territoriali,0
085,Caltanissetta,Sicilia,2024,variazioni_territoriali,0
086,Enna,Sicilia,2019,aggiustamento_statistico,-227
086,Enna,Sicilia,2020,aggiustamento_statistico,-597
086,Enna,Sicilia,2021,aggiustamento_statistico,460
086,Enna,Sicilia,2022,aggiustamento_statistico,-38
086,Enna,Sicilia,2023,aggiustamento_statistico,-23
086,Enna,Sicilia,2024,aggiustamento_statistico,84
086,Enna,Sicilia,2019,emigrati_estero,586
086,Enna,Sicilia,2020,emigrati_estero,500
086,Enna,Sicilia,2021,emigrati_estero,426
086,Enna,Sicilia,2022,emigrati_estero,423
086,Enna,Sicilia,2023,emigrati_estero,377
086,Enna,Sicilia,2024,emigrati_estero,609
086,Enna,Sicilia,2019,emigrati_interni,2600
086,Enna,Sicilia,2020,emigrati_interni,2368
086,Enna,Sicilia,2021,emigrati_interni,2448
086,Enna,Sicilia,2022,emigrati_interni,2654
086,Enna,Sicilia,2023,emigrati_interni,2701
086,Enna,Sicilia,2024,emigrati_interni,2469
086,Enna,Sicilia,2019,immigrati_estero,489
086,Enna,Sicilia,2020,immigrati_estero,456
086,Enna,Sicilia,2021,immigrati_estero,733
086,Enna,Sicilia,2022,immigrati_estero,820
086,Enna,Sicilia,2023,immigrati_estero,986
086,Enna,Sicilia,2024,immigrati_estero,985
086,Enna,Sicilia,2019,immigrati_interni,1504
086,Enna,Sicilia,2020,immigrati_interni,1604
086,Enna,Sicilia,2021,immigrati_interni,1789
086,Enna,Sicilia,2022,immigrati_interni,1721
086,Enna,Sicilia,2023,immigrati_interni,1760
086,Enna,Sicilia,2024,immigrati_interni,1842
086,Enna,Sicilia,2019,morti,1862
086,Enna,Sicilia,2020,morti,2077
086,Enna,Sicilia,2021,morti,2110
086,Enna,Sicilia,2022,morti,2236
086,Enna,Sicilia,2023,morti,2052
086,Enna,Sicilia,2024,morti,1783
086,Enna,Sicilia,2019,nati,1072
086,Enna,Sicilia,2020,nati,1011
086,Enna,Sicilia,2021,nati,1042
086,Enna,Sicilia,2022,nati,1020
086,Enna,Sicilia,2023,nati,1023
086,Enna,Sicilia,2024,nati,938
086,Enna,Sicilia,2019,popolazione_censita,160161
086,Enna,Sicilia,2020,popolazione_censita,157690
086,Enna,Sicilia,2021,popolazione_censita,156730
086,Enna,Sicilia,2022,popolazione_censita,154940
086,Enna,Sicilia,2023,popolazione_censita,153556
086,Enna,Sicilia,2024,popolazione_censita,152544
086,Enna,Sicilia,2019,popolazione_fine,160388
086,Enna,Sicilia,2020,popolazione_fine,158287
086,Enna,Sicilia,2021,popolazione_fine,156270
086,Enna,Sicilia,2022,popolazione_fine,154978
086,Enna,Sicilia,2023,popolazione_fine,153579
086,Enna,Sicilia,2024,popolazione_fine,152460
086,Enna,Sicilia,2019,popolazione_inizio,162371
086,Enna,Sicilia,2020,popolazione_inizio,160161
086,Enna,Sicilia,2021,popolazione_inizio,157690
086,Enna,Sicilia,2022,popolazione_inizio,156730
086,Enna,Sicilia,2023,popolazione_inizio,154940
086,Enna,Sicilia,2024,popolazione_inizio,153556
086,Enna,Sicilia,2019,variazioni_territoriali,0
086,Enna,Sicilia,2020,variazioni_territoriali,0
086,Enna,Sicilia,2021,variazioni_territoriali,0
086,Enna,Sicilia,2022,variazioni_territoriali,0
086,Enna,Sicilia,2023,variazioni_territoriali,0
086,Enna,Sicilia,2024,variazioni_territoriali,0
087,Catania,Sicilia,2019,aggiustamento_statistico,-833
087,Catania,Sicilia,2020,aggiustamento_statistico,5531
087,Catania,Sicilia,2021,aggiustamento_statistico,7431
087,Catania,Sicilia,2022,aggiustamento_statistico,1278
087,Catania,Sicilia,2023,aggiustamento_statistico,1274
087,Catania,Sicilia,2024,aggiustamento_statistico,1807
087,Catania,Sicilia,2019,emigrati_estero,3287
087,Catania,Sicilia,2020,emigrati_estero,2531
087,Catania,Sicilia,2021,emigrati_estero,2515
087,Catania,Sicilia,2022,emigrati_estero,2115
087,Catania,Sicilia,2023,emigrati_estero,1945
087,Catania,Sicilia,2024,emigrati_estero,3155
087,Catania,Sicilia,2019,emigrati_interni,28159
087,Catania,Sicilia,2020,emigrati_interni,26361
087,Catania,Sicilia,2021,emigrati_interni,26360
087,Catania,Sicilia,2022,emigrati_interni,28343
087,Catania,Sicilia,2023,emigrati_interni,27359
087,Catania,Sicilia,2024,emigrati_interni,26160
087,Catania,Sicilia,2019,immigrati_estero,3723
087,Catania,Sicilia,2020,immigrati_estero,2960
087,Catania,Sicilia,2021,immigrati_estero,3617
087,Catania,Sicilia,2022,immigrati_estero,4053
087,Catania,Sicilia,2023,immigrati_estero,3985
087,Catania,Sicilia,2024,immigrati_estero,4345
087,Catania,Sicilia,2019,immigrati_interni,25253
087,Catania,Sicilia,2020,immigrati_interni,24277
087,Catania,Sicilia,2021,immigrati_interni,24354
087,Catania,Sicilia,2022,immigrati_interni,25347
087,Catania,Sicilia,2023,immigrati_interni,24664
087,Catania,Sicilia,2024,immigrati_interni,24137
087,Catania,Sicilia,2019,morti,10614
087,Catania,Sicilia,2020,morti,11414
087,Catania,Sicilia,2021,morti,12019
087,Catania,Sicilia,2022,morti,12139
087,Catania,Sicilia,2023,morti,11694
087,Catania,Sicilia,2024,morti,10725
087,Catania,Sicilia,2019,nati,9281
087,Catania,Sicilia,2020,nati,8993
087,Catania,Sicilia,2021,nati,8918
087,Catania,Sicilia,2022,nati,8838
087,Catania,Sicilia,2023,nati,8454
087,Catania,Sicilia,2024,nati,8107
087,Catania,Sicilia,2019,popolazione_censita,1072634
087,Catania,Sicilia,2020,popolazione_censita,1074089
087,Catania,Sicilia,2021,popolazione_censita,1077515
087,Catania,Sicilia,2022,popolazione_censita,1074434
087,Catania,Sicilia,2023,popolazione_censita,1071813
087,Catania,Sicilia,2024,popolazione_censita,1070169
087,Catania,Sicilia,2019,popolazione_fine,1073467
087,Catania,Sicilia,2020,popolazione_fine,1068558
087,Catania,Sicilia,2021,popolazione_fine,1070084
087,Catania,Sicilia,2022,popolazione_fine,1073156
087,Catania,Sicilia,2023,popolazione_fine,1070539
087,Catania,Sicilia,2024,popolazione_fine,1068362
087,Catania,Sicilia,2019,popolazione_inizio,1077270
087,Catania,Sicilia,2020,popolazione_inizio,1072634
087,Catania,Sicilia,2021,popolazione_inizio,1074089
087,Catania,Sicilia,2022,popolazione_inizio,1077515
087,Catania,Sicilia,2023,popolazione_inizio,1074434
087,Catania,Sicilia,2024,popolazione_inizio,1071813
087,Catania,Sicilia,2019,variazioni_territoriali,0
087,Catania,Sicilia,2020,variazioni_territoriali,0
087,Catania,Sicilia,2021,variazioni_territoriali,0
087,Catania,Sicilia,2022,variazioni_territoriali,0
087,Catania,Sicilia,2023,variazioni_territoriali,0
087,Catania,Sicilia,2024,variazioni_territoriali,0
088,Ragusa,Sicilia,2019,aggiustamento_statistico,-31
088,Ragusa,Sicilia,2020,aggiustamento_statistico,-374
088,Ragusa,Sicilia,2021,aggiustamento_statistico,549
088,Ragusa,Sicilia,2022,aggiustamento_statistico,355
088,Ragusa,Sicilia,2023,aggiustamento_statistico,44
088,Ragusa,Sicilia,2024,aggiustamento_statistico,14
088,Ragusa,Sicilia,2019,emigrati_estero,969
088,Ragusa,Sicilia,2020,emigrati_estero,913
088,Ragusa,Sicilia,2021,emigrati_estero,871
088,Ragusa,Sicilia,2022,emigrati_estero,811
088,Ragusa,Sicilia,2023,emigrati_estero,958
088,Ragusa,Sicilia,2024,emigrati_estero,1235
088,Ragusa,Sicilia,2019,emigrati_interni,5087
088,Ragusa,Sicilia,2020,emigrati_interni,4378
088,Ragusa,Sicilia,2021,emigrati_interni,4706
088,Ragusa,Sicilia,2022,emigrati_interni,5399
088,Ragusa,Sicilia,2023,emigrati_interni,5547
088,Ragusa,Sicilia,2024,emigrati_interni,5484
088,Ragusa,Sicilia,2019,immigrati_estero,2371
088,Ragusa,Sicilia,2020,immigrati_estero,1952
088,Ragusa,Sicilia,2021,immigrati_estero,2679
088,Ragusa,Sicilia,2022,immigrati_estero,3768
088,Ragusa,Sicilia,2023,immigrati_estero,4277
088,Ragusa,Sicilia,2024,immigrati_estero,4738
088,Ragusa,Sicilia,2019,immigrati_interni,4296
088,Ragusa,Sicilia,2020,immigrati_interni,3824
088,Ragusa,Sicilia,2021,immigrati_interni,4321
088,Ragusa,Sicilia,2022,immigrati_interni,4591
088,Ragusa,Sicilia,2023,immigrati_interni,4500
088,Ragusa,Sicilia,2024,immigrati_interni,4668
088,Ragusa,Sicilia,2019,morti,3161
088,Ragusa,Sicilia,2020,morti,3389
088,Ragusa,Sicilia,2021,morti,3421
088,Ragusa,Sicilia,2022,morti,3486
088,Ragusa,Sicilia,2023,morti,3384
088,Ragusa,Sicilia,2024,morti,3078
088,Ragusa,Sicilia,2019,nati,2618
088,Ragusa,Sicilia,2020,nati,2587
088,Ragusa,Sicilia,2021,nati,2681
088,Ragusa,Sicilia,2022,nati,2633
088,Ragusa,Sicilia,2023,nati,2511
088,Ragusa,Sicilia,2024,nati,2441
088,Ragusa,Sicilia,2019,popolazione_censita,315601
088,Ragusa,Sicilia,2020,popolazione_censita,314910
088,Ragusa,Sicilia,2021,popolazione_censita,316142
088,Ragusa,Sicilia,2022,popolazione_censita,317793
088,Ragusa,Sicilia,2023,popolazione_censita,319236
088,Ragusa,Sicilia,2024,popolazione_censita,321300
088,Ragusa,Sicilia,2019,popolazione_fine,315632
088,Ragusa,Sicilia,2020,popolazione_fine,315284
088,Ragusa,Sicilia,2021,popolazione_fine,315593
088,Ragusa,Sicilia,2022,popolazione_fine,317438
088,Ragusa,Sicilia,2023,popolazione_fine,319192
088,Ragusa,Sicilia,2024,popolazione_fine,321286
088,Ragusa,Sicilia,2019,popolazione_inizio,315564
088,Ragusa,Sicilia,2020,popolazione_inizio,315601
088,Ragusa,Sicilia,2021,popolazione_inizio,314910
088,Ragusa,Sicilia,2022,popolazione_inizio,316142
088,Ragusa,Sicilia,2023,popolazione_inizio,317793
088,Ragusa,Sicilia,2024,popolazione_inizio,319236
088,Ragusa,Sicilia,2019,variazioni_territoriali,0
088,Ragusa,Sicilia,2020,variazioni_territoriali,0
088,Ragusa,Sicilia,2021,variazioni_territoriali,0
088,Ragusa,Sicilia,2022,variazioni_territoriali,0
088,Ragusa,Sicilia,2023,variazioni_territoriali,0
088,Ragusa,Sicilia,2024,variazioni_territoriali,0
089,Siracusa,Sicilia,2019,aggiustamento_statistico,12
089,Siracusa,Sicilia,2020,aggiustamento_statistico,-1251
089,Siracusa,Sicilia,2021,aggiustamento_statistico,1523
089,Siracusa,Sicilia,2022,aggiustamento_statistico,476
089,Siracusa,Sicilia,2023,aggiustamento_statistico,383
089,Siracusa,Sicilia,2024,aggiustamento_statistico,464
089,Siracusa,Sicilia,2019,emigrati_estero,1198
089,Siracusa,Sicilia,2020,emigrati_estero,846
089,Siracusa,Sicilia,2021,emigrati_estero,800
089,Siracusa,Sicilia,2022,emigrati_estero,881
089,Siracusa,Sicilia,2023,emigrati_estero,948
089,Siracusa,Sicilia,2024,emigrati_estero,1337
089,Siracusa,Sicilia,2019,emigrati_interni,7019
089,Siracusa,Sicilia,2020,emigrati_interni,6291
089,Siracusa,Sicilia,2021,emigrati_interni,6444
089,Siracusa,Sicilia,2022,emigrati_interni,6890
089,Siracusa,Sicilia,2023,emigrati_interni,6589
089,Siracusa,Sicilia,2024,emigrati_interni,6438
089,Siracusa,Sicilia,2019,immigrati_estero,1563
089,Siracusa,Sicilia,2020,immigrati_estero,1189
089,Siracusa,Sicilia,2021,immigrati_estero,1772
089,Siracusa,Sicilia,2022,immigrati_estero,2302
089,Siracusa,Sicilia,2023,immigrati_estero,2324
089,Siracusa,Sicilia,2024,immigrati_estero,3001
089,Siracusa,Sicilia,2019,immigrati_interni,5844
089,Siracusa,Sicilia,2020,immigrati_interni,5567
089,Siracusa,Sicilia,2021,immigrati_interni,5766
089,Siracusa,Sicilia,2022,immigrati_interni,6075
089,Siracusa,Sicilia,2023,immigrati_interni,5689
089,Siracusa,Sicilia,2024,immigrati_interni,5702
089,Siracusa,Sicilia,2019,morti,4246
089,Siracusa,Sicilia,2020,morti,4531
089,Siracusa,Sicilia,2021,morti,4923
089,Siracusa,Sicilia,2022,morti,4917
089,Siracusa,Sicilia,2023,morti,4485
089,Siracusa,Sicilia,2024,morti,4431
089,Siracusa,Sicilia,2019,nati,2988
089,Siracusa,Sicilia,2020,nati,2890
089,Siracusa,Sicilia,2021,nati,2935
089,Siracusa,Sicilia,2022,nati,2801
089,Siracusa,Sicilia,2023,nati,2618
089,Siracusa,Sicilia,2024,nati,2458
089,Siracusa,Sicilia,2019,popolazione_censita,389344
089,Siracusa,Sicilia,2020,popolazione_censita,386071
089,Siracusa,Sicilia,2021,popolazione_censita,385900
089,Siracusa,Sicilia,2022,popolazione_censita,384866
089,Siracusa,Sicilia,2023,popolazione_censita,383858
089,Siracusa,Sicilia,2024,popolazione_censita,383277
089,Siracusa,Sicilia,2019,popolazione_fine,389332
089,Siracusa,Sicilia,2020,popolazione_fine,387322
089,Siracusa,Sicilia,2021,popolazione_fine,384377
089,Siracusa,Sicilia,2022,popolazione_fine,384390
089,Siracusa,Sicilia,2023,popolazione_fine,383475
089,Siracusa,Sicilia,2024,popolazione_fine,382813
089,Siracusa,Sicilia,2019,popolazione_inizio,391400
089,Siracusa,Sicilia,2020,popolazione_inizio,389344
089,Siracusa,Sicilia,2021,popolazione_inizio,386071
089,Siracusa,Sicilia,2022,popolazione_inizio,385900
089,Siracusa,Sicilia,2023,popolazione_inizio,384866
089,Siracusa,Sicilia,2024,popolazione_inizio,383858
089,Siracusa,Sicilia,2019,variazioni_territoriali,0
089,Siracusa,Sicilia,2020,variazioni_territoriali,0
089,Siracusa,Sicilia,2021,variazioni_territoriali,0
089,Siracusa,Sicilia,2022,variazioni_territoriali,0
089,Siracusa,Sicilia,2023,variazioni_territoriali,0
089,Siracusa,Sicilia,2024,variazioni_territoriali,0
090,Sassari,Sardegna,2019,aggiustamento_statistico,-171
090,Sassari,Sardegna,2020,aggiustamento_statistico,-5218
090,Sassari,Sardegna,2021,aggiustamento_statistico,1960
090,Sassari,Sardegna,2022,aggiustamento_statistico,755
090,Sassari,Sardegna,2023,aggiustamento_statistico,374
090,Sassari,Sardegna,2024,aggiustamento_statistico,270
090,Sassari,Sardegna,2019,emigrati_estero,1427
090,Sassari,Sardegna,2020,emigrati_estero,1071
090,Sassari,Sardegna,2021,emigrati_estero,901
090,Sassari,Sardegna,2022,emigrati_estero,1072
090,Sassari,Sardegna,2023,emigrati_estero,1048
090,Sassari,Sardegna,2024,emigrati_estero,1556
090,Sassari,Sardegna,2019,emigrati_interni,8488
090,Sassari,Sardegna,2020,emigrati_interni,7430
090,Sassari,Sardegna,2021,emigrati_interni,8255
090,Sassari,Sardegna,2022,emigrati_interni,8667
090,Sassari,Sardegna,2023,emigrati_interni,8428
090,Sassari,Sardegna,2024,emigrati_interni,8198
090,Sassari,Sardegna,2019,immigrati_estero,1429
090,Sassari,Sardegna,2020,immigrati_estero,1165
090,Sassari,Sardegna,2021,immigrati_estero,1612
090,Sassari,Sardegna,2022,immigrati_estero,2023
090,Sassari,Sardegna,2023,immigrati_estero,2447
090,Sassari,Sardegna,2024,immigrati_estero,2627
090,Sassari,Sardegna,2019,immigrati_interni,8447
090,Sassari,Sardegna,2020,immigrati_interni,7512
090,Sassari,Sardegna,2021,immigrati_interni,8470
090,Sassari,Sardegna,2022,immigrati_interni,8660
090,Sassari,Sardegna,2023,immigrati_interni,8469
090,Sassari,Sardegna,2024,immigrati_interni,8434
090,Sassari,Sardegna,2019,morti,4925
090,Sassari,Sardegna,2020,morti,5590
090,Sassari,Sardegna,2021,morti,5321
090,Sassari,Sardegna,2022,morti,5978
090,Sassari,Sardegna,2023,morti,5377
090,Sassari,Sardegna,2024,morti,5368
090,Sassari,Sardegna,2019,nati,2853
090,Sassari,Sardegna,2020,nati,2582
090,Sassari,Sardegna,2021,nati,2594
090,Sassari,Sardegna,2022,nati,2502
090,Sassari,Sardegna,2023,nati,2317
090,Sassari,Sardegna,2024,nati,2255
090,Sassari,Sardegna,2019,popolazione_censita,484407
090,Sassari,Sardegna,2020,popolazione_censita,476357
090,Sassari,Sardegna,2021,popolazione_censita,476516
090,Sassari,Sardegna,2022,popolazione_censita,474739
090,Sassari,Sardegna,2023,popolazione_censita,473493
090,Sassari,Sardegna,2024,popolazione_censita,471957
090,Sassari,Sardegna,2019,popolazione_fine,484578
090,Sassari,Sardegna,2020,popolazione_fine,481575
090,Sassari,Sardegna,2021,popolazione_fine,474556
090,Sassari,Sardegna,2022,popolazione_fine,473984
090,Sassari,Sardegna,2023,popolazione_fine,473119
090,Sassari,Sardegna,2024,popolazione_fine,471687
090,Sassari,Sardegna,2019,popolazione_inizio,486689
090,Sassari,Sardegna,2020,popolazione_inizio,484407
090,Sassari,Sardegna,2021,popolazione_inizio,476357
090,Sassari,Sardegna,2022,popolazione_inizio,476516
090,Sassari,Sardegna,2023,popolazione_inizio,474739
090,Sassari,Sardegna,2024,popolazione_inizio,473493
090,Sassari,Sardegna,2019,variazioni_territoriali,0
090,Sassari,Sardegna,2020,variazioni_territoriali,0
090,Sassari,Sardegna,2021,variazioni_territoriali,0
090,Sassari,Sardegna,2022,variazioni_territoriali,0
090,Sassari,Sardegna,2023,variazioni_territoriali,0
090,Sassari,Sardegna,2024,variazioni_territoriali,0
091,Nuoro,Sardegna,2019,aggiustamento_statistico,-114
091,Nuoro,Sardegna,2020,aggiustamento_statistico,-1726
091,Nuoro,Sardegna,2021,aggiustamento_statistico,915
091,Nuoro,Sardegna,2022,aggiustamento_statistico,219
091,Nuoro,Sardegna,2023,aggiustamento_statistico,97
091,Nuoro,Sardegna,2024,aggiustamento_statistico,34
091,Nuoro,Sardegna,2019,emigrati_estero,458
091,Nuoro,Sardegna,2020,emigrati_estero,350
091,Nuoro,Sardegna,2021,emigrati_estero,440
091,Nuoro,Sardegna,2022,emigrati_estero,362
091,Nuoro,Sardegna,2023,emigrati_estero,390
091,Nuoro,Sardegna,2024,emigrati_estero,508
091,Nuoro,Sardegna,2019,emigrati_interni,3470
091,Nuoro,Sardegna,2020,emigrati_interni,3131
091,Nuoro,Sardegna,2021,emigrati_interni,3340
091,Nuoro,Sardegna,2022,emigrati_interni,3643
091,Nuoro,Sardegna,2023,emigrati_interni,3503
091,Nuoro,Sardegna,2024,emigrati_interni,3462
091,Nuoro,Sardegna,2019,immigrati_estero,465
091,Nuoro,Sardegna,2020,immigrati_estero,401
091,Nuoro,Sardegna,2021,immigrati_estero,562
091,Nuoro,Sardegna,2022,immigrati_estero,574
091,Nuoro,Sardegna,2023,immigrati_estero,852
091,Nuoro,Sardegna,2024,immigrati_estero,909
091,Nuoro,Sardegna,2019,immigrati_interni,2765
091,Nuoro,Sardegna,2020,immigrati_interni,2578
091,Nuoro,Sardegna,2021,immigrati_interni,2666
091,Nuoro,Sardegna,2022,immigrati_interni,3139
091,Nuoro,Sardegna,2023,immigrati_interni,2986
091,Nuoro,Sardegna,2024,immigrati_interni,2803
091,Nuoro,Sardegna,2019,morti,2294
091,Nuoro,Sardegna,2020,morti,2555
091,Nuoro,Sardegna,2021,morti,2612
091,Nuoro,Sardegna,2022,morti,2786
091,Nuoro,Sardegna,2023,morti,2445
091,Nuoro,Sardegna,2024,morti,2476
091,Nuoro,Sardegna,2019,nati,1203
091,Nuoro,Sardegna,2020,nati,1095
091,Nuoro,Sardegna,2021,nati,1108
091,Nuoro,Sardegna,2022,nati,1003
091,Nuoro,Sardegna,2023,nati,973
091,Nuoro,Sardegna,2024,nati,941
091,Nuoro,Sardegna,2019,popolazione_censita,205205
091,Nuoro,Sardegna,2020,popolazione_censita,201517
091,Nuoro,Sardegna,2021,popolazione_censita,200376
091,Nuoro,Sardegna,2022,popolazione_censita,198520
091,Nuoro,Sardegna,2023,popolazione_censita,197090
091,Nuoro,Sardegna,2024,popolazione_censita,195331
091,Nuoro,Sardegna,2019,popolazione_fine,205319
091,Nuoro,Sardegna,2020,popolazione_fine,203243
091,Nuoro,Sardegna,2021,popolazione_fine,199461
091,Nuoro,Sardegna,2022,popolazione_fine,198301
091,Nuoro,Sardegna,2023,popolazione_fine,196993
091,Nuoro,Sardegna,2024,popolazione_fine,195297
091,Nuoro,Sardegna,2019,popolazione_inizio,207108
091,Nuoro,Sardegna,2020,popolazione_inizio,205205
091,Nuoro,Sardegna,2021,popolazione_inizio,201517
091,Nuoro,Sardegna,2022,popolazione_inizio,200376
091,Nuoro,Sardegna,2023,popolazione_inizio,198520
091,Nuoro,Sardegna,2024,popolazione_inizio,197090
091,Nuoro,Sardegna,2019,variazioni_territoriali,0
091,Nuoro,Sardegna,2020,variazioni_territoriali,0
091,Nuoro,Sardegna,2021,variazioni_territoriali,0
091,Nuoro,Sardegna,2022,variazioni_territoriali,0
091,Nuoro,Sardegna,2023,variazioni_territoriali,0
091,Nuoro,Sardegna,2024,variazioni_territoriali,0
092,Cagliari,Sardegna,2019,aggiustamento_statistico,-772
092,Cagliari,Sardegna,2020,aggiustamento_statistico,269
092,Cagliari,Sardegna,2021,aggiustamento_statistico,1047
092,Cagliari,Sardegna,2022,aggiustamento_statistico,194
092,Cagliari,Sardegna,2023,aggiustamento_statistico,351
092,Cagliari,Sardegna,2024,aggiustamento_statistico,430
092,Cagliari,Sardegna,2019,emigrati_estero,741
092,Cagliari,Sardegna,2020,emigrati_estero,1098
092,Cagliari,Sardegna,2021,emigrati_estero,924
092,Cagliari,Sardegna,2022,emigrati_estero,982
092,Cagliari,Sardegna,2023,emigrati_estero,1100
092,Cagliari,Sardegna,2024,emigrati_estero,1464
092,Cagliari,Sardegna,2019,emigrati_interni,11392
092,Cagliari,Sardegna,2020,emigrati_interni,10337
092,Cagliari,Sardegna,2021,emigrati_interni,10856
092,Cagliari,Sardegna,2022,emigrati_interni,11188
092,Cagliari,Sardegna,2023,emigrati_interni,10822
092,Cagliari,Sardegna,2024,emigrati_interni,10104
092,Cagliari,Sardegna,2019,immigrati_estero,1440
092,Cagliari,Sardegna,2020,immigrati_estero,1208
092,Cagliari,Sardegna,2021,immigrati_estero,1594
092,Cagliari,Sardegna,2022,immigrati_estero,1873
092,Cagliari,Sardegna,2023,immigrati_estero,1765
092,Cagliari,Sardegna,2024,immigrati_estero,1847
092,Cagliari,Sardegna,2019,immigrati_interni,11789
092,Cagliari,Sardegna,2020,immigrati_interni,10673
092,Cagliari,Sardegna,2021,immigrati_interni,11285
092,Cagliari,Sardegna,2022,immigrati_interni,11555
092,Cagliari,Sardegna,2023,immigrati_interni,10957
092,Cagliari,Sardegna,2024,immigrati_interni,10331
092,Cagliari,Sardegna,2019,morti,3918
092,Cagliari,Sardegna,2020,morti,4218
092,Cagliari,Sardegna,2021,morti,4086
092,Cagliari,Sardegna,2022,morti,4827
092,Cagliari,Sardegna,2023,morti,4426
092,Cagliari,Sardegna,2024,morti,4289
092,Cagliari,Sardegna,2019,nati,2329
092,Cagliari,Sardegna,2020,nati,2151
092,Cagliari,Sardegna,2021,nati,2140
092,Cagliari,Sardegna,2022,nati,2051
092,Cagliari,Sardegna,2023,nati,1873
092,Cagliari,Sardegna,2024,nati,1819
092,Cagliari,Sardegna,2019,popolazione_censita,422840
092,Cagliari,Sardegna,2020,popolazione_censita,421488
092,Cagliari,Sardegna,2021,popolazione_censita,421688
092,Cagliari,Sardegna,2022,popolazione_censita,420364
092,Cagliari,Sardegna,2023,popolazione_censita,418962
092,Cagliari,Sardegna,2024,popolazione_censita,417532
092,Cagliari,Sardegna,2019,popolazione_fine,423612
092,Cagliari,Sardegna,2020,popolazione_fine,421219
092,Cagliari,Sardegna,2021,popolazione_fine,420641
092,Cagliari,Sardegna,2022,popolazione_fine,420170
092,Cagliari,Sardegna,2023,popolazione_fine,418611
092,Cagliari,Sardegna,2024,popolazione_fine,417102
092,Cagliari,Sardegna,2019,popolazione_inizio,424105
092,Cagliari,Sardegna,2020,popolazione_inizio,422840
092,Cagliari,Sardegna,2021,popolazione_inizio,421488
092,Cagliari,Sardegna,2022,popolazione_inizio,421688
092,Cagliari,Sardegna,2023,popolazione_inizio,420364
092,Cagliari,Sardegna,2024,popolazione_inizio,418962
092,Cagliari,Sardegna,2019,variazioni_territoriali,0
092,Cagliari,Sardegna,2020,variazioni_territoriali,0
092,Cagliari,Sardegna,2021,variazioni_territoriali,0
092,Cagliari,Sardegna,2022,variazioni_territoriali,0
092,Cagliari,Sardegna,2023,variazioni_territoriali,0
092,Cagliari,Sardegna,2024,variazioni_territoriali,0
093,Pordenone,Friuli-Venezia Giulia,2019,aggiustamento_statistico,-638
093,Pordenone,Friuli-Venezia Giulia,2020,aggiustamento_statistico,857
093,Pordenone,Friuli-Venezia Giulia,2021,aggiustamento_statistico,-1524
093,Pordenone,Friuli-Venezia Giulia,2022,aggiustamento_statistico,-156
093,Pordenone,Friuli-Venezia Giulia,2023,aggiustamento_statistico,-267
093,Pordenone,Friuli-Venezia Giulia,2024,aggiustamento_statistico,-189
093,Pordenone,Friuli-Venezia Giulia,2019,emigrati_estero,1365
093,Pordenone,Friuli-Venezia Giulia,2020,emigrati_estero,1247
093,Pordenone,Friuli-Venezia Giulia,2021,emigrati_estero,1020
093,Pordenone,Friuli-Venezia Giulia,2022,emigrati_estero,996
093,Pordenone,Friuli-Venezia Giulia,2023,emigrati_estero,1114
093,Pordenone,Friuli-Venezia Giulia,2024,emigrati_estero,1296
093,Pordenone,Friuli-Venezia Giulia,2019,emigrati_interni,9308
093,Pordenone,Friuli-Venezia Giulia,2020,emigrati_interni,8653
093,Pordenone,Friuli-Venezia Giulia,2021,emigrati_interni,9082
093,Pordenone,Friuli-Venezia Giulia,2022,emigrati_interni,9154
093,Pordenone,Friuli-Venezia Giulia,2023,emigrati_interni,8715
093,Pordenone,Friuli-Venezia Giulia,2024,emigrati_interni,8508
093,Pordenone,Friuli-Venezia Giulia,2019,immigrati_estero,2049
093,Pordenone,Friuli-Venezia Giulia,2020,immigrati_estero,1617
093,Pordenone,Friuli-Venezia Giulia,2021,immigrati_estero,2206
093,Pordenone,Friuli-Venezia Giulia,2022,immigrati_estero,2716
093,Pordenone,Friuli-Venezia Giulia,2023,immigrati_estero,2812
093,Pordenone,Friuli-Venezia Giulia,2024,immigrati_estero,2604
093,Pordenone,Friuli-Venezia Giulia,2019,immigrati_interni,10033
093,Pordenone,Friuli-Venezia Giulia,2020,immigrati_interni,9184
093,Pordenone,Friuli-Venezia Giulia,2021,immigrati_interni,9800
093,Pordenone,Friuli-Venezia Giulia,2022,immigrati_interni,9803
093,Pordenone,Friuli-Venezia Giulia,2023,immigrati_interni,9272
093,Pordenone,Friuli-Venezia Giulia,2024,immigrati_interni,8831
093,Pordenone,Friuli-Venezia Giulia,2019,morti,3097
093,Pordenone,Friuli-Venezia Giulia,2020,morti,3707
093,Pordenone,Friuli-Venezia Giulia,2021,morti,3662
093,Pordenone,Friuli-Venezia Giulia,2022,morti,3581
093,Pordenone,Friuli-Venezia Giulia,2023,morti,3340
093,Pordenone,Friuli-Venezia Giulia,2024,morti,3333
093,Pordenone,Friuli-Venezia Giulia,2019,nati,2192
093,Pordenone,Friuli-Venezia Giulia,2020,nati,2081
093,Pordenone,Friuli-Venezia Giulia,2021,nati,2121
093,Pordenone,Friuli-Venezia Giulia,2022,nati,2028
093,Pordenone,Friuli-Venezia Giulia,2023,nati,1982
093,Pordenone,Friuli-Venezia Giulia,2024,nati,1870
093,Pordenone,Friuli-Venezia Giulia,2019,popolazione_censita,310502
093,Pordenone,Friuli-Venezia Giulia,2020,popolazione_censita,310634
093,Pordenone,Friuli-Venezia Giulia,2021,popolazione_censita,309473
093,Pordenone,Friuli-Venezia Giulia,2022,popolazione_censita,310133
093,Pordenone,Friuli-Venezia Giulia,2023,popolazione_censita,310763
093,Pordenone,Friuli-Venezia Giulia,2024,popolazione_censita,310742
093,Pordenone,Friuli-Venezia Giulia,2019,popolazione_fine,311140
093,Pordenone,Friuli-Venezia Giulia,2020,popolazione_fine,309777
093,Pordenone,Friuli-Venezia Giulia,2021,popolazione_fine,310997
093,Pordenone,Friuli-Venezia Giulia,2022,popolazione_fine,310289
093,Pordenone,Friuli-Venezia Giulia,2023,popolazione_fine,311030
093,Pordenone,Friuli-Venezia Giulia,2024,popolazione_fine,310931
093,Pordenone,Friuli-Venezia Giulia,2019,popolazione_inizio,310636
093,Pordenone,Friuli-Venezia Giulia,2020,popolazione_inizio,310502
093,Pordenone,Friuli-Venezia Giulia,2021,popolazione_inizio,310634
093,Pordenone,Friuli-Venezia Giulia,2022,popolazione_inizio,309473
093,Pordenone,Friuli-Venezia Giulia,2023,popolazione_inizio,310133
093,Pordenone,Friuli-Venezia Giulia,2024,popolazione_inizio,310763
093,Pordenone,Friuli-Venezia Giulia,2019,variazioni_territoriali,0
093,Pordenone,Friuli-Venezia Giulia,2020,variazioni_territoriali,0
093,Pordenone,Friuli-Venezia Giulia,2021,variazioni_territoriali,0
093,Pordenone,Friuli-Venezia Giulia,2022,variazioni_territoriali,0
093,Pordenone,Friuli-Venezia Giulia,2023,variazioni_territoriali,0
093,Pordenone,Friuli-Venezia Giulia,2024,variazioni_territoriali,0
094,Isernia,Molise,2019,aggiustamento_statistico,-367
094,Isernia,Molise,2020,aggiustamento_statistico,-725
094,Isernia,Molise,2021,aggiustamento_statistico,122
094,Isernia,Molise,2022,aggiustamento_statistico,-79
094,Isernia,Molise,2023,aggiustamento_statistico,-175
094,Isernia,Molise,2024,aggiustamento_statistico,-100
094,Isernia,Molise,2019,emigrati_estero,387
094,Isernia,Molise,2020,emigrati_estero,308
094,Isernia,Molise,2021,emigrati_estero,313
094,Isernia,Molise,2022,emigrati_estero,234
094,Isernia,Molise,2023,emigrati_estero,227
094,Isernia,Molise,2024,emigrati_estero,255
094,Isernia,Molise,2019,emigrati_interni,2132
094,Isernia,Molise,2020,emigrati_interni,1810
094,Isernia,Molise,2021,emigrati_interni,1927
094,Isernia,Molise,2022,emigrati_interni,1929
094,Isernia,Molise,2023,emigrati_interni,1870
094,Isernia,Molise,2024,emigrati_interni,1862
094,Isernia,Molise,2019,immigrati_estero,719
094,Isernia,Molise,2020,immigrati_estero,358
094,Isernia,Molise,2021,immigrati_estero,433
094,Isernia,Molise,2022,immigrati_estero,770
094,Isernia,Molise,2023,immigrati_estero,769
094,Isernia,Molise,2024,immigrati_estero,816
094,Isernia,Molise,2019,immigrati_interni,1806
094,Isernia,Molise,2020,immigrati_interni,1487
094,Isernia,Molise,2021,immigrati_interni,1556
094,Isernia,Molise,2022,immigrati_interni,1559
094,Isernia,Molise,2023,immigrati_interni,1525
094,Isernia,Molise,2024,immigrati_interni,1616
094,Isernia,Molise,2019,morti,1090
094,Isernia,Molise,2020,morti,1203
094,Isernia,Molise,2021,morti,1205
094,Isernia,Molise,2022,morti,1242
094,Isernia,Molise,2023,morti,1151
094,Isernia,Molise,2024,morti,1118
094,Isernia,Molise,2019,nati,578
094,Isernia,Molise,2020,nati,462
094,Isernia,Molise,2021,nati,483
094,Isernia,Molise,2022,nati,503
094,Isernia,Molise,2023,nati,453
094,Isernia,Molise,2024,nati,422
094,Isernia,Molise,2019,popolazione_censita,83154
094,Isernia,Molise,2020,popolazione_censita,81415
094,Isernia,Molise,2021,popolazione_censita,80564
094,Isernia,Molise,2022,popolazione_censita,79912
094,Isernia,Molise,2023,popolazione_censita,79236
094,Isernia,Molise,2024,popolazione_censita,78755
094,Isernia,Molise,2019,popolazione_fine,83521
094,Isernia,Molise,2020,popolazione_fine,82140
094,Isernia,Molise,2021,popolazione_fine,80442
094,Isernia,Molise,2022,popolazione_fine,79991
094,Isernia,Molise,2023,popolazione_fine,79411
094,Isernia,Molise,2024,popolazione_fine,78855
094,Isernia,Molise,2019,popolazione_inizio,84027
094,Isernia,Molise,2020,popolazione_inizio,83154
094,Isernia,Molise,2021,popolazione_inizio,81415
094,Isernia,Molise,2022,popolazione_inizio,80564
094,Isernia,Molise,2023,popolazione_inizio,79912
094,Isernia,Molise,2024,popolazione_inizio,79236
094,Isernia,Molise,2019,variazioni_territoriali,0
094,Isernia,Molise,2020,variazioni_territoriali,0
094,Isernia,Molise,2021,variazioni_territoriali,0
094,Isernia,Molise,2022,variazioni_territoriali,0
094,Isernia,Molise,2023,variazioni_territoriali,0
094,Isernia,Molise,2024,variazioni_territoriali,0
095,Oristano,Sardegna,2019,aggiustamento_statistico,-229
095,Oristano,Sardegna,2020,aggiustamento_statistico,-1001
095,Oristano,Sardegna,2021,aggiustamento_statistico,606
095,Oristano,Sardegna,2022,aggiustamento_statistico,133
095,Oristano,Sardegna,2023,aggiustamento_statistico,35
095,Oristano,Sardegna,2024,aggiustamento_statistico,146
095,Oristano,Sardegna,2019,emigrati_estero,373
095,Oristano,Sardegna,2020,emigrati_estero,318
095,Oristano,Sardegna,2021,emigrati_estero,278
095,Oristano,Sardegna,2022,emigrati_estero,275
095,Oristano,Sardegna,2023,emigrati_estero,304
095,Oristano,Sardegna,2024,emigrati_estero,414
095,Oristano,Sardegna,2019,emigrati_interni,3196
095,Oristano,Sardegna,2020,emigrati_interni,3000
095,Oristano,Sardegna,2021,emigrati_interni,3020
095,Oristano,Sardegna,2022,emigrati_interni,3187
095,Oristano,Sardegna,2023,emigrati_interni,3203
095,Oristano,Sardegna,2024,emigrati_interni,2898
095,Oristano,Sardegna,2019,immigrati_estero,402
095,Oristano,Sardegna,2020,immigrati_estero,303
095,Oristano,Sardegna,2021,immigrati_estero,399
095,Oristano,Sardegna,2022,immigrati_estero,426
095,Oristano,Sardegna,2023,immigrati_estero,588
095,Oristano,Sardegna,2024,immigrati_estero,530
095,Oristano,Sardegna,2019,immigrati_interni,2893
095,Oristano,Sardegna,2020,immigrati_interni,2883
095,Oristano,Sardegna,2021,immigrati_interni,2880
095,Oristano,Sardegna,2022,immigrati_interni,3164
095,Oristano,Sardegna,2023,immigrati_interni,3028
095,Oristano,Sardegna,2024,immigrati_interni,2933
095,Oristano,Sardegna,2019,morti,1904
095,Oristano,Sardegna,2020,morti,2132
095,Oristano,Sardegna,2021,morti,2096
095,Oristano,Sardegna,2022,morti,2259
095,Oristano,Sardegna,2023,morti,2061
095,Oristano,Sardegna,2024,morti,2042
095,Oristano,Sardegna,2019,nati,758
095,Oristano,Sardegna,2020,nati,709
095,Oristano,Sardegna,2021,nati,746
095,Oristano,Sardegna,2022,nati,668
095,Oristano,Sardegna,2023,nati,683
095,Oristano,Sardegna,2024,nati,659
095,Oristano,Sardegna,2019,popolazione_censita,154974
095,Oristano,Sardegna,2020,popolazione_censita,152418
095,Oristano,Sardegna,2021,popolazione_censita,151655
095,Oristano,Sardegna,2022,popolazione_censita,150325
095,Oristano,Sardegna,2023,popolazione_censita,149091
095,Oristano,Sardegna,2024,popolazione_censita,148005
095,Oristano,Sardegna,2019,popolazione_fine,155203
095,Oristano,Sardegna,2020,popolazione_fine,153419
095,Oristano,Sardegna,2021,popolazione_fine,151049
095,Oristano,Sardegna,2022,popolazione_fine,150192
095,Oristano,Sardegna,2023,popolazione_fine,149056
095,Oristano,Sardegna,2024,popolazione_fine,147859
095,Oristano,Sardegna,2019,popolazione_inizio,156623
095,Oristano,Sardegna,2020,popolazione_inizio,154974
095,Oristano,Sardegna,2021,popolazione_inizio,152418
095,Oristano,Sardegna,2022,popolazione_inizio,151655
095,Oristano,Sardegna,2023,popolazione_inizio,150325
095,Oristano,Sardegna,2024,popolazione_inizio,149091
095,Oristano,Sardegna,2019,variazioni_territoriali,0
095,Oristano,Sardegna,2020,variazioni_territoriali,0
095,Oristano,Sardegna,2021,variazioni_territoriali,0
095,Oristano,Sardegna,2022,variazioni_territoriali,0
095,Oristano,Sardegna,2023,variazioni_territoriali,0
095,Oristano,Sardegna,2024,variazioni_territoriali,0
096,Biella,Piemonte,2019,aggiustamento_statistico,-393
096,Biella,Piemonte,2020,aggiustamento_statistico,-1362
096,Biella,Piemonte,2021,aggiustamento_statistico,269
096,Biella,Piemonte,2022,aggiustamento_statistico,47
096,Biella,Piemonte,2023,aggiustamento_statistico,-12
096,Biella,Piemonte,2024,aggiustamento_statistico,52
096,Biella,Piemonte,2019,emigrati_estero,569
096,Biella,Piemonte,2020,emigrati_estero,591
096,Biella,Piemonte,2021,emigrati_estero,568
096,Biella,Piemonte,2022,emigrati_estero,608
096,Biella,Piemonte,2023,emigrati_estero,574
096,Biella,Piemonte,2024,emigrati_estero,651
096,Biella,Piemonte,2019,emigrati_interni,6372
096,Biella,Piemonte,2020,emigrati_interni,5633
096,Biella,Piemonte,2021,emigrati_interni,6109
096,Biella,Piemonte,2022,emigrati_interni,6037
096,Biella,Piemonte,2023,emigrati_interni,6157
096,Biella,Piemonte,2024,emigrati_interni,6109
096,Biella,Piemonte,2019,immigrati_estero,1053
096,Biella,Piemonte,2020,immigrati_estero,678
096,Biella,Piemonte,2021,immigrati_estero,997
096,Biella,Piemonte,2022,immigrati_estero,1224
096,Biella,Piemonte,2023,immigrati_estero,1443
096,Biella,Piemonte,2024,immigrati_estero,1593
096,Biella,Piemonte,2019,immigrati_interni,6557
096,Biella,Piemonte,2020,immigrati_interni,5710
096,Biella,Piemonte,2021,immigrati_interni,6383
096,Biella,Piemonte,2022,immigrati_interni,6305
096,Biella,Piemonte,2023,immigrati_interni,6400
096,Biella,Piemonte,2024,immigrati_interni,6548
096,Biella,Piemonte,2019,morti,2370
096,Biella,Piemonte,2020,morti,3110
096,Biella,Piemonte,2021,morti,2553
096,Biella,Piemonte,2022,morti,2680
096,Biella,Piemonte,2023,morti,2466
096,Biella,Piemonte,2024,morti,2480
096,Biella,Piemonte,2019,nati,923
096,Biella,Piemonte,2020,nati,862
096,Biella,Piemonte,2021,nati,884
096,Biella,Piemonte,2022,nati,828
096,Biella,Piemonte,2023,nati,843
096,Biella,Piemonte,2024,nati,792
096,Biella,Piemonte,2019,popolazione_censita,174170
096,Biella,Piemonte,2020,popolazione_censita,170724
096,Biella,Piemonte,2021,popolazione_censita,170027
096,Biella,Piemonte,2022,popolazione_censita,169106
096,Biella,Piemonte,2023,popolazione_censita,168583
096,Biella,Piemonte,2024,popolazione_censita,168328
096,Biella,Piemonte,2019,popolazione_fine,174563
096,Biella,Piemonte,2020,popolazione_fine,172086
096,Biella,Piemonte,2021,popolazione_fine,169758
096,Biella,Piemonte,2022,popolazione_fine,169059
096,Biella,Piemonte,2023,popolazione_fine,168595
096,Biella,Piemonte,2024,popolazione_fine,168276
096,Biella,Piemonte,2019,popolazione_inizio,175341
096,Biella,Piemonte,2020,popolazione_inizio,174170
096,Biella,Piemonte,2021,popolazione_inizio,170724
096,Biella,Piemonte,2022,popolazione_inizio,170027
096,Biella,Piemonte,2023,popolazione_inizio,169106
096,Biella,Piemonte,2024,popolazione_inizio,168583
096,Biella,Piemonte,2019,variazioni_territoriali,0
096,Biella,Piemonte,2020,variazioni_territoriali,0
096,Biella,Piemonte,2021,variazioni_territoriali,0
096,Biella,Piemonte,2022,variazioni_territoriali,0
096,Biella,Piemonte,2023,variazioni_territoriali,0
096,Biella,Piemonte,2024,variazioni_territoriali,0
097,Lecco,Lombardia,2019,aggiustamento_statistico,-484
097,Lecco,Lombardia,2020,aggiustamento_statistico,74
097,Lecco,Lombardia,2021,aggiustamento_statistico,-764
097,Lecco,Lombardia,2022,aggiustamento_statistico,58
097,Lecco,Lombardia,2023,aggiustamento_statistico,-294
097,Lecco,Lombardia,2024,aggiustamento_statistico,-98
097,Lecco,Lombardia,2019,emigrati_estero,1080
097,Lecco,Lombardia,2020,emigrati_estero,813
097,Lecco,Lombardia,2021,emigrati_estero,960
097,Lecco,Lombardia,2022,emigrati_estero,926
097,Lecco,Lombardia,2023,emigrati_estero,956
097,Lecco,Lombardia,2024,emigrati_estero,1035
097,Lecco,Lombardia,2019,emigrati_interni,10746
097,Lecco,Lombardia,2020,emigrati_interni,9778
097,Lecco,Lombardia,2021,emigrati_interni,10777
097,Lecco,Lombardia,2022,emigrati_interni,10722
097,Lecco,Lombardia,2023,emigrati_interni,10400
097,Lecco,Lombardia,2024,emigrati_interni,10269
097,Lecco,Lombardia,2019,immigrati_estero,1750
097,Lecco,Lombardia,2020,immigrati_estero,1416
097,Lecco,Lombardia,2021,immigrati_estero,1791
097,Lecco,Lombardia,2022,immigrati_estero,2164
097,Lecco,Lombardia,2023,immigrati_estero,2539
097,Lecco,Lombardia,2024,immigrati_estero,2377
097,Lecco,Lombardia,2019,immigrati_interni,11029
097,Lecco,Lombardia,2020,immigrati_interni,10116
097,Lecco,Lombardia,2021,immigrati_interni,11253
097,Lecco,Lombardia,2022,immigrati_interni,11486
097,Lecco,Lombardia,2023,immigrati_interni,11042
097,Lecco,Lombardia,2024,immigrati_interni,10895
097,Lecco,Lombardia,2019,morti,3366
097,Lecco,Lombardia,2020,morti,4559
097,Lecco,Lombardia,2021,morti,3717
097,Lecco,Lombardia,2022,morti,3845
097,Lecco,Lombardia,2023,morti,3466
097,Lecco,Lombardia,2024,morti,3443
097,Lecco,Lombardia,2019,nati,2304
097,Lecco,Lombardia,2020,nati,2152
097,Lecco,Lombardia,2021,nati,2062
097,Lecco,Lombardia,2022,nati,2103
097,Lecco,Lombardia,2023,nati,2030
097,Lecco,Lombardia,2024,nati,2050
097,Lecco,Lombardia,2019,popolazione_censita,334961
097,Lecco,Lombardia,2020,popolazione_censita,333569
097,Lecco,Lombardia,2021,popolazione_censita,332457
097,Lecco,Lombardia,2022,popolazione_censita,332775
097,Lecco,Lombardia,2023,popolazione_censita,333270
097,Lecco,Lombardia,2024,popolazione_censita,333747
097,Lecco,Lombardia,2019,popolazione_fine,335445
097,Lecco,Lombardia,2020,popolazione_fine,333495
097,Lecco,Lombardia,2021,popolazione_fine,333221
097,Lecco,Lombardia,2022,popolazione_fine,332717
097,Lecco,Lombardia,2023,popolazione_fine,333564
097,Lecco,Lombardia,2024,popolazione_fine,333845
097,Lecco,Lombardia,2019,popolazione_inizio,335554
097,Lecco,Lombardia,2020,popolazione_inizio,334961
097,Lecco,Lombardia,2021,popolazione_inizio,333569
097,Lecco,Lombardia,2022,popolazione_inizio,332457
097,Lecco,Lombardia,2023,popolazione_inizio,332775
097,Lecco,Lombardia,2024,popolazione_inizio,333270
097,Lecco,Lombardia,2019,variazioni_territoriali,0
097,Lecco,Lombardia,2020,variazioni_territoriali,0
097,Lecco,Lombardia,2021,variazioni_territoriali,0
097,Lecco,Lombardia,2022,variazioni_territoriali,0
097,Lecco,Lombardia,2023,variazioni_territoriali,0
097,Lecco,Lombardia,2024,variazioni_territoriali,0
098,Lodi,Lombardia,2019,aggiustamento_statistico,-229
098,Lodi,Lombardia,2020,aggiustamento_statistico,916
098,Lodi,Lombardia,2021,aggiustamento_statistico,-462
098,Lodi,Lombardia,2022,aggiustamento_statistico,27
098,Lodi,Lombardia,2023,aggiustamento_statistico,-98
098,Lodi,Lombardia,2024,aggiustamento_statistico,-98
098,Lodi,Lombardia,2019,emigrati_estero,941
098,Lodi,Lombardia,2020,emigrati_estero,627
098,Lodi,Lombardia,2021,emigrati_estero,667
098,Lodi,Lombardia,2022,emigrati_estero,632
098,Lodi,Lombardia,2023,emigrati_estero,535
098,Lodi,Lombardia,2024,emigrati_estero,670
098,Lodi,Lombardia,2019,emigrati_interni,7908
098,Lodi,Lombardia,2020,emigrati_interni,6565
098,Lodi,Lombardia,2021,emigrati_interni,7762
098,Lodi,Lombardia,2022,emigrati_interni,7629
098,Lodi,Lombardia,2023,emigrati_interni,7253
098,Lodi,Lombardia,2024,emigrati_interni,7323
098,Lodi,Lombardia,2019,immigrati_estero,1566
098,Lodi,Lombardia,2020,immigrati_estero,955
098,Lodi,Lombardia,2021,immigrati_estero,1375
098,Lodi,Lombardia,2022,immigrati_estero,1790
098,Lodi,Lombardia,2023,immigrati_estero,1944
098,Lodi,Lombardia,2024,immigrati_estero,1868
098,Lodi,Lombardia,2019,immigrati_interni,8459
098,Lodi,Lombardia,2020,immigrati_interni,7041
098,Lodi,Lombardia,2021,immigrati_interni,8265
098,Lodi,Lombardia,2022,immigrati_interni,8180
098,Lodi,Lombardia,2023,immigrati_interni,8073
098,Lodi,Lombardia,2024,immigrati_interni,7749
098,Lodi,Lombardia,2019,morti,2164
098,Lodi,Lombardia,2020,morti,3361
098,Lodi,Lombardia,2021,morti,2412
098,Lodi,Lombardia,2022,morti,2528
098,Lodi,Lombardia,2023,morti,2314
098,Lodi,Lombardia,2024,morti,2318
098,Lodi,Lombardia,2019,nati,1680
098,Lodi,Lombardia,2020,nati,1572
098,Lodi,Lombardia,2021,nati,1647
098,Lodi,Lombardia,2022,nati,1601
098,Lodi,Lombardia,2023,nati,1520
098,Lodi,Lombardia,2024,nati,1569
098,Lodi,Lombardia,2019,popolazione_censita,227412
098,Lodi,Lombardia,2020,popolazione_censita,227343
098,Lodi,Lombardia,2021,popolazione_censita,227327
098,Lodi,Lombardia,2022,popolazione_censita,228136
098,Lodi,Lombardia,2023,popolazione_censita,229473
098,Lodi,Lombardia,2024,popolazione_censita,230250
098,Lodi,Lombardia,2019,popolazione_fine,227641
098,Lodi,Lombardia,2020,popolazione_fine,226427
098,Lodi,Lombardia,2021,popolazione_fine,227789
098,Lodi,Lombardia,2022,popolazione_fine,228109
098,Lodi,Lombardia,2023,popolazione_fine,229571
098,Lodi,Lombardia,2024,popolazione_fine,230348
098,Lodi,Lombardia,2019,popolazione_inizio,226949
098,Lodi,Lombardia,2020,popolazione_inizio,227412
098,Lodi,Lombardia,2021,popolazione_inizio,227343
098,Lodi,Lombardia,2022,popolazione_inizio,227327
098,Lodi,Lombardia,2023,popolazione_inizio,228136
098,Lodi,Lombardia,2024,popolazione_inizio,229473
098,Lodi,Lombardia,2019,variazioni_territoriali,0
098,Lodi,Lombardia,2020,variazioni_territoriali,0
098,Lodi,Lombardia,2021,variazioni_territoriali,0
098,Lodi,Lombardia,2022,variazioni_territoriali,0
098,Lodi,Lombardia,2023,variazioni_territoriali,0
098,Lodi,Lombardia,2024,variazioni_territoriali,0
099,Rimini,Emilia-Romagna,2019,aggiustamento_statistico,-982
099,Rimini,Emilia-Romagna,2020,aggiustamento_statistico,1518
099,Rimini,Emilia-Romagna,2021,aggiustamento_statistico,-1882
099,Rimini,Emilia-Romagna,2022,aggiustamento_statistico,-133
099,Rimini,Emilia-Romagna,2023,aggiustamento_statistico,-248
099,Rimini,Emilia-Romagna,2024,aggiustamento_statistico,-238
099,Rimini,Emilia-Romagna,2019,emigrati_estero,1057
099,Rimini,Emilia-Romagna,2020,emigrati_estero,1015
099,Rimini,Emilia-Romagna,2021,emigrati_estero,913
099,Rimini,Emilia-Romagna,2022,emigrati_estero,923
099,Rimini,Emilia-Romagna,2023,emigrati_estero,981
099,Rimini,Emilia-Romagna,2024,emigrati_estero,1183
099,Rimini,Emilia-Romagna,2019,emigrati_interni,8420
099,Rimini,Emilia-Romagna,2020,emigrati_interni,7883
099,Rimini,Emilia-Romagna,2021,emigrati_interni,7959
099,Rimini,Emilia-Romagna,2022,emigrati_interni,8534
099,Rimini,Emilia-Romagna,2023,emigrati_interni,8153
099,Rimini,Emilia-Romagna,2024,emigrati_interni,7584
099,Rimini,Emilia-Romagna,2019,immigrati_estero,2220
099,Rimini,Emilia-Romagna,2020,immigrati_estero,1525
099,Rimini,Emilia-Romagna,2021,immigrati_estero,2098
099,Rimini,Emilia-Romagna,2022,immigrati_estero,2430
099,Rimini,Emilia-Romagna,2023,immigrati_estero,2827
099,Rimini,Emilia-Romagna,2024,immigrati_estero,2710
099,Rimini,Emilia-Romagna,2019,immigrati_interni,9656
099,Rimini,Emilia-Romagna,2020,immigrati_interni,8875
099,Rimini,Emilia-Romagna,2021,immigrati_interni,8698
099,Rimini,Emilia-Romagna,2022,immigrati_interni,9551
099,Rimini,Emilia-Romagna,2023,immigrati_interni,9008
099,Rimini,Emilia-Romagna,2024,immigrati_interni,8506
099,Rimini,Emilia-Romagna,2019,morti,3402
099,Rimini,Emilia-Romagna,2020,morti,4204
099,Rimini,Emilia-Romagna,2021,morti,3901
099,Rimini,Emilia-Romagna,2022,morti,3882
099,Rimini,Emilia-Romagna,2023,morti,3509
099,Rimini,Emilia-Romagna,2024,morti,3574
099,Rimini,Emilia-Romagna,2019,nati,2229
099,Rimini,Emilia-Romagna,2020,nati,2163
099,Rimini,Emilia-Romagna,2021,nati,2035
099,Rimini,Emilia-Romagna,2022,nati,2056
099,Rimini,Emilia-Romagna,2023,nati,1959
099,Rimini,Emilia-Romagna,2024,nati,1902
099,Rimini,Emilia-Romagna,2019,popolazione_censita,336798
099,Rimini,Emilia-Romagna,2020,popolazione_censita,337777
099,Rimini,Emilia-Romagna,2021,popolazione_censita,338369
099,Rimini,Emilia-Romagna,2022,popolazione_censita,338934
099,Rimini,Emilia-Romagna,2023,popolazione_censita,339837
099,Rimini,Emilia-Romagna,2024,popolazione_censita,340376
099,Rimini,Emilia-Romagna,2019,popolazione_fine,337780
099,Rimini,Emilia-Romagna,2020,popolazione_fine,336259
099,Rimini,Emilia-Romagna,2021,popolazione_fine,340251
099,Rimini,Emilia-Romagna,2022,popolazione_fine,339067
099,Rimini,Emilia-Romagna,2023,popolazione_fine,340085
099,Rimini,Emilia-Romagna,2024,popolazione_fine,340614
099,Rimini,Emilia-Romagna,2019,popolazione_inizio,336554
099,Rimini,Emilia-Romagna,2020,popolazione_inizio,336798
099,Rimini,Emilia-Romagna,2021,popolazione_inizio,340193
099,Rimini,Emilia-Romagna,2022,popolazione_inizio,338369
099,Rimini,Emilia-Romagna,2023,popolazione_inizio,338934
099,Rimini,Emilia-Romagna,2024,popolazione_inizio,339837
099,Rimini,Emilia-Romagna,2019,variazioni_territoriali,0
099,Rimini,Emilia-Romagna,2020,variazioni_territoriali,0
099,Rimini,Emilia-Romagna,2021,variazioni_territoriali,0
099,Rimini,Emilia-Romagna,2022,variazioni_territoriali,0
099,Rimini,Emilia-Romagna,2023,variazioni_territoriali,0
099,Rimini,Emilia-Romagna,2024,variazioni_territoriali,0
100,Prato,Toscana,2019,aggiustamento_statistico,-1302
100,Prato,Toscana,2020,aggiustamento_statistico,8240
100,Prato,Toscana,2021,aggiustamento_statistico,-8044
100,Prato,Toscana,2022,aggiustamento_statistico,64
100,Prato,Toscana,2023,aggiustamento_statistico,-643
100,Prato,Toscana,2024,aggiustamento_statistico,-660
100,Prato,Toscana,2019,emigrati_estero,371
100,Prato,Toscana,2020,emigrati_estero,632
100,Prato,Toscana,2021,emigrati_estero,683
100,Prato,Toscana,2022,emigrati_estero,665
100,Prato,Toscana,2023,emigrati_estero,487
100,Prato,Toscana,2024,emigrati_estero,1148
100,Prato,Toscana,2019,emigrati_interni,6449
100,Prato,Toscana,2020,emigrati_interni,5717
100,Prato,Toscana,2021,emigrati_interni,5883
100,Prato,Toscana,2022,emigrati_interni,6023
100,Prato,Toscana,2023,emigrati_interni,5987
100,Prato,Toscana,2024,emigrati_interni,5390
100,Prato,Toscana,2019,immigrati_estero,2531
100,Prato,Toscana,2020,immigrati_estero,1576
100,Prato,Toscana,2021,immigrati_estero,2383
100,Prato,Toscana,2022,immigrati_estero,3157
100,Prato,Toscana,2023,immigrati_estero,3031
100,Prato,Toscana,2024,immigrati_estero,2977
100,Prato,Toscana,2019,immigrati_interni,6808
100,Prato,Toscana,2020,immigrati_interni,5844
100,Prato,Toscana,2021,immigrati_interni,6521
100,Prato,Toscana,2022,immigrati_interni,5963
100,Prato,Toscana,2023,immigrati_interni,5783
100,Prato,Toscana,2024,immigrati_interni,5178
100,Prato,Toscana,2019,morti,2430
100,Prato,Toscana,2020,morti,2800
100,Prato,Toscana,2021,morti,3051
100,Prato,Toscana,2022,morti,2862
100,Prato,Toscana,2023,morti,2524
100,Prato,Toscana,2024,morti,2610
100,Prato,Toscana,2019,nati,1752
100,Prato,Toscana,2020,nati,1685
100,Prato,Toscana,2021,nati,1611
100,Prato,Toscana,2022,nati,1487
100,Prato,Toscana,2023,nati,1504
100,Prato,Toscana,2024,nati,1389
100,Prato,Toscana,2019,popolazione_censita,257073
100,Prato,Toscana,2020,popolazione_censita,265269
100,Prato,Toscana,2021,popolazione_censita,258123
100,Prato,Toscana,2022,popolazione_censita,259244
100,Prato,Toscana,2023,popolazione_censita,259921
100,Prato,Toscana,2024,popolazione_censita,259657
100,Prato,Toscana,2019,popolazione_fine,258375
100,Prato,Toscana,2020,popolazione_fine,257029
100,Prato,Toscana,2021,popolazione_fine,266167
100,Prato,Toscana,2022,popolazione_fine,259180
100,Prato,Toscana,2023,popolazione_fine,260564
100,Prato,Toscana,2024,popolazione_fine,260317
100,Prato,Toscana,2019,popolazione_inizio,256534
100,Prato,Toscana,2020,popolazione_inizio,257073
100,Prato,Toscana,2021,popolazione_inizio,265269
100,Prato,Toscana,2022,popolazione_inizio,258123
100,Prato,Toscana,2023,popolazione_inizio,259244
100,Prato,Toscana,2024,popolazione_inizio,259921
100,Prato,Toscana,2019,variazioni_territoriali,0
100,Prato,Toscana,2020,variazioni_territoriali,0
100,Prato,Toscana,2021,variazioni_territoriali,0
100,Prato,Toscana,2022,variazioni_territoriali,0
100,Prato,Toscana,2023,variazioni_territoriali,0
100,Prato,Toscana,2024,variazioni_territoriali,0
101,Crotone,Calabria,2019,aggiustamento_statistico,-1333
101,Crotone,Calabria,2020,aggiustamento_statistico,-2859
101,Crotone,Calabria,2021,aggiustamento_statistico,908
101,Crotone,Calabria,2022,aggiustamento_statistico,104
101,Crotone,Calabria,2023,aggiustamento_statistico,21
101,Crotone,Calabria,2024,aggiustamento_statistico,203
101,Crotone,Calabria,2019,emigrati_estero,482
101,Crotone,Calabria,2020,emigrati_estero,425
101,Crotone,Calabria,2021,emigrati_estero,494
101,Crotone,Calabria,2022,emigrati_estero,380
101,Crotone,Calabria,2023,emigrati_estero,318
101,Crotone,Calabria,2024,emigrati_estero,440
101,Crotone,Calabria,2019,emigrati_interni,4793
101,Crotone,Calabria,2020,emigrati_interni,3401
101,Crotone,Calabria,2021,emigrati_interni,3315
101,Crotone,Calabria,2022,emigrati_interni,3377
101,Crotone,Calabria,2023,emigrati_interni,3249
101,Crotone,Calabria,2024,emigrati_interni,3113
101,Crotone,Calabria,2019,immigrati_estero,757
101,Crotone,Calabria,2020,immigrati_estero,504
101,Crotone,Calabria,2021,immigrati_estero,782
101,Crotone,Calabria,2022,immigrati_estero,1061
101,Crotone,Calabria,2023,immigrati_estero,923
101,Crotone,Calabria,2024,immigrati_estero,1572
101,Crotone,Calabria,2019,immigrati_interni,3149
101,Crotone,Calabria,2020,immigrati_interni,2093
101,Crotone,Calabria,2021,immigrati_interni,2235
101,Crotone,Calabria,2022,immigrati_interni,2384
101,Crotone,Calabria,2023,immigrati_interni,2329
101,Crotone,Calabria,2024,immigrati_interni,2264
101,Crotone,Calabria,2019,morti,1616
101,Crotone,Calabria,2020,morti,1777
101,Crotone,Calabria,2021,morti,1894
101,Crotone,Calabria,2022,morti,1948
101,Crotone,Calabria,2023,morti,1800
101,Crotone,Calabria,2024,morti,1717
101,Crotone,Calabria,2019,nati,1413
101,Crotone,Calabria,2020,nati,1343
101,Crotone,Calabria,2021,nati,1272
101,Crotone,Calabria,2022,nati,1352
101,Crotone,Calabria,2023,nati,1247
101,Crotone,Calabria,2024,nati,1227
101,Crotone,Calabria,2019,popolazione_censita,168581
101,Crotone,Calabria,2020,popolazione_censita,164059
101,Crotone,Calabria,2021,popolazione_censita,163553
101,Crotone,Calabria,2022,popolazione_censita,162749
101,Crotone,Calabria,2023,popolazione_censita,161902
101,Crotone,Calabria,2024,popolazione_censita,161898
101,Crotone,Calabria,2019,popolazione_fine,169914
101,Crotone,Calabria,2020,popolazione_fine,166918
101,Crotone,Calabria,2021,popolazione_fine,162645
101,Crotone,Calabria,2022,popolazione_fine,162645
101,Crotone,Calabria,2023,popolazione_fine,161881
101,Crotone,Calabria,2024,popolazione_fine,161695
101,Crotone,Calabria,2019,popolazione_inizio,171486
101,Crotone,Calabria,2020,popolazione_inizio,168581
101,Crotone,Calabria,2021,popolazione_inizio,164059
101,Crotone,Calabria,2022,popolazione_inizio,163553
101,Crotone,Calabria,2023,popolazione_inizio,162749
101,Crotone,Calabria,2024,popolazione_inizio,161902
101,Crotone,Calabria,2019,variazioni_territoriali,0
101,Crotone,Calabria,2020,variazioni_territoriali,0
101,Crotone,Calabria,2021,variazioni_territoriali,0
101,Crotone,Calabria,2022,variazioni_territoriali,0
101,Crotone,Calabria,2023,variazioni_territoriali,0
101,Crotone,Calabria,2024,variazioni_territoriali,0
102,Vibo Valentia,Calabria,2019,aggiustamento_statistico,-233
102,Vibo Valentia,Calabria,2020,aggiustamento_statistico,-916
102,Vibo Valentia,Calabria,2021,aggiustamento_statistico,662
102,Vibo Valentia,Calabria,2022,aggiustamento_statistico,108
102,Vibo Valentia,Calabria,2023,aggiustamento_statistico,-274
102,Vibo Valentia,Calabria,2024,aggiustamento_statistico,-49
102,Vibo Valentia,Calabria,2019,emigrati_estero,464
102,Vibo Valentia,Calabria,2020,emigrati_estero,381
102,Vibo Valentia,Calabria,2021,emigrati_estero,355
102,Vibo Valentia,Calabria,2022,emigrati_estero,258
102,Vibo Valentia,Calabria,2023,emigrati_estero,355
102,Vibo Valentia,Calabria,2024,emigrati_estero,667
102,Vibo Valentia,Calabria,2019,emigrati_interni,3457
102,Vibo Valentia,Calabria,2020,emigrati_interni,2949
102,Vibo Valentia,Calabria,2021,emigrati_interni,3318
102,Vibo Valentia,Calabria,2022,emigrati_interni,3417
102,Vibo Valentia,Calabria,2023,emigrati_interni,3469
102,Vibo Valentia,Calabria,2024,emigrati_interni,3586
102,Vibo Valentia,Calabria,2019,immigrati_estero,522
102,Vibo Valentia,Calabria,2020,immigrati_estero,368
102,Vibo Valentia,Calabria,2021,immigrati_estero,684
102,Vibo Valentia,Calabria,2022,immigrati_estero,1043
102,Vibo Valentia,Calabria,2023,immigrati_estero,2004
102,Vibo Valentia,Calabria,2024,immigrati_estero,2237
102,Vibo Valentia,Calabria,2019,immigrati_interni,2433
102,Vibo Valentia,Calabria,2020,immigrati_interni,1901
102,Vibo Valentia,Calabria,2021,immigrati_interni,2450
102,Vibo Valentia,Calabria,2022,immigrati_interni,2462
102,Vibo Valentia,Calabria,2023,immigrati_interni,2565
102,Vibo Valentia,Calabria,2024,immigrati_interni,2619
102,Vibo Valentia,Calabria,2019,morti,1631
102,Vibo Valentia,Calabria,2020,morti,1712
102,Vibo Valentia,Calabria,2021,morti,1840
102,Vibo Valentia,Calabria,2022,morti,1893
102,Vibo Valentia,Calabria,2023,morti,1800
102,Vibo Valentia,Calabria,2024,morti,1640
102,Vibo Valentia,Calabria,2019,nati,1167
102,Vibo Valentia,Calabria,2020,nati,1167
102,Vibo Valentia,Calabria,2021,nati,1082
102,Vibo Valentia,Calabria,2022,nati,1106
102,Vibo Valentia,Calabria,2023,nati,1106
102,Vibo Valentia,Calabria,2024,nati,1116
102,Vibo Valentia,Calabria,2019,popolazione_censita,154715
102,Vibo Valentia,Calabria,2020,popolazione_censita,152193
102,Vibo Valentia,Calabria,2021,popolazione_censita,151558
102,Vibo Valentia,Calabria,2022,popolazione_censita,150709
102,Vibo Valentia,Calabria,2023,popolazione_censita,150486
102,Vibo Valentia,Calabria,2024,popolazione_censita,150516
102,Vibo Valentia,Calabria,2019,popolazione_fine,154948
102,Vibo Valentia,Calabria,2020,popolazione_fine,153109
102,Vibo Valentia,Calabria,2021,popolazione_fine,150896
102,Vibo Valentia,Calabria,2022,popolazione_fine,150601
102,Vibo Valentia,Calabria,2023,popolazione_fine,150760
102,Vibo Valentia,Calabria,2024,popolazione_fine,150565
102,Vibo Valentia,Calabria,2019,popolazione_inizio,156378
102,Vibo Valentia,Calabria,2020,popolazione_inizio,154715
102,Vibo Valentia,Calabria,2021,popolazione_inizio,152193
102,Vibo Valentia,Calabria,2022,popolazione_inizio,151558
102,Vibo Valentia,Calabria,2023,popolazione_inizio,150709
102,Vibo Valentia,Calabria,2024,popolazione_inizio,150486
102,Vibo Valentia,Calabria,2019,variazioni_territoriali,0
102,Vibo Valentia,Calabria,2020,variazioni_territoriali,0
102,Vibo Valentia,Calabria,2021,variazioni_territoriali,0
102,Vibo Valentia,Calabria,2022,variazioni_territoriali,0
102,Vibo Valentia,Calabria,2023,variazioni_territoriali,0
102,Vibo Valentia,Calabria,2024,variazioni_territoriali,0
103,Verbano-Cusio-Ossola,Piemonte,2019,aggiustamento_statistico,-399
103,Verbano-Cusio-Ossola,Piemonte,2020,aggiustamento_statistico,-488
103,Verbano-Cusio-Ossola,Piemonte,2021,aggiustamento_statistico,-114
103,Verbano-Cusio-Ossola,Piemonte,2022,aggiustamento_statistico,98
103,Verbano-Cusio-Ossola,Piemonte,2023,aggiustamento_statistico,-93
103,Verbano-Cusio-Ossola,Piemonte,2024,aggiustamento_statistico,61
103,Verbano-Cusio-Ossola,Piemonte,2019,emigrati_estero,587
103,Verbano-Cusio-Ossola,Piemonte,2020,emigrati_estero,451
103,Verbano-Cusio-Ossola,Piemonte,2021,emigrati_estero,483
103,Verbano-Cusio-Ossola,Piemonte,2022,emigrati_estero,488
103,Verbano-Cusio-Ossola,Piemonte,2023,emigrati_estero,496
103,Verbano-Cusio-Ossola,Piemonte,2024,emigrati_estero,683
103,Verbano-Cusio-Ossola,Piemonte,2019,emigrati_interni,4957
103,Verbano-Cusio-Ossola,Piemonte,2020,emigrati_interni,4567
103,Verbano-Cusio-Ossola,Piemonte,2021,emigrati_interni,4887
103,Verbano-Cusio-Ossola,Piemonte,2022,emigrati_interni,4783
103,Verbano-Cusio-Ossola,Piemonte,2023,emigrati_interni,4827
103,Verbano-Cusio-Ossola,Piemonte,2024,emigrati_interni,4612
103,Verbano-Cusio-Ossola,Piemonte,2019,immigrati_estero,808
103,Verbano-Cusio-Ossola,Piemonte,2020,immigrati_estero,691
103,Verbano-Cusio-Ossola,Piemonte,2021,immigrati_estero,963
103,Verbano-Cusio-Ossola,Piemonte,2022,immigrati_estero,1178
103,Verbano-Cusio-Ossola,Piemonte,2023,immigrati_estero,1225
103,Verbano-Cusio-Ossola,Piemonte,2024,immigrati_estero,1185
103,Verbano-Cusio-Ossola,Piemonte,2019,immigrati_interni,5272
103,Verbano-Cusio-Ossola,Piemonte,2020,immigrati_interni,4864
103,Verbano-Cusio-Ossola,Piemonte,2021,immigrati_interni,5002
103,Verbano-Cusio-Ossola,Piemonte,2022,immigrati_interni,5268
103,Verbano-Cusio-Ossola,Piemonte,2023,immigrati_interni,5261
103,Verbano-Cusio-Ossola,Piemonte,2024,immigrati_interni,4818
103,Verbano-Cusio-Ossola,Piemonte,2019,morti,1906
103,Verbano-Cusio-Ossola,Piemonte,2020,morti,2302
103,Verbano-Cusio-Ossola,Piemonte,2021,morti,2040
103,Verbano-Cusio-Ossola,Piemonte,2022,morti,2254
103,Verbano-Cusio-Ossola,Piemonte,2023,morti,2109
103,Verbano-Cusio-Ossola,Piemonte,2024,morti,2006
103,Verbano-Cusio-Ossola,Piemonte,2019,nati,811
103,Verbano-Cusio-Ossola,Piemonte,2020,nati,859
103,Verbano-Cusio-Ossola,Piemonte,2021,nati,882
103,Verbano-Cusio-Ossola,Piemonte,2022,nati,770
103,Verbano-Cusio-Ossola,Piemonte,2023,nati,763
103,Verbano-Cusio-Ossola,Piemonte,2024,nati,758
103,Verbano-Cusio-Ossola,Piemonte,2019,popolazione_censita,156320
103,Verbano-Cusio-Ossola,Piemonte,2020,popolazione_censita,154926
103,Verbano-Cusio-Ossola,Piemonte,2021,popolazione_censita,154249
103,Verbano-Cusio-Ossola,Piemonte,2022,popolazione_censita,154038
103,Verbano-Cusio-Ossola,Piemonte,2023,popolazione_censita,153762
103,Verbano-Cusio-Ossola,Piemonte,2024,popolazione_censita,153283
103,Verbano-Cusio-Ossola,Piemonte,2019,popolazione_fine,156719
103,Verbano-Cusio-Ossola,Piemonte,2020,popolazione_fine,155414
103,Verbano-Cusio-Ossola,Piemonte,2021,popolazione_fine,154363
103,Verbano-Cusio-Ossola,Piemonte,2022,popolazione_fine,153940
103,Verbano-Cusio-Ossola,Piemonte,2023,popolazione_fine,153855
103,Verbano-Cusio-Ossola,Piemonte,2024,popolazione_fine,153222
103,Verbano-Cusio-Ossola,Piemonte,2019,popolazione_inizio,157278
103,Verbano-Cusio-Ossola,Piemonte,2020,popolazione_inizio,156320
103,Verbano-Cusio-Ossola,Piemonte,2021,popolazione_inizio,154926
103,Verbano-Cusio-Ossola,Piemonte,2022,popolazione_inizio,154249
103,Verbano-Cusio-Ossola,Piemonte,2023,popolazione_inizio,154038
103,Verbano-Cusio-Ossola,Piemonte,2024,popolazione_inizio,153762
103,Verbano-Cusio-Ossola,Piemonte,2019,variazioni_territoriali,0
103,Verbano-Cusio-Ossola,Piemonte,2020,variazioni_territoriali,0
103,Verbano-Cusio-Ossola,Piemonte,2021,variazioni_territoriali,0
103,Verbano-Cusio-Ossola,Piemonte,2022,variazioni_territoriali,0
103,Verbano-Cusio-Ossola,Piemonte,2023,variazioni_territoriali,0
103,Verbano-Cusio-Ossola,Piemonte,2024,variazioni_territoriali,0
108,Monza e della Brianza,Lombardia,2019,aggiustamento_statistico,-1761
108,Monza e della Brianza,Lombardia,2020,aggiustamento_statistico,866
108,Monza e della Brianza,Lombardia,2021,aggiustamento_statistico,-1181
108,Monza e della Brianza,Lombardia,2022,aggiustamento_statistico,179
108,Monza e della Brianza,Lombardia,2023,aggiustamento_statistico,-576
108,Monza e della Brianza,Lombardia,2024,aggiustamento_statistico,-368
108,Monza e della Brianza,Lombardia,2019,emigrati_estero,2212
108,Monza e della Brianza,Lombardia,2020,emigrati_estero,2260
108,Monza e della Brianza,Lombardia,2021,emigrati_estero,2236
108,Monza e della Brianza,Lombardia,2022,emigrati_estero,2086
108,Monza e della Brianza,Lombardia,2023,emigrati_estero,2156
108,Monza e della Brianza,Lombardia,2024,emigrati_estero,2717
108,Monza e della Brianza,Lombardia,2019,emigrati_interni,27410
108,Monza e della Brianza,Lombardia,2020,emigrati_interni,24593
108,Monza e della Brianza,Lombardia,2021,emigrati_interni,28185
108,Monza e della Brianza,Lombardia,2022,emigrati_interni,28722
108,Monza e della Brianza,Lombardia,2023,emigrati_interni,27464
108,Monza e della Brianza,Lombardia,2024,emigrati_interni,26910
108,Monza e della Brianza,Lombardia,2019,immigrati_estero,4488
108,Monza e della Brianza,Lombardia,2020,immigrati_estero,3001
108,Monza e della Brianza,Lombardia,2021,immigrati_estero,3563
108,Monza e della Brianza,Lombardia,2022,immigrati_estero,4993
108,Monza e della Brianza,Lombardia,2023,immigrati_estero,5467
108,Monza e della Brianza,Lombardia,2024,immigrati_estero,5492
108,Monza e della Brianza,Lombardia,2019,immigrati_interni,31314
108,Monza e della Brianza,Lombardia,2020,immigrati_interni,27248
108,Monza e della Brianza,Lombardia,2021,immigrati_interni,31084
108,Monza e della Brianza,Lombardia,2022,immigrati_interni,32020
108,Monza e della Brianza,Lombardia,2023,immigrati_interni,30696
108,Monza e della Brianza,Lombardia,2024,immigrati_interni,30032
108,Monza e della Brianza,Lombardia,2019,morti,7990
108,Monza e della Brianza,Lombardia,2020,morti,10406
108,Monza e della Brianza,Lombardia,2021,morti,8831
108,Monza e della Brianza,Lombardia,2022,morti,9196
108,Monza e della Brianza,Lombardia,2023,morti,8549
108,Monza e della Brianza,Lombardia,2024,morti,8611
108,Monza e della Brianza,Lombardia,2019,nati,6379
108,Monza e della Brianza,Lombardia,2020,nati,6064
108,Monza e della Brianza,Lombardia,2021,nati,6080
108,Monza e della Brianza,Lombardia,2022,nati,6011
108,Monza e della Brianza,Lombardia,2023,nati,5768
108,Monza e della Brianza,Lombardia,2024,nati,5593
108,Monza e della Brianza,Lombardia,2019,popolazione_censita,870193
108,Monza e della Brianza,Lombardia,2020,popolazione_censita,870113
108,Monza e della Brianza,Lombardia,2021,popolazione_censita,870407
108,Monza e della Brianza,Lombardia,2022,popolazione_censita,873606
108,Monza e della Brianza,Lombardia,2023,popolazione_censita,876792
108,Monza e della Brianza,Lombardia,2024,popolazione_censita,879303
108,Monza e della Brianza,Lombardia,2019,popolazione_fine,871954
108,Monza e della Brianza,Lombardia,2020,popolazione_fine,869247
108,Monza e della Brianza,Lombardia,2021,popolazione_fine,871588
108,Monza e della Brianza,Lombardia,2022,popolazione_fine,873427
108,Monza e della Brianza,Lombardia,2023,popolazione_fine,877368
108,Monza e della Brianza,Lombardia,2024,popolazione_fine,879671
108,Monza e della Brianza,Lombardia,2019,popolazione_inizio,867385
108,Monza e della Brianza,Lombardia,2020,popolazione_inizio,870193
108,Monza e della Brianza,Lombardia,2021,popolazione_inizio,870113
108,Monza e della Brianza,Lombardia,2022,popolazione_inizio,870407
108,Monza e della Brianza,Lombardia,2023,popolazione_inizio,873606
108,Monza e della Brianza,Lombardia,2024,popolazione_inizio,876792
108,Monza e della Brianza,Lombardia,2019,variazioni_territoriali,0
108,Monza e della Brianza,Lombardia,2020,variazioni_territoriali,0
108,Monza e della Brianza,Lombardia,2021,variazioni_territoriali,0
108,Monza e della Brianza,Lombardia,2022,variazioni_territoriali,0
108,Monza e della Brianza,Lombardia,2023,variazioni_territoriali,0
108,Monza e della Brianza,Lombardia,2024,variazioni_territoriali,0
109,Fermo,Marche,2019,aggiustamento_statistico,-179
109,Fermo,Marche,2020,aggiustamento_statistico,-874
109,Fermo,Marche,2021,aggiustamento_statistico,-464
109,Fermo,Marche,2022,aggiustamento_statistico,-3
109,Fermo,Marche,2023,aggiustamento_statistico,-345
109,Fermo,Marche,2024,aggiustamento_statistico,-208
109,Fermo,Marche,2019,emigrati_estero,746
109,Fermo,Marche,2020,emigrati_estero,594
109,Fermo,Marche,2021,emigrati_estero,673
109,Fermo,Marche,2022,emigrati_estero,555
109,Fermo,Marche,2023,emigrati_estero,474
109,Fermo,Marche,2024,emigrati_estero,664
109,Fermo,Marche,2019,emigrati_interni,4391
109,Fermo,Marche,2020,emigrati_interni,3716
109,Fermo,Marche,2021,emigrati_interni,3860
109,Fermo,Marche,2022,emigrati_interni,4220
109,Fermo,Marche,2023,emigrati_interni,4232
109,Fermo,Marche,2024,emigrati_interni,4171
109,Fermo,Marche,2019,immigrati_estero,1028
109,Fermo,Marche,2020,immigrati_estero,825
109,Fermo,Marche,2021,immigrati_estero,1151
109,Fermo,Marche,2022,immigrati_estero,1326
109,Fermo,Marche,2023,immigrati_estero,1375
109,Fermo,Marche,2024,immigrati_estero,1601
109,Fermo,Marche,2019,immigrati_interni,4371
109,Fermo,Marche,2020,immigrati_interni,3491
109,Fermo,Marche,2021,immigrati_interni,3792
109,Fermo,Marche,2022,immigrati_interni,4205
109,Fermo,Marche,2023,immigrati_interni,4356
109,Fermo,Marche,2024,immigrati_interni,4190
109,Fermo,Marche,2019,morti,2087
109,Fermo,Marche,2020,morti,2237
109,Fermo,Marche,2021,morti,2359
109,Fermo,Marche,2022,morti,2203
109,Fermo,Marche,2023,morti,2110
109,Fermo,Marche,2024,morti,2047
109,Fermo,Marche,2019,nati,1060
109,Fermo,Marche,2020,nati,1078
109,Fermo,Marche,2021,nati,997
109,Fermo,Marche,2022,nati,980
109,Fermo,Marche,2023,nati,951
109,Fermo,Marche,2024,nati,911
109,Fermo,Marche,2019,popolazione_censita,171737
109,Fermo,Marche,2020,popolazione_censita,169710
109,Fermo,Marche,2021,popolazione_censita,168294
109,Fermo,Marche,2022,popolazione_censita,167824
109,Fermo,Marche,2023,popolazione_censita,167345
109,Fermo,Marche,2024,popolazione_censita,166957
109,Fermo,Marche,2019,popolazione_fine,171916
109,Fermo,Marche,2020,popolazione_fine,170584
109,Fermo,Marche,2021,popolazione_fine,168758
109,Fermo,Marche,2022,popolazione_fine,167827
109,Fermo,Marche,2023,popolazione_fine,167690
109,Fermo,Marche,2024,popolazione_fine,167165
109,Fermo,Marche,2019,popolazione_inizio,172681
109,Fermo,Marche,2020,popolazione_inizio,171737
109,Fermo,Marche,2021,popolazione_inizio,169710
109,Fermo,Marche,2022,popolazione_inizio,168294
109,Fermo,Marche,2023,popolazione_inizio,167824
109,Fermo,Marche,2024,popolazione_inizio,167345
109,Fermo,Marche,2019,variazioni_territoriali,0
109,Fermo,Marche,2020,variazioni_territoriali,0
109,Fermo,Marche,2021,variazioni_territoriali,0
109,Fermo,Marche,2022,variazioni_territoriali,0
109,Fermo,Marche,2023,variazioni_territoriali,0
109,Fermo,Marche,2024,variazioni_territoriali,0
110,Barletta-Andria-Trani,Puglia,2019,aggiustamento_statistico,-256
110,Barletta-Andria-Trani,Puglia,2020,aggiustamento_statistico,-1787
110,Barletta-Andria-Trani,Puglia,2021,aggiustamento_statistico,852
110,Barletta-Andria-Trani,Puglia,2022,aggiustamento_statistico,450
110,Barletta-Andria-Trani,Puglia,2023,aggiustamento_statistico,27
110,Barletta-Andria-Trani,Puglia,2024,aggiustamento_statistico,561
110,Barletta-Andria-Trani,Puglia,2019,emigrati_estero,852
110,Barletta-Andria-Trani,Puglia,2020,emigrati_estero,558
110,Barletta-Andria-Trani,Puglia,2021,emigrati_estero,538
110,Barletta-Andria-Trani,Puglia,2022,emigrati_estero,534
110,Barletta-Andria-Trani,Puglia,2023,emigrati_estero,515
110,Barletta-Andria-Trani,Puglia,2024,emigrati_estero,888
110,Barletta-Andria-Trani,Puglia,2019,emigrati_interni,4077
110,Barletta-Andria-Trani,Puglia,2020,emigrati_interni,3711
110,Barletta-Andria-Trani,Puglia,2021,emigrati_interni,3675
110,Barletta-Andria-Trani,Puglia,2022,emigrati_interni,4299
110,Barletta-Andria-Trani,Puglia,2023,emigrati_interni,4249
110,Barletta-Andria-Trani,Puglia,2024,emigrati_interni,4051
110,Barletta-Andria-Trani,Puglia,2019,immigrati_estero,831
110,Barletta-Andria-Trani,Puglia,2020,immigrati_estero,674
110,Barletta-Andria-Trani,Puglia,2021,immigrati_estero,918
110,Barletta-Andria-Trani,Puglia,2022,immigrati_estero,1043
110,Barletta-Andria-Trani,Puglia,2023,immigrati_estero,1075
110,Barletta-Andria-Trani,Puglia,2024,immigrati_estero,1341
110,Barletta-Andria-Trani,Puglia,2019,immigrati_interni,3127
110,Barletta-Andria-Trani,Puglia,2020,immigrati_interni,2918
110,Barletta-Andria-Trani,Puglia,2021,immigrati_interni,3050
110,Barletta-Andria-Trani,Puglia,2022,immigrati_interni,3204
110,Barletta-Andria-Trani,Puglia,2023,immigrati_interni,3085
110,Barletta-Andria-Trani,Puglia,2024,immigrati_interni,3152
110,Barletta-Andria-Trani,Puglia,2019,morti,3389
110,Barletta-Andria-Trani,Puglia,2020,morti,4011
110,Barletta-Andria-Trani,Puglia,2021,morti,3924
110,Barletta-Andria-Trani,Puglia,2022,morti,3675
110,Barletta-Andria-Trani,Puglia,2023,morti,3650
110,Barletta-Andria-Trani,Puglia,2024,morti,3460
110,Barletta-Andria-Trani,Puglia,2019,nati,2887
110,Barletta-Andria-Trani,Puglia,2020,nati,2765
110,Barletta-Andria-Trani,Puglia,2021,nati,2842
110,Barletta-Andria-Trani,Puglia,2022,nati,2704
110,Barletta-Andria-Trani,Puglia,2023,nati,2647
110,Barletta-Andria-Trani,Puglia,2024,nati,2509
110,Barletta-Andria-Trani,Puglia,2019,popolazione_censita,384801
110,Barletta-Andria-Trani,Puglia,2020,popolazione_censita,381091
110,Barletta-Andria-Trani,Puglia,2021,popolazione_censita,380616
110,Barletta-Andria-Trani,Puglia,2022,popolazione_censita,379509
110,Barletta-Andria-Trani,Puglia,2023,popolazione_censita,377929
110,Barletta-Andria-Trani,Puglia,2024,popolazione_censita,377093
110,Barletta-Andria-Trani,Puglia,2019,popolazione_fine,385057
110,Barletta-Andria-Trani,Puglia,2020,popolazione_fine,382878
110,Barletta-Andria-Trani,Puglia,2021,popolazione_fine,379764
110,Barletta-Andria-Trani,Puglia,2022,popolazione_fine,379059
110,Barletta-Andria-Trani,Puglia,2023,popolazione_fine,377902
110,Barletta-Andria-Trani,Puglia,2024,popolazione_fine,376532
110,Barletta-Andria-Trani,Puglia,2019,popolazione_inizio,386530
110,Barletta-Andria-Trani,Puglia,2020,popolazione_inizio,384801
110,Barletta-Andria-Trani,Puglia,2021,popolazione_inizio,381091
110,Barletta-Andria-Trani,Puglia,2022,popolazione_inizio,380616
110,Barletta-Andria-Trani,Puglia,2023,popolazione_inizio,379509
110,Barletta-Andria-Trani,Puglia,2024,popolazione_inizio,377929
110,Barletta-Andria-Trani,Puglia,2019,variazioni_territoriali,0
110,Barletta-Andria-Trani,Puglia,2020,variazioni_territoriali,0
110,Barletta-Andria-Trani,Puglia,2021,variazioni_territoriali,0
110,Barletta-Andria-Trani,Puglia,2022,variazioni_territoriali,0
110,Barletta-Andria-Trani,Puglia,2023,variazioni_territoriali,0
110,Barletta-Andria-Trani,Puglia,2024,variazioni_territoriali,0
111,Sud Sardegna,Sardegna,2019,aggiustamento_statistico,-213
111,Sud Sardegna,Sardegna,2020,aggiustamento_statistico,-2787
111,Sud Sardegna,Sardegna,2021,aggiustamento_statistico,1815
111,Sud Sardegna,Sardegna,2022,aggiustamento_statistico,327
111,Sud Sardegna,Sardegna,2023,aggiustamento_statistico,105
111,Sud Sardegna,Sardegna,2024,aggiustamento_statistico,328
111,Sud Sardegna,Sardegna,2019,emigrati_estero,1018
111,Sud Sardegna,Sardegna,2020,emigrati_estero,811
111,Sud Sardegna,Sardegna,2021,emigrati_estero,696
111,Sud Sardegna,Sardegna,2022,emigrati_estero,583
111,Sud Sardegna,Sardegna,2023,emigrati_estero,688
111,Sud Sardegna,Sardegna,2024,emigrati_estero,1050
111,Sud Sardegna,Sardegna,2019,emigrati_interni,6400
111,Sud Sardegna,Sardegna,2020,emigrati_interni,5822
111,Sud Sardegna,Sardegna,2021,emigrati_interni,5803
111,Sud Sardegna,Sardegna,2022,emigrati_interni,6039
111,Sud Sardegna,Sardegna,2023,emigrati_interni,5761
111,Sud Sardegna,Sardegna,2024,emigrati_interni,5759
111,Sud Sardegna,Sardegna,2019,immigrati_estero,786
111,Sud Sardegna,Sardegna,2020,immigrati_estero,702
111,Sud Sardegna,Sardegna,2021,immigrati_estero,818
111,Sud Sardegna,Sardegna,2022,immigrati_estero,1073
111,Sud Sardegna,Sardegna,2023,immigrati_estero,1419
111,Sud Sardegna,Sardegna,2024,immigrati_estero,1491
111,Sud Sardegna,Sardegna,2019,immigrati_interni,5555
111,Sud Sardegna,Sardegna,2020,immigrati_interni,5376
111,Sud Sardegna,Sardegna,2021,immigrati_interni,5614
111,Sud Sardegna,Sardegna,2022,immigrati_interni,5466
111,Sud Sardegna,Sardegna,2023,immigrati_interni,5605
111,Sud Sardegna,Sardegna,2024,immigrati_interni,5695
111,Sud Sardegna,Sardegna,2019,morti,3962
111,Sud Sardegna,Sardegna,2020,morti,4314
111,Sud Sardegna,Sardegna,2021,morti,4478
111,Sud Sardegna,Sardegna,2022,morti,4703
111,Sud Sardegna,Sardegna,2023,morti,4457
111,Sud Sardegna,Sardegna,2024,morti,4344
111,Sud Sardegna,Sardegna,2019,nati,1715
111,Sud Sardegna,Sardegna,2020,nati,1725
111,Sud Sardegna,Sardegna,2021,nati,1644
111,Sud Sardegna,Sardegna,2022,nati,1479
111,Sud Sardegna,Sardegna,2023,nati,1396
111,Sud Sardegna,Sardegna,2024,nati,1378
111,Sud Sardegna,Sardegna,2019,popolazione_censita,344195
111,Sud Sardegna,Sardegna,2020,popolazione_censita,338264
111,Sud Sardegna,Sardegna,2021,popolazione_censita,337178
111,Sud Sardegna,Sardegna,2022,popolazione_censita,334198
111,Sud Sardegna,Sardegna,2023,popolazione_censita,331817
111,Sud Sardegna,Sardegna,2024,popolazione_censita,329556
111,Sud Sardegna,Sardegna,2019,popolazione_fine,344408
111,Sud Sardegna,Sardegna,2020,popolazione_fine,341051
111,Sud Sardegna,Sardegna,2021,popolazione_fine,335363
111,Sud Sardegna,Sardegna,2022,popolazione_fine,333871
111,Sud Sardegna,Sardegna,2023,popolazione_fine,331712
111,Sud Sardegna,Sardegna,2024,popolazione_fine,329228
111,Sud Sardegna,Sardegna,2019,popolazione_inizio,347732
111,Sud Sardegna,Sardegna,2020,popolazione_inizio,344195
111,Sud Sardegna,Sardegna,2021,popolazione_inizio,338264
111,Sud Sardegna,Sardegna,2022,popolazione_inizio,337178
111,Sud Sardegna,Sardegna,2023,popolazione_inizio,334198
111,Sud Sardegna,Sardegna,2024,popolazione_inizio,331817
111,Sud Sardegna,Sardegna,2019,variazioni_territoriali,0
111,Sud Sardegna,Sardegna,2020,variazioni_territoriali,0
111,Sud Sardegna,Sardegna,2021,variazioni_territoriali,0
111,Sud Sardegna,Sardegna,2022,variazioni_territoriali,0
111,Sud Sardegna,Sardegna,2023,variazioni_territoriali,0
111,Sud Sardegna,Sardegna,2024,variazioni_territoriali,0
