tavola,anno,indicatore,sesso,classe_eta,eta,cittadinanza,titolo_studio,posizione_professionale,settore_attivita,condizione_professionale,luogo_destinazione,motivo_spostamento,valore
condizione_professionale_cittadinanza,2018,popolazione residente al 31 dicembre,femmine,,15 anni e più,italiano-a,totale,,,casalinga/o,tutte le voci,tutte le voci,10465.0
condizione_professionale_cittadinanza,2018,popolazione residente al 31 dicembre,femmine,,15 anni e più,italiano-a,totale,,,forze di lavoro,tutte le voci,tutte le voci,33262.0
condizione_professionale_cittadinanza,2018,popolazione residente al 31 dicembre,femmine,,15 anni e più,italiano-a,totale,,,in altra condizione,tutte le voci,tutte le voci,3888.0
condizione_professionale_cittadinanza,2018,popolazione residente al 31 dicembre,femmine,,15 anni e più,italiano-a,totale,,,in cerca di occupazione,tutte le voci,tutte le voci,3081.0
condizione_professionale_cittadinanza,2018,popolazione residente al 31 dicembre,femmine,,15 anni e più,italiano-a,totale,,,non forze di lavoro,tutte le voci,tutte le voci,41997.0
condizione_professionale_cittadinanza,2018,popolazione residente al 31 dicembre,femmine,,15 anni e più,italiano-a,totale,,,occupato,tutte le voci,tutte le voci,30181.0
condizione_professionale_cittadinanza,2018,popolazione residente al 31 dicembre,femmine,,15 anni e più,italiano-a,totale,,,percettore/rice di una o più pensioni per effetto di attività lavorativa precedente o di redditi da capitale,tutte le voci,tutte le voci,22026.0
condizione_professionale_cittadinanza,2018,popolazione residente al 31 dicembre,femmine,,15 anni e più,italiano-a,totale,,,studente/ssa,tutte le voci,tutte le voci,5618.0
condizione_professionale_cittadinanza,2018,popolazione residente al 31 dicembre,femmine,,15 anni e più,italiano-a,totale,,,totale,tutte le voci,tutte le voci,75259.0
condizione_professionale_cittadinanza,2018,popolazione residente al 31 dicembre,femmine,,15 anni e più,straniero-a/apolide,totale,,,casalinga/o,tutte le voci,tutte le voci,4557.0
condizione_professionale_cittadinanza,2018,popolazione residente al 31 dicembre,femmine,,15 anni e più,straniero-a/apolide,totale,,,forze di lavoro,tutte le voci,tutte le voci,8631.0
condizione_professionale_cittadinanza,2018,popolazione residente al 31 dicembre,femmine,,15 anni e più,straniero-a/apolide,totale,,,in altra condizione,tutte le voci,tutte le voci,771.0
condizione_professionale_cittadinanza,2018,popolazione residente al 31 dicembre,femmine,,15 anni e più,straniero-a/apolide,totale,,,in cerca di occupazione,tutte le voci,tutte le voci,2028.0
condizione_professionale_cittadinanza,2018,popolazione residente al 31 dicembre,femmine,,15 anni e più,straniero-a/apolide,totale,,,non forze di lavoro,tutte le voci,tutte le voci,6573.0
condizione_professionale_cittadinanza,2018,popolazione residente al 31 dicembre,femmine,,15 anni e più,straniero-a/apolide,totale,,,occupato,tutte le voci,tutte le voci,6603.0
condizione_professionale_cittadinanza,2018,popolazione residente al 31 dicembre,femmine,,15 anni e più,straniero-a/apolide,totale,,,percettore/rice di una o più pensioni per effetto di attività lavorativa precedente o di redditi da capitale,tutte le voci,tutte le voci,340.0
condizione_professionale_cittadinanza,2018,popolazione residente al 31 dicembre,femmine,,15 anni e più,straniero-a/apolide,totale,,,studente/ssa,tutte le voci,tutte le voci,905.0
condizione_professionale_cittadinanza,2018,popolazione residente al 31 dicembre,femmine,,15 anni e più,straniero-a/apolide,totale,,,totale,tutte le voci,tutte le voci,15204.0
condizione_professionale_cittadinanza,2018,popolazione residente al 31 dicembre,femmine,,15 anni e più,totale,totale,,,casalinga/o,tutte le voci,tutte le voci,15022.0
condizione_professionale_cittadinanza,2018,popolazione residente al 31 dicembre,femmine,,15 anni e più,totale,totale,,,forze di lavoro,tutte le voci,tutte le voci,41893.0
condizione_professionale_cittadinanza,2018,popolazione residente al 31 dicembre,femmine,,15 anni e più,totale,totale,,,in altra condizione,tutte le voci,tutte le voci,4659.0
condizione_professionale_cittadinanza,2018,popolazione residente al 31 dicembre,femmine,,15 anni e più,totale,totale,,,in cerca di occupazione,tutte le voci,tutte le voci,5109.0
condizione_professionale_cittadinanza,2018,popolazione residente al 31 dicembre,femmine,,15 anni e più,totale,totale,,,non forze di lavoro,tutte le voci,tutte le voci,48570.0
condizione_professionale_cittadinanza,2018,popolazione residente al 31 dicembre,femmine,,15 anni e più,totale,totale,,,occupato,tutte le voci,tutte le voci,36784.0
condizione_professionale_cittadinanza,2018,popolazione residente al 31 dicembre,femmine,,15 anni e più,totale,totale,,,percettore/rice di una o più pensioni per effetto di attività lavorativa precedente o di redditi da capitale,tutte le voci,tutte le voci,22366.0
condizione_professionale_cittadinanza,2018,popolazione residente al 31 dicembre,femmine,,15 anni e più,totale,totale,,,studente/ssa,tutte le voci,tutte le voci,6523.0
condizione_professionale_cittadinanza,2018,popolazione residente al 31 dicembre,femmine,,15 anni e più,totale,totale,,,totale,tutte le voci,tutte le voci,90463.0
condizione_professionale_cittadinanza,2018,popolazione residente al 31 dicembre,maschi,,15 anni e più,italiano-a,totale,,,casalinga/o,tutte le voci,tutte le voci,380.0
condizione_professionale_cittadinanza,2018,popolazione residente al 31 dicembre,maschi,,15 anni e più,italiano-a,totale,,,forze di lavoro,tutte le voci,tutte le voci,40292.0
condizione_professionale_cittadinanza,2018,popolazione residente al 31 dicembre,maschi,,15 anni e più,italiano-a,totale,,,in altra condizione,tutte le voci,tutte le voci,3370.0
condizione_professionale_cittadinanza,2018,popolazione residente al 31 dicembre,maschi,,15 anni e più,italiano-a,totale,,,in cerca di occupazione,tutte le voci,tutte le voci,2943.0
condizione_professionale_cittadinanza,2018,popolazione residente al 31 dicembre,maschi,,15 anni e più,italiano-a,totale,,,non forze di lavoro,tutte le voci,tutte le voci,26526.0
condizione_professionale_cittadinanza,2018,popolazione residente al 31 dicembre,maschi,,15 anni e più,italiano-a,totale,,,occupato,tutte le voci,tutte le voci,37349.0
condizione_professionale_cittadinanza,2018,popolazione residente al 31 dicembre,maschi,,15 anni e più,italiano-a,totale,,,percettore/rice di una o più pensioni per effetto di attività lavorativa precedente o di redditi da capitale,tutte le voci,tutte le voci,17509.0
condizione_professionale_cittadinanza,2018,popolazione residente al 31 dicembre,maschi,,15 anni e più,italiano-a,totale,,,studente/ssa,tutte le voci,tutte le voci,5267.0
condizione_professionale_cittadinanza,2018,popolazione residente al 31 dicembre,maschi,,15 anni e più,italiano-a,totale,,,totale,tutte le voci,tutte le voci,66818.0
condizione_professionale_cittadinanza,2018,popolazione residente al 31 dicembre,maschi,,15 anni e più,straniero-a/apolide,totale,,,casalinga/o,tutte le voci,tutte le voci,265.0
condizione_professionale_cittadinanza,2018,popolazione residente al 31 dicembre,maschi,,15 anni e più,straniero-a/apolide,totale,,,forze di lavoro,tutte le voci,tutte le voci,11075.0
condizione_professionale_cittadinanza,2018,popolazione residente al 31 dicembre,maschi,,15 anni e più,straniero-a/apolide,totale,,,in altra condizione,tutte le voci,tutte le voci,1082.0
condizione_professionale_cittadinanza,2018,popolazione residente al 31 dicembre,maschi,,15 anni e più,straniero-a/apolide,totale,,,in cerca di occupazione,tutte le voci,tutte le voci,2030.0
condizione_professionale_cittadinanza,2018,popolazione residente al 31 dicembre,maschi,,15 anni e più,straniero-a/apolide,totale,,,non forze di lavoro,tutte le voci,tutte le voci,2519.0
condizione_professionale_cittadinanza,2018,popolazione residente al 31 dicembre,maschi,,15 anni e più,straniero-a/apolide,totale,,,occupato,tutte le voci,tutte le voci,9045.0
condizione_professionale_cittadinanza,2018,popolazione residente al 31 dicembre,maschi,,15 anni e più,straniero-a/apolide,totale,,,percettore/rice di una o più pensioni per effetto di attività lavorativa precedente o di redditi da capitale,tutte le voci,tutte le voci,309.0
condizione_professionale_cittadinanza,2018,popolazione residente al 31 dicembre,maschi,,15 anni e più,straniero-a/apolide,totale,,,studente/ssa,tutte le voci,tutte le voci,863.0
condizione_professionale_cittadinanza,2018,popolazione residente al 31 dicembre,maschi,,15 anni e più,straniero-a/apolide,totale,,,totale,tutte le voci,tutte le voci,13594.0
condizione_professionale_cittadinanza,2018,popolazione residente al 31 dicembre,maschi,,15 anni e più,totale,totale,,,casalinga/o,tutte le voci,tutte le voci,645.0
condizione_professionale_cittadinanza,2018,popolazione residente al 31 dicembre,maschi,,15 anni e più,totale,totale,,,forze di lavoro,tutte le voci,tutte le voci,51367.0
condizione_professionale_cittadinanza,2018,popolazione residente al 31 dicembre,maschi,,15 anni e più,totale,totale,,,in altra condizione,tutte le voci,tutte le voci,4452.0
condizione_professionale_cittadinanza,2018,popolazione residente al 31 dicembre,maschi,,15 anni e più,totale,totale,,,in cerca di occupazione,tutte le voci,tutte le voci,4973.0
condizione_professionale_cittadinanza,2018,popolazione residente al 31 dicembre,maschi,,15 anni e più,totale,totale,,,non forze di lavoro,tutte le voci,tutte le voci,29045.0
condizione_professionale_cittadinanza,2018,popolazione residente al 31 dicembre,maschi,,15 anni e più,totale,totale,,,occupato,tutte le voci,tutte le voci,46394.0
condizione_professionale_cittadinanza,2018,popolazione residente al 31 dicembre,maschi,,15 anni e più,totale,totale,,,percettore/rice di una o più pensioni per effetto di attività lavorativa precedente o di redditi da capitale,tutte le voci,tutte le voci,17818.0
condizione_professionale_cittadinanza,2018,popolazione residente al 31 dicembre,maschi,,15 anni e più,totale,totale,,,studente/ssa,tutte le voci,tutte le voci,6130.0
condizione_professionale_cittadinanza,2018,popolazione residente al 31 dicembre,maschi,,15 anni e più,totale,totale,,,totale,tutte le voci,tutte le voci,80412.0
condizione_professionale_cittadinanza,2018,popolazione residente al 31 dicembre,totale,,15 anni e più,italiano-a,totale,,,casalinga/o,tutte le voci,tutte le voci,10845.0
condizione_professionale_cittadinanza,2018,popolazione residente al 31 dicembre,totale,,15 anni e più,italiano-a,totale,,,forze di lavoro,tutte le voci,tutte le voci,73554.0
condizione_professionale_cittadinanza,2018,popolazione residente al 31 dicembre,totale,,15 anni e più,italiano-a,totale,,,in altra condizione,tutte le voci,tutte le voci,7258.0
condizione_professionale_cittadinanza,2018,popolazione residente al 31 dicembre,totale,,15 anni e più,italiano-a,totale,,,in cerca di occupazione,tutte le voci,tutte le voci,6024.0
condizione_professionale_cittadinanza,2018,popolazione residente al 31 dicembre,totale,,15 anni e più,italiano-a,totale,,,non forze di lavoro,tutte le voci,tutte le voci,68523.0
condizione_professionale_cittadinanza,2018,popolazione residente al 31 dicembre,totale,,15 anni e più,italiano-a,totale,,,occupato,tutte le voci,tutte le voci,67530.0
condizione_professionale_cittadinanza,2018,popolazione residente al 31 dicembre,totale,,15 anni e più,italiano-a,totale,,,percettore/rice di una o più pensioni per effetto di attività lavorativa precedente o di redditi da capitale,tutte le voci,tutte le voci,39535.0
condizione_professionale_cittadinanza,2018,popolazione residente al 31 dicembre,totale,,15 anni e più,italiano-a,totale,,,studente/ssa,tutte le voci,tutte le voci,10885.0
condizione_professionale_cittadinanza,2018,popolazione residente al 31 dicembre,totale,,15 anni e più,italiano-a,totale,,,totale,tutte le voci,tutte le voci,142077.0
condizione_professionale_cittadinanza,2018,popolazione residente al 31 dicembre,totale,,15 anni e più,straniero-a/apolide,totale,,,casalinga/o,tutte le voci,tutte le voci,4822.0
condizione_professionale_cittadinanza,2018,popolazione residente al 31 dicembre,totale,,15 anni e più,straniero-a/apolide,totale,,,forze di lavoro,tutte le voci,tutte le voci,19706.0
condizione_professionale_cittadinanza,2018,popolazione residente al 31 dicembre,totale,,15 anni e più,straniero-a/apolide,totale,,,in altra condizione,tutte le voci,tutte le voci,1853.0
condizione_professionale_cittadinanza,2018,popolazione residente al 31 dicembre,totale,,15 anni e più,straniero-a/apolide,totale,,,in cerca di occupazione,tutte le voci,tutte le voci,4058.0
condizione_professionale_cittadinanza,2018,popolazione residente al 31 dicembre,totale,,15 anni e più,straniero-a/apolide,totale,,,non forze di lavoro,tutte le voci,tutte le voci,9092.0
condizione_professionale_cittadinanza,2018,popolazione residente al 31 dicembre,totale,,15 anni e più,straniero-a/apolide,totale,,,occupato,tutte le voci,tutte le voci,15648.0
condizione_professionale_cittadinanza,2018,popolazione residente al 31 dicembre,totale,,15 anni e più,straniero-a/apolide,totale,,,percettore/rice di una o più pensioni per effetto di attività lavorativa precedente o di redditi da capitale,tutte le voci,tutte le voci,649.0
condizione_professionale_cittadinanza,2018,popolazione residente al 31 dicembre,totale,,15 anni e più,straniero-a/apolide,totale,,,studente/ssa,tutte le voci,tutte le voci,1768.0
condizione_professionale_cittadinanza,2018,popolazione residente al 31 dicembre,totale,,15 anni e più,straniero-a/apolide,totale,,,totale,tutte le voci,tutte le voci,28798.0
condizione_professionale_cittadinanza,2018,popolazione residente al 31 dicembre,totale,,15 anni e più,totale,totale,,,casalinga/o,tutte le voci,tutte le voci,15667.0
condizione_professionale_cittadinanza,2018,popolazione residente al 31 dicembre,totale,,15 anni e più,totale,totale,,,forze di lavoro,tutte le voci,tutte le voci,93260.0
condizione_professionale_cittadinanza,2018,popolazione residente al 31 dicembre,totale,,15 anni e più,totale,totale,,,in altra condizione,tutte le voci,tutte le voci,9111.0
condizione_professionale_cittadinanza,2018,popolazione residente al 31 dicembre,totale,,15 anni e più,totale,totale,,,in cerca di occupazione,tutte le voci,tutte le voci,10082.0
condizione_professionale_cittadinanza,2018,popolazione residente al 31 dicembre,totale,,15 anni e più,totale,totale,,,non forze di lavoro,tutte le voci,tutte le voci,77615.0
condizione_professionale_cittadinanza,2018,popolazione residente al 31 dicembre,totale,,15 anni e più,totale,totale,,,occupato,tutte le voci,tutte le voci,83178.0
condizione_professionale_cittadinanza,2018,popolazione residente al 31 dicembre,totale,,15 anni e più,totale,totale,,,percettore/rice di una o più pensioni per effetto di attività lavorativa precedente o di redditi da capitale,tutte le voci,tutte le voci,40184.0
condizione_professionale_cittadinanza,2018,popolazione residente al 31 dicembre,totale,,15 anni e più,totale,totale,,,studente/ssa,tutte le voci,tutte le voci,12653.0
condizione_professionale_cittadinanza,2018,popolazione residente al 31 dicembre,totale,,15 anni e più,totale,totale,,,totale,tutte le voci,tutte le voci,170875.0
condizione_professionale_cittadinanza,2019,popolazione residente al 31 dicembre,femmine,,15 anni e più,italiano-a,totale,,,casalinga/o,tutte le voci,tutte le voci,10387.0
condizione_professionale_cittadinanza,2019,popolazione residente al 31 dicembre,femmine,,15 anni e più,italiano-a,totale,,,forze di lavoro,tutte le voci,tutte le voci,33573.0
condizione_professionale_cittadinanza,2019,popolazione residente al 31 dicembre,femmine,,15 anni e più,italiano-a,totale,,,in altra condizione,tutte le voci,tutte le voci,3727.0
condizione_professionale_cittadinanza,2019,popolazione residente al 31 dicembre,femmine,,15 anni e più,italiano-a,totale,,,in cerca di occupazione,tutte le voci,tutte le voci,2674.0
condizione_professionale_cittadinanza,2019,popolazione residente al 31 dicembre,femmine,,15 anni e più,italiano-a,totale,,,non forze di lavoro,tutte le voci,tutte le voci,41718.0
condizione_professionale_cittadinanza,2019,popolazione residente al 31 dicembre,femmine,,15 anni e più,italiano-a,totale,,,occupato,tutte le voci,tutte le voci,30899.0
condizione_professionale_cittadinanza,2019,popolazione residente al 31 dicembre,femmine,,15 anni e più,italiano-a,totale,,,percettore/rice di una o più pensioni per effetto di attività lavorativa precedente o di redditi da capitale,tutte le voci,tutte le voci,21769.0
condizione_professionale_cittadinanza,2019,popolazione residente al 31 dicembre,femmine,,15 anni e più,italiano-a,totale,,,studente/ssa,tutte le voci,tutte le voci,5835.0
condizione_professionale_cittadinanza,2019,popolazione residente al 31 dicembre,femmine,,15 anni e più,italiano-a,totale,,,totale,tutte le voci,tutte le voci,75291.0
condizione_professionale_cittadinanza,2019,popolazione residente al 31 dicembre,femmine,,15 anni e più,straniero-a/apolide,totale,,,casalinga/o,tutte le voci,tutte le voci,4633.0
condizione_professionale_cittadinanza,2019,popolazione residente al 31 dicembre,femmine,,15 anni e più,straniero-a/apolide,totale,,,forze di lavoro,tutte le voci,tutte le voci,8448.0
condizione_professionale_cittadinanza,2019,popolazione residente al 31 dicembre,femmine,,15 anni e più,straniero-a/apolide,totale,,,in altra condizione,tutte le voci,tutte le voci,801.0
condizione_professionale_cittadinanza,2019,popolazione residente al 31 dicembre,femmine,,15 anni e più,straniero-a/apolide,totale,,,in cerca di occupazione,tutte le voci,tutte le voci,1859.0
condizione_professionale_cittadinanza,2019,popolazione residente al 31 dicembre,femmine,,15 anni e più,straniero-a/apolide,totale,,,non forze di lavoro,tutte le voci,tutte le voci,6743.0
condizione_professionale_cittadinanza,2019,popolazione residente al 31 dicembre,femmine,,15 anni e più,straniero-a/apolide,totale,,,occupato,tutte le voci,tutte le voci,6589.0
condizione_professionale_cittadinanza,2019,popolazione residente al 31 dicembre,femmine,,15 anni e più,straniero-a/apolide,totale,,,percettore/rice di una o più pensioni per effetto di attività lavorativa precedente o di redditi da capitale,tutte le voci,tutte le voci,348.0
condizione_professionale_cittadinanza,2019,popolazione residente al 31 dicembre,femmine,,15 anni e più,straniero-a/apolide,totale,,,studente/ssa,tutte le voci,tutte le voci,961.0
condizione_professionale_cittadinanza,2019,popolazione residente al 31 dicembre,femmine,,15 anni e più,straniero-a/apolide,totale,,,totale,tutte le voci,tutte le voci,15191.0
condizione_professionale_cittadinanza,2019,popolazione residente al 31 dicembre,femmine,,15 anni e più,totale,totale,,,casalinga/o,tutte le voci,tutte le voci,15020.0
condizione_professionale_cittadinanza,2019,popolazione residente al 31 dicembre,femmine,,15 anni e più,totale,totale,,,forze di lavoro,tutte le voci,tutte le voci,42022.0
condizione_professionale_cittadinanza,2019,popolazione residente al 31 dicembre,femmine,,15 anni e più,totale,totale,,,in altra condizione,tutte le voci,tutte le voci,4528.0
condizione_professionale_cittadinanza,2019,popolazione residente al 31 dicembre,femmine,,15 anni e più,totale,totale,,,in cerca di occupazione,tutte le voci,tutte le voci,4533.0
condizione_professionale_cittadinanza,2019,popolazione residente al 31 dicembre,femmine,,15 anni e più,totale,totale,,,non forze di lavoro,tutte le voci,tutte le voci,48461.0
condizione_professionale_cittadinanza,2019,popolazione residente al 31 dicembre,femmine,,15 anni e più,totale,totale,,,occupato,tutte le voci,tutte le voci,37489.0
condizione_professionale_cittadinanza,2019,popolazione residente al 31 dicembre,femmine,,15 anni e più,totale,totale,,,percettore/rice di una o più pensioni per effetto di attività lavorativa precedente o di redditi da capitale,tutte le voci,tutte le voci,22117.0
condizione_professionale_cittadinanza,2019,popolazione residente al 31 dicembre,femmine,,15 anni e più,totale,totale,,,studente/ssa,tutte le voci,tutte le voci,6796.0
condizione_professionale_cittadinanza,2019,popolazione residente al 31 dicembre,femmine,,15 anni e più,totale,totale,,,totale,tutte le voci,tutte le voci,90482.0
condizione_professionale_cittadinanza,2019,popolazione residente al 31 dicembre,maschi,,15 anni e più,italiano-a,totale,,,casalinga/o,tutte le voci,tutte le voci,338.0
condizione_professionale_cittadinanza,2019,popolazione residente al 31 dicembre,maschi,,15 anni e più,italiano-a,totale,,,forze di lavoro,tutte le voci,tutte le voci,40369.0
condizione_professionale_cittadinanza,2019,popolazione residente al 31 dicembre,maschi,,15 anni e più,italiano-a,totale,,,in altra condizione,tutte le voci,tutte le voci,3208.0
condizione_professionale_cittadinanza,2019,popolazione residente al 31 dicembre,maschi,,15 anni e più,italiano-a,totale,,,in cerca di occupazione,tutte le voci,tutte le voci,2500.0
condizione_professionale_cittadinanza,2019,popolazione residente al 31 dicembre,maschi,,15 anni e più,italiano-a,totale,,,non forze di lavoro,tutte le voci,tutte le voci,26730.0
condizione_professionale_cittadinanza,2019,popolazione residente al 31 dicembre,maschi,,15 anni e più,italiano-a,totale,,,occupato,tutte le voci,tutte le voci,37869.0
condizione_professionale_cittadinanza,2019,popolazione residente al 31 dicembre,maschi,,15 anni e più,italiano-a,totale,,,percettore/rice di una o più pensioni per effetto di attività lavorativa precedente o di redditi da capitale,tutte le voci,tutte le voci,17814.0
condizione_professionale_cittadinanza,2019,popolazione residente al 31 dicembre,maschi,,15 anni e più,italiano-a,totale,,,studente/ssa,tutte le voci,tutte le voci,5370.0
condizione_professionale_cittadinanza,2019,popolazione residente al 31 dicembre,maschi,,15 anni e più,italiano-a,totale,,,totale,tutte le voci,tutte le voci,67099.0
condizione_professionale_cittadinanza,2019,popolazione residente al 31 dicembre,maschi,,15 anni e più,straniero-a/apolide,totale,,,casalinga/o,tutte le voci,tutte le voci,225.0
condizione_professionale_cittadinanza,2019,popolazione residente al 31 dicembre,maschi,,15 anni e più,straniero-a/apolide,totale,,,forze di lavoro,tutte le voci,tutte le voci,11145.0
condizione_professionale_cittadinanza,2019,popolazione residente al 31 dicembre,maschi,,15 anni e più,straniero-a/apolide,totale,,,in altra condizione,tutte le voci,tutte le voci,1064.0
condizione_professionale_cittadinanza,2019,popolazione residente al 31 dicembre,maschi,,15 anni e più,straniero-a/apolide,totale,,,in cerca di occupazione,tutte le voci,tutte le voci,1708.0
condizione_professionale_cittadinanza,2019,popolazione residente al 31 dicembre,maschi,,15 anni e più,straniero-a/apolide,totale,,,non forze di lavoro,tutte le voci,tutte le voci,2566.0
condizione_professionale_cittadinanza,2019,popolazione residente al 31 dicembre,maschi,,15 anni e più,straniero-a/apolide,totale,,,occupato,tutte le voci,tutte le voci,9437.0
condizione_professionale_cittadinanza,2019,popolazione residente al 31 dicembre,maschi,,15 anni e più,straniero-a/apolide,totale,,,percettore/rice di una o più pensioni per effetto di attività lavorativa precedente o di redditi da capitale,tutte le voci,tutte le voci,367.0
condizione_professionale_cittadinanza,2019,popolazione residente al 31 dicembre,maschi,,15 anni e più,straniero-a/apolide,totale,,,studente/ssa,tutte le voci,tutte le voci,910.0
condizione_professionale_cittadinanza,2019,popolazione residente al 31 dicembre,maschi,,15 anni e più,straniero-a/apolide,totale,,,totale,tutte le voci,tutte le voci,13711.0
condizione_professionale_cittadinanza,2019,popolazione residente al 31 dicembre,maschi,,15 anni e più,totale,totale,,,casalinga/o,tutte le voci,tutte le voci,563.0
condizione_professionale_cittadinanza,2019,popolazione residente al 31 dicembre,maschi,,15 anni e più,totale,totale,,,forze di lavoro,tutte le voci,tutte le voci,51514.0
condizione_professionale_cittadinanza,2019,popolazione residente al 31 dicembre,maschi,,15 anni e più,totale,totale,,,in altra condizione,tutte le voci,tutte le voci,4272.0
condizione_professionale_cittadinanza,2019,popolazione residente al 31 dicembre,maschi,,15 anni e più,totale,totale,,,in cerca di occupazione,tutte le voci,tutte le voci,4208.0
condizione_professionale_cittadinanza,2019,popolazione residente al 31 dicembre,maschi,,15 anni e più,totale,totale,,,non forze di lavoro,tutte le voci,tutte le voci,29296.0
condizione_professionale_cittadinanza,2019,popolazione residente al 31 dicembre,maschi,,15 anni e più,totale,totale,,,occupato,tutte le voci,tutte le voci,47306.0
condizione_professionale_cittadinanza,2019,popolazione residente al 31 dicembre,maschi,,15 anni e più,totale,totale,,,percettore/rice di una o più pensioni per effetto di attività lavorativa precedente o di redditi da capitale,tutte le voci,tutte le voci,18181.0
condizione_professionale_cittadinanza,2019,popolazione residente al 31 dicembre,maschi,,15 anni e più,totale,totale,,,studente/ssa,tutte le voci,tutte le voci,6280.0
condizione_professionale_cittadinanza,2019,popolazione residente al 31 dicembre,maschi,,15 anni e più,totale,totale,,,totale,tutte le voci,tutte le voci,80810.0
condizione_professionale_cittadinanza,2019,popolazione residente al 31 dicembre,totale,,15 anni e più,italiano-a,totale,,,casalinga/o,tutte le voci,tutte le voci,10725.0
condizione_professionale_cittadinanza,2019,popolazione residente al 31 dicembre,totale,,15 anni e più,italiano-a,totale,,,forze di lavoro,tutte le voci,tutte le voci,73942.0
condizione_professionale_cittadinanza,2019,popolazione residente al 31 dicembre,totale,,15 anni e più,italiano-a,totale,,,in altra condizione,tutte le voci,tutte le voci,6935.0
condizione_professionale_cittadinanza,2019,popolazione residente al 31 dicembre,totale,,15 anni e più,italiano-a,totale,,,in cerca di occupazione,tutte le voci,tutte le voci,5174.0
condizione_professionale_cittadinanza,2019,popolazione residente al 31 dicembre,totale,,15 anni e più,italiano-a,totale,,,non forze di lavoro,tutte le voci,tutte le voci,68448.0
condizione_professionale_cittadinanza,2019,popolazione residente al 31 dicembre,totale,,15 anni e più,italiano-a,totale,,,occupato,tutte le voci,tutte le voci,68768.0
condizione_professionale_cittadinanza,2019,popolazione residente al 31 dicembre,totale,,15 anni e più,italiano-a,totale,,,percettore/rice di una o più pensioni per effetto di attività lavorativa precedente o di redditi da capitale,tutte le voci,tutte le voci,39583.0
condizione_professionale_cittadinanza,2019,popolazione residente al 31 dicembre,totale,,15 anni e più,italiano-a,totale,,,studente/ssa,tutte le voci,tutte le voci,11205.0
condizione_professionale_cittadinanza,2019,popolazione residente al 31 dicembre,totale,,15 anni e più,italiano-a,totale,,,totale,tutte le voci,tutte le voci,142390.0
condizione_professionale_cittadinanza,2019,popolazione residente al 31 dicembre,totale,,15 anni e più,straniero-a/apolide,totale,,,casalinga/o,tutte le voci,tutte le voci,4858.0
condizione_professionale_cittadinanza,2019,popolazione residente al 31 dicembre,totale,,15 anni e più,straniero-a/apolide,totale,,,forze di lavoro,tutte le voci,tutte le voci,19593.0
condizione_professionale_cittadinanza,2019,popolazione residente al 31 dicembre,totale,,15 anni e più,straniero-a/apolide,totale,,,in altra condizione,tutte le voci,tutte le voci,1865.0
condizione_professionale_cittadinanza,2019,popolazione residente al 31 dicembre,totale,,15 anni e più,straniero-a/apolide,totale,,,in cerca di occupazione,tutte le voci,tutte le voci,3567.0
condizione_professionale_cittadinanza,2019,popolazione residente al 31 dicembre,totale,,15 anni e più,straniero-a/apolide,totale,,,non forze di lavoro,tutte le voci,tutte le voci,9309.0
condizione_professionale_cittadinanza,2019,popolazione residente al 31 dicembre,totale,,15 anni e più,straniero-a/apolide,totale,,,occupato,tutte le voci,tutte le voci,16026.0
condizione_professionale_cittadinanza,2019,popolazione residente al 31 dicembre,totale,,15 anni e più,straniero-a/apolide,totale,,,percettore/rice di una o più pensioni per effetto di attività lavorativa precedente o di redditi da capitale,tutte le voci,tutte le voci,715.0
condizione_professionale_cittadinanza,2019,popolazione residente al 31 dicembre,totale,,15 anni e più,straniero-a/apolide,totale,,,studente/ssa,tutte le voci,tutte le voci,1871.0
condizione_professionale_cittadinanza,2019,popolazione residente al 31 dicembre,totale,,15 anni e più,straniero-a/apolide,totale,,,totale,tutte le voci,tutte le voci,28902.0
condizione_professionale_cittadinanza,2019,popolazione residente al 31 dicembre,totale,,15 anni e più,totale,totale,,,casalinga/o,tutte le voci,tutte le voci,15583.0
condizione_professionale_cittadinanza,2019,popolazione residente al 31 dicembre,totale,,15 anni e più,totale,totale,,,forze di lavoro,tutte le voci,tutte le voci,93536.0
condizione_professionale_cittadinanza,2019,popolazione residente al 31 dicembre,totale,,15 anni e più,totale,totale,,,in altra condizione,tutte le voci,tutte le voci,8800.0
condizione_professionale_cittadinanza,2019,popolazione residente al 31 dicembre,totale,,15 anni e più,totale,totale,,,in cerca di occupazione,tutte le voci,tutte le voci,8741.0
condizione_professionale_cittadinanza,2019,popolazione residente al 31 dicembre,totale,,15 anni e più,totale,totale,,,non forze di lavoro,tutte le voci,tutte le voci,77757.0
condizione_professionale_cittadinanza,2019,popolazione residente al 31 dicembre,totale,,15 anni e più,totale,totale,,,occupato,tutte le voci,tutte le voci,84795.0
condizione_professionale_cittadinanza,2019,popolazione residente al 31 dicembre,totale,,15 anni e più,totale,totale,,,percettore/rice di una o più pensioni per effetto di attività lavorativa precedente o di redditi da capitale,tutte le voci,tutte le voci,40298.0
condizione_professionale_cittadinanza,2019,popolazione residente al 31 dicembre,totale,,15 anni e più,totale,totale,,,studente/ssa,tutte le voci,tutte le voci,13076.0
condizione_professionale_cittadinanza,2019,popolazione residente al 31 dicembre,totale,,15 anni e più,totale,totale,,,totale,tutte le voci,tutte le voci,171292.0
condizione_professionale_cittadinanza,2021,popolazione residente al 31 dicembre,femmine,,15 anni e più,italiano-a,totale,,,casalinga/o,tutte le voci,tutte le voci,9761.3
condizione_professionale_cittadinanza,2021,popolazione residente al 31 dicembre,femmine,,15 anni e più,italiano-a,totale,,,forze di lavoro,tutte le voci,tutte le voci,33377.9
condizione_professionale_cittadinanza,2021,popolazione residente al 31 dicembre,femmine,,15 anni e più,italiano-a,totale,,,in altra condizione,tutte le voci,tutte le voci,3738.4
condizione_professionale_cittadinanza,2021,popolazione residente al 31 dicembre,femmine,,15 anni e più,italiano-a,totale,,,in cerca di occupazione,tutte le voci,tutte le voci,2101.9
condizione_professionale_cittadinanza,2021,popolazione residente al 31 dicembre,femmine,,15 anni e più,italiano-a,totale,,,non forze di lavoro,tutte le voci,tutte le voci,41313.1
condizione_professionale_cittadinanza,2021,popolazione residente al 31 dicembre,femmine,,15 anni e più,italiano-a,totale,,,occupato,tutte le voci,tutte le voci,31276.0
condizione_professionale_cittadinanza,2021,popolazione residente al 31 dicembre,femmine,,15 anni e più,italiano-a,totale,,,percettore/rice di una o più pensioni per effetto di attività lavorativa precedente o di redditi da capitale,tutte le voci,tutte le voci,22022.2
condizione_professionale_cittadinanza,2021,popolazione residente al 31 dicembre,femmine,,15 anni e più,italiano-a,totale,,,studente/ssa,tutte le voci,tutte le voci,5791.3
condizione_professionale_cittadinanza,2021,popolazione residente al 31 dicembre,femmine,,15 anni e più,italiano-a,totale,,,totale,tutte le voci,tutte le voci,74691.0
condizione_professionale_cittadinanza,2021,popolazione residente al 31 dicembre,femmine,,15 anni e più,straniero-a/apolide,totale,,,casalinga/o,tutte le voci,tutte le voci,4476.6
condizione_professionale_cittadinanza,2021,popolazione residente al 31 dicembre,femmine,,15 anni e più,straniero-a/apolide,totale,,,forze di lavoro,tutte le voci,tutte le voci,8249.2
condizione_professionale_cittadinanza,2021,popolazione residente al 31 dicembre,femmine,,15 anni e più,straniero-a/apolide,totale,,,in altra condizione,tutte le voci,tutte le voci,915.6
condizione_professionale_cittadinanza,2021,popolazione residente al 31 dicembre,femmine,,15 anni e più,straniero-a/apolide,totale,,,in cerca di occupazione,tutte le voci,tutte le voci,1206.2
condizione_professionale_cittadinanza,2021,popolazione residente al 31 dicembre,femmine,,15 anni e più,straniero-a/apolide,totale,,,non forze di lavoro,tutte le voci,tutte le voci,6773.8
condizione_professionale_cittadinanza,2021,popolazione residente al 31 dicembre,femmine,,15 anni e più,straniero-a/apolide,totale,,,occupato,tutte le voci,tutte le voci,7043.0
condizione_professionale_cittadinanza,2021,popolazione residente al 31 dicembre,femmine,,15 anni e più,straniero-a/apolide,totale,,,percettore/rice di una o più pensioni per effetto di attività lavorativa precedente o di redditi da capitale,tutte le voci,tutte le voci,439.6
condizione_professionale_cittadinanza,2021,popolazione residente al 31 dicembre,femmine,,15 anni e più,straniero-a/apolide,totale,,,studente/ssa,tutte le voci,tutte le voci,942.0
condizione_professionale_cittadinanza,2021,popolazione residente al 31 dicembre,femmine,,15 anni e più,straniero-a/apolide,totale,,,totale,tutte le voci,tutte le voci,15023.0
condizione_professionale_cittadinanza,2021,popolazione residente al 31 dicembre,femmine,,15 anni e più,totale,totale,,,casalinga/o,tutte le voci,tutte le voci,14237.9
condizione_professionale_cittadinanza,2021,popolazione residente al 31 dicembre,femmine,,15 anni e più,totale,totale,,,forze di lavoro,tutte le voci,tutte le voci,41627.0
condizione_professionale_cittadinanza,2021,popolazione residente al 31 dicembre,femmine,,15 anni e più,totale,totale,,,in altra condizione,tutte le voci,tutte le voci,4653.9
condizione_professionale_cittadinanza,2021,popolazione residente al 31 dicembre,femmine,,15 anni e più,totale,totale,,,in cerca di occupazione,tutte le voci,tutte le voci,3308.0
condizione_professionale_cittadinanza,2021,popolazione residente al 31 dicembre,femmine,,15 anni e più,totale,totale,,,non forze di lavoro,tutte le voci,tutte le voci,48087.0
condizione_professionale_cittadinanza,2021,popolazione residente al 31 dicembre,femmine,,15 anni e più,totale,totale,,,occupato,tutte le voci,tutte le voci,38319.0
condizione_professionale_cittadinanza,2021,popolazione residente al 31 dicembre,femmine,,15 anni e più,totale,totale,,,percettore/rice di una o più pensioni per effetto di attività lavorativa precedente o di redditi da capitale,tutte le voci,tutte le voci,22461.9
condizione_professionale_cittadinanza,2021,popolazione residente al 31 dicembre,femmine,,15 anni e più,totale,totale,,,studente/ssa,tutte le voci,tutte le voci,6733.3
condizione_professionale_cittadinanza,2021,popolazione residente al 31 dicembre,femmine,,15 anni e più,totale,totale,,,totale,tutte le voci,tutte le voci,89714.0
condizione_professionale_cittadinanza,2021,popolazione residente al 31 dicembre,maschi,,15 anni e più,italiano-a,totale,,,casalinga/o,tutte le voci,tutte le voci,451.3
condizione_professionale_cittadinanza,2021,popolazione residente al 31 dicembre,maschi,,15 anni e più,italiano-a,totale,,,forze di lavoro,tutte le voci,tutte le voci,39797.9
condizione_professionale_cittadinanza,2021,popolazione residente al 31 dicembre,maschi,,15 anni e più,italiano-a,totale,,,in altra condizione,tutte le voci,tutte le voci,3438.6
condizione_professionale_cittadinanza,2021,popolazione residente al 31 dicembre,maschi,,15 anni e più,italiano-a,totale,,,in cerca di occupazione,tutte le voci,tutte le voci,1933.9
condizione_professionale_cittadinanza,2021,popolazione residente al 31 dicembre,maschi,,15 anni e più,italiano-a,totale,,,non forze di lavoro,tutte le voci,tutte le voci,26950.1
condizione_professionale_cittadinanza,2021,popolazione residente al 31 dicembre,maschi,,15 anni e più,italiano-a,totale,,,occupato,tutte le voci,tutte le voci,37864.0
condizione_professionale_cittadinanza,2021,popolazione residente al 31 dicembre,maschi,,15 anni e più,italiano-a,totale,,,percettore/rice di una o più pensioni per effetto di attività lavorativa precedente o di redditi da capitale,tutte le voci,tutte le voci,17914.6
condizione_professionale_cittadinanza,2021,popolazione residente al 31 dicembre,maschi,,15 anni e più,italiano-a,totale,,,studente/ssa,tutte le voci,tutte le voci,5145.6
condizione_professionale_cittadinanza,2021,popolazione residente al 31 dicembre,maschi,,15 anni e più,italiano-a,totale,,,totale,tutte le voci,tutte le voci,66748.0
condizione_professionale_cittadinanza,2021,popolazione residente al 31 dicembre,maschi,,15 anni e più,straniero-a/apolide,totale,,,casalinga/o,tutte le voci,tutte le voci,280.7
condizione_professionale_cittadinanza,2021,popolazione residente al 31 dicembre,maschi,,15 anni e più,straniero-a/apolide,totale,,,forze di lavoro,tutte le voci,tutte le voci,11728.4
condizione_professionale_cittadinanza,2021,popolazione residente al 31 dicembre,maschi,,15 anni e più,straniero-a/apolide,totale,,,in altra condizione,tutte le voci,tutte le voci,1249.7
condizione_professionale_cittadinanza,2021,popolazione residente al 31 dicembre,maschi,,15 anni e più,straniero-a/apolide,totale,,,in cerca di occupazione,tutte le voci,tutte le voci,1123.4
condizione_professionale_cittadinanza,2021,popolazione residente al 31 dicembre,maschi,,15 anni e più,straniero-a/apolide,totale,,,non forze di lavoro,tutte le voci,tutte le voci,2831.6
condizione_professionale_cittadinanza,2021,popolazione residente al 31 dicembre,maschi,,15 anni e più,straniero-a/apolide,totale,,,occupato,tutte le voci,tutte le voci,10605.0
condizione_professionale_cittadinanza,2021,popolazione residente al 31 dicembre,maschi,,15 anni e più,straniero-a/apolide,totale,,,percettore/rice di una o più pensioni per effetto di attività lavorativa precedente o di redditi da capitale,tutte le voci,tutte le voci,433.2
condizione_professionale_cittadinanza,2021,popolazione residente al 31 dicembre,maschi,,15 anni e più,straniero-a/apolide,totale,,,studente/ssa,tutte le voci,tutte le voci,868.1
condizione_professionale_cittadinanza,2021,popolazione residente al 31 dicembre,maschi,,15 anni e più,straniero-a/apolide,totale,,,totale,tutte le voci,tutte le voci,14560.0
condizione_professionale_cittadinanza,2021,popolazione residente al 31 dicembre,maschi,,15 anni e più,totale,totale,,,casalinga/o,tutte le voci,tutte le voci,732.0
condizione_professionale_cittadinanza,2021,popolazione residente al 31 dicembre,maschi,,15 anni e più,totale,totale,,,forze di lavoro,tutte le voci,tutte le voci,51526.3
condizione_professionale_cittadinanza,2021,popolazione residente al 31 dicembre,maschi,,15 anni e più,totale,totale,,,in altra condizione,tutte le voci,tutte le voci,4688.3
condizione_professionale_cittadinanza,2021,popolazione residente al 31 dicembre,maschi,,15 anni e più,totale,totale,,,in cerca di occupazione,tutte le voci,tutte le voci,3057.3
condizione_professionale_cittadinanza,2021,popolazione residente al 31 dicembre,maschi,,15 anni e più,totale,totale,,,non forze di lavoro,tutte le voci,tutte le voci,29781.7
condizione_professionale_cittadinanza,2021,popolazione residente al 31 dicembre,maschi,,15 anni e più,totale,totale,,,occupato,tutte le voci,tutte le voci,48469.0
condizione_professionale_cittadinanza,2021,popolazione residente al 31 dicembre,maschi,,15 anni e più,totale,totale,,,percettore/rice di una o più pensioni per effetto di attività lavorativa precedente o di redditi da capitale,tutte le voci,tutte le voci,18347.8
condizione_professionale_cittadinanza,2021,popolazione residente al 31 dicembre,maschi,,15 anni e più,totale,totale,,,studente/ssa,tutte le voci,tutte le voci,6013.6
condizione_professionale_cittadinanza,2021,popolazione residente al 31 dicembre,maschi,,15 anni e più,totale,totale,,,totale,tutte le voci,tutte le voci,81308.0
condizione_professionale_cittadinanza,2021,popolazione residente al 31 dicembre,totale,,15 anni e più,italiano-a,totale,,,casalinga/o,tutte le voci,tutte le voci,10212.6
condizione_professionale_cittadinanza,2021,popolazione residente al 31 dicembre,totale,,15 anni e più,italiano-a,totale,,,forze di lavoro,tutte le voci,tutte le voci,73175.7
condizione_professionale_cittadinanza,2021,popolazione residente al 31 dicembre,totale,,15 anni e più,italiano-a,totale,,,in altra condizione,tutte le voci,tutte le voci,7177.0
condizione_professionale_cittadinanza,2021,popolazione residente al 31 dicembre,totale,,15 anni e più,italiano-a,totale,,,in cerca di occupazione,tutte le voci,tutte le voci,4035.7
condizione_professionale_cittadinanza,2021,popolazione residente al 31 dicembre,totale,,15 anni e più,italiano-a,totale,,,non forze di lavoro,tutte le voci,tutte le voci,68263.3
condizione_professionale_cittadinanza,2021,popolazione residente al 31 dicembre,totale,,15 anni e più,italiano-a,totale,,,occupato,tutte le voci,tutte le voci,69140.0
condizione_professionale_cittadinanza,2021,popolazione residente al 31 dicembre,totale,,15 anni e più,italiano-a,totale,,,percettore/rice di una o più pensioni per effetto di attività lavorativa precedente o di redditi da capitale,tutte le voci,tutte le voci,39936.8
condizione_professionale_cittadinanza,2021,popolazione residente al 31 dicembre,totale,,15 anni e più,italiano-a,totale,,,studente/ssa,tutte le voci,tutte le voci,10936.8
condizione_professionale_cittadinanza,2021,popolazione residente al 31 dicembre,totale,,15 anni e più,italiano-a,totale,,,totale,tutte le voci,tutte le voci,141439.0
condizione_professionale_cittadinanza,2021,popolazione residente al 31 dicembre,totale,,15 anni e più,straniero-a/apolide,totale,,,casalinga/o,tutte le voci,tutte le voci,4757.3
condizione_professionale_cittadinanza,2021,popolazione residente al 31 dicembre,totale,,15 anni e più,straniero-a/apolide,totale,,,forze di lavoro,tutte le voci,tutte le voci,19977.5
condizione_professionale_cittadinanza,2021,popolazione residente al 31 dicembre,totale,,15 anni e più,straniero-a/apolide,totale,,,in altra condizione,tutte le voci,tutte le voci,2165.2
condizione_professionale_cittadinanza,2021,popolazione residente al 31 dicembre,totale,,15 anni e più,straniero-a/apolide,totale,,,in cerca di occupazione,tutte le voci,tutte le voci,2329.5
condizione_professionale_cittadinanza,2021,popolazione residente al 31 dicembre,totale,,15 anni e più,straniero-a/apolide,totale,,,non forze di lavoro,tutte le voci,tutte le voci,9605.5
condizione_professionale_cittadinanza,2021,popolazione residente al 31 dicembre,totale,,15 anni e più,straniero-a/apolide,totale,,,occupato,tutte le voci,tutte le voci,17648.0
condizione_professionale_cittadinanza,2021,popolazione residente al 31 dicembre,totale,,15 anni e più,straniero-a/apolide,totale,,,percettore/rice di una o più pensioni per effetto di attività lavorativa precedente o di redditi da capitale,tutte le voci,tutte le voci,872.8
condizione_professionale_cittadinanza,2021,popolazione residente al 31 dicembre,totale,,15 anni e più,straniero-a/apolide,totale,,,studente/ssa,tutte le voci,tutte le voci,1810.1
condizione_professionale_cittadinanza,2021,popolazione residente al 31 dicembre,totale,,15 anni e più,straniero-a/apolide,totale,,,totale,tutte le voci,tutte le voci,29583.0
condizione_professionale_cittadinanza,2021,popolazione residente al 31 dicembre,totale,,15 anni e più,totale,totale,,,casalinga/o,tutte le voci,tutte le voci,14969.9
condizione_professionale_cittadinanza,2021,popolazione residente al 31 dicembre,totale,,15 anni e più,totale,totale,,,forze di lavoro,tutte le voci,tutte le voci,93153.3
condizione_professionale_cittadinanza,2021,popolazione residente al 31 dicembre,totale,,15 anni e più,totale,totale,,,in altra condizione,tutte le voci,tutte le voci,9342.2
condizione_professionale_cittadinanza,2021,popolazione residente al 31 dicembre,totale,,15 anni e più,totale,totale,,,in cerca di occupazione,tutte le voci,tutte le voci,6365.3
condizione_professionale_cittadinanza,2021,popolazione residente al 31 dicembre,totale,,15 anni e più,totale,totale,,,non forze di lavoro,tutte le voci,tutte le voci,77868.7
condizione_professionale_cittadinanza,2021,popolazione residente al 31 dicembre,totale,,15 anni e più,totale,totale,,,occupato,tutte le voci,tutte le voci,86788.0
condizione_professionale_cittadinanza,2021,popolazione residente al 31 dicembre,totale,,15 anni e più,totale,totale,,,percettore/rice di una o più pensioni per effetto di attività lavorativa precedente o di redditi da capitale,tutte le voci,tutte le voci,40809.7
condizione_professionale_cittadinanza,2021,popolazione residente al 31 dicembre,totale,,15 anni e più,totale,totale,,,studente/ssa,tutte le voci,tutte le voci,12746.9
condizione_professionale_cittadinanza,2021,popolazione residente al 31 dicembre,totale,,15 anni e più,totale,totale,,,totale,tutte le voci,tutte le voci,171022.0
condizione_professionale_cittadinanza,2022,popolazione residente al 31 dicembre,femmine,,15 anni e più,italiano-a,totale,,,casalinga/o,tutte le voci,tutte le voci,9853.2
condizione_professionale_cittadinanza,2022,popolazione residente al 31 dicembre,femmine,,15 anni e più,italiano-a,totale,,,forze di lavoro,tutte le voci,tutte le voci,33623.7
condizione_professionale_cittadinanza,2022,popolazione residente al 31 dicembre,femmine,,15 anni e più,italiano-a,totale,,,in altra condizione,tutte le voci,tutte le voci,4111.2
condizione_professionale_cittadinanza,2022,popolazione residente al 31 dicembre,femmine,,15 anni e più,italiano-a,totale,,,in cerca di occupazione,tutte le voci,tutte le voci,1847.7
condizione_professionale_cittadinanza,2022,popolazione residente al 31 dicembre,femmine,,15 anni e più,italiano-a,totale,,,non forze di lavoro,tutte le voci,tutte le voci,41623.3
condizione_professionale_cittadinanza,2022,popolazione residente al 31 dicembre,femmine,,15 anni e più,italiano-a,totale,,,occupato,tutte le voci,tutte le voci,31776.0
condizione_professionale_cittadinanza,2022,popolazione residente al 31 dicembre,femmine,,15 anni e più,italiano-a,totale,,,percettore/rice di una o più pensioni per effetto di attività lavorativa precedente o di redditi da capitale,tutte le voci,tutte le voci,21767.6
condizione_professionale_cittadinanza,2022,popolazione residente al 31 dicembre,femmine,,15 anni e più,italiano-a,totale,,,studente/ssa,tutte le voci,tutte le voci,5891.4
condizione_professionale_cittadinanza,2022,popolazione residente al 31 dicembre,femmine,,15 anni e più,italiano-a,totale,,,totale,tutte le voci,tutte le voci,75247.0
condizione_professionale_cittadinanza,2022,popolazione residente al 31 dicembre,femmine,,15 anni e più,straniero-a/apolide,totale,,,casalinga/o,tutte le voci,tutte le voci,4836.2
condizione_professionale_cittadinanza,2022,popolazione residente al 31 dicembre,femmine,,15 anni e più,straniero-a/apolide,totale,,,forze di lavoro,tutte le voci,tutte le voci,7698.9
condizione_professionale_cittadinanza,2022,popolazione residente al 31 dicembre,femmine,,15 anni e più,straniero-a/apolide,totale,,,in altra condizione,tutte le voci,tutte le voci,1084.2
condizione_professionale_cittadinanza,2022,popolazione residente al 31 dicembre,femmine,,15 anni e più,straniero-a/apolide,totale,,,in cerca di occupazione,tutte le voci,tutte le voci,985.9
condizione_professionale_cittadinanza,2022,popolazione residente al 31 dicembre,femmine,,15 anni e più,straniero-a/apolide,totale,,,non forze di lavoro,tutte le voci,tutte le voci,7427.1
condizione_professionale_cittadinanza,2022,popolazione residente al 31 dicembre,femmine,,15 anni e più,straniero-a/apolide,totale,,,occupato,tutte le voci,tutte le voci,6713.0
condizione_professionale_cittadinanza,2022,popolazione residente al 31 dicembre,femmine,,15 anni e più,straniero-a/apolide,totale,,,percettore/rice di una o più pensioni per effetto di attività lavorativa precedente o di redditi da capitale,tutte le voci,tutte le voci,490.2
condizione_professionale_cittadinanza,2022,popolazione residente al 31 dicembre,femmine,,15 anni e più,straniero-a/apolide,totale,,,studente/ssa,tutte le voci,tutte le voci,1016.5
condizione_professionale_cittadinanza,2022,popolazione residente al 31 dicembre,femmine,,15 anni e più,straniero-a/apolide,totale,,,totale,tutte le voci,tutte le voci,15126.0
condizione_professionale_cittadinanza,2022,popolazione residente al 31 dicembre,femmine,,15 anni e più,totale,totale,,,casalinga/o,tutte le voci,tutte le voci,14689.4
condizione_professionale_cittadinanza,2022,popolazione residente al 31 dicembre,femmine,,15 anni e più,totale,totale,,,forze di lavoro,tutte le voci,tutte le voci,41322.6
condizione_professionale_cittadinanza,2022,popolazione residente al 31 dicembre,femmine,,15 anni e più,totale,totale,,,in altra condizione,tutte le voci,tutte le voci,5195.4
condizione_professionale_cittadinanza,2022,popolazione residente al 31 dicembre,femmine,,15 anni e più,totale,totale,,,in cerca di occupazione,tutte le voci,tutte le voci,2833.6
condizione_professionale_cittadinanza,2022,popolazione residente al 31 dicembre,femmine,,15 anni e più,totale,totale,,,non forze di lavoro,tutte le voci,tutte le voci,49050.4
condizione_professionale_cittadinanza,2022,popolazione residente al 31 dicembre,femmine,,15 anni e più,totale,totale,,,occupato,tutte le voci,tutte le voci,38489.0
condizione_professionale_cittadinanza,2022,popolazione residente al 31 dicembre,femmine,,15 anni e più,totale,totale,,,percettore/rice di una o più pensioni per effetto di attività lavorativa precedente o di redditi da capitale,tutte le voci,tutte le voci,22257.8
condizione_professionale_cittadinanza,2022,popolazione residente al 31 dicembre,femmine,,15 anni e più,totale,totale,,,studente/ssa,tutte le voci,tutte le voci,6907.8
condizione_professionale_cittadinanza,2022,popolazione residente al 31 dicembre,femmine,,15 anni e più,totale,totale,,,totale,tutte le voci,tutte le voci,90373.0
condizione_professionale_cittadinanza,2022,popolazione residente al 31 dicembre,maschi,,15 anni e più,italiano-a,totale,,,casalinga/o,tutte le voci,tutte le voci,549.4
condizione_professionale_cittadinanza,2022,popolazione residente al 31 dicembre,maschi,,15 anni e più,italiano-a,totale,,,forze di lavoro,tutte le voci,tutte le voci,40175.9
condizione_professionale_cittadinanza,2022,popolazione residente al 31 dicembre,maschi,,15 anni e più,italiano-a,totale,,,in altra condizione,tutte le voci,tutte le voci,3660.6
condizione_professionale_cittadinanza,2022,popolazione residente al 31 dicembre,maschi,,15 anni e più,italiano-a,totale,,,in cerca di occupazione,tutte le voci,tutte le voci,1553.9
condizione_professionale_cittadinanza,2022,popolazione residente al 31 dicembre,maschi,,15 anni e più,italiano-a,totale,,,non forze di lavoro,tutte le voci,tutte le voci,27411.1
condizione_professionale_cittadinanza,2022,popolazione residente al 31 dicembre,maschi,,15 anni e più,italiano-a,totale,,,occupato,tutte le voci,tutte le voci,38622.0
condizione_professionale_cittadinanza,2022,popolazione residente al 31 dicembre,maschi,,15 anni e più,italiano-a,totale,,,percettore/rice di una o più pensioni per effetto di attività lavorativa precedente o di redditi da capitale,tutte le voci,tutte le voci,17993.8
condizione_professionale_cittadinanza,2022,popolazione residente al 31 dicembre,maschi,,15 anni e più,italiano-a,totale,,,studente/ssa,tutte le voci,tutte le voci,5207.4
condizione_professionale_cittadinanza,2022,popolazione residente al 31 dicembre,maschi,,15 anni e più,italiano-a,totale,,,totale,tutte le voci,tutte le voci,67587.0
condizione_professionale_cittadinanza,2022,popolazione residente al 31 dicembre,maschi,,15 anni e più,straniero-a/apolide,totale,,,casalinga/o,tutte le voci,tutte le voci,372.6
condizione_professionale_cittadinanza,2022,popolazione residente al 31 dicembre,maschi,,15 anni e più,straniero-a/apolide,totale,,,forze di lavoro,tutte le voci,tutte le voci,11415.2
condizione_professionale_cittadinanza,2022,popolazione residente al 31 dicembre,maschi,,15 anni e più,straniero-a/apolide,totale,,,in altra condizione,tutte le voci,tutte le voci,1438.9
condizione_professionale_cittadinanza,2022,popolazione residente al 31 dicembre,maschi,,15 anni e più,straniero-a/apolide,totale,,,in cerca di occupazione,tutte le voci,tutte le voci,873.2
condizione_professionale_cittadinanza,2022,popolazione residente al 31 dicembre,maschi,,15 anni e più,straniero-a/apolide,totale,,,non forze di lavoro,tutte le voci,tutte le voci,3182.8
condizione_professionale_cittadinanza,2022,popolazione residente al 31 dicembre,maschi,,15 anni e più,straniero-a/apolide,totale,,,occupato,tutte le voci,tutte le voci,10542.0
condizione_professionale_cittadinanza,2022,popolazione residente al 31 dicembre,maschi,,15 anni e più,straniero-a/apolide,totale,,,percettore/rice di una o più pensioni per effetto di attività lavorativa precedente o di redditi da capitale,tutte le voci,tutte le voci,485.6
condizione_professionale_cittadinanza,2022,popolazione residente al 31 dicembre,maschi,,15 anni e più,straniero-a/apolide,totale,,,studente/ssa,tutte le voci,tutte le voci,885.6
condizione_professionale_cittadinanza,2022,popolazione residente al 31 dicembre,maschi,,15 anni e più,straniero-a/apolide,totale,,,totale,tutte le voci,tutte le voci,14598.0
condizione_professionale_cittadinanza,2022,popolazione residente al 31 dicembre,maschi,,15 anni e più,totale,totale,,,casalinga/o,tutte le voci,tutte le voci,922.0
condizione_professionale_cittadinanza,2022,popolazione residente al 31 dicembre,maschi,,15 anni e più,totale,totale,,,forze di lavoro,tutte le voci,tutte le voci,51591.1
condizione_professionale_cittadinanza,2022,popolazione residente al 31 dicembre,maschi,,15 anni e più,totale,totale,,,in altra condizione,tutte le voci,tutte le voci,5099.5
condizione_professionale_cittadinanza,2022,popolazione residente al 31 dicembre,maschi,,15 anni e più,totale,totale,,,in cerca di occupazione,tutte le voci,tutte le voci,2427.1
condizione_professionale_cittadinanza,2022,popolazione residente al 31 dicembre,maschi,,15 anni e più,totale,totale,,,non forze di lavoro,tutte le voci,tutte le voci,30593.9
condizione_professionale_cittadinanza,2022,popolazione residente al 31 dicembre,maschi,,15 anni e più,totale,totale,,,occupato,tutte le voci,tutte le voci,49164.0
condizione_professionale_cittadinanza,2022,popolazione residente al 31 dicembre,maschi,,15 anni e più,totale,totale,,,percettore/rice di una o più pensioni per effetto di attività lavorativa precedente o di redditi da capitale,tutte le voci,tutte le voci,18479.4
condizione_professionale_cittadinanza,2022,popolazione residente al 31 dicembre,maschi,,15 anni e più,totale,totale,,,studente/ssa,tutte le voci,tutte le voci,6093.0
condizione_professionale_cittadinanza,2022,popolazione residente al 31 dicembre,maschi,,15 anni e più,totale,totale,,,totale,tutte le voci,tutte le voci,82185.0
condizione_professionale_cittadinanza,2022,popolazione residente al 31 dicembre,totale,,15 anni e più,italiano-a,totale,,,casalinga/o,tutte le voci,tutte le voci,10402.6
condizione_professionale_cittadinanza,2022,popolazione residente al 31 dicembre,totale,,15 anni e più,italiano-a,totale,,,forze di lavoro,tutte le voci,tutte le voci,73799.5
condizione_professionale_cittadinanza,2022,popolazione residente al 31 dicembre,totale,,15 anni e più,italiano-a,totale,,,in altra condizione,tutte le voci,tutte le voci,7771.8
condizione_professionale_cittadinanza,2022,popolazione residente al 31 dicembre,totale,,15 anni e più,italiano-a,totale,,,in cerca di occupazione,tutte le voci,tutte le voci,3401.5
condizione_professionale_cittadinanza,2022,popolazione residente al 31 dicembre,totale,,15 anni e più,italiano-a,totale,,,non forze di lavoro,tutte le voci,tutte le voci,69034.5
condizione_professionale_cittadinanza,2022,popolazione residente al 31 dicembre,totale,,15 anni e più,italiano-a,totale,,,occupato,tutte le voci,tutte le voci,70398.0
condizione_professionale_cittadinanza,2022,popolazione residente al 31 dicembre,totale,,15 anni e più,italiano-a,totale,,,percettore/rice di una o più pensioni per effetto di attività lavorativa precedente o di redditi da capitale,tutte le voci,tutte le voci,39761.4
condizione_professionale_cittadinanza,2022,popolazione residente al 31 dicembre,totale,,15 anni e più,italiano-a,totale,,,studente/ssa,tutte le voci,tutte le voci,11098.8
condizione_professionale_cittadinanza,2022,popolazione residente al 31 dicembre,totale,,15 anni e più,italiano-a,totale,,,totale,tutte le voci,tutte le voci,142834.0
condizione_professionale_cittadinanza,2022,popolazione residente al 31 dicembre,totale,,15 anni e più,straniero-a/apolide,totale,,,casalinga/o,tutte le voci,tutte le voci,5208.9
condizione_professionale_cittadinanza,2022,popolazione residente al 31 dicembre,totale,,15 anni e più,straniero-a/apolide,totale,,,forze di lavoro,tutte le voci,tutte le voci,19114.1
condizione_professionale_cittadinanza,2022,popolazione residente al 31 dicembre,totale,,15 anni e più,straniero-a/apolide,totale,,,in altra condizione,tutte le voci,tutte le voci,2523.1
condizione_professionale_cittadinanza,2022,popolazione residente al 31 dicembre,totale,,15 anni e più,straniero-a/apolide,totale,,,in cerca di occupazione,tutte le voci,tutte le voci,1859.1
condizione_professionale_cittadinanza,2022,popolazione residente al 31 dicembre,totale,,15 anni e più,straniero-a/apolide,totale,,,non forze di lavoro,tutte le voci,tutte le voci,10609.9
condizione_professionale_cittadinanza,2022,popolazione residente al 31 dicembre,totale,,15 anni e più,straniero-a/apolide,totale,,,occupato,tutte le voci,tutte le voci,17255.0
condizione_professionale_cittadinanza,2022,popolazione residente al 31 dicembre,totale,,15 anni e più,straniero-a/apolide,totale,,,percettore/rice di una o più pensioni per effetto di attività lavorativa precedente o di redditi da capitale,tutte le voci,tutte le voci,975.8
condizione_professionale_cittadinanza,2022,popolazione residente al 31 dicembre,totale,,15 anni e più,straniero-a/apolide,totale,,,studente/ssa,tutte le voci,tutte le voci,1902.1
condizione_professionale_cittadinanza,2022,popolazione residente al 31 dicembre,totale,,15 anni e più,straniero-a/apolide,totale,,,totale,tutte le voci,tutte le voci,29724.0
condizione_professionale_cittadinanza,2022,popolazione residente al 31 dicembre,totale,,15 anni e più,totale,totale,,,casalinga/o,tutte le voci,tutte le voci,15611.5
condizione_professionale_cittadinanza,2022,popolazione residente al 31 dicembre,totale,,15 anni e più,totale,totale,,,forze di lavoro,tutte le voci,tutte le voci,92913.7
condizione_professionale_cittadinanza,2022,popolazione residente al 31 dicembre,totale,,15 anni e più,totale,totale,,,in altra condizione,tutte le voci,tutte le voci,10294.9
condizione_professionale_cittadinanza,2022,popolazione residente al 31 dicembre,totale,,15 anni e più,totale,totale,,,in cerca di occupazione,tutte le voci,tutte le voci,5260.7
condizione_professionale_cittadinanza,2022,popolazione residente al 31 dicembre,totale,,15 anni e più,totale,totale,,,non forze di lavoro,tutte le voci,tutte le voci,79644.3
condizione_professionale_cittadinanza,2022,popolazione residente al 31 dicembre,totale,,15 anni e più,totale,totale,,,occupato,tutte le voci,tutte le voci,87653.0
condizione_professionale_cittadinanza,2022,popolazione residente al 31 dicembre,totale,,15 anni e più,totale,totale,,,percettore/rice di una o più pensioni per effetto di attività lavorativa precedente o di redditi da capitale,tutte le voci,tutte le voci,40737.1
condizione_professionale_cittadinanza,2022,popolazione residente al 31 dicembre,totale,,15 anni e più,totale,totale,,,studente/ssa,tutte le voci,tutte le voci,13000.8
condizione_professionale_cittadinanza,2022,popolazione residente al 31 dicembre,totale,,15 anni e più,totale,totale,,,totale,tutte le voci,tutte le voci,172558.0
condizione_professionale_cittadinanza,2023,popolazione residente al 31 dicembre,femmine,,15 anni e più,italiano-a,totale,,,casalinga/o,tutte le voci,tutte le voci,9257.3
condizione_professionale_cittadinanza,2023,popolazione residente al 31 dicembre,femmine,,15 anni e più,italiano-a,totale,,,forze di lavoro,tutte le voci,tutte le voci,34649.9
condizione_professionale_cittadinanza,2023,popolazione residente al 31 dicembre,femmine,,15 anni e più,italiano-a,totale,,,in altra condizione,tutte le voci,tutte le voci,4037.2
condizione_professionale_cittadinanza,2023,popolazione residente al 31 dicembre,femmine,,15 anni e più,italiano-a,totale,,,in cerca di occupazione,tutte le voci,tutte le voci,1759.9
condizione_professionale_cittadinanza,2023,popolazione residente al 31 dicembre,femmine,,15 anni e più,italiano-a,totale,,,non forze di lavoro,tutte le voci,tutte le voci,40708.1
condizione_professionale_cittadinanza,2023,popolazione residente al 31 dicembre,femmine,,15 anni e più,italiano-a,totale,,,occupato,tutte le voci,tutte le voci,32890.0
condizione_professionale_cittadinanza,2023,popolazione residente al 31 dicembre,femmine,,15 anni e più,italiano-a,totale,,,percettore/rice di una o più pensioni per effetto di attività lavorativa precedente o di redditi da capitale,tutte le voci,tutte le voci,21382.4
condizione_professionale_cittadinanza,2023,popolazione residente al 31 dicembre,femmine,,15 anni e più,italiano-a,totale,,,studente/ssa,tutte le voci,tutte le voci,6031.2
condizione_professionale_cittadinanza,2023,popolazione residente al 31 dicembre,femmine,,15 anni e più,italiano-a,totale,,,totale,tutte le voci,tutte le voci,75358.0
condizione_professionale_cittadinanza,2023,popolazione residente al 31 dicembre,femmine,,15 anni e più,straniero-a/apolide,totale,,,casalinga/o,tutte le voci,tutte le voci,4601.1
condizione_professionale_cittadinanza,2023,popolazione residente al 31 dicembre,femmine,,15 anni e più,straniero-a/apolide,totale,,,forze di lavoro,tutte le voci,tutte le voci,8195.1
condizione_professionale_cittadinanza,2023,popolazione residente al 31 dicembre,femmine,,15 anni e più,straniero-a/apolide,totale,,,in altra condizione,tutte le voci,tutte le voci,1011.6
condizione_professionale_cittadinanza,2023,popolazione residente al 31 dicembre,femmine,,15 anni e più,straniero-a/apolide,totale,,,in cerca di occupazione,tutte le voci,tutte le voci,1080.1
condizione_professionale_cittadinanza,2023,popolazione residente al 31 dicembre,femmine,,15 anni e più,straniero-a/apolide,totale,,,non forze di lavoro,tutte le voci,tutte le voci,7224.9
condizione_professionale_cittadinanza,2023,popolazione residente al 31 dicembre,femmine,,15 anni e più,straniero-a/apolide,totale,,,occupato,tutte le voci,tutte le voci,7115.0
condizione_professionale_cittadinanza,2023,popolazione residente al 31 dicembre,femmine,,15 anni e più,straniero-a/apolide,totale,,,percettore/rice di una o più pensioni per effetto di attività lavorativa precedente o di redditi da capitale,tutte le voci,tutte le voci,498.1
condizione_professionale_cittadinanza,2023,popolazione residente al 31 dicembre,femmine,,15 anni e più,straniero-a/apolide,totale,,,studente/ssa,tutte le voci,tutte le voci,1114.2
condizione_professionale_cittadinanza,2023,popolazione residente al 31 dicembre,femmine,,15 anni e più,straniero-a/apolide,totale,,,totale,tutte le voci,tutte le voci,15420.0
condizione_professionale_cittadinanza,2023,popolazione residente al 31 dicembre,femmine,,15 anni e più,totale,totale,,,casalinga/o,tutte le voci,tutte le voci,13858.4
condizione_professionale_cittadinanza,2023,popolazione residente al 31 dicembre,femmine,,15 anni e più,totale,totale,,,forze di lavoro,tutte le voci,tutte le voci,42845.0
condizione_professionale_cittadinanza,2023,popolazione residente al 31 dicembre,femmine,,15 anni e più,totale,totale,,,in altra condizione,tutte le voci,tutte le voci,5048.8
condizione_professionale_cittadinanza,2023,popolazione residente al 31 dicembre,femmine,,15 anni e più,totale,totale,,,in cerca di occupazione,tutte le voci,tutte le voci,2840.0
condizione_professionale_cittadinanza,2023,popolazione residente al 31 dicembre,femmine,,15 anni e più,totale,totale,,,non forze di lavoro,tutte le voci,tutte le voci,47933.0
condizione_professionale_cittadinanza,2023,popolazione residente al 31 dicembre,femmine,,15 anni e più,totale,totale,,,occupato,tutte le voci,tutte le voci,40005.0
condizione_professionale_cittadinanza,2023,popolazione residente al 31 dicembre,femmine,,15 anni e più,totale,totale,,,percettore/rice di una o più pensioni per effetto di attività lavorativa precedente o di redditi da capitale,tutte le voci,tutte le voci,21880.5
condizione_professionale_cittadinanza,2023,popolazione residente al 31 dicembre,femmine,,15 anni e più,totale,totale,,,studente/ssa,tutte le voci,tutte le voci,7145.4
condizione_professionale_cittadinanza,2023,popolazione residente al 31 dicembre,femmine,,15 anni e più,totale,totale,,,totale,tutte le voci,tutte le voci,90778.0
condizione_professionale_cittadinanza,2023,popolazione residente al 31 dicembre,maschi,,15 anni e più,italiano-a,totale,,,casalinga/o,tutte le voci,tutte le voci,505.3
condizione_professionale_cittadinanza,2023,popolazione residente al 31 dicembre,maschi,,15 anni e più,italiano-a,totale,,,forze di lavoro,tutte le voci,tutte le voci,40888.3
condizione_professionale_cittadinanza,2023,popolazione residente al 31 dicembre,maschi,,15 anni e più,italiano-a,totale,,,in altra condizione,tutte le voci,tutte le voci,3727.7
condizione_professionale_cittadinanza,2023,popolazione residente al 31 dicembre,maschi,,15 anni e più,italiano-a,totale,,,in cerca di occupazione,tutte le voci,tutte le voci,1609.3
condizione_professionale_cittadinanza,2023,popolazione residente al 31 dicembre,maschi,,15 anni e più,italiano-a,totale,,,non forze di lavoro,tutte le voci,tutte le voci,27076.7
condizione_professionale_cittadinanza,2023,popolazione residente al 31 dicembre,maschi,,15 anni e più,italiano-a,totale,,,occupato,tutte le voci,tutte le voci,39279.0
condizione_professionale_cittadinanza,2023,popolazione residente al 31 dicembre,maschi,,15 anni e più,italiano-a,totale,,,percettore/rice di una o più pensioni per effetto di attività lavorativa precedente o di redditi da capitale,tutte le voci,tutte le voci,17540.2
condizione_professionale_cittadinanza,2023,popolazione residente al 31 dicembre,maschi,,15 anni e più,italiano-a,totale,,,studente/ssa,tutte le voci,tutte le voci,5303.5
condizione_professionale_cittadinanza,2023,popolazione residente al 31 dicembre,maschi,,15 anni e più,italiano-a,totale,,,totale,tutte le voci,tutte le voci,67965.0
condizione_professionale_cittadinanza,2023,popolazione residente al 31 dicembre,maschi,,15 anni e più,straniero-a/apolide,totale,,,casalinga/o,tutte le voci,tutte le voci,341.1
condizione_professionale_cittadinanza,2023,popolazione residente al 31 dicembre,maschi,,15 anni e più,straniero-a/apolide,totale,,,forze di lavoro,tutte le voci,tutte le voci,11915.4
condizione_professionale_cittadinanza,2023,popolazione residente al 31 dicembre,maschi,,15 anni e più,straniero-a/apolide,totale,,,in altra condizione,tutte le voci,tutte le voci,1401.4
condizione_professionale_cittadinanza,2023,popolazione residente al 31 dicembre,maschi,,15 anni e più,straniero-a/apolide,totale,,,in cerca di occupazione,tutte le voci,tutte le voci,1043.4
condizione_professionale_cittadinanza,2023,popolazione residente al 31 dicembre,maschi,,15 anni e più,straniero-a/apolide,totale,,,non forze di lavoro,tutte le voci,tutte le voci,3230.6
condizione_professionale_cittadinanza,2023,popolazione residente al 31 dicembre,maschi,,15 anni e più,straniero-a/apolide,totale,,,occupato,tutte le voci,tutte le voci,10872.0
condizione_professionale_cittadinanza,2023,popolazione residente al 31 dicembre,maschi,,15 anni e più,straniero-a/apolide,totale,,,percettore/rice di una o più pensioni per effetto di attività lavorativa precedente o di redditi da capitale,tutte le voci,tutte le voci,476.3
condizione_professionale_cittadinanza,2023,popolazione residente al 31 dicembre,maschi,,15 anni e più,straniero-a/apolide,totale,,,studente/ssa,tutte le voci,tutte le voci,1011.8
condizione_professionale_cittadinanza,2023,popolazione residente al 31 dicembre,maschi,,15 anni e più,straniero-a/apolide,totale,,,totale,tutte le voci,tutte le voci,15146.0
condizione_professionale_cittadinanza,2023,popolazione residente al 31 dicembre,maschi,,15 anni e più,totale,totale,,,casalinga/o,tutte le voci,tutte le voci,846.4
condizione_professionale_cittadinanza,2023,popolazione residente al 31 dicembre,maschi,,15 anni e più,totale,totale,,,forze di lavoro,tutte le voci,tutte le voci,52803.7
condizione_professionale_cittadinanza,2023,popolazione residente al 31 dicembre,maschi,,15 anni e più,totale,totale,,,in altra condizione,tutte le voci,tutte le voci,5129.1
condizione_professionale_cittadinanza,2023,popolazione residente al 31 dicembre,maschi,,15 anni e più,totale,totale,,,in cerca di occupazione,tutte le voci,tutte le voci,2652.7
condizione_professionale_cittadinanza,2023,popolazione residente al 31 dicembre,maschi,,15 anni e più,totale,totale,,,non forze di lavoro,tutte le voci,tutte le voci,30307.3
condizione_professionale_cittadinanza,2023,popolazione residente al 31 dicembre,maschi,,15 anni e più,totale,totale,,,occupato,tutte le voci,tutte le voci,50151.0
condizione_professionale_cittadinanza,2023,popolazione residente al 31 dicembre,maschi,,15 anni e più,totale,totale,,,percettore/rice di una o più pensioni per effetto di attività lavorativa precedente o di redditi da capitale,tutte le voci,tutte le voci,18016.5
condizione_professionale_cittadinanza,2023,popolazione residente al 31 dicembre,maschi,,15 anni e più,totale,totale,,,studente/ssa,tutte le voci,tutte le voci,6315.3
condizione_professionale_cittadinanza,2023,popolazione residente al 31 dicembre,maschi,,15 anni e più,totale,totale,,,totale,tutte le voci,tutte le voci,83111.0
condizione_professionale_cittadinanza,2023,popolazione residente al 31 dicembre,totale,,15 anni e più,italiano-a,totale,,,casalinga/o,tutte le voci,tutte le voci,9762.6
condizione_professionale_cittadinanza,2023,popolazione residente al 31 dicembre,totale,,15 anni e più,italiano-a,totale,,,forze di lavoro,tutte le voci,tutte le voci,75538.2
condizione_professionale_cittadinanza,2023,popolazione residente al 31 dicembre,totale,,15 anni e più,italiano-a,totale,,,in altra condizione,tutte le voci,tutte le voci,7764.9
condizione_professionale_cittadinanza,2023,popolazione residente al 31 dicembre,totale,,15 anni e più,italiano-a,totale,,,in cerca di occupazione,tutte le voci,tutte le voci,3369.2
condizione_professionale_cittadinanza,2023,popolazione residente al 31 dicembre,totale,,15 anni e più,italiano-a,totale,,,non forze di lavoro,tutte le voci,tutte le voci,67784.8
condizione_professionale_cittadinanza,2023,popolazione residente al 31 dicembre,totale,,15 anni e più,italiano-a,totale,,,occupato,tutte le voci,tutte le voci,72169.0
condizione_professionale_cittadinanza,2023,popolazione residente al 31 dicembre,totale,,15 anni e più,italiano-a,totale,,,percettore/rice di una o più pensioni per effetto di attività lavorativa precedente o di redditi da capitale,tutte le voci,tutte le voci,38922.6
condizione_professionale_cittadinanza,2023,popolazione residente al 31 dicembre,totale,,15 anni e più,italiano-a,totale,,,studente/ssa,tutte le voci,tutte le voci,11334.7
condizione_professionale_cittadinanza,2023,popolazione residente al 31 dicembre,totale,,15 anni e più,italiano-a,totale,,,totale,tutte le voci,tutte le voci,143323.0
condizione_professionale_cittadinanza,2023,popolazione residente al 31 dicembre,totale,,15 anni e più,straniero-a/apolide,totale,,,casalinga/o,tutte le voci,tutte le voci,4942.1
condizione_professionale_cittadinanza,2023,popolazione residente al 31 dicembre,totale,,15 anni e più,straniero-a/apolide,totale,,,forze di lavoro,tutte le voci,tutte le voci,20110.5
condizione_professionale_cittadinanza,2023,popolazione residente al 31 dicembre,totale,,15 anni e più,straniero-a/apolide,totale,,,in altra condizione,tutte le voci,tutte le voci,2413.0
condizione_professionale_cittadinanza,2023,popolazione residente al 31 dicembre,totale,,15 anni e più,straniero-a/apolide,totale,,,in cerca di occupazione,tutte le voci,tutte le voci,2123.5
condizione_professionale_cittadinanza,2023,popolazione residente al 31 dicembre,totale,,15 anni e più,straniero-a/apolide,totale,,,non forze di lavoro,tutte le voci,tutte le voci,10455.5
condizione_professionale_cittadinanza,2023,popolazione residente al 31 dicembre,totale,,15 anni e più,straniero-a/apolide,totale,,,occupato,tutte le voci,tutte le voci,17987.0
condizione_professionale_cittadinanza,2023,popolazione residente al 31 dicembre,totale,,15 anni e più,straniero-a/apolide,totale,,,percettore/rice di una o più pensioni per effetto di attività lavorativa precedente o di redditi da capitale,tutte le voci,tutte le voci,974.4
condizione_professionale_cittadinanza,2023,popolazione residente al 31 dicembre,totale,,15 anni e più,straniero-a/apolide,totale,,,studente/ssa,tutte le voci,tutte le voci,2126.0
condizione_professionale_cittadinanza,2023,popolazione residente al 31 dicembre,totale,,15 anni e più,straniero-a/apolide,totale,,,totale,tutte le voci,tutte le voci,30566.0
condizione_professionale_cittadinanza,2023,popolazione residente al 31 dicembre,totale,,15 anni e più,totale,totale,,,casalinga/o,tutte le voci,tutte le voci,14704.8
condizione_professionale_cittadinanza,2023,popolazione residente al 31 dicembre,totale,,15 anni e più,totale,totale,,,forze di lavoro,tutte le voci,tutte le voci,95648.7
condizione_professionale_cittadinanza,2023,popolazione residente al 31 dicembre,totale,,15 anni e più,totale,totale,,,in altra condizione,tutte le voci,tutte le voci,10177.9
condizione_professionale_cittadinanza,2023,popolazione residente al 31 dicembre,totale,,15 anni e più,totale,totale,,,in cerca di occupazione,tutte le voci,tutte le voci,5492.7
condizione_professionale_cittadinanza,2023,popolazione residente al 31 dicembre,totale,,15 anni e più,totale,totale,,,non forze di lavoro,tutte le voci,tutte le voci,78240.3
condizione_professionale_cittadinanza,2023,popolazione residente al 31 dicembre,totale,,15 anni e più,totale,totale,,,occupato,tutte le voci,tutte le voci,90156.0
condizione_professionale_cittadinanza,2023,popolazione residente al 31 dicembre,totale,,15 anni e più,totale,totale,,,percettore/rice di una o più pensioni per effetto di attività lavorativa precedente o di redditi da capitale,tutte le voci,tutte le voci,39897.0
condizione_professionale_cittadinanza,2023,popolazione residente al 31 dicembre,totale,,15 anni e più,totale,totale,,,studente/ssa,tutte le voci,tutte le voci,13460.7
condizione_professionale_cittadinanza,2023,popolazione residente al 31 dicembre,totale,,15 anni e più,totale,totale,,,totale,tutte le voci,tutte le voci,173889.0
condizione_professionale_cittadinanza,2024,popolazione residente al 31 dicembre,femmine,,15 anni e più,italiano-a,totale,,,casalinga/o,tutte le voci,tutte le voci,9302.2
condizione_professionale_cittadinanza,2024,popolazione residente al 31 dicembre,femmine,,15 anni e più,italiano-a,totale,,,forze di lavoro,tutte le voci,tutte le voci,35377.6
condizione_professionale_cittadinanza,2024,popolazione residente al 31 dicembre,femmine,,15 anni e più,italiano-a,totale,,,in altra condizione,tutte le voci,tutte le voci,4029.2
condizione_professionale_cittadinanza,2024,popolazione residente al 31 dicembre,femmine,,15 anni e più,italiano-a,totale,,,in cerca di occupazione,tutte le voci,tutte le voci,1822.6
condizione_professionale_cittadinanza,2024,popolazione residente al 31 dicembre,femmine,,15 anni e più,italiano-a,totale,,,non forze di lavoro,tutte le voci,tutte le voci,40229.4
condizione_professionale_cittadinanza,2024,popolazione residente al 31 dicembre,femmine,,15 anni e più,italiano-a,totale,,,occupato,tutte le voci,tutte le voci,33555.0
condizione_professionale_cittadinanza,2024,popolazione residente al 31 dicembre,femmine,,15 anni e più,italiano-a,totale,,,percettore/rice di una o più pensioni per effetto di attività lavorativa precedente o di redditi da capitale,tutte le voci,tutte le voci,21095.0
condizione_professionale_cittadinanza,2024,popolazione residente al 31 dicembre,femmine,,15 anni e più,italiano-a,totale,,,studente/ssa,tutte le voci,tutte le voci,5803.0
condizione_professionale_cittadinanza,2024,popolazione residente al 31 dicembre,femmine,,15 anni e più,italiano-a,totale,,,totale,tutte le voci,tutte le voci,75607.0
condizione_professionale_cittadinanza,2024,popolazione residente al 31 dicembre,femmine,,15 anni e più,straniero-a/apolide,totale,,,casalinga/o,tutte le voci,tutte le voci,4670.5
condizione_professionale_cittadinanza,2024,popolazione residente al 31 dicembre,femmine,,15 anni e più,straniero-a/apolide,totale,,,forze di lavoro,tutte le voci,tutte le voci,8387.0
condizione_professionale_cittadinanza,2024,popolazione residente al 31 dicembre,femmine,,15 anni e più,straniero-a/apolide,totale,,,in altra condizione,tutte le voci,tutte le voci,1136.2
condizione_professionale_cittadinanza,2024,popolazione residente al 31 dicembre,femmine,,15 anni e più,straniero-a/apolide,totale,,,in cerca di occupazione,tutte le voci,tutte le voci,1085.0
condizione_professionale_cittadinanza,2024,popolazione residente al 31 dicembre,femmine,,15 anni e più,straniero-a/apolide,totale,,,non forze di lavoro,tutte le voci,tutte le voci,7454.0
condizione_professionale_cittadinanza,2024,popolazione residente al 31 dicembre,femmine,,15 anni e più,straniero-a/apolide,totale,,,occupato,tutte le voci,tutte le voci,7302.0
condizione_professionale_cittadinanza,2024,popolazione residente al 31 dicembre,femmine,,15 anni e più,straniero-a/apolide,totale,,,percettore/rice di una o più pensioni per effetto di attività lavorativa precedente o di redditi da capitale,tutte le voci,tutte le voci,532.6
condizione_professionale_cittadinanza,2024,popolazione residente al 31 dicembre,femmine,,15 anni e più,straniero-a/apolide,totale,,,studente/ssa,tutte le voci,tutte le voci,1114.7
condizione_professionale_cittadinanza,2024,popolazione residente al 31 dicembre,femmine,,15 anni e più,straniero-a/apolide,totale,,,totale,tutte le voci,tutte le voci,15841.0
condizione_professionale_cittadinanza,2024,popolazione residente al 31 dicembre,femmine,,15 anni e più,totale,totale,,,casalinga/o,tutte le voci,tutte le voci,13972.7
condizione_professionale_cittadinanza,2024,popolazione residente al 31 dicembre,femmine,,15 anni e più,totale,totale,,,forze di lavoro,tutte le voci,tutte le voci,43764.5
condizione_professionale_cittadinanza,2024,popolazione residente al 31 dicembre,femmine,,15 anni e più,totale,totale,,,in altra condizione,tutte le voci,tutte le voci,5165.4
condizione_professionale_cittadinanza,2024,popolazione residente al 31 dicembre,femmine,,15 anni e più,totale,totale,,,in cerca di occupazione,tutte le voci,tutte le voci,2907.5
condizione_professionale_cittadinanza,2024,popolazione residente al 31 dicembre,femmine,,15 anni e più,totale,totale,,,non forze di lavoro,tutte le voci,tutte le voci,47683.5
condizione_professionale_cittadinanza,2024,popolazione residente al 31 dicembre,femmine,,15 anni e più,totale,totale,,,occupato,tutte le voci,tutte le voci,40857.0
condizione_professionale_cittadinanza,2024,popolazione residente al 31 dicembre,femmine,,15 anni e più,totale,totale,,,percettore/rice di una o più pensioni per effetto di attività lavorativa precedente o di redditi da capitale,tutte le voci,tutte le voci,21627.6
condizione_professionale_cittadinanza,2024,popolazione residente al 31 dicembre,femmine,,15 anni e più,totale,totale,,,studente/ssa,tutte le voci,tutte le voci,6917.7
condizione_professionale_cittadinanza,2024,popolazione residente al 31 dicembre,femmine,,15 anni e più,totale,totale,,,totale,tutte le voci,tutte le voci,91448.0
condizione_professionale_cittadinanza,2024,popolazione residente al 31 dicembre,maschi,,15 anni e più,italiano-a,totale,,,casalinga/o,tutte le voci,tutte le voci,585.1
condizione_professionale_cittadinanza,2024,popolazione residente al 31 dicembre,maschi,,15 anni e più,italiano-a,totale,,,forze di lavoro,tutte le voci,tutte le voci,41396.9
condizione_professionale_cittadinanza,2024,popolazione residente al 31 dicembre,maschi,,15 anni e più,italiano-a,totale,,,in altra condizione,tutte le voci,tutte le voci,3792.1
condizione_professionale_cittadinanza,2024,popolazione residente al 31 dicembre,maschi,,15 anni e più,italiano-a,totale,,,in cerca di occupazione,tutte le voci,tutte le voci,1656.9
condizione_professionale_cittadinanza,2024,popolazione residente al 31 dicembre,maschi,,15 anni e più,italiano-a,totale,,,non forze di lavoro,tutte le voci,tutte le voci,27174.1
condizione_professionale_cittadinanza,2024,popolazione residente al 31 dicembre,maschi,,15 anni e più,italiano-a,totale,,,occupato,tutte le voci,tutte le voci,39740.0
condizione_professionale_cittadinanza,2024,popolazione residente al 31 dicembre,maschi,,15 anni e più,italiano-a,totale,,,percettore/rice di una o più pensioni per effetto di attività lavorativa precedente o di redditi da capitale,tutte le voci,tutte le voci,17588.0
condizione_professionale_cittadinanza,2024,popolazione residente al 31 dicembre,maschi,,15 anni e più,italiano-a,totale,,,studente/ssa,tutte le voci,tutte le voci,5208.9
condizione_professionale_cittadinanza,2024,popolazione residente al 31 dicembre,maschi,,15 anni e più,italiano-a,totale,,,totale,tutte le voci,tutte le voci,68571.0
condizione_professionale_cittadinanza,2024,popolazione residente al 31 dicembre,maschi,,15 anni e più,straniero-a/apolide,totale,,,casalinga/o,tutte le voci,tutte le voci,377.2
condizione_professionale_cittadinanza,2024,popolazione residente al 31 dicembre,maschi,,15 anni e più,straniero-a/apolide,totale,,,forze di lavoro,tutte le voci,tutte le voci,12187.8
condizione_professionale_cittadinanza,2024,popolazione residente al 31 dicembre,maschi,,15 anni e più,straniero-a/apolide,totale,,,in altra condizione,tutte le voci,tutte le voci,1557.0
condizione_professionale_cittadinanza,2024,popolazione residente al 31 dicembre,maschi,,15 anni e più,straniero-a/apolide,totale,,,in cerca di occupazione,tutte le voci,tutte le voci,1060.8
condizione_professionale_cittadinanza,2024,popolazione residente al 31 dicembre,maschi,,15 anni e più,straniero-a/apolide,totale,,,non forze di lavoro,tutte le voci,tutte le voci,3541.2
condizione_professionale_cittadinanza,2024,popolazione residente al 31 dicembre,maschi,,15 anni e più,straniero-a/apolide,totale,,,occupato,tutte le voci,tutte le voci,11127.0
condizione_professionale_cittadinanza,2024,popolazione residente al 31 dicembre,maschi,,15 anni e più,straniero-a/apolide,totale,,,percettore/rice di una o più pensioni per effetto di attività lavorativa precedente o di redditi da capitale,tutte le voci,tutte le voci,566.3
condizione_professionale_cittadinanza,2024,popolazione residente al 31 dicembre,maschi,,15 anni e più,straniero-a/apolide,totale,,,studente/ssa,tutte le voci,tutte le voci,1040.8
condizione_professionale_cittadinanza,2024,popolazione residente al 31 dicembre,maschi,,15 anni e più,straniero-a/apolide,totale,,,totale,tutte le voci,tutte le voci,15729.0
condizione_professionale_cittadinanza,2024,popolazione residente al 31 dicembre,maschi,,15 anni e più,totale,totale,,,casalinga/o,tutte le voci,tutte le voci,962.3
condizione_professionale_cittadinanza,2024,popolazione residente al 31 dicembre,maschi,,15 anni e più,totale,totale,,,forze di lavoro,tutte le voci,tutte le voci,53584.6
condizione_professionale_cittadinanza,2024,popolazione residente al 31 dicembre,maschi,,15 anni e più,totale,totale,,,in altra condizione,tutte le voci,tutte le voci,5349.0
condizione_professionale_cittadinanza,2024,popolazione residente al 31 dicembre,maschi,,15 anni e più,totale,totale,,,in cerca di occupazione,tutte le voci,tutte le voci,2717.6
condizione_professionale_cittadinanza,2024,popolazione residente al 31 dicembre,maschi,,15 anni e più,totale,totale,,,non forze di lavoro,tutte le voci,tutte le voci,30715.4
condizione_professionale_cittadinanza,2024,popolazione residente al 31 dicembre,maschi,,15 anni e più,totale,totale,,,occupato,tutte le voci,tutte le voci,50867.0
condizione_professionale_cittadinanza,2024,popolazione residente al 31 dicembre,maschi,,15 anni e più,totale,totale,,,percettore/rice di una o più pensioni per effetto di attività lavorativa precedente o di redditi da capitale,tutte le voci,tutte le voci,18154.4
condizione_professionale_cittadinanza,2024,popolazione residente al 31 dicembre,maschi,,15 anni e più,totale,totale,,,studente/ssa,tutte le voci,tutte le voci,6249.6
condizione_professionale_cittadinanza,2024,popolazione residente al 31 dicembre,maschi,,15 anni e più,totale,totale,,,totale,tutte le voci,tutte le voci,84300.0
condizione_professionale_cittadinanza,2024,popolazione residente al 31 dicembre,totale,,15 anni e più,italiano-a,totale,,,casalinga/o,tutte le voci,tutte le voci,9887.3
condizione_professionale_cittadinanza,2024,popolazione residente al 31 dicembre,totale,,15 anni e più,italiano-a,totale,,,forze di lavoro,tutte le voci,tutte le voci,76774.4
condizione_professionale_cittadinanza,2024,popolazione residente al 31 dicembre,totale,,15 anni e più,italiano-a,totale,,,in altra condizione,tutte le voci,tutte le voci,7821.3
condizione_professionale_cittadinanza,2024,popolazione residente al 31 dicembre,totale,,15 anni e più,italiano-a,totale,,,in cerca di occupazione,tutte le voci,tutte le voci,3479.4
condizione_professionale_cittadinanza,2024,popolazione residente al 31 dicembre,totale,,15 anni e più,italiano-a,totale,,,non forze di lavoro,tutte le voci,tutte le voci,67403.6
condizione_professionale_cittadinanza,2024,popolazione residente al 31 dicembre,totale,,15 anni e più,italiano-a,totale,,,occupato,tutte le voci,tutte le voci,73295.0
condizione_professionale_cittadinanza,2024,popolazione residente al 31 dicembre,totale,,15 anni e più,italiano-a,totale,,,percettore/rice di una o più pensioni per effetto di attività lavorativa precedente o di redditi da capitale,tutte le voci,tutte le voci,38683.0
condizione_professionale_cittadinanza,2024,popolazione residente al 31 dicembre,totale,,15 anni e più,italiano-a,totale,,,studente/ssa,tutte le voci,tutte le voci,11011.9
condizione_professionale_cittadinanza,2024,popolazione residente al 31 dicembre,totale,,15 anni e più,italiano-a,totale,,,totale,tutte le voci,tutte le voci,144178.0
condizione_professionale_cittadinanza,2024,popolazione residente al 31 dicembre,totale,,15 anni e più,straniero-a/apolide,totale,,,casalinga/o,tutte le voci,tutte le voci,5047.7
condizione_professionale_cittadinanza,2024,popolazione residente al 31 dicembre,totale,,15 anni e più,straniero-a/apolide,totale,,,forze di lavoro,tutte le voci,tutte le voci,20574.7
condizione_professionale_cittadinanza,2024,popolazione residente al 31 dicembre,totale,,15 anni e più,straniero-a/apolide,totale,,,in altra condizione,tutte le voci,tutte le voci,2693.1
condizione_professionale_cittadinanza,2024,popolazione residente al 31 dicembre,totale,,15 anni e più,straniero-a/apolide,totale,,,in cerca di occupazione,tutte le voci,tutte le voci,2145.7
condizione_professionale_cittadinanza,2024,popolazione residente al 31 dicembre,totale,,15 anni e più,straniero-a/apolide,totale,,,non forze di lavoro,tutte le voci,tutte le voci,10995.3
condizione_professionale_cittadinanza,2024,popolazione residente al 31 dicembre,totale,,15 anni e più,straniero-a/apolide,totale,,,occupato,tutte le voci,tutte le voci,18429.0
condizione_professionale_cittadinanza,2024,popolazione residente al 31 dicembre,totale,,15 anni e più,straniero-a/apolide,totale,,,percettore/rice di una o più pensioni per effetto di attività lavorativa precedente o di redditi da capitale,tutte le voci,tutte le voci,1099.0
condizione_professionale_cittadinanza,2024,popolazione residente al 31 dicembre,totale,,15 anni e più,straniero-a/apolide,totale,,,studente/ssa,tutte le voci,tutte le voci,2155.5
condizione_professionale_cittadinanza,2024,popolazione residente al 31 dicembre,totale,,15 anni e più,straniero-a/apolide,totale,,,totale,tutte le voci,tutte le voci,31570.0
condizione_professionale_cittadinanza,2024,popolazione residente al 31 dicembre,totale,,15 anni e più,totale,totale,,,casalinga/o,tutte le voci,tutte le voci,14935.0
condizione_professionale_cittadinanza,2024,popolazione residente al 31 dicembre,totale,,15 anni e più,totale,totale,,,forze di lavoro,tutte le voci,tutte le voci,97349.2
condizione_professionale_cittadinanza,2024,popolazione residente al 31 dicembre,totale,,15 anni e più,totale,totale,,,in altra condizione,tutte le voci,tutte le voci,10514.4
condizione_professionale_cittadinanza,2024,popolazione residente al 31 dicembre,totale,,15 anni e più,totale,totale,,,in cerca di occupazione,tutte le voci,tutte le voci,5625.2
condizione_professionale_cittadinanza,2024,popolazione residente al 31 dicembre,totale,,15 anni e più,totale,totale,,,non forze di lavoro,tutte le voci,tutte le voci,78398.8
condizione_professionale_cittadinanza,2024,popolazione residente al 31 dicembre,totale,,15 anni e più,totale,totale,,,occupato,tutte le voci,tutte le voci,91724.0
condizione_professionale_cittadinanza,2024,popolazione residente al 31 dicembre,totale,,15 anni e più,totale,totale,,,percettore/rice di una o più pensioni per effetto di attività lavorativa precedente o di redditi da capitale,tutte le voci,tutte le voci,39782.0
condizione_professionale_cittadinanza,2024,popolazione residente al 31 dicembre,totale,,15 anni e più,totale,totale,,,studente/ssa,tutte le voci,tutte le voci,13167.4
condizione_professionale_cittadinanza,2024,popolazione residente al 31 dicembre,totale,,15 anni e più,totale,totale,,,totale,tutte le voci,tutte le voci,175748.0
condizione_professionale_eta,2018,popolazione residente al 31 dicembre,femmine,,15 anni e più,totale,totale,,,casalinga/o,tutte le voci,tutte le voci,15022.0
condizione_professionale_eta,2018,popolazione residente al 31 dicembre,femmine,,15 anni e più,totale,totale,,,forze di lavoro,tutte le voci,tutte le voci,41893.0
condizione_professionale_eta,2018,popolazione residente al 31 dicembre,femmine,,15 anni e più,totale,totale,,,in altra condizione,tutte le voci,tutte le voci,4659.0
condizione_professionale_eta,2018,popolazione residente al 31 dicembre,femmine,,15 anni e più,totale,totale,,,in cerca di occupazione,tutte le voci,tutte le voci,5109.0
condizione_professionale_eta,2018,popolazione residente al 31 dicembre,femmine,,15 anni e più,totale,totale,,,non forze di lavoro,tutte le voci,tutte le voci,48570.0
condizione_professionale_eta,2018,popolazione residente al 31 dicembre,femmine,,15 anni e più,totale,totale,,,occupato,tutte le voci,tutte le voci,36784.0
condizione_professionale_eta,2018,popolazione residente al 31 dicembre,femmine,,15 anni e più,totale,totale,,,percettore/rice di una o più pensioni per effetto di attività lavorativa precedente o di redditi da capitale,tutte le voci,tutte le voci,22366.0
condizione_professionale_eta,2018,popolazione residente al 31 dicembre,femmine,,15 anni e più,totale,totale,,,studente/ssa,tutte le voci,tutte le voci,6523.0
condizione_professionale_eta,2018,popolazione residente al 31 dicembre,femmine,,15 anni e più,totale,totale,,,totale,tutte le voci,tutte le voci,90463.0
condizione_professionale_eta,2018,popolazione residente al 31 dicembre,femmine,,15-24 anni,totale,totale,,,casalinga/o,tutte le voci,tutte le voci,324.0
condizione_professionale_eta,2018,popolazione residente al 31 dicembre,femmine,,15-24 anni,totale,totale,,,forze di lavoro,tutte le voci,tutte le voci,2390.0
condizione_professionale_eta,2018,popolazione residente al 31 dicembre,femmine,,15-24 anni,totale,totale,,,in altra condizione,tutte le voci,tutte le voci,343.0
condizione_professionale_eta,2018,popolazione residente al 31 dicembre,femmine,,15-24 anni,totale,totale,,,in cerca di occupazione,tutte le voci,tutte le voci,820.0
condizione_professionale_eta,2018,popolazione residente al 31 dicembre,femmine,,15-24 anni,totale,totale,,,non forze di lavoro,tutte le voci,tutte le voci,6548.0
condizione_professionale_eta,2018,popolazione residente al 31 dicembre,femmine,,15-24 anni,totale,totale,,,occupato,tutte le voci,tutte le voci,1570.0
condizione_professionale_eta,2018,popolazione residente al 31 dicembre,femmine,,15-24 anni,totale,totale,,,percettore/rice di una o più pensioni per effetto di attività lavorativa precedente o di redditi da capitale,tutte le voci,tutte le voci,7.0
condizione_professionale_eta,2018,popolazione residente al 31 dicembre,femmine,,15-24 anni,totale,totale,,,studente/ssa,tutte le voci,tutte le voci,5874.0
condizione_professionale_eta,2018,popolazione residente al 31 dicembre,femmine,,15-24 anni,totale,totale,,,totale,tutte le voci,tutte le voci,8938.0
condizione_professionale_eta,2018,popolazione residente al 31 dicembre,femmine,,25-49 anni,totale,totale,,,casalinga/o,tutte le voci,tutte le voci,5275.0
condizione_professionale_eta,2018,popolazione residente al 31 dicembre,femmine,,25-49 anni,totale,totale,,,forze di lavoro,tutte le voci,tutte le voci,23245.0
condizione_professionale_eta,2018,popolazione residente al 31 dicembre,femmine,,25-49 anni,totale,totale,,,in altra condizione,tutte le voci,tutte le voci,1081.0
condizione_professionale_eta,2018,popolazione residente al 31 dicembre,femmine,,25-49 anni,totale,totale,,,in cerca di occupazione,tutte le voci,tutte le voci,2893.0
condizione_professionale_eta,2018,popolazione residente al 31 dicembre,femmine,,25-49 anni,totale,totale,,,non forze di lavoro,tutte le voci,tutte le voci,7146.0
condizione_professionale_eta,2018,popolazione residente al 31 dicembre,femmine,,25-49 anni,totale,totale,,,occupato,tutte le voci,tutte le voci,20352.0
condizione_professionale_eta,2018,popolazione residente al 31 dicembre,femmine,,25-49 anni,totale,totale,,,percettore/rice di una o più pensioni per effetto di attività lavorativa precedente o di redditi da capitale,tutte le voci,tutte le voci,149.0
condizione_professionale_eta,2018,popolazione residente al 31 dicembre,femmine,,25-49 anni,totale,totale,,,studente/ssa,tutte le voci,tutte le voci,641.0
condizione_professionale_eta,2018,popolazione residente al 31 dicembre,femmine,,25-49 anni,totale,totale,,,totale,tutte le voci,tutte le voci,30391.0
condizione_professionale_eta,2018,popolazione residente al 31 dicembre,femmine,,50-64 anni,totale,totale,,,casalinga/o,tutte le voci,tutte le voci,4579.0
condizione_professionale_eta,2018,popolazione residente al 31 dicembre,femmine,,50-64 anni,totale,totale,,,forze di lavoro,tutte le voci,tutte le voci,14914.0
condizione_professionale_eta,2018,popolazione residente al 31 dicembre,femmine,,50-64 anni,totale,totale,,,in altra condizione,tutte le voci,tutte le voci,916.0
condizione_professionale_eta,2018,popolazione residente al 31 dicembre,femmine,,50-64 anni,totale,totale,,,in cerca di occupazione,tutte le voci,tutte le voci,1314.0
condizione_professionale_eta,2018,popolazione residente al 31 dicembre,femmine,,50-64 anni,totale,totale,,,non forze di lavoro,tutte le voci,tutte le voci,7173.0
condizione_professionale_eta,2018,popolazione residente al 31 dicembre,femmine,,50-64 anni,totale,totale,,,occupato,tutte le voci,tutte le voci,13600.0
condizione_professionale_eta,2018,popolazione residente al 31 dicembre,femmine,,50-64 anni,totale,totale,,,percettore/rice di una o più pensioni per effetto di attività lavorativa precedente o di redditi da capitale,tutte le voci,tutte le voci,1671.0
condizione_professionale_eta,2018,popolazione residente al 31 dicembre,femmine,,50-64 anni,totale,totale,,,studente/ssa,tutte le voci,tutte le voci,7.0
condizione_professionale_eta,2018,popolazione residente al 31 dicembre,femmine,,50-64 anni,totale,totale,,,totale,tutte le voci,tutte le voci,22087.0
condizione_professionale_eta,2018,popolazione residente al 31 dicembre,femmine,,65 anni e più,totale,totale,,,casalinga/o,tutte le voci,tutte le voci,4844.0
condizione_professionale_eta,2018,popolazione residente al 31 dicembre,femmine,,65 anni e più,totale,totale,,,forze di lavoro,tutte le voci,tutte le voci,1344.0
condizione_professionale_eta,2018,popolazione residente al 31 dicembre,femmine,,65 anni e più,totale,totale,,,in altra condizione,tutte le voci,tutte le voci,2319.0
condizione_professionale_eta,2018,popolazione residente al 31 dicembre,femmine,,65 anni e più,totale,totale,,,in cerca di occupazione,tutte le voci,tutte le voci,82.0
condizione_professionale_eta,2018,popolazione residente al 31 dicembre,femmine,,65 anni e più,totale,totale,,,non forze di lavoro,tutte le voci,tutte le voci,27703.0
condizione_professionale_eta,2018,popolazione residente al 31 dicembre,femmine,,65 anni e più,totale,totale,,,occupato,tutte le voci,tutte le voci,1262.0
condizione_professionale_eta,2018,popolazione residente al 31 dicembre,femmine,,65 anni e più,totale,totale,,,percettore/rice di una o più pensioni per effetto di attività lavorativa precedente o di redditi da capitale,tutte le voci,tutte le voci,20539.0
condizione_professionale_eta,2018,popolazione residente al 31 dicembre,femmine,,65 anni e più,totale,totale,,,studente/ssa,tutte le voci,tutte le voci,1.0
condizione_professionale_eta,2018,popolazione residente al 31 dicembre,femmine,,65 anni e più,totale,totale,,,totale,tutte le voci,tutte le voci,29047.0
condizione_professionale_eta,2018,popolazione residente al 31 dicembre,maschi,,15 anni e più,totale,totale,,,casalinga/o,tutte le voci,tutte le voci,645.0
condizione_professionale_eta,2018,popolazione residente al 31 dicembre,maschi,,15 anni e più,totale,totale,,,forze di lavoro,tutte le voci,tutte le voci,51367.0
condizione_professionale_eta,2018,popolazione residente al 31 dicembre,maschi,,15 anni e più,totale,totale,,,in altra condizione,tutte le voci,tutte le voci,4452.0
condizione_professionale_eta,2018,popolazione residente al 31 dicembre,maschi,,15 anni e più,totale,totale,,,in cerca di occupazione,tutte le voci,tutte le voci,4973.0
condizione_professionale_eta,2018,popolazione residente al 31 dicembre,maschi,,15 anni e più,totale,totale,,,non forze di lavoro,tutte le voci,tutte le voci,29045.0
condizione_professionale_eta,2018,popolazione residente al 31 dicembre,maschi,,15 anni e più,totale,totale,,,occupato,tutte le voci,tutte le voci,46394.0
condizione_professionale_eta,2018,popolazione residente al 31 dicembre,maschi,,15 anni e più,totale,totale,,,percettore/rice di una o più pensioni per effetto di attività lavorativa precedente o di redditi da capitale,tutte le voci,tutte le voci,17818.0
condizione_professionale_eta,2018,popolazione residente al 31 dicembre,maschi,,15 anni e più,totale,totale,,,studente/ssa,tutte le voci,tutte le voci,6130.0
condizione_professionale_eta,2018,popolazione residente al 31 dicembre,maschi,,15 anni e più,totale,totale,,,totale,tutte le voci,tutte le voci,80412.0
condizione_professionale_eta,2018,popolazione residente al 31 dicembre,maschi,,15-24 anni,totale,totale,,,casalinga/o,tutte le voci,tutte le voci,22.0
condizione_professionale_eta,2018,popolazione residente al 31 dicembre,maschi,,15-24 anni,totale,totale,,,forze di lavoro,tutte le voci,tutte le voci,3499.0
condizione_professionale_eta,2018,popolazione residente al 31 dicembre,maschi,,15-24 anni,totale,totale,,,in altra condizione,tutte le voci,tutte le voci,589.0
condizione_professionale_eta,2018,popolazione residente al 31 dicembre,maschi,,15-24 anni,totale,totale,,,in cerca di occupazione,tutte le voci,tutte le voci,899.0
condizione_professionale_eta,2018,popolazione residente al 31 dicembre,maschi,,15-24 anni,totale,totale,,,non forze di lavoro,tutte le voci,tutte le voci,6263.0
condizione_professionale_eta,2018,popolazione residente al 31 dicembre,maschi,,15-24 anni,totale,totale,,,occupato,tutte le voci,tutte le voci,2600.0
condizione_professionale_eta,2018,popolazione residente al 31 dicembre,maschi,,15-24 anni,totale,totale,,,percettore/rice di una o più pensioni per effetto di attività lavorativa precedente o di redditi da capitale,tutte le voci,tutte le voci,10.0
condizione_professionale_eta,2018,popolazione residente al 31 dicembre,maschi,,15-24 anni,totale,totale,,,studente/ssa,tutte le voci,tutte le voci,5642.0
condizione_professionale_eta,2018,popolazione residente al 31 dicembre,maschi,,15-24 anni,totale,totale,,,totale,tutte le voci,tutte le voci,9762.0
condizione_professionale_eta,2018,popolazione residente al 31 dicembre,maschi,,25-49 anni,totale,totale,,,casalinga/o,tutte le voci,tutte le voci,254.0
condizione_professionale_eta,2018,popolazione residente al 31 dicembre,maschi,,25-49 anni,totale,totale,,,forze di lavoro,tutte le voci,tutte le voci,28683.0
condizione_professionale_eta,2018,popolazione residente al 31 dicembre,maschi,,25-49 anni,totale,totale,,,in altra condizione,tutte le voci,tutte le voci,1402.0
condizione_professionale_eta,2018,popolazione residente al 31 dicembre,maschi,,25-49 anni,totale,totale,,,in cerca di occupazione,tutte le voci,tutte le voci,2704.0
condizione_professionale_eta,2018,popolazione residente al 31 dicembre,maschi,,25-49 anni,totale,totale,,,non forze di lavoro,tutte le voci,tutte le voci,2320.0
condizione_professionale_eta,2018,popolazione residente al 31 dicembre,maschi,,25-49 anni,totale,totale,,,occupato,tutte le voci,tutte le voci,25979.0
condizione_professionale_eta,2018,popolazione residente al 31 dicembre,maschi,,25-49 anni,totale,totale,,,percettore/rice di una o più pensioni per effetto di attività lavorativa precedente o di redditi da capitale,tutte le voci,tutte le voci,181.0
condizione_professionale_eta,2018,popolazione residente al 31 dicembre,maschi,,25-49 anni,totale,totale,,,studente/ssa,tutte le voci,tutte le voci,483.0
condizione_professionale_eta,2018,popolazione residente al 31 dicembre,maschi,,25-49 anni,totale,totale,,,totale,tutte le voci,tutte le voci,31003.0
condizione_professionale_eta,2018,popolazione residente al 31 dicembre,maschi,,50-64 anni,totale,totale,,,casalinga/o,tutte le voci,tutte le voci,246.0
condizione_professionale_eta,2018,popolazione residente al 31 dicembre,maschi,,50-64 anni,totale,totale,,,forze di lavoro,tutte le voci,tutte le voci,16627.0
condizione_professionale_eta,2018,popolazione residente al 31 dicembre,maschi,,50-64 anni,totale,totale,,,in altra condizione,tutte le voci,tutte le voci,1256.0
condizione_professionale_eta,2018,popolazione residente al 31 dicembre,maschi,,50-64 anni,totale,totale,,,in cerca di occupazione,tutte le voci,tutte le voci,1327.0
condizione_professionale_eta,2018,popolazione residente al 31 dicembre,maschi,,50-64 anni,totale,totale,,,non forze di lavoro,tutte le voci,tutte le voci,3408.0
condizione_professionale_eta,2018,popolazione residente al 31 dicembre,maschi,,50-64 anni,totale,totale,,,occupato,tutte le voci,tutte le voci,15300.0
condizione_professionale_eta,2018,popolazione residente al 31 dicembre,maschi,,50-64 anni,totale,totale,,,percettore/rice di una o più pensioni per effetto di attività lavorativa precedente o di redditi da capitale,tutte le voci,tutte le voci,1902.0
condizione_professionale_eta,2018,popolazione residente al 31 dicembre,maschi,,50-64 anni,totale,totale,,,studente/ssa,tutte le voci,tutte le voci,4.0
condizione_professionale_eta,2018,popolazione residente al 31 dicembre,maschi,,50-64 anni,totale,totale,,,totale,tutte le voci,tutte le voci,20035.0
condizione_professionale_eta,2018,popolazione residente al 31 dicembre,maschi,,65 anni e più,totale,totale,,,casalinga/o,tutte le voci,tutte le voci,123.0
condizione_professionale_eta,2018,popolazione residente al 31 dicembre,maschi,,65 anni e più,totale,totale,,,forze di lavoro,tutte le voci,tutte le voci,2558.0
condizione_professionale_eta,2018,popolazione residente al 31 dicembre,maschi,,65 anni e più,totale,totale,,,in altra condizione,tutte le voci,tutte le voci,1205.0
condizione_professionale_eta,2018,popolazione residente al 31 dicembre,maschi,,65 anni e più,totale,totale,,,in cerca di occupazione,tutte le voci,tutte le voci,43.0
condizione_professionale_eta,2018,popolazione residente al 31 dicembre,maschi,,65 anni e più,totale,totale,,,non forze di lavoro,tutte le voci,tutte le voci,17054.0
condizione_professionale_eta,2018,popolazione residente al 31 dicembre,maschi,,65 anni e più,totale,totale,,,occupato,tutte le voci,tutte le voci,2515.0
condizione_professionale_eta,2018,popolazione residente al 31 dicembre,maschi,,65 anni e più,totale,totale,,,percettore/rice di una o più pensioni per effetto di attività lavorativa precedente o di redditi da capitale,tutte le voci,tutte le voci,15725.0
condizione_professionale_eta,2018,popolazione residente al 31 dicembre,maschi,,65 anni e più,totale,totale,,,studente/ssa,tutte le voci,tutte le voci,1.0
condizione_professionale_eta,2018,popolazione residente al 31 dicembre,maschi,,65 anni e più,totale,totale,,,totale,tutte le voci,tutte le voci,19612.0
condizione_professionale_eta,2018,popolazione residente al 31 dicembre,totale,,15 anni e più,totale,totale,,,casalinga/o,tutte le voci,tutte le voci,15667.0
condizione_professionale_eta,2018,popolazione residente al 31 dicembre,totale,,15 anni e più,totale,totale,,,forze di lavoro,tutte le voci,tutte le voci,93260.0
condizione_professionale_eta,2018,popolazione residente al 31 dicembre,totale,,15 anni e più,totale,totale,,,in altra condizione,tutte le voci,tutte le voci,9111.0
condizione_professionale_eta,2018,popolazione residente al 31 dicembre,totale,,15 anni e più,totale,totale,,,in cerca di occupazione,tutte le voci,tutte le voci,10082.0
condizione_professionale_eta,2018,popolazione residente al 31 dicembre,totale,,15 anni e più,totale,totale,,,non forze di lavoro,tutte le voci,tutte le voci,77615.0
condizione_professionale_eta,2018,popolazione residente al 31 dicembre,totale,,15 anni e più,totale,totale,,,occupato,tutte le voci,tutte le voci,83178.0
condizione_professionale_eta,2018,popolazione residente al 31 dicembre,totale,,15 anni e più,totale,totale,,,percettore/rice di una o più pensioni per effetto di attività lavorativa precedente o di redditi da capitale,tutte le voci,tutte le voci,40184.0
condizione_professionale_eta,2018,popolazione residente al 31 dicembre,totale,,15 anni e più,totale,totale,,,studente/ssa,tutte le voci,tutte le voci,12653.0
condizione_professionale_eta,2018,popolazione residente al 31 dicembre,totale,,15 anni e più,totale,totale,,,totale,tutte le voci,tutte le voci,170875.0
condizione_professionale_eta,2018,popolazione residente al 31 dicembre,totale,,15-24 anni,totale,totale,,,casalinga/o,tutte le voci,tutte le voci,346.0
condizione_professionale_eta,2018,popolazione residente al 31 dicembre,totale,,15-24 anni,totale,totale,,,forze di lavoro,tutte le voci,tutte le voci,5889.0
condizione_professionale_eta,2018,popolazione residente al 31 dicembre,totale,,15-24 anni,totale,totale,,,in altra condizione,tutte le voci,tutte le voci,932.0
condizione_professionale_eta,2018,popolazione residente al 31 dicembre,totale,,15-24 anni,totale,totale,,,in cerca di occupazione,tutte le voci,tutte le voci,1719.0
condizione_professionale_eta,2018,popolazione residente al 31 dicembre,totale,,15-24 anni,totale,totale,,,non forze di lavoro,tutte le voci,tutte le voci,12811.0
condizione_professionale_eta,2018,popolazione residente al 31 dicembre,totale,,15-24 anni,totale,totale,,,occupato,tutte le voci,tutte le voci,4170.0
condizione_professionale_eta,2018,popolazione residente al 31 dicembre,totale,,15-24 anni,totale,totale,,,percettore/rice di una o più pensioni per effetto di attività lavorativa precedente o di redditi da capitale,tutte le voci,tutte le voci,17.0
condizione_professionale_eta,2018,popolazione residente al 31 dicembre,totale,,15-24 anni,totale,totale,,,studente/ssa,tutte le voci,tutte le voci,11516.0
condizione_professionale_eta,2018,popolazione residente al 31 dicembre,totale,,15-24 anni,totale,totale,,,totale,tutte le voci,tutte le voci,18700.0
condizione_professionale_eta,2018,popolazione residente al 31 dicembre,totale,,25-49 anni,totale,totale,,,casalinga/o,tutte le voci,tutte le voci,5529.0
condizione_professionale_eta,2018,popolazione residente al 31 dicembre,totale,,25-49 anni,totale,totale,,,forze di lavoro,tutte le voci,tutte le voci,51928.0
condizione_professionale_eta,2018,popolazione residente al 31 dicembre,totale,,25-49 anni,totale,totale,,,in altra condizione,tutte le voci,tutte le voci,2483.0
condizione_professionale_eta,2018,popolazione residente al 31 dicembre,totale,,25-49 anni,totale,totale,,,in cerca di occupazione,tutte le voci,tutte le voci,5597.0
condizione_professionale_eta,2018,popolazione residente al 31 dicembre,totale,,25-49 anni,totale,totale,,,non forze di lavoro,tutte le voci,tutte le voci,9466.0
condizione_professionale_eta,2018,popolazione residente al 31 dicembre,totale,,25-49 anni,totale,totale,,,occupato,tutte le voci,tutte le voci,46331.0
condizione_professionale_eta,2018,popolazione residente al 31 dicembre,totale,,25-49 anni,totale,totale,,,percettore/rice di una o più pensioni per effetto di attività lavorativa precedente o di redditi da capitale,tutte le voci,tutte le voci,330.0
condizione_professionale_eta,2018,popolazione residente al 31 dicembre,totale,,25-49 anni,totale,totale,,,studente/ssa,tutte le voci,tutte le voci,1124.0
condizione_professionale_eta,2018,popolazione residente al 31 dicembre,totale,,25-49 anni,totale,totale,,,totale,tutte le voci,tutte le voci,61394.0
condizione_professionale_eta,2018,popolazione residente al 31 dicembre,totale,,50-64 anni,totale,totale,,,casalinga/o,tutte le voci,tutte le voci,4825.0
condizione_professionale_eta,2018,popolazione residente al 31 dicembre,totale,,50-64 anni,totale,totale,,,forze di lavoro,tutte le voci,tutte le voci,31541.0
condizione_professionale_eta,2018,popolazione residente al 31 dicembre,totale,,50-64 anni,totale,totale,,,in altra condizione,tutte le voci,tutte le voci,2172.0
condizione_professionale_eta,2018,popolazione residente al 31 dicembre,totale,,50-64 anni,totale,totale,,,in cerca di occupazione,tutte le voci,tutte le voci,2641.0
condizione_professionale_eta,2018,popolazione residente al 31 dicembre,totale,,50-64 anni,totale,totale,,,non forze di lavoro,tutte le voci,tutte le voci,10581.0
condizione_professionale_eta,2018,popolazione residente al 31 dicembre,totale,,50-64 anni,totale,totale,,,occupato,tutte le voci,tutte le voci,28900.0
condizione_professionale_eta,2018,popolazione residente al 31 dicembre,totale,,50-64 anni,totale,totale,,,percettore/rice di una o più pensioni per effetto di attività lavorativa precedente o di redditi da capitale,tutte le voci,tutte le voci,3573.0
condizione_professionale_eta,2018,popolazione residente al 31 dicembre,totale,,50-64 anni,totale,totale,,,studente/ssa,tutte le voci,tutte le voci,11.0
condizione_professionale_eta,2018,popolazione residente al 31 dicembre,totale,,50-64 anni,totale,totale,,,totale,tutte le voci,tutte le voci,42122.0
condizione_professionale_eta,2018,popolazione residente al 31 dicembre,totale,,65 anni e più,totale,totale,,,casalinga/o,tutte le voci,tutte le voci,4967.0
condizione_professionale_eta,2018,popolazione residente al 31 dicembre,totale,,65 anni e più,totale,totale,,,forze di lavoro,tutte le voci,tutte le voci,3902.0
condizione_professionale_eta,2018,popolazione residente al 31 dicembre,totale,,65 anni e più,totale,totale,,,in altra condizione,tutte le voci,tutte le voci,3524.0
condizione_professionale_eta,2018,popolazione residente al 31 dicembre,totale,,65 anni e più,totale,totale,,,in cerca di occupazione,tutte le voci,tutte le voci,125.0
condizione_professionale_eta,2018,popolazione residente al 31 dicembre,totale,,65 anni e più,totale,totale,,,non forze di lavoro,tutte le voci,tutte le voci,44757.0
condizione_professionale_eta,2018,popolazione residente al 31 dicembre,totale,,65 anni e più,totale,totale,,,occupato,tutte le voci,tutte le voci,3777.0
condizione_professionale_eta,2018,popolazione residente al 31 dicembre,totale,,65 anni e più,totale,totale,,,percettore/rice di una o più pensioni per effetto di attività lavorativa precedente o di redditi da capitale,tutte le voci,tutte le voci,36264.0
condizione_professionale_eta,2018,popolazione residente al 31 dicembre,totale,,65 anni e più,totale,totale,,,studente/ssa,tutte le voci,tutte le voci,2.0
condizione_professionale_eta,2018,popolazione residente al 31 dicembre,totale,,65 anni e più,totale,totale,,,totale,tutte le voci,tutte le voci,48659.0
condizione_professionale_eta,2019,popolazione residente al 31 dicembre,femmine,,15 anni e più,totale,totale,,,casalinga/o,tutte le voci,tutte le voci,15020.0
condizione_professionale_eta,2019,popolazione residente al 31 dicembre,femmine,,15 anni e più,totale,totale,,,forze di lavoro,tutte le voci,tutte le voci,42022.0
condizione_professionale_eta,2019,popolazione residente al 31 dicembre,femmine,,15 anni e più,totale,totale,,,in altra condizione,tutte le voci,tutte le voci,4528.0
condizione_professionale_eta,2019,popolazione residente al 31 dicembre,femmine,,15 anni e più,totale,totale,,,in cerca di occupazione,tutte le voci,tutte le voci,4533.0
condizione_professionale_eta,2019,popolazione residente al 31 dicembre,femmine,,15 anni e più,totale,totale,,,non forze di lavoro,tutte le voci,tutte le voci,48461.0
condizione_professionale_eta,2019,popolazione residente al 31 dicembre,femmine,,15 anni e più,totale,totale,,,occupato,tutte le voci,tutte le voci,37489.0
condizione_professionale_eta,2019,popolazione residente al 31 dicembre,femmine,,15 anni e più,totale,totale,,,percettore/rice di una o più pensioni per effetto di attività lavorativa precedente o di redditi da capitale,tutte le voci,tutte le voci,22117.0
condizione_professionale_eta,2019,popolazione residente al 31 dicembre,femmine,,15 anni e più,totale,totale,,,studente/ssa,tutte le voci,tutte le voci,6796.0
condizione_professionale_eta,2019,popolazione residente al 31 dicembre,femmine,,15 anni e più,totale,totale,,,totale,tutte le voci,tutte le voci,90482.0
condizione_professionale_eta,2019,popolazione residente al 31 dicembre,femmine,,15-24 anni,totale,totale,,,casalinga/o,tutte le voci,tutte le voci,247.0
condizione_professionale_eta,2019,popolazione residente al 31 dicembre,femmine,,15-24 anni,totale,totale,,,forze di lavoro,tutte le voci,tutte le voci,2345.0
condizione_professionale_eta,2019,popolazione residente al 31 dicembre,femmine,,15-24 anni,totale,totale,,,in altra condizione,tutte le voci,tutte le voci,302.0
condizione_professionale_eta,2019,popolazione residente al 31 dicembre,femmine,,15-24 anni,totale,totale,,,in cerca di occupazione,tutte le voci,tutte le voci,713.0
condizione_professionale_eta,2019,popolazione residente al 31 dicembre,femmine,,15-24 anni,totale,totale,,,non forze di lavoro,tutte le voci,tutte le voci,6631.0
condizione_professionale_eta,2019,popolazione residente al 31 dicembre,femmine,,15-24 anni,totale,totale,,,occupato,tutte le voci,tutte le voci,1632.0
condizione_professionale_eta,2019,popolazione residente al 31 dicembre,femmine,,15-24 anni,totale,totale,,,percettore/rice di una o più pensioni per effetto di attività lavorativa precedente o di redditi da capitale,tutte le voci,tutte le voci,7.0
condizione_professionale_eta,2019,popolazione residente al 31 dicembre,femmine,,15-24 anni,totale,totale,,,studente/ssa,tutte le voci,tutte le voci,6075.0
condizione_professionale_eta,2019,popolazione residente al 31 dicembre,femmine,,15-24 anni,totale,totale,,,totale,tutte le voci,tutte le voci,8976.0
condizione_professionale_eta,2019,popolazione residente al 31 dicembre,femmine,,25-49 anni,totale,totale,,,casalinga/o,tutte le voci,tutte le voci,5017.0
condizione_professionale_eta,2019,popolazione residente al 31 dicembre,femmine,,25-49 anni,totale,totale,,,forze di lavoro,tutte le voci,tutte le voci,23112.0
condizione_professionale_eta,2019,popolazione residente al 31 dicembre,femmine,,25-49 anni,totale,totale,,,in altra condizione,tutte le voci,tutte le voci,1082.0
condizione_professionale_eta,2019,popolazione residente al 31 dicembre,femmine,,25-49 anni,totale,totale,,,in cerca di occupazione,tutte le voci,tutte le voci,2644.0
condizione_professionale_eta,2019,popolazione residente al 31 dicembre,femmine,,25-49 anni,totale,totale,,,non forze di lavoro,tutte le voci,tutte le voci,6987.0
condizione_professionale_eta,2019,popolazione residente al 31 dicembre,femmine,,25-49 anni,totale,totale,,,occupato,tutte le voci,tutte le voci,20468.0
condizione_professionale_eta,2019,popolazione residente al 31 dicembre,femmine,,25-49 anni,totale,totale,,,percettore/rice di una o più pensioni per effetto di attività lavorativa precedente o di redditi da capitale,tutte le voci,tutte le voci,178.0
condizione_professionale_eta,2019,popolazione residente al 31 dicembre,femmine,,25-49 anni,totale,totale,,,studente/ssa,tutte le voci,tutte le voci,710.0
condizione_professionale_eta,2019,popolazione residente al 31 dicembre,femmine,,25-49 anni,totale,totale,,,totale,tutte le voci,tutte le voci,30099.0
condizione_professionale_eta,2019,popolazione residente al 31 dicembre,femmine,,50-64 anni,totale,totale,,,casalinga/o,tutte le voci,tutte le voci,4697.0
condizione_professionale_eta,2019,popolazione residente al 31 dicembre,femmine,,50-64 anni,totale,totale,,,forze di lavoro,tutte le voci,tutte le voci,15158.0
condizione_professionale_eta,2019,popolazione residente al 31 dicembre,femmine,,50-64 anni,totale,totale,,,in altra condizione,tutte le voci,tutte le voci,882.0
condizione_professionale_eta,2019,popolazione residente al 31 dicembre,femmine,,50-64 anni,totale,totale,,,in cerca di occupazione,tutte le voci,tutte le voci,1105.0
condizione_professionale_eta,2019,popolazione residente al 31 dicembre,femmine,,50-64 anni,totale,totale,,,non forze di lavoro,tutte le voci,tutte le voci,7256.0
condizione_professionale_eta,2019,popolazione residente al 31 dicembre,femmine,,50-64 anni,totale,totale,,,occupato,tutte le voci,tutte le voci,14053.0
condizione_professionale_eta,2019,popolazione residente al 31 dicembre,femmine,,50-64 anni,totale,totale,,,percettore/rice di una o più pensioni per effetto di attività lavorativa precedente o di redditi da capitale,tutte le voci,tutte le voci,1666.0
condizione_professionale_eta,2019,popolazione residente al 31 dicembre,femmine,,50-64 anni,totale,totale,,,studente/ssa,tutte le voci,tutte le voci,11.0
condizione_professionale_eta,2019,popolazione residente al 31 dicembre,femmine,,50-64 anni,totale,totale,,,totale,tutte le voci,tutte le voci,22414.0
condizione_professionale_eta,2019,popolazione residente al 31 dicembre,femmine,,65 anni e più,totale,totale,,,casalinga/o,tutte le voci,tutte le voci,5059.0
condizione_professionale_eta,2019,popolazione residente al 31 dicembre,femmine,,65 anni e più,totale,totale,,,forze di lavoro,tutte le voci,tutte le voci,1407.0
condizione_professionale_eta,2019,popolazione residente al 31 dicembre,femmine,,65 anni e più,totale,totale,,,in altra condizione,tutte le voci,tutte le voci,2262.0
condizione_professionale_eta,2019,popolazione residente al 31 dicembre,femmine,,65 anni e più,totale,totale,,,in cerca di occupazione,tutte le voci,tutte le voci,71.0
condizione_professionale_eta,2019,popolazione residente al 31 dicembre,femmine,,65 anni e più,totale,totale,,,non forze di lavoro,tutte le voci,tutte le voci,27586.0
condizione_professionale_eta,2019,popolazione residente al 31 dicembre,femmine,,65 anni e più,totale,totale,,,occupato,tutte le voci,tutte le voci,1336.0
condizione_professionale_eta,2019,popolazione residente al 31 dicembre,femmine,,65 anni e più,totale,totale,,,percettore/rice di una o più pensioni per effetto di attività lavorativa precedente o di redditi da capitale,tutte le voci,tutte le voci,20265.0
condizione_professionale_eta,2019,popolazione residente al 31 dicembre,femmine,,65 anni e più,totale,totale,,,studente/ssa,tutte le voci,tutte le voci,0.0
condizione_professionale_eta,2019,popolazione residente al 31 dicembre,femmine,,65 anni e più,totale,totale,,,totale,tutte le voci,tutte le voci,28993.0
condizione_professionale_eta,2019,popolazione residente al 31 dicembre,maschi,,15 anni e più,totale,totale,,,casalinga/o,tutte le voci,tutte le voci,563.0
condizione_professionale_eta,2019,popolazione residente al 31 dicembre,maschi,,15 anni e più,totale,totale,,,forze di lavoro,tutte le voci,tutte le voci,51514.0
condizione_professionale_eta,2019,popolazione residente al 31 dicembre,maschi,,15 anni e più,totale,totale,,,in altra condizione,tutte le voci,tutte le voci,4272.0
condizione_professionale_eta,2019,popolazione residente al 31 dicembre,maschi,,15 anni e più,totale,totale,,,in cerca di occupazione,tutte le voci,tutte le voci,4208.0
condizione_professionale_eta,2019,popolazione residente al 31 dicembre,maschi,,15 anni e più,totale,totale,,,non forze di lavoro,tutte le voci,tutte le voci,29296.0
condizione_professionale_eta,2019,popolazione residente al 31 dicembre,maschi,,15 anni e più,totale,totale,,,occupato,tutte le voci,tutte le voci,47306.0
condizione_professionale_eta,2019,popolazione residente al 31 dicembre,maschi,,15 anni e più,totale,totale,,,percettore/rice di una o più pensioni per effetto di attività lavorativa precedente o di redditi da capitale,tutte le voci,tutte le voci,18181.0
condizione_professionale_eta,2019,popolazione residente al 31 dicembre,maschi,,15 anni e più,totale,totale,,,studente/ssa,tutte le voci,tutte le voci,6280.0
condizione_professionale_eta,2019,popolazione residente al 31 dicembre,maschi,,15 anni e più,totale,totale,,,totale,tutte le voci,tutte le voci,80810.0
condizione_professionale_eta,2019,popolazione residente al 31 dicembre,maschi,,15-24 anni,totale,totale,,,casalinga/o,tutte le voci,tutte le voci,16.0
condizione_professionale_eta,2019,popolazione residente al 31 dicembre,maschi,,15-24 anni,totale,totale,,,forze di lavoro,tutte le voci,tutte le voci,3532.0
condizione_professionale_eta,2019,popolazione residente al 31 dicembre,maschi,,15-24 anni,totale,totale,,,in altra condizione,tutte le voci,tutte le voci,518.0
condizione_professionale_eta,2019,popolazione residente al 31 dicembre,maschi,,15-24 anni,totale,totale,,,in cerca di occupazione,tutte le voci,tutte le voci,753.0
condizione_professionale_eta,2019,popolazione residente al 31 dicembre,maschi,,15-24 anni,totale,totale,,,non forze di lavoro,tutte le voci,tutte le voci,6348.0
condizione_professionale_eta,2019,popolazione residente al 31 dicembre,maschi,,15-24 anni,totale,totale,,,occupato,tutte le voci,tutte le voci,2779.0
condizione_professionale_eta,2019,popolazione residente al 31 dicembre,maschi,,15-24 anni,totale,totale,,,percettore/rice di una o più pensioni per effetto di attività lavorativa precedente o di redditi da capitale,tutte le voci,tutte le voci,12.0
condizione_professionale_eta,2019,popolazione residente al 31 dicembre,maschi,,15-24 anni,totale,totale,,,studente/ssa,tutte le voci,tutte le voci,5802.0
condizione_professionale_eta,2019,popolazione residente al 31 dicembre,maschi,,15-24 anni,totale,totale,,,totale,tutte le voci,tutte le voci,9880.0
condizione_professionale_eta,2019,popolazione residente al 31 dicembre,maschi,,25-49 anni,totale,totale,,,casalinga/o,tutte le voci,tutte le voci,190.0
condizione_professionale_eta,2019,popolazione residente al 31 dicembre,maschi,,25-49 anni,totale,totale,,,forze di lavoro,tutte le voci,tutte le voci,28440.0
condizione_professionale_eta,2019,popolazione residente al 31 dicembre,maschi,,25-49 anni,totale,totale,,,in altra condizione,tutte le voci,tutte le voci,1331.0
condizione_professionale_eta,2019,popolazione residente al 31 dicembre,maschi,,25-49 anni,totale,totale,,,in cerca di occupazione,tutte le voci,tutte le voci,2249.0
condizione_professionale_eta,2019,popolazione residente al 31 dicembre,maschi,,25-49 anni,totale,totale,,,non forze di lavoro,tutte le voci,tutte le voci,2255.0
condizione_professionale_eta,2019,popolazione residente al 31 dicembre,maschi,,25-49 anni,totale,totale,,,occupato,tutte le voci,tutte le voci,26191.0
condizione_professionale_eta,2019,popolazione residente al 31 dicembre,maschi,,25-49 anni,totale,totale,,,percettore/rice di una o più pensioni per effetto di attività lavorativa precedente o di redditi da capitale,tutte le voci,tutte le voci,262.0
condizione_professionale_eta,2019,popolazione residente al 31 dicembre,maschi,,25-49 anni,totale,totale,,,studente/ssa,tutte le voci,tutte le voci,472.0
condizione_professionale_eta,2019,popolazione residente al 31 dicembre,maschi,,25-49 anni,totale,totale,,,totale,tutte le voci,tutte le voci,30695.0
condizione_professionale_eta,2019,popolazione residente al 31 dicembre,maschi,,50-64 anni,totale,totale,,,casalinga/o,tutte le voci,tutte le voci,239.0
condizione_professionale_eta,2019,popolazione residente al 31 dicembre,maschi,,50-64 anni,totale,totale,,,forze di lavoro,tutte le voci,tutte le voci,16933.0
condizione_professionale_eta,2019,popolazione residente al 31 dicembre,maschi,,50-64 anni,totale,totale,,,in altra condizione,tutte le voci,tutte le voci,1242.0
condizione_professionale_eta,2019,popolazione residente al 31 dicembre,maschi,,50-64 anni,totale,totale,,,in cerca di occupazione,tutte le voci,tutte le voci,1166.0
condizione_professionale_eta,2019,popolazione residente al 31 dicembre,maschi,,50-64 anni,totale,totale,,,non forze di lavoro,tutte le voci,tutte le voci,3518.0
condizione_professionale_eta,2019,popolazione residente al 31 dicembre,maschi,,50-64 anni,totale,totale,,,occupato,tutte le voci,tutte le voci,15767.0
condizione_professionale_eta,2019,popolazione residente al 31 dicembre,maschi,,50-64 anni,totale,totale,,,percettore/rice di una o più pensioni per effetto di attività lavorativa precedente o di redditi da capitale,tutte le voci,tutte le voci,2031.0
condizione_professionale_eta,2019,popolazione residente al 31 dicembre,maschi,,50-64 anni,totale,totale,,,studente/ssa,tutte le voci,tutte le voci,6.0
condizione_professionale_eta,2019,popolazione residente al 31 dicembre,maschi,,50-64 anni,totale,totale,,,totale,tutte le voci,tutte le voci,20451.0
condizione_professionale_eta,2019,popolazione residente al 31 dicembre,maschi,,65 anni e più,totale,totale,,,casalinga/o,tutte le voci,tutte le voci,118.0
condizione_professionale_eta,2019,popolazione residente al 31 dicembre,maschi,,65 anni e più,totale,totale,,,forze di lavoro,tutte le voci,tutte le voci,2609.0
condizione_professionale_eta,2019,popolazione residente al 31 dicembre,maschi,,65 anni e più,totale,totale,,,in altra condizione,tutte le voci,tutte le voci,1181.0
condizione_professionale_eta,2019,popolazione residente al 31 dicembre,maschi,,65 anni e più,totale,totale,,,in cerca di occupazione,tutte le voci,tutte le voci,40.0
condizione_professionale_eta,2019,popolazione residente al 31 dicembre,maschi,,65 anni e più,totale,totale,,,non forze di lavoro,tutte le voci,tutte le voci,17175.0
condizione_professionale_eta,2019,popolazione residente al 31 dicembre,maschi,,65 anni e più,totale,totale,,,occupato,tutte le voci,tutte le voci,2569.0
condizione_professionale_eta,2019,popolazione residente al 31 dicembre,maschi,,65 anni e più,totale,totale,,,percettore/rice di una o più pensioni per effetto di attività lavorativa precedente o di redditi da capitale,tutte le voci,tutte le voci,15876.0
condizione_professionale_eta,2019,popolazione residente al 31 dicembre,maschi,,65 anni e più,totale,totale,,,studente/ssa,tutte le voci,tutte le voci,0.0
condizione_professionale_eta,2019,popolazione residente al 31 dicembre,maschi,,65 anni e più,totale,totale,,,totale,tutte le voci,tutte le voci,19784.0
condizione_professionale_eta,2019,popolazione residente al 31 dicembre,totale,,15 anni e più,totale,totale,,,casalinga/o,tutte le voci,tutte le voci,15583.0
condizione_professionale_eta,2019,popolazione residente al 31 dicembre,totale,,15 anni e più,totale,totale,,,forze di lavoro,tutte le voci,tutte le voci,93536.0
condizione_professionale_eta,2019,popolazione residente al 31 dicembre,totale,,15 anni e più,totale,totale,,,in altra condizione,tutte le voci,tutte le voci,8800.0
condizione_professionale_eta,2019,popolazione residente al 31 dicembre,totale,,15 anni e più,totale,totale,,,in cerca di occupazione,tutte le voci,tutte le voci,8741.0
condizione_professionale_eta,2019,popolazione residente al 31 dicembre,totale,,15 anni e più,totale,totale,,,non forze di lavoro,tutte le voci,tutte le voci,77757.0
condizione_professionale_eta,2019,popolazione residente al 31 dicembre,totale,,15 anni e più,totale,totale,,,occupato,tutte le voci,tutte le voci,84795.0
condizione_professionale_eta,2019,popolazione residente al 31 dicembre,totale,,15 anni e più,totale,totale,,,percettore/rice di una o più pensioni per effetto di attività lavorativa precedente o di redditi da capitale,tutte le voci,tutte le voci,40298.0
condizione_professionale_eta,2019,popolazione residente al 31 dicembre,totale,,15 anni e più,totale,totale,,,studente/ssa,tutte le voci,tutte le voci,13076.0
condizione_professionale_eta,2019,popolazione residente al 31 dicembre,totale,,15 anni e più,totale,totale,,,totale,tutte le voci,tutte le voci,171292.0
condizione_professionale_eta,2019,popolazione residente al 31 dicembre,totale,,15-24 anni,totale,totale,,,casalinga/o,tutte le voci,tutte le voci,263.0
condizione_professionale_eta,2019,popolazione residente al 31 dicembre,totale,,15-24 anni,totale,totale,,,forze di lavoro,tutte le voci,tutte le voci,5877.0
condizione_professionale_eta,2019,popolazione residente al 31 dicembre,totale,,15-24 anni,totale,totale,,,in altra condizione,tutte le voci,tutte le voci,820.0
condizione_professionale_eta,2019,popolazione residente al 31 dicembre,totale,,15-24 anni,totale,totale,,,in cerca di occupazione,tutte le voci,tutte le voci,1466.0
condizione_professionale_eta,2019,popolazione residente al 31 dicembre,totale,,15-24 anni,totale,totale,,,non forze di lavoro,tutte le voci,tutte le voci,12979.0
condizione_professionale_eta,2019,popolazione residente al 31 dicembre,totale,,15-24 anni,totale,totale,,,occupato,tutte le voci,tutte le voci,4411.0
condizione_professionale_eta,2019,popolazione residente al 31 dicembre,totale,,15-24 anni,totale,totale,,,percettore/rice di una o più pensioni per effetto di attività lavorativa precedente o di redditi da capitale,tutte le voci,tutte le voci,19.0
condizione_professionale_eta,2019,popolazione residente al 31 dicembre,totale,,15-24 anni,totale,totale,,,studente/ssa,tutte le voci,tutte le voci,11877.0
condizione_professionale_eta,2019,popolazione residente al 31 dicembre,totale,,15-24 anni,totale,totale,,,totale,tutte le voci,tutte le voci,18856.0
condizione_professionale_eta,2019,popolazione residente al 31 dicembre,totale,,25-49 anni,totale,totale,,,casalinga/o,tutte le voci,tutte le voci,5207.0
condizione_professionale_eta,2019,popolazione residente al 31 dicembre,totale,,25-49 anni,totale,totale,,,forze di lavoro,tutte le voci,tutte le voci,51552.0
condizione_professionale_eta,2019,popolazione residente al 31 dicembre,totale,,25-49 anni,totale,totale,,,in altra condizione,tutte le voci,tutte le voci,2413.0
condizione_professionale_eta,2019,popolazione residente al 31 dicembre,totale,,25-49 anni,totale,totale,,,in cerca di occupazione,tutte le voci,tutte le voci,4893.0
condizione_professionale_eta,2019,popolazione residente al 31 dicembre,totale,,25-49 anni,totale,totale,,,non forze di lavoro,tutte le voci,tutte le voci,9242.0
condizione_professionale_eta,2019,popolazione residente al 31 dicembre,totale,,25-49 anni,totale,totale,,,occupato,tutte le voci,tutte le voci,46659.0
condizione_professionale_eta,2019,popolazione residente al 31 dicembre,totale,,25-49 anni,totale,totale,,,percettore/rice di una o più pensioni per effetto di attività lavorativa precedente o di redditi da capitale,tutte le voci,tutte le voci,440.0
condizione_professionale_eta,2019,popolazione residente al 31 dicembre,totale,,25-49 anni,totale,totale,,,studente/ssa,tutte le voci,tutte le voci,1182.0
condizione_professionale_eta,2019,popolazione residente al 31 dicembre,totale,,25-49 anni,totale,totale,,,totale,tutte le voci,tutte le voci,60794.0
condizione_professionale_eta,2019,popolazione residente al 31 dicembre,totale,,50-64 anni,totale,totale,,,casalinga/o,tutte le voci,tutte le voci,4936.0
condizione_professionale_eta,2019,popolazione residente al 31 dicembre,totale,,50-64 anni,totale,totale,,,forze di lavoro,tutte le voci,tutte le voci,32091.0
condizione_professionale_eta,2019,popolazione residente al 31 dicembre,totale,,50-64 anni,totale,totale,,,in altra condizione,tutte le voci,tutte le voci,2124.0
condizione_professionale_eta,2019,popolazione residente al 31 dicembre,totale,,50-64 anni,totale,totale,,,in cerca di occupazione,tutte le voci,tutte le voci,2271.0
condizione_professionale_eta,2019,popolazione residente al 31 dicembre,totale,,50-64 anni,totale,totale,,,non forze di lavoro,tutte le voci,tutte le voci,10774.0
condizione_professionale_eta,2019,popolazione residente al 31 dicembre,totale,,50-64 anni,totale,totale,,,occupato,tutte le voci,tutte le voci,29820.0
condizione_professionale_eta,2019,popolazione residente al 31 dicembre,totale,,50-64 anni,totale,totale,,,percettore/rice di una o più pensioni per effetto di attività lavorativa precedente o di redditi da capitale,tutte le voci,tutte le voci,3697.0
condizione_professionale_eta,2019,popolazione residente al 31 dicembre,totale,,50-64 anni,totale,totale,,,studente/ssa,tutte le voci,tutte le voci,17.0
condizione_professionale_eta,2019,popolazione residente al 31 dicembre,totale,,50-64 anni,totale,totale,,,totale,tutte le voci,tutte le voci,42865.0
condizione_professionale_eta,2019,popolazione residente al 31 dicembre,totale,,65 anni e più,totale,totale,,,casalinga/o,tutte le voci,tutte le voci,5177.0
condizione_professionale_eta,2019,popolazione residente al 31 dicembre,totale,,65 anni e più,totale,totale,,,forze di lavoro,tutte le voci,tutte le voci,4016.0
condizione_professionale_eta,2019,popolazione residente al 31 dicembre,totale,,65 anni e più,totale,totale,,,in altra condizione,tutte le voci,tutte le voci,3443.0
condizione_professionale_eta,2019,popolazione residente al 31 dicembre,totale,,65 anni e più,totale,totale,,,in cerca di occupazione,tutte le voci,tutte le voci,111.0
condizione_professionale_eta,2019,popolazione residente al 31 dicembre,totale,,65 anni e più,totale,totale,,,non forze di lavoro,tutte le voci,tutte le voci,44761.0
condizione_professionale_eta,2019,popolazione residente al 31 dicembre,totale,,65 anni e più,totale,totale,,,occupato,tutte le voci,tutte le voci,3905.0
condizione_professionale_eta,2019,popolazione residente al 31 dicembre,totale,,65 anni e più,totale,totale,,,percettore/rice di una o più pensioni per effetto di attività lavorativa precedente o di redditi da capitale,tutte le voci,tutte le voci,36141.0
condizione_professionale_eta,2019,popolazione residente al 31 dicembre,totale,,65 anni e più,totale,totale,,,studente/ssa,tutte le voci,tutte le voci,0.0
condizione_professionale_eta,2019,popolazione residente al 31 dicembre,totale,,65 anni e più,totale,totale,,,totale,tutte le voci,tutte le voci,48777.0
condizione_professionale_eta,2020,popolazione residente al 31 dicembre,femmine,,25-49 anni,totale,totale,,,totale,tutte le voci,tutte le voci,30015.0
condizione_professionale_eta,2020,popolazione residente al 31 dicembre,femmine,,50-64 anni,totale,totale,,,totale,tutte le voci,tutte le voci,22745.0
condizione_professionale_eta,2020,popolazione residente al 31 dicembre,femmine,,65 anni e più,totale,totale,,,totale,tutte le voci,tutte le voci,28879.0
condizione_professionale_eta,2020,popolazione residente al 31 dicembre,maschi,,25-49 anni,totale,totale,,,totale,tutte le voci,tutte le voci,31147.0
condizione_professionale_eta,2020,popolazione residente al 31 dicembre,maschi,,50-64 anni,totale,totale,,,totale,tutte le voci,tutte le voci,20809.0
condizione_professionale_eta,2020,popolazione residente al 31 dicembre,maschi,,65 anni e più,totale,totale,,,totale,tutte le voci,tutte le voci,19663.0
condizione_professionale_eta,2020,popolazione residente al 31 dicembre,totale,,25-49 anni,totale,totale,,,totale,tutte le voci,tutte le voci,61162.0
condizione_professionale_eta,2020,popolazione residente al 31 dicembre,totale,,50-64 anni,totale,totale,,,totale,tutte le voci,tutte le voci,43554.0
condizione_professionale_eta,2020,popolazione residente al 31 dicembre,totale,,65 anni e più,totale,totale,,,totale,tutte le voci,tutte le voci,48542.0
condizione_professionale_eta,2021,popolazione residente al 31 dicembre,femmine,,15 anni e più,totale,totale,,,casalinga/o,tutte le voci,tutte le voci,14237.9
condizione_professionale_eta,2021,popolazione residente al 31 dicembre,femmine,,15 anni e più,totale,totale,,,forze di lavoro,tutte le voci,tutte le voci,41627.0
condizione_professionale_eta,2021,popolazione residente al 31 dicembre,femmine,,15 anni e più,totale,totale,,,in altra condizione,tutte le voci,tutte le voci,4653.9
condizione_professionale_eta,2021,popolazione residente al 31 dicembre,femmine,,15 anni e più,totale,totale,,,in cerca di occupazione,tutte le voci,tutte le voci,3308.0
condizione_professionale_eta,2021,popolazione residente al 31 dicembre,femmine,,15 anni e più,totale,totale,,,non forze di lavoro,tutte le voci,tutte le voci,48087.0
condizione_professionale_eta,2021,popolazione residente al 31 dicembre,femmine,,15 anni e più,totale,totale,,,occupato,tutte le voci,tutte le voci,38319.0
condizione_professionale_eta,2021,popolazione residente al 31 dicembre,femmine,,15 anni e più,totale,totale,,,percettore/rice di una o più pensioni per effetto di attività lavorativa precedente o di redditi da capitale,tutte le voci,tutte le voci,22461.9
condizione_professionale_eta,2021,popolazione residente al 31 dicembre,femmine,,15 anni e più,totale,totale,,,studente/ssa,tutte le voci,tutte le voci,6733.3
condizione_professionale_eta,2021,popolazione residente al 31 dicembre,femmine,,15 anni e più,totale,totale,,,totale,tutte le voci,tutte le voci,89714.0
condizione_professionale_eta,2021,popolazione residente al 31 dicembre,femmine,,15-24 anni,totale,totale,,,casalinga/o,tutte le voci,tutte le voci,337.7
condizione_professionale_eta,2021,popolazione residente al 31 dicembre,femmine,,15-24 anni,totale,totale,,,forze di lavoro,tutte le voci,tutte le voci,2240.3
condizione_professionale_eta,2021,popolazione residente al 31 dicembre,femmine,,15-24 anni,totale,totale,,,in altra condizione,tutte le voci,tutte le voci,344.7
condizione_professionale_eta,2021,popolazione residente al 31 dicembre,femmine,,15-24 anni,totale,totale,,,in cerca di occupazione,tutte le voci,tutte le voci,554.3
condizione_professionale_eta,2021,popolazione residente al 31 dicembre,femmine,,15-24 anni,totale,totale,,,non forze di lavoro,tutte le voci,tutte le voci,6661.7
condizione_professionale_eta,2021,popolazione residente al 31 dicembre,femmine,,15-24 anni,totale,totale,,,occupato,tutte le voci,tutte le voci,1686.0
condizione_professionale_eta,2021,popolazione residente al 31 dicembre,femmine,,15-24 anni,totale,totale,,,percettore/rice di una o più pensioni per effetto di attività lavorativa precedente o di redditi da capitale,tutte le voci,tutte le voci,7.4
condizione_professionale_eta,2021,popolazione residente al 31 dicembre,femmine,,15-24 anni,totale,totale,,,studente/ssa,tutte le voci,tutte le voci,5971.9
condizione_professionale_eta,2021,popolazione residente al 31 dicembre,femmine,,15-24 anni,totale,totale,,,totale,tutte le voci,tutte le voci,8902.0
condizione_professionale_eta,2021,popolazione residente al 31 dicembre,femmine,,25-49 anni,totale,totale,,,casalinga/o,tutte le voci,tutte le voci,4735.3
condizione_professionale_eta,2021,popolazione residente al 31 dicembre,femmine,,25-49 anni,totale,totale,,,forze di lavoro,tutte le voci,tutte le voci,22634.5
condizione_professionale_eta,2021,popolazione residente al 31 dicembre,femmine,,25-49 anni,totale,totale,,,in altra condizione,tutte le voci,tutte le voci,1079.2
condizione_professionale_eta,2021,popolazione residente al 31 dicembre,femmine,,25-49 anni,totale,totale,,,in cerca di occupazione,tutte le voci,tutte le voci,1821.5
condizione_professionale_eta,2021,popolazione residente al 31 dicembre,femmine,,25-49 anni,totale,totale,,,non forze di lavoro,tutte le voci,tutte le voci,6718.5
condizione_professionale_eta,2021,popolazione residente al 31 dicembre,femmine,,25-49 anni,totale,totale,,,occupato,tutte le voci,tutte le voci,20813.0
condizione_professionale_eta,2021,popolazione residente al 31 dicembre,femmine,,25-49 anni,totale,totale,,,percettore/rice di una o più pensioni per effetto di attività lavorativa precedente o di redditi da capitale,tutte le voci,tutte le voci,154.8
condizione_professionale_eta,2021,popolazione residente al 31 dicembre,femmine,,25-49 anni,totale,totale,,,studente/ssa,tutte le voci,tutte le voci,749.2
condizione_professionale_eta,2021,popolazione residente al 31 dicembre,femmine,,25-49 anni,totale,totale,,,totale,tutte le voci,tutte le voci,29353.0
condizione_professionale_eta,2021,popolazione residente al 31 dicembre,femmine,,50-64 anni,totale,totale,,,casalinga/o,tutte le voci,tutte le voci,4524.0
condizione_professionale_eta,2021,popolazione residente al 31 dicembre,femmine,,50-64 anni,totale,totale,,,forze di lavoro,tutte le voci,tutte le voci,15451.7
condizione_professionale_eta,2021,popolazione residente al 31 dicembre,femmine,,50-64 anni,totale,totale,,,in altra condizione,tutte le voci,tutte le voci,1004.0
condizione_professionale_eta,2021,popolazione residente al 31 dicembre,femmine,,50-64 anni,totale,totale,,,in cerca di occupazione,tutte le voci,tutte le voci,869.7
condizione_professionale_eta,2021,popolazione residente al 31 dicembre,femmine,,50-64 anni,totale,totale,,,non forze di lavoro,tutte le voci,tutte le voci,7260.3
condizione_professionale_eta,2021,popolazione residente al 31 dicembre,femmine,,50-64 anni,totale,totale,,,occupato,tutte le voci,tutte le voci,14582.0
condizione_professionale_eta,2021,popolazione residente al 31 dicembre,femmine,,50-64 anni,totale,totale,,,percettore/rice di una o più pensioni per effetto di attività lavorativa precedente o di redditi da capitale,tutte le voci,tutte le voci,1721.4
condizione_professionale_eta,2021,popolazione residente al 31 dicembre,femmine,,50-64 anni,totale,totale,,,studente/ssa,tutte le voci,tutte le voci,10.9
condizione_professionale_eta,2021,popolazione residente al 31 dicembre,femmine,,50-64 anni,totale,totale,,,totale,tutte le voci,tutte le voci,22712.0
condizione_professionale_eta,2021,popolazione residente al 31 dicembre,femmine,,65 anni e più,totale,totale,,,casalinga/o,tutte le voci,tutte le voci,4640.9
condizione_professionale_eta,2021,popolazione residente al 31 dicembre,femmine,,65 anni e più,totale,totale,,,forze di lavoro,tutte le voci,tutte le voci,1300.5
condizione_professionale_eta,2021,popolazione residente al 31 dicembre,femmine,,65 anni e più,totale,totale,,,in altra condizione,tutte le voci,tutte le voci,2226.0
condizione_professionale_eta,2021,popolazione residente al 31 dicembre,femmine,,65 anni e più,totale,totale,,,in cerca di occupazione,tutte le voci,tutte le voci,62.5
condizione_professionale_eta,2021,popolazione residente al 31 dicembre,femmine,,65 anni e più,totale,totale,,,non forze di lavoro,tutte le voci,tutte le voci,27446.5
condizione_professionale_eta,2021,popolazione residente al 31 dicembre,femmine,,65 anni e più,totale,totale,,,occupato,tutte le voci,tutte le voci,1238.0
condizione_professionale_eta,2021,popolazione residente al 31 dicembre,femmine,,65 anni e più,totale,totale,,,percettore/rice di una o più pensioni per effetto di attività lavorativa precedente o di redditi da capitale,tutte le voci,tutte le voci,20578.3
condizione_professionale_eta,2021,popolazione residente al 31 dicembre,femmine,,65 anni e più,totale,totale,,,studente/ssa,tutte le voci,tutte le voci,1.3
condizione_professionale_eta,2021,popolazione residente al 31 dicembre,femmine,,65 anni e più,totale,totale,,,totale,tutte le voci,tutte le voci,28747.0
condizione_professionale_eta,2021,popolazione residente al 31 dicembre,maschi,,15 anni e più,totale,totale,,,casalinga/o,tutte le voci,tutte le voci,732.0
condizione_professionale_eta,2021,popolazione residente al 31 dicembre,maschi,,15 anni e più,totale,totale,,,forze di lavoro,tutte le voci,tutte le voci,51526.3
condizione_professionale_eta,2021,popolazione residente al 31 dicembre,maschi,,15 anni e più,totale,totale,,,in altra condizione,tutte le voci,tutte le voci,4688.3
condizione_professionale_eta,2021,popolazione residente al 31 dicembre,maschi,,15 anni e più,totale,totale,,,in cerca di occupazione,tutte le voci,tutte le voci,3057.3
condizione_professionale_eta,2021,popolazione residente al 31 dicembre,maschi,,15 anni e più,totale,totale,,,non forze di lavoro,tutte le voci,tutte le voci,29781.7
condizione_professionale_eta,2021,popolazione residente al 31 dicembre,maschi,,15 anni e più,totale,totale,,,occupato,tutte le voci,tutte le voci,48469.0
condizione_professionale_eta,2021,popolazione residente al 31 dicembre,maschi,,15 anni e più,totale,totale,,,percettore/rice di una o più pensioni per effetto di attività lavorativa precedente o di redditi da capitale,tutte le voci,tutte le voci,18347.8
condizione_professionale_eta,2021,popolazione residente al 31 dicembre,maschi,,15 anni e più,totale,totale,,,studente/ssa,tutte le voci,tutte le voci,6013.6
condizione_professionale_eta,2021,popolazione residente al 31 dicembre,maschi,,15 anni e più,totale,totale,,,totale,tutte le voci,tutte le voci,81308.0
condizione_professionale_eta,2021,popolazione residente al 31 dicembre,maschi,,15-24 anni,totale,totale,,,casalinga/o,tutte le voci,tutte le voci,30.5
condizione_professionale_eta,2021,popolazione residente al 31 dicembre,maschi,,15-24 anni,totale,totale,,,forze di lavoro,tutte le voci,tutte le voci,3651.4
condizione_professionale_eta,2021,popolazione residente al 31 dicembre,maschi,,15-24 anni,totale,totale,,,in altra condizione,tutte le voci,tutte le voci,587.0
condizione_professionale_eta,2021,popolazione residente al 31 dicembre,maschi,,15-24 anni,totale,totale,,,in cerca di occupazione,tutte le voci,tutte le voci,578.4
condizione_professionale_eta,2021,popolazione residente al 31 dicembre,maschi,,15-24 anni,totale,totale,,,non forze di lavoro,tutte le voci,tutte le voci,6169.6
condizione_professionale_eta,2021,popolazione residente al 31 dicembre,maschi,,15-24 anni,totale,totale,,,occupato,tutte le voci,tutte le voci,3073.0
condizione_professionale_eta,2021,popolazione residente al 31 dicembre,maschi,,15-24 anni,totale,totale,,,percettore/rice di una o più pensioni per effetto di attività lavorativa precedente o di redditi da capitale,tutte le voci,tutte le voci,15.2
condizione_professionale_eta,2021,popolazione residente al 31 dicembre,maschi,,15-24 anni,totale,totale,,,studente/ssa,tutte le voci,tutte le voci,5536.9
condizione_professionale_eta,2021,popolazione residente al 31 dicembre,maschi,,15-24 anni,totale,totale,,,totale,tutte le voci,tutte le voci,9821.0
condizione_professionale_eta,2021,popolazione residente al 31 dicembre,maschi,,25-49 anni,totale,totale,,,casalinga/o,tutte le voci,tutte le voci,261.1
condizione_professionale_eta,2021,popolazione residente al 31 dicembre,maschi,,25-49 anni,totale,totale,,,forze di lavoro,tutte le voci,tutte le voci,28223.5
condizione_professionale_eta,2021,popolazione residente al 31 dicembre,maschi,,25-49 anni,totale,totale,,,in altra condizione,tutte le voci,tutte le voci,1479.4
condizione_professionale_eta,2021,popolazione residente al 31 dicembre,maschi,,25-49 anni,totale,totale,,,in cerca di occupazione,tutte le voci,tutte le voci,1662.5
condizione_professionale_eta,2021,popolazione residente al 31 dicembre,maschi,,25-49 anni,totale,totale,,,non forze di lavoro,tutte le voci,tutte le voci,2474.5
condizione_professionale_eta,2021,popolazione residente al 31 dicembre,maschi,,25-49 anni,totale,totale,,,occupato,tutte le voci,tutte le voci,26561.0
condizione_professionale_eta,2021,popolazione residente al 31 dicembre,maschi,,25-49 anni,totale,totale,,,percettore/rice di una o più pensioni per effetto di attività lavorativa precedente o di redditi da capitale,tutte le voci,tutte le voci,263.6
condizione_professionale_eta,2021,popolazione residente al 31 dicembre,maschi,,25-49 anni,totale,totale,,,studente/ssa,tutte le voci,tutte le voci,470.4
condizione_professionale_eta,2021,popolazione residente al 31 dicembre,maschi,,25-49 anni,totale,totale,,,totale,tutte le voci,tutte le voci,30698.0
condizione_professionale_eta,2021,popolazione residente al 31 dicembre,maschi,,50-64 anni,totale,totale,,,casalinga/o,tutte le voci,tutte le voci,303.0
condizione_professionale_eta,2021,popolazione residente al 31 dicembre,maschi,,50-64 anni,totale,totale,,,forze di lavoro,tutte le voci,tutte le voci,17251.7
condizione_professionale_eta,2021,popolazione residente al 31 dicembre,maschi,,50-64 anni,totale,totale,,,in altra condizione,tutte le voci,tutte le voci,1307.7
condizione_professionale_eta,2021,popolazione residente al 31 dicembre,maschi,,50-64 anni,totale,totale,,,in cerca di occupazione,tutte le voci,tutte le voci,783.7
condizione_professionale_eta,2021,popolazione residente al 31 dicembre,maschi,,50-64 anni,totale,totale,,,non forze di lavoro,tutte le voci,tutte le voci,3823.3
condizione_professionale_eta,2021,popolazione residente al 31 dicembre,maschi,,50-64 anni,totale,totale,,,occupato,tutte le voci,tutte le voci,16468.0
condizione_professionale_eta,2021,popolazione residente al 31 dicembre,maschi,,50-64 anni,totale,totale,,,percettore/rice di una o più pensioni per effetto di attività lavorativa precedente o di redditi da capitale,tutte le voci,tutte le voci,2206.6
condizione_professionale_eta,2021,popolazione residente al 31 dicembre,maschi,,50-64 anni,totale,totale,,,studente/ssa,tutte le voci,tutte le voci,5.9
condizione_professionale_eta,2021,popolazione residente al 31 dicembre,maschi,,50-64 anni,totale,totale,,,totale,tutte le voci,tutte le voci,21075.0
condizione_professionale_eta,2021,popolazione residente al 31 dicembre,maschi,,65 anni e più,totale,totale,,,casalinga/o,tutte le voci,tutte le voci,137.4
condizione_professionale_eta,2021,popolazione residente al 31 dicembre,maschi,,65 anni e più,totale,totale,,,forze di lavoro,tutte le voci,tutte le voci,2399.6
condizione_professionale_eta,2021,popolazione residente al 31 dicembre,maschi,,65 anni e più,totale,totale,,,in altra condizione,tutte le voci,tutte le voci,1314.2
condizione_professionale_eta,2021,popolazione residente al 31 dicembre,maschi,,65 anni e più,totale,totale,,,in cerca di occupazione,tutte le voci,tutte le voci,32.6
condizione_professionale_eta,2021,popolazione residente al 31 dicembre,maschi,,65 anni e più,totale,totale,,,non forze di lavoro,tutte le voci,tutte le voci,17314.4
condizione_professionale_eta,2021,popolazione residente al 31 dicembre,maschi,,65 anni e più,totale,totale,,,occupato,tutte le voci,tutte le voci,2367.0
condizione_professionale_eta,2021,popolazione residente al 31 dicembre,maschi,,65 anni e più,totale,totale,,,percettore/rice di una o più pensioni per effetto di attività lavorativa precedente o di redditi da capitale,tutte le voci,tutte le voci,15862.3
condizione_professionale_eta,2021,popolazione residente al 31 dicembre,maschi,,65 anni e più,totale,totale,,,studente/ssa,tutte le voci,tutte le voci,0.4
condizione_professionale_eta,2021,popolazione residente al 31 dicembre,maschi,,65 anni e più,totale,totale,,,totale,tutte le voci,tutte le voci,19714.0
condizione_professionale_eta,2021,popolazione residente al 31 dicembre,totale,,15 anni e più,totale,totale,,,casalinga/o,tutte le voci,tutte le voci,14969.9
condizione_professionale_eta,2021,popolazione residente al 31 dicembre,totale,,15 anni e più,totale,totale,,,forze di lavoro,tutte le voci,tutte le voci,93153.3
condizione_professionale_eta,2021,popolazione residente al 31 dicembre,totale,,15 anni e più,totale,totale,,,in altra condizione,tutte le voci,tutte le voci,9342.2
condizione_professionale_eta,2021,popolazione residente al 31 dicembre,totale,,15 anni e più,totale,totale,,,in cerca di occupazione,tutte le voci,tutte le voci,6365.3
condizione_professionale_eta,2021,popolazione residente al 31 dicembre,totale,,15 anni e più,totale,totale,,,non forze di lavoro,tutte le voci,tutte le voci,77868.7
condizione_professionale_eta,2021,popolazione residente al 31 dicembre,totale,,15 anni e più,totale,totale,,,occupato,tutte le voci,tutte le voci,86788.0
condizione_professionale_eta,2021,popolazione residente al 31 dicembre,totale,,15 anni e più,totale,totale,,,percettore/rice di una o più pensioni per effetto di attività lavorativa precedente o di redditi da capitale,tutte le voci,tutte le voci,40809.7
condizione_professionale_eta,2021,popolazione residente al 31 dicembre,totale,,15 anni e più,totale,totale,,,studente/ssa,tutte le voci,tutte le voci,12746.9
condizione_professionale_eta,2021,popolazione residente al 31 dicembre,totale,,15 anni e più,totale,totale,,,totale,tutte le voci,tutte le voci,171022.0
condizione_professionale_eta,2021,popolazione residente al 31 dicembre,totale,,15-24 anni,totale,totale,,,casalinga/o,tutte le voci,tutte le voci,368.2
condizione_professionale_eta,2021,popolazione residente al 31 dicembre,totale,,15-24 anni,totale,totale,,,forze di lavoro,tutte le voci,tutte le voci,5891.7
condizione_professionale_eta,2021,popolazione residente al 31 dicembre,totale,,15-24 anni,totale,totale,,,in altra condizione,tutte le voci,tutte le voci,931.7
condizione_professionale_eta,2021,popolazione residente al 31 dicembre,totale,,15-24 anni,totale,totale,,,in cerca di occupazione,tutte le voci,tutte le voci,1132.7
condizione_professionale_eta,2021,popolazione residente al 31 dicembre,totale,,15-24 anni,totale,totale,,,non forze di lavoro,tutte le voci,tutte le voci,12831.3
condizione_professionale_eta,2021,popolazione residente al 31 dicembre,totale,,15-24 anni,totale,totale,,,occupato,tutte le voci,tutte le voci,4759.0
condizione_professionale_eta,2021,popolazione residente al 31 dicembre,totale,,15-24 anni,totale,totale,,,percettore/rice di una o più pensioni per effetto di attività lavorativa precedente o di redditi da capitale,tutte le voci,tutte le voci,22.6
condizione_professionale_eta,2021,popolazione residente al 31 dicembre,totale,,15-24 anni,totale,totale,,,studente/ssa,tutte le voci,tutte le voci,11508.9
condizione_professionale_eta,2021,popolazione residente al 31 dicembre,totale,,15-24 anni,totale,totale,,,totale,tutte le voci,tutte le voci,18723.0
condizione_professionale_eta,2021,popolazione residente al 31 dicembre,totale,,25-49 anni,totale,totale,,,casalinga/o,tutte le voci,tutte le voci,4996.4
condizione_professionale_eta,2021,popolazione residente al 31 dicembre,totale,,25-49 anni,totale,totale,,,forze di lavoro,tutte le voci,tutte le voci,50857.9
condizione_professionale_eta,2021,popolazione residente al 31 dicembre,totale,,25-49 anni,totale,totale,,,in altra condizione,tutte le voci,tutte le voci,2558.7
condizione_professionale_eta,2021,popolazione residente al 31 dicembre,totale,,25-49 anni,totale,totale,,,in cerca di occupazione,tutte le voci,tutte le voci,3483.9
condizione_professionale_eta,2021,popolazione residente al 31 dicembre,totale,,25-49 anni,totale,totale,,,non forze di lavoro,tutte le voci,tutte le voci,9193.1
condizione_professionale_eta,2021,popolazione residente al 31 dicembre,totale,,25-49 anni,totale,totale,,,occupato,tutte le voci,tutte le voci,47374.0
condizione_professionale_eta,2021,popolazione residente al 31 dicembre,totale,,25-49 anni,totale,totale,,,percettore/rice di una o più pensioni per effetto di attività lavorativa precedente o di redditi da capitale,tutte le voci,tutte le voci,418.4
condizione_professionale_eta,2021,popolazione residente al 31 dicembre,totale,,25-49 anni,totale,totale,,,studente/ssa,tutte le voci,tutte le voci,1219.6
condizione_professionale_eta,2021,popolazione residente al 31 dicembre,totale,,25-49 anni,totale,totale,,,totale,tutte le voci,tutte le voci,60051.0
condizione_professionale_eta,2021,popolazione residente al 31 dicembre,totale,,50-64 anni,totale,totale,,,casalinga/o,tutte le voci,tutte le voci,4827.0
condizione_professionale_eta,2021,popolazione residente al 31 dicembre,totale,,50-64 anni,totale,totale,,,forze di lavoro,tutte le voci,tutte le voci,32703.5
condizione_professionale_eta,2021,popolazione residente al 31 dicembre,totale,,50-64 anni,totale,totale,,,in altra condizione,tutte le voci,tutte le voci,2311.7
condizione_professionale_eta,2021,popolazione residente al 31 dicembre,totale,,50-64 anni,totale,totale,,,in cerca di occupazione,tutte le voci,tutte le voci,1653.5
condizione_professionale_eta,2021,popolazione residente al 31 dicembre,totale,,50-64 anni,totale,totale,,,non forze di lavoro,tutte le voci,tutte le voci,11083.5
condizione_professionale_eta,2021,popolazione residente al 31 dicembre,totale,,50-64 anni,totale,totale,,,occupato,tutte le voci,tutte le voci,31050.0
condizione_professionale_eta,2021,popolazione residente al 31 dicembre,totale,,50-64 anni,totale,totale,,,percettore/rice di una o più pensioni per effetto di attività lavorativa precedente o di redditi da capitale,tutte le voci,tutte le voci,3928.0
condizione_professionale_eta,2021,popolazione residente al 31 dicembre,totale,,50-64 anni,totale,totale,,,studente/ssa,tutte le voci,tutte le voci,16.8
condizione_professionale_eta,2021,popolazione residente al 31 dicembre,totale,,50-64 anni,totale,totale,,,totale,tutte le voci,tutte le voci,43787.0
condizione_professionale_eta,2021,popolazione residente al 31 dicembre,totale,,65 anni e più,totale,totale,,,casalinga/o,tutte le voci,tutte le voci,4778.3
condizione_professionale_eta,2021,popolazione residente al 31 dicembre,totale,,65 anni e più,totale,totale,,,forze di lavoro,tutte le voci,tutte le voci,3700.1
condizione_professionale_eta,2021,popolazione residente al 31 dicembre,totale,,65 anni e più,totale,totale,,,in altra condizione,tutte le voci,tutte le voci,3540.2
condizione_professionale_eta,2021,popolazione residente al 31 dicembre,totale,,65 anni e più,totale,totale,,,in cerca di occupazione,tutte le voci,tutte le voci,95.1
condizione_professionale_eta,2021,popolazione residente al 31 dicembre,totale,,65 anni e più,totale,totale,,,non forze di lavoro,tutte le voci,tutte le voci,44760.9
condizione_professionale_eta,2021,popolazione residente al 31 dicembre,totale,,65 anni e più,totale,totale,,,occupato,tutte le voci,tutte le voci,3605.0
condizione_professionale_eta,2021,popolazione residente al 31 dicembre,totale,,65 anni e più,totale,totale,,,percettore/rice di una o più pensioni per effetto di attività lavorativa precedente o di redditi da capitale,tutte le voci,tutte le voci,36440.7
condizione_professionale_eta,2021,popolazione residente al 31 dicembre,totale,,65 anni e più,totale,totale,,,studente/ssa,tutte le voci,tutte le voci,1.7
condizione_professionale_eta,2021,popolazione residente al 31 dicembre,totale,,65 anni e più,totale,totale,,,totale,tutte le voci,tutte le voci,48461.0
condizione_professionale_eta,2022,popolazione residente al 31 dicembre,femmine,,15 anni e più,totale,totale,,,casalinga/o,tutte le voci,tutte le voci,14689.4
condizione_professionale_eta,2022,popolazione residente al 31 dicembre,femmine,,15 anni e più,totale,totale,,,forze di lavoro,tutte le voci,tutte le voci,41322.6
condizione_professionale_eta,2022,popolazione residente al 31 dicembre,femmine,,15 anni e più,totale,totale,,,in altra condizione,tutte le voci,tutte le voci,5195.4
condizione_professionale_eta,2022,popolazione residente al 31 dicembre,femmine,,15 anni e più,totale,totale,,,in cerca di occupazione,tutte le voci,tutte le voci,2833.6
condizione_professionale_eta,2022,popolazione residente al 31 dicembre,femmine,,15 anni e più,totale,totale,,,non forze di lavoro,tutte le voci,tutte le voci,49050.4
condizione_professionale_eta,2022,popolazione residente al 31 dicembre,femmine,,15 anni e più,totale,totale,,,occupato,tutte le voci,tutte le voci,38489.0
condizione_professionale_eta,2022,popolazione residente al 31 dicembre,femmine,,15 anni e più,totale,totale,,,percettore/rice di una o più pensioni per effetto di attività lavorativa precedente o di redditi da capitale,tutte le voci,tutte le voci,22257.8
condizione_professionale_eta,2022,popolazione residente al 31 dicembre,femmine,,15 anni e più,totale,totale,,,studente/ssa,tutte le voci,tutte le voci,6907.8
condizione_professionale_eta,2022,popolazione residente al 31 dicembre,femmine,,15 anni e più,totale,totale,,,totale,tutte le voci,tutte le voci,90373.0
condizione_professionale_eta,2022,popolazione residente al 31 dicembre,femmine,,15-24 anni,totale,totale,,,casalinga/o,tutte le voci,tutte le voci,277.6
condizione_professionale_eta,2022,popolazione residente al 31 dicembre,femmine,,15-24 anni,totale,totale,,,forze di lavoro,tutte le voci,tutte le voci,2267.9
condizione_professionale_eta,2022,popolazione residente al 31 dicembre,femmine,,15-24 anni,totale,totale,,,in altra condizione,tutte le voci,tutte le voci,332.0
condizione_professionale_eta,2022,popolazione residente al 31 dicembre,femmine,,15-24 anni,totale,totale,,,in cerca di occupazione,tutte le voci,tutte le voci,473.9
condizione_professionale_eta,2022,popolazione residente al 31 dicembre,femmine,,15-24 anni,totale,totale,,,non forze di lavoro,tutte le voci,tutte le voci,6812.1
condizione_professionale_eta,2022,popolazione residente al 31 dicembre,femmine,,15-24 anni,totale,totale,,,occupato,tutte le voci,tutte le voci,1794.0
condizione_professionale_eta,2022,popolazione residente al 31 dicembre,femmine,,15-24 anni,totale,totale,,,percettore/rice di una o più pensioni per effetto di attività lavorativa precedente o di redditi da capitale,tutte le voci,tutte le voci,9.6
condizione_professionale_eta,2022,popolazione residente al 31 dicembre,femmine,,15-24 anni,totale,totale,,,studente/ssa,tutte le voci,tutte le voci,6192.9
condizione_professionale_eta,2022,popolazione residente al 31 dicembre,femmine,,15-24 anni,totale,totale,,,totale,tutte le voci,tutte le voci,9080.0
condizione_professionale_eta,2022,popolazione residente al 31 dicembre,femmine,,25-49 anni,totale,totale,,,casalinga/o,tutte le voci,tutte le voci,5118.7
condizione_professionale_eta,2022,popolazione residente al 31 dicembre,femmine,,25-49 anni,totale,totale,,,forze di lavoro,tutte le voci,tutte le voci,22253.4
condizione_professionale_eta,2022,popolazione residente al 31 dicembre,femmine,,25-49 anni,totale,totale,,,in altra condizione,tutte le voci,tutte le voci,1329.8
condizione_professionale_eta,2022,popolazione residente al 31 dicembre,femmine,,25-49 anni,totale,totale,,,in cerca di occupazione,tutte le voci,tutte le voci,1545.4
condizione_professionale_eta,2022,popolazione residente al 31 dicembre,femmine,,25-49 anni,totale,totale,,,non forze di lavoro,tutte le voci,tutte le voci,7331.6
condizione_professionale_eta,2022,popolazione residente al 31 dicembre,femmine,,25-49 anni,totale,totale,,,occupato,tutte le voci,tutte le voci,20708.0
condizione_professionale_eta,2022,popolazione residente al 31 dicembre,femmine,,25-49 anni,totale,totale,,,percettore/rice di una o più pensioni per effetto di attività lavorativa precedente o di redditi da capitale,tutte le voci,tutte le voci,185.5
condizione_professionale_eta,2022,popolazione residente al 31 dicembre,femmine,,25-49 anni,totale,totale,,,studente/ssa,tutte le voci,tutte le voci,697.6
condizione_professionale_eta,2022,popolazione residente al 31 dicembre,femmine,,25-49 anni,totale,totale,,,totale,tutte le voci,tutte le voci,29585.0
condizione_professionale_eta,2022,popolazione residente al 31 dicembre,femmine,,50-64 anni,totale,totale,,,casalinga/o,tutte le voci,tutte le voci,4637.8
condizione_professionale_eta,2022,popolazione residente al 31 dicembre,femmine,,50-64 anni,totale,totale,,,forze di lavoro,tutte le voci,tutte le voci,15392.4
condizione_professionale_eta,2022,popolazione residente al 31 dicembre,femmine,,50-64 anni,totale,totale,,,in altra condizione,tutte le voci,tutte le voci,1199.7
condizione_professionale_eta,2022,popolazione residente al 31 dicembre,femmine,,50-64 anni,totale,totale,,,in cerca di occupazione,tutte le voci,tutte le voci,767.4
condizione_professionale_eta,2022,popolazione residente al 31 dicembre,femmine,,50-64 anni,totale,totale,,,non forze di lavoro,tutte le voci,tutte le voci,7589.6
condizione_professionale_eta,2022,popolazione residente al 31 dicembre,femmine,,50-64 anni,totale,totale,,,occupato,tutte le voci,tutte le voci,14625.0
condizione_professionale_eta,2022,popolazione residente al 31 dicembre,femmine,,50-64 anni,totale,totale,,,percettore/rice di una o più pensioni per effetto di attività lavorativa precedente o di redditi da capitale,tutte le voci,tutte le voci,1738.5
condizione_professionale_eta,2022,popolazione residente al 31 dicembre,femmine,,50-64 anni,totale,totale,,,studente/ssa,tutte le voci,tutte le voci,13.6
condizione_professionale_eta,2022,popolazione residente al 31 dicembre,femmine,,50-64 anni,totale,totale,,,totale,tutte le voci,tutte le voci,22982.0
condizione_professionale_eta,2022,popolazione residente al 31 dicembre,femmine,,65 anni e più,totale,totale,,,casalinga/o,tutte le voci,tutte le voci,4655.4
condizione_professionale_eta,2022,popolazione residente al 31 dicembre,femmine,,65 anni e più,totale,totale,,,forze di lavoro,tutte le voci,tutte le voci,1408.8
condizione_professionale_eta,2022,popolazione residente al 31 dicembre,femmine,,65 anni e più,totale,totale,,,in altra condizione,tutte le voci,tutte le voci,2333.8
condizione_professionale_eta,2022,popolazione residente al 31 dicembre,femmine,,65 anni e più,totale,totale,,,in cerca di occupazione,tutte le voci,tutte le voci,46.8
condizione_professionale_eta,2022,popolazione residente al 31 dicembre,femmine,,65 anni e più,totale,totale,,,non forze di lavoro,tutte le voci,tutte le voci,27317.2
condizione_professionale_eta,2022,popolazione residente al 31 dicembre,femmine,,65 anni e più,totale,totale,,,occupato,tutte le voci,tutte le voci,1362.0
condizione_professionale_eta,2022,popolazione residente al 31 dicembre,femmine,,65 anni e più,totale,totale,,,percettore/rice di una o più pensioni per effetto di attività lavorativa precedente o di redditi da capitale,tutte le voci,tutte le voci,20324.2
condizione_professionale_eta,2022,popolazione residente al 31 dicembre,femmine,,65 anni e più,totale,totale,,,studente/ssa,tutte le voci,tutte le voci,3.8
condizione_professionale_eta,2022,popolazione residente al 31 dicembre,femmine,,65 anni e più,totale,totale,,,totale,tutte le voci,tutte le voci,28726.0
condizione_professionale_eta,2022,popolazione residente al 31 dicembre,maschi,,15 anni e più,totale,totale,,,casalinga/o,tutte le voci,tutte le voci,922.0
condizione_professionale_eta,2022,popolazione residente al 31 dicembre,maschi,,15 anni e più,totale,totale,,,forze di lavoro,tutte le voci,tutte le voci,51591.1
condizione_professionale_eta,2022,popolazione residente al 31 dicembre,maschi,,15 anni e più,totale,totale,,,in altra condizione,tutte le voci,tutte le voci,5099.5
condizione_professionale_eta,2022,popolazione residente al 31 dicembre,maschi,,15 anni e più,totale,totale,,,in cerca di occupazione,tutte le voci,tutte le voci,2427.1
condizione_professionale_eta,2022,popolazione residente al 31 dicembre,maschi,,15 anni e più,totale,totale,,,non forze di lavoro,tutte le voci,tutte le voci,30593.9
condizione_professionale_eta,2022,popolazione residente al 31 dicembre,maschi,,15 anni e più,totale,totale,,,occupato,tutte le voci,tutte le voci,49164.0
condizione_professionale_eta,2022,popolazione residente al 31 dicembre,maschi,,15 anni e più,totale,totale,,,percettore/rice di una o più pensioni per effetto di attività lavorativa precedente o di redditi da capitale,tutte le voci,tutte le voci,18479.4
condizione_professionale_eta,2022,popolazione residente al 31 dicembre,maschi,,15 anni e più,totale,totale,,,studente/ssa,tutte le voci,tutte le voci,6093.0
condizione_professionale_eta,2022,popolazione residente al 31 dicembre,maschi,,15 anni e più,totale,totale,,,totale,tutte le voci,tutte le voci,82185.0
condizione_professionale_eta,2022,popolazione residente al 31 dicembre,maschi,,15-24 anni,totale,totale,,,casalinga/o,tutte le voci,tutte le voci,29.4
condizione_professionale_eta,2022,popolazione residente al 31 dicembre,maschi,,15-24 anni,totale,totale,,,forze di lavoro,tutte le voci,tutte le voci,3679.3
condizione_professionale_eta,2022,popolazione residente al 31 dicembre,maschi,,15-24 anni,totale,totale,,,in altra condizione,tutte le voci,tutte le voci,599.0
condizione_professionale_eta,2022,popolazione residente al 31 dicembre,maschi,,15-24 anni,totale,totale,,,in cerca di occupazione,tutte le voci,tutte le voci,482.3
condizione_professionale_eta,2022,popolazione residente al 31 dicembre,maschi,,15-24 anni,totale,totale,,,non forze di lavoro,tutte le voci,tutte le voci,6287.7
condizione_professionale_eta,2022,popolazione residente al 31 dicembre,maschi,,15-24 anni,totale,totale,,,occupato,tutte le voci,tutte le voci,3197.0
condizione_professionale_eta,2022,popolazione residente al 31 dicembre,maschi,,15-24 anni,totale,totale,,,percettore/rice di una o più pensioni per effetto di attività lavorativa precedente o di redditi da capitale,tutte le voci,tutte le voci,19.3
condizione_professionale_eta,2022,popolazione residente al 31 dicembre,maschi,,15-24 anni,totale,totale,,,studente/ssa,tutte le voci,tutte le voci,5640.0
condizione_professionale_eta,2022,popolazione residente al 31 dicembre,maschi,,15-24 anni,totale,totale,,,totale,tutte le voci,tutte le voci,9967.0
condizione_professionale_eta,2022,popolazione residente al 31 dicembre,maschi,,25-49 anni,totale,totale,,,casalinga/o,tutte le voci,tutte le voci,334.4
condizione_professionale_eta,2022,popolazione residente al 31 dicembre,maschi,,25-49 anni,totale,totale,,,forze di lavoro,tutte le voci,tutte le voci,28104.6
condizione_professionale_eta,2022,popolazione residente al 31 dicembre,maschi,,25-49 anni,totale,totale,,,in altra condizione,tutte le voci,tutte le voci,1747.3
condizione_professionale_eta,2022,popolazione residente al 31 dicembre,maschi,,25-49 anni,totale,totale,,,in cerca di occupazione,tutte le voci,tutte le voci,1289.6
condizione_professionale_eta,2022,popolazione residente al 31 dicembre,maschi,,25-49 anni,totale,totale,,,non forze di lavoro,tutte le voci,tutte le voci,2804.4
condizione_professionale_eta,2022,popolazione residente al 31 dicembre,maschi,,25-49 anni,totale,totale,,,occupato,tutte le voci,tutte le voci,26815.0
condizione_professionale_eta,2022,popolazione residente al 31 dicembre,maschi,,25-49 anni,totale,totale,,,percettore/rice di una o più pensioni per effetto di attività lavorativa precedente o di redditi da capitale,tutte le voci,tutte le voci,277.9
condizione_professionale_eta,2022,popolazione residente al 31 dicembre,maschi,,25-49 anni,totale,totale,,,studente/ssa,tutte le voci,tutte le voci,444.9
condizione_professionale_eta,2022,popolazione residente al 31 dicembre,maschi,,25-49 anni,totale,totale,,,totale,tutte le voci,tutte le voci,30909.0
condizione_professionale_eta,2022,popolazione residente al 31 dicembre,maschi,,50-64 anni,totale,totale,,,casalinga/o,tutte le voci,tutte le voci,374.6
condizione_professionale_eta,2022,popolazione residente al 31 dicembre,maschi,,50-64 anni,totale,totale,,,forze di lavoro,tutte le voci,tutte le voci,17380.8
condizione_professionale_eta,2022,popolazione residente al 31 dicembre,maschi,,50-64 anni,totale,totale,,,in altra condizione,tutte le voci,tutte le voci,1464.4
condizione_professionale_eta,2022,popolazione residente al 31 dicembre,maschi,,50-64 anni,totale,totale,,,in cerca di occupazione,tutte le voci,tutte le voci,633.8
condizione_professionale_eta,2022,popolazione residente al 31 dicembre,maschi,,50-64 anni,totale,totale,,,non forze di lavoro,tutte le voci,tutte le voci,4064.2
condizione_professionale_eta,2022,popolazione residente al 31 dicembre,maschi,,50-64 anni,totale,totale,,,occupato,tutte le voci,tutte le voci,16747.0
condizione_professionale_eta,2022,popolazione residente al 31 dicembre,maschi,,50-64 anni,totale,totale,,,percettore/rice di una o più pensioni per effetto di attività lavorativa precedente o di redditi da capitale,tutte le voci,tutte le voci,2218.1
condizione_professionale_eta,2022,popolazione residente al 31 dicembre,maschi,,50-64 anni,totale,totale,,,studente/ssa,tutte le voci,tutte le voci,7.1
condizione_professionale_eta,2022,popolazione residente al 31 dicembre,maschi,,50-64 anni,totale,totale,,,totale,tutte le voci,tutte le voci,21445.0
condizione_professionale_eta,2022,popolazione residente al 31 dicembre,maschi,,65 anni e più,totale,totale,,,casalinga/o,tutte le voci,tutte le voci,183.7
condizione_professionale_eta,2022,popolazione residente al 31 dicembre,maschi,,65 anni e più,totale,totale,,,forze di lavoro,tutte le voci,tutte le voci,2426.4
condizione_professionale_eta,2022,popolazione residente al 31 dicembre,maschi,,65 anni e più,totale,totale,,,in altra condizione,tutte le voci,tutte le voci,1288.8
condizione_professionale_eta,2022,popolazione residente al 31 dicembre,maschi,,65 anni e più,totale,totale,,,in cerca di occupazione,tutte le voci,tutte le voci,21.4
condizione_professionale_eta,2022,popolazione residente al 31 dicembre,maschi,,65 anni e più,totale,totale,,,non forze di lavoro,tutte le voci,tutte le voci,17437.6
condizione_professionale_eta,2022,popolazione residente al 31 dicembre,maschi,,65 anni e più,totale,totale,,,occupato,tutte le voci,tutte le voci,2405.0
condizione_professionale_eta,2022,popolazione residente al 31 dicembre,maschi,,65 anni e più,totale,totale,,,percettore/rice di una o più pensioni per effetto di attività lavorativa precedente o di redditi da capitale,tutte le voci,tutte le voci,15964.1
condizione_professionale_eta,2022,popolazione residente al 31 dicembre,maschi,,65 anni e più,totale,totale,,,studente/ssa,tutte le voci,tutte le voci,1.1
condizione_professionale_eta,2022,popolazione residente al 31 dicembre,maschi,,65 anni e più,totale,totale,,,totale,tutte le voci,tutte le voci,19864.0
condizione_professionale_eta,2022,popolazione residente al 31 dicembre,totale,,15 anni e più,totale,totale,,,casalinga/o,tutte le voci,tutte le voci,15611.5
condizione_professionale_eta,2022,popolazione residente al 31 dicembre,totale,,15 anni e più,totale,totale,,,forze di lavoro,tutte le voci,tutte le voci,92913.7
condizione_professionale_eta,2022,popolazione residente al 31 dicembre,totale,,15 anni e più,totale,totale,,,in altra condizione,tutte le voci,tutte le voci,10294.9
condizione_professionale_eta,2022,popolazione residente al 31 dicembre,totale,,15 anni e più,totale,totale,,,in cerca di occupazione,tutte le voci,tutte le voci,5260.7
condizione_professionale_eta,2022,popolazione residente al 31 dicembre,totale,,15 anni e più,totale,totale,,,non forze di lavoro,tutte le voci,tutte le voci,79644.3
condizione_professionale_eta,2022,popolazione residente al 31 dicembre,totale,,15 anni e più,totale,totale,,,occupato,tutte le voci,tutte le voci,87653.0
condizione_professionale_eta,2022,popolazione residente al 31 dicembre,totale,,15 anni e più,totale,totale,,,percettore/rice di una o più pensioni per effetto di attività lavorativa precedente o di redditi da capitale,tutte le voci,tutte le voci,40737.1
condizione_professionale_eta,2022,popolazione residente al 31 dicembre,totale,,15 anni e più,totale,totale,,,studente/ssa,tutte le voci,tutte le voci,13000.8
condizione_professionale_eta,2022,popolazione residente al 31 dicembre,totale,,15 anni e più,totale,totale,,,totale,tutte le voci,tutte le voci,172558.0
condizione_professionale_eta,2022,popolazione residente al 31 dicembre,totale,,15-24 anni,totale,totale,,,casalinga/o,tutte le voci,tutte le voci,307.0
condizione_professionale_eta,2022,popolazione residente al 31 dicembre,totale,,15-24 anni,totale,totale,,,forze di lavoro,tutte le voci,tutte le voci,5947.2
condizione_professionale_eta,2022,popolazione residente al 31 dicembre,totale,,15-24 anni,totale,totale,,,in altra condizione,tutte le voci,tutte le voci,931.0
condizione_professionale_eta,2022,popolazione residente al 31 dicembre,totale,,15-24 anni,totale,totale,,,in cerca di occupazione,tutte le voci,tutte le voci,956.2
condizione_professionale_eta,2022,popolazione residente al 31 dicembre,totale,,15-24 anni,totale,totale,,,non forze di lavoro,tutte le voci,tutte le voci,13099.8
condizione_professionale_eta,2022,popolazione residente al 31 dicembre,totale,,15-24 anni,totale,totale,,,occupato,tutte le voci,tutte le voci,4991.0
condizione_professionale_eta,2022,popolazione residente al 31 dicembre,totale,,15-24 anni,totale,totale,,,percettore/rice di una o più pensioni per effetto di attività lavorativa precedente o di redditi da capitale,tutte le voci,tutte le voci,28.9
condizione_professionale_eta,2022,popolazione residente al 31 dicembre,totale,,15-24 anni,totale,totale,,,studente/ssa,tutte le voci,tutte le voci,11832.9
condizione_professionale_eta,2022,popolazione residente al 31 dicembre,totale,,15-24 anni,totale,totale,,,totale,tutte le voci,tutte le voci,19047.0
condizione_professionale_eta,2022,popolazione residente al 31 dicembre,totale,,25-49 anni,totale,totale,,,casalinga/o,tutte le voci,tutte le voci,5453.1
condizione_professionale_eta,2022,popolazione residente al 31 dicembre,totale,,25-49 anni,totale,totale,,,forze di lavoro,tutte le voci,tutte le voci,50358.0
condizione_professionale_eta,2022,popolazione residente al 31 dicembre,totale,,25-49 anni,totale,totale,,,in altra condizione,tutte le voci,tutte le voci,3077.1
condizione_professionale_eta,2022,popolazione residente al 31 dicembre,totale,,25-49 anni,totale,totale,,,in cerca di occupazione,tutte le voci,tutte le voci,2835.0
condizione_professionale_eta,2022,popolazione residente al 31 dicembre,totale,,25-49 anni,totale,totale,,,non forze di lavoro,tutte le voci,tutte le voci,10136.0
condizione_professionale_eta,2022,popolazione residente al 31 dicembre,totale,,25-49 anni,totale,totale,,,occupato,tutte le voci,tutte le voci,47523.0
condizione_professionale_eta,2022,popolazione residente al 31 dicembre,totale,,25-49 anni,totale,totale,,,percettore/rice di una o più pensioni per effetto di attività lavorativa precedente o di redditi da capitale,tutte le voci,tutte le voci,463.4
condizione_professionale_eta,2022,popolazione residente al 31 dicembre,totale,,25-49 anni,totale,totale,,,studente/ssa,tutte le voci,tutte le voci,1142.4
condizione_professionale_eta,2022,popolazione residente al 31 dicembre,totale,,25-49 anni,totale,totale,,,totale,tutte le voci,tutte le voci,60494.0
condizione_professionale_eta,2022,popolazione residente al 31 dicembre,totale,,50-64 anni,totale,totale,,,casalinga/o,tutte le voci,tutte le voci,5012.3
condizione_professionale_eta,2022,popolazione residente al 31 dicembre,totale,,50-64 anni,totale,totale,,,forze di lavoro,tutte le voci,tutte le voci,32773.3
condizione_professionale_eta,2022,popolazione residente al 31 dicembre,totale,,50-64 anni,totale,totale,,,in altra condizione,tutte le voci,tutte le voci,2664.1
condizione_professionale_eta,2022,popolazione residente al 31 dicembre,totale,,50-64 anni,totale,totale,,,in cerca di occupazione,tutte le voci,tutte le voci,1401.3
condizione_professionale_eta,2022,popolazione residente al 31 dicembre,totale,,50-64 anni,totale,totale,,,non forze di lavoro,tutte le voci,tutte le voci,11653.7
condizione_professionale_eta,2022,popolazione residente al 31 dicembre,totale,,50-64 anni,totale,totale,,,occupato,tutte le voci,tutte le voci,31372.0
condizione_professionale_eta,2022,popolazione residente al 31 dicembre,totale,,50-64 anni,totale,totale,,,percettore/rice di una o più pensioni per effetto di attività lavorativa precedente o di redditi da capitale,tutte le voci,tutte le voci,3956.6
condizione_professionale_eta,2022,popolazione residente al 31 dicembre,totale,,50-64 anni,totale,totale,,,studente/ssa,tutte le voci,tutte le voci,20.7
condizione_professionale_eta,2022,popolazione residente al 31 dicembre,totale,,50-64 anni,totale,totale,,,totale,tutte le voci,tutte le voci,44427.0
condizione_professionale_eta,2022,popolazione residente al 31 dicembre,totale,,65 anni e più,totale,totale,,,casalinga/o,tutte le voci,tutte le voci,4839.1
condizione_professionale_eta,2022,popolazione residente al 31 dicembre,totale,,65 anni e più,totale,totale,,,forze di lavoro,tutte le voci,tutte le voci,3835.1
condizione_professionale_eta,2022,popolazione residente al 31 dicembre,totale,,65 anni e più,totale,totale,,,in altra condizione,tutte le voci,tutte le voci,3622.6
condizione_professionale_eta,2022,popolazione residente al 31 dicembre,totale,,65 anni e più,totale,totale,,,in cerca di occupazione,tutte le voci,tutte le voci,68.1
condizione_professionale_eta,2022,popolazione residente al 31 dicembre,totale,,65 anni e più,totale,totale,,,non forze di lavoro,tutte le voci,tutte le voci,44754.9
condizione_professionale_eta,2022,popolazione residente al 31 dicembre,totale,,65 anni e più,totale,totale,,,occupato,tutte le voci,tutte le voci,3767.0
condizione_professionale_eta,2022,popolazione residente al 31 dicembre,totale,,65 anni e più,totale,totale,,,percettore/rice di una o più pensioni per effetto di attività lavorativa precedente o di redditi da capitale,tutte le voci,tutte le voci,36288.3
condizione_professionale_eta,2022,popolazione residente al 31 dicembre,totale,,65 anni e più,totale,totale,,,studente/ssa,tutte le voci,tutte le voci,4.9
condizione_professionale_eta,2022,popolazione residente al 31 dicembre,totale,,65 anni e più,totale,totale,,,totale,tutte le voci,tutte le voci,48590.0
condizione_professionale_eta,2023,popolazione residente al 31 dicembre,femmine,,15 anni e più,totale,totale,,,casalinga/o,tutte le voci,tutte le voci,13858.4
condizione_professionale_eta,2023,popolazione residente al 31 dicembre,femmine,,15 anni e più,totale,totale,,,forze di lavoro,tutte le voci,tutte le voci,42845.0
condizione_professionale_eta,2023,popolazione residente al 31 dicembre,femmine,,15 anni e più,totale,totale,,,in altra condizione,tutte le voci,tutte le voci,5048.8
condizione_professionale_eta,2023,popolazione residente al 31 dicembre,femmine,,15 anni e più,totale,totale,,,in cerca di occupazione,tutte le voci,tutte le voci,2840.0
condizione_professionale_eta,2023,popolazione residente al 31 dicembre,femmine,,15 anni e più,totale,totale,,,non forze di lavoro,tutte le voci,tutte le voci,47933.0
condizione_professionale_eta,2023,popolazione residente al 31 dicembre,femmine,,15 anni e più,totale,totale,,,occupato,tutte le voci,tutte le voci,40005.0
condizione_professionale_eta,2023,popolazione residente al 31 dicembre,femmine,,15 anni e più,totale,totale,,,percettore/rice di una o più pensioni per effetto di attività lavorativa precedente o di redditi da capitale,tutte le voci,tutte le voci,21880.5
condizione_professionale_eta,2023,popolazione residente al 31 dicembre,femmine,,15 anni e più,totale,totale,,,studente/ssa,tutte le voci,tutte le voci,7145.4
condizione_professionale_eta,2023,popolazione residente al 31 dicembre,femmine,,15 anni e più,totale,totale,,,totale,tutte le voci,tutte le voci,90778.0
condizione_professionale_eta,2023,popolazione residente al 31 dicembre,femmine,,15-24 anni,totale,totale,,,casalinga/o,tutte le voci,tutte le voci,234.2
condizione_professionale_eta,2023,popolazione residente al 31 dicembre,femmine,,15-24 anni,totale,totale,,,forze di lavoro,tutte le voci,tutte le voci,2321.1
condizione_professionale_eta,2023,popolazione residente al 31 dicembre,femmine,,15-24 anni,totale,totale,,,in altra condizione,tutte le voci,tutte le voci,311.9
condizione_professionale_eta,2023,popolazione residente al 31 dicembre,femmine,,15-24 anni,totale,totale,,,in cerca di occupazione,tutte le voci,tutte le voci,487.1
condizione_professionale_eta,2023,popolazione residente al 31 dicembre,femmine,,15-24 anni,totale,totale,,,non forze di lavoro,tutte le voci,tutte le voci,7015.9
condizione_professionale_eta,2023,popolazione residente al 31 dicembre,femmine,,15-24 anni,totale,totale,,,occupato,tutte le voci,tutte le voci,1834.0
condizione_professionale_eta,2023,popolazione residente al 31 dicembre,femmine,,15-24 anni,totale,totale,,,percettore/rice di una o più pensioni per effetto di attività lavorativa precedente o di redditi da capitale,tutte le voci,tutte le voci,6.1
condizione_professionale_eta,2023,popolazione residente al 31 dicembre,femmine,,15-24 anni,totale,totale,,,studente/ssa,tutte le voci,tutte le voci,6463.6
condizione_professionale_eta,2023,popolazione residente al 31 dicembre,femmine,,15-24 anni,totale,totale,,,totale,tutte le voci,tutte le voci,9337.0
condizione_professionale_eta,2023,popolazione residente al 31 dicembre,femmine,,25-49 anni,totale,totale,,,casalinga/o,tutte le voci,tutte le voci,4611.6
condizione_professionale_eta,2023,popolazione residente al 31 dicembre,femmine,,25-49 anni,totale,totale,,,forze di lavoro,tutte le voci,tutte le voci,22937.5
condizione_professionale_eta,2023,popolazione residente al 31 dicembre,femmine,,25-49 anni,totale,totale,,,in altra condizione,tutte le voci,tutte le voci,1110.1
condizione_professionale_eta,2023,popolazione residente al 31 dicembre,femmine,,25-49 anni,totale,totale,,,in cerca di occupazione,tutte le voci,tutte le voci,1499.5
condizione_professionale_eta,2023,popolazione residente al 31 dicembre,femmine,,25-49 anni,totale,totale,,,non forze di lavoro,tutte le voci,tutte le voci,6542.5
condizione_professionale_eta,2023,popolazione residente al 31 dicembre,femmine,,25-49 anni,totale,totale,,,occupato,tutte le voci,tutte le voci,21438.0
condizione_professionale_eta,2023,popolazione residente al 31 dicembre,femmine,,25-49 anni,totale,totale,,,percettore/rice di una o più pensioni per effetto di attività lavorativa precedente o di redditi da capitale,tutte le voci,tutte le voci,158.5
condizione_professionale_eta,2023,popolazione residente al 31 dicembre,femmine,,25-49 anni,totale,totale,,,studente/ssa,tutte le voci,tutte le voci,662.3
condizione_professionale_eta,2023,popolazione residente al 31 dicembre,femmine,,25-49 anni,totale,totale,,,totale,tutte le voci,tutte le voci,29480.0
condizione_professionale_eta,2023,popolazione residente al 31 dicembre,femmine,,50-64 anni,totale,totale,,,casalinga/o,tutte le voci,tutte le voci,4342.2
condizione_professionale_eta,2023,popolazione residente al 31 dicembre,femmine,,50-64 anni,totale,totale,,,forze di lavoro,tutte le voci,tutte le voci,16102.5
condizione_professionale_eta,2023,popolazione residente al 31 dicembre,femmine,,50-64 anni,totale,totale,,,in altra condizione,tutte le voci,tutte le voci,1091.6
condizione_professionale_eta,2023,popolazione residente al 31 dicembre,femmine,,50-64 anni,totale,totale,,,in cerca di occupazione,tutte le voci,tutte le voci,804.5
condizione_professionale_eta,2023,popolazione residente al 31 dicembre,femmine,,50-64 anni,totale,totale,,,non forze di lavoro,tutte le voci,tutte le voci,7034.5
condizione_professionale_eta,2023,popolazione residente al 31 dicembre,femmine,,50-64 anni,totale,totale,,,occupato,tutte le voci,tutte le voci,15298.0
condizione_professionale_eta,2023,popolazione residente al 31 dicembre,femmine,,50-64 anni,totale,totale,,,percettore/rice di una o più pensioni per effetto di attività lavorativa precedente o di redditi da capitale,tutte le voci,tutte le voci,1586.7
condizione_professionale_eta,2023,popolazione residente al 31 dicembre,femmine,,50-64 anni,totale,totale,,,studente/ssa,tutte le voci,tutte le voci,14.0
condizione_professionale_eta,2023,popolazione residente al 31 dicembre,femmine,,50-64 anni,totale,totale,,,totale,tutte le voci,tutte le voci,23137.0
condizione_professionale_eta,2023,popolazione residente al 31 dicembre,femmine,,65 anni e più,totale,totale,,,casalinga/o,tutte le voci,tutte le voci,4670.3
condizione_professionale_eta,2023,popolazione residente al 31 dicembre,femmine,,65 anni e più,totale,totale,,,forze di lavoro,tutte le voci,tutte le voci,1483.8
condizione_professionale_eta,2023,popolazione residente al 31 dicembre,femmine,,65 anni e più,totale,totale,,,in altra condizione,tutte le voci,tutte le voci,2535.1
condizione_professionale_eta,2023,popolazione residente al 31 dicembre,femmine,,65 anni e più,totale,totale,,,in cerca di occupazione,tutte le voci,tutte le voci,48.8
condizione_professionale_eta,2023,popolazione residente al 31 dicembre,femmine,,65 anni e più,totale,totale,,,non forze di lavoro,tutte le voci,tutte le voci,27340.2
condizione_professionale_eta,2023,popolazione residente al 31 dicembre,femmine,,65 anni e più,totale,totale,,,occupato,tutte le voci,tutte le voci,1435.0
condizione_professionale_eta,2023,popolazione residente al 31 dicembre,femmine,,65 anni e più,totale,totale,,,percettore/rice di una o più pensioni per effetto di attività lavorativa precedente o di redditi da capitale,tutte le voci,tutte le voci,20129.2
condizione_professionale_eta,2023,popolazione residente al 31 dicembre,femmine,,65 anni e più,totale,totale,,,studente/ssa,tutte le voci,tutte le voci,5.5
condizione_professionale_eta,2023,popolazione residente al 31 dicembre,femmine,,65 anni e più,totale,totale,,,totale,tutte le voci,tutte le voci,28824.0
condizione_professionale_eta,2023,popolazione residente al 31 dicembre,maschi,,15 anni e più,totale,totale,,,casalinga/o,tutte le voci,tutte le voci,846.4
condizione_professionale_eta,2023,popolazione residente al 31 dicembre,maschi,,15 anni e più,totale,totale,,,forze di lavoro,tutte le voci,tutte le voci,52803.7
condizione_professionale_eta,2023,popolazione residente al 31 dicembre,maschi,,15 anni e più,totale,totale,,,in altra condizione,tutte le voci,tutte le voci,5129.1
condizione_professionale_eta,2023,popolazione residente al 31 dicembre,maschi,,15 anni e più,totale,totale,,,in cerca di occupazione,tutte le voci,tutte le voci,2652.7
condizione_professionale_eta,2023,popolazione residente al 31 dicembre,maschi,,15 anni e più,totale,totale,,,non forze di lavoro,tutte le voci,tutte le voci,30307.3
condizione_professionale_eta,2023,popolazione residente al 31 dicembre,maschi,,15 anni e più,totale,totale,,,occupato,tutte le voci,tutte le voci,50151.0
condizione_professionale_eta,2023,popolazione residente al 31 dicembre,maschi,,15 anni e più,totale,totale,,,percettore/rice di una o più pensioni per effetto di attività lavorativa precedente o di redditi da capitale,tutte le voci,tutte le voci,18016.5
condizione_professionale_eta,2023,popolazione residente al 31 dicembre,maschi,,15 anni e più,totale,totale,,,studente/ssa,tutte le voci,tutte le voci,6315.3
condizione_professionale_eta,2023,popolazione residente al 31 dicembre,maschi,,15 anni e più,totale,totale,,,totale,tutte le voci,tutte le voci,83111.0
condizione_professionale_eta,2023,popolazione residente al 31 dicembre,maschi,,15-24 anni,totale,totale,,,casalinga/o,tutte le voci,tutte le voci,24.9
condizione_professionale_eta,2023,popolazione residente al 31 dicembre,maschi,,15-24 anni,totale,totale,,,forze di lavoro,tutte le voci,tutte le voci,3680.2
condizione_professionale_eta,2023,popolazione residente al 31 dicembre,maschi,,15-24 anni,totale,totale,,,in altra condizione,tutte le voci,tutte le voci,550.7
condizione_professionale_eta,2023,popolazione residente al 31 dicembre,maschi,,15-24 anni,totale,totale,,,in cerca di occupazione,tutte le voci,tutte le voci,505.2
condizione_professionale_eta,2023,popolazione residente al 31 dicembre,maschi,,15-24 anni,totale,totale,,,non forze di lavoro,tutte le voci,tutte le voci,6444.8
condizione_professionale_eta,2023,popolazione residente al 31 dicembre,maschi,,15-24 anni,totale,totale,,,occupato,tutte le voci,tutte le voci,3175.0
condizione_professionale_eta,2023,popolazione residente al 31 dicembre,maschi,,15-24 anni,totale,totale,,,percettore/rice di una o più pensioni per effetto di attività lavorativa precedente o di redditi da capitale,tutte le voci,tutte le voci,12.7
condizione_professionale_eta,2023,popolazione residente al 31 dicembre,maschi,,15-24 anni,totale,totale,,,studente/ssa,tutte le voci,tutte le voci,5856.6
condizione_professionale_eta,2023,popolazione residente al 31 dicembre,maschi,,15-24 anni,totale,totale,,,totale,tutte le voci,tutte le voci,10125.0
condizione_professionale_eta,2023,popolazione residente al 31 dicembre,maschi,,25-49 anni,totale,totale,,,casalinga/o,tutte le voci,tutte le voci,304.8
condizione_professionale_eta,2023,popolazione residente al 31 dicembre,maschi,,25-49 anni,totale,totale,,,forze di lavoro,tutte le voci,tutte le voci,28405.8
condizione_professionale_eta,2023,popolazione residente al 31 dicembre,maschi,,25-49 anni,totale,totale,,,in altra condizione,tutte le voci,tutte le voci,1624.9
condizione_professionale_eta,2023,popolazione residente al 31 dicembre,maschi,,25-49 anni,totale,totale,,,in cerca di occupazione,tutte le voci,tutte le voci,1414.8
condizione_professionale_eta,2023,popolazione residente al 31 dicembre,maschi,,25-49 anni,totale,totale,,,non forze di lavoro,tutte le voci,tutte le voci,2639.2
condizione_professionale_eta,2023,popolazione residente al 31 dicembre,maschi,,25-49 anni,totale,totale,,,occupato,tutte le voci,tutte le voci,26991.0
condizione_professionale_eta,2023,popolazione residente al 31 dicembre,maschi,,25-49 anni,totale,totale,,,percettore/rice di una o più pensioni per effetto di attività lavorativa precedente o di redditi da capitale,tutte le voci,tutte le voci,259.8
condizione_professionale_eta,2023,popolazione residente al 31 dicembre,maschi,,25-49 anni,totale,totale,,,studente/ssa,tutte le voci,tutte le voci,449.8
condizione_professionale_eta,2023,popolazione residente al 31 dicembre,maschi,,25-49 anni,totale,totale,,,totale,tutte le voci,tutte le voci,31045.0
condizione_professionale_eta,2023,popolazione residente al 31 dicembre,maschi,,50-64 anni,totale,totale,,,casalinga/o,tutte le voci,tutte le voci,327.0
condizione_professionale_eta,2023,popolazione residente al 31 dicembre,maschi,,50-64 anni,totale,totale,,,forze di lavoro,tutte le voci,tutte le voci,18040.4
condizione_professionale_eta,2023,popolazione residente al 31 dicembre,maschi,,50-64 anni,totale,totale,,,in altra condizione,tutte le voci,tutte le voci,1439.7
condizione_professionale_eta,2023,popolazione residente al 31 dicembre,maschi,,50-64 anni,totale,totale,,,in cerca di occupazione,tutte le voci,tutte le voci,711.4
condizione_professionale_eta,2023,popolazione residente al 31 dicembre,maschi,,50-64 anni,totale,totale,,,non forze di lavoro,tutte le voci,tutte le voci,3799.6
condizione_professionale_eta,2023,popolazione residente al 31 dicembre,maschi,,50-64 anni,totale,totale,,,occupato,tutte le voci,tutte le voci,17329.0
condizione_professionale_eta,2023,popolazione residente al 31 dicembre,maschi,,50-64 anni,totale,totale,,,percettore/rice di una o più pensioni per effetto di attività lavorativa precedente o di redditi da capitale,tutte le voci,tutte le voci,2025.4
condizione_professionale_eta,2023,popolazione residente al 31 dicembre,maschi,,50-64 anni,totale,totale,,,studente/ssa,tutte le voci,tutte le voci,7.5
condizione_professionale_eta,2023,popolazione residente al 31 dicembre,maschi,,50-64 anni,totale,totale,,,totale,tutte le voci,tutte le voci,21840.0
condizione_professionale_eta,2023,popolazione residente al 31 dicembre,maschi,,65 anni e più,totale,totale,,,casalinga/o,tutte le voci,tutte le voci,189.7
condizione_professionale_eta,2023,popolazione residente al 31 dicembre,maschi,,65 anni e più,totale,totale,,,forze di lavoro,tutte le voci,tutte le voci,2677.5
condizione_professionale_eta,2023,popolazione residente al 31 dicembre,maschi,,65 anni e più,totale,totale,,,in altra condizione,tutte le voci,tutte le voci,1513.8
condizione_professionale_eta,2023,popolazione residente al 31 dicembre,maschi,,65 anni e più,totale,totale,,,in cerca di occupazione,tutte le voci,tutte le voci,21.5
condizione_professionale_eta,2023,popolazione residente al 31 dicembre,maschi,,65 anni e più,totale,totale,,,non forze di lavoro,tutte le voci,tutte le voci,17423.5
condizione_professionale_eta,2023,popolazione residente al 31 dicembre,maschi,,65 anni e più,totale,totale,,,occupato,tutte le voci,tutte le voci,2656.0
condizione_professionale_eta,2023,popolazione residente al 31 dicembre,maschi,,65 anni e più,totale,totale,,,percettore/rice di una o più pensioni per effetto di attività lavorativa precedente o di redditi da capitale,tutte le voci,tutte le voci,15718.6
condizione_professionale_eta,2023,popolazione residente al 31 dicembre,maschi,,65 anni e più,totale,totale,,,studente/ssa,tutte le voci,tutte le voci,1.4
condizione_professionale_eta,2023,popolazione residente al 31 dicembre,maschi,,65 anni e più,totale,totale,,,totale,tutte le voci,tutte le voci,20101.0
condizione_professionale_eta,2023,popolazione residente al 31 dicembre,totale,,15 anni e più,totale,totale,,,casalinga/o,tutte le voci,tutte le voci,14704.8
condizione_professionale_eta,2023,popolazione residente al 31 dicembre,totale,,15 anni e più,totale,totale,,,forze di lavoro,tutte le voci,tutte le voci,95648.7
condizione_professionale_eta,2023,popolazione residente al 31 dicembre,totale,,15 anni e più,totale,totale,,,in altra condizione,tutte le voci,tutte le voci,10177.9
condizione_professionale_eta,2023,popolazione residente al 31 dicembre,totale,,15 anni e più,totale,totale,,,in cerca di occupazione,tutte le voci,tutte le voci,5492.7
condizione_professionale_eta,2023,popolazione residente al 31 dicembre,totale,,15 anni e più,totale,totale,,,non forze di lavoro,tutte le voci,tutte le voci,78240.3
condizione_professionale_eta,2023,popolazione residente al 31 dicembre,totale,,15 anni e più,totale,totale,,,occupato,tutte le voci,tutte le voci,90156.0
condizione_professionale_eta,2023,popolazione residente al 31 dicembre,totale,,15 anni e più,totale,totale,,,percettore/rice di una o più pensioni per effetto di attività lavorativa precedente o di redditi da capitale,tutte le voci,tutte le voci,39897.0
condizione_professionale_eta,2023,popolazione residente al 31 dicembre,totale,,15 anni e più,totale,totale,,,studente/ssa,tutte le voci,tutte le voci,13460.7
condizione_professionale_eta,2023,popolazione residente al 31 dicembre,totale,,15 anni e più,totale,totale,,,totale,tutte le voci,tutte le voci,173889.0
condizione_professionale_eta,2023,popolazione residente al 31 dicembre,totale,,15-24 anni,totale,totale,,,casalinga/o,tutte le voci,tutte le voci,259.0
condizione_professionale_eta,2023,popolazione residente al 31 dicembre,totale,,15-24 anni,totale,totale,,,forze di lavoro,tutte le voci,tutte le voci,6001.3
condizione_professionale_eta,2023,popolazione residente al 31 dicembre,totale,,15-24 anni,totale,totale,,,in altra condizione,tutte le voci,tutte le voci,862.7
condizione_professionale_eta,2023,popolazione residente al 31 dicembre,totale,,15-24 anni,totale,totale,,,in cerca di occupazione,tutte le voci,tutte le voci,992.3
condizione_professionale_eta,2023,popolazione residente al 31 dicembre,totale,,15-24 anni,totale,totale,,,non forze di lavoro,tutte le voci,tutte le voci,13460.7
condizione_professionale_eta,2023,popolazione residente al 31 dicembre,totale,,15-24 anni,totale,totale,,,occupato,tutte le voci,tutte le voci,5009.0
condizione_professionale_eta,2023,popolazione residente al 31 dicembre,totale,,15-24 anni,totale,totale,,,percettore/rice di una o più pensioni per effetto di attività lavorativa precedente o di redditi da capitale,tutte le voci,tutte le voci,18.8
condizione_professionale_eta,2023,popolazione residente al 31 dicembre,totale,,15-24 anni,totale,totale,,,studente/ssa,tutte le voci,tutte le voci,12320.2
condizione_professionale_eta,2023,popolazione residente al 31 dicembre,totale,,15-24 anni,totale,totale,,,totale,tutte le voci,tutte le voci,19462.0
condizione_professionale_eta,2023,popolazione residente al 31 dicembre,totale,,25-49 anni,totale,totale,,,casalinga/o,tutte le voci,tutte le voci,4916.4
condizione_professionale_eta,2023,popolazione residente al 31 dicembre,totale,,25-49 anni,totale,totale,,,forze di lavoro,tutte le voci,tutte le voci,51343.2
condizione_professionale_eta,2023,popolazione residente al 31 dicembre,totale,,25-49 anni,totale,totale,,,in altra condizione,tutte le voci,tutte le voci,2735.0
condizione_professionale_eta,2023,popolazione residente al 31 dicembre,totale,,25-49 anni,totale,totale,,,in cerca di occupazione,tutte le voci,tutte le voci,2914.2
condizione_professionale_eta,2023,popolazione residente al 31 dicembre,totale,,25-49 anni,totale,totale,,,non forze di lavoro,tutte le voci,tutte le voci,9181.8
condizione_professionale_eta,2023,popolazione residente al 31 dicembre,totale,,25-49 anni,totale,totale,,,occupato,tutte le voci,tutte le voci,48429.0
condizione_professionale_eta,2023,popolazione residente al 31 dicembre,totale,,25-49 anni,totale,totale,,,percettore/rice di una o più pensioni per effetto di attività lavorativa precedente o di redditi da capitale,tutte le voci,tutte le voci,418.3
condizione_professionale_eta,2023,popolazione residente al 31 dicembre,totale,,25-49 anni,totale,totale,,,studente/ssa,tutte le voci,tutte le voci,1112.1
condizione_professionale_eta,2023,popolazione residente al 31 dicembre,totale,,25-49 anni,totale,totale,,,totale,tutte le voci,tutte le voci,60525.0
condizione_professionale_eta,2023,popolazione residente al 31 dicembre,totale,,50-64 anni,totale,totale,,,casalinga/o,tutte le voci,tutte le voci,4669.3
condizione_professionale_eta,2023,popolazione residente al 31 dicembre,totale,,50-64 anni,totale,totale,,,forze di lavoro,tutte le voci,tutte le voci,34142.9
condizione_professionale_eta,2023,popolazione residente al 31 dicembre,totale,,50-64 anni,totale,totale,,,in altra condizione,tutte le voci,tutte le voci,2531.3
condizione_professionale_eta,2023,popolazione residente al 31 dicembre,totale,,50-64 anni,totale,totale,,,in cerca di occupazione,tutte le voci,tutte le voci,1515.9
condizione_professionale_eta,2023,popolazione residente al 31 dicembre,totale,,50-64 anni,totale,totale,,,non forze di lavoro,tutte le voci,tutte le voci,10834.1
condizione_professionale_eta,2023,popolazione residente al 31 dicembre,totale,,50-64 anni,totale,totale,,,occupato,tutte le voci,tutte le voci,32627.0
condizione_professionale_eta,2023,popolazione residente al 31 dicembre,totale,,50-64 anni,totale,totale,,,percettore/rice di una o più pensioni per effetto di attività lavorativa precedente o di redditi da capitale,tutte le voci,tutte le voci,3612.1
condizione_professionale_eta,2023,popolazione residente al 31 dicembre,totale,,50-64 anni,totale,totale,,,studente/ssa,tutte le voci,tutte le voci,21.4
condizione_professionale_eta,2023,popolazione residente al 31 dicembre,totale,,50-64 anni,totale,totale,,,totale,tutte le voci,tutte le voci,44977.0
condizione_professionale_eta,2023,popolazione residente al 31 dicembre,totale,,65 anni e più,totale,totale,,,casalinga/o,tutte le voci,tutte le voci,4860.0
condizione_professionale_eta,2023,popolazione residente al 31 dicembre,totale,,65 anni e più,totale,totale,,,forze di lavoro,tutte le voci,tutte le voci,4161.3
condizione_professionale_eta,2023,popolazione residente al 31 dicembre,totale,,65 anni e più,totale,totale,,,in altra condizione,tutte le voci,tutte le voci,4048.9
condizione_professionale_eta,2023,popolazione residente al 31 dicembre,totale,,65 anni e più,totale,totale,,,in cerca di occupazione,tutte le voci,tutte le voci,70.3
condizione_professionale_eta,2023,popolazione residente al 31 dicembre,totale,,65 anni e più,totale,totale,,,non forze di lavoro,tutte le voci,tutte le voci,44763.7
condizione_professionale_eta,2023,popolazione residente al 31 dicembre,totale,,65 anni e più,totale,totale,,,occupato,tutte le voci,tutte le voci,4091.0
condizione_professionale_eta,2023,popolazione residente al 31 dicembre,totale,,65 anni e più,totale,totale,,,percettore/rice di una o più pensioni per effetto di attività lavorativa precedente o di redditi da capitale,tutte le voci,tutte le voci,35847.8
condizione_professionale_eta,2023,popolazione residente al 31 dicembre,totale,,65 anni e più,totale,totale,,,studente/ssa,tutte le voci,tutte le voci,7.0
condizione_professionale_eta,2023,popolazione residente al 31 dicembre,totale,,65 anni e più,totale,totale,,,totale,tutte le voci,tutte le voci,48925.0
condizione_professionale_eta,2024,popolazione residente al 31 dicembre,femmine,,15 anni e più,totale,totale,,,casalinga/o,tutte le voci,tutte le voci,13972.7
condizione_professionale_eta,2024,popolazione residente al 31 dicembre,femmine,,15 anni e più,totale,totale,,,forze di lavoro,tutte le voci,tutte le voci,43764.5
condizione_professionale_eta,2024,popolazione residente al 31 dicembre,femmine,,15 anni e più,totale,totale,,,in altra condizione,tutte le voci,tutte le voci,5165.4
condizione_professionale_eta,2024,popolazione residente al 31 dicembre,femmine,,15 anni e più,totale,totale,,,in cerca di occupazione,tutte le voci,tutte le voci,2907.5
condizione_professionale_eta,2024,popolazione residente al 31 dicembre,femmine,,15 anni e più,totale,totale,,,non forze di lavoro,tutte le voci,tutte le voci,47683.5
condizione_professionale_eta,2024,popolazione residente al 31 dicembre,femmine,,15 anni e più,totale,totale,,,occupato,tutte le voci,tutte le voci,40857.0
condizione_professionale_eta,2024,popolazione residente al 31 dicembre,femmine,,15 anni e più,totale,totale,,,percettore/rice di una o più pensioni per effetto di attività lavorativa precedente o di redditi da capitale,tutte le voci,tutte le voci,21627.6
condizione_professionale_eta,2024,popolazione residente al 31 dicembre,femmine,,15 anni e più,totale,totale,,,studente/ssa,tutte le voci,tutte le voci,6917.7
condizione_professionale_eta,2024,popolazione residente al 31 dicembre,femmine,,15 anni e più,totale,totale,,,totale,tutte le voci,tutte le voci,91448.0
condizione_professionale_eta,2024,popolazione residente al 31 dicembre,femmine,,15-24 anni,totale,totale,,,casalinga/o,tutte le voci,tutte le voci,304.9
condizione_professionale_eta,2024,popolazione residente al 31 dicembre,femmine,,15-24 anni,totale,totale,,,forze di lavoro,tutte le voci,tutte le voci,2521.1
condizione_professionale_eta,2024,popolazione residente al 31 dicembre,femmine,,15-24 anni,totale,totale,,,in altra condizione,tutte le voci,tutte le voci,339.2
condizione_professionale_eta,2024,popolazione residente al 31 dicembre,femmine,,15-24 anni,totale,totale,,,in cerca di occupazione,tutte le voci,tutte le voci,601.1
condizione_professionale_eta,2024,popolazione residente al 31 dicembre,femmine,,15-24 anni,totale,totale,,,non forze di lavoro,tutte le voci,tutte le voci,6968.9
condizione_professionale_eta,2024,popolazione residente al 31 dicembre,femmine,,15-24 anni,totale,totale,,,occupato,tutte le voci,tutte le voci,1920.0
condizione_professionale_eta,2024,popolazione residente al 31 dicembre,femmine,,15-24 anni,totale,totale,,,percettore/rice di una o più pensioni per effetto di attività lavorativa precedente o di redditi da capitale,tutte le voci,tutte le voci,4.4
condizione_professionale_eta,2024,popolazione residente al 31 dicembre,femmine,,15-24 anni,totale,totale,,,studente/ssa,tutte le voci,tutte le voci,6320.3
condizione_professionale_eta,2024,popolazione residente al 31 dicembre,femmine,,15-24 anni,totale,totale,,,totale,tutte le voci,tutte le voci,9490.0
condizione_professionale_eta,2024,popolazione residente al 31 dicembre,femmine,,25-49 anni,totale,totale,,,casalinga/o,tutte le voci,tutte le voci,4458.6
condizione_professionale_eta,2024,popolazione residente al 31 dicembre,femmine,,25-49 anni,totale,totale,,,forze di lavoro,tutte le voci,tutte le voci,23113.4
condizione_professionale_eta,2024,popolazione residente al 31 dicembre,femmine,,25-49 anni,totale,totale,,,in altra condizione,tutte le voci,tutte le voci,1267.2
condizione_professionale_eta,2024,popolazione residente al 31 dicembre,femmine,,25-49 anni,totale,totale,,,in cerca di occupazione,tutte le voci,tutte le voci,1522.4
condizione_professionale_eta,2024,popolazione residente al 31 dicembre,femmine,,25-49 anni,totale,totale,,,non forze di lavoro,tutte le voci,tutte le voci,6476.6
condizione_professionale_eta,2024,popolazione residente al 31 dicembre,femmine,,25-49 anni,totale,totale,,,occupato,tutte le voci,tutte le voci,21591.0
condizione_professionale_eta,2024,popolazione residente al 31 dicembre,femmine,,25-49 anni,totale,totale,,,percettore/rice di una o più pensioni per effetto di attività lavorativa precedente o di redditi da capitale,tutte le voci,tutte le voci,170.3
condizione_professionale_eta,2024,popolazione residente al 31 dicembre,femmine,,25-49 anni,totale,totale,,,studente/ssa,tutte le voci,tutte le voci,580.6
condizione_professionale_eta,2024,popolazione residente al 31 dicembre,femmine,,25-49 anni,totale,totale,,,totale,tutte le voci,tutte le voci,29590.0
condizione_professionale_eta,2024,popolazione residente al 31 dicembre,femmine,,50-64 anni,totale,totale,,,casalinga/o,tutte le voci,tutte le voci,4264.4
condizione_professionale_eta,2024,popolazione residente al 31 dicembre,femmine,,50-64 anni,totale,totale,,,forze di lavoro,tutte le voci,tutte le voci,16494.2
condizione_professionale_eta,2024,popolazione residente al 31 dicembre,femmine,,50-64 anni,totale,totale,,,in altra condizione,tutte le voci,tutte le voci,1107.0
condizione_professionale_eta,2024,popolazione residente al 31 dicembre,femmine,,50-64 anni,totale,totale,,,in cerca di occupazione,tutte le voci,tutte le voci,737.2
condizione_professionale_eta,2024,popolazione residente al 31 dicembre,femmine,,50-64 anni,totale,totale,,,non forze di lavoro,tutte le voci,tutte le voci,6825.8
condizione_professionale_eta,2024,popolazione residente al 31 dicembre,femmine,,50-64 anni,totale,totale,,,occupato,tutte le voci,tutte le voci,15757.0
condizione_professionale_eta,2024,popolazione residente al 31 dicembre,femmine,,50-64 anni,totale,totale,,,percettore/rice di una o più pensioni per effetto di attività lavorativa precedente o di redditi da capitale,tutte le voci,tutte le voci,1441.6
condizione_professionale_eta,2024,popolazione residente al 31 dicembre,femmine,,50-64 anni,totale,totale,,,studente/ssa,tutte le voci,tutte le voci,12.8
condizione_professionale_eta,2024,popolazione residente al 31 dicembre,femmine,,50-64 anni,totale,totale,,,totale,tutte le voci,tutte le voci,23320.0
condizione_professionale_eta,2024,popolazione residente al 31 dicembre,femmine,,65 anni e più,totale,totale,,,casalinga/o,tutte le voci,tutte le voci,4944.8
condizione_professionale_eta,2024,popolazione residente al 31 dicembre,femmine,,65 anni e più,totale,totale,,,forze di lavoro,tutte le voci,tutte le voci,1635.8
condizione_professionale_eta,2024,popolazione residente al 31 dicembre,femmine,,65 anni e più,totale,totale,,,in altra condizione,tutte le voci,tutte le voci,2452.0
condizione_professionale_eta,2024,popolazione residente al 31 dicembre,femmine,,65 anni e più,totale,totale,,,in cerca di occupazione,tutte le voci,tutte le voci,46.8
condizione_professionale_eta,2024,popolazione residente al 31 dicembre,femmine,,65 anni e più,totale,totale,,,non forze di lavoro,tutte le voci,tutte le voci,27412.2
condizione_professionale_eta,2024,popolazione residente al 31 dicembre,femmine,,65 anni e più,totale,totale,,,occupato,tutte le voci,tutte le voci,1589.0
condizione_professionale_eta,2024,popolazione residente al 31 dicembre,femmine,,65 anni e più,totale,totale,,,percettore/rice di una o più pensioni per effetto di attività lavorativa precedente o di redditi da capitale,tutte le voci,tutte le voci,20011.3
condizione_professionale_eta,2024,popolazione residente al 31 dicembre,femmine,,65 anni e più,totale,totale,,,studente/ssa,tutte le voci,tutte le voci,4.0
condizione_professionale_eta,2024,popolazione residente al 31 dicembre,femmine,,65 anni e più,totale,totale,,,totale,tutte le voci,tutte le voci,29048.0
condizione_professionale_eta,2024,popolazione residente al 31 dicembre,maschi,,15 anni e più,totale,totale,,,casalinga/o,tutte le voci,tutte le voci,962.3
condizione_professionale_eta,2024,popolazione residente al 31 dicembre,maschi,,15 anni e più,totale,totale,,,forze di lavoro,tutte le voci,tutte le voci,53584.6
condizione_professionale_eta,2024,popolazione residente al 31 dicembre,maschi,,15 anni e più,totale,totale,,,in altra condizione,tutte le voci,tutte le voci,5349.0
condizione_professionale_eta,2024,popolazione residente al 31 dicembre,maschi,,15 anni e più,totale,totale,,,in cerca di occupazione,tutte le voci,tutte le voci,2717.6
condizione_professionale_eta,2024,popolazione residente al 31 dicembre,maschi,,15 anni e più,totale,totale,,,non forze di lavoro,tutte le voci,tutte le voci,30715.4
condizione_professionale_eta,2024,popolazione residente al 31 dicembre,maschi,,15 anni e più,totale,totale,,,occupato,tutte le voci,tutte le voci,50867.0
condizione_professionale_eta,2024,popolazione residente al 31 dicembre,maschi,,15 anni e più,totale,totale,,,percettore/rice di una o più pensioni per effetto di attività lavorativa precedente o di redditi da capitale,tutte le voci,tutte le voci,18154.4
condizione_professionale_eta,2024,popolazione residente al 31 dicembre,maschi,,15 anni e più,totale,totale,,,studente/ssa,tutte le voci,tutte le voci,6249.6
condizione_professionale_eta,2024,popolazione residente al 31 dicembre,maschi,,15 anni e più,totale,totale,,,totale,tutte le voci,tutte le voci,84300.0
condizione_professionale_eta,2024,popolazione residente al 31 dicembre,maschi,,15-24 anni,totale,totale,,,casalinga/o,tutte le voci,tutte le voci,38.1
condizione_professionale_eta,2024,popolazione residente al 31 dicembre,maschi,,15-24 anni,totale,totale,,,forze di lavoro,tutte le voci,tutte le voci,3849.1
condizione_professionale_eta,2024,popolazione residente al 31 dicembre,maschi,,15-24 anni,totale,totale,,,in altra condizione,tutte le voci,tutte le voci,646.6
condizione_professionale_eta,2024,popolazione residente al 31 dicembre,maschi,,15-24 anni,totale,totale,,,in cerca di occupazione,tutte le voci,tutte le voci,657.1
condizione_professionale_eta,2024,popolazione residente al 31 dicembre,maschi,,15-24 anni,totale,totale,,,non forze di lavoro,tutte le voci,tutte le voci,6541.9
condizione_professionale_eta,2024,popolazione residente al 31 dicembre,maschi,,15-24 anni,totale,totale,,,occupato,tutte le voci,tutte le voci,3192.0
condizione_professionale_eta,2024,popolazione residente al 31 dicembre,maschi,,15-24 anni,totale,totale,,,percettore/rice di una o più pensioni per effetto di attività lavorativa precedente o di redditi da capitale,tutte le voci,tutte le voci,11.1
condizione_professionale_eta,2024,popolazione residente al 31 dicembre,maschi,,15-24 anni,totale,totale,,,studente/ssa,tutte le voci,tutte le voci,5846.1
condizione_professionale_eta,2024,popolazione residente al 31 dicembre,maschi,,15-24 anni,totale,totale,,,totale,tutte le voci,tutte le voci,10391.0
condizione_professionale_eta,2024,popolazione residente al 31 dicembre,maschi,,25-49 anni,totale,totale,,,casalinga/o,tutte le voci,tutte le voci,322.1
condizione_professionale_eta,2024,popolazione residente al 31 dicembre,maschi,,25-49 anni,totale,totale,,,forze di lavoro,tutte le voci,tutte le voci,28488.6
condizione_professionale_eta,2024,popolazione residente al 31 dicembre,maschi,,25-49 anni,totale,totale,,,in altra condizione,tutte le voci,tutte le voci,1774.4
condizione_professionale_eta,2024,popolazione residente al 31 dicembre,maschi,,25-49 anni,totale,totale,,,in cerca di occupazione,tutte le voci,tutte le voci,1361.6
condizione_professionale_eta,2024,popolazione residente al 31 dicembre,maschi,,25-49 anni,totale,totale,,,non forze di lavoro,tutte le voci,tutte le voci,2791.4
condizione_professionale_eta,2024,popolazione residente al 31 dicembre,maschi,,25-49 anni,totale,totale,,,occupato,tutte le voci,tutte le voci,27127.0
condizione_professionale_eta,2024,popolazione residente al 31 dicembre,maschi,,25-49 anni,totale,totale,,,percettore/rice di una o più pensioni per effetto di attività lavorativa precedente o di redditi da capitale,tutte le voci,tutte le voci,301.8
condizione_professionale_eta,2024,popolazione residente al 31 dicembre,maschi,,25-49 anni,totale,totale,,,studente/ssa,tutte le voci,tutte le voci,393.0
condizione_professionale_eta,2024,popolazione residente al 31 dicembre,maschi,,25-49 anni,totale,totale,,,totale,tutte le voci,tutte le voci,31280.0
condizione_professionale_eta,2024,popolazione residente al 31 dicembre,maschi,,50-64 anni,totale,totale,,,casalinga/o,tutte le voci,tutte le voci,381.4
condizione_professionale_eta,2024,popolazione residente al 31 dicembre,maschi,,50-64 anni,totale,totale,,,forze di lavoro,tutte le voci,tutte le voci,18388.0
condizione_professionale_eta,2024,popolazione residente al 31 dicembre,maschi,,50-64 anni,totale,totale,,,in altra condizione,tutte le voci,tutte le voci,1477.0
condizione_professionale_eta,2024,popolazione residente al 31 dicembre,maschi,,50-64 anni,totale,totale,,,in cerca di occupazione,tutte le voci,tutte le voci,680.0
condizione_professionale_eta,2024,popolazione residente al 31 dicembre,maschi,,50-64 anni,totale,totale,,,non forze di lavoro,tutte le voci,tutte le voci,3801.0
condizione_professionale_eta,2024,popolazione residente al 31 dicembre,maschi,,50-64 anni,totale,totale,,,occupato,tutte le voci,tutte le voci,17708.0
condizione_professionale_eta,2024,popolazione residente al 31 dicembre,maschi,,50-64 anni,totale,totale,,,percettore/rice di una o più pensioni per effetto di attività lavorativa precedente o di redditi da capitale,tutte le voci,tutte le voci,1933.5
condizione_professionale_eta,2024,popolazione residente al 31 dicembre,maschi,,50-64 anni,totale,totale,,,studente/ssa,tutte le voci,tutte le voci,9.1
condizione_professionale_eta,2024,popolazione residente al 31 dicembre,maschi,,50-64 anni,totale,totale,,,totale,tutte le voci,tutte le voci,22189.0
condizione_professionale_eta,2024,popolazione residente al 31 dicembre,maschi,,65 anni e più,totale,totale,,,casalinga/o,tutte le voci,tutte le voci,220.8
condizione_professionale_eta,2024,popolazione residente al 31 dicembre,maschi,,65 anni e più,totale,totale,,,forze di lavoro,tutte le voci,tutte le voci,2858.9
condizione_professionale_eta,2024,popolazione residente al 31 dicembre,maschi,,65 anni e più,totale,totale,,,in altra condizione,tutte le voci,tutte le voci,1450.9
condizione_professionale_eta,2024,popolazione residente al 31 dicembre,maschi,,65 anni e più,totale,totale,,,in cerca di occupazione,tutte le voci,tutte le voci,18.9
condizione_professionale_eta,2024,popolazione residente al 31 dicembre,maschi,,65 anni e più,totale,totale,,,non forze di lavoro,tutte le voci,tutte le voci,17581.1
condizione_professionale_eta,2024,popolazione residente al 31 dicembre,maschi,,65 anni e più,totale,totale,,,occupato,tutte le voci,tutte le voci,2840.0
condizione_professionale_eta,2024,popolazione residente al 31 dicembre,maschi,,65 anni e più,totale,totale,,,percettore/rice di una o più pensioni per effetto di attività lavorativa precedente o di redditi da capitale,tutte le voci,tutte le voci,15908.0
condizione_professionale_eta,2024,popolazione residente al 31 dicembre,maschi,,65 anni e più,totale,totale,,,studente/ssa,tutte le voci,tutte le voci,1.4
condizione_professionale_eta,2024,popolazione residente al 31 dicembre,maschi,,65 anni e più,totale,totale,,,totale,tutte le voci,tutte le voci,20440.0
condizione_professionale_eta,2024,popolazione residente al 31 dicembre,totale,,15 anni e più,totale,totale,,,casalinga/o,tutte le voci,tutte le voci,14935.0
condizione_professionale_eta,2024,popolazione residente al 31 dicembre,totale,,15 anni e più,totale,totale,,,forze di lavoro,tutte le voci,tutte le voci,97349.2
condizione_professionale_eta,2024,popolazione residente al 31 dicembre,totale,,15 anni e più,totale,totale,,,in altra condizione,tutte le voci,tutte le voci,10514.4
condizione_professionale_eta,2024,popolazione residente al 31 dicembre,totale,,15 anni e più,totale,totale,,,in cerca di occupazione,tutte le voci,tutte le voci,5625.2
condizione_professionale_eta,2024,popolazione residente al 31 dicembre,totale,,15 anni e più,totale,totale,,,non forze di lavoro,tutte le voci,tutte le voci,78398.8
condizione_professionale_eta,2024,popolazione residente al 31 dicembre,totale,,15 anni e più,totale,totale,,,occupato,tutte le voci,tutte le voci,91724.0
condizione_professionale_eta,2024,popolazione residente al 31 dicembre,totale,,15 anni e più,totale,totale,,,percettore/rice di una o più pensioni per effetto di attività lavorativa precedente o di redditi da capitale,tutte le voci,tutte le voci,39782.0
condizione_professionale_eta,2024,popolazione residente al 31 dicembre,totale,,15 anni e più,totale,totale,,,studente/ssa,tutte le voci,tutte le voci,13167.4
condizione_professionale_eta,2024,popolazione residente al 31 dicembre,totale,,15 anni e più,totale,totale,,,totale,tutte le voci,tutte le voci,175748.0
condizione_professionale_eta,2024,popolazione residente al 31 dicembre,totale,,15-24 anni,totale,totale,,,casalinga/o,tutte le voci,tutte le voci,343.0
condizione_professionale_eta,2024,popolazione residente al 31 dicembre,totale,,15-24 anni,totale,totale,,,forze di lavoro,tutte le voci,tutte le voci,6370.2
condizione_professionale_eta,2024,popolazione residente al 31 dicembre,totale,,15-24 anni,totale,totale,,,in altra condizione,tutte le voci,tutte le voci,985.8
condizione_professionale_eta,2024,popolazione residente al 31 dicembre,totale,,15-24 anni,totale,totale,,,in cerca di occupazione,tutte le voci,tutte le voci,1258.2
condizione_professionale_eta,2024,popolazione residente al 31 dicembre,totale,,15-24 anni,totale,totale,,,non forze di lavoro,tutte le voci,tutte le voci,13510.8
condizione_professionale_eta,2024,popolazione residente al 31 dicembre,totale,,15-24 anni,totale,totale,,,occupato,tutte le voci,tutte le voci,5112.0
condizione_professionale_eta,2024,popolazione residente al 31 dicembre,totale,,15-24 anni,totale,totale,,,percettore/rice di una o più pensioni per effetto di attività lavorativa precedente o di redditi da capitale,tutte le voci,tutte le voci,15.5
condizione_professionale_eta,2024,popolazione residente al 31 dicembre,totale,,15-24 anni,totale,totale,,,studente/ssa,tutte le voci,tutte le voci,12166.5
condizione_professionale_eta,2024,popolazione residente al 31 dicembre,totale,,15-24 anni,totale,totale,,,totale,tutte le voci,tutte le voci,19881.0
condizione_professionale_eta,2024,popolazione residente al 31 dicembre,totale,,25-49 anni,totale,totale,,,casalinga/o,tutte le voci,tutte le voci,4780.7
condizione_professionale_eta,2024,popolazione residente al 31 dicembre,totale,,25-49 anni,totale,totale,,,forze di lavoro,tutte le voci,tutte le voci,51602.0
condizione_professionale_eta,2024,popolazione residente al 31 dicembre,totale,,25-49 anni,totale,totale,,,in altra condizione,tutte le voci,tutte le voci,3041.6
condizione_professionale_eta,2024,popolazione residente al 31 dicembre,totale,,25-49 anni,totale,totale,,,in cerca di occupazione,tutte le voci,tutte le voci,2884.0
condizione_professionale_eta,2024,popolazione residente al 31 dicembre,totale,,25-49 anni,totale,totale,,,non forze di lavoro,tutte le voci,tutte le voci,9268.0
condizione_professionale_eta,2024,popolazione residente al 31 dicembre,totale,,25-49 anni,totale,totale,,,occupato,tutte le voci,tutte le voci,48718.0
condizione_professionale_eta,2024,popolazione residente al 31 dicembre,totale,,25-49 anni,totale,totale,,,percettore/rice di una o più pensioni per effetto di attività lavorativa precedente o di redditi da capitale,tutte le voci,tutte le voci,472.1
condizione_professionale_eta,2024,popolazione residente al 31 dicembre,totale,,25-49 anni,totale,totale,,,studente/ssa,tutte le voci,tutte le voci,973.6
condizione_professionale_eta,2024,popolazione residente al 31 dicembre,totale,,25-49 anni,totale,totale,,,totale,tutte le voci,tutte le voci,60870.0
condizione_professionale_eta,2024,popolazione residente al 31 dicembre,totale,,50-64 anni,totale,totale,,,casalinga/o,tutte le voci,tutte le voci,4645.8
condizione_professionale_eta,2024,popolazione residente al 31 dicembre,totale,,50-64 anni,totale,totale,,,forze di lavoro,tutte le voci,tutte le voci,34882.2
condizione_professionale_eta,2024,popolazione residente al 31 dicembre,totale,,50-64 anni,totale,totale,,,in altra condizione,tutte le voci,tutte le voci,2584.0
condizione_professionale_eta,2024,popolazione residente al 31 dicembre,totale,,50-64 anni,totale,totale,,,in cerca di occupazione,tutte le voci,tutte le voci,1417.2
condizione_professionale_eta,2024,popolazione residente al 31 dicembre,totale,,50-64 anni,totale,totale,,,non forze di lavoro,tutte le voci,tutte le voci,10626.8
condizione_professionale_eta,2024,popolazione residente al 31 dicembre,totale,,50-64 anni,totale,totale,,,occupato,tutte le voci,tutte le voci,33465.0
condizione_professionale_eta,2024,popolazione residente al 31 dicembre,totale,,50-64 anni,totale,totale,,,percettore/rice di una o più pensioni per effetto di attività lavorativa precedente o di redditi da capitale,tutte le voci,tutte le voci,3375.1
condizione_professionale_eta,2024,popolazione residente al 31 dicembre,totale,,50-64 anni,totale,totale,,,studente/ssa,tutte le voci,tutte le voci,21.9
condizione_professionale_eta,2024,popolazione residente al 31 dicembre,totale,,50-64 anni,totale,totale,,,totale,tutte le voci,tutte le voci,45509.0
condizione_professionale_eta,2024,popolazione residente al 31 dicembre,totale,,65 anni e più,totale,totale,,,casalinga/o,tutte le voci,tutte le voci,5165.6
condizione_professionale_eta,2024,popolazione residente al 31 dicembre,totale,,65 anni e più,totale,totale,,,forze di lavoro,tutte le voci,tutte le voci,4494.7
condizione_professionale_eta,2024,popolazione residente al 31 dicembre,totale,,65 anni e più,totale,totale,,,in altra condizione,tutte le voci,tutte le voci,3902.9
condizione_professionale_eta,2024,popolazione residente al 31 dicembre,totale,,65 anni e più,totale,totale,,,in cerca di occupazione,tutte le voci,tutte le voci,65.7
condizione_professionale_eta,2024,popolazione residente al 31 dicembre,totale,,65 anni e più,totale,totale,,,non forze di lavoro,tutte le voci,tutte le voci,44993.3
condizione_professionale_eta,2024,popolazione residente al 31 dicembre,totale,,65 anni e più,totale,totale,,,occupato,tutte le voci,tutte le voci,4429.0
condizione_professionale_eta,2024,popolazione residente al 31 dicembre,totale,,65 anni e più,totale,totale,,,percettore/rice di una o più pensioni per effetto di attività lavorativa precedente o di redditi da capitale,tutte le voci,tutte le voci,35919.3
condizione_professionale_eta,2024,popolazione residente al 31 dicembre,totale,,65 anni e più,totale,totale,,,studente/ssa,tutte le voci,tutte le voci,5.4
condizione_professionale_eta,2024,popolazione residente al 31 dicembre,totale,,65 anni e più,totale,totale,,,totale,tutte le voci,tutte le voci,49488.0
istruzione_cittadinanza,2018,popolazione residente al 31 dicembre,femmine,,9 anni e più,italiano-a,diploma di istruzione secondaria di II grado o di qualifica professionale (corso di 3-4 anni) compresi IFTS,,,totale,tutte le voci,tutte le voci,26404.0
istruzione_cittadinanza,2018,popolazione residente al 31 dicembre,femmine,,9 anni e più,italiano-a,diploma di tecnico superiore ITS o titolo di studio terziario di primo livello,,,totale,tutte le voci,tutte le voci,3816.0
istruzione_cittadinanza,2018,popolazione residente al 31 dicembre,femmine,,9 anni e più,italiano-a,licenza di scuola elementare,,,totale,tutte le voci,tutte le voci,15523.0
istruzione_cittadinanza,2018,popolazione residente al 31 dicembre,femmine,,9 anni e più,italiano-a,licenza di scuola media inferiore o di avviamento professionale,,,totale,tutte le voci,tutte le voci,18806.0
istruzione_cittadinanza,2018,popolazione residente al 31 dicembre,femmine,,9 anni e più,italiano-a,nessun titolo di studio,,,totale,tutte le voci,tutte le voci,2104.0
istruzione_cittadinanza,2018,popolazione residente al 31 dicembre,femmine,,9 anni e più,italiano-a,titolo di studio terziario di secondo livello e dottorato di ricerca,,,totale,tutte le voci,tutte le voci,12656.0
istruzione_cittadinanza,2018,popolazione residente al 31 dicembre,femmine,,9 anni e più,italiano-a,totale,,,totale,tutte le voci,tutte le voci,79309.0
istruzione_cittadinanza,2018,popolazione residente al 31 dicembre,femmine,,9 anni e più,straniero-a/apolide,diploma di istruzione secondaria di II grado o di qualifica professionale (corso di 3-4 anni) compresi IFTS,,,totale,tutte le voci,tutte le voci,5702.0
istruzione_cittadinanza,2018,popolazione residente al 31 dicembre,femmine,,9 anni e più,straniero-a/apolide,diploma di tecnico superiore ITS o titolo di studio terziario di primo livello,,,totale,tutte le voci,tutte le voci,813.0
istruzione_cittadinanza,2018,popolazione residente al 31 dicembre,femmine,,9 anni e più,straniero-a/apolide,licenza di scuola elementare,,,totale,tutte le voci,tutte le voci,1658.0
istruzione_cittadinanza,2018,popolazione residente al 31 dicembre,femmine,,9 anni e più,straniero-a/apolide,licenza di scuola media inferiore o di avviamento professionale,,,totale,tutte le voci,tutte le voci,5477.0
istruzione_cittadinanza,2018,popolazione residente al 31 dicembre,femmine,,9 anni e più,straniero-a/apolide,nessun titolo di studio,,,totale,tutte le voci,tutte le voci,1256.0
istruzione_cittadinanza,2018,popolazione residente al 31 dicembre,femmine,,9 anni e più,straniero-a/apolide,titolo di studio terziario di secondo livello e dottorato di ricerca,,,totale,tutte le voci,tutte le voci,1487.0
istruzione_cittadinanza,2018,popolazione residente al 31 dicembre,femmine,,9 anni e più,straniero-a/apolide,totale,,,totale,tutte le voci,tutte le voci,16393.0
istruzione_cittadinanza,2018,popolazione residente al 31 dicembre,femmine,,9 anni e più,totale,diploma di istruzione secondaria di II grado o di qualifica professionale (corso di 3-4 anni) compresi IFTS,,,totale,tutte le voci,tutte le voci,32106.0
istruzione_cittadinanza,2018,popolazione residente al 31 dicembre,femmine,,9 anni e più,totale,diploma di tecnico superiore ITS o titolo di studio terziario di primo livello,,,totale,tutte le voci,tutte le voci,4629.0
istruzione_cittadinanza,2018,popolazione residente al 31 dicembre,femmine,,9 anni e più,totale,licenza di scuola elementare,,,totale,tutte le voci,tutte le voci,17181.0
istruzione_cittadinanza,2018,popolazione residente al 31 dicembre,femmine,,9 anni e più,totale,licenza di scuola media inferiore o di avviamento professionale,,,totale,tutte le voci,tutte le voci,24283.0
istruzione_cittadinanza,2018,popolazione residente al 31 dicembre,femmine,,9 anni e più,totale,nessun titolo di studio,,,totale,tutte le voci,tutte le voci,3361.0
istruzione_cittadinanza,2018,popolazione residente al 31 dicembre,femmine,,9 anni e più,totale,titolo di studio terziario di secondo livello e dottorato di ricerca,,,totale,tutte le voci,tutte le voci,14143.0
istruzione_cittadinanza,2018,popolazione residente al 31 dicembre,femmine,,9 anni e più,totale,totale,,,totale,tutte le voci,tutte le voci,95702.0
istruzione_cittadinanza,2018,popolazione residente al 31 dicembre,maschi,,9 anni e più,italiano-a,diploma di istruzione secondaria di II grado o di qualifica professionale (corso di 3-4 anni) compresi IFTS,,,totale,tutte le voci,tutte le voci,25834.0
istruzione_cittadinanza,2018,popolazione residente al 31 dicembre,maschi,,9 anni e più,italiano-a,diploma di tecnico superiore ITS o titolo di studio terziario di primo livello,,,totale,tutte le voci,tutte le voci,2768.0
istruzione_cittadinanza,2018,popolazione residente al 31 dicembre,maschi,,9 anni e più,italiano-a,licenza di scuola elementare,,,totale,tutte le voci,tutte le voci,8941.0
istruzione_cittadinanza,2018,popolazione residente al 31 dicembre,maschi,,9 anni e più,italiano-a,licenza di scuola media inferiore o di avviamento professionale,,,totale,tutte le voci,tutte le voci,19991.0
istruzione_cittadinanza,2018,popolazione residente al 31 dicembre,maschi,,9 anni e più,italiano-a,nessun titolo di studio,,,totale,tutte le voci,tutte le voci,1728.0
istruzione_cittadinanza,2018,popolazione residente al 31 dicembre,maschi,,9 anni e più,italiano-a,titolo di studio terziario di secondo livello e dottorato di ricerca,,,totale,tutte le voci,tutte le voci,11659.0
istruzione_cittadinanza,2018,popolazione residente al 31 dicembre,maschi,,9 anni e più,italiano-a,totale,,,totale,tutte le voci,tutte le voci,70921.0
istruzione_cittadinanza,2018,popolazione residente al 31 dicembre,maschi,,9 anni e più,straniero-a/apolide,diploma di istruzione secondaria di II grado o di qualifica professionale (corso di 3-4 anni) compresi IFTS,,,totale,tutte le voci,tutte le voci,4810.0
istruzione_cittadinanza,2018,popolazione residente al 31 dicembre,maschi,,9 anni e più,straniero-a/apolide,diploma di tecnico superiore ITS o titolo di studio terziario di primo livello,,,totale,tutte le voci,tutte le voci,480.0
istruzione_cittadinanza,2018,popolazione residente al 31 dicembre,maschi,,9 anni e più,straniero-a/apolide,licenza di scuola elementare,,,totale,tutte le voci,tutte le voci,1752.0
istruzione_cittadinanza,2018,popolazione residente al 31 dicembre,maschi,,9 anni e più,straniero-a/apolide,licenza di scuola media inferiore o di avviamento professionale,,,totale,tutte le voci,tutte le voci,5589.0
istruzione_cittadinanza,2018,popolazione residente al 31 dicembre,maschi,,9 anni e più,straniero-a/apolide,nessun titolo di studio,,,totale,tutte le voci,tutte le voci,1231.0
istruzione_cittadinanza,2018,popolazione residente al 31 dicembre,maschi,,9 anni e più,straniero-a/apolide,titolo di studio terziario di secondo livello e dottorato di ricerca,,,totale,tutte le voci,tutte le voci,1075.0
istruzione_cittadinanza,2018,popolazione residente al 31 dicembre,maschi,,9 anni e più,straniero-a/apolide,totale,,,totale,tutte le voci,tutte le voci,14937.0
istruzione_cittadinanza,2018,popolazione residente al 31 dicembre,maschi,,9 anni e più,totale,diploma di istruzione secondaria di II grado o di qualifica professionale (corso di 3-4 anni) compresi IFTS,,,totale,tutte le voci,tutte le voci,30644.0
istruzione_cittadinanza,2018,popolazione residente al 31 dicembre,maschi,,9 anni e più,totale,diploma di tecnico superiore ITS o titolo di studio terziario di primo livello,,,totale,tutte le voci,tutte le voci,3248.0
istruzione_cittadinanza,2018,popolazione residente al 31 dicembre,maschi,,9 anni e più,totale,licenza di scuola elementare,,,totale,tutte le voci,tutte le voci,10693.0
istruzione_cittadinanza,2018,popolazione residente al 31 dicembre,maschi,,9 anni e più,totale,licenza di scuola media inferiore o di avviamento professionale,,,totale,tutte le voci,tutte le voci,25580.0
istruzione_cittadinanza,2018,popolazione residente al 31 dicembre,maschi,,9 anni e più,totale,nessun titolo di studio,,,totale,tutte le voci,tutte le voci,2959.0
istruzione_cittadinanza,2018,popolazione residente al 31 dicembre,maschi,,9 anni e più,totale,titolo di studio terziario di secondo livello e dottorato di ricerca,,,totale,tutte le voci,tutte le voci,12734.0
istruzione_cittadinanza,2018,popolazione residente al 31 dicembre,maschi,,9 anni e più,totale,totale,,,totale,tutte le voci,tutte le voci,85858.0
istruzione_cittadinanza,2018,popolazione residente al 31 dicembre,totale,,9 anni e più,italiano-a,diploma di istruzione secondaria di II grado o di qualifica professionale (corso di 3-4 anni) compresi IFTS,,,totale,tutte le voci,tutte le voci,52238.0
istruzione_cittadinanza,2018,popolazione residente al 31 dicembre,totale,,9 anni e più,italiano-a,diploma di tecnico superiore ITS o titolo di studio terziario di primo livello,,,totale,tutte le voci,tutte le voci,6584.0
istruzione_cittadinanza,2018,popolazione residente al 31 dicembre,totale,,9 anni e più,italiano-a,licenza di scuola elementare,,,totale,tutte le voci,tutte le voci,24464.0
istruzione_cittadinanza,2018,popolazione residente al 31 dicembre,totale,,9 anni e più,italiano-a,licenza di scuola media inferiore o di avviamento professionale,,,totale,tutte le voci,tutte le voci,38797.0
istruzione_cittadinanza,2018,popolazione residente al 31 dicembre,totale,,9 anni e più,italiano-a,nessun titolo di studio,,,totale,tutte le voci,tutte le voci,3832.0
istruzione_cittadinanza,2018,popolazione residente al 31 dicembre,totale,,9 anni e più,italiano-a,titolo di studio terziario di secondo livello e dottorato di ricerca,,,totale,tutte le voci,tutte le voci,24315.0
istruzione_cittadinanza,2018,popolazione residente al 31 dicembre,totale,,9 anni e più,italiano-a,totale,,,totale,tutte le voci,tutte le voci,150230.0
istruzione_cittadinanza,2018,popolazione residente al 31 dicembre,totale,,9 anni e più,straniero-a/apolide,diploma di istruzione secondaria di II grado o di qualifica professionale (corso di 3-4 anni) compresi IFTS,,,totale,tutte le voci,tutte le voci,10512.0
istruzione_cittadinanza,2018,popolazione residente al 31 dicembre,totale,,9 anni e più,straniero-a/apolide,diploma di tecnico superiore ITS o titolo di studio terziario di primo livello,,,totale,tutte le voci,tutte le voci,1293.0
istruzione_cittadinanza,2018,popolazione residente al 31 dicembre,totale,,9 anni e più,straniero-a/apolide,licenza di scuola elementare,,,totale,tutte le voci,tutte le voci,3410.0
istruzione_cittadinanza,2018,popolazione residente al 31 dicembre,totale,,9 anni e più,straniero-a/apolide,licenza di scuola media inferiore o di avviamento professionale,,,totale,tutte le voci,tutte le voci,11066.0
istruzione_cittadinanza,2018,popolazione residente al 31 dicembre,totale,,9 anni e più,straniero-a/apolide,nessun titolo di studio,,,totale,tutte le voci,tutte le voci,2487.0
istruzione_cittadinanza,2018,popolazione residente al 31 dicembre,totale,,9 anni e più,straniero-a/apolide,titolo di studio terziario di secondo livello e dottorato di ricerca,,,totale,tutte le voci,tutte le voci,2562.0
istruzione_cittadinanza,2018,popolazione residente al 31 dicembre,totale,,9 anni e più,straniero-a/apolide,totale,,,totale,tutte le voci,tutte le voci,31330.0
istruzione_cittadinanza,2018,popolazione residente al 31 dicembre,totale,,9 anni e più,totale,diploma di istruzione secondaria di II grado o di qualifica professionale (corso di 3-4 anni) compresi IFTS,,,totale,tutte le voci,tutte le voci,62750.0
istruzione_cittadinanza,2018,popolazione residente al 31 dicembre,totale,,9 anni e più,totale,diploma di tecnico superiore ITS o titolo di studio terziario di primo livello,,,totale,tutte le voci,tutte le voci,7877.0
istruzione_cittadinanza,2018,popolazione residente al 31 dicembre,totale,,9 anni e più,totale,licenza di scuola elementare,,,totale,tutte le voci,tutte le voci,27874.0
istruzione_cittadinanza,2018,popolazione residente al 31 dicembre,totale,,9 anni e più,totale,licenza di scuola media inferiore o di avviamento professionale,,,totale,tutte le voci,tutte le voci,49863.0
istruzione_cittadinanza,2018,popolazione residente al 31 dicembre,totale,,9 anni e più,totale,nessun titolo di studio,,,totale,tutte le voci,tutte le voci,6320.0
istruzione_cittadinanza,2018,popolazione residente al 31 dicembre,totale,,9 anni e più,totale,titolo di studio terziario di secondo livello e dottorato di ricerca,,,totale,tutte le voci,tutte le voci,26877.0
istruzione_cittadinanza,2018,popolazione residente al 31 dicembre,totale,,9 anni e più,totale,totale,,,totale,tutte le voci,tutte le voci,181560.0
istruzione_cittadinanza,2019,popolazione residente al 31 dicembre,femmine,,9 anni e più,italiano-a,diploma di istruzione secondaria di II grado o di qualifica professionale (corso di 3-4 anni) compresi IFTS,,,totale,tutte le voci,tutte le voci,26737.0
istruzione_cittadinanza,2019,popolazione residente al 31 dicembre,femmine,,9 anni e più,italiano-a,diploma di tecnico superiore ITS o titolo di studio terziario di primo livello,,,totale,tutte le voci,tutte le voci,3968.0
istruzione_cittadinanza,2019,popolazione residente al 31 dicembre,femmine,,9 anni e più,italiano-a,licenza di scuola elementare,,,totale,tutte le voci,tutte le voci,14830.0
istruzione_cittadinanza,2019,popolazione residente al 31 dicembre,femmine,,9 anni e più,italiano-a,licenza di scuola media inferiore o di avviamento professionale,,,totale,tutte le voci,tutte le voci,18986.0
istruzione_cittadinanza,2019,popolazione residente al 31 dicembre,femmine,,9 anni e più,italiano-a,nessun titolo di studio,,,totale,tutte le voci,tutte le voci,1969.0
istruzione_cittadinanza,2019,popolazione residente al 31 dicembre,femmine,,9 anni e più,italiano-a,titolo di studio terziario di secondo livello e dottorato di ricerca,,,totale,tutte le voci,tutte le voci,12819.0
istruzione_cittadinanza,2019,popolazione residente al 31 dicembre,femmine,,9 anni e più,italiano-a,totale,,,totale,tutte le voci,tutte le voci,79309.0
istruzione_cittadinanza,2019,popolazione residente al 31 dicembre,femmine,,9 anni e più,straniero-a/apolide,diploma di istruzione secondaria di II grado o di qualifica professionale (corso di 3-4 anni) compresi IFTS,,,totale,tutte le voci,tutte le voci,5698.0
istruzione_cittadinanza,2019,popolazione residente al 31 dicembre,femmine,,9 anni e più,straniero-a/apolide,diploma di tecnico superiore ITS o titolo di studio terziario di primo livello,,,totale,tutte le voci,tutte le voci,804.0
istruzione_cittadinanza,2019,popolazione residente al 31 dicembre,femmine,,9 anni e più,straniero-a/apolide,licenza di scuola elementare,,,totale,tutte le voci,tutte le voci,1772.0
istruzione_cittadinanza,2019,popolazione residente al 31 dicembre,femmine,,9 anni e più,straniero-a/apolide,licenza di scuola media inferiore o di avviamento professionale,,,totale,tutte le voci,tutte le voci,5253.0
istruzione_cittadinanza,2019,popolazione residente al 31 dicembre,femmine,,9 anni e più,straniero-a/apolide,nessun titolo di studio,,,totale,tutte le voci,tutte le voci,1401.0
istruzione_cittadinanza,2019,popolazione residente al 31 dicembre,femmine,,9 anni e più,straniero-a/apolide,titolo di studio terziario di secondo livello e dottorato di ricerca,,,totale,tutte le voci,tutte le voci,1524.0
istruzione_cittadinanza,2019,popolazione residente al 31 dicembre,femmine,,9 anni e più,straniero-a/apolide,totale,,,totale,tutte le voci,tutte le voci,16452.0
istruzione_cittadinanza,2019,popolazione residente al 31 dicembre,femmine,,9 anni e più,totale,diploma di istruzione secondaria di II grado o di qualifica professionale (corso di 3-4 anni) compresi IFTS,,,totale,tutte le voci,tutte le voci,32435.0
istruzione_cittadinanza,2019,popolazione residente al 31 dicembre,femmine,,9 anni e più,totale,diploma di tecnico superiore ITS o titolo di studio terziario di primo livello,,,totale,tutte le voci,tutte le voci,4772.0
istruzione_cittadinanza,2019,popolazione residente al 31 dicembre,femmine,,9 anni e più,totale,licenza di scuola elementare,,,totale,tutte le voci,tutte le voci,16602.0
istruzione_cittadinanza,2019,popolazione residente al 31 dicembre,femmine,,9 anni e più,totale,licenza di scuola media inferiore o di avviamento professionale,,,totale,tutte le voci,tutte le voci,24239.0
istruzione_cittadinanza,2019,popolazione residente al 31 dicembre,femmine,,9 anni e più,totale,nessun titolo di studio,,,totale,tutte le voci,tutte le voci,3370.0
istruzione_cittadinanza,2019,popolazione residente al 31 dicembre,femmine,,9 anni e più,totale,titolo di studio terziario di secondo livello e dottorato di ricerca,,,totale,tutte le voci,tutte le voci,14343.0
istruzione_cittadinanza,2019,popolazione residente al 31 dicembre,femmine,,9 anni e più,totale,totale,,,totale,tutte le voci,tutte le voci,95761.0
istruzione_cittadinanza,2019,popolazione residente al 31 dicembre,maschi,,9 anni e più,italiano-a,diploma di istruzione secondaria di II grado o di qualifica professionale (corso di 3-4 anni) compresi IFTS,,,totale,tutte le voci,tutte le voci,26389.0
istruzione_cittadinanza,2019,popolazione residente al 31 dicembre,maschi,,9 anni e più,italiano-a,diploma di tecnico superiore ITS o titolo di studio terziario di primo livello,,,totale,tutte le voci,tutte le voci,2987.0
istruzione_cittadinanza,2019,popolazione residente al 31 dicembre,maschi,,9 anni e più,italiano-a,licenza di scuola elementare,,,totale,tutte le voci,tutte le voci,8537.0
istruzione_cittadinanza,2019,popolazione residente al 31 dicembre,maschi,,9 anni e più,italiano-a,licenza di scuola media inferiore o di avviamento professionale,,,totale,tutte le voci,tutte le voci,20089.0
istruzione_cittadinanza,2019,popolazione residente al 31 dicembre,maschi,,9 anni e più,italiano-a,nessun titolo di studio,,,totale,tutte le voci,tutte le voci,1673.0
istruzione_cittadinanza,2019,popolazione residente al 31 dicembre,maschi,,9 anni e più,italiano-a,titolo di studio terziario di secondo livello e dottorato di ricerca,,,totale,tutte le voci,tutte le voci,11539.0
istruzione_cittadinanza,2019,popolazione residente al 31 dicembre,maschi,,9 anni e più,italiano-a,totale,,,totale,tutte le voci,tutte le voci,71214.0
istruzione_cittadinanza,2019,popolazione residente al 31 dicembre,maschi,,9 anni e più,straniero-a/apolide,diploma di istruzione secondaria di II grado o di qualifica professionale (corso di 3-4 anni) compresi IFTS,,,totale,tutte le voci,tutte le voci,4877.0
istruzione_cittadinanza,2019,popolazione residente al 31 dicembre,maschi,,9 anni e più,straniero-a/apolide,diploma di tecnico superiore ITS o titolo di studio terziario di primo livello,,,totale,tutte le voci,tutte le voci,492.0
istruzione_cittadinanza,2019,popolazione residente al 31 dicembre,maschi,,9 anni e più,straniero-a/apolide,licenza di scuola elementare,,,totale,tutte le voci,tutte le voci,1751.0
istruzione_cittadinanza,2019,popolazione residente al 31 dicembre,maschi,,9 anni e più,straniero-a/apolide,licenza di scuola media inferiore o di avviamento professionale,,,totale,tutte le voci,tutte le voci,5610.0
istruzione_cittadinanza,2019,popolazione residente al 31 dicembre,maschi,,9 anni e più,straniero-a/apolide,nessun titolo di studio,,,totale,tutte le voci,tutte le voci,1262.0
istruzione_cittadinanza,2019,popolazione residente al 31 dicembre,maschi,,9 anni e più,straniero-a/apolide,titolo di studio terziario di secondo livello e dottorato di ricerca,,,totale,tutte le voci,tutte le voci,1103.0
istruzione_cittadinanza,2019,popolazione residente al 31 dicembre,maschi,,9 anni e più,straniero-a/apolide,totale,,,totale,tutte le voci,tutte le voci,15095.0
istruzione_cittadinanza,2019,popolazione residente al 31 dicembre,maschi,,9 anni e più,totale,diploma di istruzione secondaria di II grado o di qualifica professionale (corso di 3-4 anni) compresi IFTS,,,totale,tutte le voci,tutte le voci,31266.0
istruzione_cittadinanza,2019,popolazione residente al 31 dicembre,maschi,,9 anni e più,totale,diploma di tecnico superiore ITS o titolo di studio terziario di primo livello,,,totale,tutte le voci,tutte le voci,3479.0
istruzione_cittadinanza,2019,popolazione residente al 31 dicembre,maschi,,9 anni e più,totale,licenza di scuola elementare,,,totale,tutte le voci,tutte le voci,10288.0
istruzione_cittadinanza,2019,popolazione residente al 31 dicembre,maschi,,9 anni e più,totale,licenza di scuola media inferiore o di avviamento professionale,,,totale,tutte le voci,tutte le voci,25699.0
istruzione_cittadinanza,2019,popolazione residente al 31 dicembre,maschi,,9 anni e più,totale,nessun titolo di studio,,,totale,tutte le voci,tutte le voci,2935.0
istruzione_cittadinanza,2019,popolazione residente al 31 dicembre,maschi,,9 anni e più,totale,titolo di studio terziario di secondo livello e dottorato di ricerca,,,totale,tutte le voci,tutte le voci,12642.0
istruzione_cittadinanza,2019,popolazione residente al 31 dicembre,maschi,,9 anni e più,totale,totale,,,totale,tutte le voci,tutte le voci,86309.0
istruzione_cittadinanza,2019,popolazione residente al 31 dicembre,totale,,9 anni e più,italiano-a,diploma di istruzione secondaria di II grado o di qualifica professionale (corso di 3-4 anni) compresi IFTS,,,totale,tutte le voci,tutte le voci,53126.0
istruzione_cittadinanza,2019,popolazione residente al 31 dicembre,totale,,9 anni e più,italiano-a,diploma di tecnico superiore ITS o titolo di studio terziario di primo livello,,,totale,tutte le voci,tutte le voci,6955.0
istruzione_cittadinanza,2019,popolazione residente al 31 dicembre,totale,,9 anni e più,italiano-a,licenza di scuola elementare,,,totale,tutte le voci,tutte le voci,23367.0
istruzione_cittadinanza,2019,popolazione residente al 31 dicembre,totale,,9 anni e più,italiano-a,licenza di scuola media inferiore o di avviamento professionale,,,totale,tutte le voci,tutte le voci,39075.0
istruzione_cittadinanza,2019,popolazione residente al 31 dicembre,totale,,9 anni e più,italiano-a,nessun titolo di studio,,,totale,tutte le voci,tutte le voci,3642.0
istruzione_cittadinanza,2019,popolazione residente al 31 dicembre,totale,,9 anni e più,italiano-a,titolo di studio terziario di secondo livello e dottorato di ricerca,,,totale,tutte le voci,tutte le voci,24358.0
istruzione_cittadinanza,2019,popolazione residente al 31 dicembre,totale,,9 anni e più,italiano-a,totale,,,totale,tutte le voci,tutte le voci,150523.0
istruzione_cittadinanza,2019,popolazione residente al 31 dicembre,totale,,9 anni e più,straniero-a/apolide,diploma di istruzione secondaria di II grado o di qualifica professionale (corso di 3-4 anni) compresi IFTS,,,totale,tutte le voci,tutte le voci,10575.0
istruzione_cittadinanza,2019,popolazione residente al 31 dicembre,totale,,9 anni e più,straniero-a/apolide,diploma di tecnico superiore ITS o titolo di studio terziario di primo livello,,,totale,tutte le voci,tutte le voci,1296.0
istruzione_cittadinanza,2019,popolazione residente al 31 dicembre,totale,,9 anni e più,straniero-a/apolide,licenza di scuola elementare,,,totale,tutte le voci,tutte le voci,3523.0
istruzione_cittadinanza,2019,popolazione residente al 31 dicembre,totale,,9 anni e più,straniero-a/apolide,licenza di scuola media inferiore o di avviamento professionale,,,totale,tutte le voci,tutte le voci,10863.0
istruzione_cittadinanza,2019,popolazione residente al 31 dicembre,totale,,9 anni e più,straniero-a/apolide,nessun titolo di studio,,,totale,tutte le voci,tutte le voci,2663.0
istruzione_cittadinanza,2019,popolazione residente al 31 dicembre,totale,,9 anni e più,straniero-a/apolide,titolo di studio terziario di secondo livello e dottorato di ricerca,,,totale,tutte le voci,tutte le voci,2627.0
istruzione_cittadinanza,2019,popolazione residente al 31 dicembre,totale,,9 anni e più,straniero-a/apolide,totale,,,totale,tutte le voci,tutte le voci,31547.0
istruzione_cittadinanza,2019,popolazione residente al 31 dicembre,totale,,9 anni e più,totale,diploma di istruzione secondaria di II grado o di qualifica professionale (corso di 3-4 anni) compresi IFTS,,,totale,tutte le voci,tutte le voci,63701.0
istruzione_cittadinanza,2019,popolazione residente al 31 dicembre,totale,,9 anni e più,totale,diploma di tecnico superiore ITS o titolo di studio terziario di primo livello,,,totale,tutte le voci,tutte le voci,8251.0
istruzione_cittadinanza,2019,popolazione residente al 31 dicembre,totale,,9 anni e più,totale,licenza di scuola elementare,,,totale,tutte le voci,tutte le voci,26890.0
istruzione_cittadinanza,2019,popolazione residente al 31 dicembre,totale,,9 anni e più,totale,licenza di scuola media inferiore o di avviamento professionale,,,totale,tutte le voci,tutte le voci,49938.0
istruzione_cittadinanza,2019,popolazione residente al 31 dicembre,totale,,9 anni e più,totale,nessun titolo di studio,,,totale,tutte le voci,tutte le voci,6305.0
istruzione_cittadinanza,2019,popolazione residente al 31 dicembre,totale,,9 anni e più,totale,titolo di studio terziario di secondo livello e dottorato di ricerca,,,totale,tutte le voci,tutte le voci,26985.0
istruzione_cittadinanza,2019,popolazione residente al 31 dicembre,totale,,9 anni e più,totale,totale,,,totale,tutte le voci,tutte le voci,182070.0
istruzione_cittadinanza,2020,popolazione residente al 31 dicembre,femmine,,9 anni e più,italiano-a,diploma di istruzione secondaria di II grado o di qualifica professionale (corso di 3-4 anni) compresi IFTS,,,totale,tutte le voci,tutte le voci,26675.0
istruzione_cittadinanza,2020,popolazione residente al 31 dicembre,femmine,,9 anni e più,italiano-a,diploma di tecnico superiore ITS o titolo di studio terziario di primo livello,,,totale,tutte le voci,tutte le voci,4112.0
istruzione_cittadinanza,2020,popolazione residente al 31 dicembre,femmine,,9 anni e più,italiano-a,licenza di scuola elementare,,,totale,tutte le voci,tutte le voci,14034.0
istruzione_cittadinanza,2020,popolazione residente al 31 dicembre,femmine,,9 anni e più,italiano-a,licenza di scuola media inferiore o di avviamento professionale,,,totale,tutte le voci,tutte le voci,18716.0
istruzione_cittadinanza,2020,popolazione residente al 31 dicembre,femmine,,9 anni e più,italiano-a,nessun titolo di studio,,,totale,tutte le voci,tutte le voci,1950.0
istruzione_cittadinanza,2020,popolazione residente al 31 dicembre,femmine,,9 anni e più,italiano-a,titolo di studio terziario di secondo livello e dottorato di ricerca,,,totale,tutte le voci,tutte le voci,13579.0
istruzione_cittadinanza,2020,popolazione residente al 31 dicembre,femmine,,9 anni e più,italiano-a,totale,,,totale,tutte le voci,tutte le voci,79066.0
istruzione_cittadinanza,2020,popolazione residente al 31 dicembre,femmine,,9 anni e più,straniero-a/apolide,diploma di istruzione secondaria di II grado o di qualifica professionale (corso di 3-4 anni) compresi IFTS,,,totale,tutte le voci,tutte le voci,5939.0
istruzione_cittadinanza,2020,popolazione residente al 31 dicembre,femmine,,9 anni e più,straniero-a/apolide,diploma di tecnico superiore ITS o titolo di studio terziario di primo livello,,,totale,tutte le voci,tutte le voci,753.0
istruzione_cittadinanza,2020,popolazione residente al 31 dicembre,femmine,,9 anni e più,straniero-a/apolide,licenza di scuola elementare,,,totale,tutte le voci,tutte le voci,1843.0
istruzione_cittadinanza,2020,popolazione residente al 31 dicembre,femmine,,9 anni e più,straniero-a/apolide,licenza di scuola media inferiore o di avviamento professionale,,,totale,tutte le voci,tutte le voci,5443.0
istruzione_cittadinanza,2020,popolazione residente al 31 dicembre,femmine,,9 anni e più,straniero-a/apolide,nessun titolo di studio,,,totale,tutte le voci,tutte le voci,1343.0
istruzione_cittadinanza,2020,popolazione residente al 31 dicembre,femmine,,9 anni e più,straniero-a/apolide,titolo di studio terziario di secondo livello e dottorato di ricerca,,,totale,tutte le voci,tutte le voci,1589.0
istruzione_cittadinanza,2020,popolazione residente al 31 dicembre,femmine,,9 anni e più,straniero-a/apolide,totale,,,totale,tutte le voci,tutte le voci,16910.0
istruzione_cittadinanza,2020,popolazione residente al 31 dicembre,femmine,,9 anni e più,totale,diploma di istruzione secondaria di II grado o di qualifica professionale (corso di 3-4 anni) compresi IFTS,,,totale,tutte le voci,tutte le voci,32614.0
istruzione_cittadinanza,2020,popolazione residente al 31 dicembre,femmine,,9 anni e più,totale,diploma di tecnico superiore ITS o titolo di studio terziario di primo livello,,,totale,tutte le voci,tutte le voci,4865.0
istruzione_cittadinanza,2020,popolazione residente al 31 dicembre,femmine,,9 anni e più,totale,licenza di scuola elementare,,,totale,tutte le voci,tutte le voci,15877.0
istruzione_cittadinanza,2020,popolazione residente al 31 dicembre,femmine,,9 anni e più,totale,licenza di scuola media inferiore o di avviamento professionale,,,totale,tutte le voci,tutte le voci,24159.0
istruzione_cittadinanza,2020,popolazione residente al 31 dicembre,femmine,,9 anni e più,totale,nessun titolo di studio,,,totale,tutte le voci,tutte le voci,3293.0
istruzione_cittadinanza,2020,popolazione residente al 31 dicembre,femmine,,9 anni e più,totale,titolo di studio terziario di secondo livello e dottorato di ricerca,,,totale,tutte le voci,tutte le voci,15168.0
istruzione_cittadinanza,2020,popolazione residente al 31 dicembre,femmine,,9 anni e più,totale,totale,,,totale,tutte le voci,tutte le voci,95976.0
istruzione_cittadinanza,2020,popolazione residente al 31 dicembre,maschi,,9 anni e più,italiano-a,diploma di istruzione secondaria di II grado o di qualifica professionale (corso di 3-4 anni) compresi IFTS,,,totale,tutte le voci,tutte le voci,26470.0
istruzione_cittadinanza,2020,popolazione residente al 31 dicembre,maschi,,9 anni e più,italiano-a,diploma di tecnico superiore ITS o titolo di studio terziario di primo livello,,,totale,tutte le voci,tutte le voci,2924.0
istruzione_cittadinanza,2020,popolazione residente al 31 dicembre,maschi,,9 anni e più,italiano-a,licenza di scuola elementare,,,totale,tutte le voci,tutte le voci,8148.0
istruzione_cittadinanza,2020,popolazione residente al 31 dicembre,maschi,,9 anni e più,italiano-a,licenza di scuola media inferiore o di avviamento professionale,,,totale,tutte le voci,tutte le voci,19616.0
istruzione_cittadinanza,2020,popolazione residente al 31 dicembre,maschi,,9 anni e più,italiano-a,nessun titolo di studio,,,totale,tutte le voci,tutte le voci,1659.0
istruzione_cittadinanza,2020,popolazione residente al 31 dicembre,maschi,,9 anni e più,italiano-a,titolo di studio terziario di secondo livello e dottorato di ricerca,,,totale,tutte le voci,tutte le voci,12167.0
istruzione_cittadinanza,2020,popolazione residente al 31 dicembre,maschi,,9 anni e più,italiano-a,totale,,,totale,tutte le voci,tutte le voci,70984.0
istruzione_cittadinanza,2020,popolazione residente al 31 dicembre,maschi,,9 anni e più,straniero-a/apolide,diploma di istruzione secondaria di II grado o di qualifica professionale (corso di 3-4 anni) compresi IFTS,,,totale,tutte le voci,tutte le voci,5369.0
istruzione_cittadinanza,2020,popolazione residente al 31 dicembre,maschi,,9 anni e più,straniero-a/apolide,diploma di tecnico superiore ITS o titolo di studio terziario di primo livello,,,totale,tutte le voci,tutte le voci,517.0
istruzione_cittadinanza,2020,popolazione residente al 31 dicembre,maschi,,9 anni e più,straniero-a/apolide,licenza di scuola elementare,,,totale,tutte le voci,tutte le voci,1808.0
istruzione_cittadinanza,2020,popolazione residente al 31 dicembre,maschi,,9 anni e più,straniero-a/apolide,licenza di scuola media inferiore o di avviamento professionale,,,totale,tutte le voci,tutte le voci,6047.0
istruzione_cittadinanza,2020,popolazione residente al 31 dicembre,maschi,,9 anni e più,straniero-a/apolide,nessun titolo di studio,,,totale,tutte le voci,tutte le voci,1266.0
istruzione_cittadinanza,2020,popolazione residente al 31 dicembre,maschi,,9 anni e più,straniero-a/apolide,titolo di studio terziario di secondo livello e dottorato di ricerca,,,totale,tutte le voci,tutte le voci,1154.0
istruzione_cittadinanza,2020,popolazione residente al 31 dicembre,maschi,,9 anni e più,straniero-a/apolide,totale,,,totale,tutte le voci,tutte le voci,16161.0
istruzione_cittadinanza,2020,popolazione residente al 31 dicembre,maschi,,9 anni e più,totale,diploma di istruzione secondaria di II grado o di qualifica professionale (corso di 3-4 anni) compresi IFTS,,,totale,tutte le voci,tutte le voci,31839.0
istruzione_cittadinanza,2020,popolazione residente al 31 dicembre,maschi,,9 anni e più,totale,diploma di tecnico superiore ITS o titolo di studio terziario di primo livello,,,totale,tutte le voci,tutte le voci,3441.0
istruzione_cittadinanza,2020,popolazione residente al 31 dicembre,maschi,,9 anni e più,totale,licenza di scuola elementare,,,totale,tutte le voci,tutte le voci,9956.0
istruzione_cittadinanza,2020,popolazione residente al 31 dicembre,maschi,,9 anni e più,totale,licenza di scuola media inferiore o di avviamento professionale,,,totale,tutte le voci,tutte le voci,25663.0
istruzione_cittadinanza,2020,popolazione residente al 31 dicembre,maschi,,9 anni e più,totale,nessun titolo di studio,,,totale,tutte le voci,tutte le voci,2925.0
istruzione_cittadinanza,2020,popolazione residente al 31 dicembre,maschi,,9 anni e più,totale,titolo di studio terziario di secondo livello e dottorato di ricerca,,,totale,tutte le voci,tutte le voci,13321.0
istruzione_cittadinanza,2020,popolazione residente al 31 dicembre,maschi,,9 anni e più,totale,totale,,,totale,tutte le voci,tutte le voci,87145.0
istruzione_cittadinanza,2020,popolazione residente al 31 dicembre,totale,,9 anni e più,italiano-a,diploma di istruzione secondaria di II grado o di qualifica professionale (corso di 3-4 anni) compresi IFTS,,,totale,tutte le voci,tutte le voci,53145.0
istruzione_cittadinanza,2020,popolazione residente al 31 dicembre,totale,,9 anni e più,italiano-a,diploma di tecnico superiore ITS o titolo di studio terziario di primo livello,,,totale,tutte le voci,tutte le voci,7036.0
istruzione_cittadinanza,2020,popolazione residente al 31 dicembre,totale,,9 anni e più,italiano-a,licenza di scuola elementare,,,totale,tutte le voci,tutte le voci,22182.0
istruzione_cittadinanza,2020,popolazione residente al 31 dicembre,totale,,9 anni e più,italiano-a,licenza di scuola media inferiore o di avviamento professionale,,,totale,tutte le voci,tutte le voci,38332.0
istruzione_cittadinanza,2020,popolazione residente al 31 dicembre,totale,,9 anni e più,italiano-a,nessun titolo di studio,,,totale,tutte le voci,tutte le voci,3609.0
istruzione_cittadinanza,2020,popolazione residente al 31 dicembre,totale,,9 anni e più,italiano-a,titolo di studio terziario di secondo livello e dottorato di ricerca,,,totale,tutte le voci,tutte le voci,25746.0
istruzione_cittadinanza,2020,popolazione residente al 31 dicembre,totale,,9 anni e più,italiano-a,totale,,,totale,tutte le voci,tutte le voci,150050.0
istruzione_cittadinanza,2020,popolazione residente al 31 dicembre,totale,,9 anni e più,straniero-a/apolide,diploma di istruzione secondaria di II grado o di qualifica professionale (corso di 3-4 anni) compresi IFTS,,,totale,tutte le voci,tutte le voci,11308.0
istruzione_cittadinanza,2020,popolazione residente al 31 dicembre,totale,,9 anni e più,straniero-a/apolide,diploma di tecnico superiore ITS o titolo di studio terziario di primo livello,,,totale,tutte le voci,tutte le voci,1270.0
istruzione_cittadinanza,2020,popolazione residente al 31 dicembre,totale,,9 anni e più,straniero-a/apolide,licenza di scuola elementare,,,totale,tutte le voci,tutte le voci,3651.0
istruzione_cittadinanza,2020,popolazione residente al 31 dicembre,totale,,9 anni e più,straniero-a/apolide,licenza di scuola media inferiore o di avviamento professionale,,,totale,tutte le voci,tutte le voci,11490.0
istruzione_cittadinanza,2020,popolazione residente al 31 dicembre,totale,,9 anni e più,straniero-a/apolide,nessun titolo di studio,,,totale,tutte le voci,tutte le voci,2609.0
istruzione_cittadinanza,2020,popolazione residente al 31 dicembre,totale,,9 anni e più,straniero-a/apolide,titolo di studio terziario di secondo livello e dottorato di ricerca,,,totale,tutte le voci,tutte le voci,2743.0
istruzione_cittadinanza,2020,popolazione residente al 31 dicembre,totale,,9 anni e più,straniero-a/apolide,totale,,,totale,tutte le voci,tutte le voci,33071.0
istruzione_cittadinanza,2020,popolazione residente al 31 dicembre,totale,,9 anni e più,totale,diploma di istruzione secondaria di II grado o di qualifica professionale (corso di 3-4 anni) compresi IFTS,,,totale,tutte le voci,tutte le voci,64453.0
istruzione_cittadinanza,2020,popolazione residente al 31 dicembre,totale,,9 anni e più,totale,diploma di tecnico superiore ITS o titolo di studio terziario di primo livello,,,totale,tutte le voci,tutte le voci,8306.0
istruzione_cittadinanza,2020,popolazione residente al 31 dicembre,totale,,9 anni e più,totale,licenza di scuola elementare,,,totale,tutte le voci,tutte le voci,25833.0
istruzione_cittadinanza,2020,popolazione residente al 31 dicembre,totale,,9 anni e più,totale,licenza di scuola media inferiore o di avviamento professionale,,,totale,tutte le voci,tutte le voci,49822.0
istruzione_cittadinanza,2020,popolazione residente al 31 dicembre,totale,,9 anni e più,totale,nessun titolo di studio,,,totale,tutte le voci,tutte le voci,6218.0
istruzione_cittadinanza,2020,popolazione residente al 31 dicembre,totale,,9 anni e più,totale,titolo di studio terziario di secondo livello e dottorato di ricerca,,,totale,tutte le voci,tutte le voci,28489.0
istruzione_cittadinanza,2020,popolazione residente al 31 dicembre,totale,,9 anni e più,totale,totale,,,totale,tutte le voci,tutte le voci,183121.0
istruzione_cittadinanza,2021,popolazione residente al 31 dicembre,femmine,,9 anni e più,italiano-a,diploma di istruzione secondaria di II grado o di qualifica professionale (corso di 3-4 anni) compresi IFTS,,,totale,tutte le voci,tutte le voci,26850.0
istruzione_cittadinanza,2021,popolazione residente al 31 dicembre,femmine,,9 anni e più,italiano-a,diploma di tecnico superiore ITS o titolo di studio terziario di primo livello,,,totale,tutte le voci,tutte le voci,4425.0
istruzione_cittadinanza,2021,popolazione residente al 31 dicembre,femmine,,9 anni e più,italiano-a,licenza di scuola elementare,,,totale,tutte le voci,tutte le voci,13119.0
istruzione_cittadinanza,2021,popolazione residente al 31 dicembre,femmine,,9 anni e più,italiano-a,licenza di scuola media inferiore o di avviamento professionale,,,totale,tutte le voci,tutte le voci,18464.0
istruzione_cittadinanza,2021,popolazione residente al 31 dicembre,femmine,,9 anni e più,italiano-a,nessun titolo di studio,,,totale,tutte le voci,tutte le voci,1906.0
istruzione_cittadinanza,2021,popolazione residente al 31 dicembre,femmine,,9 anni e più,italiano-a,titolo di studio terziario di secondo livello e dottorato di ricerca,,,totale,tutte le voci,tutte le voci,13974.0
istruzione_cittadinanza,2021,popolazione residente al 31 dicembre,femmine,,9 anni e più,italiano-a,totale,,,totale,tutte le voci,tutte le voci,78738.0
istruzione_cittadinanza,2021,popolazione residente al 31 dicembre,femmine,,9 anni e più,straniero-a/apolide,diploma di istruzione secondaria di II grado o di qualifica professionale (corso di 3-4 anni) compresi IFTS,,,totale,tutte le voci,tutte le voci,5557.0
istruzione_cittadinanza,2021,popolazione residente al 31 dicembre,femmine,,9 anni e più,straniero-a/apolide,diploma di tecnico superiore ITS o titolo di studio terziario di primo livello,,,totale,tutte le voci,tutte le voci,722.0
istruzione_cittadinanza,2021,popolazione residente al 31 dicembre,femmine,,9 anni e più,straniero-a/apolide,licenza di scuola elementare,,,totale,tutte le voci,tutte le voci,1679.0
istruzione_cittadinanza,2021,popolazione residente al 31 dicembre,femmine,,9 anni e più,straniero-a/apolide,licenza di scuola media inferiore o di avviamento professionale,,,totale,tutte le voci,tutte le voci,5319.0
istruzione_cittadinanza,2021,popolazione residente al 31 dicembre,femmine,,9 anni e più,straniero-a/apolide,nessun titolo di studio,,,totale,tutte le voci,tutte le voci,1476.0
istruzione_cittadinanza,2021,popolazione residente al 31 dicembre,femmine,,9 anni e più,straniero-a/apolide,titolo di studio terziario di secondo livello e dottorato di ricerca,,,totale,tutte le voci,tutte le voci,1638.0
istruzione_cittadinanza,2021,popolazione residente al 31 dicembre,femmine,,9 anni e più,straniero-a/apolide,totale,,,totale,tutte le voci,tutte le voci,16391.0
istruzione_cittadinanza,2021,popolazione residente al 31 dicembre,femmine,,9 anni e più,totale,diploma di istruzione secondaria di II grado o di qualifica professionale (corso di 3-4 anni) compresi IFTS,,,totale,tutte le voci,tutte le voci,32407.0
istruzione_cittadinanza,2021,popolazione residente al 31 dicembre,femmine,,9 anni e più,totale,diploma di tecnico superiore ITS o titolo di studio terziario di primo livello,,,totale,tutte le voci,tutte le voci,5147.0
istruzione_cittadinanza,2021,popolazione residente al 31 dicembre,femmine,,9 anni e più,totale,licenza di scuola elementare,,,totale,tutte le voci,tutte le voci,14798.0
istruzione_cittadinanza,2021,popolazione residente al 31 dicembre,femmine,,9 anni e più,totale,licenza di scuola media inferiore o di avviamento professionale,,,totale,tutte le voci,tutte le voci,23783.0
istruzione_cittadinanza,2021,popolazione residente al 31 dicembre,femmine,,9 anni e più,totale,nessun titolo di studio,,,totale,tutte le voci,tutte le voci,3382.0
istruzione_cittadinanza,2021,popolazione residente al 31 dicembre,femmine,,9 anni e più,totale,titolo di studio terziario di secondo livello e dottorato di ricerca,,,totale,tutte le voci,tutte le voci,15612.0
istruzione_cittadinanza,2021,popolazione residente al 31 dicembre,femmine,,9 anni e più,totale,totale,,,totale,tutte le voci,tutte le voci,95129.0
istruzione_cittadinanza,2021,popolazione residente al 31 dicembre,maschi,,9 anni e più,italiano-a,diploma di istruzione secondaria di II grado o di qualifica professionale (corso di 3-4 anni) compresi IFTS,,,totale,tutte le voci,tutte le voci,26858.0
istruzione_cittadinanza,2021,popolazione residente al 31 dicembre,maschi,,9 anni e più,italiano-a,diploma di tecnico superiore ITS o titolo di studio terziario di primo livello,,,totale,tutte le voci,tutte le voci,3192.0
istruzione_cittadinanza,2021,popolazione residente al 31 dicembre,maschi,,9 anni e più,italiano-a,licenza di scuola elementare,,,totale,tutte le voci,tutte le voci,7678.0
istruzione_cittadinanza,2021,popolazione residente al 31 dicembre,maschi,,9 anni e più,italiano-a,licenza di scuola media inferiore o di avviamento professionale,,,totale,tutte le voci,tutte le voci,19055.0
istruzione_cittadinanza,2021,popolazione residente al 31 dicembre,maschi,,9 anni e più,italiano-a,nessun titolo di studio,,,totale,tutte le voci,tutte le voci,1582.0
istruzione_cittadinanza,2021,popolazione residente al 31 dicembre,maschi,,9 anni e più,italiano-a,titolo di studio terziario di secondo livello e dottorato di ricerca,,,totale,tutte le voci,tutte le voci,12504.0
istruzione_cittadinanza,2021,popolazione residente al 31 dicembre,maschi,,9 anni e più,italiano-a,totale,,,totale,tutte le voci,tutte le voci,70869.0
istruzione_cittadinanza,2021,popolazione residente al 31 dicembre,maschi,,9 anni e più,straniero-a/apolide,diploma di istruzione secondaria di II grado o di qualifica professionale (corso di 3-4 anni) compresi IFTS,,,totale,tutte le voci,tutte le voci,5209.0
istruzione_cittadinanza,2021,popolazione residente al 31 dicembre,maschi,,9 anni e più,straniero-a/apolide,diploma di tecnico superiore ITS o titolo di studio terziario di primo livello,,,totale,tutte le voci,tutte le voci,609.0
istruzione_cittadinanza,2021,popolazione residente al 31 dicembre,maschi,,9 anni e più,straniero-a/apolide,licenza di scuola elementare,,,totale,tutte le voci,tutte le voci,1731.0
istruzione_cittadinanza,2021,popolazione residente al 31 dicembre,maschi,,9 anni e più,straniero-a/apolide,licenza di scuola media inferiore o di avviamento professionale,,,totale,tutte le voci,tutte le voci,5789.0
istruzione_cittadinanza,2021,popolazione residente al 31 dicembre,maschi,,9 anni e più,straniero-a/apolide,nessun titolo di studio,,,totale,tutte le voci,tutte le voci,1477.0
istruzione_cittadinanza,2021,popolazione residente al 31 dicembre,maschi,,9 anni e più,straniero-a/apolide,titolo di studio terziario di secondo livello e dottorato di ricerca,,,totale,tutte le voci,tutte le voci,1262.0
istruzione_cittadinanza,2021,popolazione residente al 31 dicembre,maschi,,9 anni e più,straniero-a/apolide,totale,,,totale,tutte le voci,tutte le voci,16077.0
istruzione_cittadinanza,2021,popolazione residente al 31 dicembre,maschi,,9 anni e più,totale,diploma di istruzione secondaria di II grado o di qualifica professionale (corso di 3-4 anni) compresi IFTS,,,totale,tutte le voci,tutte le voci,32067.0
istruzione_cittadinanza,2021,popolazione residente al 31 dicembre,maschi,,9 anni e più,totale,diploma di tecnico superiore ITS o titolo di studio terziario di primo livello,,,totale,tutte le voci,tutte le voci,3801.0
istruzione_cittadinanza,2021,popolazione residente al 31 dicembre,maschi,,9 anni e più,totale,licenza di scuola elementare,,,totale,tutte le voci,tutte le voci,9409.0
istruzione_cittadinanza,2021,popolazione residente al 31 dicembre,maschi,,9 anni e più,totale,licenza di scuola media inferiore o di avviamento professionale,,,totale,tutte le voci,tutte le voci,24844.0
istruzione_cittadinanza,2021,popolazione residente al 31 dicembre,maschi,,9 anni e più,totale,nessun titolo di studio,,,totale,tutte le voci,tutte le voci,3059.0
istruzione_cittadinanza,2021,popolazione residente al 31 dicembre,maschi,,9 anni e più,totale,titolo di studio terziario di secondo livello e dottorato di ricerca,,,totale,tutte le voci,tutte le voci,13766.0
istruzione_cittadinanza,2021,popolazione residente al 31 dicembre,maschi,,9 anni e più,totale,totale,,,totale,tutte le voci,tutte le voci,86946.0
istruzione_cittadinanza,2021,popolazione residente al 31 dicembre,totale,,9 anni e più,italiano-a,diploma di istruzione secondaria di II grado o di qualifica professionale (corso di 3-4 anni) compresi IFTS,,,totale,tutte le voci,tutte le voci,53708.0
istruzione_cittadinanza,2021,popolazione residente al 31 dicembre,totale,,9 anni e più,italiano-a,diploma di tecnico superiore ITS o titolo di studio terziario di primo livello,,,totale,tutte le voci,tutte le voci,7617.0
istruzione_cittadinanza,2021,popolazione residente al 31 dicembre,totale,,9 anni e più,italiano-a,licenza di scuola elementare,,,totale,tutte le voci,tutte le voci,20797.0
istruzione_cittadinanza,2021,popolazione residente al 31 dicembre,totale,,9 anni e più,italiano-a,licenza di scuola media inferiore o di avviamento professionale,,,totale,tutte le voci,tutte le voci,37519.0
istruzione_cittadinanza,2021,popolazione residente al 31 dicembre,totale,,9 anni e più,italiano-a,nessun titolo di studio,,,totale,tutte le voci,tutte le voci,3488.0
istruzione_cittadinanza,2021,popolazione residente al 31 dicembre,totale,,9 anni e più,italiano-a,titolo di studio terziario di secondo livello e dottorato di ricerca,,,totale,tutte le voci,tutte le voci,26478.0
istruzione_cittadinanza,2021,popolazione residente al 31 dicembre,totale,,9 anni e più,italiano-a,totale,,,totale,tutte le voci,tutte le voci,149607.0
istruzione_cittadinanza,2021,popolazione residente al 31 dicembre,totale,,9 anni e più,straniero-a/apolide,diploma di istruzione secondaria di II grado o di qualifica professionale (corso di 3-4 anni) compresi IFTS,,,totale,tutte le voci,tutte le voci,10766.0
istruzione_cittadinanza,2021,popolazione residente al 31 dicembre,totale,,9 anni e più,straniero-a/apolide,diploma di tecnico superiore ITS o titolo di studio terziario di primo livello,,,totale,tutte le voci,tutte le voci,1331.0
istruzione_cittadinanza,2021,popolazione residente al 31 dicembre,totale,,9 anni e più,straniero-a/apolide,licenza di scuola elementare,,,totale,tutte le voci,tutte le voci,3410.0
istruzione_cittadinanza,2021,popolazione residente al 31 dicembre,totale,,9 anni e più,straniero-a/apolide,licenza di scuola media inferiore o di avviamento professionale,,,totale,tutte le voci,tutte le voci,11108.0
istruzione_cittadinanza,2021,popolazione residente al 31 dicembre,totale,,9 anni e più,straniero-a/apolide,nessun titolo di studio,,,totale,tutte le voci,tutte le voci,2953.0
istruzione_cittadinanza,2021,popolazione residente al 31 dicembre,totale,,9 anni e più,straniero-a/apolide,titolo di studio terziario di secondo livello e dottorato di ricerca,,,totale,tutte le voci,tutte le voci,2900.0
istruzione_cittadinanza,2021,popolazione residente al 31 dicembre,totale,,9 anni e più,straniero-a/apolide,totale,,,totale,tutte le voci,tutte le voci,32468.0
istruzione_cittadinanza,2021,popolazione residente al 31 dicembre,totale,,9 anni e più,totale,diploma di istruzione secondaria di II grado o di qualifica professionale (corso di 3-4 anni) compresi IFTS,,,totale,tutte le voci,tutte le voci,64474.0
istruzione_cittadinanza,2021,popolazione residente al 31 dicembre,totale,,9 anni e più,totale,diploma di tecnico superiore ITS o titolo di studio terziario di primo livello,,,totale,tutte le voci,tutte le voci,8948.0
istruzione_cittadinanza,2021,popolazione residente al 31 dicembre,totale,,9 anni e più,totale,licenza di scuola elementare,,,totale,tutte le voci,tutte le voci,24207.0
istruzione_cittadinanza,2021,popolazione residente al 31 dicembre,totale,,9 anni e più,totale,licenza di scuola media inferiore o di avviamento professionale,,,totale,tutte le voci,tutte le voci,48627.0
istruzione_cittadinanza,2021,popolazione residente al 31 dicembre,totale,,9 anni e più,totale,nessun titolo di studio,,,totale,tutte le voci,tutte le voci,6441.0
istruzione_cittadinanza,2021,popolazione residente al 31 dicembre,totale,,9 anni e più,totale,titolo di studio terziario di secondo livello e dottorato di ricerca,,,totale,tutte le voci,tutte le voci,29378.0
istruzione_cittadinanza,2021,popolazione residente al 31 dicembre,totale,,9 anni e più,totale,totale,,,totale,tutte le voci,tutte le voci,182075.0
istruzione_cittadinanza,2022,popolazione residente al 31 dicembre,femmine,,9 anni e più,italiano-a,diploma di istruzione secondaria di II grado o di qualifica professionale (corso di 3-4 anni) compresi IFTS,,,totale,tutte le voci,tutte le voci,27527.0
istruzione_cittadinanza,2022,popolazione residente al 31 dicembre,femmine,,9 anni e più,italiano-a,diploma di tecnico superiore ITS o titolo di studio terziario di primo livello,,,totale,tutte le voci,tutte le voci,4706.0
istruzione_cittadinanza,2022,popolazione residente al 31 dicembre,femmine,,9 anni e più,italiano-a,licenza di scuola elementare,,,totale,tutte le voci,tutte le voci,12394.0
istruzione_cittadinanza,2022,popolazione residente al 31 dicembre,femmine,,9 anni e più,italiano-a,licenza di scuola media inferiore o di avviamento professionale,,,totale,tutte le voci,tutte le voci,18225.0
istruzione_cittadinanza,2022,popolazione residente al 31 dicembre,femmine,,9 anni e più,italiano-a,nessun titolo di studio,,,totale,tutte le voci,tutte le voci,1899.0
istruzione_cittadinanza,2022,popolazione residente al 31 dicembre,femmine,,9 anni e più,italiano-a,titolo di studio terziario di secondo livello e dottorato di ricerca,,,totale,tutte le voci,tutte le voci,14561.0
istruzione_cittadinanza,2022,popolazione residente al 31 dicembre,femmine,,9 anni e più,italiano-a,totale,,,totale,tutte le voci,tutte le voci,79312.0
istruzione_cittadinanza,2022,popolazione residente al 31 dicembre,femmine,,9 anni e più,straniero-a/apolide,diploma di istruzione secondaria di II grado o di qualifica professionale (corso di 3-4 anni) compresi IFTS,,,totale,tutte le voci,tutte le voci,5600.0
istruzione_cittadinanza,2022,popolazione residente al 31 dicembre,femmine,,9 anni e più,straniero-a/apolide,diploma di tecnico superiore ITS o titolo di studio terziario di primo livello,,,totale,tutte le voci,tutte le voci,843.0
istruzione_cittadinanza,2022,popolazione residente al 31 dicembre,femmine,,9 anni e più,straniero-a/apolide,licenza di scuola elementare,,,totale,tutte le voci,tutte le voci,1675.0
istruzione_cittadinanza,2022,popolazione residente al 31 dicembre,femmine,,9 anni e più,straniero-a/apolide,licenza di scuola media inferiore o di avviamento professionale,,,totale,tutte le voci,tutte le voci,5070.0
istruzione_cittadinanza,2022,popolazione residente al 31 dicembre,femmine,,9 anni e più,straniero-a/apolide,nessun titolo di studio,,,totale,tutte le voci,tutte le voci,1432.0
istruzione_cittadinanza,2022,popolazione residente al 31 dicembre,femmine,,9 anni e più,straniero-a/apolide,titolo di studio terziario di secondo livello e dottorato di ricerca,,,totale,tutte le voci,tutte le voci,1846.0
istruzione_cittadinanza,2022,popolazione residente al 31 dicembre,femmine,,9 anni e più,straniero-a/apolide,totale,,,totale,tutte le voci,tutte le voci,16466.0
istruzione_cittadinanza,2022,popolazione residente al 31 dicembre,femmine,,9 anni e più,totale,diploma di istruzione secondaria di II grado o di qualifica professionale (corso di 3-4 anni) compresi IFTS,,,totale,tutte le voci,tutte le voci,33127.0
istruzione_cittadinanza,2022,popolazione residente al 31 dicembre,femmine,,9 anni e più,totale,diploma di tecnico superiore ITS o titolo di studio terziario di primo livello,,,totale,tutte le voci,tutte le voci,5549.0
istruzione_cittadinanza,2022,popolazione residente al 31 dicembre,femmine,,9 anni e più,totale,licenza di scuola elementare,,,totale,tutte le voci,tutte le voci,14069.0
istruzione_cittadinanza,2022,popolazione residente al 31 dicembre,femmine,,9 anni e più,totale,licenza di scuola media inferiore o di avviamento professionale,,,totale,tutte le voci,tutte le voci,23295.0
istruzione_cittadinanza,2022,popolazione residente al 31 dicembre,femmine,,9 anni e più,totale,nessun titolo di studio,,,totale,tutte le voci,tutte le voci,3331.0
istruzione_cittadinanza,2022,popolazione residente al 31 dicembre,femmine,,9 anni e più,totale,titolo di studio terziario di secondo livello e dottorato di ricerca,,,totale,tutte le voci,tutte le voci,16407.0
istruzione_cittadinanza,2022,popolazione residente al 31 dicembre,femmine,,9 anni e più,totale,totale,,,totale,tutte le voci,tutte le voci,95778.0
istruzione_cittadinanza,2022,popolazione residente al 31 dicembre,maschi,,9 anni e più,italiano-a,diploma di istruzione secondaria di II grado o di qualifica professionale (corso di 3-4 anni) compresi IFTS,,,totale,tutte le voci,tutte le voci,27413.0
istruzione_cittadinanza,2022,popolazione residente al 31 dicembre,maschi,,9 anni e più,italiano-a,diploma di tecnico superiore ITS o titolo di studio terziario di primo livello,,,totale,tutte le voci,tutte le voci,3390.0
istruzione_cittadinanza,2022,popolazione residente al 31 dicembre,maschi,,9 anni e più,italiano-a,licenza di scuola elementare,,,totale,tutte le voci,tutte le voci,7309.0
istruzione_cittadinanza,2022,popolazione residente al 31 dicembre,maschi,,9 anni e più,italiano-a,licenza di scuola media inferiore o di avviamento professionale,,,totale,tutte le voci,tutte le voci,19282.0
istruzione_cittadinanza,2022,popolazione residente al 31 dicembre,maschi,,9 anni e più,italiano-a,nessun titolo di studio,,,totale,tutte le voci,tutte le voci,1625.0
istruzione_cittadinanza,2022,popolazione residente al 31 dicembre,maschi,,9 anni e più,italiano-a,titolo di studio terziario di secondo livello e dottorato di ricerca,,,totale,tutte le voci,tutte le voci,12735.0
istruzione_cittadinanza,2022,popolazione residente al 31 dicembre,maschi,,9 anni e più,italiano-a,totale,,,totale,tutte le voci,tutte le voci,71754.0
istruzione_cittadinanza,2022,popolazione residente al 31 dicembre,maschi,,9 anni e più,straniero-a/apolide,diploma di istruzione secondaria di II grado o di qualifica professionale (corso di 3-4 anni) compresi IFTS,,,totale,tutte le voci,tutte le voci,5304.0
istruzione_cittadinanza,2022,popolazione residente al 31 dicembre,maschi,,9 anni e più,straniero-a/apolide,diploma di tecnico superiore ITS o titolo di studio terziario di primo livello,,,totale,tutte le voci,tutte le voci,513.0
istruzione_cittadinanza,2022,popolazione residente al 31 dicembre,maschi,,9 anni e più,straniero-a/apolide,licenza di scuola elementare,,,totale,tutte le voci,tutte le voci,1670.0
istruzione_cittadinanza,2022,popolazione residente al 31 dicembre,maschi,,9 anni e più,straniero-a/apolide,licenza di scuola media inferiore o di avviamento professionale,,,totale,tutte le voci,tutte le voci,5681.0
istruzione_cittadinanza,2022,popolazione residente al 31 dicembre,maschi,,9 anni e più,straniero-a/apolide,nessun titolo di studio,,,totale,tutte le voci,tutte le voci,1391.0
istruzione_cittadinanza,2022,popolazione residente al 31 dicembre,maschi,,9 anni e più,straniero-a/apolide,titolo di studio terziario di secondo livello e dottorato di ricerca,,,totale,tutte le voci,tutte le voci,1444.0
istruzione_cittadinanza,2022,popolazione residente al 31 dicembre,maschi,,9 anni e più,straniero-a/apolide,totale,,,totale,tutte le voci,tutte le voci,16003.0
istruzione_cittadinanza,2022,popolazione residente al 31 dicembre,maschi,,9 anni e più,totale,diploma di istruzione secondaria di II grado o di qualifica professionale (corso di 3-4 anni) compresi IFTS,,,totale,tutte le voci,tutte le voci,32717.0
istruzione_cittadinanza,2022,popolazione residente al 31 dicembre,maschi,,9 anni e più,totale,diploma di tecnico superiore ITS o titolo di studio terziario di primo livello,,,totale,tutte le voci,tutte le voci,3903.0
istruzione_cittadinanza,2022,popolazione residente al 31 dicembre,maschi,,9 anni e più,totale,licenza di scuola elementare,,,totale,tutte le voci,tutte le voci,8979.0
istruzione_cittadinanza,2022,popolazione residente al 31 dicembre,maschi,,9 anni e più,totale,licenza di scuola media inferiore o di avviamento professionale,,,totale,tutte le voci,tutte le voci,24963.0
istruzione_cittadinanza,2022,popolazione residente al 31 dicembre,maschi,,9 anni e più,totale,nessun titolo di studio,,,totale,tutte le voci,tutte le voci,3016.0
istruzione_cittadinanza,2022,popolazione residente al 31 dicembre,maschi,,9 anni e più,totale,titolo di studio terziario di secondo livello e dottorato di ricerca,,,totale,tutte le voci,tutte le voci,14179.0
istruzione_cittadinanza,2022,popolazione residente al 31 dicembre,maschi,,9 anni e più,totale,totale,,,totale,tutte le voci,tutte le voci,87757.0
istruzione_cittadinanza,2022,popolazione residente al 31 dicembre,totale,,9 anni e più,italiano-a,diploma di istruzione secondaria di II grado o di qualifica professionale (corso di 3-4 anni) compresi IFTS,,,totale,tutte le voci,tutte le voci,54940.0
istruzione_cittadinanza,2022,popolazione residente al 31 dicembre,totale,,9 anni e più,italiano-a,diploma di tecnico superiore ITS o titolo di studio terziario di primo livello,,,totale,tutte le voci,tutte le voci,8096.0
istruzione_cittadinanza,2022,popolazione residente al 31 dicembre,totale,,9 anni e più,italiano-a,licenza di scuola elementare,,,totale,tutte le voci,tutte le voci,19703.0
istruzione_cittadinanza,2022,popolazione residente al 31 dicembre,totale,,9 anni e più,italiano-a,licenza di scuola media inferiore o di avviamento professionale,,,totale,tutte le voci,tutte le voci,37507.0
istruzione_cittadinanza,2022,popolazione residente al 31 dicembre,totale,,9 anni e più,italiano-a,nessun titolo di studio,,,totale,tutte le voci,tutte le voci,3524.0
istruzione_cittadinanza,2022,popolazione residente al 31 dicembre,totale,,9 anni e più,italiano-a,titolo di studio terziario di secondo livello e dottorato di ricerca,,,totale,tutte le voci,tutte le voci,27296.0
istruzione_cittadinanza,2022,popolazione residente al 31 dicembre,totale,,9 anni e più,italiano-a,totale,,,totale,tutte le voci,tutte le voci,151066.0
istruzione_cittadinanza,2022,popolazione residente al 31 dicembre,totale,,9 anni e più,straniero-a/apolide,diploma di istruzione secondaria di II grado o di qualifica professionale (corso di 3-4 anni) compresi IFTS,,,totale,tutte le voci,tutte le voci,10904.0
istruzione_cittadinanza,2022,popolazione residente al 31 dicembre,totale,,9 anni e più,straniero-a/apolide,diploma di tecnico superiore ITS o titolo di studio terziario di primo livello,,,totale,tutte le voci,tutte le voci,1356.0
istruzione_cittadinanza,2022,popolazione residente al 31 dicembre,totale,,9 anni e più,straniero-a/apolide,licenza di scuola elementare,,,totale,tutte le voci,tutte le voci,3345.0
istruzione_cittadinanza,2022,popolazione residente al 31 dicembre,totale,,9 anni e più,straniero-a/apolide,licenza di scuola media inferiore o di avviamento professionale,,,totale,tutte le voci,tutte le voci,10751.0
istruzione_cittadinanza,2022,popolazione residente al 31 dicembre,totale,,9 anni e più,straniero-a/apolide,nessun titolo di studio,,,totale,tutte le voci,tutte le voci,2823.0
istruzione_cittadinanza,2022,popolazione residente al 31 dicembre,totale,,9 anni e più,straniero-a/apolide,titolo di studio terziario di secondo livello e dottorato di ricerca,,,totale,tutte le voci,tutte le voci,3290.0
istruzione_cittadinanza,2022,popolazione residente al 31 dicembre,totale,,9 anni e più,straniero-a/apolide,totale,,,totale,tutte le voci,tutte le voci,32469.0
istruzione_cittadinanza,2022,popolazione residente al 31 dicembre,totale,,9 anni e più,totale,diploma di istruzione secondaria di II grado o di qualifica professionale (corso di 3-4 anni) compresi IFTS,,,totale,tutte le voci,tutte le voci,65844.0
istruzione_cittadinanza,2022,popolazione residente al 31 dicembre,totale,,9 anni e più,totale,diploma di tecnico superiore ITS o titolo di studio terziario di primo livello,,,totale,tutte le voci,tutte le voci,9452.0
istruzione_cittadinanza,2022,popolazione residente al 31 dicembre,totale,,9 anni e più,totale,licenza di scuola elementare,,,totale,tutte le voci,tutte le voci,23048.0
istruzione_cittadinanza,2022,popolazione residente al 31 dicembre,totale,,9 anni e più,totale,licenza di scuola media inferiore o di avviamento professionale,,,totale,tutte le voci,tutte le voci,48258.0
istruzione_cittadinanza,2022,popolazione residente al 31 dicembre,totale,,9 anni e più,totale,nessun titolo di studio,,,totale,tutte le voci,tutte le voci,6347.0
istruzione_cittadinanza,2022,popolazione residente al 31 dicembre,totale,,9 anni e più,totale,titolo di studio terziario di secondo livello e dottorato di ricerca,,,totale,tutte le voci,tutte le voci,30586.0
istruzione_cittadinanza,2022,popolazione residente al 31 dicembre,totale,,9 anni e più,totale,totale,,,totale,tutte le voci,tutte le voci,183535.0
istruzione_cittadinanza,2023,popolazione residente al 31 dicembre,femmine,,9 anni e più,italiano-a,diploma di istruzione secondaria di II grado o di qualifica professionale (corso di 3-4 anni) compresi IFTS,,,totale,tutte le voci,tutte le voci,27728.0
istruzione_cittadinanza,2023,popolazione residente al 31 dicembre,femmine,,9 anni e più,italiano-a,diploma di tecnico superiore ITS o titolo di studio terziario di primo livello,,,totale,tutte le voci,tutte le voci,5073.0
istruzione_cittadinanza,2023,popolazione residente al 31 dicembre,femmine,,9 anni e più,italiano-a,licenza di scuola elementare,,,totale,tutte le voci,tutte le voci,11601.0
istruzione_cittadinanza,2023,popolazione residente al 31 dicembre,femmine,,9 anni e più,italiano-a,licenza di scuola media inferiore o di avviamento professionale,,,totale,tutte le voci,tutte le voci,17658.0
istruzione_cittadinanza,2023,popolazione residente al 31 dicembre,femmine,,9 anni e più,italiano-a,nessun titolo di studio,,,totale,tutte le voci,tutte le voci,1944.0
istruzione_cittadinanza,2023,popolazione residente al 31 dicembre,femmine,,9 anni e più,italiano-a,titolo di studio terziario di secondo livello e dottorato di ricerca,,,totale,tutte le voci,tutte le voci,15259.0
istruzione_cittadinanza,2023,popolazione residente al 31 dicembre,femmine,,9 anni e più,italiano-a,totale,,,totale,tutte le voci,tutte le voci,79263.0
istruzione_cittadinanza,2023,popolazione residente al 31 dicembre,femmine,,9 anni e più,straniero-a/apolide,diploma di istruzione secondaria di II grado o di qualifica professionale (corso di 3-4 anni) compresi IFTS,,,totale,tutte le voci,tutte le voci,5662.0
istruzione_cittadinanza,2023,popolazione residente al 31 dicembre,femmine,,9 anni e più,straniero-a/apolide,diploma di tecnico superiore ITS o titolo di studio terziario di primo livello,,,totale,tutte le voci,tutte le voci,877.0
istruzione_cittadinanza,2023,popolazione residente al 31 dicembre,femmine,,9 anni e più,straniero-a/apolide,licenza di scuola elementare,,,totale,tutte le voci,tutte le voci,1781.0
istruzione_cittadinanza,2023,popolazione residente al 31 dicembre,femmine,,9 anni e più,straniero-a/apolide,licenza di scuola media inferiore o di avviamento professionale,,,totale,tutte le voci,tutte le voci,5273.0
istruzione_cittadinanza,2023,popolazione residente al 31 dicembre,femmine,,9 anni e più,straniero-a/apolide,nessun titolo di studio,,,totale,tutte le voci,tutte le voci,1554.0
istruzione_cittadinanza,2023,popolazione residente al 31 dicembre,femmine,,9 anni e più,straniero-a/apolide,titolo di studio terziario di secondo livello e dottorato di ricerca,,,totale,tutte le voci,tutte le voci,1669.0
istruzione_cittadinanza,2023,popolazione residente al 31 dicembre,femmine,,9 anni e più,straniero-a/apolide,totale,,,totale,tutte le voci,tutte le voci,16816.0
istruzione_cittadinanza,2023,popolazione residente al 31 dicembre,femmine,,9 anni e più,totale,diploma di istruzione secondaria di II grado o di qualifica professionale (corso di 3-4 anni) compresi IFTS,,,totale,tutte le voci,tutte le voci,33390.0
istruzione_cittadinanza,2023,popolazione residente al 31 dicembre,femmine,,9 anni e più,totale,diploma di tecnico superiore ITS o titolo di studio terziario di primo livello,,,totale,tutte le voci,tutte le voci,5950.0
istruzione_cittadinanza,2023,popolazione residente al 31 dicembre,femmine,,9 anni e più,totale,licenza di scuola elementare,,,totale,tutte le voci,tutte le voci,13382.0
istruzione_cittadinanza,2023,popolazione residente al 31 dicembre,femmine,,9 anni e più,totale,licenza di scuola media inferiore o di avviamento professionale,,,totale,tutte le voci,tutte le voci,22931.0
istruzione_cittadinanza,2023,popolazione residente al 31 dicembre,femmine,,9 anni e più,totale,nessun titolo di studio,,,totale,tutte le voci,tutte le voci,3498.0
istruzione_cittadinanza,2023,popolazione residente al 31 dicembre,femmine,,9 anni e più,totale,titolo di studio terziario di secondo livello e dottorato di ricerca,,,totale,tutte le voci,tutte le voci,16928.0
istruzione_cittadinanza,2023,popolazione residente al 31 dicembre,femmine,,9 anni e più,totale,totale,,,totale,tutte le voci,tutte le voci,96079.0
istruzione_cittadinanza,2023,popolazione residente al 31 dicembre,maschi,,9 anni e più,italiano-a,diploma di istruzione secondaria di II grado o di qualifica professionale (corso di 3-4 anni) compresi IFTS,,,totale,tutte le voci,tutte le voci,28085.0
istruzione_cittadinanza,2023,popolazione residente al 31 dicembre,maschi,,9 anni e più,italiano-a,diploma di tecnico superiore ITS o titolo di studio terziario di primo livello,,,totale,tutte le voci,tutte le voci,3589.0
istruzione_cittadinanza,2023,popolazione residente al 31 dicembre,maschi,,9 anni e più,italiano-a,licenza di scuola elementare,,,totale,tutte le voci,tutte le voci,6783.0
istruzione_cittadinanza,2023,popolazione residente al 31 dicembre,maschi,,9 anni e più,italiano-a,licenza di scuola media inferiore o di avviamento professionale,,,totale,tutte le voci,tutte le voci,18456.0
istruzione_cittadinanza,2023,popolazione residente al 31 dicembre,maschi,,9 anni e più,italiano-a,nessun titolo di studio,,,totale,tutte le voci,tutte le voci,1714.0
istruzione_cittadinanza,2023,popolazione residente al 31 dicembre,maschi,,9 anni e più,italiano-a,titolo di studio terziario di secondo livello e dottorato di ricerca,,,totale,tutte le voci,tutte le voci,13410.0
istruzione_cittadinanza,2023,popolazione residente al 31 dicembre,maschi,,9 anni e più,italiano-a,totale,,,totale,tutte le voci,tutte le voci,72037.0
istruzione_cittadinanza,2023,popolazione residente al 31 dicembre,maschi,,9 anni e più,straniero-a/apolide,diploma di istruzione secondaria di II grado o di qualifica professionale (corso di 3-4 anni) compresi IFTS,,,totale,tutte le voci,tutte le voci,5374.0
istruzione_cittadinanza,2023,popolazione residente al 31 dicembre,maschi,,9 anni e più,straniero-a/apolide,diploma di tecnico superiore ITS o titolo di studio terziario di primo livello,,,totale,tutte le voci,tutte le voci,750.0
istruzione_cittadinanza,2023,popolazione residente al 31 dicembre,maschi,,9 anni e più,straniero-a/apolide,licenza di scuola elementare,,,totale,tutte le voci,tutte le voci,1763.0
istruzione_cittadinanza,2023,popolazione residente al 31 dicembre,maschi,,9 anni e più,straniero-a/apolide,licenza di scuola media inferiore o di avviamento professionale,,,totale,tutte le voci,tutte le voci,5788.0
istruzione_cittadinanza,2023,popolazione residente al 31 dicembre,maschi,,9 anni e più,straniero-a/apolide,nessun titolo di studio,,,totale,tutte le voci,tutte le voci,1660.0
istruzione_cittadinanza,2023,popolazione residente al 31 dicembre,maschi,,9 anni e più,straniero-a/apolide,titolo di studio terziario di secondo livello e dottorato di ricerca,,,totale,tutte le voci,tutte le voci,1264.0
istruzione_cittadinanza,2023,popolazione residente al 31 dicembre,maschi,,9 anni e più,straniero-a/apolide,totale,,,totale,tutte le voci,tutte le voci,16599.0
istruzione_cittadinanza,2023,popolazione residente al 31 dicembre,maschi,,9 anni e più,totale,diploma di istruzione secondaria di II grado o di qualifica professionale (corso di 3-4 anni) compresi IFTS,,,totale,tutte le voci,tutte le voci,33459.0
istruzione_cittadinanza,2023,popolazione residente al 31 dicembre,maschi,,9 anni e più,totale,diploma di tecnico superiore ITS o titolo di studio terziario di primo livello,,,totale,tutte le voci,tutte le voci,4339.0
istruzione_cittadinanza,2023,popolazione residente al 31 dicembre,maschi,,9 anni e più,totale,licenza di scuola elementare,,,totale,tutte le voci,tutte le voci,8546.0
istruzione_cittadinanza,2023,popolazione residente al 31 dicembre,maschi,,9 anni e più,totale,licenza di scuola media inferiore o di avviamento professionale,,,totale,tutte le voci,tutte le voci,24244.0
istruzione_cittadinanza,2023,popolazione residente al 31 dicembre,maschi,,9 anni e più,totale,nessun titolo di studio,,,totale,tutte le voci,tutte le voci,3374.0
istruzione_cittadinanza,2023,popolazione residente al 31 dicembre,maschi,,9 anni e più,totale,titolo di studio terziario di secondo livello e dottorato di ricerca,,,totale,tutte le voci,tutte le voci,14674.0
istruzione_cittadinanza,2023,popolazione residente al 31 dicembre,maschi,,9 anni e più,totale,totale,,,totale,tutte le voci,tutte le voci,88636.0
istruzione_cittadinanza,2023,popolazione residente al 31 dicembre,totale,,9 anni e più,italiano-a,diploma di istruzione secondaria di II grado o di qualifica professionale (corso di 3-4 anni) compresi IFTS,,,totale,tutte le voci,tutte le voci,55813.0
istruzione_cittadinanza,2023,popolazione residente al 31 dicembre,totale,,9 anni e più,italiano-a,diploma di tecnico superiore ITS o titolo di studio terziario di primo livello,,,totale,tutte le voci,tutte le voci,8662.0
istruzione_cittadinanza,2023,popolazione residente al 31 dicembre,totale,,9 anni e più,italiano-a,licenza di scuola elementare,,,totale,tutte le voci,tutte le voci,18384.0
istruzione_cittadinanza,2023,popolazione residente al 31 dicembre,totale,,9 anni e più,italiano-a,licenza di scuola media inferiore o di avviamento professionale,,,totale,tutte le voci,tutte le voci,36114.0
istruzione_cittadinanza,2023,popolazione residente al 31 dicembre,totale,,9 anni e più,italiano-a,nessun titolo di studio,,,totale,tutte le voci,tutte le voci,3658.0
istruzione_cittadinanza,2023,popolazione residente al 31 dicembre,totale,,9 anni e più,italiano-a,titolo di studio terziario di secondo livello e dottorato di ricerca,,,totale,tutte le voci,tutte le voci,28669.0
istruzione_cittadinanza,2023,popolazione residente al 31 dicembre,totale,,9 anni e più,italiano-a,totale,,,totale,tutte le voci,tutte le voci,151300.0
istruzione_cittadinanza,2023,popolazione residente al 31 dicembre,totale,,9 anni e più,straniero-a/apolide,diploma di istruzione secondaria di II grado o di qualifica professionale (corso di 3-4 anni) compresi IFTS,,,totale,tutte le voci,tutte le voci,11036.0
istruzione_cittadinanza,2023,popolazione residente al 31 dicembre,totale,,9 anni e più,straniero-a/apolide,diploma di tecnico superiore ITS o titolo di studio terziario di primo livello,,,totale,tutte le voci,tutte le voci,1627.0
istruzione_cittadinanza,2023,popolazione residente al 31 dicembre,totale,,9 anni e più,straniero-a/apolide,licenza di scuola elementare,,,totale,tutte le voci,tutte le voci,3544.0
istruzione_cittadinanza,2023,popolazione residente al 31 dicembre,totale,,9 anni e più,straniero-a/apolide,licenza di scuola media inferiore o di avviamento professionale,,,totale,tutte le voci,tutte le voci,11061.0
istruzione_cittadinanza,2023,popolazione residente al 31 dicembre,totale,,9 anni e più,straniero-a/apolide,nessun titolo di studio,,,totale,tutte le voci,tutte le voci,3214.0
istruzione_cittadinanza,2023,popolazione residente al 31 dicembre,totale,,9 anni e più,straniero-a/apolide,titolo di studio terziario di secondo livello e dottorato di ricerca,,,totale,tutte le voci,tutte le voci,2933.0
istruzione_cittadinanza,2023,popolazione residente al 31 dicembre,totale,,9 anni e più,straniero-a/apolide,totale,,,totale,tutte le voci,tutte le voci,33415.0
istruzione_cittadinanza,2023,popolazione residente al 31 dicembre,totale,,9 anni e più,totale,diploma di istruzione secondaria di II grado o di qualifica professionale (corso di 3-4 anni) compresi IFTS,,,totale,tutte le voci,tutte le voci,66849.0
istruzione_cittadinanza,2023,popolazione residente al 31 dicembre,totale,,9 anni e più,totale,diploma di tecnico superiore ITS o titolo di studio terziario di primo livello,,,totale,tutte le voci,tutte le voci,10289.0
istruzione_cittadinanza,2023,popolazione residente al 31 dicembre,totale,,9 anni e più,totale,licenza di scuola elementare,,,totale,tutte le voci,tutte le voci,21928.0
istruzione_cittadinanza,2023,popolazione residente al 31 dicembre,totale,,9 anni e più,totale,licenza di scuola media inferiore o di avviamento professionale,,,totale,tutte le voci,tutte le voci,47175.0
istruzione_cittadinanza,2023,popolazione residente al 31 dicembre,totale,,9 anni e più,totale,nessun titolo di studio,,,totale,tutte le voci,tutte le voci,6872.0
istruzione_cittadinanza,2023,popolazione residente al 31 dicembre,totale,,9 anni e più,totale,titolo di studio terziario di secondo livello e dottorato di ricerca,,,totale,tutte le voci,tutte le voci,31602.0
istruzione_cittadinanza,2023,popolazione residente al 31 dicembre,totale,,9 anni e più,totale,totale,,,totale,tutte le voci,tutte le voci,184715.0
istruzione_cittadinanza,2024,popolazione residente al 31 dicembre,femmine,,9 anni e più,italiano-a,diploma di istruzione secondaria di II grado o di qualifica professionale (corso di 3-4 anni) compresi IFTS,,,totale,tutte le voci,tutte le voci,28026.0
istruzione_cittadinanza,2024,popolazione residente al 31 dicembre,femmine,,9 anni e più,italiano-a,diploma di tecnico superiore ITS o titolo di studio terziario di primo livello,,,totale,tutte le voci,tutte le voci,5350.0
istruzione_cittadinanza,2024,popolazione residente al 31 dicembre,femmine,,9 anni e più,italiano-a,licenza di scuola elementare,,,totale,tutte le voci,tutte le voci,11001.0
istruzione_cittadinanza,2024,popolazione residente al 31 dicembre,femmine,,9 anni e più,italiano-a,licenza di scuola media inferiore o di avviamento professionale,,,totale,tutte le voci,tutte le voci,17591.0
istruzione_cittadinanza,2024,popolazione residente al 31 dicembre,femmine,,9 anni e più,italiano-a,nessun titolo di studio,,,totale,tutte le voci,tutte le voci,1924.0
istruzione_cittadinanza,2024,popolazione residente al 31 dicembre,femmine,,9 anni e più,italiano-a,titolo di studio terziario di secondo livello e dottorato di ricerca,,,totale,tutte le voci,tutte le voci,15620.0
istruzione_cittadinanza,2024,popolazione residente al 31 dicembre,femmine,,9 anni e più,italiano-a,totale,,,totale,tutte le voci,tutte le voci,79512.0
istruzione_cittadinanza,2024,popolazione residente al 31 dicembre,femmine,,9 anni e più,straniero-a/apolide,diploma di istruzione secondaria di II grado o di qualifica professionale (corso di 3-4 anni) compresi IFTS,,,totale,tutte le voci,tutte le voci,5768.0
istruzione_cittadinanza,2024,popolazione residente al 31 dicembre,femmine,,9 anni e più,straniero-a/apolide,diploma di tecnico superiore ITS o titolo di studio terziario di primo livello,,,totale,tutte le voci,tutte le voci,923.0
istruzione_cittadinanza,2024,popolazione residente al 31 dicembre,femmine,,9 anni e più,straniero-a/apolide,licenza di scuola elementare,,,totale,tutte le voci,tutte le voci,1811.0
istruzione_cittadinanza,2024,popolazione residente al 31 dicembre,femmine,,9 anni e più,straniero-a/apolide,licenza di scuola media inferiore o di avviamento professionale,,,totale,tutte le voci,tutte le voci,5422.0
istruzione_cittadinanza,2024,popolazione residente al 31 dicembre,femmine,,9 anni e più,straniero-a/apolide,nessun titolo di studio,,,totale,tutte le voci,tutte le voci,1585.0
istruzione_cittadinanza,2024,popolazione residente al 31 dicembre,femmine,,9 anni e più,straniero-a/apolide,titolo di studio terziario di secondo livello e dottorato di ricerca,,,totale,tutte le voci,tutte le voci,1706.0
istruzione_cittadinanza,2024,popolazione residente al 31 dicembre,femmine,,9 anni e più,straniero-a/apolide,totale,,,totale,tutte le voci,tutte le voci,17215.0
istruzione_cittadinanza,2024,popolazione residente al 31 dicembre,femmine,,9 anni e più,totale,diploma di istruzione secondaria di II grado o di qualifica professionale (corso di 3-4 anni) compresi IFTS,,,totale,tutte le voci,tutte le voci,33794.0
istruzione_cittadinanza,2024,popolazione residente al 31 dicembre,femmine,,9 anni e più,totale,diploma di tecnico superiore ITS o titolo di studio terziario di primo livello,,,totale,tutte le voci,tutte le voci,6273.0
istruzione_cittadinanza,2024,popolazione residente al 31 dicembre,femmine,,9 anni e più,totale,licenza di scuola elementare,,,totale,tutte le voci,tutte le voci,12812.0
istruzione_cittadinanza,2024,popolazione residente al 31 dicembre,femmine,,9 anni e più,totale,licenza di scuola media inferiore o di avviamento professionale,,,totale,tutte le voci,tutte le voci,23013.0
istruzione_cittadinanza,2024,popolazione residente al 31 dicembre,femmine,,9 anni e più,totale,nessun titolo di studio,,,totale,tutte le voci,tutte le voci,3509.0
istruzione_cittadinanza,2024,popolazione residente al 31 dicembre,femmine,,9 anni e più,totale,titolo di studio terziario di secondo livello e dottorato di ricerca,,,totale,tutte le voci,tutte le voci,17326.0
istruzione_cittadinanza,2024,popolazione residente al 31 dicembre,femmine,,9 anni e più,totale,totale,,,totale,tutte le voci,tutte le voci,96727.0
istruzione_cittadinanza,2024,popolazione residente al 31 dicembre,maschi,,9 anni e più,italiano-a,diploma di istruzione secondaria di II grado o di qualifica professionale (corso di 3-4 anni) compresi IFTS,,,totale,tutte le voci,tutte le voci,28461.0
istruzione_cittadinanza,2024,popolazione residente al 31 dicembre,maschi,,9 anni e più,italiano-a,diploma di tecnico superiore ITS o titolo di studio terziario di primo livello,,,totale,tutte le voci,tutte le voci,3842.0
istruzione_cittadinanza,2024,popolazione residente al 31 dicembre,maschi,,9 anni e più,italiano-a,licenza di scuola elementare,,,totale,tutte le voci,tutte le voci,6475.0
istruzione_cittadinanza,2024,popolazione residente al 31 dicembre,maschi,,9 anni e più,italiano-a,licenza di scuola media inferiore o di avviamento professionale,,,totale,tutte le voci,tutte le voci,18498.0
istruzione_cittadinanza,2024,popolazione residente al 31 dicembre,maschi,,9 anni e più,italiano-a,nessun titolo di studio,,,totale,tutte le voci,tutte le voci,1730.0
istruzione_cittadinanza,2024,popolazione residente al 31 dicembre,maschi,,9 anni e più,italiano-a,titolo di studio terziario di secondo livello e dottorato di ricerca,,,totale,tutte le voci,tutte le voci,13605.0
istruzione_cittadinanza,2024,popolazione residente al 31 dicembre,maschi,,9 anni e più,italiano-a,totale,,,totale,tutte le voci,tutte le voci,72611.0
istruzione_cittadinanza,2024,popolazione residente al 31 dicembre,maschi,,9 anni e più,straniero-a/apolide,diploma di istruzione secondaria di II grado o di qualifica professionale (corso di 3-4 anni) compresi IFTS,,,totale,tutte le voci,tutte le voci,5522.0
istruzione_cittadinanza,2024,popolazione residente al 31 dicembre,maschi,,9 anni e più,straniero-a/apolide,diploma di tecnico superiore ITS o titolo di studio terziario di primo livello,,,totale,tutte le voci,tutte le voci,793.0
istruzione_cittadinanza,2024,popolazione residente al 31 dicembre,maschi,,9 anni e più,straniero-a/apolide,licenza di scuola elementare,,,totale,tutte le voci,tutte le voci,1840.0
istruzione_cittadinanza,2024,popolazione residente al 31 dicembre,maschi,,9 anni e più,straniero-a/apolide,licenza di scuola media inferiore o di avviamento professionale,,,totale,tutte le voci,tutte le voci,5952.0
istruzione_cittadinanza,2024,popolazione residente al 31 dicembre,maschi,,9 anni e più,straniero-a/apolide,nessun titolo di studio,,,totale,tutte le voci,tutte le voci,1743.0
istruzione_cittadinanza,2024,popolazione residente al 31 dicembre,maschi,,9 anni e più,straniero-a/apolide,titolo di studio terziario di secondo livello e dottorato di ricerca,,,totale,tutte le voci,tutte le voci,1350.0
istruzione_cittadinanza,2024,popolazione residente al 31 dicembre,maschi,,9 anni e più,straniero-a/apolide,totale,,,totale,tutte le voci,tutte le voci,17200.0
istruzione_cittadinanza,2024,popolazione residente al 31 dicembre,maschi,,9 anni e più,totale,diploma di istruzione secondaria di II grado o di qualifica professionale (corso di 3-4 anni) compresi IFTS,,,totale,tutte le voci,tutte le voci,33983.0
istruzione_cittadinanza,2024,popolazione residente al 31 dicembre,maschi,,9 anni e più,totale,diploma di tecnico superiore ITS o titolo di studio terziario di primo livello,,,totale,tutte le voci,tutte le voci,4635.0
istruzione_cittadinanza,2024,popolazione residente al 31 dicembre,maschi,,9 anni e più,totale,licenza di scuola elementare,,,totale,tutte le voci,tutte le voci,8315.0
istruzione_cittadinanza,2024,popolazione residente al 31 dicembre,maschi,,9 anni e più,totale,licenza di scuola media inferiore o di avviamento professionale,,,totale,tutte le voci,tutte le voci,24450.0
istruzione_cittadinanza,2024,popolazione residente al 31 dicembre,maschi,,9 anni e più,totale,nessun titolo di studio,,,totale,tutte le voci,tutte le voci,3473.0
istruzione_cittadinanza,2024,popolazione residente al 31 dicembre,maschi,,9 anni e più,totale,titolo di studio terziario di secondo livello e dottorato di ricerca,,,totale,tutte le voci,tutte le voci,14955.0
istruzione_cittadinanza,2024,popolazione residente al 31 dicembre,maschi,,9 anni e più,totale,totale,,,totale,tutte le voci,tutte le voci,89811.0
istruzione_cittadinanza,2024,popolazione residente al 31 dicembre,totale,,9 anni e più,italiano-a,diploma di istruzione secondaria di II grado o di qualifica professionale (corso di 3-4 anni) compresi IFTS,,,totale,tutte le voci,tutte le voci,56487.0
istruzione_cittadinanza,2024,popolazione residente al 31 dicembre,totale,,9 anni e più,italiano-a,diploma di tecnico superiore ITS o titolo di studio terziario di primo livello,,,totale,tutte le voci,tutte le voci,9192.0
istruzione_cittadinanza,2024,popolazione residente al 31 dicembre,totale,,9 anni e più,italiano-a,licenza di scuola elementare,,,totale,tutte le voci,tutte le voci,17476.0
istruzione_cittadinanza,2024,popolazione residente al 31 dicembre,totale,,9 anni e più,italiano-a,licenza di scuola media inferiore o di avviamento professionale,,,totale,tutte le voci,tutte le voci,36089.0
istruzione_cittadinanza,2024,popolazione residente al 31 dicembre,totale,,9 anni e più,italiano-a,nessun titolo di studio,,,totale,tutte le voci,tutte le voci,3654.0
istruzione_cittadinanza,2024,popolazione residente al 31 dicembre,totale,,9 anni e più,italiano-a,titolo di studio terziario di secondo livello e dottorato di ricerca,,,totale,tutte le voci,tutte le voci,29225.0
istruzione_cittadinanza,2024,popolazione residente al 31 dicembre,totale,,9 anni e più,italiano-a,totale,,,totale,tutte le voci,tutte le voci,152123.0
istruzione_cittadinanza,2024,popolazione residente al 31 dicembre,totale,,9 anni e più,straniero-a/apolide,diploma di istruzione secondaria di II grado o di qualifica professionale (corso di 3-4 anni) compresi IFTS,,,totale,tutte le voci,tutte le voci,11290.0
istruzione_cittadinanza,2024,popolazione residente al 31 dicembre,totale,,9 anni e più,straniero-a/apolide,diploma di tecnico superiore ITS o titolo di studio terziario di primo livello,,,totale,tutte le voci,tutte le voci,1716.0
istruzione_cittadinanza,2024,popolazione residente al 31 dicembre,totale,,9 anni e più,straniero-a/apolide,licenza di scuola elementare,,,totale,tutte le voci,tutte le voci,3651.0
istruzione_cittadinanza,2024,popolazione residente al 31 dicembre,totale,,9 anni e più,straniero-a/apolide,licenza di scuola media inferiore o di avviamento professionale,,,totale,tutte le voci,tutte le voci,11374.0
istruzione_cittadinanza,2024,popolazione residente al 31 dicembre,totale,,9 anni e più,straniero-a/apolide,nessun titolo di studio,,,totale,tutte le voci,tutte le voci,3328.0
istruzione_cittadinanza,2024,popolazione residente al 31 dicembre,totale,,9 anni e più,straniero-a/apolide,titolo di studio terziario di secondo livello e dottorato di ricerca,,,totale,tutte le voci,tutte le voci,3056.0
istruzione_cittadinanza,2024,popolazione residente al 31 dicembre,totale,,9 anni e più,straniero-a/apolide,totale,,,totale,tutte le voci,tutte le voci,34415.0
istruzione_cittadinanza,2024,popolazione residente al 31 dicembre,totale,,9 anni e più,totale,diploma di istruzione secondaria di II grado o di qualifica professionale (corso di 3-4 anni) compresi IFTS,,,totale,tutte le voci,tutte le voci,67777.0
istruzione_cittadinanza,2024,popolazione residente al 31 dicembre,totale,,9 anni e più,totale,diploma di tecnico superiore ITS o titolo di studio terziario di primo livello,,,totale,tutte le voci,tutte le voci,10908.0
istruzione_cittadinanza,2024,popolazione residente al 31 dicembre,totale,,9 anni e più,totale,licenza di scuola elementare,,,totale,tutte le voci,tutte le voci,21127.0
istruzione_cittadinanza,2024,popolazione residente al 31 dicembre,totale,,9 anni e più,totale,licenza di scuola media inferiore o di avviamento professionale,,,totale,tutte le voci,tutte le voci,47463.0
istruzione_cittadinanza,2024,popolazione residente al 31 dicembre,totale,,9 anni e più,totale,nessun titolo di studio,,,totale,tutte le voci,tutte le voci,6982.0
istruzione_cittadinanza,2024,popolazione residente al 31 dicembre,totale,,9 anni e più,totale,titolo di studio terziario di secondo livello e dottorato di ricerca,,,totale,tutte le voci,tutte le voci,32281.0
istruzione_cittadinanza,2024,popolazione residente al 31 dicembre,totale,,9 anni e più,totale,totale,,,totale,tutte le voci,tutte le voci,186538.0
istruzione_eta,2018,popolazione residente al 31 dicembre,femmine,,25-49 anni,totale,diploma di istruzione secondaria di II grado o di qualifica professionale (corso di 3-4 anni) compresi IFTS,,,totale,tutte le voci,tutte le voci,12106.0
istruzione_eta,2018,popolazione residente al 31 dicembre,femmine,,25-49 anni,totale,diploma di tecnico superiore ITS o titolo di studio terziario di primo livello,,,totale,tutte le voci,tutte le voci,3094.0
istruzione_eta,2018,popolazione residente al 31 dicembre,femmine,,25-49 anni,totale,licenza di scuola elementare,,,totale,tutte le voci,tutte le voci,684.0
istruzione_eta,2018,popolazione residente al 31 dicembre,femmine,,25-49 anni,totale,licenza di scuola media inferiore o di avviamento professionale,,,totale,tutte le voci,tutte le voci,6323.0
istruzione_eta,2018,popolazione residente al 31 dicembre,femmine,,25-49 anni,totale,nessun titolo di studio,,,totale,tutte le voci,tutte le voci,438.0
istruzione_eta,2018,popolazione residente al 31 dicembre,femmine,,25-49 anni,totale,titolo di studio terziario di secondo livello e dottorato di ricerca,,,totale,tutte le voci,tutte le voci,7746.0
istruzione_eta,2018,popolazione residente al 31 dicembre,femmine,,25-49 anni,totale,totale,,,totale,tutte le voci,tutte le voci,30391.0
istruzione_eta,2018,popolazione residente al 31 dicembre,femmine,,50-64 anni,totale,diploma di istruzione secondaria di II grado o di qualifica professionale (corso di 3-4 anni) compresi IFTS,,,totale,tutte le voci,tutte le voci,9465.0
istruzione_eta,2018,popolazione residente al 31 dicembre,femmine,,50-64 anni,totale,diploma di tecnico superiore ITS o titolo di studio terziario di primo livello,,,totale,tutte le voci,tutte le voci,718.0
istruzione_eta,2018,popolazione residente al 31 dicembre,femmine,,50-64 anni,totale,licenza di scuola elementare,,,totale,tutte le voci,tutte le voci,1294.0
istruzione_eta,2018,popolazione residente al 31 dicembre,femmine,,50-64 anni,totale,licenza di scuola media inferiore o di avviamento professionale,,,totale,tutte le voci,tutte le voci,6258.0
istruzione_eta,2018,popolazione residente al 31 dicembre,femmine,,50-64 anni,totale,nessun titolo di studio,,,totale,tutte le voci,tutte le voci,325.0
istruzione_eta,2018,popolazione residente al 31 dicembre,femmine,,50-64 anni,totale,titolo di studio terziario di secondo livello e dottorato di ricerca,,,totale,tutte le voci,tutte le voci,4027.0
istruzione_eta,2018,popolazione residente al 31 dicembre,femmine,,50-64 anni,totale,totale,,,totale,tutte le voci,tutte le voci,22087.0
istruzione_eta,2018,popolazione residente al 31 dicembre,femmine,,65 anni e più,totale,diploma di istruzione secondaria di II grado o di qualifica professionale (corso di 3-4 anni) compresi IFTS,,,totale,tutte le voci,tutte le voci,6518.0
istruzione_eta,2018,popolazione residente al 31 dicembre,femmine,,65 anni e più,totale,diploma di tecnico superiore ITS o titolo di studio terziario di primo livello,,,totale,tutte le voci,tutte le voci,253.0
istruzione_eta,2018,popolazione residente al 31 dicembre,femmine,,65 anni e più,totale,licenza di scuola elementare,,,totale,tutte le voci,tutte le voci,12428.0
istruzione_eta,2018,popolazione residente al 31 dicembre,femmine,,65 anni e più,totale,licenza di scuola media inferiore o di avviamento professionale,,,totale,tutte le voci,tutte le voci,6787.0
istruzione_eta,2018,popolazione residente al 31 dicembre,femmine,,65 anni e più,totale,nessun titolo di studio,,,totale,tutte le voci,tutte le voci,787.0
istruzione_eta,2018,popolazione residente al 31 dicembre,femmine,,65 anni e più,totale,titolo di studio terziario di secondo livello e dottorato di ricerca,,,totale,tutte le voci,tutte le voci,2274.0
istruzione_eta,2018,popolazione residente al 31 dicembre,femmine,,65 anni e più,totale,totale,,,totale,tutte le voci,tutte le voci,29047.0
istruzione_eta,2018,popolazione residente al 31 dicembre,femmine,,9 anni e più,totale,alfabeti privi di titolo di studio,,,totale,tutte le voci,tutte le voci,3002.0
istruzione_eta,2018,popolazione residente al 31 dicembre,femmine,,9 anni e più,totale,analfabeti,,,totale,tutte le voci,tutte le voci,358.0
istruzione_eta,2018,popolazione residente al 31 dicembre,femmine,,9 anni e più,totale,diploma di istruzione secondaria di II grado o di qualifica professionale (corso di 3-4 anni) compresi IFTS,,,totale,tutte le voci,tutte le voci,32106.0
istruzione_eta,2018,popolazione residente al 31 dicembre,femmine,,9 anni e più,totale,diploma di tecnico superiore ITS o titolo di studio terziario di primo livello,,,totale,tutte le voci,tutte le voci,4629.0
istruzione_eta,2018,popolazione residente al 31 dicembre,femmine,,9 anni e più,totale,dottorato di ricerca/diploma accademico di formazione alla ricerca,,,totale,tutte le voci,tutte le voci,521.0
istruzione_eta,2018,popolazione residente al 31 dicembre,femmine,,9 anni e più,totale,licenza di scuola elementare,,,totale,tutte le voci,tutte le voci,17181.0
istruzione_eta,2018,popolazione residente al 31 dicembre,femmine,,9 anni e più,totale,licenza di scuola media inferiore o di avviamento professionale,,,totale,tutte le voci,tutte le voci,24283.0
istruzione_eta,2018,popolazione residente al 31 dicembre,femmine,,9 anni e più,totale,nessun titolo di studio,,,totale,tutte le voci,tutte le voci,3361.0
istruzione_eta,2018,popolazione residente al 31 dicembre,femmine,,9 anni e più,totale,titolo di studio terziario di secondo livello,,,totale,tutte le voci,tutte le voci,13622.0
istruzione_eta,2018,popolazione residente al 31 dicembre,femmine,,9 anni e più,totale,titolo di studio terziario di secondo livello e dottorato di ricerca,,,totale,tutte le voci,tutte le voci,14143.0
istruzione_eta,2018,popolazione residente al 31 dicembre,femmine,,9 anni e più,totale,totale,,,totale,tutte le voci,tutte le voci,95702.0
istruzione_eta,2018,popolazione residente al 31 dicembre,femmine,,9-24 anni,totale,diploma di istruzione secondaria di II grado o di qualifica professionale (corso di 3-4 anni) compresi IFTS,,,totale,tutte le voci,tutte le voci,4017.0
istruzione_eta,2018,popolazione residente al 31 dicembre,femmine,,9-24 anni,totale,diploma di tecnico superiore ITS o titolo di studio terziario di primo livello,,,totale,tutte le voci,tutte le voci,564.0
istruzione_eta,2018,popolazione residente al 31 dicembre,femmine,,9-24 anni,totale,licenza di scuola elementare,,,totale,tutte le voci,tutte le voci,2774.0
istruzione_eta,2018,popolazione residente al 31 dicembre,femmine,,9-24 anni,totale,licenza di scuola media inferiore o di avviamento professionale,,,totale,tutte le voci,tutte le voci,4915.0
istruzione_eta,2018,popolazione residente al 31 dicembre,femmine,,9-24 anni,totale,nessun titolo di studio,,,totale,tutte le voci,tutte le voci,1811.0
istruzione_eta,2018,popolazione residente al 31 dicembre,femmine,,9-24 anni,totale,titolo di studio terziario di secondo livello e dottorato di ricerca,,,totale,tutte le voci,tutte le voci,96.0
istruzione_eta,2018,popolazione residente al 31 dicembre,femmine,,9-24 anni,totale,totale,,,totale,tutte le voci,tutte le voci,14177.0
istruzione_eta,2018,popolazione residente al 31 dicembre,maschi,,25-49 anni,totale,diploma di istruzione secondaria di II grado o di qualifica professionale (corso di 3-4 anni) compresi IFTS,,,totale,tutte le voci,tutte le voci,13070.0
istruzione_eta,2018,popolazione residente al 31 dicembre,maschi,,25-49 anni,totale,diploma di tecnico superiore ITS o titolo di studio terziario di primo livello,,,totale,tutte le voci,tutte le voci,2311.0
istruzione_eta,2018,popolazione residente al 31 dicembre,maschi,,25-49 anni,totale,licenza di scuola elementare,,,totale,tutte le voci,tutte le voci,750.0
istruzione_eta,2018,popolazione residente al 31 dicembre,maschi,,25-49 anni,totale,licenza di scuola media inferiore o di avviamento professionale,,,totale,tutte le voci,tutte le voci,8181.0
istruzione_eta,2018,popolazione residente al 31 dicembre,maschi,,25-49 anni,totale,nessun titolo di studio,,,totale,tutte le voci,tutte le voci,509.0
istruzione_eta,2018,popolazione residente al 31 dicembre,maschi,,25-49 anni,totale,titolo di studio terziario di secondo livello e dottorato di ricerca,,,totale,tutte le voci,tutte le voci,6182.0
istruzione_eta,2018,popolazione residente al 31 dicembre,maschi,,25-49 anni,totale,totale,,,totale,tutte le voci,tutte le voci,31003.0
istruzione_eta,2018,popolazione residente al 31 dicembre,maschi,,50-64 anni,totale,diploma di istruzione secondaria di II grado o di qualifica professionale (corso di 3-4 anni) compresi IFTS,,,totale,tutte le voci,tutte le voci,7932.0
istruzione_eta,2018,popolazione residente al 31 dicembre,maschi,,50-64 anni,totale,diploma di tecnico superiore ITS o titolo di studio terziario di primo livello,,,totale,tutte le voci,tutte le voci,355.0
istruzione_eta,2018,popolazione residente al 31 dicembre,maschi,,50-64 anni,totale,licenza di scuola elementare,,,totale,tutte le voci,tutte le voci,1143.0
istruzione_eta,2018,popolazione residente al 31 dicembre,maschi,,50-64 anni,totale,licenza di scuola media inferiore o di avviamento professionale,,,totale,tutte le voci,tutte le voci,6687.0
istruzione_eta,2018,popolazione residente al 31 dicembre,maschi,,50-64 anni,totale,nessun titolo di studio,,,totale,tutte le voci,tutte le voci,312.0
istruzione_eta,2018,popolazione residente al 31 dicembre,maschi,,50-64 anni,totale,titolo di studio terziario di secondo livello e dottorato di ricerca,,,totale,tutte le voci,tutte le voci,3606.0
istruzione_eta,2018,popolazione residente al 31 dicembre,maschi,,50-64 anni,totale,totale,,,totale,tutte le voci,tutte le voci,20035.0
istruzione_eta,2018,popolazione residente al 31 dicembre,maschi,,65 anni e più,totale,diploma di istruzione secondaria di II grado o di qualifica professionale (corso di 3-4 anni) compresi IFTS,,,totale,tutte le voci,tutte le voci,5443.0
istruzione_eta,2018,popolazione residente al 31 dicembre,maschi,,65 anni e più,totale,diploma di tecnico superiore ITS o titolo di studio terziario di primo livello,,,totale,tutte le voci,tutte le voci,152.0
istruzione_eta,2018,popolazione residente al 31 dicembre,maschi,,65 anni e più,totale,licenza di scuola elementare,,,totale,tutte le voci,tutte le voci,5798.0
istruzione_eta,2018,popolazione residente al 31 dicembre,maschi,,65 anni e più,totale,licenza di scuola media inferiore o di avviamento professionale,,,totale,tutte le voci,tutte le voci,5115.0
istruzione_eta,2018,popolazione residente al 31 dicembre,maschi,,65 anni e più,totale,nessun titolo di studio,,,totale,tutte le voci,tutte le voci,226.0
istruzione_eta,2018,popolazione residente al 31 dicembre,maschi,,65 anni e più,totale,titolo di studio terziario di secondo livello e dottorato di ricerca,,,totale,tutte le voci,tutte le voci,2878.0
istruzione_eta,2018,popolazione residente al 31 dicembre,maschi,,65 anni e più,totale,totale,,,totale,tutte le voci,tutte le voci,19612.0
istruzione_eta,2018,popolazione residente al 31 dicembre,maschi,,9 anni e più,totale,alfabeti privi di titolo di studio,,,totale,tutte le voci,tutte le voci,2623.0
istruzione_eta,2018,popolazione residente al 31 dicembre,maschi,,9 anni e più,totale,analfabeti,,,totale,tutte le voci,tutte le voci,336.0
istruzione_eta,2018,popolazione residente al 31 dicembre,maschi,,9 anni e più,totale,diploma di istruzione secondaria di II grado o di qualifica professionale (corso di 3-4 anni) compresi IFTS,,,totale,tutte le voci,tutte le voci,30644.0
istruzione_eta,2018,popolazione residente al 31 dicembre,maschi,,9 anni e più,totale,diploma di tecnico superiore ITS o titolo di studio terziario di primo livello,,,totale,tutte le voci,tutte le voci,3248.0
istruzione_eta,2018,popolazione residente al 31 dicembre,maschi,,9 anni e più,totale,dottorato di ricerca/diploma accademico di formazione alla ricerca,,,totale,tutte le voci,tutte le voci,488.0
istruzione_eta,2018,popolazione residente al 31 dicembre,maschi,,9 anni e più,totale,licenza di scuola elementare,,,totale,tutte le voci,tutte le voci,10693.0
istruzione_eta,2018,popolazione residente al 31 dicembre,maschi,,9 anni e più,totale,licenza di scuola media inferiore o di avviamento professionale,,,totale,tutte le voci,tutte le voci,25580.0
istruzione_eta,2018,popolazione residente al 31 dicembre,maschi,,9 anni e più,totale,nessun titolo di studio,,,totale,tutte le voci,tutte le voci,2959.0
istruzione_eta,2018,popolazione residente al 31 dicembre,maschi,,9 anni e più,totale,titolo di studio terziario di secondo livello,,,totale,tutte le voci,tutte le voci,12246.0
istruzione_eta,2018,popolazione residente al 31 dicembre,maschi,,9 anni e più,totale,titolo di studio terziario di secondo livello e dottorato di ricerca,,,totale,tutte le voci,tutte le voci,12734.0
istruzione_eta,2018,popolazione residente al 31 dicembre,maschi,,9 anni e più,totale,totale,,,totale,tutte le voci,tutte le voci,85858.0
istruzione_eta,2018,popolazione residente al 31 dicembre,maschi,,9-24 anni,totale,diploma di istruzione secondaria di II grado o di qualifica professionale (corso di 3-4 anni) compresi IFTS,,,totale,tutte le voci,tutte le voci,4199.0
istruzione_eta,2018,popolazione residente al 31 dicembre,maschi,,9-24 anni,totale,diploma di tecnico superiore ITS o titolo di studio terziario di primo livello,,,totale,tutte le voci,tutte le voci,430.0
istruzione_eta,2018,popolazione residente al 31 dicembre,maschi,,9-24 anni,totale,licenza di scuola elementare,,,totale,tutte le voci,tutte le voci,3002.0
istruzione_eta,2018,popolazione residente al 31 dicembre,maschi,,9-24 anni,totale,licenza di scuola media inferiore o di avviamento professionale,,,totale,tutte le voci,tutte le voci,5597.0
istruzione_eta,2018,popolazione residente al 31 dicembre,maschi,,9-24 anni,totale,nessun titolo di studio,,,totale,tutte le voci,tutte le voci,1912.0
istruzione_eta,2018,popolazione residente al 31 dicembre,maschi,,9-24 anni,totale,titolo di studio terziario di secondo livello e dottorato di ricerca,,,totale,tutte le voci,tutte le voci,68.0
istruzione_eta,2018,popolazione residente al 31 dicembre,maschi,,9-24 anni,totale,totale,,,totale,tutte le voci,tutte le voci,15208.0
istruzione_eta,2018,popolazione residente al 31 dicembre,totale,,25-49 anni,totale,diploma di istruzione secondaria di II grado o di qualifica professionale (corso di 3-4 anni) compresi IFTS,,,totale,tutte le voci,tutte le voci,25176.0
istruzione_eta,2018,popolazione residente al 31 dicembre,totale,,25-49 anni,totale,diploma di tecnico superiore ITS o titolo di studio terziario di primo livello,,,totale,tutte le voci,tutte le voci,5405.0
istruzione_eta,2018,popolazione residente al 31 dicembre,totale,,25-49 anni,totale,licenza di scuola elementare,,,totale,tutte le voci,tutte le voci,1434.0
istruzione_eta,2018,popolazione residente al 31 dicembre,totale,,25-49 anni,totale,licenza di scuola media inferiore o di avviamento professionale,,,totale,tutte le voci,tutte le voci,14504.0
istruzione_eta,2018,popolazione residente al 31 dicembre,totale,,25-49 anni,totale,nessun titolo di studio,,,totale,tutte le voci,tutte le voci,947.0
istruzione_eta,2018,popolazione residente al 31 dicembre,totale,,25-49 anni,totale,titolo di studio terziario di secondo livello e dottorato di ricerca,,,totale,tutte le voci,tutte le voci,13928.0
istruzione_eta,2018,popolazione residente al 31 dicembre,totale,,25-49 anni,totale,totale,,,totale,tutte le voci,tutte le voci,61394.0
istruzione_eta,2018,popolazione residente al 31 dicembre,totale,,50-64 anni,totale,diploma di istruzione secondaria di II grado o di qualifica professionale (corso di 3-4 anni) compresi IFTS,,,totale,tutte le voci,tutte le voci,17397.0
istruzione_eta,2018,popolazione residente al 31 dicembre,totale,,50-64 anni,totale,diploma di tecnico superiore ITS o titolo di studio terziario di primo livello,,,totale,tutte le voci,tutte le voci,1073.0
istruzione_eta,2018,popolazione residente al 31 dicembre,totale,,50-64 anni,totale,licenza di scuola elementare,,,totale,tutte le voci,tutte le voci,2437.0
istruzione_eta,2018,popolazione residente al 31 dicembre,totale,,50-64 anni,totale,licenza di scuola media inferiore o di avviamento professionale,,,totale,tutte le voci,tutte le voci,12945.0
istruzione_eta,2018,popolazione residente al 31 dicembre,totale,,50-64 anni,totale,nessun titolo di studio,,,totale,tutte le voci,tutte le voci,637.0
istruzione_eta,2018,popolazione residente al 31 dicembre,totale,,50-64 anni,totale,titolo di studio terziario di secondo livello e dottorato di ricerca,,,totale,tutte le voci,tutte le voci,7633.0
istruzione_eta,2018,popolazione residente al 31 dicembre,totale,,50-64 anni,totale,totale,,,totale,tutte le voci,tutte le voci,42122.0
istruzione_eta,2018,popolazione residente al 31 dicembre,totale,,65 anni e più,totale,diploma di istruzione secondaria di II grado o di qualifica professionale (corso di 3-4 anni) compresi IFTS,,,totale,tutte le voci,tutte le voci,11961.0
istruzione_eta,2018,popolazione residente al 31 dicembre,totale,,65 anni e più,totale,diploma di tecnico superiore ITS o titolo di studio terziario di primo livello,,,totale,tutte le voci,tutte le voci,405.0
istruzione_eta,2018,popolazione residente al 31 dicembre,totale,,65 anni e più,totale,licenza di scuola elementare,,,totale,tutte le voci,tutte le voci,18226.0
istruzione_eta,2018,popolazione residente al 31 dicembre,totale,,65 anni e più,totale,licenza di scuola media inferiore o di avviamento professionale,,,totale,tutte le voci,tutte le voci,11902.0
istruzione_eta,2018,popolazione residente al 31 dicembre,totale,,65 anni e più,totale,nessun titolo di studio,,,totale,tutte le voci,tutte le voci,1013.0
istruzione_eta,2018,popolazione residente al 31 dicembre,totale,,65 anni e più,totale,titolo di studio terziario di secondo livello e dottorato di ricerca,,,totale,tutte le voci,tutte le voci,5152.0
istruzione_eta,2018,popolazione residente al 31 dicembre,totale,,65 anni e più,totale,totale,,,totale,tutte le voci,tutte le voci,48659.0
istruzione_eta,2018,popolazione residente al 31 dicembre,totale,,9 anni e più,totale,alfabeti privi di titolo di studio,,,totale,tutte le voci,tutte le voci,5625.0
istruzione_eta,2018,popolazione residente al 31 dicembre,totale,,9 anni e più,totale,analfabeti,,,totale,tutte le voci,tutte le voci,694.0
istruzione_eta,2018,popolazione residente al 31 dicembre,totale,,9 anni e più,totale,diploma di istruzione secondaria di II grado o di qualifica professionale (corso di 3-4 anni) compresi IFTS,,,totale,tutte le voci,tutte le voci,62750.0
istruzione_eta,2018,popolazione residente al 31 dicembre,totale,,9 anni e più,totale,diploma di tecnico superiore ITS o titolo di studio terziario di primo livello,,,totale,tutte le voci,tutte le voci,7877.0
istruzione_eta,2018,popolazione residente al 31 dicembre,totale,,9 anni e più,totale,dottorato di ricerca/diploma accademico di formazione alla ricerca,,,totale,tutte le voci,tutte le voci,1009.0
istruzione_eta,2018,popolazione residente al 31 dicembre,totale,,9 anni e più,totale,licenza di scuola elementare,,,totale,tutte le voci,tutte le voci,27874.0
istruzione_eta,2018,popolazione residente al 31 dicembre,totale,,9 anni e più,totale,licenza di scuola media inferiore o di avviamento professionale,,,totale,tutte le voci,tutte le voci,49863.0
istruzione_eta,2018,popolazione residente al 31 dicembre,totale,,9 anni e più,totale,nessun titolo di studio,,,totale,tutte le voci,tutte le voci,6320.0
istruzione_eta,2018,popolazione residente al 31 dicembre,totale,,9 anni e più,totale,titolo di studio terziario di secondo livello,,,totale,tutte le voci,tutte le voci,25868.0
istruzione_eta,2018,popolazione residente al 31 dicembre,totale,,9 anni e più,totale,titolo di studio terziario di secondo livello e dottorato di ricerca,,,totale,tutte le voci,tutte le voci,26877.0
istruzione_eta,2018,popolazione residente al 31 dicembre,totale,,9 anni e più,totale,totale,,,totale,tutte le voci,tutte le voci,181560.0
istruzione_eta,2018,popolazione residente al 31 dicembre,totale,,9-24 anni,totale,diploma di istruzione secondaria di II grado o di qualifica professionale (corso di 3-4 anni) compresi IFTS,,,totale,tutte le voci,tutte le voci,8216.0
istruzione_eta,2018,popolazione residente al 31 dicembre,totale,,9-24 anni,totale,diploma di tecnico superiore ITS o titolo di studio terziario di primo livello,,,totale,tutte le voci,tutte le voci,994.0
istruzione_eta,2018,popolazione residente al 31 dicembre,totale,,9-24 anni,totale,licenza di scuola elementare,,,totale,tutte le voci,tutte le voci,5776.0
istruzione_eta,2018,popolazione residente al 31 dicembre,totale,,9-24 anni,totale,licenza di scuola media inferiore o di avviamento professionale,,,totale,tutte le voci,tutte le voci,10512.0
istruzione_eta,2018,popolazione residente al 31 dicembre,totale,,9-24 anni,totale,nessun titolo di studio,,,totale,tutte le voci,tutte le voci,3723.0
istruzione_eta,2018,popolazione residente al 31 dicembre,totale,,9-24 anni,totale,titolo di studio terziario di secondo livello e dottorato di ricerca,,,totale,tutte le voci,tutte le voci,164.0
istruzione_eta,2018,popolazione residente al 31 dicembre,totale,,9-24 anni,totale,totale,,,totale,tutte le voci,tutte le voci,29385.0
istruzione_eta,2019,popolazione residente al 31 dicembre,femmine,,25-49 anni,totale,diploma di istruzione secondaria di II grado o di qualifica professionale (corso di 3-4 anni) compresi IFTS,,,totale,tutte le voci,tutte le voci,12056.0
istruzione_eta,2019,popolazione residente al 31 dicembre,femmine,,25-49 anni,totale,diploma di tecnico superiore ITS o titolo di studio terziario di primo livello,,,totale,tutte le voci,tutte le voci,3291.0
istruzione_eta,2019,popolazione residente al 31 dicembre,femmine,,25-49 anni,totale,licenza di scuola elementare,,,totale,tutte le voci,tutte le voci,693.0
istruzione_eta,2019,popolazione residente al 31 dicembre,femmine,,25-49 anni,totale,licenza di scuola media inferiore o di avviamento professionale,,,totale,tutte le voci,tutte le voci,5934.0
istruzione_eta,2019,popolazione residente al 31 dicembre,femmine,,25-49 anni,totale,nessun titolo di studio,,,totale,tutte le voci,tutte le voci,494.0
istruzione_eta,2019,popolazione residente al 31 dicembre,femmine,,25-49 anni,totale,titolo di studio terziario di secondo livello e dottorato di ricerca,,,totale,tutte le voci,tutte le voci,7631.0
istruzione_eta,2019,popolazione residente al 31 dicembre,femmine,,25-49 anni,totale,totale,,,totale,tutte le voci,tutte le voci,30099.0
istruzione_eta,2019,popolazione residente al 31 dicembre,femmine,,50-64 anni,totale,diploma di istruzione secondaria di II grado o di qualifica professionale (corso di 3-4 anni) compresi IFTS,,,totale,tutte le voci,tutte le voci,9597.0
istruzione_eta,2019,popolazione residente al 31 dicembre,femmine,,50-64 anni,totale,diploma di tecnico superiore ITS o titolo di studio terziario di primo livello,,,totale,tutte le voci,tutte le voci,715.0
istruzione_eta,2019,popolazione residente al 31 dicembre,femmine,,50-64 anni,totale,licenza di scuola elementare,,,totale,tutte le voci,tutte le voci,1190.0
istruzione_eta,2019,popolazione residente al 31 dicembre,femmine,,50-64 anni,totale,licenza di scuola media inferiore o di avviamento professionale,,,totale,tutte le voci,tutte le voci,6321.0
istruzione_eta,2019,popolazione residente al 31 dicembre,femmine,,50-64 anni,totale,nessun titolo di studio,,,totale,tutte le voci,tutte le voci,362.0
istruzione_eta,2019,popolazione residente al 31 dicembre,femmine,,50-64 anni,totale,titolo di studio terziario di secondo livello e dottorato di ricerca,,,totale,tutte le voci,tutte le voci,4229.0
istruzione_eta,2019,popolazione residente al 31 dicembre,femmine,,50-64 anni,totale,totale,,,totale,tutte le voci,tutte le voci,22414.0
istruzione_eta,2019,popolazione residente al 31 dicembre,femmine,,65 anni e più,totale,diploma di istruzione secondaria di II grado o di qualifica professionale (corso di 3-4 anni) compresi IFTS,,,totale,tutte le voci,tutte le voci,6698.0
istruzione_eta,2019,popolazione residente al 31 dicembre,femmine,,65 anni e più,totale,diploma di tecnico superiore ITS o titolo di studio terziario di primo livello,,,totale,tutte le voci,tutte le voci,228.0
istruzione_eta,2019,popolazione residente al 31 dicembre,femmine,,65 anni e più,totale,licenza di scuola elementare,,,totale,tutte le voci,tutte le voci,11854.0
istruzione_eta,2019,popolazione residente al 31 dicembre,femmine,,65 anni e più,totale,licenza di scuola media inferiore o di avviamento professionale,,,totale,tutte le voci,tutte le voci,7066.0
istruzione_eta,2019,popolazione residente al 31 dicembre,femmine,,65 anni e più,totale,nessun titolo di studio,,,totale,tutte le voci,tutte le voci,714.0
istruzione_eta,2019,popolazione residente al 31 dicembre,femmine,,65 anni e più,totale,titolo di studio terziario di secondo livello e dottorato di ricerca,,,totale,tutte le voci,tutte le voci,2433.0
istruzione_eta,2019,popolazione residente al 31 dicembre,femmine,,65 anni e più,totale,totale,,,totale,tutte le voci,tutte le voci,28993.0
istruzione_eta,2019,popolazione residente al 31 dicembre,femmine,,9 anni e più,totale,alfabeti privi di titolo di studio,,,totale,tutte le voci,tutte le voci,2940.0
istruzione_eta,2019,popolazione residente al 31 dicembre,femmine,,9 anni e più,totale,analfabeti,,,totale,tutte le voci,tutte le voci,430.0
istruzione_eta,2019,popolazione residente al 31 dicembre,femmine,,9 anni e più,totale,diploma di istruzione secondaria di II grado o di qualifica professionale (corso di 3-4 anni) compresi IFTS,,,totale,tutte le voci,tutte le voci,32435.0
istruzione_eta,2019,popolazione residente al 31 dicembre,femmine,,9 anni e più,totale,diploma di tecnico superiore ITS o titolo di studio terziario di primo livello,,,totale,tutte le voci,tutte le voci,4772.0
istruzione_eta,2019,popolazione residente al 31 dicembre,femmine,,9 anni e più,totale,dottorato di ricerca/diploma accademico di formazione alla ricerca,,,totale,tutte le voci,tutte le voci,539.0
istruzione_eta,2019,popolazione residente al 31 dicembre,femmine,,9 anni e più,totale,licenza di scuola elementare,,,totale,tutte le voci,tutte le voci,16602.0
istruzione_eta,2019,popolazione residente al 31 dicembre,femmine,,9 anni e più,totale,licenza di scuola media inferiore o di avviamento professionale,,,totale,tutte le voci,tutte le voci,24239.0
istruzione_eta,2019,popolazione residente al 31 dicembre,femmine,,9 anni e più,totale,nessun titolo di studio,,,totale,tutte le voci,tutte le voci,3370.0
istruzione_eta,2019,popolazione residente al 31 dicembre,femmine,,9 anni e più,totale,titolo di studio terziario di secondo livello,,,totale,tutte le voci,tutte le voci,13804.0
istruzione_eta,2019,popolazione residente al 31 dicembre,femmine,,9 anni e più,totale,titolo di studio terziario di secondo livello e dottorato di ricerca,,,totale,tutte le voci,tutte le voci,14343.0
istruzione_eta,2019,popolazione residente al 31 dicembre,femmine,,9 anni e più,totale,totale,,,totale,tutte le voci,tutte le voci,95761.0
istruzione_eta,2019,popolazione residente al 31 dicembre,femmine,,9-24 anni,totale,diploma di istruzione secondaria di II grado o di qualifica professionale (corso di 3-4 anni) compresi IFTS,,,totale,tutte le voci,tutte le voci,4084.0
istruzione_eta,2019,popolazione residente al 31 dicembre,femmine,,9-24 anni,totale,diploma di tecnico superiore ITS o titolo di studio terziario di primo livello,,,totale,tutte le voci,tutte le voci,538.0
istruzione_eta,2019,popolazione residente al 31 dicembre,femmine,,9-24 anni,totale,licenza di scuola elementare,,,totale,tutte le voci,tutte le voci,2865.0
istruzione_eta,2019,popolazione residente al 31 dicembre,femmine,,9-24 anni,totale,licenza di scuola media inferiore o di avviamento professionale,,,totale,tutte le voci,tutte le voci,4918.0
istruzione_eta,2019,popolazione residente al 31 dicembre,femmine,,9-24 anni,totale,nessun titolo di studio,,,totale,tutte le voci,tutte le voci,1800.0
istruzione_eta,2019,popolazione residente al 31 dicembre,femmine,,9-24 anni,totale,titolo di studio terziario di secondo livello e dottorato di ricerca,,,totale,tutte le voci,tutte le voci,50.0
istruzione_eta,2019,popolazione residente al 31 dicembre,femmine,,9-24 anni,totale,totale,,,totale,tutte le voci,tutte le voci,14255.0
istruzione_eta,2019,popolazione residente al 31 dicembre,maschi,,25-49 anni,totale,diploma di istruzione secondaria di II grado o di qualifica professionale (corso di 3-4 anni) compresi IFTS,,,totale,tutte le voci,tutte le voci,13175.0
istruzione_eta,2019,popolazione residente al 31 dicembre,maschi,,25-49 anni,totale,diploma di tecnico superiore ITS o titolo di studio terziario di primo livello,,,totale,tutte le voci,tutte le voci,2515.0
istruzione_eta,2019,popolazione residente al 31 dicembre,maschi,,25-49 anni,totale,licenza di scuola elementare,,,totale,tutte le voci,tutte le voci,782.0
istruzione_eta,2019,popolazione residente al 31 dicembre,maschi,,25-49 anni,totale,licenza di scuola media inferiore o di avviamento professionale,,,totale,tutte le voci,tutte le voci,7781.0
istruzione_eta,2019,popolazione residente al 31 dicembre,maschi,,25-49 anni,totale,nessun titolo di studio,,,totale,tutte le voci,tutte le voci,452.0
istruzione_eta,2019,popolazione residente al 31 dicembre,maschi,,25-49 anni,totale,titolo di studio terziario di secondo livello e dottorato di ricerca,,,totale,tutte le voci,tutte le voci,5990.0
istruzione_eta,2019,popolazione residente al 31 dicembre,maschi,,25-49 anni,totale,totale,,,totale,tutte le voci,tutte le voci,30695.0
istruzione_eta,2019,popolazione residente al 31 dicembre,maschi,,50-64 anni,totale,diploma di istruzione secondaria di II grado o di qualifica professionale (corso di 3-4 anni) compresi IFTS,,,totale,tutte le voci,tutte le voci,8121.0
istruzione_eta,2019,popolazione residente al 31 dicembre,maschi,,50-64 anni,totale,diploma di tecnico superiore ITS o titolo di studio terziario di primo livello,,,totale,tutte le voci,tutte le voci,377.0
istruzione_eta,2019,popolazione residente al 31 dicembre,maschi,,50-64 anni,totale,licenza di scuola elementare,,,totale,tutte le voci,tutte le voci,1085.0
istruzione_eta,2019,popolazione residente al 31 dicembre,maschi,,50-64 anni,totale,licenza di scuola media inferiore o di avviamento professionale,,,totale,tutte le voci,tutte le voci,6912.0
istruzione_eta,2019,popolazione residente al 31 dicembre,maschi,,50-64 anni,totale,nessun titolo di studio,,,totale,tutte le voci,tutte le voci,298.0
istruzione_eta,2019,popolazione residente al 31 dicembre,maschi,,50-64 anni,totale,titolo di studio terziario di secondo livello e dottorato di ricerca,,,totale,tutte le voci,tutte le voci,3658.0
istruzione_eta,2019,popolazione residente al 31 dicembre,maschi,,50-64 anni,totale,totale,,,totale,tutte le voci,tutte le voci,20451.0
istruzione_eta,2019,popolazione residente al 31 dicembre,maschi,,65 anni e più,totale,diploma di istruzione secondaria di II grado o di qualifica professionale (corso di 3-4 anni) compresi IFTS,,,totale,tutte le voci,tutte le voci,5671.0
istruzione_eta,2019,popolazione residente al 31 dicembre,maschi,,65 anni e più,totale,diploma di tecnico superiore ITS o titolo di studio terziario di primo livello,,,totale,tutte le voci,tutte le voci,120.0
istruzione_eta,2019,popolazione residente al 31 dicembre,maschi,,65 anni e più,totale,licenza di scuola elementare,,,totale,tutte le voci,tutte le voci,5407.0
istruzione_eta,2019,popolazione residente al 31 dicembre,maschi,,65 anni e più,totale,licenza di scuola media inferiore o di avviamento professionale,,,totale,tutte le voci,tutte le voci,5388.0
istruzione_eta,2019,popolazione residente al 31 dicembre,maschi,,65 anni e più,totale,nessun titolo di studio,,,totale,tutte le voci,tutte le voci,233.0
istruzione_eta,2019,popolazione residente al 31 dicembre,maschi,,65 anni e più,totale,titolo di studio terziario di secondo livello e dottorato di ricerca,,,totale,tutte le voci,tutte le voci,2965.0
istruzione_eta,2019,popolazione residente al 31 dicembre,maschi,,65 anni e più,totale,totale,,,totale,tutte le voci,tutte le voci,19784.0
istruzione_eta,2019,popolazione residente al 31 dicembre,maschi,,9 anni e più,totale,alfabeti privi di titolo di studio,,,totale,tutte le voci,tutte le voci,2644.0
istruzione_eta,2019,popolazione residente al 31 dicembre,maschi,,9 anni e più,totale,analfabeti,,,totale,tutte le voci,tutte le voci,291.0
istruzione_eta,2019,popolazione residente al 31 dicembre,maschi,,9 anni e più,totale,diploma di istruzione secondaria di II grado o di qualifica professionale (corso di 3-4 anni) compresi IFTS,,,totale,tutte le voci,tutte le voci,31266.0
istruzione_eta,2019,popolazione residente al 31 dicembre,maschi,,9 anni e più,totale,diploma di tecnico superiore ITS o titolo di studio terziario di primo livello,,,totale,tutte le voci,tutte le voci,3479.0
istruzione_eta,2019,popolazione residente al 31 dicembre,maschi,,9 anni e più,totale,dottorato di ricerca/diploma accademico di formazione alla ricerca,,,totale,tutte le voci,tutte le voci,450.0
istruzione_eta,2019,popolazione residente al 31 dicembre,maschi,,9 anni e più,totale,licenza di scuola elementare,,,totale,tutte le voci,tutte le voci,10288.0
istruzione_eta,2019,popolazione residente al 31 dicembre,maschi,,9 anni e più,totale,licenza di scuola media inferiore o di avviamento professionale,,,totale,tutte le voci,tutte le voci,25699.0
istruzione_eta,2019,popolazione residente al 31 dicembre,maschi,,9 anni e più,totale,nessun titolo di studio,,,totale,tutte le voci,tutte le voci,2935.0
istruzione_eta,2019,popolazione residente al 31 dicembre,maschi,,9 anni e più,totale,titolo di studio terziario di secondo livello,,,totale,tutte le voci,tutte le voci,12193.0
istruzione_eta,2019,popolazione residente al 31 dicembre,maschi,,9 anni e più,totale,titolo di studio terziario di secondo livello e dottorato di ricerca,,,totale,tutte le voci,tutte le voci,12642.0
istruzione_eta,2019,popolazione residente al 31 dicembre,maschi,,9 anni e più,totale,totale,,,totale,tutte le voci,tutte le voci,86309.0
istruzione_eta,2019,popolazione residente al 31 dicembre,maschi,,9-24 anni,totale,diploma di istruzione secondaria di II grado o di qualifica professionale (corso di 3-4 anni) compresi IFTS,,,totale,tutte le voci,tutte le voci,4299.0
istruzione_eta,2019,popolazione residente al 31 dicembre,maschi,,9-24 anni,totale,diploma di tecnico superiore ITS o titolo di studio terziario di primo livello,,,totale,tutte le voci,tutte le voci,467.0
istruzione_eta,2019,popolazione residente al 31 dicembre,maschi,,9-24 anni,totale,licenza di scuola elementare,,,totale,tutte le voci,tutte le voci,3014.0
istruzione_eta,2019,popolazione residente al 31 dicembre,maschi,,9-24 anni,totale,licenza di scuola media inferiore o di avviamento professionale,,,totale,tutte le voci,tutte le voci,5618.0
istruzione_eta,2019,popolazione residente al 31 dicembre,maschi,,9-24 anni,totale,nessun titolo di studio,,,totale,tutte le voci,tutte le voci,1952.0
istruzione_eta,2019,popolazione residente al 31 dicembre,maschi,,9-24 anni,totale,titolo di studio terziario di secondo livello e dottorato di ricerca,,,totale,tutte le voci,tutte le voci,29.0
istruzione_eta,2019,popolazione residente al 31 dicembre,maschi,,9-24 anni,totale,totale,,,totale,tutte le voci,tutte le voci,15379.0
istruzione_eta,2019,popolazione residente al 31 dicembre,totale,,25-49 anni,totale,diploma di istruzione secondaria di II grado o di qualifica professionale (corso di 3-4 anni) compresi IFTS,,,totale,tutte le voci,tutte le voci,25231.0
istruzione_eta,2019,popolazione residente al 31 dicembre,totale,,25-49 anni,totale,diploma di tecnico superiore ITS o titolo di studio terziario di primo livello,,,totale,tutte le voci,tutte le voci,5806.0
istruzione_eta,2019,popolazione residente al 31 dicembre,totale,,25-49 anni,totale,licenza di scuola elementare,,,totale,tutte le voci,tutte le voci,1475.0
istruzione_eta,2019,popolazione residente al 31 dicembre,totale,,25-49 anni,totale,licenza di scuola media inferiore o di avviamento professionale,,,totale,tutte le voci,tutte le voci,13715.0
istruzione_eta,2019,popolazione residente al 31 dicembre,totale,,25-49 anni,totale,nessun titolo di studio,,,totale,tutte le voci,tutte le voci,946.0
istruzione_eta,2019,popolazione residente al 31 dicembre,totale,,25-49 anni,totale,titolo di studio terziario di secondo livello e dottorato di ricerca,,,totale,tutte le voci,tutte le voci,13621.0
istruzione_eta,2019,popolazione residente al 31 dicembre,totale,,25-49 anni,totale,totale,,,totale,tutte le voci,tutte le voci,60794.0
istruzione_eta,2019,popolazione residente al 31 dicembre,totale,,50-64 anni,totale,diploma di istruzione secondaria di II grado o di qualifica professionale (corso di 3-4 anni) compresi IFTS,,,totale,tutte le voci,tutte le voci,17718.0
istruzione_eta,2019,popolazione residente al 31 dicembre,totale,,50-64 anni,totale,diploma di tecnico superiore ITS o titolo di studio terziario di primo livello,,,totale,tutte le voci,tutte le voci,1092.0
istruzione_eta,2019,popolazione residente al 31 dicembre,totale,,50-64 anni,totale,licenza di scuola elementare,,,totale,tutte le voci,tutte le voci,2275.0
istruzione_eta,2019,popolazione residente al 31 dicembre,totale,,50-64 anni,totale,licenza di scuola media inferiore o di avviamento professionale,,,totale,tutte le voci,tutte le voci,13233.0
istruzione_eta,2019,popolazione residente al 31 dicembre,totale,,50-64 anni,totale,nessun titolo di studio,,,totale,tutte le voci,tutte le voci,660.0
istruzione_eta,2019,popolazione residente al 31 dicembre,totale,,50-64 anni,totale,titolo di studio terziario di secondo livello e dottorato di ricerca,,,totale,tutte le voci,tutte le voci,7887.0
istruzione_eta,2019,popolazione residente al 31 dicembre,totale,,50-64 anni,totale,totale,,,totale,tutte le voci,tutte le voci,42865.0
istruzione_eta,2019,popolazione residente al 31 dicembre,totale,,65 anni e più,totale,diploma di istruzione secondaria di II grado o di qualifica professionale (corso di 3-4 anni) compresi IFTS,,,totale,tutte le voci,tutte le voci,12369.0
istruzione_eta,2019,popolazione residente al 31 dicembre,totale,,65 anni e più,totale,diploma di tecnico superiore ITS o titolo di studio terziario di primo livello,,,totale,tutte le voci,tutte le voci,348.0
istruzione_eta,2019,popolazione residente al 31 dicembre,totale,,65 anni e più,totale,licenza di scuola elementare,,,totale,tutte le voci,tutte le voci,17261.0
istruzione_eta,2019,popolazione residente al 31 dicembre,totale,,65 anni e più,totale,licenza di scuola media inferiore o di avviamento professionale,,,totale,tutte le voci,tutte le voci,12454.0
istruzione_eta,2019,popolazione residente al 31 dicembre,totale,,65 anni e più,totale,nessun titolo di studio,,,totale,tutte le voci,tutte le voci,947.0
istruzione_eta,2019,popolazione residente al 31 dicembre,totale,,65 anni e più,totale,titolo di studio terziario di secondo livello e dottorato di ricerca,,,totale,tutte le voci,tutte le voci,5398.0
istruzione_eta,2019,popolazione residente al 31 dicembre,totale,,65 anni e più,totale,totale,,,totale,tutte le voci,tutte le voci,48777.0
istruzione_eta,2019,popolazione residente al 31 dicembre,totale,,9 anni e più,totale,alfabeti privi di titolo di studio,,,totale,tutte le voci,tutte le voci,5584.0
istruzione_eta,2019,popolazione residente al 31 dicembre,totale,,9 anni e più,totale,analfabeti,,,totale,tutte le voci,tutte le voci,721.0
istruzione_eta,2019,popolazione residente al 31 dicembre,totale,,9 anni e più,totale,diploma di istruzione secondaria di II grado o di qualifica professionale (corso di 3-4 anni) compresi IFTS,,,totale,tutte le voci,tutte le voci,63701.0
istruzione_eta,2019,popolazione residente al 31 dicembre,totale,,9 anni e più,totale,diploma di tecnico superiore ITS o titolo di studio terziario di primo livello,,,totale,tutte le voci,tutte le voci,8251.0
istruzione_eta,2019,popolazione residente al 31 dicembre,totale,,9 anni e più,totale,dottorato di ricerca/diploma accademico di formazione alla ricerca,,,totale,tutte le voci,tutte le voci,989.0
istruzione_eta,2019,popolazione residente al 31 dicembre,totale,,9 anni e più,totale,licenza di scuola elementare,,,totale,tutte le voci,tutte le voci,26890.0
istruzione_eta,2019,popolazione residente al 31 dicembre,totale,,9 anni e più,totale,licenza di scuola media inferiore o di avviamento professionale,,,totale,tutte le voci,tutte le voci,49938.0
istruzione_eta,2019,popolazione residente al 31 dicembre,totale,,9 anni e più,totale,nessun titolo di studio,,,totale,tutte le voci,tutte le voci,6305.0
istruzione_eta,2019,popolazione residente al 31 dicembre,totale,,9 anni e più,totale,titolo di studio terziario di secondo livello,,,totale,tutte le voci,tutte le voci,25997.0
istruzione_eta,2019,popolazione residente al 31 dicembre,totale,,9 anni e più,totale,titolo di studio terziario di secondo livello e dottorato di ricerca,,,totale,tutte le voci,tutte le voci,26985.0
istruzione_eta,2019,popolazione residente al 31 dicembre,totale,,9 anni e più,totale,totale,,,totale,tutte le voci,tutte le voci,182070.0
istruzione_eta,2019,popolazione residente al 31 dicembre,totale,,9-24 anni,totale,diploma di istruzione secondaria di II grado o di qualifica professionale (corso di 3-4 anni) compresi IFTS,,,totale,tutte le voci,tutte le voci,8383.0
istruzione_eta,2019,popolazione residente al 31 dicembre,totale,,9-24 anni,totale,diploma di tecnico superiore ITS o titolo di studio terziario di primo livello,,,totale,tutte le voci,tutte le voci,1005.0
istruzione_eta,2019,popolazione residente al 31 dicembre,totale,,9-24 anni,totale,licenza di scuola elementare,,,totale,tutte le voci,tutte le voci,5879.0
istruzione_eta,2019,popolazione residente al 31 dicembre,totale,,9-24 anni,totale,licenza di scuola media inferiore o di avviamento professionale,,,totale,tutte le voci,tutte le voci,10536.0
istruzione_eta,2019,popolazione residente al 31 dicembre,totale,,9-24 anni,totale,nessun titolo di studio,,,totale,tutte le voci,tutte le voci,3752.0
istruzione_eta,2019,popolazione residente al 31 dicembre,totale,,9-24 anni,totale,titolo di studio terziario di secondo livello e dottorato di ricerca,,,totale,tutte le voci,tutte le voci,79.0
istruzione_eta,2019,popolazione residente al 31 dicembre,totale,,9-24 anni,totale,totale,,,totale,tutte le voci,tutte le voci,29634.0
istruzione_eta,2020,popolazione residente al 31 dicembre,femmine,,25-49 anni,totale,diploma di istruzione secondaria di II grado o di qualifica professionale (corso di 3-4 anni) compresi IFTS,,,totale,tutte le voci,tutte le voci,11739.0
istruzione_eta,2020,popolazione residente al 31 dicembre,femmine,,25-49 anni,totale,diploma di tecnico superiore ITS o titolo di studio terziario di primo livello,,,totale,tutte le voci,tutte le voci,3279.0
istruzione_eta,2020,popolazione residente al 31 dicembre,femmine,,25-49 anni,totale,licenza di scuola elementare,,,totale,tutte le voci,tutte le voci,683.0
istruzione_eta,2020,popolazione residente al 31 dicembre,femmine,,25-49 anni,totale,licenza di scuola media inferiore o di avviamento professionale,,,totale,tutte le voci,tutte le voci,5737.0
istruzione_eta,2020,popolazione residente al 31 dicembre,femmine,,25-49 anni,totale,nessun titolo di studio,,,totale,tutte le voci,tutte le voci,460.0
istruzione_eta,2020,popolazione residente al 31 dicembre,femmine,,25-49 anni,totale,titolo di studio terziario di secondo livello e dottorato di ricerca,,,totale,tutte le voci,tutte le voci,8117.0
istruzione_eta,2020,popolazione residente al 31 dicembre,femmine,,25-49 anni,totale,totale,,,totale,tutte le voci,tutte le voci,30015.0
istruzione_eta,2020,popolazione residente al 31 dicembre,femmine,,50-64 anni,totale,diploma di istruzione secondaria di II grado o di qualifica professionale (corso di 3-4 anni) compresi IFTS,,,totale,tutte le voci,tutte le voci,9811.0
istruzione_eta,2020,popolazione residente al 31 dicembre,femmine,,50-64 anni,totale,diploma di tecnico superiore ITS o titolo di studio terziario di primo livello,,,totale,tutte le voci,tutte le voci,773.0
istruzione_eta,2020,popolazione residente al 31 dicembre,femmine,,50-64 anni,totale,licenza di scuola elementare,,,totale,tutte le voci,tutte le voci,1132.0
istruzione_eta,2020,popolazione residente al 31 dicembre,femmine,,50-64 anni,totale,licenza di scuola media inferiore o di avviamento professionale,,,totale,tutte le voci,tutte le voci,6297.0
istruzione_eta,2020,popolazione residente al 31 dicembre,femmine,,50-64 anni,totale,nessun titolo di studio,,,totale,tutte le voci,tutte le voci,369.0
istruzione_eta,2020,popolazione residente al 31 dicembre,femmine,,50-64 anni,totale,titolo di studio terziario di secondo livello e dottorato di ricerca,,,totale,tutte le voci,tutte le voci,4363.0
istruzione_eta,2020,popolazione residente al 31 dicembre,femmine,,50-64 anni,totale,totale,,,totale,tutte le voci,tutte le voci,22745.0
istruzione_eta,2020,popolazione residente al 31 dicembre,femmine,,65 anni e più,totale,diploma di istruzione secondaria di II grado o di qualifica professionale (corso di 3-4 anni) compresi IFTS,,,totale,tutte le voci,tutte le voci,7027.0
istruzione_eta,2020,popolazione residente al 31 dicembre,femmine,,65 anni e più,totale,diploma di tecnico superiore ITS o titolo di studio terziario di primo livello,,,totale,tutte le voci,tutte le voci,251.0
istruzione_eta,2020,popolazione residente al 31 dicembre,femmine,,65 anni e più,totale,licenza di scuola elementare,,,totale,tutte le voci,tutte le voci,11221.0
istruzione_eta,2020,popolazione residente al 31 dicembre,femmine,,65 anni e più,totale,licenza di scuola media inferiore o di avviamento professionale,,,totale,tutte le voci,tutte le voci,7098.0
istruzione_eta,2020,popolazione residente al 31 dicembre,femmine,,65 anni e più,totale,nessun titolo di studio,,,totale,tutte le voci,tutte le voci,661.0
istruzione_eta,2020,popolazione residente al 31 dicembre,femmine,,65 anni e più,totale,titolo di studio terziario di secondo livello e dottorato di ricerca,,,totale,tutte le voci,tutte le voci,2621.0
istruzione_eta,2020,popolazione residente al 31 dicembre,femmine,,65 anni e più,totale,totale,,,totale,tutte le voci,tutte le voci,28879.0
istruzione_eta,2020,popolazione residente al 31 dicembre,femmine,,9 anni e più,totale,alfabeti privi di titolo di studio,,,totale,tutte le voci,tutte le voci,2894.0
istruzione_eta,2020,popolazione residente al 31 dicembre,femmine,,9 anni e più,totale,analfabeti,,,totale,tutte le voci,tutte le voci,399.0
istruzione_eta,2020,popolazione residente al 31 dicembre,femmine,,9 anni e più,totale,diploma di istruzione secondaria di II grado o di qualifica professionale (corso di 3-4 anni) compresi IFTS,,,totale,tutte le voci,tutte le voci,32614.0
istruzione_eta,2020,popolazione residente al 31 dicembre,femmine,,9 anni e più,totale,diploma di tecnico superiore ITS o titolo di studio terziario di primo livello,,,totale,tutte le voci,tutte le voci,4865.0
istruzione_eta,2020,popolazione residente al 31 dicembre,femmine,,9 anni e più,totale,dottorato di ricerca/diploma accademico di formazione alla ricerca,,,totale,tutte le voci,tutte le voci,547.0
istruzione_eta,2020,popolazione residente al 31 dicembre,femmine,,9 anni e più,totale,licenza di scuola elementare,,,totale,tutte le voci,tutte le voci,15877.0
istruzione_eta,2020,popolazione residente al 31 dicembre,femmine,,9 anni e più,totale,licenza di scuola media inferiore o di avviamento professionale,,,totale,tutte le voci,tutte le voci,24159.0
istruzione_eta,2020,popolazione residente al 31 dicembre,femmine,,9 anni e più,totale,nessun titolo di studio,,,totale,tutte le voci,tutte le voci,3293.0
istruzione_eta,2020,popolazione residente al 31 dicembre,femmine,,9 anni e più,totale,titolo di studio terziario di secondo livello,,,totale,tutte le voci,tutte le voci,14621.0
istruzione_eta,2020,popolazione residente al 31 dicembre,femmine,,9 anni e più,totale,titolo di studio terziario di secondo livello e dottorato di ricerca,,,totale,tutte le voci,tutte le voci,15168.0
istruzione_eta,2020,popolazione residente al 31 dicembre,femmine,,9 anni e più,totale,totale,,,totale,tutte le voci,tutte le voci,95976.0
istruzione_eta,2020,popolazione residente al 31 dicembre,femmine,,9-24 anni,totale,diploma di istruzione secondaria di II grado o di qualifica professionale (corso di 3-4 anni) compresi IFTS,,,totale,tutte le voci,tutte le voci,4037.0
istruzione_eta,2020,popolazione residente al 31 dicembre,femmine,,9-24 anni,totale,diploma di tecnico superiore ITS o titolo di studio terziario di primo livello,,,totale,tutte le voci,tutte le voci,562.0
istruzione_eta,2020,popolazione residente al 31 dicembre,femmine,,9-24 anni,totale,licenza di scuola elementare,,,totale,tutte le voci,tutte le voci,2841.0
istruzione_eta,2020,popolazione residente al 31 dicembre,femmine,,9-24 anni,totale,licenza di scuola media inferiore o di avviamento professionale,,,totale,tutte le voci,tutte le voci,5027.0
istruzione_eta,2020,popolazione residente al 31 dicembre,femmine,,9-24 anni,totale,nessun titolo di studio,,,totale,tutte le voci,tutte le voci,1803.0
istruzione_eta,2020,popolazione residente al 31 dicembre,femmine,,9-24 anni,totale,titolo di studio terziario di secondo livello e dottorato di ricerca,,,totale,tutte le voci,tutte le voci,67.0
istruzione_eta,2020,popolazione residente al 31 dicembre,femmine,,9-24 anni,totale,totale,,,totale,tutte le voci,tutte le voci,14337.0
istruzione_eta,2020,popolazione residente al 31 dicembre,maschi,,25-49 anni,totale,diploma di istruzione secondaria di II grado o di qualifica professionale (corso di 3-4 anni) compresi IFTS,,,totale,tutte le voci,tutte le voci,13378.0
istruzione_eta,2020,popolazione residente al 31 dicembre,maschi,,25-49 anni,totale,diploma di tecnico superiore ITS o titolo di studio terziario di primo livello,,,totale,tutte le voci,tutte le voci,2466.0
istruzione_eta,2020,popolazione residente al 31 dicembre,maschi,,25-49 anni,totale,licenza di scuola elementare,,,totale,tutte le voci,tutte le voci,749.0
istruzione_eta,2020,popolazione residente al 31 dicembre,maschi,,25-49 anni,totale,licenza di scuola media inferiore o di avviamento professionale,,,totale,tutte le voci,tutte le voci,7630.0
istruzione_eta,2020,popolazione residente al 31 dicembre,maschi,,25-49 anni,totale,nessun titolo di studio,,,totale,tutte le voci,tutte le voci,506.0
istruzione_eta,2020,popolazione residente al 31 dicembre,maschi,,25-49 anni,totale,titolo di studio terziario di secondo livello e dottorato di ricerca,,,totale,tutte le voci,tutte le voci,6418.0
istruzione_eta,2020,popolazione residente al 31 dicembre,maschi,,25-49 anni,totale,totale,,,totale,tutte le voci,tutte le voci,31147.0
istruzione_eta,2020,popolazione residente al 31 dicembre,maschi,,50-64 anni,totale,diploma di istruzione secondaria di II grado o di qualifica professionale (corso di 3-4 anni) compresi IFTS,,,totale,tutte le voci,tutte le voci,8312.0
istruzione_eta,2020,popolazione residente al 31 dicembre,maschi,,50-64 anni,totale,diploma di tecnico superiore ITS o titolo di studio terziario di primo livello,,,totale,tutte le voci,tutte le voci,358.0
istruzione_eta,2020,popolazione residente al 31 dicembre,maschi,,50-64 anni,totale,licenza di scuola elementare,,,totale,tutte le voci,tutte le voci,1050.0
istruzione_eta,2020,popolazione residente al 31 dicembre,maschi,,50-64 anni,totale,licenza di scuola media inferiore o di avviamento professionale,,,totale,tutte le voci,tutte le voci,7012.0
istruzione_eta,2020,popolazione residente al 31 dicembre,maschi,,50-64 anni,totale,nessun titolo di studio,,,totale,tutte le voci,tutte le voci,275.0
istruzione_eta,2020,popolazione residente al 31 dicembre,maschi,,50-64 anni,totale,titolo di studio terziario di secondo livello e dottorato di ricerca,,,totale,tutte le voci,tutte le voci,3802.0
istruzione_eta,2020,popolazione residente al 31 dicembre,maschi,,50-64 anni,totale,totale,,,totale,tutte le voci,tutte le voci,20809.0
istruzione_eta,2020,popolazione residente al 31 dicembre,maschi,,65 anni e più,totale,diploma di istruzione secondaria di II grado o di qualifica professionale (corso di 3-4 anni) compresi IFTS,,,totale,tutte le voci,tutte le voci,5849.0
istruzione_eta,2020,popolazione residente al 31 dicembre,maschi,,65 anni e più,totale,diploma di tecnico superiore ITS o titolo di studio terziario di primo livello,,,totale,tutte le voci,tutte le voci,148.0
istruzione_eta,2020,popolazione residente al 31 dicembre,maschi,,65 anni e più,totale,licenza di scuola elementare,,,totale,tutte le voci,tutte le voci,5108.0
istruzione_eta,2020,popolazione residente al 31 dicembre,maschi,,65 anni e più,totale,licenza di scuola media inferiore o di avviamento professionale,,,totale,tutte le voci,tutte le voci,5294.0
istruzione_eta,2020,popolazione residente al 31 dicembre,maschi,,65 anni e più,totale,nessun titolo di studio,,,totale,tutte le voci,tutte le voci,232.0
istruzione_eta,2020,popolazione residente al 31 dicembre,maschi,,65 anni e più,totale,titolo di studio terziario di secondo livello e dottorato di ricerca,,,totale,tutte le voci,tutte le voci,3032.0
istruzione_eta,2020,popolazione residente al 31 dicembre,maschi,,65 anni e più,totale,totale,,,totale,tutte le voci,tutte le voci,19663.0
istruzione_eta,2020,popolazione residente al 31 dicembre,maschi,,9 anni e più,totale,alfabeti privi di titolo di studio,,,totale,tutte le voci,tutte le voci,2632.0
istruzione_eta,2020,popolazione residente al 31 dicembre,maschi,,9 anni e più,totale,analfabeti,,,totale,tutte le voci,tutte le voci,293.0
istruzione_eta,2020,popolazione residente al 31 dicembre,maschi,,9 anni e più,totale,diploma di istruzione secondaria di II grado o di qualifica professionale (corso di 3-4 anni) compresi IFTS,,,totale,tutte le voci,tutte le voci,31839.0
istruzione_eta,2020,popolazione residente al 31 dicembre,maschi,,9 anni e più,totale,diploma di tecnico superiore ITS o titolo di studio terziario di primo livello,,,totale,tutte le voci,tutte le voci,3441.0
istruzione_eta,2020,popolazione residente al 31 dicembre,maschi,,9 anni e più,totale,dottorato di ricerca/diploma accademico di formazione alla ricerca,,,totale,tutte le voci,tutte le voci,451.0
istruzione_eta,2020,popolazione residente al 31 dicembre,maschi,,9 anni e più,totale,licenza di scuola elementare,,,totale,tutte le voci,tutte le voci,9956.0
istruzione_eta,2020,popolazione residente al 31 dicembre,maschi,,9 anni e più,totale,licenza di scuola media inferiore o di avviamento professionale,,,totale,tutte le voci,tutte le voci,25663.0
istruzione_eta,2020,popolazione residente al 31 dicembre,maschi,,9 anni e più,totale,nessun titolo di studio,,,totale,tutte le voci,tutte le voci,2925.0
istruzione_eta,2020,popolazione residente al 31 dicembre,maschi,,9 anni e più,totale,titolo di studio terziario di secondo livello,,,totale,tutte le voci,tutte le voci,12870.0
istruzione_eta,2020,popolazione residente al 31 dicembre,maschi,,9 anni e più,totale,titolo di studio terziario di secondo livello e dottorato di ricerca,,,totale,tutte le voci,tutte le voci,13321.0
istruzione_eta,2020,popolazione residente al 31 dicembre,maschi,,9 anni e più,totale,totale,,,totale,tutte le voci,tutte le voci,87145.0
istruzione_eta,2020,popolazione residente al 31 dicembre,maschi,,9-24 anni,totale,diploma di istruzione secondaria di II grado o di qualifica professionale (corso di 3-4 anni) compresi IFTS,,,totale,tutte le voci,tutte le voci,4300.0
istruzione_eta,2020,popolazione residente al 31 dicembre,maschi,,9-24 anni,totale,diploma di tecnico superiore ITS o titolo di studio terziario di primo livello,,,totale,tutte le voci,tutte le voci,469.0
istruzione_eta,2020,popolazione residente al 31 dicembre,maschi,,9-24 anni,totale,licenza di scuola elementare,,,totale,tutte le voci,tutte le voci,3049.0
istruzione_eta,2020,popolazione residente al 31 dicembre,maschi,,9-24 anni,totale,licenza di scuola media inferiore o di avviamento professionale,,,totale,tutte le voci,tutte le voci,5727.0
istruzione_eta,2020,popolazione residente al 31 dicembre,maschi,,9-24 anni,totale,nessun titolo di studio,,,totale,tutte le voci,tutte le voci,1912.0
istruzione_eta,2020,popolazione residente al 31 dicembre,maschi,,9-24 anni,totale,titolo di studio terziario di secondo livello e dottorato di ricerca,,,totale,tutte le voci,tutte le voci,69.0
istruzione_eta,2020,popolazione residente al 31 dicembre,maschi,,9-24 anni,totale,totale,,,totale,tutte le voci,tutte le voci,15526.0
istruzione_eta,2020,popolazione residente al 31 dicembre,totale,,25-49 anni,totale,diploma di istruzione secondaria di II grado o di qualifica professionale (corso di 3-4 anni) compresi IFTS,,,totale,tutte le voci,tutte le voci,25117.0
istruzione_eta,2020,popolazione residente al 31 dicembre,totale,,25-49 anni,totale,diploma di tecnico superiore ITS o titolo di studio terziario di primo livello,,,totale,tutte le voci,tutte le voci,5745.0
istruzione_eta,2020,popolazione residente al 31 dicembre,totale,,25-49 anni,totale,licenza di scuola elementare,,,totale,tutte le voci,tutte le voci,1432.0
istruzione_eta,2020,popolazione residente al 31 dicembre,totale,,25-49 anni,totale,licenza di scuola media inferiore o di avviamento professionale,,,totale,tutte le voci,tutte le voci,13367.0
istruzione_eta,2020,popolazione residente al 31 dicembre,totale,,25-49 anni,totale,nessun titolo di studio,,,totale,tutte le voci,tutte le voci,966.0
istruzione_eta,2020,popolazione residente al 31 dicembre,totale,,25-49 anni,totale,titolo di studio terziario di secondo livello e dottorato di ricerca,,,totale,tutte le voci,tutte le voci,14535.0
istruzione_eta,2020,popolazione residente al 31 dicembre,totale,,25-49 anni,totale,totale,,,totale,tutte le voci,tutte le voci,61162.0
istruzione_eta,2020,popolazione residente al 31 dicembre,totale,,50-64 anni,totale,diploma di istruzione secondaria di II grado o di qualifica professionale (corso di 3-4 anni) compresi IFTS,,,totale,tutte le voci,tutte le voci,18123.0
istruzione_eta,2020,popolazione residente al 31 dicembre,totale,,50-64 anni,totale,diploma di tecnico superiore ITS o titolo di studio terziario di primo livello,,,totale,tutte le voci,tutte le voci,1131.0
istruzione_eta,2020,popolazione residente al 31 dicembre,totale,,50-64 anni,totale,licenza di scuola elementare,,,totale,tutte le voci,tutte le voci,2182.0
istruzione_eta,2020,popolazione residente al 31 dicembre,totale,,50-64 anni,totale,licenza di scuola media inferiore o di avviamento professionale,,,totale,tutte le voci,tutte le voci,13309.0
istruzione_eta,2020,popolazione residente al 31 dicembre,totale,,50-64 anni,totale,nessun titolo di studio,,,totale,tutte le voci,tutte le voci,644.0
istruzione_eta,2020,popolazione residente al 31 dicembre,totale,,50-64 anni,totale,titolo di studio terziario di secondo livello e dottorato di ricerca,,,totale,tutte le voci,tutte le voci,8165.0
istruzione_eta,2020,popolazione residente al 31 dicembre,totale,,50-64 anni,totale,totale,,,totale,tutte le voci,tutte le voci,43554.0
istruzione_eta,2020,popolazione residente al 31 dicembre,totale,,65 anni e più,totale,diploma di istruzione secondaria di II grado o di qualifica professionale (corso di 3-4 anni) compresi IFTS,,,totale,tutte le voci,tutte le voci,12876.0
istruzione_eta,2020,popolazione residente al 31 dicembre,totale,,65 anni e più,totale,diploma di tecnico superiore ITS o titolo di studio terziario di primo livello,,,totale,tutte le voci,tutte le voci,399.0
istruzione_eta,2020,popolazione residente al 31 dicembre,totale,,65 anni e più,totale,licenza di scuola elementare,,,totale,tutte le voci,tutte le voci,16329.0
istruzione_eta,2020,popolazione residente al 31 dicembre,totale,,65 anni e più,totale,licenza di scuola media inferiore o di avviamento professionale,,,totale,tutte le voci,tutte le voci,12392.0
istruzione_eta,2020,popolazione residente al 31 dicembre,totale,,65 anni e più,totale,nessun titolo di studio,,,totale,tutte le voci,tutte le voci,893.0
istruzione_eta,2020,popolazione residente al 31 dicembre,totale,,65 anni e più,totale,titolo di studio terziario di secondo livello e dottorato di ricerca,,,totale,tutte le voci,tutte le voci,5653.0
istruzione_eta,2020,popolazione residente al 31 dicembre,totale,,65 anni e più,totale,totale,,,totale,tutte le voci,tutte le voci,48542.0
istruzione_eta,2020,popolazione residente al 31 dicembre,totale,,9 anni e più,totale,alfabeti privi di titolo di studio,,,totale,tutte le voci,tutte le voci,5526.0
istruzione_eta,2020,popolazione residente al 31 dicembre,totale,,9 anni e più,totale,analfabeti,,,totale,tutte le voci,tutte le voci,692.0
istruzione_eta,2020,popolazione residente al 31 dicembre,totale,,9 anni e più,totale,diploma di istruzione secondaria di II grado o di qualifica professionale (corso di 3-4 anni) compresi IFTS,,,totale,tutte le voci,tutte le voci,64453.0
istruzione_eta,2020,popolazione residente al 31 dicembre,totale,,9 anni e più,totale,diploma di tecnico superiore ITS o titolo di studio terziario di primo livello,,,totale,tutte le voci,tutte le voci,8306.0
istruzione_eta,2020,popolazione residente al 31 dicembre,totale,,9 anni e più,totale,dottorato di ricerca/diploma accademico di formazione alla ricerca,,,totale,tutte le voci,tutte le voci,998.0
istruzione_eta,2020,popolazione residente al 31 dicembre,totale,,9 anni e più,totale,licenza di scuola elementare,,,totale,tutte le voci,tutte le voci,25833.0
istruzione_eta,2020,popolazione residente al 31 dicembre,totale,,9 anni e più,totale,licenza di scuola media inferiore o di avviamento professionale,,,totale,tutte le voci,tutte le voci,49822.0
istruzione_eta,2020,popolazione residente al 31 dicembre,totale,,9 anni e più,totale,nessun titolo di studio,,,totale,tutte le voci,tutte le voci,6218.0
istruzione_eta,2020,popolazione residente al 31 dicembre,totale,,9 anni e più,totale,titolo di studio terziario di secondo livello,,,totale,tutte le voci,tutte le voci,27491.0
istruzione_eta,2020,popolazione residente al 31 dicembre,totale,,9 anni e più,totale,titolo di studio terziario di secondo livello e dottorato di ricerca,,,totale,tutte le voci,tutte le voci,28489.0
istruzione_eta,2020,popolazione residente al 31 dicembre,totale,,9 anni e più,totale,totale,,,totale,tutte le voci,tutte le voci,183121.0
istruzione_eta,2020,popolazione residente al 31 dicembre,totale,,9-24 anni,totale,diploma di istruzione secondaria di II grado o di qualifica professionale (corso di 3-4 anni) compresi IFTS,,,totale,tutte le voci,tutte le voci,8337.0
istruzione_eta,2020,popolazione residente al 31 dicembre,totale,,9-24 anni,totale,diploma di tecnico superiore ITS o titolo di studio terziario di primo livello,,,totale,tutte le voci,tutte le voci,1031.0
istruzione_eta,2020,popolazione residente al 31 dicembre,totale,,9-24 anni,totale,licenza di scuola elementare,,,totale,tutte le voci,tutte le voci,5890.0
istruzione_eta,2020,popolazione residente al 31 dicembre,totale,,9-24 anni,totale,licenza di scuola media inferiore o di avviamento professionale,,,totale,tutte le voci,tutte le voci,10754.0
istruzione_eta,2020,popolazione residente al 31 dicembre,totale,,9-24 anni,totale,nessun titolo di studio,,,totale,tutte le voci,tutte le voci,3715.0
istruzione_eta,2020,popolazione residente al 31 dicembre,totale,,9-24 anni,totale,titolo di studio terziario di secondo livello e dottorato di ricerca,,,totale,tutte le voci,tutte le voci,136.0
istruzione_eta,2020,popolazione residente al 31 dicembre,totale,,9-24 anni,totale,totale,,,totale,tutte le voci,tutte le voci,29863.0
istruzione_eta,2021,popolazione residente al 31 dicembre,femmine,,25-49 anni,totale,diploma di istruzione secondaria di II grado o di qualifica professionale (corso di 3-4 anni) compresi IFTS,,,totale,tutte le voci,tutte le voci,11205.0
istruzione_eta,2021,popolazione residente al 31 dicembre,femmine,,25-49 anni,totale,diploma di tecnico superiore ITS o titolo di studio terziario di primo livello,,,totale,tutte le voci,tutte le voci,3419.0
istruzione_eta,2021,popolazione residente al 31 dicembre,femmine,,25-49 anni,totale,licenza di scuola elementare,,,totale,tutte le voci,tutte le voci,582.0
istruzione_eta,2021,popolazione residente al 31 dicembre,femmine,,25-49 anni,totale,licenza di scuola media inferiore o di avviamento professionale,,,totale,tutte le voci,tutte le voci,5397.0
istruzione_eta,2021,popolazione residente al 31 dicembre,femmine,,25-49 anni,totale,nessun titolo di studio,,,totale,tutte le voci,tutte le voci,512.0
istruzione_eta,2021,popolazione residente al 31 dicembre,femmine,,25-49 anni,totale,titolo di studio terziario di secondo livello e dottorato di ricerca,,,totale,tutte le voci,tutte le voci,8238.0
istruzione_eta,2021,popolazione residente al 31 dicembre,femmine,,25-49 anni,totale,totale,,,totale,tutte le voci,tutte le voci,29353.0
istruzione_eta,2021,popolazione residente al 31 dicembre,femmine,,50-64 anni,totale,diploma di istruzione secondaria di II grado o di qualifica professionale (corso di 3-4 anni) compresi IFTS,,,totale,tutte le voci,tutte le voci,9815.0
istruzione_eta,2021,popolazione residente al 31 dicembre,femmine,,50-64 anni,totale,diploma di tecnico superiore ITS o titolo di studio terziario di primo livello,,,totale,tutte le voci,tutte le voci,806.0
istruzione_eta,2021,popolazione residente al 31 dicembre,femmine,,50-64 anni,totale,licenza di scuola elementare,,,totale,tutte le voci,tutte le voci,938.0
istruzione_eta,2021,popolazione residente al 31 dicembre,femmine,,50-64 anni,totale,licenza di scuola media inferiore o di avviamento professionale,,,totale,tutte le voci,tutte le voci,6279.0
istruzione_eta,2021,popolazione residente al 31 dicembre,femmine,,50-64 anni,totale,nessun titolo di studio,,,totale,tutte le voci,tutte le voci,395.0
istruzione_eta,2021,popolazione residente al 31 dicembre,femmine,,50-64 anni,totale,titolo di studio terziario di secondo livello e dottorato di ricerca,,,totale,tutte le voci,tutte le voci,4479.0
istruzione_eta,2021,popolazione residente al 31 dicembre,femmine,,50-64 anni,totale,totale,,,totale,tutte le voci,tutte le voci,22712.0
istruzione_eta,2021,popolazione residente al 31 dicembre,femmine,,65 anni e più,totale,diploma di istruzione secondaria di II grado o di qualifica professionale (corso di 3-4 anni) compresi IFTS,,,totale,tutte le voci,tutte le voci,7389.0
istruzione_eta,2021,popolazione residente al 31 dicembre,femmine,,65 anni e più,totale,diploma di tecnico superiore ITS o titolo di studio terziario di primo livello,,,totale,tutte le voci,tutte le voci,336.0
istruzione_eta,2021,popolazione residente al 31 dicembre,femmine,,65 anni e più,totale,licenza di scuola elementare,,,totale,tutte le voci,tutte le voci,10388.0
istruzione_eta,2021,popolazione residente al 31 dicembre,femmine,,65 anni e più,totale,licenza di scuola media inferiore o di avviamento professionale,,,totale,tutte le voci,tutte le voci,7182.0
istruzione_eta,2021,popolazione residente al 31 dicembre,femmine,,65 anni e più,totale,nessun titolo di studio,,,totale,tutte le voci,tutte le voci,668.0
istruzione_eta,2021,popolazione residente al 31 dicembre,femmine,,65 anni e più,totale,titolo di studio terziario di secondo livello e dottorato di ricerca,,,totale,tutte le voci,tutte le voci,2784.0
istruzione_eta,2021,popolazione residente al 31 dicembre,femmine,,65 anni e più,totale,totale,,,totale,tutte le voci,tutte le voci,28747.0
istruzione_eta,2021,popolazione residente al 31 dicembre,femmine,,9 anni e più,totale,alfabeti privi di titolo di studio,,,totale,tutte le voci,tutte le voci,2913.0
istruzione_eta,2021,popolazione residente al 31 dicembre,femmine,,9 anni e più,totale,analfabeti,,,totale,tutte le voci,tutte le voci,469.0
istruzione_eta,2021,popolazione residente al 31 dicembre,femmine,,9 anni e più,totale,diploma di istruzione secondaria di II grado o di qualifica professionale (corso di 3-4 anni) compresi IFTS,,,totale,tutte le voci,tutte le voci,32407.0
istruzione_eta,2021,popolazione residente al 31 dicembre,femmine,,9 anni e più,totale,diploma di tecnico superiore ITS o titolo di studio terziario di primo livello,,,totale,tutte le voci,tutte le voci,5147.0
istruzione_eta,2021,popolazione residente al 31 dicembre,femmine,,9 anni e più,totale,dottorato di ricerca/diploma accademico di formazione alla ricerca,,,totale,tutte le voci,tutte le voci,541.0
istruzione_eta,2021,popolazione residente al 31 dicembre,femmine,,9 anni e più,totale,licenza di scuola elementare,,,totale,tutte le voci,tutte le voci,14798.0
istruzione_eta,2021,popolazione residente al 31 dicembre,femmine,,9 anni e più,totale,licenza di scuola media inferiore o di avviamento professionale,,,totale,tutte le voci,tutte le voci,23783.0
istruzione_eta,2021,popolazione residente al 31 dicembre,femmine,,9 anni e più,totale,nessun titolo di studio,,,totale,tutte le voci,tutte le voci,3382.0
istruzione_eta,2021,popolazione residente al 31 dicembre,femmine,,9 anni e più,totale,titolo di studio terziario di secondo livello,,,totale,tutte le voci,tutte le voci,15071.0
istruzione_eta,2021,popolazione residente al 31 dicembre,femmine,,9 anni e più,totale,titolo di studio terziario di secondo livello e dottorato di ricerca,,,totale,tutte le voci,tutte le voci,15612.0
istruzione_eta,2021,popolazione residente al 31 dicembre,femmine,,9 anni e più,totale,totale,,,totale,tutte le voci,tutte le voci,95129.0
istruzione_eta,2021,popolazione residente al 31 dicembre,femmine,,9-24 anni,totale,diploma di istruzione secondaria di II grado o di qualifica professionale (corso di 3-4 anni) compresi IFTS,,,totale,tutte le voci,tutte le voci,3998.0
istruzione_eta,2021,popolazione residente al 31 dicembre,femmine,,9-24 anni,totale,diploma di tecnico superiore ITS o titolo di studio terziario di primo livello,,,totale,tutte le voci,tutte le voci,586.0
istruzione_eta,2021,popolazione residente al 31 dicembre,femmine,,9-24 anni,totale,licenza di scuola elementare,,,totale,tutte le voci,tutte le voci,2890.0
istruzione_eta,2021,popolazione residente al 31 dicembre,femmine,,9-24 anni,totale,licenza di scuola media inferiore o di avviamento professionale,,,totale,tutte le voci,tutte le voci,4925.0
istruzione_eta,2021,popolazione residente al 31 dicembre,femmine,,9-24 anni,totale,nessun titolo di studio,,,totale,tutte le voci,tutte le voci,1807.0
istruzione_eta,2021,popolazione residente al 31 dicembre,femmine,,9-24 anni,totale,titolo di studio terziario di secondo livello e dottorato di ricerca,,,totale,tutte le voci,tutte le voci,111.0
istruzione_eta,2021,popolazione residente al 31 dicembre,femmine,,9-24 anni,totale,totale,,,totale,tutte le voci,tutte le voci,14317.0
istruzione_eta,2021,popolazione residente al 31 dicembre,maschi,,25-49 anni,totale,diploma di istruzione secondaria di II grado o di qualifica professionale (corso di 3-4 anni) compresi IFTS,,,totale,tutte le voci,tutte le voci,13032.0
istruzione_eta,2021,popolazione residente al 31 dicembre,maschi,,25-49 anni,totale,diploma di tecnico superiore ITS o titolo di studio terziario di primo livello,,,totale,tutte le voci,tutte le voci,2658.0
istruzione_eta,2021,popolazione residente al 31 dicembre,maschi,,25-49 anni,totale,licenza di scuola elementare,,,totale,tutte le voci,tutte le voci,683.0
istruzione_eta,2021,popolazione residente al 31 dicembre,maschi,,25-49 anni,totale,licenza di scuola media inferiore o di avviamento professionale,,,totale,tutte le voci,tutte le voci,7198.0
istruzione_eta,2021,popolazione residente al 31 dicembre,maschi,,25-49 anni,totale,nessun titolo di studio,,,totale,tutte le voci,tutte le voci,608.0
istruzione_eta,2021,popolazione residente al 31 dicembre,maschi,,25-49 anni,totale,titolo di studio terziario di secondo livello e dottorato di ricerca,,,totale,tutte le voci,tutte le voci,6519.0
istruzione_eta,2021,popolazione residente al 31 dicembre,maschi,,25-49 anni,totale,totale,,,totale,tutte le voci,tutte le voci,30698.0
istruzione_eta,2021,popolazione residente al 31 dicembre,maschi,,50-64 anni,totale,diploma di istruzione secondaria di II grado o di qualifica professionale (corso di 3-4 anni) compresi IFTS,,,totale,tutte le voci,tutte le voci,8581.0
istruzione_eta,2021,popolazione residente al 31 dicembre,maschi,,50-64 anni,totale,diploma di tecnico superiore ITS o titolo di studio terziario di primo livello,,,totale,tutte le voci,tutte le voci,435.0
istruzione_eta,2021,popolazione residente al 31 dicembre,maschi,,50-64 anni,totale,licenza di scuola elementare,,,totale,tutte le voci,tutte le voci,861.0
istruzione_eta,2021,popolazione residente al 31 dicembre,maschi,,50-64 anni,totale,licenza di scuola media inferiore o di avviamento professionale,,,totale,tutte le voci,tutte le voci,6893.0
istruzione_eta,2021,popolazione residente al 31 dicembre,maschi,,50-64 anni,totale,nessun titolo di studio,,,totale,tutte le voci,tutte le voci,325.0
istruzione_eta,2021,popolazione residente al 31 dicembre,maschi,,50-64 anni,totale,titolo di studio terziario di secondo livello e dottorato di ricerca,,,totale,tutte le voci,tutte le voci,3980.0
istruzione_eta,2021,popolazione residente al 31 dicembre,maschi,,50-64 anni,totale,totale,,,totale,tutte le voci,tutte le voci,21075.0
istruzione_eta,2021,popolazione residente al 31 dicembre,maschi,,65 anni e più,totale,diploma di istruzione secondaria di II grado o di qualifica professionale (corso di 3-4 anni) compresi IFTS,,,totale,tutte le voci,tutte le voci,6066.0
istruzione_eta,2021,popolazione residente al 31 dicembre,maschi,,65 anni e più,totale,diploma di tecnico superiore ITS o titolo di studio terziario di primo livello,,,totale,tutte le voci,tutte le voci,176.0
istruzione_eta,2021,popolazione residente al 31 dicembre,maschi,,65 anni e più,totale,licenza di scuola elementare,,,totale,tutte le voci,tutte le voci,4763.0
istruzione_eta,2021,popolazione residente al 31 dicembre,maschi,,65 anni e più,totale,licenza di scuola media inferiore o di avviamento professionale,,,totale,tutte le voci,tutte le voci,5344.0
istruzione_eta,2021,popolazione residente al 31 dicembre,maschi,,65 anni e più,totale,nessun titolo di studio,,,totale,tutte le voci,tutte le voci,195.0
istruzione_eta,2021,popolazione residente al 31 dicembre,maschi,,65 anni e più,totale,titolo di studio terziario di secondo livello e dottorato di ricerca,,,totale,tutte le voci,tutte le voci,3170.0
istruzione_eta,2021,popolazione residente al 31 dicembre,maschi,,65 anni e più,totale,totale,,,totale,tutte le voci,tutte le voci,19714.0
istruzione_eta,2021,popolazione residente al 31 dicembre,maschi,,9 anni e più,totale,alfabeti privi di titolo di studio,,,totale,tutte le voci,tutte le voci,2708.0
istruzione_eta,2021,popolazione residente al 31 dicembre,maschi,,9 anni e più,totale,analfabeti,,,totale,tutte le voci,tutte le voci,351.0
istruzione_eta,2021,popolazione residente al 31 dicembre,maschi,,9 anni e più,totale,diploma di istruzione secondaria di II grado o di qualifica professionale (corso di 3-4 anni) compresi IFTS,,,totale,tutte le voci,tutte le voci,32067.0
istruzione_eta,2021,popolazione residente al 31 dicembre,maschi,,9 anni e più,totale,diploma di tecnico superiore ITS o titolo di studio terziario di primo livello,,,totale,tutte le voci,tutte le voci,3801.0
istruzione_eta,2021,popolazione residente al 31 dicembre,maschi,,9 anni e più,totale,dottorato di ricerca/diploma accademico di formazione alla ricerca,,,totale,tutte le voci,tutte le voci,567.0
istruzione_eta,2021,popolazione residente al 31 dicembre,maschi,,9 anni e più,totale,licenza di scuola elementare,,,totale,tutte le voci,tutte le voci,9409.0
istruzione_eta,2021,popolazione residente al 31 dicembre,maschi,,9 anni e più,totale,licenza di scuola media inferiore o di avviamento professionale,,,totale,tutte le voci,tutte le voci,24844.0
istruzione_eta,2021,popolazione residente al 31 dicembre,maschi,,9 anni e più,totale,nessun titolo di studio,,,totale,tutte le voci,tutte le voci,3059.0
istruzione_eta,2021,popolazione residente al 31 dicembre,maschi,,9 anni e più,totale,titolo di studio terziario di secondo livello,,,totale,tutte le voci,tutte le voci,13199.0
istruzione_eta,2021,popolazione residente al 31 dicembre,maschi,,9 anni e più,totale,titolo di studio terziario di secondo livello e dottorato di ricerca,,,totale,tutte le voci,tutte le voci,13766.0
istruzione_eta,2021,popolazione residente al 31 dicembre,maschi,,9 anni e più,totale,totale,,,totale,tutte le voci,tutte le voci,86946.0
istruzione_eta,2021,popolazione residente al 31 dicembre,maschi,,9-24 anni,totale,diploma di istruzione secondaria di II grado o di qualifica professionale (corso di 3-4 anni) compresi IFTS,,,totale,tutte le voci,tutte le voci,4388.0
istruzione_eta,2021,popolazione residente al 31 dicembre,maschi,,9-24 anni,totale,diploma di tecnico superiore ITS o titolo di studio terziario di primo livello,,,totale,tutte le voci,tutte le voci,532.0
istruzione_eta,2021,popolazione residente al 31 dicembre,maschi,,9-24 anni,totale,licenza di scuola elementare,,,totale,tutte le voci,tutte le voci,3102.0
istruzione_eta,2021,popolazione residente al 31 dicembre,maschi,,9-24 anni,totale,licenza di scuola media inferiore o di avviamento professionale,,,totale,tutte le voci,tutte le voci,5409.0
istruzione_eta,2021,popolazione residente al 31 dicembre,maschi,,9-24 anni,totale,nessun titolo di studio,,,totale,tutte le voci,tutte le voci,1931.0
istruzione_eta,2021,popolazione residente al 31 dicembre,maschi,,9-24 anni,totale,titolo di studio terziario di secondo livello e dottorato di ricerca,,,totale,tutte le voci,tutte le voci,97.0
istruzione_eta,2021,popolazione residente al 31 dicembre,maschi,,9-24 anni,totale,totale,,,totale,tutte le voci,tutte le voci,15459.0
istruzione_eta,2021,popolazione residente al 31 dicembre,totale,,25-49 anni,totale,diploma di istruzione secondaria di II grado o di qualifica professionale (corso di 3-4 anni) compresi IFTS,,,totale,tutte le voci,tutte le voci,24237.0
istruzione_eta,2021,popolazione residente al 31 dicembre,totale,,25-49 anni,totale,diploma di tecnico superiore ITS o titolo di studio terziario di primo livello,,,totale,tutte le voci,tutte le voci,6077.0
istruzione_eta,2021,popolazione residente al 31 dicembre,totale,,25-49 anni,totale,licenza di scuola elementare,,,totale,tutte le voci,tutte le voci,1265.0
istruzione_eta,2021,popolazione residente al 31 dicembre,totale,,25-49 anni,totale,licenza di scuola media inferiore o di avviamento professionale,,,totale,tutte le voci,tutte le voci,12595.0
istruzione_eta,2021,popolazione residente al 31 dicembre,totale,,25-49 anni,totale,nessun titolo di studio,,,totale,tutte le voci,tutte le voci,1120.0
istruzione_eta,2021,popolazione residente al 31 dicembre,totale,,25-49 anni,totale,titolo di studio terziario di secondo livello e dottorato di ricerca,,,totale,tutte le voci,tutte le voci,14757.0
istruzione_eta,2021,popolazione residente al 31 dicembre,totale,,25-49 anni,totale,totale,,,totale,tutte le voci,tutte le voci,60051.0
istruzione_eta,2021,popolazione residente al 31 dicembre,totale,,50-64 anni,totale,diploma di istruzione secondaria di II grado o di qualifica professionale (corso di 3-4 anni) compresi IFTS,,,totale,tutte le voci,tutte le voci,18396.0
istruzione_eta,2021,popolazione residente al 31 dicembre,totale,,50-64 anni,totale,diploma di tecnico superiore ITS o titolo di studio terziario di primo livello,,,totale,tutte le voci,tutte le voci,1241.0
istruzione_eta,2021,popolazione residente al 31 dicembre,totale,,50-64 anni,totale,licenza di scuola elementare,,,totale,tutte le voci,tutte le voci,1799.0
istruzione_eta,2021,popolazione residente al 31 dicembre,totale,,50-64 anni,totale,licenza di scuola media inferiore o di avviamento professionale,,,totale,tutte le voci,tutte le voci,13172.0
istruzione_eta,2021,popolazione residente al 31 dicembre,totale,,50-64 anni,totale,nessun titolo di studio,,,totale,tutte le voci,tutte le voci,720.0
istruzione_eta,2021,popolazione residente al 31 dicembre,totale,,50-64 anni,totale,titolo di studio terziario di secondo livello e dottorato di ricerca,,,totale,tutte le voci,tutte le voci,8459.0
istruzione_eta,2021,popolazione residente al 31 dicembre,totale,,50-64 anni,totale,totale,,,totale,tutte le voci,tutte le voci,43787.0
istruzione_eta,2021,popolazione residente al 31 dicembre,totale,,65 anni e più,totale,diploma di istruzione secondaria di II grado o di qualifica professionale (corso di 3-4 anni) compresi IFTS,,,totale,tutte le voci,tutte le voci,13455.0
istruzione_eta,2021,popolazione residente al 31 dicembre,totale,,65 anni e più,totale,diploma di tecnico superiore ITS o titolo di studio terziario di primo livello,,,totale,tutte le voci,tutte le voci,512.0
istruzione_eta,2021,popolazione residente al 31 dicembre,totale,,65 anni e più,totale,licenza di scuola elementare,,,totale,tutte le voci,tutte le voci,15151.0
istruzione_eta,2021,popolazione residente al 31 dicembre,totale,,65 anni e più,totale,licenza di scuola media inferiore o di avviamento professionale,,,totale,tutte le voci,tutte le voci,12526.0
istruzione_eta,2021,popolazione residente al 31 dicembre,totale,,65 anni e più,totale,nessun titolo di studio,,,totale,tutte le voci,tutte le voci,863.0
istruzione_eta,2021,popolazione residente al 31 dicembre,totale,,65 anni e più,totale,titolo di studio terziario di secondo livello e dottorato di ricerca,,,totale,tutte le voci,tutte le voci,5954.0
istruzione_eta,2021,popolazione residente al 31 dicembre,totale,,65 anni e più,totale,totale,,,totale,tutte le voci,tutte le voci,48461.0
istruzione_eta,2021,popolazione residente al 31 dicembre,totale,,9 anni e più,totale,alfabeti privi di titolo di studio,,,totale,tutte le voci,tutte le voci,5621.0
istruzione_eta,2021,popolazione residente al 31 dicembre,totale,,9 anni e più,totale,analfabeti,,,totale,tutte le voci,tutte le voci,820.0
istruzione_eta,2021,popolazione residente al 31 dicembre,totale,,9 anni e più,totale,diploma di istruzione secondaria di II grado o di qualifica professionale (corso di 3-4 anni) compresi IFTS,,,totale,tutte le voci,tutte le voci,64474.0
istruzione_eta,2021,popolazione residente al 31 dicembre,totale,,9 anni e più,totale,diploma di tecnico superiore ITS o titolo di studio terziario di primo livello,,,totale,tutte le voci,tutte le voci,8948.0
istruzione_eta,2021,popolazione residente al 31 dicembre,totale,,9 anni e più,totale,dottorato di ricerca/diploma accademico di formazione alla ricerca,,,totale,tutte le voci,tutte le voci,1108.0
istruzione_eta,2021,popolazione residente al 31 dicembre,totale,,9 anni e più,totale,licenza di scuola elementare,,,totale,tutte le voci,tutte le voci,24207.0
istruzione_eta,2021,popolazione residente al 31 dicembre,totale,,9 anni e più,totale,licenza di scuola media inferiore o di avviamento professionale,,,totale,tutte le voci,tutte le voci,48627.0
istruzione_eta,2021,popolazione residente al 31 dicembre,totale,,9 anni e più,totale,nessun titolo di studio,,,totale,tutte le voci,tutte le voci,6441.0
istruzione_eta,2021,popolazione residente al 31 dicembre,totale,,9 anni e più,totale,titolo di studio terziario di secondo livello,,,totale,tutte le voci,tutte le voci,28270.0
istruzione_eta,2021,popolazione residente al 31 dicembre,totale,,9 anni e più,totale,titolo di studio terziario di secondo livello e dottorato di ricerca,,,totale,tutte le voci,tutte le voci,29378.0
istruzione_eta,2021,popolazione residente al 31 dicembre,totale,,9 anni e più,totale,totale,,,totale,tutte le voci,tutte le voci,182075.0
istruzione_eta,2021,popolazione residente al 31 dicembre,totale,,9-24 anni,totale,diploma di istruzione secondaria di II grado o di qualifica professionale (corso di 3-4 anni) compresi IFTS,,,totale,tutte le voci,tutte le voci,8386.0
istruzione_eta,2021,popolazione residente al 31 dicembre,totale,,9-24 anni,totale,diploma di tecnico superiore ITS o titolo di studio terziario di primo livello,,,totale,tutte le voci,tutte le voci,1118.0
istruzione_eta,2021,popolazione residente al 31 dicembre,totale,,9-24 anni,totale,licenza di scuola elementare,,,totale,tutte le voci,tutte le voci,5992.0
istruzione_eta,2021,popolazione residente al 31 dicembre,totale,,9-24 anni,totale,licenza di scuola media inferiore o di avviamento professionale,,,totale,tutte le voci,tutte le voci,10334.0
istruzione_eta,2021,popolazione residente al 31 dicembre,totale,,9-24 anni,totale,nessun titolo di studio,,,totale,tutte le voci,tutte le voci,3738.0
istruzione_eta,2021,popolazione residente al 31 dicembre,totale,,9-24 anni,totale,titolo di studio terziario di secondo livello e dottorato di ricerca,,,totale,tutte le voci,tutte le voci,208.0
istruzione_eta,2021,popolazione residente al 31 dicembre,totale,,9-24 anni,totale,totale,,,totale,tutte le voci,tutte le voci,29776.0
istruzione_eta,2022,popolazione residente al 31 dicembre,femmine,,25-49 anni,totale,diploma di istruzione secondaria di II grado o di qualifica professionale (corso di 3-4 anni) compresi IFTS,,,totale,tutte le voci,tutte le voci,11322.0
istruzione_eta,2022,popolazione residente al 31 dicembre,femmine,,25-49 anni,totale,diploma di tecnico superiore ITS o titolo di studio terziario di primo livello,,,totale,tutte le voci,tutte le voci,3535.0
istruzione_eta,2022,popolazione residente al 31 dicembre,femmine,,25-49 anni,totale,licenza di scuola elementare,,,totale,tutte le voci,tutte le voci,554.0
istruzione_eta,2022,popolazione residente al 31 dicembre,femmine,,25-49 anni,totale,licenza di scuola media inferiore o di avviamento professionale,,,totale,tutte le voci,tutte le voci,5087.0
istruzione_eta,2022,popolazione residente al 31 dicembre,femmine,,25-49 anni,totale,nessun titolo di studio,,,totale,tutte le voci,tutte le voci,503.0
istruzione_eta,2022,popolazione residente al 31 dicembre,femmine,,25-49 anni,totale,titolo di studio terziario di secondo livello e dottorato di ricerca,,,totale,tutte le voci,tutte le voci,8584.0
istruzione_eta,2022,popolazione residente al 31 dicembre,femmine,,25-49 anni,totale,totale,,,totale,tutte le voci,tutte le voci,29585.0
istruzione_eta,2022,popolazione residente al 31 dicembre,femmine,,50-64 anni,totale,diploma di istruzione secondaria di II grado o di qualifica professionale (corso di 3-4 anni) compresi IFTS,,,totale,tutte le voci,tutte le voci,9987.0
istruzione_eta,2022,popolazione residente al 31 dicembre,femmine,,50-64 anni,totale,diploma di tecnico superiore ITS o titolo di studio terziario di primo livello,,,totale,tutte le voci,tutte le voci,950.0
istruzione_eta,2022,popolazione residente al 31 dicembre,femmine,,50-64 anni,totale,licenza di scuola elementare,,,totale,tutte le voci,tutte le voci,913.0
istruzione_eta,2022,popolazione residente al 31 dicembre,femmine,,50-64 anni,totale,licenza di scuola media inferiore o di avviamento professionale,,,totale,tutte le voci,tutte le voci,6006.0
istruzione_eta,2022,popolazione residente al 31 dicembre,femmine,,50-64 anni,totale,nessun titolo di studio,,,totale,tutte le voci,tutte le voci,425.0
istruzione_eta,2022,popolazione residente al 31 dicembre,femmine,,50-64 anni,totale,titolo di studio terziario di secondo livello e dottorato di ricerca,,,totale,tutte le voci,tutte le voci,4701.0
istruzione_eta,2022,popolazione residente al 31 dicembre,femmine,,50-64 anni,totale,totale,,,totale,tutte le voci,tutte le voci,22982.0
istruzione_eta,2022,popolazione residente al 31 dicembre,femmine,,65 anni e più,totale,diploma di istruzione secondaria di II grado o di qualifica professionale (corso di 3-4 anni) compresi IFTS,,,totale,tutte le voci,tutte le voci,7774.0
istruzione_eta,2022,popolazione residente al 31 dicembre,femmine,,65 anni e più,totale,diploma di tecnico superiore ITS o titolo di studio terziario di primo livello,,,totale,tutte le voci,tutte le voci,439.0
istruzione_eta,2022,popolazione residente al 31 dicembre,femmine,,65 anni e più,totale,licenza di scuola elementare,,,totale,tutte le voci,tutte le voci,9714.0
istruzione_eta,2022,popolazione residente al 31 dicembre,femmine,,65 anni e più,totale,licenza di scuola media inferiore o di avviamento professionale,,,totale,tutte le voci,tutte le voci,7138.0
istruzione_eta,2022,popolazione residente al 31 dicembre,femmine,,65 anni e più,totale,nessun titolo di studio,,,totale,tutte le voci,tutte le voci,676.0
istruzione_eta,2022,popolazione residente al 31 dicembre,femmine,,65 anni e più,totale,titolo di studio terziario di secondo livello e dottorato di ricerca,,,totale,tutte le voci,tutte le voci,2985.0
istruzione_eta,2022,popolazione residente al 31 dicembre,femmine,,65 anni e più,totale,totale,,,totale,tutte le voci,tutte le voci,28726.0
istruzione_eta,2022,popolazione residente al 31 dicembre,femmine,,9 anni e più,totale,alfabeti privi di titolo di studio,,,totale,tutte le voci,tutte le voci,2792.0
istruzione_eta,2022,popolazione residente al 31 dicembre,femmine,,9 anni e più,totale,analfabeti,,,totale,tutte le voci,tutte le voci,539.0
istruzione_eta,2022,popolazione residente al 31 dicembre,femmine,,9 anni e più,totale,diploma di istruzione secondaria di II grado o di qualifica professionale (corso di 3-4 anni) compresi IFTS,,,totale,tutte le voci,tutte le voci,33127.0
istruzione_eta,2022,popolazione residente al 31 dicembre,femmine,,9 anni e più,totale,diploma di tecnico superiore ITS o titolo di studio terziario di primo livello,,,totale,tutte le voci,tutte le voci,5549.0
istruzione_eta,2022,popolazione residente al 31 dicembre,femmine,,9 anni e più,totale,dottorato di ricerca/diploma accademico di formazione alla ricerca,,,totale,tutte le voci,tutte le voci,598.0
istruzione_eta,2022,popolazione residente al 31 dicembre,femmine,,9 anni e più,totale,licenza di scuola elementare,,,totale,tutte le voci,tutte le voci,14069.0
istruzione_eta,2022,popolazione residente al 31 dicembre,femmine,,9 anni e più,totale,licenza di scuola media inferiore o di avviamento professionale,,,totale,tutte le voci,tutte le voci,23295.0
istruzione_eta,2022,popolazione residente al 31 dicembre,femmine,,9 anni e più,totale,nessun titolo di studio,,,totale,tutte le voci,tutte le voci,3331.0
istruzione_eta,2022,popolazione residente al 31 dicembre,femmine,,9 anni e più,totale,titolo di studio terziario di secondo livello,,,totale,tutte le voci,tutte le voci,15809.0
istruzione_eta,2022,popolazione residente al 31 dicembre,femmine,,9 anni e più,totale,titolo di studio terziario di secondo livello e dottorato di ricerca,,,totale,tutte le voci,tutte le voci,16407.0
istruzione_eta,2022,popolazione residente al 31 dicembre,femmine,,9 anni e più,totale,totale,,,totale,tutte le voci,tutte le voci,95778.0
istruzione_eta,2022,popolazione residente al 31 dicembre,femmine,,9-24 anni,totale,diploma di istruzione secondaria di II grado o di qualifica professionale (corso di 3-4 anni) compresi IFTS,,,totale,tutte le voci,tutte le voci,4044.0
istruzione_eta,2022,popolazione residente al 31 dicembre,femmine,,9-24 anni,totale,diploma di tecnico superiore ITS o titolo di studio terziario di primo livello,,,totale,tutte le voci,tutte le voci,625.0
istruzione_eta,2022,popolazione residente al 31 dicembre,femmine,,9-24 anni,totale,licenza di scuola elementare,,,totale,tutte le voci,tutte le voci,2888.0
istruzione_eta,2022,popolazione residente al 31 dicembre,femmine,,9-24 anni,totale,licenza di scuola media inferiore o di avviamento professionale,,,totale,tutte le voci,tutte le voci,5064.0
istruzione_eta,2022,popolazione residente al 31 dicembre,femmine,,9-24 anni,totale,nessun titolo di studio,,,totale,tutte le voci,tutte le voci,1727.0
istruzione_eta,2022,popolazione residente al 31 dicembre,femmine,,9-24 anni,totale,titolo di studio terziario di secondo livello e dottorato di ricerca,,,totale,tutte le voci,tutte le voci,137.0
istruzione_eta,2022,popolazione residente al 31 dicembre,femmine,,9-24 anni,totale,totale,,,totale,tutte le voci,tutte le voci,14485.0
istruzione_eta,2022,popolazione residente al 31 dicembre,maschi,,25-49 anni,totale,diploma di istruzione secondaria di II grado o di qualifica professionale (corso di 3-4 anni) compresi IFTS,,,totale,tutte le voci,tutte le voci,13181.0
istruzione_eta,2022,popolazione residente al 31 dicembre,maschi,,25-49 anni,totale,diploma di tecnico superiore ITS o titolo di studio terziario di primo livello,,,totale,tutte le voci,tutte le voci,2735.0
istruzione_eta,2022,popolazione residente al 31 dicembre,maschi,,25-49 anni,totale,licenza di scuola elementare,,,totale,tutte le voci,tutte le voci,646.0
istruzione_eta,2022,popolazione residente al 31 dicembre,maschi,,25-49 anni,totale,licenza di scuola media inferiore o di avviamento professionale,,,totale,tutte le voci,tutte le voci,7020.0
istruzione_eta,2022,popolazione residente al 31 dicembre,maschi,,25-49 anni,totale,nessun titolo di studio,,,totale,tutte le voci,tutte le voci,570.0
istruzione_eta,2022,popolazione residente al 31 dicembre,maschi,,25-49 anni,totale,titolo di studio terziario di secondo livello e dottorato di ricerca,,,totale,tutte le voci,tutte le voci,6757.0
istruzione_eta,2022,popolazione residente al 31 dicembre,maschi,,25-49 anni,totale,totale,,,totale,tutte le voci,tutte le voci,30909.0
istruzione_eta,2022,popolazione residente al 31 dicembre,maschi,,50-64 anni,totale,diploma di istruzione secondaria di II grado o di qualifica professionale (corso di 3-4 anni) compresi IFTS,,,totale,tutte le voci,tutte le voci,8890.0
istruzione_eta,2022,popolazione residente al 31 dicembre,maschi,,50-64 anni,totale,diploma di tecnico superiore ITS o titolo di studio terziario di primo livello,,,totale,tutte le voci,tutte le voci,460.0
istruzione_eta,2022,popolazione residente al 31 dicembre,maschi,,50-64 anni,totale,licenza di scuola elementare,,,totale,tutte le voci,tutte le voci,872.0
istruzione_eta,2022,popolazione residente al 31 dicembre,maschi,,50-64 anni,totale,licenza di scuola media inferiore o di avviamento professionale,,,totale,tutte le voci,tutte le voci,6847.0
istruzione_eta,2022,popolazione residente al 31 dicembre,maschi,,50-64 anni,totale,nessun titolo di studio,,,totale,tutte le voci,tutte le voci,326.0
istruzione_eta,2022,popolazione residente al 31 dicembre,maschi,,50-64 anni,totale,titolo di studio terziario di secondo livello e dottorato di ricerca,,,totale,tutte le voci,tutte le voci,4050.0
istruzione_eta,2022,popolazione residente al 31 dicembre,maschi,,50-64 anni,totale,totale,,,totale,tutte le voci,tutte le voci,21445.0
istruzione_eta,2022,popolazione residente al 31 dicembre,maschi,,65 anni e più,totale,diploma di istruzione secondaria di II grado o di qualifica professionale (corso di 3-4 anni) compresi IFTS,,,totale,tutte le voci,tutte le voci,6282.0
istruzione_eta,2022,popolazione residente al 31 dicembre,maschi,,65 anni e più,totale,diploma di tecnico superiore ITS o titolo di studio terziario di primo livello,,,totale,tutte le voci,tutte le voci,179.0
istruzione_eta,2022,popolazione residente al 31 dicembre,maschi,,65 anni e più,totale,licenza di scuola elementare,,,totale,tutte le voci,tutte le voci,4358.0
istruzione_eta,2022,popolazione residente al 31 dicembre,maschi,,65 anni e più,totale,licenza di scuola media inferiore o di avviamento professionale,,,totale,tutte le voci,tutte le voci,5508.0
istruzione_eta,2022,popolazione residente al 31 dicembre,maschi,,65 anni e più,totale,nessun titolo di studio,,,totale,tutte le voci,tutte le voci,252.0
istruzione_eta,2022,popolazione residente al 31 dicembre,maschi,,65 anni e più,totale,titolo di studio terziario di secondo livello e dottorato di ricerca,,,totale,tutte le voci,tutte le voci,3285.0
istruzione_eta,2022,popolazione residente al 31 dicembre,maschi,,65 anni e più,totale,totale,,,totale,tutte le voci,tutte le voci,19864.0
istruzione_eta,2022,popolazione residente al 31 dicembre,maschi,,9 anni e più,totale,alfabeti privi di titolo di studio,,,totale,tutte le voci,tutte le voci,2602.0
istruzione_eta,2022,popolazione residente al 31 dicembre,maschi,,9 anni e più,totale,analfabeti,,,totale,tutte le voci,tutte le voci,414.0
istruzione_eta,2022,popolazione residente al 31 dicembre,maschi,,9 anni e più,totale,diploma di istruzione secondaria di II grado o di qualifica professionale (corso di 3-4 anni) compresi IFTS,,,totale,tutte le voci,tutte le voci,32717.0
istruzione_eta,2022,popolazione residente al 31 dicembre,maschi,,9 anni e più,totale,diploma di tecnico superiore ITS o titolo di studio terziario di primo livello,,,totale,tutte le voci,tutte le voci,3903.0
istruzione_eta,2022,popolazione residente al 31 dicembre,maschi,,9 anni e più,totale,dottorato di ricerca/diploma accademico di formazione alla ricerca,,,totale,tutte le voci,tutte le voci,592.0
istruzione_eta,2022,popolazione residente al 31 dicembre,maschi,,9 anni e più,totale,licenza di scuola elementare,,,totale,tutte le voci,tutte le voci,8979.0
istruzione_eta,2022,popolazione residente al 31 dicembre,maschi,,9 anni e più,totale,licenza di scuola media inferiore o di avviamento professionale,,,totale,tutte le voci,tutte le voci,24963.0
istruzione_eta,2022,popolazione residente al 31 dicembre,maschi,,9 anni e più,totale,nessun titolo di studio,,,totale,tutte le voci,tutte le voci,3016.0
istruzione_eta,2022,popolazione residente al 31 dicembre,maschi,,9 anni e più,totale,titolo di studio terziario di secondo livello,,,totale,tutte le voci,tutte le voci,13587.0
istruzione_eta,2022,popolazione residente al 31 dicembre,maschi,,9 anni e più,totale,titolo di studio terziario di secondo livello e dottorato di ricerca,,,totale,tutte le voci,tutte le voci,14179.0
istruzione_eta,2022,popolazione residente al 31 dicembre,maschi,,9 anni e più,totale,totale,,,totale,tutte le voci,tutte le voci,87757.0
istruzione_eta,2022,popolazione residente al 31 dicembre,maschi,,9-24 anni,totale,diploma di istruzione secondaria di II grado o di qualifica professionale (corso di 3-4 anni) compresi IFTS,,,totale,tutte le voci,tutte le voci,4364.0
istruzione_eta,2022,popolazione residente al 31 dicembre,maschi,,9-24 anni,totale,diploma di tecnico superiore ITS o titolo di studio terziario di primo livello,,,totale,tutte le voci,tutte le voci,529.0
istruzione_eta,2022,popolazione residente al 31 dicembre,maschi,,9-24 anni,totale,licenza di scuola elementare,,,totale,tutte le voci,tutte le voci,3103.0
istruzione_eta,2022,popolazione residente al 31 dicembre,maschi,,9-24 anni,totale,licenza di scuola media inferiore o di avviamento professionale,,,totale,tutte le voci,tutte le voci,5588.0
istruzione_eta,2022,popolazione residente al 31 dicembre,maschi,,9-24 anni,totale,nessun titolo di studio,,,totale,tutte le voci,tutte le voci,1868.0
istruzione_eta,2022,popolazione residente al 31 dicembre,maschi,,9-24 anni,totale,titolo di studio terziario di secondo livello e dottorato di ricerca,,,totale,tutte le voci,tutte le voci,87.0
istruzione_eta,2022,popolazione residente al 31 dicembre,maschi,,9-24 anni,totale,totale,,,totale,tutte le voci,tutte le voci,15539.0
istruzione_eta,2022,popolazione residente al 31 dicembre,totale,,25-49 anni,totale,diploma di istruzione secondaria di II grado o di qualifica professionale (corso di 3-4 anni) compresi IFTS,,,totale,tutte le voci,tutte le voci,24503.0
istruzione_eta,2022,popolazione residente al 31 dicembre,totale,,25-49 anni,totale,diploma di tecnico superiore ITS o titolo di studio terziario di primo livello,,,totale,tutte le voci,tutte le voci,6270.0
istruzione_eta,2022,popolazione residente al 31 dicembre,totale,,25-49 anni,totale,licenza di scuola elementare,,,totale,tutte le voci,tutte le voci,1200.0
istruzione_eta,2022,popolazione residente al 31 dicembre,totale,,25-49 anni,totale,licenza di scuola media inferiore o di avviamento professionale,,,totale,tutte le voci,tutte le voci,12107.0
istruzione_eta,2022,popolazione residente al 31 dicembre,totale,,25-49 anni,totale,nessun titolo di studio,,,totale,tutte le voci,tutte le voci,1073.0
istruzione_eta,2022,popolazione residente al 31 dicembre,totale,,25-49 anni,totale,titolo di studio terziario di secondo livello e dottorato di ricerca,,,totale,tutte le voci,tutte le voci,15341.0
istruzione_eta,2022,popolazione residente al 31 dicembre,totale,,25-49 anni,totale,totale,,,totale,tutte le voci,tutte le voci,60494.0
istruzione_eta,2022,popolazione residente al 31 dicembre,totale,,50-64 anni,totale,diploma di istruzione secondaria di II grado o di qualifica professionale (corso di 3-4 anni) compresi IFTS,,,totale,tutte le voci,tutte le voci,18877.0
istruzione_eta,2022,popolazione residente al 31 dicembre,totale,,50-64 anni,totale,diploma di tecnico superiore ITS o titolo di studio terziario di primo livello,,,totale,tutte le voci,tutte le voci,1410.0
istruzione_eta,2022,popolazione residente al 31 dicembre,totale,,50-64 anni,totale,licenza di scuola elementare,,,totale,tutte le voci,tutte le voci,1785.0
istruzione_eta,2022,popolazione residente al 31 dicembre,totale,,50-64 anni,totale,licenza di scuola media inferiore o di avviamento professionale,,,totale,tutte le voci,tutte le voci,12853.0
istruzione_eta,2022,popolazione residente al 31 dicembre,totale,,50-64 anni,totale,nessun titolo di studio,,,totale,tutte le voci,tutte le voci,751.0
istruzione_eta,2022,popolazione residente al 31 dicembre,totale,,50-64 anni,totale,titolo di studio terziario di secondo livello e dottorato di ricerca,,,totale,tutte le voci,tutte le voci,8751.0
istruzione_eta,2022,popolazione residente al 31 dicembre,totale,,50-64 anni,totale,totale,,,totale,tutte le voci,tutte le voci,44427.0
istruzione_eta,2022,popolazione residente al 31 dicembre,totale,,65 anni e più,totale,diploma di istruzione secondaria di II grado o di qualifica professionale (corso di 3-4 anni) compresi IFTS,,,totale,tutte le voci,tutte le voci,14056.0
istruzione_eta,2022,popolazione residente al 31 dicembre,totale,,65 anni e più,totale,diploma di tecnico superiore ITS o titolo di studio terziario di primo livello,,,totale,tutte le voci,tutte le voci,618.0
istruzione_eta,2022,popolazione residente al 31 dicembre,totale,,65 anni e più,totale,licenza di scuola elementare,,,totale,tutte le voci,tutte le voci,14072.0
istruzione_eta,2022,popolazione residente al 31 dicembre,totale,,65 anni e più,totale,licenza di scuola media inferiore o di avviamento professionale,,,totale,tutte le voci,tutte le voci,12646.0
istruzione_eta,2022,popolazione residente al 31 dicembre,totale,,65 anni e più,totale,nessun titolo di studio,,,totale,tutte le voci,tutte le voci,928.0
istruzione_eta,2022,popolazione residente al 31 dicembre,totale,,65 anni e più,totale,titolo di studio terziario di secondo livello e dottorato di ricerca,,,totale,tutte le voci,tutte le voci,6270.0
istruzione_eta,2022,popolazione residente al 31 dicembre,totale,,65 anni e più,totale,totale,,,totale,tutte le voci,tutte le voci,48590.0
istruzione_eta,2022,popolazione residente al 31 dicembre,totale,,9 anni e più,totale,alfabeti privi di titolo di studio,,,totale,tutte le voci,tutte le voci,5394.0
istruzione_eta,2022,popolazione residente al 31 dicembre,totale,,9 anni e più,totale,analfabeti,,,totale,tutte le voci,tutte le voci,953.0
istruzione_eta,2022,popolazione residente al 31 dicembre,totale,,9 anni e più,totale,diploma di istruzione secondaria di II grado o di qualifica professionale (corso di 3-4 anni) compresi IFTS,,,totale,tutte le voci,tutte le voci,65844.0
istruzione_eta,2022,popolazione residente al 31 dicembre,totale,,9 anni e più,totale,diploma di tecnico superiore ITS o titolo di studio terziario di primo livello,,,totale,tutte le voci,tutte le voci,9452.0
istruzione_eta,2022,popolazione residente al 31 dicembre,totale,,9 anni e più,totale,dottorato di ricerca/diploma accademico di formazione alla ricerca,,,totale,tutte le voci,tutte le voci,1190.0
istruzione_eta,2022,popolazione residente al 31 dicembre,totale,,9 anni e più,totale,licenza di scuola elementare,,,totale,tutte le voci,tutte le voci,23048.0
istruzione_eta,2022,popolazione residente al 31 dicembre,totale,,9 anni e più,totale,licenza di scuola media inferiore o di avviamento professionale,,,totale,tutte le voci,tutte le voci,48258.0
istruzione_eta,2022,popolazione residente al 31 dicembre,totale,,9 anni e più,totale,nessun titolo di studio,,,totale,tutte le voci,tutte le voci,6347.0
istruzione_eta,2022,popolazione residente al 31 dicembre,totale,,9 anni e più,totale,titolo di studio terziario di secondo livello,,,totale,tutte le voci,tutte le voci,29396.0
istruzione_eta,2022,popolazione residente al 31 dicembre,totale,,9 anni e più,totale,titolo di studio terziario di secondo livello e dottorato di ricerca,,,totale,tutte le voci,tutte le voci,30586.0
istruzione_eta,2022,popolazione residente al 31 dicembre,totale,,9 anni e più,totale,totale,,,totale,tutte le voci,tutte le voci,183535.0
istruzione_eta,2022,popolazione residente al 31 dicembre,totale,,9-24 anni,totale,diploma di istruzione secondaria di II grado o di qualifica professionale (corso di 3-4 anni) compresi IFTS,,,totale,tutte le voci,tutte le voci,8408.0
istruzione_eta,2022,popolazione residente al 31 dicembre,totale,,9-24 anni,totale,diploma di tecnico superiore ITS o titolo di studio terziario di primo livello,,,totale,tutte le voci,tutte le voci,1154.0
istruzione_eta,2022,popolazione residente al 31 dicembre,totale,,9-24 anni,totale,licenza di scuola elementare,,,totale,tutte le voci,tutte le voci,5991.0
istruzione_eta,2022,popolazione residente al 31 dicembre,totale,,9-24 anni,totale,licenza di scuola media inferiore o di avviamento professionale,,,totale,tutte le voci,tutte le voci,10652.0
istruzione_eta,2022,popolazione residente al 31 dicembre,totale,,9-24 anni,totale,nessun titolo di studio,,,totale,tutte le voci,tutte le voci,3595.0
istruzione_eta,2022,popolazione residente al 31 dicembre,totale,,9-24 anni,totale,titolo di studio terziario di secondo livello e dottorato di ricerca,,,totale,tutte le voci,tutte le voci,224.0
istruzione_eta,2022,popolazione residente al 31 dicembre,totale,,9-24 anni,totale,totale,,,totale,tutte le voci,tutte le voci,30024.0
istruzione_eta,2023,popolazione residente al 31 dicembre,femmine,,25-49 anni,totale,diploma di istruzione secondaria di II grado o di qualifica professionale (corso di 3-4 anni) compresi IFTS,,,totale,tutte le voci,tutte le voci,11184.0
istruzione_eta,2023,popolazione residente al 31 dicembre,femmine,,25-49 anni,totale,diploma di tecnico superiore ITS o titolo di studio terziario di primo livello,,,totale,tutte le voci,tutte le voci,3813.0
istruzione_eta,2023,popolazione residente al 31 dicembre,femmine,,25-49 anni,totale,licenza di scuola elementare,,,totale,tutte le voci,tutte le voci,619.0
istruzione_eta,2023,popolazione residente al 31 dicembre,femmine,,25-49 anni,totale,licenza di scuola media inferiore o di avviamento professionale,,,totale,tutte le voci,tutte le voci,4735.0
istruzione_eta,2023,popolazione residente al 31 dicembre,femmine,,25-49 anni,totale,nessun titolo di studio,,,totale,tutte le voci,tutte le voci,640.0
istruzione_eta,2023,popolazione residente al 31 dicembre,femmine,,25-49 anni,totale,titolo di studio terziario di secondo livello e dottorato di ricerca,,,totale,tutte le voci,tutte le voci,8489.0
istruzione_eta,2023,popolazione residente al 31 dicembre,femmine,,25-49 anni,totale,totale,,,totale,tutte le voci,tutte le voci,29480.0
istruzione_eta,2023,popolazione residente al 31 dicembre,femmine,,50-64 anni,totale,diploma di istruzione secondaria di II grado o di qualifica professionale (corso di 3-4 anni) compresi IFTS,,,totale,tutte le voci,tutte le voci,9960.0
istruzione_eta,2023,popolazione residente al 31 dicembre,femmine,,50-64 anni,totale,diploma di tecnico superiore ITS o titolo di studio terziario di primo livello,,,totale,tutte le voci,tutte le voci,1030.0
istruzione_eta,2023,popolazione residente al 31 dicembre,femmine,,50-64 anni,totale,licenza di scuola elementare,,,totale,tutte le voci,tutte le voci,731.0
istruzione_eta,2023,popolazione residente al 31 dicembre,femmine,,50-64 anni,totale,licenza di scuola media inferiore o di avviamento professionale,,,totale,tutte le voci,tutte le voci,5926.0
istruzione_eta,2023,popolazione residente al 31 dicembre,femmine,,50-64 anni,totale,nessun titolo di studio,,,totale,tutte le voci,tutte le voci,469.0
istruzione_eta,2023,popolazione residente al 31 dicembre,femmine,,50-64 anni,totale,titolo di studio terziario di secondo livello e dottorato di ricerca,,,totale,tutte le voci,tutte le voci,5021.0
istruzione_eta,2023,popolazione residente al 31 dicembre,femmine,,50-64 anni,totale,totale,,,totale,tutte le voci,tutte le voci,23137.0
istruzione_eta,2023,popolazione residente al 31 dicembre,femmine,,65 anni e più,totale,diploma di istruzione secondaria di II grado o di qualifica professionale (corso di 3-4 anni) compresi IFTS,,,totale,tutte le voci,tutte le voci,8193.0
istruzione_eta,2023,popolazione residente al 31 dicembre,femmine,,65 anni e più,totale,diploma di tecnico superiore ITS o titolo di studio terziario di primo livello,,,totale,tutte le voci,tutte le voci,513.0
istruzione_eta,2023,popolazione residente al 31 dicembre,femmine,,65 anni e più,totale,licenza di scuola elementare,,,totale,tutte le voci,tutte le voci,9051.0
istruzione_eta,2023,popolazione residente al 31 dicembre,femmine,,65 anni e più,totale,licenza di scuola media inferiore o di avviamento professionale,,,totale,tutte le voci,tutte le voci,7120.0
istruzione_eta,2023,popolazione residente al 31 dicembre,femmine,,65 anni e più,totale,nessun titolo di studio,,,totale,tutte le voci,tutte le voci,647.0
istruzione_eta,2023,popolazione residente al 31 dicembre,femmine,,65 anni e più,totale,titolo di studio terziario di secondo livello e dottorato di ricerca,,,totale,tutte le voci,tutte le voci,3300.0
istruzione_eta,2023,popolazione residente al 31 dicembre,femmine,,65 anni e più,totale,totale,,,totale,tutte le voci,tutte le voci,28824.0
istruzione_eta,2023,popolazione residente al 31 dicembre,femmine,,9 anni e più,totale,alfabeti privi di titolo di studio,,,totale,tutte le voci,tutte le voci,3003.0
istruzione_eta,2023,popolazione residente al 31 dicembre,femmine,,9 anni e più,totale,analfabeti,,,totale,tutte le voci,tutte le voci,495.0
istruzione_eta,2023,popolazione residente al 31 dicembre,femmine,,9 anni e più,totale,diploma di istruzione secondaria di II grado o di qualifica professionale (corso di 3-4 anni) compresi IFTS,,,totale,tutte le voci,tutte le voci,33390.0
istruzione_eta,2023,popolazione residente al 31 dicembre,femmine,,9 anni e più,totale,diploma di tecnico superiore ITS o titolo di studio terziario di primo livello,,,totale,tutte le voci,tutte le voci,5950.0
istruzione_eta,2023,popolazione residente al 31 dicembre,femmine,,9 anni e più,totale,dottorato di ricerca/diploma accademico di formazione alla ricerca,,,totale,tutte le voci,tutte le voci,623.0
istruzione_eta,2023,popolazione residente al 31 dicembre,femmine,,9 anni e più,totale,licenza di scuola elementare,,,totale,tutte le voci,tutte le voci,13382.0
istruzione_eta,2023,popolazione residente al 31 dicembre,femmine,,9 anni e più,totale,licenza di scuola media inferiore o di avviamento professionale,,,totale,tutte le voci,tutte le voci,22931.0
istruzione_eta,2023,popolazione residente al 31 dicembre,femmine,,9 anni e più,totale,nessun titolo di studio,,,totale,tutte le voci,tutte le voci,3498.0
istruzione_eta,2023,popolazione residente al 31 dicembre,femmine,,9 anni e più,totale,titolo di studio terziario di secondo livello,,,totale,tutte le voci,tutte le voci,16305.0
istruzione_eta,2023,popolazione residente al 31 dicembre,femmine,,9 anni e più,totale,titolo di studio terziario di secondo livello e dottorato di ricerca,,,totale,tutte le voci,tutte le voci,16928.0
istruzione_eta,2023,popolazione residente al 31 dicembre,femmine,,9 anni e più,totale,totale,,,totale,tutte le voci,tutte le voci,96079.0
istruzione_eta,2023,popolazione residente al 31 dicembre,femmine,,9-24 anni,totale,diploma di istruzione secondaria di II grado o di qualifica professionale (corso di 3-4 anni) compresi IFTS,,,totale,tutte le voci,tutte le voci,4053.0
istruzione_eta,2023,popolazione residente al 31 dicembre,femmine,,9-24 anni,totale,diploma di tecnico superiore ITS o titolo di studio terziario di primo livello,,,totale,tutte le voci,tutte le voci,594.0
istruzione_eta,2023,popolazione residente al 31 dicembre,femmine,,9-24 anni,totale,licenza di scuola elementare,,,totale,tutte le voci,tutte le voci,2981.0
istruzione_eta,2023,popolazione residente al 31 dicembre,femmine,,9-24 anni,totale,licenza di scuola media inferiore o di avviamento professionale,,,totale,tutte le voci,tutte le voci,5150.0
istruzione_eta,2023,popolazione residente al 31 dicembre,femmine,,9-24 anni,totale,nessun titolo di studio,,,totale,tutte le voci,tutte le voci,1742.0
istruzione_eta,2023,popolazione residente al 31 dicembre,femmine,,9-24 anni,totale,titolo di studio terziario di secondo livello e dottorato di ricerca,,,totale,tutte le voci,tutte le voci,118.0
istruzione_eta,2023,popolazione residente al 31 dicembre,femmine,,9-24 anni,totale,totale,,,totale,tutte le voci,tutte le voci,14638.0
istruzione_eta,2023,popolazione residente al 31 dicembre,maschi,,25-49 anni,totale,diploma di istruzione secondaria di II grado o di qualifica professionale (corso di 3-4 anni) compresi IFTS,,,totale,tutte le voci,tutte le voci,13410.0
istruzione_eta,2023,popolazione residente al 31 dicembre,maschi,,25-49 anni,totale,diploma di tecnico superiore ITS o titolo di studio terziario di primo livello,,,totale,tutte le voci,tutte le voci,3013.0
istruzione_eta,2023,popolazione residente al 31 dicembre,maschi,,25-49 anni,totale,licenza di scuola elementare,,,totale,tutte le voci,tutte le voci,682.0
istruzione_eta,2023,popolazione residente al 31 dicembre,maschi,,25-49 anni,totale,licenza di scuola media inferiore o di avviamento professionale,,,totale,tutte le voci,tutte le voci,6456.0
istruzione_eta,2023,popolazione residente al 31 dicembre,maschi,,25-49 anni,totale,nessun titolo di studio,,,totale,tutte le voci,tutte le voci,728.0
istruzione_eta,2023,popolazione residente al 31 dicembre,maschi,,25-49 anni,totale,titolo di studio terziario di secondo livello e dottorato di ricerca,,,totale,tutte le voci,tutte le voci,6756.0
istruzione_eta,2023,popolazione residente al 31 dicembre,maschi,,25-49 anni,totale,totale,,,totale,tutte le voci,tutte le voci,31045.0
istruzione_eta,2023,popolazione residente al 31 dicembre,maschi,,50-64 anni,totale,diploma di istruzione secondaria di II grado o di qualifica professionale (corso di 3-4 anni) compresi IFTS,,,totale,tutte le voci,tutte le voci,9049.0
istruzione_eta,2023,popolazione residente al 31 dicembre,maschi,,50-64 anni,totale,diploma di tecnico superiore ITS o titolo di studio terziario di primo livello,,,totale,tutte le voci,tutte le voci,572.0
istruzione_eta,2023,popolazione residente al 31 dicembre,maschi,,50-64 anni,totale,licenza di scuola elementare,,,totale,tutte le voci,tutte le voci,697.0
istruzione_eta,2023,popolazione residente al 31 dicembre,maschi,,50-64 anni,totale,licenza di scuola media inferiore o di avviamento professionale,,,totale,tutte le voci,tutte le voci,6759.0
istruzione_eta,2023,popolazione residente al 31 dicembre,maschi,,50-64 anni,totale,nessun titolo di studio,,,totale,tutte le voci,tutte le voci,475.0
istruzione_eta,2023,popolazione residente al 31 dicembre,maschi,,50-64 anni,totale,titolo di studio terziario di secondo livello e dottorato di ricerca,,,totale,tutte le voci,tutte le voci,4288.0
istruzione_eta,2023,popolazione residente al 31 dicembre,maschi,,50-64 anni,totale,totale,,,totale,tutte le voci,tutte le voci,21840.0
istruzione_eta,2023,popolazione residente al 31 dicembre,maschi,,65 anni e più,totale,diploma di istruzione secondaria di II grado o di qualifica professionale (corso di 3-4 anni) compresi IFTS,,,totale,tutte le voci,tutte le voci,6761.0
istruzione_eta,2023,popolazione residente al 31 dicembre,maschi,,65 anni e più,totale,diploma di tecnico superiore ITS o titolo di studio terziario di primo livello,,,totale,tutte le voci,tutte le voci,229.0
istruzione_eta,2023,popolazione residente al 31 dicembre,maschi,,65 anni e più,totale,licenza di scuola elementare,,,totale,tutte le voci,tutte le voci,4022.0
istruzione_eta,2023,popolazione residente al 31 dicembre,maschi,,65 anni e più,totale,licenza di scuola media inferiore o di avviamento professionale,,,totale,tutte le voci,tutte le voci,5305.0
istruzione_eta,2023,popolazione residente al 31 dicembre,maschi,,65 anni e più,totale,nessun titolo di studio,,,totale,tutte le voci,tutte le voci,268.0
istruzione_eta,2023,popolazione residente al 31 dicembre,maschi,,65 anni e più,totale,titolo di studio terziario di secondo livello e dottorato di ricerca,,,totale,tutte le voci,tutte le voci,3516.0
istruzione_eta,2023,popolazione residente al 31 dicembre,maschi,,65 anni e più,totale,totale,,,totale,tutte le voci,tutte le voci,20101.0
istruzione_eta,2023,popolazione residente al 31 dicembre,maschi,,9 anni e più,totale,alfabeti privi di titolo di studio,,,totale,tutte le voci,tutte le voci,2957.0
istruzione_eta,2023,popolazione residente al 31 dicembre,maschi,,9 anni e più,totale,analfabeti,,,totale,tutte le voci,tutte le voci,417.0
istruzione_eta,2023,popolazione residente al 31 dicembre,maschi,,9 anni e più,totale,diploma di istruzione secondaria di II grado o di qualifica professionale (corso di 3-4 anni) compresi IFTS,,,totale,tutte le voci,tutte le voci,33459.0
istruzione_eta,2023,popolazione residente al 31 dicembre,maschi,,9 anni e più,totale,diploma di tecnico superiore ITS o titolo di studio terziario di primo livello,,,totale,tutte le voci,tutte le voci,4339.0
istruzione_eta,2023,popolazione residente al 31 dicembre,maschi,,9 anni e più,totale,dottorato di ricerca/diploma accademico di formazione alla ricerca,,,totale,tutte le voci,tutte le voci,580.0
istruzione_eta,2023,popolazione residente al 31 dicembre,maschi,,9 anni e più,totale,licenza di scuola elementare,,,totale,tutte le voci,tutte le voci,8546.0
istruzione_eta,2023,popolazione residente al 31 dicembre,maschi,,9 anni e più,totale,licenza di scuola media inferiore o di avviamento professionale,,,totale,tutte le voci,tutte le voci,24244.0
istruzione_eta,2023,popolazione residente al 31 dicembre,maschi,,9 anni e più,totale,nessun titolo di studio,,,totale,tutte le voci,tutte le voci,3374.0
istruzione_eta,2023,popolazione residente al 31 dicembre,maschi,,9 anni e più,totale,titolo di studio terziario di secondo livello,,,totale,tutte le voci,tutte le voci,14094.0
istruzione_eta,2023,popolazione residente al 31 dicembre,maschi,,9 anni e più,totale,titolo di studio terziario di secondo livello e dottorato di ricerca,,,totale,tutte le voci,tutte le voci,14674.0
istruzione_eta,2023,popolazione residente al 31 dicembre,maschi,,9 anni e più,totale,totale,,,totale,tutte le voci,tutte le voci,88636.0
istruzione_eta,2023,popolazione residente al 31 dicembre,maschi,,9-24 anni,totale,diploma di istruzione secondaria di II grado o di qualifica professionale (corso di 3-4 anni) compresi IFTS,,,totale,tutte le voci,tutte le voci,4239.0
istruzione_eta,2023,popolazione residente al 31 dicembre,maschi,,9-24 anni,totale,diploma di tecnico superiore ITS o titolo di studio terziario di primo livello,,,totale,tutte le voci,tutte le voci,525.0
istruzione_eta,2023,popolazione residente al 31 dicembre,maschi,,9-24 anni,totale,licenza di scuola elementare,,,totale,tutte le voci,tutte le voci,3145.0
istruzione_eta,2023,popolazione residente al 31 dicembre,maschi,,9-24 anni,totale,licenza di scuola media inferiore o di avviamento professionale,,,totale,tutte le voci,tutte le voci,5724.0
istruzione_eta,2023,popolazione residente al 31 dicembre,maschi,,9-24 anni,totale,nessun titolo di studio,,,totale,tutte le voci,tutte le voci,1903.0
istruzione_eta,2023,popolazione residente al 31 dicembre,maschi,,9-24 anni,totale,titolo di studio terziario di secondo livello e dottorato di ricerca,,,totale,tutte le voci,tutte le voci,114.0
istruzione_eta,2023,popolazione residente al 31 dicembre,maschi,,9-24 anni,totale,totale,,,totale,tutte le voci,tutte le voci,15650.0
istruzione_eta,2023,popolazione residente al 31 dicembre,totale,,25-49 anni,totale,diploma di istruzione secondaria di II grado o di qualifica professionale (corso di 3-4 anni) compresi IFTS,,,totale,tutte le voci,tutte le voci,24594.0
istruzione_eta,2023,popolazione residente al 31 dicembre,totale,,25-49 anni,totale,diploma di tecnico superiore ITS o titolo di studio terziario di primo livello,,,totale,tutte le voci,tutte le voci,6826.0
istruzione_eta,2023,popolazione residente al 31 dicembre,totale,,25-49 anni,totale,licenza di scuola elementare,,,totale,tutte le voci,tutte le voci,1301.0
istruzione_eta,2023,popolazione residente al 31 dicembre,totale,,25-49 anni,totale,licenza di scuola media inferiore o di avviamento professionale,,,totale,tutte le voci,tutte le voci,11191.0
istruzione_eta,2023,popolazione residente al 31 dicembre,totale,,25-49 anni,totale,nessun titolo di studio,,,totale,tutte le voci,tutte le voci,1368.0
istruzione_eta,2023,popolazione residente al 31 dicembre,totale,,25-49 anni,totale,titolo di studio terziario di secondo livello e dottorato di ricerca,,,totale,tutte le voci,tutte le voci,15245.0
istruzione_eta,2023,popolazione residente al 31 dicembre,totale,,25-49 anni,totale,totale,,,totale,tutte le voci,tutte le voci,60525.0
istruzione_eta,2023,popolazione residente al 31 dicembre,totale,,50-64 anni,totale,diploma di istruzione secondaria di II grado o di qualifica professionale (corso di 3-4 anni) compresi IFTS,,,totale,tutte le voci,tutte le voci,19009.0
istruzione_eta,2023,popolazione residente al 31 dicembre,totale,,50-64 anni,totale,diploma di tecnico superiore ITS o titolo di studio terziario di primo livello,,,totale,tutte le voci,tutte le voci,1602.0
istruzione_eta,2023,popolazione residente al 31 dicembre,totale,,50-64 anni,totale,licenza di scuola elementare,,,totale,tutte le voci,tutte le voci,1428.0
istruzione_eta,2023,popolazione residente al 31 dicembre,totale,,50-64 anni,totale,licenza di scuola media inferiore o di avviamento professionale,,,totale,tutte le voci,tutte le voci,12685.0
istruzione_eta,2023,popolazione residente al 31 dicembre,totale,,50-64 anni,totale,nessun titolo di studio,,,totale,tutte le voci,tutte le voci,944.0
istruzione_eta,2023,popolazione residente al 31 dicembre,totale,,50-64 anni,totale,titolo di studio terziario di secondo livello e dottorato di ricerca,,,totale,tutte le voci,tutte le voci,9309.0
istruzione_eta,2023,popolazione residente al 31 dicembre,totale,,50-64 anni,totale,totale,,,totale,tutte le voci,tutte le voci,44977.0
istruzione_eta,2023,popolazione residente al 31 dicembre,totale,,65 anni e più,totale,diploma di istruzione secondaria di II grado o di qualifica professionale (corso di 3-4 anni) compresi IFTS,,,totale,tutte le voci,tutte le voci,14954.0
istruzione_eta,2023,popolazione residente al 31 dicembre,totale,,65 anni e più,totale,diploma di tecnico superiore ITS o titolo di studio terziario di primo livello,,,totale,tutte le voci,tutte le voci,742.0
istruzione_eta,2023,popolazione residente al 31 dicembre,totale,,65 anni e più,totale,licenza di scuola elementare,,,totale,tutte le voci,tutte le voci,13073.0
istruzione_eta,2023,popolazione residente al 31 dicembre,totale,,65 anni e più,totale,licenza di scuola media inferiore o di avviamento professionale,,,totale,tutte le voci,tutte le voci,12425.0
istruzione_eta,2023,popolazione residente al 31 dicembre,totale,,65 anni e più,totale,nessun titolo di studio,,,totale,tutte le voci,tutte le voci,915.0
istruzione_eta,2023,popolazione residente al 31 dicembre,totale,,65 anni e più,totale,titolo di studio terziario di secondo livello e dottorato di ricerca,,,totale,tutte le voci,tutte le voci,6816.0
istruzione_eta,2023,popolazione residente al 31 dicembre,totale,,65 anni e più,totale,totale,,,totale,tutte le voci,tutte le voci,48925.0
istruzione_eta,2023,popolazione residente al 31 dicembre,totale,,9 anni e più,totale,alfabeti privi di titolo di studio,,,totale,tutte le voci,tutte le voci,5960.0
istruzione_eta,2023,popolazione residente al 31 dicembre,totale,,9 anni e più,totale,analfabeti,,,totale,tutte le voci,tutte le voci,912.0
istruzione_eta,2023,popolazione residente al 31 dicembre,totale,,9 anni e più,totale,diploma di istruzione secondaria di II grado o di qualifica professionale (corso di 3-4 anni) compresi IFTS,,,totale,tutte le voci,tutte le voci,66849.0
istruzione_eta,2023,popolazione residente al 31 dicembre,totale,,9 anni e più,totale,diploma di tecnico superiore ITS o titolo di studio terziario di primo livello,,,totale,tutte le voci,tutte le voci,10289.0
istruzione_eta,2023,popolazione residente al 31 dicembre,totale,,9 anni e più,totale,dottorato di ricerca/diploma accademico di formazione alla ricerca,,,totale,tutte le voci,tutte le voci,1203.0
istruzione_eta,2023,popolazione residente al 31 dicembre,totale,,9 anni e più,totale,licenza di scuola elementare,,,totale,tutte le voci,tutte le voci,21928.0
istruzione_eta,2023,popolazione residente al 31 dicembre,totale,,9 anni e più,totale,licenza di scuola media inferiore o di avviamento professionale,,,totale,tutte le voci,tutte le voci,47175.0
istruzione_eta,2023,popolazione residente al 31 dicembre,totale,,9 anni e più,totale,nessun titolo di studio,,,totale,tutte le voci,tutte le voci,6872.0
istruzione_eta,2023,popolazione residente al 31 dicembre,totale,,9 anni e più,totale,titolo di studio terziario di secondo livello,,,totale,tutte le voci,tutte le voci,30399.0
istruzione_eta,2023,popolazione residente al 31 dicembre,totale,,9 anni e più,totale,titolo di studio terziario di secondo livello e dottorato di ricerca,,,totale,tutte le voci,tutte le voci,31602.0
istruzione_eta,2023,popolazione residente al 31 dicembre,totale,,9 anni e più,totale,totale,,,totale,tutte le voci,tutte le voci,184715.0
istruzione_eta,2023,popolazione residente al 31 dicembre,totale,,9-24 anni,totale,diploma di istruzione secondaria di II grado o di qualifica professionale (corso di 3-4 anni) compresi IFTS,,,totale,tutte le voci,tutte le voci,8292.0
istruzione_eta,2023,popolazione residente al 31 dicembre,totale,,9-24 anni,totale,diploma di tecnico superiore ITS o titolo di studio terziario di primo livello,,,totale,tutte le voci,tutte le voci,1119.0
istruzione_eta,2023,popolazione residente al 31 dicembre,totale,,9-24 anni,totale,licenza di scuola elementare,,,totale,tutte le voci,tutte le voci,6126.0
istruzione_eta,2023,popolazione residente al 31 dicembre,totale,,9-24 anni,totale,licenza di scuola media inferiore o di avviamento professionale,,,totale,tutte le voci,tutte le voci,10874.0
istruzione_eta,2023,popolazione residente al 31 dicembre,totale,,9-24 anni,totale,nessun titolo di studio,,,totale,tutte le voci,tutte le voci,3645.0
istruzione_eta,2023,popolazione residente al 31 dicembre,totale,,9-24 anni,totale,titolo di studio terziario di secondo livello e dottorato di ricerca,,,totale,tutte le voci,tutte le voci,232.0
istruzione_eta,2023,popolazione residente al 31 dicembre,totale,,9-24 anni,totale,totale,,,totale,tutte le voci,tutte le voci,30288.0
istruzione_eta,2024,popolazione residente al 31 dicembre,femmine,,25-49 anni,totale,diploma di istruzione secondaria di II grado o di qualifica professionale (corso di 3-4 anni) compresi IFTS,,,totale,tutte le voci,tutte le voci,11107.0
istruzione_eta,2024,popolazione residente al 31 dicembre,femmine,,25-49 anni,totale,diploma di tecnico superiore ITS o titolo di studio terziario di primo livello,,,totale,tutte le voci,tutte le voci,4038.0
istruzione_eta,2024,popolazione residente al 31 dicembre,femmine,,25-49 anni,totale,licenza di scuola elementare,,,totale,tutte le voci,tutte le voci,632.0
istruzione_eta,2024,popolazione residente al 31 dicembre,femmine,,25-49 anni,totale,licenza di scuola media inferiore o di avviamento professionale,,,totale,tutte le voci,tutte le voci,4610.0
istruzione_eta,2024,popolazione residente al 31 dicembre,femmine,,25-49 anni,totale,nessun titolo di studio,,,totale,tutte le voci,tutte le voci,667.0
istruzione_eta,2024,popolazione residente al 31 dicembre,femmine,,25-49 anni,totale,titolo di studio terziario di secondo livello e dottorato di ricerca,,,totale,tutte le voci,tutte le voci,8536.0
istruzione_eta,2024,popolazione residente al 31 dicembre,femmine,,25-49 anni,totale,totale,,,totale,tutte le voci,tutte le voci,29590.0
istruzione_eta,2024,popolazione residente al 31 dicembre,femmine,,50-64 anni,totale,diploma di istruzione secondaria di II grado o di qualifica professionale (corso di 3-4 anni) compresi IFTS,,,totale,tutte le voci,tutte le voci,9979.0
istruzione_eta,2024,popolazione residente al 31 dicembre,femmine,,50-64 anni,totale,diploma di tecnico superiore ITS o titolo di studio terziario di primo livello,,,totale,tutte le voci,tutte le voci,1057.0
istruzione_eta,2024,popolazione residente al 31 dicembre,femmine,,50-64 anni,totale,licenza di scuola elementare,,,totale,tutte le voci,tutte le voci,729.0
istruzione_eta,2024,popolazione residente al 31 dicembre,femmine,,50-64 anni,totale,licenza di scuola media inferiore o di avviamento professionale,,,totale,tutte le voci,tutte le voci,5875.0
istruzione_eta,2024,popolazione residente al 31 dicembre,femmine,,50-64 anni,totale,nessun titolo di studio,,,totale,tutte le voci,tutte le voci,482.0
istruzione_eta,2024,popolazione residente al 31 dicembre,femmine,,50-64 anni,totale,titolo di studio terziario di secondo livello e dottorato di ricerca,,,totale,tutte le voci,tutte le voci,5198.0
istruzione_eta,2024,popolazione residente al 31 dicembre,femmine,,50-64 anni,totale,totale,,,totale,tutte le voci,tutte le voci,23320.0
istruzione_eta,2024,popolazione residente al 31 dicembre,femmine,,65 anni e più,totale,diploma di istruzione secondaria di II grado o di qualifica professionale (corso di 3-4 anni) compresi IFTS,,,totale,tutte le voci,tutte le voci,8561.0
istruzione_eta,2024,popolazione residente al 31 dicembre,femmine,,65 anni e più,totale,diploma di tecnico superiore ITS o titolo di studio terziario di primo livello,,,totale,tutte le voci,tutte le voci,571.0
istruzione_eta,2024,popolazione residente al 31 dicembre,femmine,,65 anni e più,totale,licenza di scuola elementare,,,totale,tutte le voci,tutte le voci,8565.0
istruzione_eta,2024,popolazione residente al 31 dicembre,femmine,,65 anni e più,totale,licenza di scuola media inferiore o di avviamento professionale,,,totale,tutte le voci,tutte le voci,7240.0
istruzione_eta,2024,popolazione residente al 31 dicembre,femmine,,65 anni e più,totale,nessun titolo di studio,,,totale,tutte le voci,tutte le voci,611.0
istruzione_eta,2024,popolazione residente al 31 dicembre,femmine,,65 anni e più,totale,titolo di studio terziario di secondo livello e dottorato di ricerca,,,totale,tutte le voci,tutte le voci,3500.0
istruzione_eta,2024,popolazione residente al 31 dicembre,femmine,,65 anni e più,totale,totale,,,totale,tutte le voci,tutte le voci,29048.0
istruzione_eta,2024,popolazione residente al 31 dicembre,femmine,,9 anni e più,totale,alfabeti privi di titolo di studio,,,totale,tutte le voci,tutte le voci,3009.0
istruzione_eta,2024,popolazione residente al 31 dicembre,femmine,,9 anni e più,totale,analfabeti,,,totale,tutte le voci,tutte le voci,500.0
istruzione_eta,2024,popolazione residente al 31 dicembre,femmine,,9 anni e più,totale,diploma di istruzione secondaria di II grado o di qualifica professionale (corso di 3-4 anni) compresi IFTS,,,totale,tutte le voci,tutte le voci,33794.0
istruzione_eta,2024,popolazione residente al 31 dicembre,femmine,,9 anni e più,totale,diploma di tecnico superiore ITS o titolo di studio terziario di primo livello,,,totale,tutte le voci,tutte le voci,6273.0
istruzione_eta,2024,popolazione residente al 31 dicembre,femmine,,9 anni e più,totale,dottorato di ricerca/diploma accademico di formazione alla ricerca,,,totale,tutte le voci,tutte le voci,641.0
istruzione_eta,2024,popolazione residente al 31 dicembre,femmine,,9 anni e più,totale,licenza di scuola elementare,,,totale,tutte le voci,tutte le voci,12812.0
istruzione_eta,2024,popolazione residente al 31 dicembre,femmine,,9 anni e più,totale,licenza di scuola media inferiore o di avviamento professionale,,,totale,tutte le voci,tutte le voci,23013.0
istruzione_eta,2024,popolazione residente al 31 dicembre,femmine,,9 anni e più,totale,nessun titolo di studio,,,totale,tutte le voci,tutte le voci,3509.0
istruzione_eta,2024,popolazione residente al 31 dicembre,femmine,,9 anni e più,totale,titolo di studio terziario di secondo livello,,,totale,tutte le voci,tutte le voci,16685.0
istruzione_eta,2024,popolazione residente al 31 dicembre,femmine,,9 anni e più,totale,titolo di studio terziario di secondo livello e dottorato di ricerca,,,totale,tutte le voci,tutte le voci,17326.0
istruzione_eta,2024,popolazione residente al 31 dicembre,femmine,,9 anni e più,totale,totale,,,totale,tutte le voci,tutte le voci,96727.0
istruzione_eta,2024,popolazione residente al 31 dicembre,femmine,,9-24 anni,totale,diploma di istruzione secondaria di II grado o di qualifica professionale (corso di 3-4 anni) compresi IFTS,,,totale,tutte le voci,tutte le voci,4147.0
istruzione_eta,2024,popolazione residente al 31 dicembre,femmine,,9-24 anni,totale,diploma di tecnico superiore ITS o titolo di studio terziario di primo livello,,,totale,tutte le voci,tutte le voci,607.0
istruzione_eta,2024,popolazione residente al 31 dicembre,femmine,,9-24 anni,totale,licenza di scuola elementare,,,totale,tutte le voci,tutte le voci,2886.0
istruzione_eta,2024,popolazione residente al 31 dicembre,femmine,,9-24 anni,totale,licenza di scuola media inferiore o di avviamento professionale,,,totale,tutte le voci,tutte le voci,5288.0
istruzione_eta,2024,popolazione residente al 31 dicembre,femmine,,9-24 anni,totale,nessun titolo di studio,,,totale,tutte le voci,tutte le voci,1749.0
istruzione_eta,2024,popolazione residente al 31 dicembre,femmine,,9-24 anni,totale,titolo di studio terziario di secondo livello e dottorato di ricerca,,,totale,tutte le voci,tutte le voci,92.0
istruzione_eta,2024,popolazione residente al 31 dicembre,femmine,,9-24 anni,totale,totale,,,totale,tutte le voci,tutte le voci,14769.0
istruzione_eta,2024,popolazione residente al 31 dicembre,maschi,,25-49 anni,totale,diploma di istruzione secondaria di II grado o di qualifica professionale (corso di 3-4 anni) compresi IFTS,,,totale,tutte le voci,tutte le voci,13346.0
istruzione_eta,2024,popolazione residente al 31 dicembre,maschi,,25-49 anni,totale,diploma di tecnico superiore ITS o titolo di studio terziario di primo livello,,,totale,tutte le voci,tutte le voci,3259.0
istruzione_eta,2024,popolazione residente al 31 dicembre,maschi,,25-49 anni,totale,licenza di scuola elementare,,,totale,tutte le voci,tutte le voci,714.0
istruzione_eta,2024,popolazione residente al 31 dicembre,maschi,,25-49 anni,totale,licenza di scuola media inferiore o di avviamento professionale,,,totale,tutte le voci,tutte le voci,6401.0
istruzione_eta,2024,popolazione residente al 31 dicembre,maschi,,25-49 anni,totale,nessun titolo di studio,,,totale,tutte le voci,tutte le voci,737.0
istruzione_eta,2024,popolazione residente al 31 dicembre,maschi,,25-49 anni,totale,titolo di studio terziario di secondo livello e dottorato di ricerca,,,totale,tutte le voci,tutte le voci,6823.0
istruzione_eta,2024,popolazione residente al 31 dicembre,maschi,,25-49 anni,totale,totale,,,totale,tutte le voci,tutte le voci,31280.0
istruzione_eta,2024,popolazione residente al 31 dicembre,maschi,,50-64 anni,totale,diploma di istruzione secondaria di II grado o di qualifica professionale (corso di 3-4 anni) compresi IFTS,,,totale,tutte le voci,tutte le voci,9202.0
istruzione_eta,2024,popolazione residente al 31 dicembre,maschi,,50-64 anni,totale,diploma di tecnico superiore ITS o titolo di studio terziario di primo livello,,,totale,tutte le voci,tutte le voci,604.0
istruzione_eta,2024,popolazione residente al 31 dicembre,maschi,,50-64 anni,totale,licenza di scuola elementare,,,totale,tutte le voci,tutte le voci,680.0
istruzione_eta,2024,popolazione residente al 31 dicembre,maschi,,50-64 anni,totale,licenza di scuola media inferiore o di avviamento professionale,,,totale,tutte le voci,tutte le voci,6778.0
istruzione_eta,2024,popolazione residente al 31 dicembre,maschi,,50-64 anni,totale,nessun titolo di studio,,,totale,tutte le voci,tutte le voci,507.0
istruzione_eta,2024,popolazione residente al 31 dicembre,maschi,,50-64 anni,totale,titolo di studio terziario di secondo livello e dottorato di ricerca,,,totale,tutte le voci,tutte le voci,4418.0
istruzione_eta,2024,popolazione residente al 31 dicembre,maschi,,50-64 anni,totale,totale,,,totale,tutte le voci,tutte le voci,22189.0
istruzione_eta,2024,popolazione residente al 31 dicembre,maschi,,65 anni e più,totale,diploma di istruzione secondaria di II grado o di qualifica professionale (corso di 3-4 anni) compresi IFTS,,,totale,tutte le voci,tutte le voci,7043.0
istruzione_eta,2024,popolazione residente al 31 dicembre,maschi,,65 anni e più,totale,diploma di tecnico superiore ITS o titolo di studio terziario di primo livello,,,totale,tutte le voci,tutte le voci,252.0
istruzione_eta,2024,popolazione residente al 31 dicembre,maschi,,65 anni e più,totale,licenza di scuola elementare,,,totale,tutte le voci,tutte le voci,3778.0
istruzione_eta,2024,popolazione residente al 31 dicembre,maschi,,65 anni e più,totale,licenza di scuola media inferiore o di avviamento professionale,,,totale,tutte le voci,tutte le voci,5449.0
istruzione_eta,2024,popolazione residente al 31 dicembre,maschi,,65 anni e più,totale,nessun titolo di studio,,,totale,tutte le voci,tutte le voci,278.0
istruzione_eta,2024,popolazione residente al 31 dicembre,maschi,,65 anni e più,totale,titolo di studio terziario di secondo livello e dottorato di ricerca,,,totale,tutte le voci,tutte le voci,3640.0
istruzione_eta,2024,popolazione residente al 31 dicembre,maschi,,65 anni e più,totale,totale,,,totale,tutte le voci,tutte le voci,20440.0
istruzione_eta,2024,popolazione residente al 31 dicembre,maschi,,9 anni e più,totale,alfabeti privi di titolo di studio,,,totale,tutte le voci,tutte le voci,3046.0
istruzione_eta,2024,popolazione residente al 31 dicembre,maschi,,9 anni e più,totale,analfabeti,,,totale,tutte le voci,tutte le voci,427.0
istruzione_eta,2024,popolazione residente al 31 dicembre,maschi,,9 anni e più,totale,diploma di istruzione secondaria di II grado o di qualifica professionale (corso di 3-4 anni) compresi IFTS,,,totale,tutte le voci,tutte le voci,33983.0
istruzione_eta,2024,popolazione residente al 31 dicembre,maschi,,9 anni e più,totale,diploma di tecnico superiore ITS o titolo di studio terziario di primo livello,,,totale,tutte le voci,tutte le voci,4635.0
istruzione_eta,2024,popolazione residente al 31 dicembre,maschi,,9 anni e più,totale,dottorato di ricerca/diploma accademico di formazione alla ricerca,,,totale,tutte le voci,tutte le voci,608.0
istruzione_eta,2024,popolazione residente al 31 dicembre,maschi,,9 anni e più,totale,licenza di scuola elementare,,,totale,tutte le voci,tutte le voci,8315.0
istruzione_eta,2024,popolazione residente al 31 dicembre,maschi,,9 anni e più,totale,licenza di scuola media inferiore o di avviamento professionale,,,totale,tutte le voci,tutte le voci,24450.0
istruzione_eta,2024,popolazione residente al 31 dicembre,maschi,,9 anni e più,totale,nessun titolo di studio,,,totale,tutte le voci,tutte le voci,3473.0
istruzione_eta,2024,popolazione residente al 31 dicembre,maschi,,9 anni e più,totale,titolo di studio terziario di secondo livello,,,totale,tutte le voci,tutte le voci,14347.0
istruzione_eta,2024,popolazione residente al 31 dicembre,maschi,,9 anni e più,totale,titolo di studio terziario di secondo livello e dottorato di ricerca,,,totale,tutte le voci,tutte le voci,14955.0
istruzione_eta,2024,popolazione residente al 31 dicembre,maschi,,9 anni e più,totale,totale,,,totale,tutte le voci,tutte le voci,89811.0
istruzione_eta,2024,popolazione residente al 31 dicembre,maschi,,9-24 anni,totale,diploma di istruzione secondaria di II grado o di qualifica professionale (corso di 3-4 anni) compresi IFTS,,,totale,tutte le voci,tutte le voci,4392.0
istruzione_eta,2024,popolazione residente al 31 dicembre,maschi,,9-24 anni,totale,diploma di tecnico superiore ITS o titolo di studio terziario di primo livello,,,totale,tutte le voci,tutte le voci,520.0
istruzione_eta,2024,popolazione residente al 31 dicembre,maschi,,9-24 anni,totale,licenza di scuola elementare,,,totale,tutte le voci,tutte le voci,3143.0
istruzione_eta,2024,popolazione residente al 31 dicembre,maschi,,9-24 anni,totale,licenza di scuola media inferiore o di avviamento professionale,,,totale,tutte le voci,tutte le voci,5822.0
istruzione_eta,2024,popolazione residente al 31 dicembre,maschi,,9-24 anni,totale,nessun titolo di studio,,,totale,tutte le voci,tutte le voci,1951.0
istruzione_eta,2024,popolazione residente al 31 dicembre,maschi,,9-24 anni,totale,titolo di studio terziario di secondo livello e dottorato di ricerca,,,totale,tutte le voci,tutte le voci,74.0
istruzione_eta,2024,popolazione residente al 31 dicembre,maschi,,9-24 anni,totale,totale,,,totale,tutte le voci,tutte le voci,15902.0
istruzione_eta,2024,popolazione residente al 31 dicembre,totale,,25-49 anni,totale,diploma di istruzione secondaria di II grado o di qualifica professionale (corso di 3-4 anni) compresi IFTS,,,totale,tutte le voci,tutte le voci,24453.0
istruzione_eta,2024,popolazione residente al 31 dicembre,totale,,25-49 anni,totale,diploma di tecnico superiore ITS o titolo di studio terziario di primo livello,,,totale,tutte le voci,tutte le voci,7297.0
istruzione_eta,2024,popolazione residente al 31 dicembre,totale,,25-49 anni,totale,licenza di scuola elementare,,,totale,tutte le voci,tutte le voci,1346.0
istruzione_eta,2024,popolazione residente al 31 dicembre,totale,,25-49 anni,totale,licenza di scuola media inferiore o di avviamento professionale,,,totale,tutte le voci,tutte le voci,11011.0
istruzione_eta,2024,popolazione residente al 31 dicembre,totale,,25-49 anni,totale,nessun titolo di studio,,,totale,tutte le voci,tutte le voci,1404.0
istruzione_eta,2024,popolazione residente al 31 dicembre,totale,,25-49 anni,totale,titolo di studio terziario di secondo livello e dottorato di ricerca,,,totale,tutte le voci,tutte le voci,15359.0
istruzione_eta,2024,popolazione residente al 31 dicembre,totale,,25-49 anni,totale,totale,,,totale,tutte le voci,tutte le voci,60870.0
istruzione_eta,2024,popolazione residente al 31 dicembre,totale,,50-64 anni,totale,diploma di istruzione secondaria di II grado o di qualifica professionale (corso di 3-4 anni) compresi IFTS,,,totale,tutte le voci,tutte le voci,19181.0
istruzione_eta,2024,popolazione residente al 31 dicembre,totale,,50-64 anni,totale,diploma di tecnico superiore ITS o titolo di studio terziario di primo livello,,,totale,tutte le voci,tutte le voci,1661.0
istruzione_eta,2024,popolazione residente al 31 dicembre,totale,,50-64 anni,totale,licenza di scuola elementare,,,totale,tutte le voci,tutte le voci,1409.0
istruzione_eta,2024,popolazione residente al 31 dicembre,totale,,50-64 anni,totale,licenza di scuola media inferiore o di avviamento professionale,,,totale,tutte le voci,tutte le voci,12653.0
istruzione_eta,2024,popolazione residente al 31 dicembre,totale,,50-64 anni,totale,nessun titolo di studio,,,totale,tutte le voci,tutte le voci,989.0
istruzione_eta,2024,popolazione residente al 31 dicembre,totale,,50-64 anni,totale,titolo di studio terziario di secondo livello e dottorato di ricerca,,,totale,tutte le voci,tutte le voci,9616.0
istruzione_eta,2024,popolazione residente al 31 dicembre,totale,,50-64 anni,totale,totale,,,totale,tutte le voci,tutte le voci,45509.0
istruzione_eta,2024,popolazione residente al 31 dicembre,totale,,65 anni e più,totale,diploma di istruzione secondaria di II grado o di qualifica professionale (corso di 3-4 anni) compresi IFTS,,,totale,tutte le voci,tutte le voci,15604.0
istruzione_eta,2024,popolazione residente al 31 dicembre,totale,,65 anni e più,totale,diploma di tecnico superiore ITS o titolo di studio terziario di primo livello,,,totale,tutte le voci,tutte le voci,823.0
istruzione_eta,2024,popolazione residente al 31 dicembre,totale,,65 anni e più,totale,licenza di scuola elementare,,,totale,tutte le voci,tutte le voci,12343.0
istruzione_eta,2024,popolazione residente al 31 dicembre,totale,,65 anni e più,totale,licenza di scuola media inferiore o di avviamento professionale,,,totale,tutte le voci,tutte le voci,12689.0
istruzione_eta,2024,popolazione residente al 31 dicembre,totale,,65 anni e più,totale,nessun titolo di studio,,,totale,tutte le voci,tutte le voci,889.0
istruzione_eta,2024,popolazione residente al 31 dicembre,totale,,65 anni e più,totale,titolo di studio terziario di secondo livello e dottorato di ricerca,,,totale,tutte le voci,tutte le voci,7140.0
istruzione_eta,2024,popolazione residente al 31 dicembre,totale,,65 anni e più,totale,totale,,,totale,tutte le voci,tutte le voci,49488.0
istruzione_eta,2024,popolazione residente al 31 dicembre,totale,,9 anni e più,totale,alfabeti privi di titolo di studio,,,totale,tutte le voci,tutte le voci,6055.0
istruzione_eta,2024,popolazione residente al 31 dicembre,totale,,9 anni e più,totale,analfabeti,,,totale,tutte le voci,tutte le voci,927.0
istruzione_eta,2024,popolazione residente al 31 dicembre,totale,,9 anni e più,totale,diploma di istruzione secondaria di II grado o di qualifica professionale (corso di 3-4 anni) compresi IFTS,,,totale,tutte le voci,tutte le voci,67777.0
istruzione_eta,2024,popolazione residente al 31 dicembre,totale,,9 anni e più,totale,diploma di tecnico superiore ITS o titolo di studio terziario di primo livello,,,totale,tutte le voci,tutte le voci,10908.0
istruzione_eta,2024,popolazione residente al 31 dicembre,totale,,9 anni e più,totale,dottorato di ricerca/diploma accademico di formazione alla ricerca,,,totale,tutte le voci,tutte le voci,1249.0
istruzione_eta,2024,popolazione residente al 31 dicembre,totale,,9 anni e più,totale,licenza di scuola elementare,,,totale,tutte le voci,tutte le voci,21127.0
istruzione_eta,2024,popolazione residente al 31 dicembre,totale,,9 anni e più,totale,licenza di scuola media inferiore o di avviamento professionale,,,totale,tutte le voci,tutte le voci,47463.0
istruzione_eta,2024,popolazione residente al 31 dicembre,totale,,9 anni e più,totale,nessun titolo di studio,,,totale,tutte le voci,tutte le voci,6982.0
istruzione_eta,2024,popolazione residente al 31 dicembre,totale,,9 anni e più,totale,titolo di studio terziario di secondo livello,,,totale,tutte le voci,tutte le voci,31032.0
istruzione_eta,2024,popolazione residente al 31 dicembre,totale,,9 anni e più,totale,titolo di studio terziario di secondo livello e dottorato di ricerca,,,totale,tutte le voci,tutte le voci,32281.0
istruzione_eta,2024,popolazione residente al 31 dicembre,totale,,9 anni e più,totale,totale,,,totale,tutte le voci,tutte le voci,186538.0
istruzione_eta,2024,popolazione residente al 31 dicembre,totale,,9-24 anni,totale,diploma di istruzione secondaria di II grado o di qualifica professionale (corso di 3-4 anni) compresi IFTS,,,totale,tutte le voci,tutte le voci,8539.0
istruzione_eta,2024,popolazione residente al 31 dicembre,totale,,9-24 anni,totale,diploma di tecnico superiore ITS o titolo di studio terziario di primo livello,,,totale,tutte le voci,tutte le voci,1127.0
istruzione_eta,2024,popolazione residente al 31 dicembre,totale,,9-24 anni,totale,licenza di scuola elementare,,,totale,tutte le voci,tutte le voci,6029.0
istruzione_eta,2024,popolazione residente al 31 dicembre,totale,,9-24 anni,totale,licenza di scuola media inferiore o di avviamento professionale,,,totale,tutte le voci,tutte le voci,11110.0
istruzione_eta,2024,popolazione residente al 31 dicembre,totale,,9-24 anni,totale,nessun titolo di studio,,,totale,tutte le voci,tutte le voci,3700.0
istruzione_eta,2024,popolazione residente al 31 dicembre,totale,,9-24 anni,totale,titolo di studio terziario di secondo livello e dottorato di ricerca,,,totale,tutte le voci,tutte le voci,166.0
istruzione_eta,2024,popolazione residente al 31 dicembre,totale,,9-24 anni,totale,totale,,,totale,tutte le voci,tutte le voci,30671.0
occupati_posizione,2021,occupati 15 anni e più al 31 dicembre,femmine,15 anni e più,,,,dipendenti,TOTALE,,,,30933.8
occupati_posizione,2021,occupati 15 anni e più al 31 dicembre,femmine,15 anni e più,,,,indipendenti,TOTALE,,,,7385.2
occupati_posizione,2021,occupati 15 anni e più al 31 dicembre,femmine,15 anni e più,,,,totale,TOTALE,,,,38319.0
occupati_posizione,2021,occupati 15 anni e più al 31 dicembre,maschi,15 anni e più,,,,dipendenti,TOTALE,,,,35806.7
occupati_posizione,2021,occupati 15 anni e più al 31 dicembre,maschi,15 anni e più,,,,indipendenti,TOTALE,,,,12662.3
occupati_posizione,2021,occupati 15 anni e più al 31 dicembre,maschi,15 anni e più,,,,totale,TOTALE,,,,48469.0
occupati_posizione,2021,occupati 15 anni e più al 31 dicembre,totale,15 anni e più,,,,dipendenti,TOTALE,,,,66740.6
occupati_posizione,2021,occupati 15 anni e più al 31 dicembre,totale,15 anni e più,,,,indipendenti,TOTALE,,,,20047.4
occupati_posizione,2021,occupati 15 anni e più al 31 dicembre,totale,15 anni e più,,,,totale,TOTALE,,,,86788.0
occupati_settore,2021,occupati 15 anni e più al 31 dicembre,femmine,15 anni e più,,,,totale,TOTALE,,,,38319.0
occupati_settore,2021,occupati 15 anni e più al 31 dicembre,femmine,15 anni e più,,,,totale,TOTALE INDUSTRIA (b-f),,,,3970.0
occupati_settore,2021,occupati 15 anni e più al 31 dicembre,femmine,15 anni e più,,,,totale,"agricoltura, silvicoltura e pesca",,,,225.0
occupati_settore,2021,occupati 15 anni e più al 31 dicembre,femmine,15 anni e più,,,,totale,altre attività (o-u),,,,17246.0
occupati_settore,2021,occupati 15 anni e più al 31 dicembre,femmine,15 anni e più,,,,totale,"attività finanziarie e assicurative, attività immobiliari, attività professionali, scientifiche e tecniche, noleggio, agenzie di viaggio, servizi di supporto alle imprese (k-n)",,,,8185.0
occupati_settore,2021,occupati 15 anni e più al 31 dicembre,femmine,15 anni e più,,,,totale,"commercio, alberghi e ristoranti (g,i)",,,,6930.0
occupati_settore,2021,occupati 15 anni e più al 31 dicembre,femmine,15 anni e più,,,,totale,"trasporto, magazzinaggio, servizi di informazione e comunicazione (h,j)",,,,1763.0
occupati_settore,2021,occupati 15 anni e più al 31 dicembre,maschi,15 anni e più,,,,totale,TOTALE,,,,48469.0
occupati_settore,2021,occupati 15 anni e più al 31 dicembre,maschi,15 anni e più,,,,totale,TOTALE INDUSTRIA (b-f),,,,15799.0
occupati_settore,2021,occupati 15 anni e più al 31 dicembre,maschi,15 anni e più,,,,totale,"agricoltura, silvicoltura e pesca",,,,449.0
occupati_settore,2021,occupati 15 anni e più al 31 dicembre,maschi,15 anni e più,,,,totale,altre attività (o-u),,,,8330.0
occupati_settore,2021,occupati 15 anni e più al 31 dicembre,maschi,15 anni e più,,,,totale,"attività finanziarie e assicurative, attività immobiliari, attività professionali, scientifiche e tecniche, noleggio, agenzie di viaggio, servizi di supporto alle imprese (k-n)",,,,10166.0
occupati_settore,2021,occupati 15 anni e più al 31 dicembre,maschi,15 anni e più,,,,totale,"commercio, alberghi e ristoranti (g,i)",,,,8956.0
occupati_settore,2021,occupati 15 anni e più al 31 dicembre,maschi,15 anni e più,,,,totale,"trasporto, magazzinaggio, servizi di informazione e comunicazione (h,j)",,,,4769.0
occupati_settore,2021,occupati 15 anni e più al 31 dicembre,totale,15 anni e più,,,,totale,TOTALE,,,,86788.0
occupati_settore,2021,occupati 15 anni e più al 31 dicembre,totale,15 anni e più,,,,totale,TOTALE INDUSTRIA (b-f),,,,19769.0
occupati_settore,2021,occupati 15 anni e più al 31 dicembre,totale,15 anni e più,,,,totale,"agricoltura, silvicoltura e pesca",,,,674.0
occupati_settore,2021,occupati 15 anni e più al 31 dicembre,totale,15 anni e più,,,,totale,altre attività (o-u),,,,25576.0
occupati_settore,2021,occupati 15 anni e più al 31 dicembre,totale,15 anni e più,,,,totale,"attività finanziarie e assicurative, attività immobiliari, attività professionali, scientifiche e tecniche, noleggio, agenzie di viaggio, servizi di supporto alle imprese (k-n)",,,,18351.0
occupati_settore,2021,occupati 15 anni e più al 31 dicembre,totale,15 anni e più,,,,totale,"commercio, alberghi e ristoranti (g,i)",,,,15886.0
occupati_settore,2021,occupati 15 anni e più al 31 dicembre,totale,15 anni e più,,,,totale,"trasporto, magazzinaggio, servizi di informazione e comunicazione (h,j)",,,,6532.0
pendolarismo,2018,popolazione residente che si sposta giornalmente al 31 dicembre,femmine,,totale,totale,totale,,,totale,fuori del comune di dimora abituale,lavoro,8161.0
pendolarismo,2018,popolazione residente che si sposta giornalmente al 31 dicembre,femmine,,totale,totale,totale,,,totale,fuori del comune di dimora abituale,studio,1292.0
pendolarismo,2018,popolazione residente che si sposta giornalmente al 31 dicembre,femmine,,totale,totale,totale,,,totale,fuori del comune di dimora abituale,tutte le voci,9453.0
pendolarismo,2018,popolazione residente che si sposta giornalmente al 31 dicembre,femmine,,totale,totale,totale,,,totale,stesso comune di dimora abituale,lavoro,25100.0
pendolarismo,2018,popolazione residente che si sposta giornalmente al 31 dicembre,femmine,,totale,totale,totale,,,totale,stesso comune di dimora abituale,studio,14387.0
pendolarismo,2018,popolazione residente che si sposta giornalmente al 31 dicembre,femmine,,totale,totale,totale,,,totale,stesso comune di dimora abituale,tutte le voci,39487.0
pendolarismo,2018,popolazione residente che si sposta giornalmente al 31 dicembre,femmine,,totale,totale,totale,,,totale,tutte le voci,lavoro,33261.0
pendolarismo,2018,popolazione residente che si sposta giornalmente al 31 dicembre,femmine,,totale,totale,totale,,,totale,tutte le voci,studio,15679.0
pendolarismo,2018,popolazione residente che si sposta giornalmente al 31 dicembre,femmine,,totale,totale,totale,,,totale,tutte le voci,tutte le voci,48940.0
pendolarismo,2018,popolazione residente che si sposta giornalmente al 31 dicembre,maschi,,totale,totale,totale,,,totale,fuori del comune di dimora abituale,lavoro,14693.0
pendolarismo,2018,popolazione residente che si sposta giornalmente al 31 dicembre,maschi,,totale,totale,totale,,,totale,fuori del comune di dimora abituale,studio,1192.0
pendolarismo,2018,popolazione residente che si sposta giornalmente al 31 dicembre,maschi,,totale,totale,totale,,,totale,fuori del comune di dimora abituale,tutte le voci,15885.0
pendolarismo,2018,popolazione residente che si sposta giornalmente al 31 dicembre,maschi,,totale,totale,totale,,,totale,stesso comune di dimora abituale,lavoro,26507.0
pendolarismo,2018,popolazione residente che si sposta giornalmente al 31 dicembre,maschi,,totale,totale,totale,,,totale,stesso comune di dimora abituale,studio,14654.0
pendolarismo,2018,popolazione residente che si sposta giornalmente al 31 dicembre,maschi,,totale,totale,totale,,,totale,stesso comune di dimora abituale,tutte le voci,41161.0
pendolarismo,2018,popolazione residente che si sposta giornalmente al 31 dicembre,maschi,,totale,totale,totale,,,totale,tutte le voci,lavoro,41200.0
pendolarismo,2018,popolazione residente che si sposta giornalmente al 31 dicembre,maschi,,totale,totale,totale,,,totale,tutte le voci,studio,15846.0
pendolarismo,2018,popolazione residente che si sposta giornalmente al 31 dicembre,maschi,,totale,totale,totale,,,totale,tutte le voci,tutte le voci,57046.0
pendolarismo,2018,popolazione residente che si sposta giornalmente al 31 dicembre,totale,,totale,totale,totale,,,totale,fuori del comune di dimora abituale,lavoro,22854.0
pendolarismo,2018,popolazione residente che si sposta giornalmente al 31 dicembre,totale,,totale,totale,totale,,,totale,fuori del comune di dimora abituale,studio,2484.0
pendolarismo,2018,popolazione residente che si sposta giornalmente al 31 dicembre,totale,,totale,totale,totale,,,totale,fuori del comune di dimora abituale,tutte le voci,25338.0
pendolarismo,2018,popolazione residente che si sposta giornalmente al 31 dicembre,totale,,totale,totale,totale,,,totale,stesso comune di dimora abituale,lavoro,51607.0
pendolarismo,2018,popolazione residente che si sposta giornalmente al 31 dicembre,totale,,totale,totale,totale,,,totale,stesso comune di dimora abituale,studio,29041.0
pendolarismo,2018,popolazione residente che si sposta giornalmente al 31 dicembre,totale,,totale,totale,totale,,,totale,stesso comune di dimora abituale,tutte le voci,80648.0
pendolarismo,2018,popolazione residente che si sposta giornalmente al 31 dicembre,totale,,totale,totale,totale,,,totale,tutte le voci,lavoro,74461.0
pendolarismo,2018,popolazione residente che si sposta giornalmente al 31 dicembre,totale,,totale,totale,totale,,,totale,tutte le voci,studio,31525.0
pendolarismo,2018,popolazione residente che si sposta giornalmente al 31 dicembre,totale,,totale,totale,totale,,,totale,tutte le voci,tutte le voci,105986.0
pendolarismo,2019,popolazione residente che si sposta giornalmente al 31 dicembre,femmine,,totale,totale,totale,,,totale,fuori del comune di dimora abituale,lavoro,8556.0
pendolarismo,2019,popolazione residente che si sposta giornalmente al 31 dicembre,femmine,,totale,totale,totale,,,totale,fuori del comune di dimora abituale,studio,1437.0
pendolarismo,2019,popolazione residente che si sposta giornalmente al 31 dicembre,femmine,,totale,totale,totale,,,totale,fuori del comune di dimora abituale,tutte le voci,9993.0
pendolarismo,2019,popolazione residente che si sposta giornalmente al 31 dicembre,femmine,,totale,totale,totale,,,totale,stesso comune di dimora abituale,lavoro,25251.0
pendolarismo,2019,popolazione residente che si sposta giornalmente al 31 dicembre,femmine,,totale,totale,totale,,,totale,stesso comune di dimora abituale,studio,14718.0
pendolarismo,2019,popolazione residente che si sposta giornalmente al 31 dicembre,femmine,,totale,totale,totale,,,totale,stesso comune di dimora abituale,tutte le voci,39969.0
pendolarismo,2019,popolazione residente che si sposta giornalmente al 31 dicembre,femmine,,totale,totale,totale,,,totale,tutte le voci,lavoro,33807.0
pendolarismo,2019,popolazione residente che si sposta giornalmente al 31 dicembre,femmine,,totale,totale,totale,,,totale,tutte le voci,studio,16155.0
pendolarismo,2019,popolazione residente che si sposta giornalmente al 31 dicembre,femmine,,totale,totale,totale,,,totale,tutte le voci,tutte le voci,49962.0
pendolarismo,2019,popolazione residente che si sposta giornalmente al 31 dicembre,maschi,,totale,totale,totale,,,totale,fuori del comune di dimora abituale,lavoro,15143.0
pendolarismo,2019,popolazione residente che si sposta giornalmente al 31 dicembre,maschi,,totale,totale,totale,,,totale,fuori del comune di dimora abituale,studio,1289.0
pendolarismo,2019,popolazione residente che si sposta giornalmente al 31 dicembre,maschi,,totale,totale,totale,,,totale,fuori del comune di dimora abituale,tutte le voci,16432.0
pendolarismo,2019,popolazione residente che si sposta giornalmente al 31 dicembre,maschi,,totale,totale,totale,,,totale,stesso comune di dimora abituale,lavoro,26702.0
pendolarismo,2019,popolazione residente che si sposta giornalmente al 31 dicembre,maschi,,totale,totale,totale,,,totale,stesso comune di dimora abituale,studio,14938.0
pendolarismo,2019,popolazione residente che si sposta giornalmente al 31 dicembre,maschi,,totale,totale,totale,,,totale,stesso comune di dimora abituale,tutte le voci,41640.0
pendolarismo,2019,popolazione residente che si sposta giornalmente al 31 dicembre,maschi,,totale,totale,totale,,,totale,tutte le voci,lavoro,41845.0
pendolarismo,2019,popolazione residente che si sposta giornalmente al 31 dicembre,maschi,,totale,totale,totale,,,totale,tutte le voci,studio,16227.0
pendolarismo,2019,popolazione residente che si sposta giornalmente al 31 dicembre,maschi,,totale,totale,totale,,,totale,tutte le voci,tutte le voci,58072.0
pendolarismo,2019,popolazione residente che si sposta giornalmente al 31 dicembre,totale,,totale,totale,totale,,,totale,fuori del comune di dimora abituale,lavoro,23699.0
pendolarismo,2019,popolazione residente che si sposta giornalmente al 31 dicembre,totale,,totale,totale,totale,,,totale,fuori del comune di dimora abituale,studio,2726.0
pendolarismo,2019,popolazione residente che si sposta giornalmente al 31 dicembre,totale,,totale,totale,totale,,,totale,fuori del comune di dimora abituale,tutte le voci,26425.0
pendolarismo,2019,popolazione residente che si sposta giornalmente al 31 dicembre,totale,,totale,totale,totale,,,totale,stesso comune di dimora abituale,lavoro,51953.0
pendolarismo,2019,popolazione residente che si sposta giornalmente al 31 dicembre,totale,,totale,totale,totale,,,totale,stesso comune di dimora abituale,studio,29656.0
pendolarismo,2019,popolazione residente che si sposta giornalmente al 31 dicembre,totale,,totale,totale,totale,,,totale,stesso comune di dimora abituale,tutte le voci,81609.0
pendolarismo,2019,popolazione residente che si sposta giornalmente al 31 dicembre,totale,,totale,totale,totale,,,totale,tutte le voci,lavoro,75652.0
pendolarismo,2019,popolazione residente che si sposta giornalmente al 31 dicembre,totale,,totale,totale,totale,,,totale,tutte le voci,studio,32382.0
pendolarismo,2019,popolazione residente che si sposta giornalmente al 31 dicembre,totale,,totale,totale,totale,,,totale,tutte le voci,tutte le voci,108034.0
