territorio,nome_territorio,anno,ateco,settore,indicatore,valore
017029,Brescia,2018,08,altre attività di estrazione di minerali da cave e miniere,addetti,42.4
017029,Brescia,2018,10,industrie alimentari,addetti,818.3
017029,Brescia,2018,11,industria delle bevande,addetti,15.0
017029,Brescia,2018,13,industrie tessili,addetti,128.2
017029,Brescia,2018,14,"confezione di articoli di abbigliamento, confezione di articoli in pelle e pelliccia",addetti,366.0
017029,Brescia,2018,15,fabbricazione di articoli in pelle e simili,addetti,9.6
017029,Brescia,2018,16,"industria del legno e dei prodotti in legno e sughero (esclusi i mobili), fabbricazione di articoli in paglia e materiali da intreccio",addetti,64.5
017029,Brescia,2018,17,fabbricazione di carta e di prodotti di carta,addetti,30.0
017029,Brescia,2018,18,stampa e riproduzione di supporti registrati,addetti,281.1
017029,Brescia,2018,19,fabbricazione di coke e prodotti derivanti dalla raffinazione del petrolio,addetti,17.0
017029,Brescia,2018,20,fabbricazione di prodotti chimici,addetti,542.8
017029,Brescia,2018,21,fabbricazione di prodotti farmaceutici di base e di preparati farmaceutici,addetti,205.8
017029,Brescia,2018,22,fabbricazione di articoli in gomma e materie plastiche,addetti,341.1
017029,Brescia,2018,23,fabbricazione di altri prodotti della lavorazione di minerali non metalliferi,addetti,162.0
017029,Brescia,2018,24,metallurgia,addetti,1792.8
017029,Brescia,2018,25,fabbricazione di prodotti in metallo (esclusi macchinari e attrezzature),addetti,1910.2
017029,Brescia,2018,26,"fabbricazione di computer e prodotti di elettronica e ottica, apparecchi elettromedicali, apparecchi di misurazione e di orologi",addetti,141.3
017029,Brescia,2018,27,fabbricazione di apparecchiature elettriche ed apparecchiature per uso domestico non elettriche,addetti,767.4
017029,Brescia,2018,28,fabbricazione di macchinari ed apparecchiature nca,addetti,2856.3
017029,Brescia,2018,29,"fabbricazione di autoveicoli, rimorchi e semirimorchi",addetti,2129.0
017029,Brescia,2018,30,fabbricazione di altri mezzi di trasporto,addetti,27.1
017029,Brescia,2018,31,fabbricazione di mobili,addetti,123.4
017029,Brescia,2018,32,altre industrie manifatturiere,addetti,362.8
017029,Brescia,2018,33,"riparazione, manutenzione ed installazione di macchine ed apparecchiature",addetti,769.5
017029,Brescia,2018,35,"fornitura di energia elettrica, gas, vapore e aria condizionata",addetti,1134.4
017029,Brescia,2018,36,"raccolta, trattamento e fornitura di acqua",addetti,175.3
017029,Brescia,2018,37,gestione delle reti fognarie,addetti,11.0
017029,Brescia,2018,38,"attività di raccolta, trattamento e smaltimento dei rifiuti recupero dei materiali",addetti,1297.3
017029,Brescia,2018,39,attività di risanamento e altri servizi di gestione dei rifiuti,addetti,28.9
017029,Brescia,2018,41,costruzione di edifici,addetti,869.1
017029,Brescia,2018,42,ingegneria civile,addetti,201.0
017029,Brescia,2018,43,lavori di costruzione specializzati,addetti,2581.9
017029,Brescia,2018,45,commercio all'ingrosso e al dettaglio e riparazione di autoveicoli e motocicli,addetti,2146.5
017029,Brescia,2018,46,commercio all'ingrosso (escluso quello di autoveicoli e di motocicli),addetti,6384.4
017029,Brescia,2018,47,commercio al dettaglio (escluso quello di autoveicoli e di motocicli),addetti,7573.6
017029,Brescia,2018,49,trasporto terrestre e trasporto mediante condotte,addetti,2387.7
017029,Brescia,2018,50,trasporto marittimo e per vie d'acqua,addetti,0.0
017029,Brescia,2018,51,trasporto aereo,addetti,0.1
017029,Brescia,2018,52,magazzinaggio e attività di supporto ai trasporti,addetti,2210.0
017029,Brescia,2018,53,servizi postali e attività di corriere,addetti,810.0
017029,Brescia,2018,55,alloggio,addetti,452.1
017029,Brescia,2018,56,attività dei servizi di ristorazione,addetti,6291.8
017029,Brescia,2018,58,attività editoriali,addetti,249.3
017029,Brescia,2018,59,"attività di produzione cinematografica, di video e di programmi televisivi, di registrazioni musicali e sonore",addetti,130.0
017029,Brescia,2018,60,attività di programmazione e trasmissione,addetti,27.6
017029,Brescia,2018,61,telecomunicazioni,addetti,555.0
017029,Brescia,2018,62,"produzione di software, consulenza informatica e attività connesse",addetti,1938.1
017029,Brescia,2018,63,attività dei servizi d'informazione e altri servizi informatici,addetti,1066.5
017029,Brescia,2018,64,attività di servizi finanziari (escluse le assicurazioni e i fondi pensione),addetti,3640.3
017029,Brescia,2018,65,"assicurazioni, riassicurazioni e fondi pensione (escluse le assicurazioni sociali obbligatorie)",addetti,144.7
017029,Brescia,2018,66,attività ausiliarie dei servizi finanziari e delle attività assicurative,addetti,1428.3
017029,Brescia,2018,68,attività immobiliari,addetti,2148.5
017029,Brescia,2018,69,attività legali e contabilità,addetti,5539.4
017029,Brescia,2018,70,attività di direzione aziendale e di consulenza gestionale,addetti,1352.0
017029,Brescia,2018,71,"attività degli studi di architettura e d'ingegneria, collaudi ed analisi tecniche",addetti,1643.5
017029,Brescia,2018,72,ricerca scientifica e sviluppo,addetti,134.4
017029,Brescia,2018,73,pubblicità e ricerche di mercato,addetti,303.5
017029,Brescia,2018,74,"altre attività professionali, scientifiche e tecniche",addetti,1435.6
017029,Brescia,2018,75,servizi veterinari,addetti,63.5
017029,Brescia,2018,77,attività di noleggio e leasing operativo,addetti,184.4
017029,Brescia,2018,78,"attività di ricerca, selezione, fornitura di personale",addetti,8895.4
017029,Brescia,2018,79,"attività dei servizi delle agenzie di viaggio, dei tour operator e servizi di prenotazione e attività connesse",addetti,273.8
017029,Brescia,2018,80,servizi di vigilanza e investigazione,addetti,982.7
017029,Brescia,2018,81,attività di servizi per edifici e paesaggio,addetti,6096.8
017029,Brescia,2018,82,attività di supporto per le funzioni d'ufficio e altri servizi di supporto alle imprese,addetti,2691.4
017029,Brescia,2018,85,istruzione,addetti,1048.1
017029,Brescia,2018,86,assistenza sanitaria,addetti,4236.1
017029,Brescia,2018,87,servizi di assistenza sociale residenziale,addetti,368.9
017029,Brescia,2018,88,assistenza sociale non residenziale,addetti,2015.5
017029,Brescia,2018,90,"attività creative, artistiche e di intrattenimento",addetti,371.1
017029,Brescia,2018,91,"attività di biblioteche, archivi, musei ed altre attività culturali",addetti,201.1
017029,Brescia,2018,92,"attività riguardanti le lotterie, le scommesse, le case da gioco",addetti,100.3
017029,Brescia,2018,93,"attività sportive, di intrattenimento e di divertimento",addetti,364.5
017029,Brescia,2018,95,riparazione di computer e di beni per uso personale e per la casa,addetti,305.7
017029,Brescia,2018,96,altre attività di servizi per la persona,addetti,2741.3
017029,Brescia,2019,08,altre attività di estrazione di minerali da cave e miniere,addetti,33.3
017029,Brescia,2019,10,industrie alimentari,addetti,719.0
017029,Brescia,2019,11,industria delle bevande,addetti,15.8
017029,Brescia,2019,13,industrie tessili,addetti,162.3
017029,Brescia,2019,14,"confezione di articoli di abbigliamento, confezione di articoli in pelle e pelliccia",addetti,371.8
017029,Brescia,2019,15,fabbricazione di articoli in pelle e simili,addetti,11.5
017029,Brescia,2019,16,"industria del legno e dei prodotti in legno e sughero (esclusi i mobili), fabbricazione di articoli in paglia e materiali da intreccio",addetti,67.4
017029,Brescia,2019,17,fabbricazione di carta e di prodotti di carta,addetti,30.3
017029,Brescia,2019,18,stampa e riproduzione di supporti registrati,addetti,291.9
017029,Brescia,2019,19,fabbricazione di coke e prodotti derivanti dalla raffinazione del petrolio,addetti,16.0
017029,Brescia,2019,20,fabbricazione di prodotti chimici,addetti,571.9
017029,Brescia,2019,21,fabbricazione di prodotti farmaceutici di base e di preparati farmaceutici,addetti,215.2
017029,Brescia,2019,22,fabbricazione di articoli in gomma e materie plastiche,addetti,274.5
017029,Brescia,2019,23,fabbricazione di altri prodotti della lavorazione di minerali non metalliferi,addetti,184.1
017029,Brescia,2019,24,metallurgia,addetti,1742.3
017029,Brescia,2019,25,fabbricazione di prodotti in metallo (esclusi macchinari e attrezzature),addetti,1754.5
017029,Brescia,2019,26,"fabbricazione di computer e prodotti di elettronica e ottica, apparecchi elettromedicali, apparecchi di misurazione e di orologi",addetti,149.4
017029,Brescia,2019,27,fabbricazione di apparecchiature elettriche ed apparecchiature per uso domestico non elettriche,addetti,758.2
017029,Brescia,2019,28,fabbricazione di macchinari ed apparecchiature nca,addetti,2996.2
017029,Brescia,2019,29,"fabbricazione di autoveicoli, rimorchi e semirimorchi",addetti,2206.0
017029,Brescia,2019,30,fabbricazione di altri mezzi di trasporto,addetti,20.5
017029,Brescia,2019,31,fabbricazione di mobili,addetti,92.1
017029,Brescia,2019,32,altre industrie manifatturiere,addetti,409.2
017029,Brescia,2019,33,"riparazione, manutenzione ed installazione di macchine ed apparecchiature",addetti,763.8
017029,Brescia,2019,35,"fornitura di energia elettrica, gas, vapore e aria condizionata",addetti,1177.7
017029,Brescia,2019,36,"raccolta, trattamento e fornitura di acqua",addetti,188.1
017029,Brescia,2019,37,gestione delle reti fognarie,addetti,16.4
017029,Brescia,2019,38,"attività di raccolta, trattamento e smaltimento dei rifiuti recupero dei materiali",addetti,1200.3
017029,Brescia,2019,39,attività di risanamento e altri servizi di gestione dei rifiuti,addetti,23.9
017029,Brescia,2019,41,costruzione di edifici,addetti,1109.2
017029,Brescia,2019,42,ingegneria civile,addetti,219.3
017029,Brescia,2019,43,lavori di costruzione specializzati,addetti,2687.6
017029,Brescia,2019,45,commercio all'ingrosso e al dettaglio e riparazione di autoveicoli e motocicli,addetti,2151.2
017029,Brescia,2019,46,commercio all'ingrosso (escluso quello di autoveicoli e di motocicli),addetti,6574.6
017029,Brescia,2019,47,commercio al dettaglio (escluso quello di autoveicoli e di motocicli),addetti,7380.1
017029,Brescia,2019,49,trasporto terrestre e trasporto mediante condotte,addetti,2503.8
017029,Brescia,2019,50,trasporto marittimo e per vie d'acqua,addetti,0.0
017029,Brescia,2019,51,trasporto aereo,addetti,116.3
017029,Brescia,2019,52,magazzinaggio e attività di supporto ai trasporti,addetti,2183.6
017029,Brescia,2019,53,servizi postali e attività di corriere,addetti,736.6
017029,Brescia,2019,55,alloggio,addetti,452.1
017029,Brescia,2019,56,attività dei servizi di ristorazione,addetti,6604.4
017029,Brescia,2019,58,attività editoriali,addetti,219.4
017029,Brescia,2019,59,"attività di produzione cinematografica, di video e di programmi televisivi, di registrazioni musicali e sonore",addetti,145.5
017029,Brescia,2019,60,attività di programmazione e trasmissione,addetti,27.4
017029,Brescia,2019,61,telecomunicazioni,addetti,564.2
017029,Brescia,2019,62,"produzione di software, consulenza informatica e attività connesse",addetti,2281.1
017029,Brescia,2019,63,attività dei servizi d'informazione e altri servizi informatici,addetti,1171.2
017029,Brescia,2019,64,attività di servizi finanziari (escluse le assicurazioni e i fondi pensione),addetti,3614.4
017029,Brescia,2019,65,"assicurazioni, riassicurazioni e fondi pensione (escluse le assicurazioni sociali obbligatorie)",addetti,137.2
017029,Brescia,2019,66,attività ausiliarie dei servizi finanziari e delle attività assicurative,addetti,1423.5
017029,Brescia,2019,68,attività immobiliari,addetti,2264.5
017029,Brescia,2019,69,attività legali e contabilità,addetti,5278.6
017029,Brescia,2019,70,attività di direzione aziendale e di consulenza gestionale,addetti,1376.1
017029,Brescia,2019,71,"attività degli studi di architettura e d'ingegneria, collaudi ed analisi tecniche",addetti,1556.7
017029,Brescia,2019,72,ricerca scientifica e sviluppo,addetti,112.4
017029,Brescia,2019,73,pubblicità e ricerche di mercato,addetti,267.1
017029,Brescia,2019,74,"altre attività professionali, scientifiche e tecniche",addetti,1513.3
017029,Brescia,2019,75,servizi veterinari,addetti,59.8
017029,Brescia,2019,77,attività di noleggio e leasing operativo,addetti,213.6
017029,Brescia,2019,78,"attività di ricerca, selezione, fornitura di personale",addetti,8686.2
017029,Brescia,2019,79,"attività dei servizi delle agenzie di viaggio, dei tour operator e servizi di prenotazione e attività connesse",addetti,254.5
017029,Brescia,2019,80,servizi di vigilanza e investigazione,addetti,1542.8
017029,Brescia,2019,81,attività di servizi per edifici e paesaggio,addetti,5439.6
017029,Brescia,2019,82,attività di supporto per le funzioni d'ufficio e altri servizi di supporto alle imprese,addetti,2292.3
017029,Brescia,2019,85,istruzione,addetti,1117.2
017029,Brescia,2019,86,assistenza sanitaria,addetti,3990.6
017029,Brescia,2019,87,servizi di assistenza sociale residenziale,addetti,348.4
017029,Brescia,2019,88,assistenza sociale non residenziale,addetti,1923.8
017029,Brescia,2019,90,"attività creative, artistiche e di intrattenimento",addetti,362.1
017029,Brescia,2019,91,"attività di biblioteche, archivi, musei ed altre attività culturali",addetti,214.8
017029,Brescia,2019,92,"attività riguardanti le lotterie, le scommesse, le case da gioco",addetti,92.2
017029,Brescia,2019,93,"attività sportive, di intrattenimento e di divertimento",addetti,366.7
017029,Brescia,2019,95,riparazione di computer e di beni per uso personale e per la casa,addetti,283.6
017029,Brescia,2019,96,altre attività di servizi per la persona,addetti,2793.2
017029,Brescia,2020,08,altre attività di estrazione di minerali da cave e miniere,addetti,24.6
017029,Brescia,2020,09,attività dei servizi di supporto all'estrazione,addetti,0.0
017029,Brescia,2020,10,industrie alimentari,addetti,687.7
017029,Brescia,2020,11,industria delle bevande,addetti,21.4
017029,Brescia,2020,13,industrie tessili,addetti,103.7
017029,Brescia,2020,14,"confezione di articoli di abbigliamento, confezione di articoli in pelle e pelliccia",addetti,329.6
017029,Brescia,2020,15,fabbricazione di articoli in pelle e simili,addetti,15.7
017029,Brescia,2020,16,"industria del legno e dei prodotti in legno e sughero (esclusi i mobili), fabbricazione di articoli in paglia e materiali da intreccio",addetti,60.1
017029,Brescia,2020,17,fabbricazione di carta e di prodotti di carta,addetti,29.4
017029,Brescia,2020,18,stampa e riproduzione di supporti registrati,addetti,239.3
017029,Brescia,2020,19,fabbricazione di coke e prodotti derivanti dalla raffinazione del petrolio,addetti,37.0
017029,Brescia,2020,20,fabbricazione di prodotti chimici,addetti,583.4
017029,Brescia,2020,21,fabbricazione di prodotti farmaceutici di base e di preparati farmaceutici,addetti,253.0
017029,Brescia,2020,22,fabbricazione di articoli in gomma e materie plastiche,addetti,260.5
017029,Brescia,2020,23,fabbricazione di altri prodotti della lavorazione di minerali non metalliferi,addetti,167.7
017029,Brescia,2020,24,metallurgia,addetti,1724.7
017029,Brescia,2020,25,fabbricazione di prodotti in metallo (esclusi macchinari e attrezzature),addetti,1737.4
017029,Brescia,2020,26,"fabbricazione di computer e prodotti di elettronica e ottica, apparecchi elettromedicali, apparecchi di misurazione e di orologi",addetti,170.7
017029,Brescia,2020,27,fabbricazione di apparecchiature elettriche ed apparecchiature per uso domestico non elettriche,addetti,760.7
017029,Brescia,2020,28,fabbricazione di macchinari ed apparecchiature nca,addetti,2775.7
017029,Brescia,2020,29,"fabbricazione di autoveicoli, rimorchi e semirimorchi",addetti,1935.0
017029,Brescia,2020,30,fabbricazione di altri mezzi di trasporto,addetti,29.2
017029,Brescia,2020,31,fabbricazione di mobili,addetti,81.8
017029,Brescia,2020,32,altre industrie manifatturiere,addetti,356.6
017029,Brescia,2020,33,"riparazione, manutenzione ed installazione di macchine ed apparecchiature",addetti,687.7
017029,Brescia,2020,35,"fornitura di energia elettrica, gas, vapore e aria condizionata",addetti,1150.1
017029,Brescia,2020,36,"raccolta, trattamento e fornitura di acqua",addetti,176.3
017029,Brescia,2020,37,gestione delle reti fognarie,addetti,12.6
017029,Brescia,2020,38,"attività di raccolta, trattamento e smaltimento dei rifiuti recupero dei materiali",addetti,1218.0
017029,Brescia,2020,39,attività di risanamento e altri servizi di gestione dei rifiuti,addetti,17.5
017029,Brescia,2020,41,costruzione di edifici,addetti,1565.5
017029,Brescia,2020,42,ingegneria civile,addetti,374.4
017029,Brescia,2020,43,lavori di costruzione specializzati,addetti,2472.4
017029,Brescia,2020,45,commercio all'ingrosso e al dettaglio e riparazione di autoveicoli e motocicli,addetti,2126.2
017029,Brescia,2020,46,commercio all'ingrosso (escluso quello di autoveicoli e di motocicli),addetti,6352.6
017029,Brescia,2020,47,commercio al dettaglio (escluso quello di autoveicoli e di motocicli),addetti,7432.9
017029,Brescia,2020,49,trasporto terrestre e trasporto mediante condotte,addetti,2279.9
017029,Brescia,2020,50,trasporto marittimo e per vie d'acqua,addetti,1.0
017029,Brescia,2020,51,trasporto aereo,addetti,58.9
017029,Brescia,2020,52,magazzinaggio e attività di supporto ai trasporti,addetti,1945.2
017029,Brescia,2020,53,servizi postali e attività di corriere,addetti,726.5
017029,Brescia,2020,55,alloggio,addetti,433.5
017029,Brescia,2020,56,attività dei servizi di ristorazione,addetti,6494.8
017029,Brescia,2020,58,attività editoriali,addetti,208.4
017029,Brescia,2020,59,"attività di produzione cinematografica, di video e di programmi televisivi, di registrazioni musicali e sonore",addetti,139.4
017029,Brescia,2020,60,attività di programmazione e trasmissione,addetti,18.5
017029,Brescia,2020,61,telecomunicazioni,addetti,610.3
017029,Brescia,2020,62,"produzione di software, consulenza informatica e attività connesse",addetti,2227.6
017029,Brescia,2020,63,attività dei servizi d'informazione e altri servizi informatici,addetti,1196.1
017029,Brescia,2020,64,attività di servizi finanziari (escluse le assicurazioni e i fondi pensione),addetti,3556.6
017029,Brescia,2020,65,"assicurazioni, riassicurazioni e fondi pensione (escluse le assicurazioni sociali obbligatorie)",addetti,133.1
017029,Brescia,2020,66,attività ausiliarie dei servizi finanziari e delle attività assicurative,addetti,1417.2
017029,Brescia,2020,68,attività immobiliari,addetti,2173.3
017029,Brescia,2020,69,attività legali e contabilità,addetti,5460.6
017029,Brescia,2020,70,attività di direzione aziendale e di consulenza gestionale,addetti,1112.6
017029,Brescia,2020,71,"attività degli studi di architettura e d'ingegneria, collaudi ed analisi tecniche",addetti,1640.4
017029,Brescia,2020,72,ricerca scientifica e sviluppo,addetti,141.6
017029,Brescia,2020,73,pubblicità e ricerche di mercato,addetti,265.4
017029,Brescia,2020,74,"altre attività professionali, scientifiche e tecniche",addetti,1486.7
017029,Brescia,2020,75,servizi veterinari,addetti,70.2
017029,Brescia,2020,77,attività di noleggio e leasing operativo,addetti,152.9
017029,Brescia,2020,78,"attività di ricerca, selezione, fornitura di personale",addetti,4392.8
017029,Brescia,2020,79,"attività dei servizi delle agenzie di viaggio, dei tour operator e servizi di prenotazione e attività connesse",addetti,227.3
017029,Brescia,2020,80,servizi di vigilanza e investigazione,addetti,1316.3
017029,Brescia,2020,81,attività di servizi per edifici e paesaggio,addetti,3535.1
017029,Brescia,2020,82,attività di supporto per le funzioni d'ufficio e altri servizi di supporto alle imprese,addetti,2080.8
017029,Brescia,2020,85,istruzione,addetti,1166.0
017029,Brescia,2020,86,assistenza sanitaria,addetti,4153.7
017029,Brescia,2020,87,servizi di assistenza sociale residenziale,addetti,437.4
017029,Brescia,2020,88,assistenza sociale non residenziale,addetti,2091.8
017029,Brescia,2020,90,"attività creative, artistiche e di intrattenimento",addetti,363.6
017029,Brescia,2020,91,"attività di biblioteche, archivi, musei ed altre attività culturali",addetti,178.8
017029,Brescia,2020,92,"attività riguardanti le lotterie, le scommesse, le case da gioco",addetti,85.8
017029,Brescia,2020,93,"attività sportive, di intrattenimento e di divertimento",addetti,345.6
017029,Brescia,2020,95,riparazione di computer e di beni per uso personale e per la casa,addetti,256.0
017029,Brescia,2020,96,altre attività di servizi per la persona,addetti,2909.5
017029,Brescia,2021,08,altre attività di estrazione di minerali da cave e miniere,addetti,35.0
017029,Brescia,2021,10,industrie alimentari,addetti,755.5
017029,Brescia,2021,11,industria delle bevande,addetti,74.9
017029,Brescia,2021,13,industrie tessili,addetti,107.5
017029,Brescia,2021,14,"confezione di articoli di abbigliamento, confezione di articoli in pelle e pelliccia",addetti,337.3
017029,Brescia,2021,15,fabbricazione di articoli in pelle e simili,addetti,23.9
017029,Brescia,2021,16,"industria del legno e dei prodotti in legno e sughero (esclusi i mobili), fabbricazione di articoli in paglia e materiali da intreccio",addetti,58.1
017029,Brescia,2021,17,fabbricazione di carta e di prodotti di carta,addetti,25.1
017029,Brescia,2021,18,stampa e riproduzione di supporti registrati,addetti,228.0
017029,Brescia,2021,19,fabbricazione di coke e prodotti derivanti dalla raffinazione del petrolio,addetti,15.9
017029,Brescia,2021,20,fabbricazione di prodotti chimici,addetti,631.8
017029,Brescia,2021,21,fabbricazione di prodotti farmaceutici di base e di preparati farmaceutici,addetti,223.7
017029,Brescia,2021,22,fabbricazione di articoli in gomma e materie plastiche,addetti,278.0
017029,Brescia,2021,23,fabbricazione di altri prodotti della lavorazione di minerali non metalliferi,addetti,184.2
017029,Brescia,2021,24,metallurgia,addetti,1750.9
017029,Brescia,2021,25,fabbricazione di prodotti in metallo (esclusi macchinari e attrezzature),addetti,1922.2
017029,Brescia,2021,26,"fabbricazione di computer e prodotti di elettronica e ottica, apparecchi elettromedicali, apparecchi di misurazione e di orologi",addetti,227.9
017029,Brescia,2021,27,fabbricazione di apparecchiature elettriche ed apparecchiature per uso domestico non elettriche,addetti,791.2
017029,Brescia,2021,28,fabbricazione di macchinari ed apparecchiature nca,addetti,2862.0
017029,Brescia,2021,29,"fabbricazione di autoveicoli, rimorchi e semirimorchi",addetti,561.4
017029,Brescia,2021,30,fabbricazione di altri mezzi di trasporto,addetti,62.4
017029,Brescia,2021,31,fabbricazione di mobili,addetti,87.0
017029,Brescia,2021,32,altre industrie manifatturiere,addetti,345.0
017029,Brescia,2021,33,"riparazione, manutenzione ed installazione di macchine ed apparecchiature",addetti,701.2
017029,Brescia,2021,35,"fornitura di energia elettrica, gas, vapore e aria condizionata",addetti,1180.6
017029,Brescia,2021,36,"raccolta, trattamento e fornitura di acqua",addetti,205.8
017029,Brescia,2021,37,gestione delle reti fognarie,addetti,4.0
017029,Brescia,2021,38,"attività di raccolta, trattamento e smaltimento dei rifiuti recupero dei materiali",addetti,1151.9
017029,Brescia,2021,39,attività di risanamento e altri servizi di gestione dei rifiuti,addetti,15.1
017029,Brescia,2021,41,costruzione di edifici,addetti,1926.3
017029,Brescia,2021,42,ingegneria civile,addetti,457.8
017029,Brescia,2021,43,lavori di costruzione specializzati,addetti,2798.0
017029,Brescia,2021,45,commercio all'ingrosso e al dettaglio e riparazione di autoveicoli e motocicli,addetti,2154.1
017029,Brescia,2021,46,commercio all'ingrosso (escluso quello di autoveicoli e di motocicli),addetti,6571.3
017029,Brescia,2021,47,commercio al dettaglio (escluso quello di autoveicoli e di motocicli),addetti,7811.8
017029,Brescia,2021,49,trasporto terrestre e trasporto mediante condotte,addetti,2547.4
017029,Brescia,2021,50,trasporto marittimo e per vie d'acqua,addetti,0.0
017029,Brescia,2021,51,trasporto aereo,addetti,39.9
017029,Brescia,2021,52,magazzinaggio e attività di supporto ai trasporti,addetti,2104.8
017029,Brescia,2021,53,servizi postali e attività di corriere,addetti,720.8
017029,Brescia,2021,55,alloggio,addetti,368.1
017029,Brescia,2021,56,attività dei servizi di ristorazione,addetti,6139.2
017029,Brescia,2021,58,attività editoriali,addetti,210.3
017029,Brescia,2021,59,"attività di produzione cinematografica, di video e di programmi televisivi, di registrazioni musicali e sonore",addetti,143.9
017029,Brescia,2021,60,attività di programmazione e trasmissione,addetti,33.8
017029,Brescia,2021,61,telecomunicazioni,addetti,559.6
017029,Brescia,2021,62,"produzione di software, consulenza informatica e attività connesse",addetti,2230.0
017029,Brescia,2021,63,attività dei servizi d'informazione e altri servizi informatici,addetti,1385.2
017029,Brescia,2021,64,attività di servizi finanziari (escluse le assicurazioni e i fondi pensione),addetti,3063.8
017029,Brescia,2021,65,"assicurazioni, riassicurazioni e fondi pensione (escluse le assicurazioni sociali obbligatorie)",addetti,121.4
017029,Brescia,2021,66,attività ausiliarie dei servizi finanziari e delle attività assicurative,addetti,1469.3
017029,Brescia,2021,68,attività immobiliari,addetti,1979.0
017029,Brescia,2021,69,attività legali e contabilità,addetti,5418.9
017029,Brescia,2021,70,attività di direzione aziendale e di consulenza gestionale,addetti,1462.0
017029,Brescia,2021,71,"attività degli studi di architettura e d'ingegneria, collaudi ed analisi tecniche",addetti,1793.0
017029,Brescia,2021,72,ricerca scientifica e sviluppo,addetti,159.2
017029,Brescia,2021,73,pubblicità e ricerche di mercato,addetti,302.2
017029,Brescia,2021,74,"altre attività professionali, scientifiche e tecniche",addetti,1495.9
017029,Brescia,2021,75,servizi veterinari,addetti,78.9
017029,Brescia,2021,77,attività di noleggio e leasing operativo,addetti,135.2
017029,Brescia,2021,78,"attività di ricerca, selezione, fornitura di personale",addetti,5049.6
017029,Brescia,2021,79,"attività dei servizi delle agenzie di viaggio, dei tour operator e servizi di prenotazione e attività connesse",addetti,225.2
017029,Brescia,2021,80,servizi di vigilanza e investigazione,addetti,1243.7
017029,Brescia,2021,81,attività di servizi per edifici e paesaggio,addetti,3970.9
017029,Brescia,2021,82,attività di supporto per le funzioni d'ufficio e altri servizi di supporto alle imprese,addetti,2241.3
017029,Brescia,2021,85,istruzione,addetti,1116.6
017029,Brescia,2021,86,assistenza sanitaria,addetti,4282.2
017029,Brescia,2021,87,servizi di assistenza sociale residenziale,addetti,506.7
017029,Brescia,2021,88,assistenza sociale non residenziale,addetti,2031.1
017029,Brescia,2021,90,"attività creative, artistiche e di intrattenimento",addetti,454.6
017029,Brescia,2021,91,"attività di biblioteche, archivi, musei ed altre attività culturali",addetti,147.4
017029,Brescia,2021,92,"attività riguardanti le lotterie, le scommesse, le case da gioco",addetti,87.9
017029,Brescia,2021,93,"attività sportive, di intrattenimento e di divertimento",addetti,327.8
017029,Brescia,2021,95,riparazione di computer e di beni per uso personale e per la casa,addetti,268.9
017029,Brescia,2021,96,altre attività di servizi per la persona,addetti,2636.0
017029,Brescia,2022,08,altre attività di estrazione di minerali da cave e miniere,addetti,21.5
017029,Brescia,2022,10,industrie alimentari,addetti,757.0
017029,Brescia,2022,11,industria delle bevande,addetti,17.0
017029,Brescia,2022,13,industrie tessili,addetti,121.7
017029,Brescia,2022,14,"confezione di articoli di abbigliamento, confezione di articoli in pelle e pelliccia",addetti,336.4
017029,Brescia,2022,15,fabbricazione di articoli in pelle e simili,addetti,20.4
017029,Brescia,2022,16,"industria del legno e dei prodotti in legno e sughero (esclusi i mobili), fabbricazione di articoli in paglia e materiali da intreccio",addetti,57.1
017029,Brescia,2022,17,fabbricazione di carta e di prodotti di carta,addetti,27.4
017029,Brescia,2022,18,stampa e riproduzione di supporti registrati,addetti,221.5
017029,Brescia,2022,19,fabbricazione di coke e prodotti derivanti dalla raffinazione del petrolio,addetti,12.8
017029,Brescia,2022,20,fabbricazione di prodotti chimici,addetti,673.6
017029,Brescia,2022,21,fabbricazione di prodotti farmaceutici di base e di preparati farmaceutici,addetti,211.3
017029,Brescia,2022,22,fabbricazione di articoli in gomma e materie plastiche,addetti,285.4
017029,Brescia,2022,23,fabbricazione di altri prodotti della lavorazione di minerali non metalliferi,addetti,216.2
017029,Brescia,2022,24,metallurgia,addetti,1758.8
017029,Brescia,2022,25,fabbricazione di prodotti in metallo (esclusi macchinari e attrezzature),addetti,1818.8
017029,Brescia,2022,26,"fabbricazione di computer e prodotti di elettronica e ottica, apparecchi elettromedicali, apparecchi di misurazione e di orologi",addetti,412.0
017029,Brescia,2022,27,fabbricazione di apparecchiature elettriche ed apparecchiature per uso domestico non elettriche,addetti,841.9
017029,Brescia,2022,28,fabbricazione di macchinari ed apparecchiature nca,addetti,3032.8
017029,Brescia,2022,29,"fabbricazione di autoveicoli, rimorchi e semirimorchi",addetti,1677.2
017029,Brescia,2022,30,fabbricazione di altri mezzi di trasporto,addetti,49.8
017029,Brescia,2022,31,fabbricazione di mobili,addetti,69.9
017029,Brescia,2022,32,altre industrie manifatturiere,addetti,335.1
017029,Brescia,2022,33,"riparazione, manutenzione ed installazione di macchine ed apparecchiature",addetti,572.4
017029,Brescia,2022,35,"fornitura di energia elettrica, gas, vapore e aria condizionata",addetti,1233.5
017029,Brescia,2022,36,"raccolta, trattamento e fornitura di acqua",addetti,245.6
017029,Brescia,2022,37,gestione delle reti fognarie,addetti,4.9
017029,Brescia,2022,38,"attività di raccolta, trattamento e smaltimento dei rifiuti recupero dei materiali",addetti,1201.7
017029,Brescia,2022,39,attività di risanamento e altri servizi di gestione dei rifiuti,addetti,9.2
017029,Brescia,2022,41,costruzione di edifici,addetti,1463.0
017029,Brescia,2022,42,ingegneria civile,addetti,494.3
017029,Brescia,2022,43,lavori di costruzione specializzati,addetti,3464.0
017029,Brescia,2022,45,commercio all'ingrosso e al dettaglio e riparazione di autoveicoli e motocicli,addetti,2132.0
017029,Brescia,2022,46,commercio all'ingrosso (escluso quello di autoveicoli e di motocicli),addetti,6623.7
017029,Brescia,2022,47,commercio al dettaglio (escluso quello di autoveicoli e di motocicli),addetti,7972.5
017029,Brescia,2022,49,trasporto terrestre e trasporto mediante condotte,addetti,2611.0
017029,Brescia,2022,52,magazzinaggio e attività di supporto ai trasporti,addetti,2173.0
017029,Brescia,2022,53,servizi postali e attività di corriere,addetti,680.5
017029,Brescia,2022,55,alloggio,addetti,401.2
017029,Brescia,2022,56,attività dei servizi di ristorazione,addetti,6859.4
017029,Brescia,2022,58,attività editoriali,addetti,219.9
017029,Brescia,2022,59,"attività di produzione cinematografica, di video e di programmi televisivi, di registrazioni musicali e sonore",addetti,129.7
017029,Brescia,2022,60,attività di programmazione e trasmissione,addetti,34.2
017029,Brescia,2022,61,telecomunicazioni,addetti,542.5
017029,Brescia,2022,62,"produzione di software, consulenza informatica e attività connesse",addetti,2298.9
017029,Brescia,2022,63,attività dei servizi d'informazione e altri servizi informatici,addetti,1402.5
017029,Brescia,2022,64,attività di servizi finanziari (escluse le assicurazioni e i fondi pensione),addetti,2796.0
017029,Brescia,2022,65,"assicurazioni, riassicurazioni e fondi pensione (escluse le assicurazioni sociali obbligatorie)",addetti,114.1
017029,Brescia,2022,66,attività ausiliarie dei servizi finanziari e delle attività assicurative,addetti,1478.7
017029,Brescia,2022,68,attività immobiliari,addetti,2231.4
017029,Brescia,2022,69,attività legali e contabilità,addetti,5413.2
017029,Brescia,2022,70,attività di direzione aziendale e di consulenza gestionale,addetti,2190.9
017029,Brescia,2022,71,"attività degli studi di architettura e d'ingegneria, collaudi ed analisi tecniche",addetti,1898.9
017029,Brescia,2022,72,ricerca scientifica e sviluppo,addetti,184.3
017029,Brescia,2022,73,pubblicità e ricerche di mercato,addetti,295.5
017029,Brescia,2022,74,"altre attività professionali, scientifiche e tecniche",addetti,1748.8
017029,Brescia,2022,75,servizi veterinari,addetti,83.1
017029,Brescia,2022,77,attività di noleggio e leasing operativo,addetti,202.0
017029,Brescia,2022,78,"attività di ricerca, selezione, fornitura di personale",addetti,5032.1
017029,Brescia,2022,79,"attività dei servizi delle agenzie di viaggio, dei tour operator e servizi di prenotazione e attività connesse",addetti,200.9
017029,Brescia,2022,80,servizi di vigilanza e investigazione,addetti,746.3
017029,Brescia,2022,81,attività di servizi per edifici e paesaggio,addetti,4215.1
017029,Brescia,2022,82,attività di supporto per le funzioni d'ufficio e altri servizi di supporto alle imprese,addetti,1947.3
017029,Brescia,2022,85,istruzione,addetti,1180.0
017029,Brescia,2022,86,assistenza sanitaria,addetti,4321.2
017029,Brescia,2022,87,servizi di assistenza sociale residenziale,addetti,512.0
017029,Brescia,2022,88,assistenza sociale non residenziale,addetti,2295.6
017029,Brescia,2022,90,"attività creative, artistiche e di intrattenimento",addetti,405.2
017029,Brescia,2022,91,"attività di biblioteche, archivi, musei ed altre attività culturali",addetti,139.8
017029,Brescia,2022,92,"attività riguardanti le lotterie, le scommesse, le case da gioco",addetti,71.8
017029,Brescia,2022,93,"attività sportive, di intrattenimento e di divertimento",addetti,413.1
017029,Brescia,2022,95,riparazione di computer e di beni per uso personale e per la casa,addetti,277.4
017029,Brescia,2022,96,altre attività di servizi per la persona,addetti,2788.1
017029,Brescia,2023,08,altre attività di estrazione di minerali da cave e miniere,addetti,15.9
017029,Brescia,2023,10,industrie alimentari,addetti,688.3
017029,Brescia,2023,11,industria delle bevande,addetti,17.9
017029,Brescia,2023,13,industrie tessili,addetti,122.0
017029,Brescia,2023,14,"confezione di articoli di abbigliamento, confezione di articoli in pelle e pelliccia",addetti,335.5
017029,Brescia,2023,15,fabbricazione di articoli in pelle e simili,addetti,22.6
017029,Brescia,2023,16,"industria del legno e dei prodotti in legno e sughero (esclusi i mobili), fabbricazione di articoli in paglia e materiali da intreccio",addetti,84.0
017029,Brescia,2023,17,fabbricazione di carta e di prodotti di carta,addetti,25.8
017029,Brescia,2023,18,stampa e riproduzione di supporti registrati,addetti,291.0
017029,Brescia,2023,19,fabbricazione di coke e prodotti derivanti dalla raffinazione del petrolio,addetti,2.0
017029,Brescia,2023,20,fabbricazione di prodotti chimici,addetti,718.0
017029,Brescia,2023,21,fabbricazione di prodotti farmaceutici di base e di preparati farmaceutici,addetti,214.7
017029,Brescia,2023,22,fabbricazione di articoli in gomma e materie plastiche,addetti,284.9
017029,Brescia,2023,23,fabbricazione di altri prodotti della lavorazione di minerali non metalliferi,addetti,253.5
017029,Brescia,2023,24,metallurgia,addetti,1725.6
017029,Brescia,2023,25,fabbricazione di prodotti in metallo (esclusi macchinari e attrezzature),addetti,1823.9
017029,Brescia,2023,26,"fabbricazione di computer e prodotti di elettronica e ottica, apparecchi elettromedicali, apparecchi di misurazione e di orologi",addetti,444.8
017029,Brescia,2023,27,fabbricazione di apparecchiature elettriche ed apparecchiature per uso domestico non elettriche,addetti,887.4
017029,Brescia,2023,28,fabbricazione di macchinari ed apparecchiature nca,addetti,3132.5
017029,Brescia,2023,29,"fabbricazione di autoveicoli, rimorchi e semirimorchi",addetti,1724.9
017029,Brescia,2023,30,fabbricazione di altri mezzi di trasporto,addetti,47.6
017029,Brescia,2023,31,fabbricazione di mobili,addetti,63.4
017029,Brescia,2023,32,altre industrie manifatturiere,addetti,312.0
017029,Brescia,2023,33,"riparazione, manutenzione ed installazione di macchine ed apparecchiature",addetti,553.1
017029,Brescia,2023,35,"fornitura di energia elettrica, gas, vapore e aria condizionata",addetti,1203.3
017029,Brescia,2023,36,"raccolta, trattamento e fornitura di acqua",addetti,286.8
017029,Brescia,2023,37,gestione delle reti fognarie,addetti,6.0
017029,Brescia,2023,38,"attività di raccolta, trattamento e smaltimento dei rifiuti recupero dei materiali",addetti,1380.5
017029,Brescia,2023,39,attività di risanamento e altri servizi di gestione dei rifiuti,addetti,9.9
017029,Brescia,2023,41,costruzione di edifici,addetti,1678.5
017029,Brescia,2023,42,ingegneria civile,addetti,481.8
017029,Brescia,2023,43,lavori di costruzione specializzati,addetti,3718.5
017029,Brescia,2023,45,commercio all'ingrosso e al dettaglio e riparazione di autoveicoli e motocicli,addetti,2206.9
017029,Brescia,2023,46,commercio all'ingrosso (escluso quello di autoveicoli e di motocicli),addetti,6673.3
017029,Brescia,2023,47,commercio al dettaglio (escluso quello di autoveicoli e di motocicli),addetti,8069.1
017029,Brescia,2023,49,trasporto terrestre e trasporto mediante condotte,addetti,3009.2
017029,Brescia,2023,50,trasporto marittimo e per vie d'acqua,addetti,1.0
017029,Brescia,2023,51,trasporto aereo,addetti,2.0
017029,Brescia,2023,52,magazzinaggio e attività di supporto ai trasporti,addetti,2346.8
017029,Brescia,2023,53,servizi postali e attività di corriere,addetti,726.5
017029,Brescia,2023,55,alloggio,addetti,414.4
017029,Brescia,2023,56,attività dei servizi di ristorazione,addetti,6964.0
017029,Brescia,2023,58,attività editoriali,addetti,223.0
017029,Brescia,2023,59,"attività di produzione cinematografica, di video e di programmi televisivi, di registrazioni musicali e sonore",addetti,131.4
017029,Brescia,2023,60,attività di programmazione e trasmissione,addetti,41.6
017029,Brescia,2023,61,telecomunicazioni,addetti,506.3
017029,Brescia,2023,62,"produzione di software, consulenza informatica e attività connesse",addetti,2418.0
017029,Brescia,2023,63,attività dei servizi d'informazione e altri servizi informatici,addetti,1334.3
017029,Brescia,2023,64,attività di servizi finanziari (escluse le assicurazioni e i fondi pensione),addetti,2866.3
017029,Brescia,2023,65,"assicurazioni, riassicurazioni e fondi pensione (escluse le assicurazioni sociali obbligatorie)",addetti,109.1
017029,Brescia,2023,66,attività ausiliarie dei servizi finanziari e delle attività assicurative,addetti,1466.8
017029,Brescia,2023,68,attività immobiliari,addetti,2192.2
017029,Brescia,2023,69,attività legali e contabilità,addetti,5481.7
017029,Brescia,2023,70,attività di direzione aziendale e di consulenza gestionale,addetti,1796.9
017029,Brescia,2023,71,"attività degli studi di architettura e d'ingegneria, collaudi ed analisi tecniche",addetti,1918.8
017029,Brescia,2023,72,ricerca scientifica e sviluppo,addetti,223.0
017029,Brescia,2023,73,pubblicità e ricerche di mercato,addetti,353.2
017029,Brescia,2023,74,"altre attività professionali, scientifiche e tecniche",addetti,1834.4
017029,Brescia,2023,75,servizi veterinari,addetti,86.4
017029,Brescia,2023,77,attività di noleggio e leasing operativo,addetti,165.0
017029,Brescia,2023,78,"attività di ricerca, selezione, fornitura di personale",addetti,4065.8
017029,Brescia,2023,79,"attività dei servizi delle agenzie di viaggio, dei tour operator e servizi di prenotazione e attività connesse",addetti,216.3
017029,Brescia,2023,80,servizi di vigilanza e investigazione,addetti,1305.8
017029,Brescia,2023,81,attività di servizi per edifici e paesaggio,addetti,4603.8
017029,Brescia,2023,82,attività di supporto per le funzioni d'ufficio e altri servizi di supporto alle imprese,addetti,1991.9
017029,Brescia,2023,85,istruzione,addetti,1390.2
017029,Brescia,2023,86,assistenza sanitaria,addetti,4417.4
017029,Brescia,2023,87,servizi di assistenza sociale residenziale,addetti,498.8
017029,Brescia,2023,88,assistenza sociale non residenziale,addetti,2487.2
017029,Brescia,2023,90,"attività creative, artistiche e di intrattenimento",addetti,452.5
017029,Brescia,2023,91,"attività di biblioteche, archivi, musei ed altre attività culturali",addetti,135.9
017029,Brescia,2023,92,"attività riguardanti le lotterie, le scommesse, le case da gioco",addetti,61.9
017029,Brescia,2023,93,"attività sportive, di intrattenimento e di divertimento",addetti,407.9
017029,Brescia,2023,95,riparazione di computer e di beni per uso personale e per la casa,addetti,281.8
017029,Brescia,2023,96,altre attività di servizi per la persona,addetti,2504.0
017029,Brescia,2018,08,altre attività di estrazione di minerali da cave e miniere,unita_locali,14
017029,Brescia,2018,10,industrie alimentari,unita_locali,132
017029,Brescia,2018,11,industria delle bevande,unita_locali,5
017029,Brescia,2018,13,industrie tessili,unita_locali,20
017029,Brescia,2018,14,"confezione di articoli di abbigliamento, confezione di articoli in pelle e pelliccia",unita_locali,112
017029,Brescia,2018,15,fabbricazione di articoli in pelle e simili,unita_locali,7
017029,Brescia,2018,16,"industria del legno e dei prodotti in legno e sughero (esclusi i mobili), fabbricazione di articoli in paglia e materiali da intreccio",unita_locali,42
017029,Brescia,2018,17,fabbricazione di carta e di prodotti di carta,unita_locali,11
017029,Brescia,2018,18,stampa e riproduzione di supporti registrati,unita_locali,59
017029,Brescia,2018,19,fabbricazione di coke e prodotti derivanti dalla raffinazione del petrolio,unita_locali,2
017029,Brescia,2018,20,fabbricazione di prodotti chimici,unita_locali,22
017029,Brescia,2018,21,fabbricazione di prodotti farmaceutici di base e di preparati farmaceutici,unita_locali,1
017029,Brescia,2018,22,fabbricazione di articoli in gomma e materie plastiche,unita_locali,36
017029,Brescia,2018,23,fabbricazione di altri prodotti della lavorazione di minerali non metalliferi,unita_locali,26
017029,Brescia,2018,24,metallurgia,unita_locali,32
017029,Brescia,2018,25,fabbricazione di prodotti in metallo (esclusi macchinari e attrezzature),unita_locali,263
017029,Brescia,2018,26,"fabbricazione di computer e prodotti di elettronica e ottica, apparecchi elettromedicali, apparecchi di misurazione e di orologi",unita_locali,26
017029,Brescia,2018,27,fabbricazione di apparecchiature elettriche ed apparecchiature per uso domestico non elettriche,unita_locali,34
017029,Brescia,2018,28,fabbricazione di macchinari ed apparecchiature nca,unita_locali,125
017029,Brescia,2018,29,"fabbricazione di autoveicoli, rimorchi e semirimorchi",unita_locali,13
017029,Brescia,2018,30,fabbricazione di altri mezzi di trasporto,unita_locali,11
017029,Brescia,2018,31,fabbricazione di mobili,unita_locali,29
017029,Brescia,2018,32,altre industrie manifatturiere,unita_locali,131
017029,Brescia,2018,33,"riparazione, manutenzione ed installazione di macchine ed apparecchiature",unita_locali,187
017029,Brescia,2018,35,"fornitura di energia elettrica, gas, vapore e aria condizionata",unita_locali,56
017029,Brescia,2018,36,"raccolta, trattamento e fornitura di acqua",unita_locali,4
017029,Brescia,2018,37,gestione delle reti fognarie,unita_locali,3
017029,Brescia,2018,38,"attività di raccolta, trattamento e smaltimento dei rifiuti recupero dei materiali",unita_locali,39
017029,Brescia,2018,39,attività di risanamento e altri servizi di gestione dei rifiuti,unita_locali,10
017029,Brescia,2018,41,costruzione di edifici,unita_locali,419
017029,Brescia,2018,42,ingegneria civile,unita_locali,19
017029,Brescia,2018,43,lavori di costruzione specializzati,unita_locali,854
017029,Brescia,2018,45,commercio all'ingrosso e al dettaglio e riparazione di autoveicoli e motocicli,unita_locali,478
017029,Brescia,2018,46,commercio all'ingrosso (escluso quello di autoveicoli e di motocicli),unita_locali,2006
017029,Brescia,2018,47,commercio al dettaglio (escluso quello di autoveicoli e di motocicli),unita_locali,2285
017029,Brescia,2018,49,trasporto terrestre e trasporto mediante condotte,unita_locali,315
017029,Brescia,2018,50,trasporto marittimo e per vie d'acqua,unita_locali,2
017029,Brescia,2018,51,trasporto aereo,unita_locali,1
017029,Brescia,2018,52,magazzinaggio e attività di supporto ai trasporti,unita_locali,159
017029,Brescia,2018,53,servizi postali e attività di corriere,unita_locali,44
017029,Brescia,2018,55,alloggio,unita_locali,76
017029,Brescia,2018,56,attività dei servizi di ristorazione,unita_locali,1368
017029,Brescia,2018,58,attività editoriali,unita_locali,32
017029,Brescia,2018,59,"attività di produzione cinematografica, di video e di programmi televisivi, di registrazioni musicali e sonore",unita_locali,43
017029,Brescia,2018,60,attività di programmazione e trasmissione,unita_locali,4
017029,Brescia,2018,61,telecomunicazioni,unita_locali,54
017029,Brescia,2018,62,"produzione di software, consulenza informatica e attività connesse",unita_locali,415
017029,Brescia,2018,63,attività dei servizi d'informazione e altri servizi informatici,unita_locali,334
017029,Brescia,2018,64,attività di servizi finanziari (escluse le assicurazioni e i fondi pensione),unita_locali,372
017029,Brescia,2018,65,"assicurazioni, riassicurazioni e fondi pensione (escluse le assicurazioni sociali obbligatorie)",unita_locali,16
017029,Brescia,2018,66,attività ausiliarie dei servizi finanziari e delle attività assicurative,unita_locali,687
017029,Brescia,2018,68,attività immobiliari,unita_locali,2114
017029,Brescia,2018,69,attività legali e contabilità,unita_locali,2666
017029,Brescia,2018,70,attività di direzione aziendale e di consulenza gestionale,unita_locali,751
017029,Brescia,2018,71,"attività degli studi di architettura e d'ingegneria, collaudi ed analisi tecniche",unita_locali,1261
017029,Brescia,2018,72,ricerca scientifica e sviluppo,unita_locali,72
017029,Brescia,2018,73,pubblicità e ricerche di mercato,unita_locali,173
017029,Brescia,2018,74,"altre attività professionali, scientifiche e tecniche",unita_locali,976
017029,Brescia,2018,75,servizi veterinari,unita_locali,51
017029,Brescia,2018,77,attività di noleggio e leasing operativo,unita_locali,72
017029,Brescia,2018,78,"attività di ricerca, selezione, fornitura di personale",unita_locali,49
017029,Brescia,2018,79,"attività dei servizi delle agenzie di viaggio, dei tour operator e servizi di prenotazione e attività connesse",unita_locali,86
017029,Brescia,2018,80,servizi di vigilanza e investigazione,unita_locali,28
017029,Brescia,2018,81,attività di servizi per edifici e paesaggio,unita_locali,234
017029,Brescia,2018,82,attività di supporto per le funzioni d'ufficio e altri servizi di supporto alle imprese,unita_locali,489
017029,Brescia,2018,85,istruzione,unita_locali,247
017029,Brescia,2018,86,assistenza sanitaria,unita_locali,2081
017029,Brescia,2018,87,servizi di assistenza sociale residenziale,unita_locali,15
017029,Brescia,2018,88,assistenza sociale non residenziale,unita_locali,60
017029,Brescia,2018,90,"attività creative, artistiche e di intrattenimento",unita_locali,182
017029,Brescia,2018,91,"attività di biblioteche, archivi, musei ed altre attività culturali",unita_locali,6
017029,Brescia,2018,92,"attività riguardanti le lotterie, le scommesse, le case da gioco",unita_locali,33
017029,Brescia,2018,93,"attività sportive, di intrattenimento e di divertimento",unita_locali,129
017029,Brescia,2018,95,riparazione di computer e di beni per uso personale e per la casa,unita_locali,182
017029,Brescia,2018,96,altre attività di servizi per la persona,unita_locali,919
017029,Brescia,2019,08,altre attività di estrazione di minerali da cave e miniere,unita_locali,14
017029,Brescia,2019,10,industrie alimentari,unita_locali,117
017029,Brescia,2019,11,industria delle bevande,unita_locali,6
017029,Brescia,2019,13,industrie tessili,unita_locali,23
017029,Brescia,2019,14,"confezione di articoli di abbigliamento, confezione di articoli in pelle e pelliccia",unita_locali,116
017029,Brescia,2019,15,fabbricazione di articoli in pelle e simili,unita_locali,8
017029,Brescia,2019,16,"industria del legno e dei prodotti in legno e sughero (esclusi i mobili), fabbricazione di articoli in paglia e materiali da intreccio",unita_locali,37
017029,Brescia,2019,17,fabbricazione di carta e di prodotti di carta,unita_locali,10
017029,Brescia,2019,18,stampa e riproduzione di supporti registrati,unita_locali,57
017029,Brescia,2019,19,fabbricazione di coke e prodotti derivanti dalla raffinazione del petrolio,unita_locali,2
017029,Brescia,2019,20,fabbricazione di prodotti chimici,unita_locali,22
017029,Brescia,2019,21,fabbricazione di prodotti farmaceutici di base e di preparati farmaceutici,unita_locali,1
017029,Brescia,2019,22,fabbricazione di articoli in gomma e materie plastiche,unita_locali,32
017029,Brescia,2019,23,fabbricazione di altri prodotti della lavorazione di minerali non metalliferi,unita_locali,26
017029,Brescia,2019,24,metallurgia,unita_locali,25
017029,Brescia,2019,25,fabbricazione di prodotti in metallo (esclusi macchinari e attrezzature),unita_locali,270
017029,Brescia,2019,26,"fabbricazione di computer e prodotti di elettronica e ottica, apparecchi elettromedicali, apparecchi di misurazione e di orologi",unita_locali,23
017029,Brescia,2019,27,fabbricazione di apparecchiature elettriche ed apparecchiature per uso domestico non elettriche,unita_locali,36
017029,Brescia,2019,28,fabbricazione di macchinari ed apparecchiature nca,unita_locali,126
017029,Brescia,2019,29,"fabbricazione di autoveicoli, rimorchi e semirimorchi",unita_locali,14
017029,Brescia,2019,30,fabbricazione di altri mezzi di trasporto,unita_locali,11
017029,Brescia,2019,31,fabbricazione di mobili,unita_locali,29
017029,Brescia,2019,32,altre industrie manifatturiere,unita_locali,139
017029,Brescia,2019,33,"riparazione, manutenzione ed installazione di macchine ed apparecchiature",unita_locali,185
017029,Brescia,2019,35,"fornitura di energia elettrica, gas, vapore e aria condizionata",unita_locali,60
017029,Brescia,2019,36,"raccolta, trattamento e fornitura di acqua",unita_locali,4
017029,Brescia,2019,37,gestione delle reti fognarie,unita_locali,3
017029,Brescia,2019,38,"attività di raccolta, trattamento e smaltimento dei rifiuti recupero dei materiali",unita_locali,40
017029,Brescia,2019,39,attività di risanamento e altri servizi di gestione dei rifiuti,unita_locali,9
017029,Brescia,2019,41,costruzione di edifici,unita_locali,435
017029,Brescia,2019,42,ingegneria civile,unita_locali,19
017029,Brescia,2019,43,lavori di costruzione specializzati,unita_locali,880
017029,Brescia,2019,45,commercio all'ingrosso e al dettaglio e riparazione di autoveicoli e motocicli,unita_locali,497
017029,Brescia,2019,46,commercio all'ingrosso (escluso quello di autoveicoli e di motocicli),unita_locali,1970
017029,Brescia,2019,47,commercio al dettaglio (escluso quello di autoveicoli e di motocicli),unita_locali,2220
017029,Brescia,2019,49,trasporto terrestre e trasporto mediante condotte,unita_locali,325
017029,Brescia,2019,50,trasporto marittimo e per vie d'acqua,unita_locali,2
017029,Brescia,2019,51,trasporto aereo,unita_locali,1
017029,Brescia,2019,52,magazzinaggio e attività di supporto ai trasporti,unita_locali,155
017029,Brescia,2019,53,servizi postali e attività di corriere,unita_locali,45
017029,Brescia,2019,55,alloggio,unita_locali,73
017029,Brescia,2019,56,attività dei servizi di ristorazione,unita_locali,1427
017029,Brescia,2019,58,attività editoriali,unita_locali,31
017029,Brescia,2019,59,"attività di produzione cinematografica, di video e di programmi televisivi, di registrazioni musicali e sonore",unita_locali,42
017029,Brescia,2019,60,attività di programmazione e trasmissione,unita_locali,4
017029,Brescia,2019,61,telecomunicazioni,unita_locali,55
017029,Brescia,2019,62,"produzione di software, consulenza informatica e attività connesse",unita_locali,439
017029,Brescia,2019,63,attività dei servizi d'informazione e altri servizi informatici,unita_locali,333
017029,Brescia,2019,64,attività di servizi finanziari (escluse le assicurazioni e i fondi pensione),unita_locali,385
017029,Brescia,2019,65,"assicurazioni, riassicurazioni e fondi pensione (escluse le assicurazioni sociali obbligatorie)",unita_locali,14
017029,Brescia,2019,66,attività ausiliarie dei servizi finanziari e delle attività assicurative,unita_locali,642
017029,Brescia,2019,68,attività immobiliari,unita_locali,2109
017029,Brescia,2019,69,attività legali e contabilità,unita_locali,2498
017029,Brescia,2019,70,attività di direzione aziendale e di consulenza gestionale,unita_locali,762
017029,Brescia,2019,71,"attività degli studi di architettura e d'ingegneria, collaudi ed analisi tecniche",unita_locali,1147
017029,Brescia,2019,72,ricerca scientifica e sviluppo,unita_locali,68
017029,Brescia,2019,73,pubblicità e ricerche di mercato,unita_locali,168
017029,Brescia,2019,74,"altre attività professionali, scientifiche e tecniche",unita_locali,953
017029,Brescia,2019,75,servizi veterinari,unita_locali,47
017029,Brescia,2019,77,attività di noleggio e leasing operativo,unita_locali,80
017029,Brescia,2019,78,"attività di ricerca, selezione, fornitura di personale",unita_locali,49
017029,Brescia,2019,79,"attività dei servizi delle agenzie di viaggio, dei tour operator e servizi di prenotazione e attività connesse",unita_locali,79
017029,Brescia,2019,80,servizi di vigilanza e investigazione,unita_locali,29
017029,Brescia,2019,81,attività di servizi per edifici e paesaggio,unita_locali,230
017029,Brescia,2019,82,attività di supporto per le funzioni d'ufficio e altri servizi di supporto alle imprese,unita_locali,487
017029,Brescia,2019,85,istruzione,unita_locali,242
017029,Brescia,2019,86,assistenza sanitaria,unita_locali,1955
017029,Brescia,2019,87,servizi di assistenza sociale residenziale,unita_locali,15
017029,Brescia,2019,88,assistenza sociale non residenziale,unita_locali,60
017029,Brescia,2019,90,"attività creative, artistiche e di intrattenimento",unita_locali,182
017029,Brescia,2019,91,"attività di biblioteche, archivi, musei ed altre attività culturali",unita_locali,8
017029,Brescia,2019,92,"attività riguardanti le lotterie, le scommesse, le case da gioco",unita_locali,25
017029,Brescia,2019,93,"attività sportive, di intrattenimento e di divertimento",unita_locali,142
017029,Brescia,2019,95,riparazione di computer e di beni per uso personale e per la casa,unita_locali,168
017029,Brescia,2019,96,altre attività di servizi per la persona,unita_locali,897
017029,Brescia,2020,08,altre attività di estrazione di minerali da cave e miniere,unita_locali,11
017029,Brescia,2020,09,attività dei servizi di supporto all'estrazione,unita_locali,1
017029,Brescia,2020,10,industrie alimentari,unita_locali,114
017029,Brescia,2020,11,industria delle bevande,unita_locali,5
017029,Brescia,2020,13,industrie tessili,unita_locali,20
017029,Brescia,2020,14,"confezione di articoli di abbigliamento, confezione di articoli in pelle e pelliccia",unita_locali,111
017029,Brescia,2020,15,fabbricazione di articoli in pelle e simili,unita_locali,12
017029,Brescia,2020,16,"industria del legno e dei prodotti in legno e sughero (esclusi i mobili), fabbricazione di articoli in paglia e materiali da intreccio",unita_locali,30
017029,Brescia,2020,17,fabbricazione di carta e di prodotti di carta,unita_locali,10
017029,Brescia,2020,18,stampa e riproduzione di supporti registrati,unita_locali,59
017029,Brescia,2020,19,fabbricazione di coke e prodotti derivanti dalla raffinazione del petrolio,unita_locali,4
017029,Brescia,2020,20,fabbricazione di prodotti chimici,unita_locali,21
017029,Brescia,2020,21,fabbricazione di prodotti farmaceutici di base e di preparati farmaceutici,unita_locali,3
017029,Brescia,2020,22,fabbricazione di articoli in gomma e materie plastiche,unita_locali,29
017029,Brescia,2020,23,fabbricazione di altri prodotti della lavorazione di minerali non metalliferi,unita_locali,28
017029,Brescia,2020,24,metallurgia,unita_locali,26
017029,Brescia,2020,25,fabbricazione di prodotti in metallo (esclusi macchinari e attrezzature),unita_locali,302
017029,Brescia,2020,26,"fabbricazione di computer e prodotti di elettronica e ottica, apparecchi elettromedicali, apparecchi di misurazione e di orologi",unita_locali,24
017029,Brescia,2020,27,fabbricazione di apparecchiature elettriche ed apparecchiature per uso domestico non elettriche,unita_locali,38
017029,Brescia,2020,28,fabbricazione di macchinari ed apparecchiature nca,unita_locali,108
017029,Brescia,2020,29,"fabbricazione di autoveicoli, rimorchi e semirimorchi",unita_locali,16
017029,Brescia,2020,30,fabbricazione di altri mezzi di trasporto,unita_locali,12
017029,Brescia,2020,31,fabbricazione di mobili,unita_locali,29
017029,Brescia,2020,32,altre industrie manifatturiere,unita_locali,139
017029,Brescia,2020,33,"riparazione, manutenzione ed installazione di macchine ed apparecchiature",unita_locali,154
017029,Brescia,2020,35,"fornitura di energia elettrica, gas, vapore e aria condizionata",unita_locali,61
017029,Brescia,2020,36,"raccolta, trattamento e fornitura di acqua",unita_locali,4
017029,Brescia,2020,37,gestione delle reti fognarie,unita_locali,3
017029,Brescia,2020,38,"attività di raccolta, trattamento e smaltimento dei rifiuti recupero dei materiali",unita_locali,43
017029,Brescia,2020,39,attività di risanamento e altri servizi di gestione dei rifiuti,unita_locali,8
017029,Brescia,2020,41,costruzione di edifici,unita_locali,428
017029,Brescia,2020,42,ingegneria civile,unita_locali,20
017029,Brescia,2020,43,lavori di costruzione specializzati,unita_locali,907
017029,Brescia,2020,45,commercio all'ingrosso e al dettaglio e riparazione di autoveicoli e motocicli,unita_locali,506
017029,Brescia,2020,46,commercio all'ingrosso (escluso quello di autoveicoli e di motocicli),unita_locali,1992
017029,Brescia,2020,47,commercio al dettaglio (escluso quello di autoveicoli e di motocicli),unita_locali,2143
017029,Brescia,2020,49,trasporto terrestre e trasporto mediante condotte,unita_locali,340
017029,Brescia,2020,50,trasporto marittimo e per vie d'acqua,unita_locali,1
017029,Brescia,2020,51,trasporto aereo,unita_locali,1
017029,Brescia,2020,52,magazzinaggio e attività di supporto ai trasporti,unita_locali,142
017029,Brescia,2020,53,servizi postali e attività di corriere,unita_locali,40
017029,Brescia,2020,55,alloggio,unita_locali,76
017029,Brescia,2020,56,attività dei servizi di ristorazione,unita_locali,1384
017029,Brescia,2020,58,attività editoriali,unita_locali,28
017029,Brescia,2020,59,"attività di produzione cinematografica, di video e di programmi televisivi, di registrazioni musicali e sonore",unita_locali,37
017029,Brescia,2020,60,attività di programmazione e trasmissione,unita_locali,4
017029,Brescia,2020,61,telecomunicazioni,unita_locali,59
017029,Brescia,2020,62,"produzione di software, consulenza informatica e attività connesse",unita_locali,448
017029,Brescia,2020,63,attività dei servizi d'informazione e altri servizi informatici,unita_locali,328
017029,Brescia,2020,64,attività di servizi finanziari (escluse le assicurazioni e i fondi pensione),unita_locali,390
017029,Brescia,2020,65,"assicurazioni, riassicurazioni e fondi pensione (escluse le assicurazioni sociali obbligatorie)",unita_locali,14
017029,Brescia,2020,66,attività ausiliarie dei servizi finanziari e delle attività assicurative,unita_locali,677
017029,Brescia,2020,68,attività immobiliari,unita_locali,2122
017029,Brescia,2020,69,attività legali e contabilità,unita_locali,2623
017029,Brescia,2020,70,attività di direzione aziendale e di consulenza gestionale,unita_locali,808
017029,Brescia,2020,71,"attività degli studi di architettura e d'ingegneria, collaudi ed analisi tecniche",unita_locali,1220
017029,Brescia,2020,72,ricerca scientifica e sviluppo,unita_locali,78
017029,Brescia,2020,73,pubblicità e ricerche di mercato,unita_locali,182
017029,Brescia,2020,74,"altre attività professionali, scientifiche e tecniche",unita_locali,976
017029,Brescia,2020,75,servizi veterinari,unita_locali,55
017029,Brescia,2020,77,attività di noleggio e leasing operativo,unita_locali,70
017029,Brescia,2020,78,"attività di ricerca, selezione, fornitura di personale",unita_locali,68
017029,Brescia,2020,79,"attività dei servizi delle agenzie di viaggio, dei tour operator e servizi di prenotazione e attività connesse",unita_locali,72
017029,Brescia,2020,80,servizi di vigilanza e investigazione,unita_locali,26
017029,Brescia,2020,81,attività di servizi per edifici e paesaggio,unita_locali,290
017029,Brescia,2020,82,attività di supporto per le funzioni d'ufficio e altri servizi di supporto alle imprese,unita_locali,482
017029,Brescia,2020,85,istruzione,unita_locali,236
017029,Brescia,2020,86,assistenza sanitaria,unita_locali,2183
017029,Brescia,2020,87,servizi di assistenza sociale residenziale,unita_locali,16
017029,Brescia,2020,88,assistenza sociale non residenziale,unita_locali,67
017029,Brescia,2020,90,"attività creative, artistiche e di intrattenimento",unita_locali,184
017029,Brescia,2020,91,"attività di biblioteche, archivi, musei ed altre attività culturali",unita_locali,7
017029,Brescia,2020,92,"attività riguardanti le lotterie, le scommesse, le case da gioco",unita_locali,25
017029,Brescia,2020,93,"attività sportive, di intrattenimento e di divertimento",unita_locali,137
017029,Brescia,2020,95,riparazione di computer e di beni per uso personale e per la casa,unita_locali,162
017029,Brescia,2020,96,altre attività di servizi per la persona,unita_locali,916
017029,Brescia,2021,08,altre attività di estrazione di minerali da cave e miniere,unita_locali,12
017029,Brescia,2021,10,industrie alimentari,unita_locali,114
017029,Brescia,2021,11,industria delle bevande,unita_locali,6
017029,Brescia,2021,13,industrie tessili,unita_locali,19
017029,Brescia,2021,14,"confezione di articoli di abbigliamento, confezione di articoli in pelle e pelliccia",unita_locali,106
017029,Brescia,2021,15,fabbricazione di articoli in pelle e simili,unita_locali,12
017029,Brescia,2021,16,"industria del legno e dei prodotti in legno e sughero (esclusi i mobili), fabbricazione di articoli in paglia e materiali da intreccio",unita_locali,28
017029,Brescia,2021,17,fabbricazione di carta e di prodotti di carta,unita_locali,8
017029,Brescia,2021,18,stampa e riproduzione di supporti registrati,unita_locali,51
017029,Brescia,2021,19,fabbricazione di coke e prodotti derivanti dalla raffinazione del petrolio,unita_locali,2
017029,Brescia,2021,20,fabbricazione di prodotti chimici,unita_locali,23
017029,Brescia,2021,21,fabbricazione di prodotti farmaceutici di base e di preparati farmaceutici,unita_locali,2
017029,Brescia,2021,22,fabbricazione di articoli in gomma e materie plastiche,unita_locali,31
017029,Brescia,2021,23,fabbricazione di altri prodotti della lavorazione di minerali non metalliferi,unita_locali,27
017029,Brescia,2021,24,metallurgia,unita_locali,28
017029,Brescia,2021,25,fabbricazione di prodotti in metallo (esclusi macchinari e attrezzature),unita_locali,288
017029,Brescia,2021,26,"fabbricazione di computer e prodotti di elettronica e ottica, apparecchi elettromedicali, apparecchi di misurazione e di orologi",unita_locali,26
017029,Brescia,2021,27,fabbricazione di apparecchiature elettriche ed apparecchiature per uso domestico non elettriche,unita_locali,37
017029,Brescia,2021,28,fabbricazione di macchinari ed apparecchiature nca,unita_locali,107
017029,Brescia,2021,29,"fabbricazione di autoveicoli, rimorchi e semirimorchi",unita_locali,12
017029,Brescia,2021,30,fabbricazione di altri mezzi di trasporto,unita_locali,12
017029,Brescia,2021,31,fabbricazione di mobili,unita_locali,25
017029,Brescia,2021,32,altre industrie manifatturiere,unita_locali,138
017029,Brescia,2021,33,"riparazione, manutenzione ed installazione di macchine ed apparecchiature",unita_locali,158
017029,Brescia,2021,35,"fornitura di energia elettrica, gas, vapore e aria condizionata",unita_locali,62
017029,Brescia,2021,36,"raccolta, trattamento e fornitura di acqua",unita_locali,4
017029,Brescia,2021,37,gestione delle reti fognarie,unita_locali,2
017029,Brescia,2021,38,"attività di raccolta, trattamento e smaltimento dei rifiuti recupero dei materiali",unita_locali,41
017029,Brescia,2021,39,attività di risanamento e altri servizi di gestione dei rifiuti,unita_locali,8
017029,Brescia,2021,41,costruzione di edifici,unita_locali,488
017029,Brescia,2021,42,ingegneria civile,unita_locali,33
017029,Brescia,2021,43,lavori di costruzione specializzati,unita_locali,990
017029,Brescia,2021,45,commercio all'ingrosso e al dettaglio e riparazione di autoveicoli e motocicli,unita_locali,491
017029,Brescia,2021,46,commercio all'ingrosso (escluso quello di autoveicoli e di motocicli),unita_locali,1966
017029,Brescia,2021,47,commercio al dettaglio (escluso quello di autoveicoli e di motocicli),unita_locali,2101
017029,Brescia,2021,49,trasporto terrestre e trasporto mediante condotte,unita_locali,358
017029,Brescia,2021,50,trasporto marittimo e per vie d'acqua,unita_locali,1
017029,Brescia,2021,51,trasporto aereo,unita_locali,1
017029,Brescia,2021,52,magazzinaggio e attività di supporto ai trasporti,unita_locali,137
017029,Brescia,2021,53,servizi postali e attività di corriere,unita_locali,46
017029,Brescia,2021,55,alloggio,unita_locali,71
017029,Brescia,2021,56,attività dei servizi di ristorazione,unita_locali,1363
017029,Brescia,2021,58,attività editoriali,unita_locali,30
017029,Brescia,2021,59,"attività di produzione cinematografica, di video e di programmi televisivi, di registrazioni musicali e sonore",unita_locali,38
017029,Brescia,2021,60,attività di programmazione e trasmissione,unita_locali,5
017029,Brescia,2021,61,telecomunicazioni,unita_locali,52
017029,Brescia,2021,62,"produzione di software, consulenza informatica e attività connesse",unita_locali,462
017029,Brescia,2021,63,attività dei servizi d'informazione e altri servizi informatici,unita_locali,334
017029,Brescia,2021,64,attività di servizi finanziari (escluse le assicurazioni e i fondi pensione),unita_locali,400
017029,Brescia,2021,65,"assicurazioni, riassicurazioni e fondi pensione (escluse le assicurazioni sociali obbligatorie)",unita_locali,10
017029,Brescia,2021,66,attività ausiliarie dei servizi finanziari e delle attività assicurative,unita_locali,677
017029,Brescia,2021,68,attività immobiliari,unita_locali,2146
017029,Brescia,2021,69,attività legali e contabilità,unita_locali,2652
017029,Brescia,2021,70,attività di direzione aziendale e di consulenza gestionale,unita_locali,882
017029,Brescia,2021,71,"attività degli studi di architettura e d'ingegneria, collaudi ed analisi tecniche",unita_locali,1289
017029,Brescia,2021,72,ricerca scientifica e sviluppo,unita_locali,87
017029,Brescia,2021,73,pubblicità e ricerche di mercato,unita_locali,218
017029,Brescia,2021,74,"altre attività professionali, scientifiche e tecniche",unita_locali,996
017029,Brescia,2021,75,servizi veterinari,unita_locali,55
017029,Brescia,2021,77,attività di noleggio e leasing operativo,unita_locali,73
017029,Brescia,2021,78,"attività di ricerca, selezione, fornitura di personale",unita_locali,75
017029,Brescia,2021,79,"attività dei servizi delle agenzie di viaggio, dei tour operator e servizi di prenotazione e attività connesse",unita_locali,68
017029,Brescia,2021,80,servizi di vigilanza e investigazione,unita_locali,31
017029,Brescia,2021,81,attività di servizi per edifici e paesaggio,unita_locali,349
017029,Brescia,2021,82,attività di supporto per le funzioni d'ufficio e altri servizi di supporto alle imprese,unita_locali,485
017029,Brescia,2021,85,istruzione,unita_locali,246
017029,Brescia,2021,86,assistenza sanitaria,unita_locali,2317
017029,Brescia,2021,87,servizi di assistenza sociale residenziale,unita_locali,25
017029,Brescia,2021,88,assistenza sociale non residenziale,unita_locali,68
017029,Brescia,2021,90,"attività creative, artistiche e di intrattenimento",unita_locali,210
017029,Brescia,2021,91,"attività di biblioteche, archivi, musei ed altre attività culturali",unita_locali,7
017029,Brescia,2021,92,"attività riguardanti le lotterie, le scommesse, le case da gioco",unita_locali,28
017029,Brescia,2021,93,"attività sportive, di intrattenimento e di divertimento",unita_locali,134
017029,Brescia,2021,95,riparazione di computer e di beni per uso personale e per la casa,unita_locali,158
017029,Brescia,2021,96,altre attività di servizi per la persona,unita_locali,889
017029,Brescia,2022,08,altre attività di estrazione di minerali da cave e miniere,unita_locali,9
017029,Brescia,2022,10,industrie alimentari,unita_locali,109
017029,Brescia,2022,11,industria delle bevande,unita_locali,3
017029,Brescia,2022,13,industrie tessili,unita_locali,19
017029,Brescia,2022,14,"confezione di articoli di abbigliamento, confezione di articoli in pelle e pelliccia",unita_locali,121
017029,Brescia,2022,15,fabbricazione di articoli in pelle e simili,unita_locali,9
017029,Brescia,2022,16,"industria del legno e dei prodotti in legno e sughero (esclusi i mobili), fabbricazione di articoli in paglia e materiali da intreccio",unita_locali,30
017029,Brescia,2022,17,fabbricazione di carta e di prodotti di carta,unita_locali,7
017029,Brescia,2022,18,stampa e riproduzione di supporti registrati,unita_locali,51
017029,Brescia,2022,19,fabbricazione di coke e prodotti derivanti dalla raffinazione del petrolio,unita_locali,2
017029,Brescia,2022,20,fabbricazione di prodotti chimici,unita_locali,23
017029,Brescia,2022,21,fabbricazione di prodotti farmaceutici di base e di preparati farmaceutici,unita_locali,3
017029,Brescia,2022,22,fabbricazione di articoli in gomma e materie plastiche,unita_locali,32
017029,Brescia,2022,23,fabbricazione di altri prodotti della lavorazione di minerali non metalliferi,unita_locali,29
017029,Brescia,2022,24,metallurgia,unita_locali,25
017029,Brescia,2022,25,fabbricazione di prodotti in metallo (esclusi macchinari e attrezzature),unita_locali,290
017029,Brescia,2022,26,"fabbricazione di computer e prodotti di elettronica e ottica, apparecchi elettromedicali, apparecchi di misurazione e di orologi",unita_locali,28
017029,Brescia,2022,27,fabbricazione di apparecchiature elettriche ed apparecchiature per uso domestico non elettriche,unita_locali,37
017029,Brescia,2022,28,fabbricazione di macchinari ed apparecchiature nca,unita_locali,119
017029,Brescia,2022,29,"fabbricazione di autoveicoli, rimorchi e semirimorchi",unita_locali,15
017029,Brescia,2022,30,fabbricazione di altri mezzi di trasporto,unita_locali,9
017029,Brescia,2022,31,fabbricazione di mobili,unita_locali,25
017029,Brescia,2022,32,altre industrie manifatturiere,unita_locali,144
017029,Brescia,2022,33,"riparazione, manutenzione ed installazione di macchine ed apparecchiature",unita_locali,159
017029,Brescia,2022,35,"fornitura di energia elettrica, gas, vapore e aria condizionata",unita_locali,66
017029,Brescia,2022,36,"raccolta, trattamento e fornitura di acqua",unita_locali,4
017029,Brescia,2022,37,gestione delle reti fognarie,unita_locali,2
017029,Brescia,2022,38,"attività di raccolta, trattamento e smaltimento dei rifiuti recupero dei materiali",unita_locali,41
017029,Brescia,2022,39,attività di risanamento e altri servizi di gestione dei rifiuti,unita_locali,6
017029,Brescia,2022,41,costruzione di edifici,unita_locali,581
017029,Brescia,2022,42,ingegneria civile,unita_locali,45
017029,Brescia,2022,43,lavori di costruzione specializzati,unita_locali,1186
017029,Brescia,2022,45,commercio all'ingrosso e al dettaglio e riparazione di autoveicoli e motocicli,unita_locali,502
017029,Brescia,2022,46,commercio all'ingrosso (escluso quello di autoveicoli e di motocicli),unita_locali,1970
017029,Brescia,2022,47,commercio al dettaglio (escluso quello di autoveicoli e di motocicli),unita_locali,2130
017029,Brescia,2022,49,trasporto terrestre e trasporto mediante condotte,unita_locali,364
017029,Brescia,2022,52,magazzinaggio e attività di supporto ai trasporti,unita_locali,152
017029,Brescia,2022,53,servizi postali e attività di corriere,unita_locali,46
017029,Brescia,2022,55,alloggio,unita_locali,78
017029,Brescia,2022,56,attività dei servizi di ristorazione,unita_locali,1362
017029,Brescia,2022,58,attività editoriali,unita_locali,28
017029,Brescia,2022,59,"attività di produzione cinematografica, di video e di programmi televisivi, di registrazioni musicali e sonore",unita_locali,37
017029,Brescia,2022,60,attività di programmazione e trasmissione,unita_locali,7
017029,Brescia,2022,61,telecomunicazioni,unita_locali,49
017029,Brescia,2022,62,"produzione di software, consulenza informatica e attività connesse",unita_locali,476
017029,Brescia,2022,63,attività dei servizi d'informazione e altri servizi informatici,unita_locali,352
017029,Brescia,2022,64,attività di servizi finanziari (escluse le assicurazioni e i fondi pensione),unita_locali,474
017029,Brescia,2022,65,"assicurazioni, riassicurazioni e fondi pensione (escluse le assicurazioni sociali obbligatorie)",unita_locali,10
017029,Brescia,2022,66,attività ausiliarie dei servizi finanziari e delle attività assicurative,unita_locali,702
017029,Brescia,2022,68,attività immobiliari,unita_locali,2139
017029,Brescia,2022,69,attività legali e contabilità,unita_locali,2690
017029,Brescia,2022,70,attività di direzione aziendale e di consulenza gestionale,unita_locali,1026
017029,Brescia,2022,71,"attività degli studi di architettura e d'ingegneria, collaudi ed analisi tecniche",unita_locali,1395
017029,Brescia,2022,72,ricerca scientifica e sviluppo,unita_locali,87
017029,Brescia,2022,73,pubblicità e ricerche di mercato,unita_locali,230
017029,Brescia,2022,74,"altre attività professionali, scientifiche e tecniche",unita_locali,1099
017029,Brescia,2022,75,servizi veterinari,unita_locali,61
017029,Brescia,2022,77,attività di noleggio e leasing operativo,unita_locali,75
017029,Brescia,2022,78,"attività di ricerca, selezione, fornitura di personale",unita_locali,77
017029,Brescia,2022,79,"attività dei servizi delle agenzie di viaggio, dei tour operator e servizi di prenotazione e attività connesse",unita_locali,68
017029,Brescia,2022,80,servizi di vigilanza e investigazione,unita_locali,27
017029,Brescia,2022,81,attività di servizi per edifici e paesaggio,unita_locali,362
017029,Brescia,2022,82,attività di supporto per le funzioni d'ufficio e altri servizi di supporto alle imprese,unita_locali,503
017029,Brescia,2022,85,istruzione,unita_locali,275
017029,Brescia,2022,86,assistenza sanitaria,unita_locali,2373
017029,Brescia,2022,87,servizi di assistenza sociale residenziale,unita_locali,24
017029,Brescia,2022,88,assistenza sociale non residenziale,unita_locali,69
017029,Brescia,2022,90,"attività creative, artistiche e di intrattenimento",unita_locali,236
017029,Brescia,2022,91,"attività di biblioteche, archivi, musei ed altre attività culturali",unita_locali,5
017029,Brescia,2022,92,"attività riguardanti le lotterie, le scommesse, le case da gioco",unita_locali,23
017029,Brescia,2022,93,"attività sportive, di intrattenimento e di divertimento",unita_locali,143
017029,Brescia,2022,95,riparazione di computer e di beni per uso personale e per la casa,unita_locali,162
017029,Brescia,2022,96,altre attività di servizi per la persona,unita_locali,959
017029,Brescia,2023,08,altre attività di estrazione di minerali da cave e miniere,unita_locali,8
017029,Brescia,2023,10,industrie alimentari,unita_locali,97
017029,Brescia,2023,11,industria delle bevande,unita_locali,4
017029,Brescia,2023,13,industrie tessili,unita_locali,20
017029,Brescia,2023,14,"confezione di articoli di abbigliamento, confezione di articoli in pelle e pelliccia",unita_locali,113
017029,Brescia,2023,15,fabbricazione di articoli in pelle e simili,unita_locali,9
017029,Brescia,2023,16,"industria del legno e dei prodotti in legno e sughero (esclusi i mobili), fabbricazione di articoli in paglia e materiali da intreccio",unita_locali,35
017029,Brescia,2023,17,fabbricazione di carta e di prodotti di carta,unita_locali,6
017029,Brescia,2023,18,stampa e riproduzione di supporti registrati,unita_locali,51
017029,Brescia,2023,19,fabbricazione di coke e prodotti derivanti dalla raffinazione del petrolio,unita_locali,1
017029,Brescia,2023,20,fabbricazione di prodotti chimici,unita_locali,24
017029,Brescia,2023,21,fabbricazione di prodotti farmaceutici di base e di preparati farmaceutici,unita_locali,2
017029,Brescia,2023,22,fabbricazione di articoli in gomma e materie plastiche,unita_locali,31
017029,Brescia,2023,23,fabbricazione di altri prodotti della lavorazione di minerali non metalliferi,unita_locali,32
017029,Brescia,2023,24,metallurgia,unita_locali,25
017029,Brescia,2023,25,fabbricazione di prodotti in metallo (esclusi macchinari e attrezzature),unita_locali,293
017029,Brescia,2023,26,"fabbricazione di computer e prodotti di elettronica e ottica, apparecchi elettromedicali, apparecchi di misurazione e di orologi",unita_locali,25
017029,Brescia,2023,27,fabbricazione di apparecchiature elettriche ed apparecchiature per uso domestico non elettriche,unita_locali,38
017029,Brescia,2023,28,fabbricazione di macchinari ed apparecchiature nca,unita_locali,120
017029,Brescia,2023,29,"fabbricazione di autoveicoli, rimorchi e semirimorchi",unita_locali,15
017029,Brescia,2023,30,fabbricazione di altri mezzi di trasporto,unita_locali,8
017029,Brescia,2023,31,fabbricazione di mobili,unita_locali,21
017029,Brescia,2023,32,altre industrie manifatturiere,unita_locali,132
017029,Brescia,2023,33,"riparazione, manutenzione ed installazione di macchine ed apparecchiature",unita_locali,169
017029,Brescia,2023,35,"fornitura di energia elettrica, gas, vapore e aria condizionata",unita_locali,68
017029,Brescia,2023,36,"raccolta, trattamento e fornitura di acqua",unita_locali,5
017029,Brescia,2023,37,gestione delle reti fognarie,unita_locali,3
017029,Brescia,2023,38,"attività di raccolta, trattamento e smaltimento dei rifiuti recupero dei materiali",unita_locali,41
017029,Brescia,2023,39,attività di risanamento e altri servizi di gestione dei rifiuti,unita_locali,3
017029,Brescia,2023,41,costruzione di edifici,unita_locali,535
017029,Brescia,2023,42,ingegneria civile,unita_locali,38
017029,Brescia,2023,43,lavori di costruzione specializzati,unita_locali,1220
017029,Brescia,2023,45,commercio all'ingrosso e al dettaglio e riparazione di autoveicoli e motocicli,unita_locali,500
017029,Brescia,2023,46,commercio all'ingrosso (escluso quello di autoveicoli e di motocicli),unita_locali,1919
017029,Brescia,2023,47,commercio al dettaglio (escluso quello di autoveicoli e di motocicli),unita_locali,2061
017029,Brescia,2023,49,trasporto terrestre e trasporto mediante condotte,unita_locali,380
017029,Brescia,2023,50,trasporto marittimo e per vie d'acqua,unita_locali,1
017029,Brescia,2023,51,trasporto aereo,unita_locali,1
017029,Brescia,2023,52,magazzinaggio e attività di supporto ai trasporti,unita_locali,149
017029,Brescia,2023,53,servizi postali e attività di corriere,unita_locali,51
017029,Brescia,2023,55,alloggio,unita_locali,78
017029,Brescia,2023,56,attività dei servizi di ristorazione,unita_locali,1358
017029,Brescia,2023,58,attività editoriali,unita_locali,30
017029,Brescia,2023,59,"attività di produzione cinematografica, di video e di programmi televisivi, di registrazioni musicali e sonore",unita_locali,43
017029,Brescia,2023,60,attività di programmazione e trasmissione,unita_locali,6
017029,Brescia,2023,61,telecomunicazioni,unita_locali,45
017029,Brescia,2023,62,"produzione di software, consulenza informatica e attività connesse",unita_locali,468
017029,Brescia,2023,63,attività dei servizi d'informazione e altri servizi informatici,unita_locali,350
017029,Brescia,2023,64,attività di servizi finanziari (escluse le assicurazioni e i fondi pensione),unita_locali,510
017029,Brescia,2023,65,"assicurazioni, riassicurazioni e fondi pensione (escluse le assicurazioni sociali obbligatorie)",unita_locali,13
017029,Brescia,2023,66,attività ausiliarie dei servizi finanziari e delle attività assicurative,unita_locali,669
017029,Brescia,2023,68,attività immobiliari,unita_locali,2143
017029,Brescia,2023,69,attività legali e contabilità,unita_locali,2721
017029,Brescia,2023,70,attività di direzione aziendale e di consulenza gestionale,unita_locali,1114
017029,Brescia,2023,71,"attività degli studi di architettura e d'ingegneria, collaudi ed analisi tecniche",unita_locali,1360
017029,Brescia,2023,72,ricerca scientifica e sviluppo,unita_locali,97
017029,Brescia,2023,73,pubblicità e ricerche di mercato,unita_locali,241
017029,Brescia,2023,74,"altre attività professionali, scientifiche e tecniche",unita_locali,1134
017029,Brescia,2023,75,servizi veterinari,unita_locali,68
017029,Brescia,2023,77,attività di noleggio e leasing operativo,unita_locali,76
017029,Brescia,2023,78,"attività di ricerca, selezione, fornitura di personale",unita_locali,86
017029,Brescia,2023,79,"attività dei servizi delle agenzie di viaggio, dei tour operator e servizi di prenotazione e attività connesse",unita_locali,69
017029,Brescia,2023,80,servizi di vigilanza e investigazione,unita_locali,29
017029,Brescia,2023,81,attività di servizi per edifici e paesaggio,unita_locali,391
017029,Brescia,2023,82,attività di supporto per le funzioni d'ufficio e altri servizi di supporto alle imprese,unita_locali,509
017029,Brescia,2023,85,istruzione,unita_locali,303
017029,Brescia,2023,86,assistenza sanitaria,unita_locali,2469
017029,Brescia,2023,87,servizi di assistenza sociale residenziale,unita_locali,25
017029,Brescia,2023,88,assistenza sociale non residenziale,unita_locali,74
017029,Brescia,2023,90,"attività creative, artistiche e di intrattenimento",unita_locali,260
017029,Brescia,2023,91,"attività di biblioteche, archivi, musei ed altre attività culturali",unita_locali,4
017029,Brescia,2023,92,"attività riguardanti le lotterie, le scommesse, le case da gioco",unita_locali,20
017029,Brescia,2023,93,"attività sportive, di intrattenimento e di divertimento",unita_locali,149
017029,Brescia,2023,95,riparazione di computer e di beni per uso personale e per la casa,unita_locali,165
017029,Brescia,2023,96,altre attività di servizi per la persona,unita_locali,956
ITC47,Provincia di Brescia,2018,08,altre attività di estrazione di minerali da cave e miniere,addetti,643.1
ITC47,Provincia di Brescia,2018,10,industrie alimentari,addetti,7930.7
ITC47,Provincia di Brescia,2018,11,industria delle bevande,addetti,743.7
ITC47,Provincia di Brescia,2018,13,industrie tessili,addetti,2978.9
ITC47,Provincia di Brescia,2018,14,"confezione di articoli di abbigliamento, confezione di articoli in pelle e pelliccia",addetti,5246.2
ITC47,Provincia di Brescia,2018,15,fabbricazione di articoli in pelle e simili,addetti,1105.2
ITC47,Provincia di Brescia,2018,16,"industria del legno e dei prodotti in legno e sughero (esclusi i mobili), fabbricazione di articoli in paglia e materiali da intreccio",addetti,2877.7
ITC47,Provincia di Brescia,2018,17,fabbricazione di carta e di prodotti di carta,addetti,1986.7
ITC47,Provincia di Brescia,2018,18,stampa e riproduzione di supporti registrati,addetti,1734.5
ITC47,Provincia di Brescia,2018,19,fabbricazione di coke e prodotti derivanti dalla raffinazione del petrolio,addetti,62.2
ITC47,Provincia di Brescia,2018,20,fabbricazione di prodotti chimici,addetti,2434.0
ITC47,Provincia di Brescia,2018,21,fabbricazione di prodotti farmaceutici di base e di preparati farmaceutici,addetti,264.8
ITC47,Provincia di Brescia,2018,22,fabbricazione di articoli in gomma e materie plastiche,addetti,8644.1
ITC47,Provincia di Brescia,2018,23,fabbricazione di altri prodotti della lavorazione di minerali non metalliferi,addetti,3904.2
ITC47,Provincia di Brescia,2018,24,metallurgia,addetti,16311.3
ITC47,Provincia di Brescia,2018,25,fabbricazione di prodotti in metallo (esclusi macchinari e attrezzature),addetti,38656.3
ITC47,Provincia di Brescia,2018,26,"fabbricazione di computer e prodotti di elettronica e ottica, apparecchi elettromedicali, apparecchi di misurazione e di orologi",addetti,2128.0
ITC47,Provincia di Brescia,2018,27,fabbricazione di apparecchiature elettriche ed apparecchiature per uso domestico non elettriche,addetti,6078.5
ITC47,Provincia di Brescia,2018,28,fabbricazione di macchinari ed apparecchiature nca,addetti,24231.8
ITC47,Provincia di Brescia,2018,29,"fabbricazione di autoveicoli, rimorchi e semirimorchi",addetti,7938.3
ITC47,Provincia di Brescia,2018,30,fabbricazione di altri mezzi di trasporto,addetti,632.6
ITC47,Provincia di Brescia,2018,31,fabbricazione di mobili,addetti,2177.6
ITC47,Provincia di Brescia,2018,32,altre industrie manifatturiere,addetti,2464.8
ITC47,Provincia di Brescia,2018,33,"riparazione, manutenzione ed installazione di macchine ed apparecchiature",addetti,5901.0
ITC47,Provincia di Brescia,2018,35,"fornitura di energia elettrica, gas, vapore e aria condizionata",addetti,2134.1
ITC47,Provincia di Brescia,2018,36,"raccolta, trattamento e fornitura di acqua",addetti,512.8
ITC47,Provincia di Brescia,2018,37,gestione delle reti fognarie,addetti,157.1
ITC47,Provincia di Brescia,2018,38,"attività di raccolta, trattamento e smaltimento dei rifiuti recupero dei materiali",addetti,3979.1
ITC47,Provincia di Brescia,2018,39,attività di risanamento e altri servizi di gestione dei rifiuti,addetti,128.1
ITC47,Provincia di Brescia,2018,41,costruzione di edifici,addetti,8792.2
ITC47,Provincia di Brescia,2018,42,ingegneria civile,addetti,1828.8
ITC47,Provincia di Brescia,2018,43,lavori di costruzione specializzati,addetti,24935.2
ITC47,Provincia di Brescia,2018,45,commercio all'ingrosso e al dettaglio e riparazione di autoveicoli e motocicli,addetti,9827.2
ITC47,Provincia di Brescia,2018,46,commercio all'ingrosso (escluso quello di autoveicoli e di motocicli),addetti,27262.6
ITC47,Provincia di Brescia,2018,47,commercio al dettaglio (escluso quello di autoveicoli e di motocicli),addetti,39370.8
ITC47,Provincia di Brescia,2018,49,trasporto terrestre e trasporto mediante condotte,addetti,9802.1
ITC47,Provincia di Brescia,2018,50,trasporto marittimo e per vie d'acqua,addetti,66.2
ITC47,Provincia di Brescia,2018,51,trasporto aereo,addetti,18.6
ITC47,Provincia di Brescia,2018,52,magazzinaggio e attività di supporto ai trasporti,addetti,3720.4
ITC47,Provincia di Brescia,2018,53,servizi postali e attività di corriere,addetti,2195.4
ITC47,Provincia di Brescia,2018,55,alloggio,addetti,5976.3
ITC47,Provincia di Brescia,2018,56,attività dei servizi di ristorazione,addetti,29593.1
ITC47,Provincia di Brescia,2018,58,attività editoriali,addetti,294.1
ITC47,Provincia di Brescia,2018,59,"attività di produzione cinematografica, di video e di programmi televisivi, di registrazioni musicali e sonore",addetti,235.9
ITC47,Provincia di Brescia,2018,60,attività di programmazione e trasmissione,addetti,81.5
ITC47,Provincia di Brescia,2018,61,telecomunicazioni,addetti,803.7
ITC47,Provincia di Brescia,2018,62,"produzione di software, consulenza informatica e attività connesse",addetti,3907.8
ITC47,Provincia di Brescia,2018,63,attività dei servizi d'informazione e altri servizi informatici,addetti,3163.4
ITC47,Provincia di Brescia,2018,64,attività di servizi finanziari (escluse le assicurazioni e i fondi pensione),addetti,7997.2
ITC47,Provincia di Brescia,2018,65,"assicurazioni, riassicurazioni e fondi pensione (escluse le assicurazioni sociali obbligatorie)",addetti,204.5
ITC47,Provincia di Brescia,2018,66,attività ausiliarie dei servizi finanziari e delle attività assicurative,addetti,4113.6
ITC47,Provincia di Brescia,2018,68,attività immobiliari,addetti,8498.8
ITC47,Provincia di Brescia,2018,69,attività legali e contabilità,addetti,10238.5
ITC47,Provincia di Brescia,2018,70,attività di direzione aziendale e di consulenza gestionale,addetti,3461.3
ITC47,Provincia di Brescia,2018,71,"attività degli studi di architettura e d'ingegneria, collaudi ed analisi tecniche",addetti,6816.0
ITC47,Provincia di Brescia,2018,72,ricerca scientifica e sviluppo,addetti,418.8
ITC47,Provincia di Brescia,2018,73,pubblicità e ricerche di mercato,addetti,1032.4
ITC47,Provincia di Brescia,2018,74,"altre attività professionali, scientifiche e tecniche",addetti,5159.1
ITC47,Provincia di Brescia,2018,75,servizi veterinari,addetti,393.5
ITC47,Provincia di Brescia,2018,77,attività di noleggio e leasing operativo,addetti,1012.0
ITC47,Provincia di Brescia,2018,78,"attività di ricerca, selezione, fornitura di personale",addetti,17781.8
ITC47,Provincia di Brescia,2018,79,"attività dei servizi delle agenzie di viaggio, dei tour operator e servizi di prenotazione e attività connesse",addetti,776.1
ITC47,Provincia di Brescia,2018,80,servizi di vigilanza e investigazione,addetti,1207.8
ITC47,Provincia di Brescia,2018,81,attività di servizi per edifici e paesaggio,addetti,12698.5
ITC47,Provincia di Brescia,2018,82,attività di supporto per le funzioni d'ufficio e altri servizi di supporto alle imprese,addetti,5478.4
ITC47,Provincia di Brescia,2018,85,istruzione,addetti,2267.7
ITC47,Provincia di Brescia,2018,86,assistenza sanitaria,addetti,11832.9
ITC47,Provincia di Brescia,2018,87,servizi di assistenza sociale residenziale,addetti,2353.3
ITC47,Provincia di Brescia,2018,88,assistenza sociale non residenziale,addetti,5193.9
ITC47,Provincia di Brescia,2018,90,"attività creative, artistiche e di intrattenimento",addetti,796.1
ITC47,Provincia di Brescia,2018,91,"attività di biblioteche, archivi, musei ed altre attività culturali",addetti,276.4
ITC47,Provincia di Brescia,2018,92,"attività riguardanti le lotterie, le scommesse, le case da gioco",addetti,961.7
ITC47,Provincia di Brescia,2018,93,"attività sportive, di intrattenimento e di divertimento",addetti,1556.4
ITC47,Provincia di Brescia,2018,95,riparazione di computer e di beni per uso personale e per la casa,addetti,956.8
ITC47,Provincia di Brescia,2018,96,altre attività di servizi per la persona,addetti,10651.3
ITC47,Provincia di Brescia,2019,08,altre attività di estrazione di minerali da cave e miniere,addetti,629.9
ITC47,Provincia di Brescia,2019,10,industrie alimentari,addetti,7980.0
ITC47,Provincia di Brescia,2019,11,industria delle bevande,addetti,754.3
ITC47,Provincia di Brescia,2019,13,industrie tessili,addetti,2886.7
ITC47,Provincia di Brescia,2019,14,"confezione di articoli di abbigliamento, confezione di articoli in pelle e pelliccia",addetti,5493.0
ITC47,Provincia di Brescia,2019,15,fabbricazione di articoli in pelle e simili,addetti,1065.1
ITC47,Provincia di Brescia,2019,16,"industria del legno e dei prodotti in legno e sughero (esclusi i mobili), fabbricazione di articoli in paglia e materiali da intreccio",addetti,2746.0
ITC47,Provincia di Brescia,2019,17,fabbricazione di carta e di prodotti di carta,addetti,1981.0
ITC47,Provincia di Brescia,2019,18,stampa e riproduzione di supporti registrati,addetti,1723.8
ITC47,Provincia di Brescia,2019,19,fabbricazione di coke e prodotti derivanti dalla raffinazione del petrolio,addetti,67.1
ITC47,Provincia di Brescia,2019,20,fabbricazione di prodotti chimici,addetti,2416.1
ITC47,Provincia di Brescia,2019,21,fabbricazione di prodotti farmaceutici di base e di preparati farmaceutici,addetti,282.6
ITC47,Provincia di Brescia,2019,22,fabbricazione di articoli in gomma e materie plastiche,addetti,8894.6
ITC47,Provincia di Brescia,2019,23,fabbricazione di altri prodotti della lavorazione di minerali non metalliferi,addetti,3835.4
ITC47,Provincia di Brescia,2019,24,metallurgia,addetti,16690.7
ITC47,Provincia di Brescia,2019,25,fabbricazione di prodotti in metallo (esclusi macchinari e attrezzature),addetti,39463.6
ITC47,Provincia di Brescia,2019,26,"fabbricazione di computer e prodotti di elettronica e ottica, apparecchi elettromedicali, apparecchi di misurazione e di orologi",addetti,2363.2
ITC47,Provincia di Brescia,2019,27,fabbricazione di apparecchiature elettriche ed apparecchiature per uso domestico non elettriche,addetti,6339.0
ITC47,Provincia di Brescia,2019,28,fabbricazione di macchinari ed apparecchiature nca,addetti,25026.5
ITC47,Provincia di Brescia,2019,29,"fabbricazione di autoveicoli, rimorchi e semirimorchi",addetti,7789.1
ITC47,Provincia di Brescia,2019,30,fabbricazione di altri mezzi di trasporto,addetti,621.5
ITC47,Provincia di Brescia,2019,31,fabbricazione di mobili,addetti,2057.9
ITC47,Provincia di Brescia,2019,32,altre industrie manifatturiere,addetti,2620.4
ITC47,Provincia di Brescia,2019,33,"riparazione, manutenzione ed installazione di macchine ed apparecchiature",addetti,6572.0
ITC47,Provincia di Brescia,2019,35,"fornitura di energia elettrica, gas, vapore e aria condizionata",addetti,2178.2
ITC47,Provincia di Brescia,2019,36,"raccolta, trattamento e fornitura di acqua",addetti,553.5
ITC47,Provincia di Brescia,2019,37,gestione delle reti fognarie,addetti,181.3
ITC47,Provincia di Brescia,2019,38,"attività di raccolta, trattamento e smaltimento dei rifiuti recupero dei materiali",addetti,4172.2
ITC47,Provincia di Brescia,2019,39,attività di risanamento e altri servizi di gestione dei rifiuti,addetti,94.4
ITC47,Provincia di Brescia,2019,41,costruzione di edifici,addetti,9246.7
ITC47,Provincia di Brescia,2019,42,ingegneria civile,addetti,2182.1
ITC47,Provincia di Brescia,2019,43,lavori di costruzione specializzati,addetti,25399.9
ITC47,Provincia di Brescia,2019,45,commercio all'ingrosso e al dettaglio e riparazione di autoveicoli e motocicli,addetti,10347.0
ITC47,Provincia di Brescia,2019,46,commercio all'ingrosso (escluso quello di autoveicoli e di motocicli),addetti,27126.7
ITC47,Provincia di Brescia,2019,47,commercio al dettaglio (escluso quello di autoveicoli e di motocicli),addetti,38087.2
ITC47,Provincia di Brescia,2019,49,trasporto terrestre e trasporto mediante condotte,addetti,10062.9
ITC47,Provincia di Brescia,2019,50,trasporto marittimo e per vie d'acqua,addetti,62.9
ITC47,Provincia di Brescia,2019,51,trasporto aereo,addetti,139.4
ITC47,Provincia di Brescia,2019,52,magazzinaggio e attività di supporto ai trasporti,addetti,3736.1
ITC47,Provincia di Brescia,2019,53,servizi postali e attività di corriere,addetti,2145.4
ITC47,Provincia di Brescia,2019,55,alloggio,addetti,6313.0
ITC47,Provincia di Brescia,2019,56,attività dei servizi di ristorazione,addetti,30461.7
ITC47,Provincia di Brescia,2019,58,attività editoriali,addetti,265.0
ITC47,Provincia di Brescia,2019,59,"attività di produzione cinematografica, di video e di programmi televisivi, di registrazioni musicali e sonore",addetti,268.2
ITC47,Provincia di Brescia,2019,60,attività di programmazione e trasmissione,addetti,81.0
ITC47,Provincia di Brescia,2019,61,telecomunicazioni,addetti,828.9
ITC47,Provincia di Brescia,2019,62,"produzione di software, consulenza informatica e attività connesse",addetti,4355.4
ITC47,Provincia di Brescia,2019,63,attività dei servizi d'informazione e altri servizi informatici,addetti,3388.6
ITC47,Provincia di Brescia,2019,64,attività di servizi finanziari (escluse le assicurazioni e i fondi pensione),addetti,7794.3
ITC47,Provincia di Brescia,2019,65,"assicurazioni, riassicurazioni e fondi pensione (escluse le assicurazioni sociali obbligatorie)",addetti,196.0
ITC47,Provincia di Brescia,2019,66,attività ausiliarie dei servizi finanziari e delle attività assicurative,addetti,3979.4
ITC47,Provincia di Brescia,2019,68,attività immobiliari,addetti,8755.8
ITC47,Provincia di Brescia,2019,69,attività legali e contabilità,addetti,9860.3
ITC47,Provincia di Brescia,2019,70,attività di direzione aziendale e di consulenza gestionale,addetti,3634.1
ITC47,Provincia di Brescia,2019,71,"attività degli studi di architettura e d'ingegneria, collaudi ed analisi tecniche",addetti,6389.6
ITC47,Provincia di Brescia,2019,72,ricerca scientifica e sviluppo,addetti,430.2
ITC47,Provincia di Brescia,2019,73,pubblicità e ricerche di mercato,addetti,981.8
ITC47,Provincia di Brescia,2019,74,"altre attività professionali, scientifiche e tecniche",addetti,5417.1
ITC47,Provincia di Brescia,2019,75,servizi veterinari,addetti,399.5
ITC47,Provincia di Brescia,2019,77,attività di noleggio e leasing operativo,addetti,1167.4
ITC47,Provincia di Brescia,2019,78,"attività di ricerca, selezione, fornitura di personale",addetti,17256.9
ITC47,Provincia di Brescia,2019,79,"attività dei servizi delle agenzie di viaggio, dei tour operator e servizi di prenotazione e attività connesse",addetti,764.2
ITC47,Provincia di Brescia,2019,80,servizi di vigilanza e investigazione,addetti,1776.3
ITC47,Provincia di Brescia,2019,81,attività di servizi per edifici e paesaggio,addetti,12352.0
ITC47,Provincia di Brescia,2019,82,attività di supporto per le funzioni d'ufficio e altri servizi di supporto alle imprese,addetti,5155.2
ITC47,Provincia di Brescia,2019,85,istruzione,addetti,2407.6
ITC47,Provincia di Brescia,2019,86,assistenza sanitaria,addetti,11671.5
ITC47,Provincia di Brescia,2019,87,servizi di assistenza sociale residenziale,addetti,1947.2
ITC47,Provincia di Brescia,2019,88,assistenza sociale non residenziale,addetti,4552.7
ITC47,Provincia di Brescia,2019,90,"attività creative, artistiche e di intrattenimento",addetti,787.5
ITC47,Provincia di Brescia,2019,91,"attività di biblioteche, archivi, musei ed altre attività culturali",addetti,288.4
ITC47,Provincia di Brescia,2019,92,"attività riguardanti le lotterie, le scommesse, le case da gioco",addetti,798.2
ITC47,Provincia di Brescia,2019,93,"attività sportive, di intrattenimento e di divertimento",addetti,1594.4
ITC47,Provincia di Brescia,2019,95,riparazione di computer e di beni per uso personale e per la casa,addetti,925.5
ITC47,Provincia di Brescia,2019,96,altre attività di servizi per la persona,addetti,10613.9
ITC47,Provincia di Brescia,2020,08,altre attività di estrazione di minerali da cave e miniere,addetti,570.9
ITC47,Provincia di Brescia,2020,09,attività dei servizi di supporto all'estrazione,addetti,0.0
ITC47,Provincia di Brescia,2020,10,industrie alimentari,addetti,8035.4
ITC47,Provincia di Brescia,2020,11,industria delle bevande,addetti,827.0
ITC47,Provincia di Brescia,2020,13,industrie tessili,addetti,2736.7
ITC47,Provincia di Brescia,2020,14,"confezione di articoli di abbigliamento, confezione di articoli in pelle e pelliccia",addetti,5091.7
ITC47,Provincia di Brescia,2020,15,fabbricazione di articoli in pelle e simili,addetti,925.8
ITC47,Provincia di Brescia,2020,16,"industria del legno e dei prodotti in legno e sughero (esclusi i mobili), fabbricazione di articoli in paglia e materiali da intreccio",addetti,2516.7
ITC47,Provincia di Brescia,2020,17,fabbricazione di carta e di prodotti di carta,addetti,1961.8
ITC47,Provincia di Brescia,2020,18,stampa e riproduzione di supporti registrati,addetti,1609.2
ITC47,Provincia di Brescia,2020,19,fabbricazione di coke e prodotti derivanti dalla raffinazione del petrolio,addetti,97.0
ITC47,Provincia di Brescia,2020,20,fabbricazione di prodotti chimici,addetti,2464.1
ITC47,Provincia di Brescia,2020,21,fabbricazione di prodotti farmaceutici di base e di preparati farmaceutici,addetti,314.7
ITC47,Provincia di Brescia,2020,22,fabbricazione di articoli in gomma e materie plastiche,addetti,8813.0
ITC47,Provincia di Brescia,2020,23,fabbricazione di altri prodotti della lavorazione di minerali non metalliferi,addetti,3863.2
ITC47,Provincia di Brescia,2020,24,metallurgia,addetti,15021.9
ITC47,Provincia di Brescia,2020,25,fabbricazione di prodotti in metallo (esclusi macchinari e attrezzature),addetti,40493.1
ITC47,Provincia di Brescia,2020,26,"fabbricazione di computer e prodotti di elettronica e ottica, apparecchi elettromedicali, apparecchi di misurazione e di orologi",addetti,2392.1
ITC47,Provincia di Brescia,2020,27,fabbricazione di apparecchiature elettriche ed apparecchiature per uso domestico non elettriche,addetti,6128.6
ITC47,Provincia di Brescia,2020,28,fabbricazione di macchinari ed apparecchiature nca,addetti,24525.3
ITC47,Provincia di Brescia,2020,29,"fabbricazione di autoveicoli, rimorchi e semirimorchi",addetti,8178.9
ITC47,Provincia di Brescia,2020,30,fabbricazione di altri mezzi di trasporto,addetti,709.9
ITC47,Provincia di Brescia,2020,31,fabbricazione di mobili,addetti,1797.2
ITC47,Provincia di Brescia,2020,32,altre industrie manifatturiere,addetti,2432.4
ITC47,Provincia di Brescia,2020,33,"riparazione, manutenzione ed installazione di macchine ed apparecchiature",addetti,6032.2
ITC47,Provincia di Brescia,2020,35,"fornitura di energia elettrica, gas, vapore e aria condizionata",addetti,2219.3
ITC47,Provincia di Brescia,2020,36,"raccolta, trattamento e fornitura di acqua",addetti,579.7
ITC47,Provincia di Brescia,2020,37,gestione delle reti fognarie,addetti,188.0
ITC47,Provincia di Brescia,2020,38,"attività di raccolta, trattamento e smaltimento dei rifiuti recupero dei materiali",addetti,4127.5
ITC47,Provincia di Brescia,2020,39,attività di risanamento e altri servizi di gestione dei rifiuti,addetti,112.1
ITC47,Provincia di Brescia,2020,41,costruzione di edifici,addetti,10235.9
ITC47,Provincia di Brescia,2020,42,ingegneria civile,addetti,2409.8
ITC47,Provincia di Brescia,2020,43,lavori di costruzione specializzati,addetti,25472.2
ITC47,Provincia di Brescia,2020,45,commercio all'ingrosso e al dettaglio e riparazione di autoveicoli e motocicli,addetti,10014.0
ITC47,Provincia di Brescia,2020,46,commercio all'ingrosso (escluso quello di autoveicoli e di motocicli),addetti,26266.7
ITC47,Provincia di Brescia,2020,47,commercio al dettaglio (escluso quello di autoveicoli e di motocicli),addetti,37780.1
ITC47,Provincia di Brescia,2020,49,trasporto terrestre e trasporto mediante condotte,addetti,9775.9
ITC47,Provincia di Brescia,2020,50,trasporto marittimo e per vie d'acqua,addetti,54.9
ITC47,Provincia di Brescia,2020,51,trasporto aereo,addetti,74.8
ITC47,Provincia di Brescia,2020,52,magazzinaggio e attività di supporto ai trasporti,addetti,3627.5
ITC47,Provincia di Brescia,2020,53,servizi postali e attività di corriere,addetti,2056.2
ITC47,Provincia di Brescia,2020,55,alloggio,addetti,4649.5
ITC47,Provincia di Brescia,2020,56,attività dei servizi di ristorazione,addetti,27609.2
ITC47,Provincia di Brescia,2020,58,attività editoriali,addetti,271.4
ITC47,Provincia di Brescia,2020,59,"attività di produzione cinematografica, di video e di programmi televisivi, di registrazioni musicali e sonore",addetti,262.2
ITC47,Provincia di Brescia,2020,60,attività di programmazione e trasmissione,addetti,82.7
ITC47,Provincia di Brescia,2020,61,telecomunicazioni,addetti,878.1
ITC47,Provincia di Brescia,2020,62,"produzione di software, consulenza informatica e attività connesse",addetti,4294.7
ITC47,Provincia di Brescia,2020,63,attività dei servizi d'informazione e altri servizi informatici,addetti,3368.2
ITC47,Provincia di Brescia,2020,64,attività di servizi finanziari (escluse le assicurazioni e i fondi pensione),addetti,7537.7
ITC47,Provincia di Brescia,2020,65,"assicurazioni, riassicurazioni e fondi pensione (escluse le assicurazioni sociali obbligatorie)",addetti,187.1
ITC47,Provincia di Brescia,2020,66,attività ausiliarie dei servizi finanziari e delle attività assicurative,addetti,4066.8
ITC47,Provincia di Brescia,2020,68,attività immobiliari,addetti,8101.9
ITC47,Provincia di Brescia,2020,69,attività legali e contabilità,addetti,10198.9
ITC47,Provincia di Brescia,2020,70,attività di direzione aziendale e di consulenza gestionale,addetti,3508.4
ITC47,Provincia di Brescia,2020,71,"attività degli studi di architettura e d'ingegneria, collaudi ed analisi tecniche",addetti,6732.0
ITC47,Provincia di Brescia,2020,72,ricerca scientifica e sviluppo,addetti,496.2
ITC47,Provincia di Brescia,2020,73,pubblicità e ricerche di mercato,addetti,1004.5
ITC47,Provincia di Brescia,2020,74,"altre attività professionali, scientifiche e tecniche",addetti,5421.8
ITC47,Provincia di Brescia,2020,75,servizi veterinari,addetti,422.6
ITC47,Provincia di Brescia,2020,77,attività di noleggio e leasing operativo,addetti,987.5
ITC47,Provincia di Brescia,2020,78,"attività di ricerca, selezione, fornitura di personale",addetti,14432.1
ITC47,Provincia di Brescia,2020,79,"attività dei servizi delle agenzie di viaggio, dei tour operator e servizi di prenotazione e attività connesse",addetti,713.3
ITC47,Provincia di Brescia,2020,80,servizi di vigilanza e investigazione,addetti,1651.3
ITC47,Provincia di Brescia,2020,81,attività di servizi per edifici e paesaggio,addetti,10735.8
ITC47,Provincia di Brescia,2020,82,attività di supporto per le funzioni d'ufficio e altri servizi di supporto alle imprese,addetti,4547.2
ITC47,Provincia di Brescia,2020,85,istruzione,addetti,2636.4
ITC47,Provincia di Brescia,2020,86,assistenza sanitaria,addetti,11875.8
ITC47,Provincia di Brescia,2020,87,servizi di assistenza sociale residenziale,addetti,2393.4
ITC47,Provincia di Brescia,2020,88,assistenza sociale non residenziale,addetti,5360.3
ITC47,Provincia di Brescia,2020,90,"attività creative, artistiche e di intrattenimento",addetti,786.4
ITC47,Provincia di Brescia,2020,91,"attività di biblioteche, archivi, musei ed altre attività culturali",addetti,249.0
ITC47,Provincia di Brescia,2020,92,"attività riguardanti le lotterie, le scommesse, le case da gioco",addetti,652.0
ITC47,Provincia di Brescia,2020,93,"attività sportive, di intrattenimento e di divertimento",addetti,1466.0
ITC47,Provincia di Brescia,2020,95,riparazione di computer e di beni per uso personale e per la casa,addetti,879.0
ITC47,Provincia di Brescia,2020,96,altre attività di servizi per la persona,addetti,10677.8
ITC47,Provincia di Brescia,2021,08,altre attività di estrazione di minerali da cave e miniere,addetti,551.6
ITC47,Provincia di Brescia,2021,10,industrie alimentari,addetti,8275.5
ITC47,Provincia di Brescia,2021,11,industria delle bevande,addetti,876.0
ITC47,Provincia di Brescia,2021,13,industrie tessili,addetti,2743.3
ITC47,Provincia di Brescia,2021,14,"confezione di articoli di abbigliamento, confezione di articoli in pelle e pelliccia",addetti,5058.2
ITC47,Provincia di Brescia,2021,15,fabbricazione di articoli in pelle e simili,addetti,974.4
ITC47,Provincia di Brescia,2021,16,"industria del legno e dei prodotti in legno e sughero (esclusi i mobili), fabbricazione di articoli in paglia e materiali da intreccio",addetti,2622.5
ITC47,Provincia di Brescia,2021,17,fabbricazione di carta e di prodotti di carta,addetti,2003.0
ITC47,Provincia di Brescia,2021,18,stampa e riproduzione di supporti registrati,addetti,1572.7
ITC47,Provincia di Brescia,2021,19,fabbricazione di coke e prodotti derivanti dalla raffinazione del petrolio,addetti,66.8
ITC47,Provincia di Brescia,2021,20,fabbricazione di prodotti chimici,addetti,2584.2
ITC47,Provincia di Brescia,2021,21,fabbricazione di prodotti farmaceutici di base e di preparati farmaceutici,addetti,301.6
ITC47,Provincia di Brescia,2021,22,fabbricazione di articoli in gomma e materie plastiche,addetti,8903.0
ITC47,Provincia di Brescia,2021,23,fabbricazione di altri prodotti della lavorazione di minerali non metalliferi,addetti,3813.8
ITC47,Provincia di Brescia,2021,24,metallurgia,addetti,15211.0
ITC47,Provincia di Brescia,2021,25,fabbricazione di prodotti in metallo (esclusi macchinari e attrezzature),addetti,41978.5
ITC47,Provincia di Brescia,2021,26,"fabbricazione di computer e prodotti di elettronica e ottica, apparecchi elettromedicali, apparecchi di misurazione e di orologi",addetti,2478.8
ITC47,Provincia di Brescia,2021,27,fabbricazione di apparecchiature elettriche ed apparecchiature per uso domestico non elettriche,addetti,6273.5
ITC47,Provincia di Brescia,2021,28,fabbricazione di macchinari ed apparecchiature nca,addetti,24657.2
ITC47,Provincia di Brescia,2021,29,"fabbricazione di autoveicoli, rimorchi e semirimorchi",addetti,6916.6
ITC47,Provincia di Brescia,2021,30,fabbricazione di altri mezzi di trasporto,addetti,726.4
ITC47,Provincia di Brescia,2021,31,fabbricazione di mobili,addetti,1801.3
ITC47,Provincia di Brescia,2021,32,altre industrie manifatturiere,addetti,2507.6
ITC47,Provincia di Brescia,2021,33,"riparazione, manutenzione ed installazione di macchine ed apparecchiature",addetti,5817.2
ITC47,Provincia di Brescia,2021,35,"fornitura di energia elettrica, gas, vapore e aria condizionata",addetti,2198.3
ITC47,Provincia di Brescia,2021,36,"raccolta, trattamento e fornitura di acqua",addetti,627.7
ITC47,Provincia di Brescia,2021,37,gestione delle reti fognarie,addetti,184.5
ITC47,Provincia di Brescia,2021,38,"attività di raccolta, trattamento e smaltimento dei rifiuti recupero dei materiali",addetti,4470.4
ITC47,Provincia di Brescia,2021,39,attività di risanamento e altri servizi di gestione dei rifiuti,addetti,105.4
ITC47,Provincia di Brescia,2021,41,costruzione di edifici,addetti,11215.9
ITC47,Provincia di Brescia,2021,42,ingegneria civile,addetti,2647.9
ITC47,Provincia di Brescia,2021,43,lavori di costruzione specializzati,addetti,26947.8
ITC47,Provincia di Brescia,2021,45,commercio all'ingrosso e al dettaglio e riparazione di autoveicoli e motocicli,addetti,10038.7
ITC47,Provincia di Brescia,2021,46,commercio all'ingrosso (escluso quello di autoveicoli e di motocicli),addetti,26862.5
ITC47,Provincia di Brescia,2021,47,commercio al dettaglio (escluso quello di autoveicoli e di motocicli),addetti,38302.1
ITC47,Provincia di Brescia,2021,49,trasporto terrestre e trasporto mediante condotte,addetti,10722.9
ITC47,Provincia di Brescia,2021,50,trasporto marittimo e per vie d'acqua,addetti,65.0
ITC47,Provincia di Brescia,2021,51,trasporto aereo,addetti,51.3
ITC47,Provincia di Brescia,2021,52,magazzinaggio e attività di supporto ai trasporti,addetti,3959.7
ITC47,Provincia di Brescia,2021,53,servizi postali e attività di corriere,addetti,2118.6
ITC47,Provincia di Brescia,2021,55,alloggio,addetti,5153.6
ITC47,Provincia di Brescia,2021,56,attività dei servizi di ristorazione,addetti,27941.0
ITC47,Provincia di Brescia,2021,58,attività editoriali,addetti,268.5
ITC47,Provincia di Brescia,2021,59,"attività di produzione cinematografica, di video e di programmi televisivi, di registrazioni musicali e sonore",addetti,266.9
ITC47,Provincia di Brescia,2021,60,attività di programmazione e trasmissione,addetti,87.7
ITC47,Provincia di Brescia,2021,61,telecomunicazioni,addetti,724.3
ITC47,Provincia di Brescia,2021,62,"produzione di software, consulenza informatica e attività connesse",addetti,4658.8
ITC47,Provincia di Brescia,2021,63,attività dei servizi d'informazione e altri servizi informatici,addetti,3615.5
ITC47,Provincia di Brescia,2021,64,attività di servizi finanziari (escluse le assicurazioni e i fondi pensione),addetti,7702.5
ITC47,Provincia di Brescia,2021,65,"assicurazioni, riassicurazioni e fondi pensione (escluse le assicurazioni sociali obbligatorie)",addetti,172.1
ITC47,Provincia di Brescia,2021,66,attività ausiliarie dei servizi finanziari e delle attività assicurative,addetti,4167.8
ITC47,Provincia di Brescia,2021,68,attività immobiliari,addetti,7575.2
ITC47,Provincia di Brescia,2021,69,attività legali e contabilità,addetti,10280.1
ITC47,Provincia di Brescia,2021,70,attività di direzione aziendale e di consulenza gestionale,addetti,4342.3
ITC47,Provincia di Brescia,2021,71,"attività degli studi di architettura e d'ingegneria, collaudi ed analisi tecniche",addetti,7246.7
ITC47,Provincia di Brescia,2021,72,ricerca scientifica e sviluppo,addetti,554.3
ITC47,Provincia di Brescia,2021,73,pubblicità e ricerche di mercato,addetti,1138.9
ITC47,Provincia di Brescia,2021,74,"altre attività professionali, scientifiche e tecniche",addetti,5617.4
ITC47,Provincia di Brescia,2021,75,servizi veterinari,addetti,468.9
ITC47,Provincia di Brescia,2021,77,attività di noleggio e leasing operativo,addetti,973.1
ITC47,Provincia di Brescia,2021,78,"attività di ricerca, selezione, fornitura di personale",addetti,18070.2
ITC47,Provincia di Brescia,2021,79,"attività dei servizi delle agenzie di viaggio, dei tour operator e servizi di prenotazione e attività connesse",addetti,739.9
ITC47,Provincia di Brescia,2021,80,servizi di vigilanza e investigazione,addetti,1619.1
ITC47,Provincia di Brescia,2021,81,attività di servizi per edifici e paesaggio,addetti,11495.0
ITC47,Provincia di Brescia,2021,82,attività di supporto per le funzioni d'ufficio e altri servizi di supporto alle imprese,addetti,4872.2
ITC47,Provincia di Brescia,2021,85,istruzione,addetti,2879.0
ITC47,Provincia di Brescia,2021,86,assistenza sanitaria,addetti,12318.4
ITC47,Provincia di Brescia,2021,87,servizi di assistenza sociale residenziale,addetti,2291.5
ITC47,Provincia di Brescia,2021,88,assistenza sociale non residenziale,addetti,5789.7
ITC47,Provincia di Brescia,2021,90,"attività creative, artistiche e di intrattenimento",addetti,938.4
ITC47,Provincia di Brescia,2021,91,"attività di biblioteche, archivi, musei ed altre attività culturali",addetti,207.9
ITC47,Provincia di Brescia,2021,92,"attività riguardanti le lotterie, le scommesse, le case da gioco",addetti,561.1
ITC47,Provincia di Brescia,2021,93,"attività sportive, di intrattenimento e di divertimento",addetti,1353.9
ITC47,Provincia di Brescia,2021,95,riparazione di computer e di beni per uso personale e per la casa,addetti,917.5
ITC47,Provincia di Brescia,2021,96,altre attività di servizi per la persona,addetti,10453.0
ITC47,Provincia di Brescia,2022,08,altre attività di estrazione di minerali da cave e miniere,addetti,509.0
ITC47,Provincia di Brescia,2022,10,industrie alimentari,addetti,8364.9
ITC47,Provincia di Brescia,2022,11,industria delle bevande,addetti,768.5
ITC47,Provincia di Brescia,2022,13,industrie tessili,addetti,2803.7
ITC47,Provincia di Brescia,2022,14,"confezione di articoli di abbigliamento, confezione di articoli in pelle e pelliccia",addetti,5022.5
ITC47,Provincia di Brescia,2022,15,fabbricazione di articoli in pelle e simili,addetti,1012.5
ITC47,Provincia di Brescia,2022,16,"industria del legno e dei prodotti in legno e sughero (esclusi i mobili), fabbricazione di articoli in paglia e materiali da intreccio",addetti,2805.1
ITC47,Provincia di Brescia,2022,17,fabbricazione di carta e di prodotti di carta,addetti,2127.9
ITC47,Provincia di Brescia,2022,18,stampa e riproduzione di supporti registrati,addetti,1627.9
ITC47,Provincia di Brescia,2022,19,fabbricazione di coke e prodotti derivanti dalla raffinazione del petrolio,addetti,71.2
ITC47,Provincia di Brescia,2022,20,fabbricazione di prodotti chimici,addetti,2697.9
ITC47,Provincia di Brescia,2022,21,fabbricazione di prodotti farmaceutici di base e di preparati farmaceutici,addetti,293.4
ITC47,Provincia di Brescia,2022,22,fabbricazione di articoli in gomma e materie plastiche,addetti,9062.3
ITC47,Provincia di Brescia,2022,23,fabbricazione di altri prodotti della lavorazione di minerali non metalliferi,addetti,3803.2
ITC47,Provincia di Brescia,2022,24,metallurgia,addetti,15559.0
ITC47,Provincia di Brescia,2022,25,fabbricazione di prodotti in metallo (esclusi macchinari e attrezzature),addetti,43195.4
ITC47,Provincia di Brescia,2022,26,"fabbricazione di computer e prodotti di elettronica e ottica, apparecchi elettromedicali, apparecchi di misurazione e di orologi",addetti,2873.2
ITC47,Provincia di Brescia,2022,27,fabbricazione di apparecchiature elettriche ed apparecchiature per uso domestico non elettriche,addetti,6727.5
ITC47,Provincia di Brescia,2022,28,fabbricazione di macchinari ed apparecchiature nca,addetti,25282.8
ITC47,Provincia di Brescia,2022,29,"fabbricazione di autoveicoli, rimorchi e semirimorchi",addetti,8067.8
ITC47,Provincia di Brescia,2022,30,fabbricazione di altri mezzi di trasporto,addetti,750.2
ITC47,Provincia di Brescia,2022,31,fabbricazione di mobili,addetti,1856.9
ITC47,Provincia di Brescia,2022,32,altre industrie manifatturiere,addetti,2451.4
ITC47,Provincia di Brescia,2022,33,"riparazione, manutenzione ed installazione di macchine ed apparecchiature",addetti,5862.6
ITC47,Provincia di Brescia,2022,35,"fornitura di energia elettrica, gas, vapore e aria condizionata",addetti,2303.5
ITC47,Provincia di Brescia,2022,36,"raccolta, trattamento e fornitura di acqua",addetti,664.1
ITC47,Provincia di Brescia,2022,37,gestione delle reti fognarie,addetti,197.5
ITC47,Provincia di Brescia,2022,38,"attività di raccolta, trattamento e smaltimento dei rifiuti recupero dei materiali",addetti,4693.3
ITC47,Provincia di Brescia,2022,39,attività di risanamento e altri servizi di gestione dei rifiuti,addetti,124.0
ITC47,Provincia di Brescia,2022,41,costruzione di edifici,addetti,10473.9
ITC47,Provincia di Brescia,2022,42,ingegneria civile,addetti,2743.7
ITC47,Provincia di Brescia,2022,43,lavori di costruzione specializzati,addetti,27952.6
ITC47,Provincia di Brescia,2022,45,commercio all'ingrosso e al dettaglio e riparazione di autoveicoli e motocicli,addetti,10103.6
ITC47,Provincia di Brescia,2022,46,commercio all'ingrosso (escluso quello di autoveicoli e di motocicli),addetti,26838.8
ITC47,Provincia di Brescia,2022,47,commercio al dettaglio (escluso quello di autoveicoli e di motocicli),addetti,38275.3
ITC47,Provincia di Brescia,2022,49,trasporto terrestre e trasporto mediante condotte,addetti,10976.8
ITC47,Provincia di Brescia,2022,50,trasporto marittimo e per vie d'acqua,addetti,76.2
ITC47,Provincia di Brescia,2022,51,trasporto aereo,addetti,15.3
ITC47,Provincia di Brescia,2022,52,magazzinaggio e attività di supporto ai trasporti,addetti,4394.4
ITC47,Provincia di Brescia,2022,53,servizi postali e attività di corriere,addetti,2049.2
ITC47,Provincia di Brescia,2022,55,alloggio,addetti,6261.1
ITC47,Provincia di Brescia,2022,56,attività dei servizi di ristorazione,addetti,30742.7
ITC47,Provincia di Brescia,2022,58,attività editoriali,addetti,278.1
ITC47,Provincia di Brescia,2022,59,"attività di produzione cinematografica, di video e di programmi televisivi, di registrazioni musicali e sonore",addetti,263.8
ITC47,Provincia di Brescia,2022,60,attività di programmazione e trasmissione,addetti,97.1
ITC47,Provincia di Brescia,2022,61,telecomunicazioni,addetti,734.7
ITC47,Provincia di Brescia,2022,62,"produzione di software, consulenza informatica e attività connesse",addetti,4719.2
ITC47,Provincia di Brescia,2022,63,attività dei servizi d'informazione e altri servizi informatici,addetti,3795.0
ITC47,Provincia di Brescia,2022,64,attività di servizi finanziari (escluse le assicurazioni e i fondi pensione),addetti,7064.6
ITC47,Provincia di Brescia,2022,65,"assicurazioni, riassicurazioni e fondi pensione (escluse le assicurazioni sociali obbligatorie)",addetti,164.8
ITC47,Provincia di Brescia,2022,66,attività ausiliarie dei servizi finanziari e delle attività assicurative,addetti,4342.8
ITC47,Provincia di Brescia,2022,68,attività immobiliari,addetti,8493.0
ITC47,Provincia di Brescia,2022,69,attività legali e contabilità,addetti,10359.0
ITC47,Provincia di Brescia,2022,70,attività di direzione aziendale e di consulenza gestionale,addetti,5181.2
ITC47,Provincia di Brescia,2022,71,"attività degli studi di architettura e d'ingegneria, collaudi ed analisi tecniche",addetti,7548.6
ITC47,Provincia di Brescia,2022,72,ricerca scientifica e sviluppo,addetti,581.6
ITC47,Provincia di Brescia,2022,73,pubblicità e ricerche di mercato,addetti,1215.5
ITC47,Provincia di Brescia,2022,74,"altre attività professionali, scientifiche e tecniche",addetti,6059.0
ITC47,Provincia di Brescia,2022,75,servizi veterinari,addetti,477.8
ITC47,Provincia di Brescia,2022,77,attività di noleggio e leasing operativo,addetti,1109.9
ITC47,Provincia di Brescia,2022,78,"attività di ricerca, selezione, fornitura di personale",addetti,18594.4
ITC47,Provincia di Brescia,2022,79,"attività dei servizi delle agenzie di viaggio, dei tour operator e servizi di prenotazione e attività connesse",addetti,714.3
ITC47,Provincia di Brescia,2022,80,servizi di vigilanza e investigazione,addetti,1041.5
ITC47,Provincia di Brescia,2022,81,attività di servizi per edifici e paesaggio,addetti,11539.0
ITC47,Provincia di Brescia,2022,82,attività di supporto per le funzioni d'ufficio e altri servizi di supporto alle imprese,addetti,4732.1
ITC47,Provincia di Brescia,2022,85,istruzione,addetti,3073.8
ITC47,Provincia di Brescia,2022,86,assistenza sanitaria,addetti,12744.2
ITC47,Provincia di Brescia,2022,87,servizi di assistenza sociale residenziale,addetti,2307.9
ITC47,Provincia di Brescia,2022,88,assistenza sociale non residenziale,addetti,6267.8
ITC47,Provincia di Brescia,2022,90,"attività creative, artistiche e di intrattenimento",addetti,996.3
ITC47,Provincia di Brescia,2022,91,"attività di biblioteche, archivi, musei ed altre attività culturali",addetti,202.5
ITC47,Provincia di Brescia,2022,92,"attività riguardanti le lotterie, le scommesse, le case da gioco",addetti,614.2
ITC47,Provincia di Brescia,2022,93,"attività sportive, di intrattenimento e di divertimento",addetti,1633.4
ITC47,Provincia di Brescia,2022,95,riparazione di computer e di beni per uso personale e per la casa,addetti,932.4
ITC47,Provincia di Brescia,2022,96,altre attività di servizi per la persona,addetti,10862.5
ITC47,Provincia di Brescia,2023,08,altre attività di estrazione di minerali da cave e miniere,addetti,489.5
ITC47,Provincia di Brescia,2023,10,industrie alimentari,addetti,8776.4
ITC47,Provincia di Brescia,2023,11,industria delle bevande,addetti,804.6
ITC47,Provincia di Brescia,2023,13,industrie tessili,addetti,2864.6
ITC47,Provincia di Brescia,2023,14,"confezione di articoli di abbigliamento, confezione di articoli in pelle e pelliccia",addetti,4940.2
ITC47,Provincia di Brescia,2023,15,fabbricazione di articoli in pelle e simili,addetti,1015.4
ITC47,Provincia di Brescia,2023,16,"industria del legno e dei prodotti in legno e sughero (esclusi i mobili), fabbricazione di articoli in paglia e materiali da intreccio",addetti,2824.1
ITC47,Provincia di Brescia,2023,17,fabbricazione di carta e di prodotti di carta,addetti,2173.6
ITC47,Provincia di Brescia,2023,18,stampa e riproduzione di supporti registrati,addetti,1740.2
ITC47,Provincia di Brescia,2023,19,fabbricazione di coke e prodotti derivanti dalla raffinazione del petrolio,addetti,61.6
ITC47,Provincia di Brescia,2023,20,fabbricazione di prodotti chimici,addetti,2765.6
ITC47,Provincia di Brescia,2023,21,fabbricazione di prodotti farmaceutici di base e di preparati farmaceutici,addetti,275.6
ITC47,Provincia di Brescia,2023,22,fabbricazione di articoli in gomma e materie plastiche,addetti,8608.5
ITC47,Provincia di Brescia,2023,23,fabbricazione di altri prodotti della lavorazione di minerali non metalliferi,addetti,3834.6
ITC47,Provincia di Brescia,2023,24,metallurgia,addetti,15902.2
ITC47,Provincia di Brescia,2023,25,fabbricazione di prodotti in metallo (esclusi macchinari e attrezzature),addetti,44004.1
ITC47,Provincia di Brescia,2023,26,"fabbricazione di computer e prodotti di elettronica e ottica, apparecchi elettromedicali, apparecchi di misurazione e di orologi",addetti,2886.9
ITC47,Provincia di Brescia,2023,27,fabbricazione di apparecchiature elettriche ed apparecchiature per uso domestico non elettriche,addetti,6960.6
ITC47,Provincia di Brescia,2023,28,fabbricazione di macchinari ed apparecchiature nca,addetti,25449.7
ITC47,Provincia di Brescia,2023,29,"fabbricazione di autoveicoli, rimorchi e semirimorchi",addetti,8253.3
ITC47,Provincia di Brescia,2023,30,fabbricazione di altri mezzi di trasporto,addetti,773.6
ITC47,Provincia di Brescia,2023,31,fabbricazione di mobili,addetti,1835.3
ITC47,Provincia di Brescia,2023,32,altre industrie manifatturiere,addetti,2277.7
ITC47,Provincia di Brescia,2023,33,"riparazione, manutenzione ed installazione di macchine ed apparecchiature",addetti,6136.9
ITC47,Provincia di Brescia,2023,35,"fornitura di energia elettrica, gas, vapore e aria condizionata",addetti,2231.5
ITC47,Provincia di Brescia,2023,36,"raccolta, trattamento e fornitura di acqua",addetti,698.5
ITC47,Provincia di Brescia,2023,37,gestione delle reti fognarie,addetti,193.3
ITC47,Provincia di Brescia,2023,38,"attività di raccolta, trattamento e smaltimento dei rifiuti recupero dei materiali",addetti,5092.8
ITC47,Provincia di Brescia,2023,39,attività di risanamento e altri servizi di gestione dei rifiuti,addetti,124.9
ITC47,Provincia di Brescia,2023,41,costruzione di edifici,addetti,10884.0
ITC47,Provincia di Brescia,2023,42,ingegneria civile,addetti,2963.5
ITC47,Provincia di Brescia,2023,43,lavori di costruzione specializzati,addetti,28941.3
ITC47,Provincia di Brescia,2023,45,commercio all'ingrosso e al dettaglio e riparazione di autoveicoli e motocicli,addetti,10351.4
ITC47,Provincia di Brescia,2023,46,commercio all'ingrosso (escluso quello di autoveicoli e di motocicli),addetti,27394.3
ITC47,Provincia di Brescia,2023,47,commercio al dettaglio (escluso quello di autoveicoli e di motocicli),addetti,38390.2
ITC47,Provincia di Brescia,2023,49,trasporto terrestre e trasporto mediante condotte,addetti,11643.6
ITC47,Provincia di Brescia,2023,50,trasporto marittimo e per vie d'acqua,addetti,82.7
ITC47,Provincia di Brescia,2023,51,trasporto aereo,addetti,16.8
ITC47,Provincia di Brescia,2023,52,magazzinaggio e attività di supporto ai trasporti,addetti,4140.0
ITC47,Provincia di Brescia,2023,53,servizi postali e attività di corriere,addetti,2137.9
ITC47,Provincia di Brescia,2023,55,alloggio,addetti,6696.4
ITC47,Provincia di Brescia,2023,56,attività dei servizi di ristorazione,addetti,31648.1
ITC47,Provincia di Brescia,2023,58,attività editoriali,addetti,280.4
ITC47,Provincia di Brescia,2023,59,"attività di produzione cinematografica, di video e di programmi televisivi, di registrazioni musicali e sonore",addetti,275.3
ITC47,Provincia di Brescia,2023,60,attività di programmazione e trasmissione,addetti,110.5
ITC47,Provincia di Brescia,2023,61,telecomunicazioni,addetti,690.8
ITC47,Provincia di Brescia,2023,62,"produzione di software, consulenza informatica e attività connesse",addetti,5021.9
ITC47,Provincia di Brescia,2023,63,attività dei servizi d'informazione e altri servizi informatici,addetti,3630.9
ITC47,Provincia di Brescia,2023,64,attività di servizi finanziari (escluse le assicurazioni e i fondi pensione),addetti,6999.1
ITC47,Provincia di Brescia,2023,65,"assicurazioni, riassicurazioni e fondi pensione (escluse le assicurazioni sociali obbligatorie)",addetti,158.4
ITC47,Provincia di Brescia,2023,66,attività ausiliarie dei servizi finanziari e delle attività assicurative,addetti,4358.2
ITC47,Provincia di Brescia,2023,68,attività immobiliari,addetti,8361.8
ITC47,Provincia di Brescia,2023,69,attività legali e contabilità,addetti,10515.2
ITC47,Provincia di Brescia,2023,70,attività di direzione aziendale e di consulenza gestionale,addetti,5255.6
ITC47,Provincia di Brescia,2023,71,"attività degli studi di architettura e d'ingegneria, collaudi ed analisi tecniche",addetti,7629.8
ITC47,Provincia di Brescia,2023,72,ricerca scientifica e sviluppo,addetti,612.3
ITC47,Provincia di Brescia,2023,73,pubblicità e ricerche di mercato,addetti,1284.1
ITC47,Provincia di Brescia,2023,74,"altre attività professionali, scientifiche e tecniche",addetti,6491.7
ITC47,Provincia di Brescia,2023,75,servizi veterinari,addetti,490.5
ITC47,Provincia di Brescia,2023,77,attività di noleggio e leasing operativo,addetti,1115.2
ITC47,Provincia di Brescia,2023,78,"attività di ricerca, selezione, fornitura di personale",addetti,16900.0
ITC47,Provincia di Brescia,2023,79,"attività dei servizi delle agenzie di viaggio, dei tour operator e servizi di prenotazione e attività connesse",addetti,732.3
ITC47,Provincia di Brescia,2023,80,servizi di vigilanza e investigazione,addetti,1746.6
ITC47,Provincia di Brescia,2023,81,attività di servizi per edifici e paesaggio,addetti,12162.4
ITC47,Provincia di Brescia,2023,82,attività di supporto per le funzioni d'ufficio e altri servizi di supporto alle imprese,addetti,4787.5
ITC47,Provincia di Brescia,2023,85,istruzione,addetti,3298.2
ITC47,Provincia di Brescia,2023,86,assistenza sanitaria,addetti,13061.2
ITC47,Provincia di Brescia,2023,87,servizi di assistenza sociale residenziale,addetti,2294.1
ITC47,Provincia di Brescia,2023,88,assistenza sociale non residenziale,addetti,6672.9
ITC47,Provincia di Brescia,2023,90,"attività creative, artistiche e di intrattenimento",addetti,1108.4
ITC47,Provincia di Brescia,2023,91,"attività di biblioteche, archivi, musei ed altre attività culturali",addetti,205.2
ITC47,Provincia di Brescia,2023,92,"attività riguardanti le lotterie, le scommesse, le case da gioco",addetti,576.9
ITC47,Provincia di Brescia,2023,93,"attività sportive, di intrattenimento e di divertimento",addetti,1743.9
ITC47,Provincia di Brescia,2023,95,riparazione di computer e di beni per uso personale e per la casa,addetti,990.2
ITC47,Provincia di Brescia,2023,96,altre attività di servizi per la persona,addetti,10570.7
ITC47,Provincia di Brescia,2018,08,altre attività di estrazione di minerali da cave e miniere,unita_locali,129
ITC47,Provincia di Brescia,2018,10,industrie alimentari,unita_locali,896
ITC47,Provincia di Brescia,2018,11,industria delle bevande,unita_locali,80
ITC47,Provincia di Brescia,2018,13,industrie tessili,unita_locali,311
ITC47,Provincia di Brescia,2018,14,"confezione di articoli di abbigliamento, confezione di articoli in pelle e pelliccia",unita_locali,843
ITC47,Provincia di Brescia,2018,15,fabbricazione di articoli in pelle e simili,unita_locali,104
ITC47,Provincia di Brescia,2018,16,"industria del legno e dei prodotti in legno e sughero (esclusi i mobili), fabbricazione di articoli in paglia e materiali da intreccio",unita_locali,737
ITC47,Provincia di Brescia,2018,17,fabbricazione di carta e di prodotti di carta,unita_locali,115
ITC47,Provincia di Brescia,2018,18,stampa e riproduzione di supporti registrati,unita_locali,280
ITC47,Provincia di Brescia,2018,19,fabbricazione di coke e prodotti derivanti dalla raffinazione del petrolio,unita_locali,8
ITC47,Provincia di Brescia,2018,20,fabbricazione di prodotti chimici,unita_locali,131
ITC47,Provincia di Brescia,2018,21,fabbricazione di prodotti farmaceutici di base e di preparati farmaceutici,unita_locali,6
ITC47,Provincia di Brescia,2018,22,fabbricazione di articoli in gomma e materie plastiche,unita_locali,511
ITC47,Provincia di Brescia,2018,23,fabbricazione di altri prodotti della lavorazione di minerali non metalliferi,unita_locali,429
ITC47,Provincia di Brescia,2018,24,metallurgia,unita_locali,405
ITC47,Provincia di Brescia,2018,25,fabbricazione di prodotti in metallo (esclusi macchinari e attrezzature),unita_locali,4140
ITC47,Provincia di Brescia,2018,26,"fabbricazione di computer e prodotti di elettronica e ottica, apparecchi elettromedicali, apparecchi di misurazione e di orologi",unita_locali,162
ITC47,Provincia di Brescia,2018,27,fabbricazione di apparecchiature elettriche ed apparecchiature per uso domestico non elettriche,unita_locali,411
ITC47,Provincia di Brescia,2018,28,fabbricazione di macchinari ed apparecchiature nca,unita_locali,1263
ITC47,Provincia di Brescia,2018,29,"fabbricazione di autoveicoli, rimorchi e semirimorchi",unita_locali,150
ITC47,Provincia di Brescia,2018,30,fabbricazione di altri mezzi di trasporto,unita_locali,95
ITC47,Provincia di Brescia,2018,31,fabbricazione di mobili,unita_locali,371
ITC47,Provincia di Brescia,2018,32,altre industrie manifatturiere,unita_locali,557
ITC47,Provincia di Brescia,2018,33,"riparazione, manutenzione ed installazione di macchine ed apparecchiature",unita_locali,1325
ITC47,Provincia di Brescia,2018,35,"fornitura di energia elettrica, gas, vapore e aria condizionata",unita_locali,313
ITC47,Provincia di Brescia,2018,36,"raccolta, trattamento e fornitura di acqua",unita_locali,23
ITC47,Provincia di Brescia,2018,37,gestione delle reti fognarie,unita_locali,20
ITC47,Provincia di Brescia,2018,38,"attività di raccolta, trattamento e smaltimento dei rifiuti recupero dei materiali",unita_locali,277
ITC47,Provincia di Brescia,2018,39,attività di risanamento e altri servizi di gestione dei rifiuti,unita_locali,33
ITC47,Provincia di Brescia,2018,41,costruzione di edifici,unita_locali,3046
ITC47,Provincia di Brescia,2018,42,ingegneria civile,unita_locali,124
ITC47,Provincia di Brescia,2018,43,lavori di costruzione specializzati,unita_locali,9881
ITC47,Provincia di Brescia,2018,45,commercio all'ingrosso e al dettaglio e riparazione di autoveicoli e motocicli,unita_locali,2823
ITC47,Provincia di Brescia,2018,46,commercio all'ingrosso (escluso quello di autoveicoli e di motocicli),unita_locali,9154
ITC47,Provincia di Brescia,2018,47,commercio al dettaglio (escluso quello di autoveicoli e di motocicli),unita_locali,12200
ITC47,Provincia di Brescia,2018,49,trasporto terrestre e trasporto mediante condotte,unita_locali,2069
ITC47,Provincia di Brescia,2018,50,trasporto marittimo e per vie d'acqua,unita_locali,32
ITC47,Provincia di Brescia,2018,51,trasporto aereo,unita_locali,7
ITC47,Provincia di Brescia,2018,52,magazzinaggio e attività di supporto ai trasporti,unita_locali,410
ITC47,Provincia di Brescia,2018,53,servizi postali e attività di corriere,unita_locali,287
ITC47,Provincia di Brescia,2018,55,alloggio,unita_locali,1009
ITC47,Provincia di Brescia,2018,56,attività dei servizi di ristorazione,unita_locali,6899
ITC47,Provincia di Brescia,2018,58,attività editoriali,unita_locali,63
ITC47,Provincia di Brescia,2018,59,"attività di produzione cinematografica, di video e di programmi televisivi, di registrazioni musicali e sonore",unita_locali,97
ITC47,Provincia di Brescia,2018,60,attività di programmazione e trasmissione,unita_locali,14
ITC47,Provincia di Brescia,2018,61,telecomunicazioni,unita_locali,122
ITC47,Provincia di Brescia,2018,62,"produzione di software, consulenza informatica e attività connesse",unita_locali,1266
ITC47,Provincia di Brescia,2018,63,attività dei servizi d'informazione e altri servizi informatici,unita_locali,1029
ITC47,Provincia di Brescia,2018,64,attività di servizi finanziari (escluse le assicurazioni e i fondi pensione),unita_locali,1154
ITC47,Provincia di Brescia,2018,65,"assicurazioni, riassicurazioni e fondi pensione (escluse le assicurazioni sociali obbligatorie)",unita_locali,24
ITC47,Provincia di Brescia,2018,66,attività ausiliarie dei servizi finanziari e delle attività assicurative,unita_locali,2488
ITC47,Provincia di Brescia,2018,68,attività immobiliari,unita_locali,7154
ITC47,Provincia di Brescia,2018,69,attività legali e contabilità,unita_locali,5204
ITC47,Provincia di Brescia,2018,70,attività di direzione aziendale e di consulenza gestionale,unita_locali,1909
ITC47,Provincia di Brescia,2018,71,"attività degli studi di architettura e d'ingegneria, collaudi ed analisi tecniche",unita_locali,5265
ITC47,Provincia di Brescia,2018,72,ricerca scientifica e sviluppo,unita_locali,166
ITC47,Provincia di Brescia,2018,73,pubblicità e ricerche di mercato,unita_locali,591
ITC47,Provincia di Brescia,2018,74,"altre attività professionali, scientifiche e tecniche",unita_locali,3626
ITC47,Provincia di Brescia,2018,75,servizi veterinari,unita_locali,322
ITC47,Provincia di Brescia,2018,77,attività di noleggio e leasing operativo,unita_locali,359
ITC47,Provincia di Brescia,2018,78,"attività di ricerca, selezione, fornitura di personale",unita_locali,289
ITC47,Provincia di Brescia,2018,79,"attività dei servizi delle agenzie di viaggio, dei tour operator e servizi di prenotazione e attività connesse",unita_locali,291
ITC47,Provincia di Brescia,2018,80,servizi di vigilanza e investigazione,unita_locali,48
ITC47,Provincia di Brescia,2018,81,attività di servizi per edifici e paesaggio,unita_locali,1275
ITC47,Provincia di Brescia,2018,82,attività di supporto per le funzioni d'ufficio e altri servizi di supporto alle imprese,unita_locali,1422
ITC47,Provincia di Brescia,2018,85,istruzione,unita_locali,721
ITC47,Provincia di Brescia,2018,86,assistenza sanitaria,unita_locali,6465
ITC47,Provincia di Brescia,2018,87,servizi di assistenza sociale residenziale,unita_locali,97
ITC47,Provincia di Brescia,2018,88,assistenza sociale non residenziale,unita_locali,224
ITC47,Provincia di Brescia,2018,90,"attività creative, artistiche e di intrattenimento",unita_locali,518
ITC47,Provincia di Brescia,2018,91,"attività di biblioteche, archivi, musei ed altre attività culturali",unita_locali,20
ITC47,Provincia di Brescia,2018,92,"attività riguardanti le lotterie, le scommesse, le case da gioco",unita_locali,223
ITC47,Provincia di Brescia,2018,93,"attività sportive, di intrattenimento e di divertimento",unita_locali,584
ITC47,Provincia di Brescia,2018,95,riparazione di computer e di beni per uso personale e per la casa,unita_locali,619
ITC47,Provincia di Brescia,2018,96,altre attività di servizi per la persona,unita_locali,4492
ITC47,Provincia di Brescia,2019,08,altre attività di estrazione di minerali da cave e miniere,unita_locali,131
ITC47,Provincia di Brescia,2019,10,industrie alimentari,unita_locali,881
ITC47,Provincia di Brescia,2019,11,industria delle bevande,unita_locali,80
ITC47,Provincia di Brescia,2019,13,industrie tessili,unita_locali,293
ITC47,Provincia di Brescia,2019,14,"confezione di articoli di abbigliamento, confezione di articoli in pelle e pelliccia",unita_locali,873
ITC47,Provincia di Brescia,2019,15,fabbricazione di articoli in pelle e simili,unita_locali,109
ITC47,Provincia di Brescia,2019,16,"industria del legno e dei prodotti in legno e sughero (esclusi i mobili), fabbricazione di articoli in paglia e materiali da intreccio",unita_locali,690
ITC47,Provincia di Brescia,2019,17,fabbricazione di carta e di prodotti di carta,unita_locali,111
ITC47,Provincia di Brescia,2019,18,stampa e riproduzione di supporti registrati,unita_locali,274
ITC47,Provincia di Brescia,2019,19,fabbricazione di coke e prodotti derivanti dalla raffinazione del petrolio,unita_locali,10
ITC47,Provincia di Brescia,2019,20,fabbricazione di prodotti chimici,unita_locali,133
ITC47,Provincia di Brescia,2019,21,fabbricazione di prodotti farmaceutici di base e di preparati farmaceutici,unita_locali,7
ITC47,Provincia di Brescia,2019,22,fabbricazione di articoli in gomma e materie plastiche,unita_locali,526
ITC47,Provincia di Brescia,2019,23,fabbricazione di altri prodotti della lavorazione di minerali non metalliferi,unita_locali,420
ITC47,Provincia di Brescia,2019,24,metallurgia,unita_locali,406
ITC47,Provincia di Brescia,2019,25,fabbricazione di prodotti in metallo (esclusi macchinari e attrezzature),unita_locali,4107
ITC47,Provincia di Brescia,2019,26,"fabbricazione di computer e prodotti di elettronica e ottica, apparecchi elettromedicali, apparecchi di misurazione e di orologi",unita_locali,168
ITC47,Provincia di Brescia,2019,27,fabbricazione di apparecchiature elettriche ed apparecchiature per uso domestico non elettriche,unita_locali,434
ITC47,Provincia di Brescia,2019,28,fabbricazione di macchinari ed apparecchiature nca,unita_locali,1305
ITC47,Provincia di Brescia,2019,29,"fabbricazione di autoveicoli, rimorchi e semirimorchi",unita_locali,146
ITC47,Provincia di Brescia,2019,30,fabbricazione di altri mezzi di trasporto,unita_locali,93
ITC47,Provincia di Brescia,2019,31,fabbricazione di mobili,unita_locali,345
ITC47,Provincia di Brescia,2019,32,altre industrie manifatturiere,unita_locali,563
ITC47,Provincia di Brescia,2019,33,"riparazione, manutenzione ed installazione di macchine ed apparecchiature",unita_locali,1390
ITC47,Provincia di Brescia,2019,35,"fornitura di energia elettrica, gas, vapore e aria condizionata",unita_locali,334
ITC47,Provincia di Brescia,2019,36,"raccolta, trattamento e fornitura di acqua",unita_locali,20
ITC47,Provincia di Brescia,2019,37,gestione delle reti fognarie,unita_locali,23
ITC47,Provincia di Brescia,2019,38,"attività di raccolta, trattamento e smaltimento dei rifiuti recupero dei materiali",unita_locali,277
ITC47,Provincia di Brescia,2019,39,attività di risanamento e altri servizi di gestione dei rifiuti,unita_locali,26
ITC47,Provincia di Brescia,2019,41,costruzione di edifici,unita_locali,2989
ITC47,Provincia di Brescia,2019,42,ingegneria civile,unita_locali,128
ITC47,Provincia di Brescia,2019,43,lavori di costruzione specializzati,unita_locali,9825
ITC47,Provincia di Brescia,2019,45,commercio all'ingrosso e al dettaglio e riparazione di autoveicoli e motocicli,unita_locali,3001
ITC47,Provincia di Brescia,2019,46,commercio all'ingrosso (escluso quello di autoveicoli e di motocicli),unita_locali,9048
ITC47,Provincia di Brescia,2019,47,commercio al dettaglio (escluso quello di autoveicoli e di motocicli),unita_locali,11833
ITC47,Provincia di Brescia,2019,49,trasporto terrestre e trasporto mediante condotte,unita_locali,2106
ITC47,Provincia di Brescia,2019,50,trasporto marittimo e per vie d'acqua,unita_locali,28
ITC47,Provincia di Brescia,2019,51,trasporto aereo,unita_locali,6
ITC47,Provincia di Brescia,2019,52,magazzinaggio e attività di supporto ai trasporti,unita_locali,409
ITC47,Provincia di Brescia,2019,53,servizi postali e attività di corriere,unita_locali,293
ITC47,Provincia di Brescia,2019,55,alloggio,unita_locali,1061
ITC47,Provincia di Brescia,2019,56,attività dei servizi di ristorazione,unita_locali,6954
ITC47,Provincia di Brescia,2019,58,attività editoriali,unita_locali,63
ITC47,Provincia di Brescia,2019,59,"attività di produzione cinematografica, di video e di programmi televisivi, di registrazioni musicali e sonore",unita_locali,104
ITC47,Provincia di Brescia,2019,60,attività di programmazione e trasmissione,unita_locali,14
ITC47,Provincia di Brescia,2019,61,telecomunicazioni,unita_locali,129
ITC47,Provincia di Brescia,2019,62,"produzione di software, consulenza informatica e attività connesse",unita_locali,1316
ITC47,Provincia di Brescia,2019,63,attività dei servizi d'informazione e altri servizi informatici,unita_locali,1012
ITC47,Provincia di Brescia,2019,64,attività di servizi finanziari (escluse le assicurazioni e i fondi pensione),unita_locali,1149
ITC47,Provincia di Brescia,2019,65,"assicurazioni, riassicurazioni e fondi pensione (escluse le assicurazioni sociali obbligatorie)",unita_locali,22
ITC47,Provincia di Brescia,2019,66,attività ausiliarie dei servizi finanziari e delle attività assicurative,unita_locali,2271
ITC47,Provincia di Brescia,2019,68,attività immobiliari,unita_locali,7120
ITC47,Provincia di Brescia,2019,69,attività legali e contabilità,unita_locali,4900
ITC47,Provincia di Brescia,2019,70,attività di direzione aziendale e di consulenza gestionale,unita_locali,2064
ITC47,Provincia di Brescia,2019,71,"attività degli studi di architettura e d'ingegneria, collaudi ed analisi tecniche",unita_locali,4824
ITC47,Provincia di Brescia,2019,72,ricerca scientifica e sviluppo,unita_locali,167
ITC47,Provincia di Brescia,2019,73,pubblicità e ricerche di mercato,unita_locali,602
ITC47,Provincia di Brescia,2019,74,"altre attività professionali, scientifiche e tecniche",unita_locali,3637
ITC47,Provincia di Brescia,2019,75,servizi veterinari,unita_locali,317
ITC47,Provincia di Brescia,2019,77,attività di noleggio e leasing operativo,unita_locali,369
ITC47,Provincia di Brescia,2019,78,"attività di ricerca, selezione, fornitura di personale",unita_locali,273
ITC47,Provincia di Brescia,2019,79,"attività dei servizi delle agenzie di viaggio, dei tour operator e servizi di prenotazione e attività connesse",unita_locali,286
ITC47,Provincia di Brescia,2019,80,servizi di vigilanza e investigazione,unita_locali,51
ITC47,Provincia di Brescia,2019,81,attività di servizi per edifici e paesaggio,unita_locali,1260
ITC47,Provincia di Brescia,2019,82,attività di supporto per le funzioni d'ufficio e altri servizi di supporto alle imprese,unita_locali,1420
ITC47,Provincia di Brescia,2019,85,istruzione,unita_locali,734
ITC47,Provincia di Brescia,2019,86,assistenza sanitaria,unita_locali,6164
ITC47,Provincia di Brescia,2019,87,servizi di assistenza sociale residenziale,unita_locali,84
ITC47,Provincia di Brescia,2019,88,assistenza sociale non residenziale,unita_locali,234
ITC47,Provincia di Brescia,2019,90,"attività creative, artistiche e di intrattenimento",unita_locali,516
ITC47,Provincia di Brescia,2019,91,"attività di biblioteche, archivi, musei ed altre attività culturali",unita_locali,22
ITC47,Provincia di Brescia,2019,92,"attività riguardanti le lotterie, le scommesse, le case da gioco",unita_locali,222
ITC47,Provincia di Brescia,2019,93,"attività sportive, di intrattenimento e di divertimento",unita_locali,618
ITC47,Provincia di Brescia,2019,95,riparazione di computer e di beni per uso personale e per la casa,unita_locali,581
ITC47,Provincia di Brescia,2019,96,altre attività di servizi per la persona,unita_locali,4354
ITC47,Provincia di Brescia,2020,08,altre attività di estrazione di minerali da cave e miniere,unita_locali,125
ITC47,Provincia di Brescia,2020,09,attività dei servizi di supporto all'estrazione,unita_locali,2
ITC47,Provincia di Brescia,2020,10,industrie alimentari,unita_locali,872
ITC47,Provincia di Brescia,2020,11,industria delle bevande,unita_locali,81
ITC47,Provincia di Brescia,2020,13,industrie tessili,unita_locali,291
ITC47,Provincia di Brescia,2020,14,"confezione di articoli di abbigliamento, confezione di articoli in pelle e pelliccia",unita_locali,822
ITC47,Provincia di Brescia,2020,15,fabbricazione di articoli in pelle e simili,unita_locali,101
ITC47,Provincia di Brescia,2020,16,"industria del legno e dei prodotti in legno e sughero (esclusi i mobili), fabbricazione di articoli in paglia e materiali da intreccio",unita_locali,630
ITC47,Provincia di Brescia,2020,17,fabbricazione di carta e di prodotti di carta,unita_locali,108
ITC47,Provincia di Brescia,2020,18,stampa e riproduzione di supporti registrati,unita_locali,259
ITC47,Provincia di Brescia,2020,19,fabbricazione di coke e prodotti derivanti dalla raffinazione del petrolio,unita_locali,11
ITC47,Provincia di Brescia,2020,20,fabbricazione di prodotti chimici,unita_locali,134
ITC47,Provincia di Brescia,2020,21,fabbricazione di prodotti farmaceutici di base e di preparati farmaceutici,unita_locali,9
ITC47,Provincia di Brescia,2020,22,fabbricazione di articoli in gomma e materie plastiche,unita_locali,524
ITC47,Provincia di Brescia,2020,23,fabbricazione di altri prodotti della lavorazione di minerali non metalliferi,unita_locali,406
ITC47,Provincia di Brescia,2020,24,metallurgia,unita_locali,396
ITC47,Provincia di Brescia,2020,25,fabbricazione di prodotti in metallo (esclusi macchinari e attrezzature),unita_locali,4421
ITC47,Provincia di Brescia,2020,26,"fabbricazione di computer e prodotti di elettronica e ottica, apparecchi elettromedicali, apparecchi di misurazione e di orologi",unita_locali,177
ITC47,Provincia di Brescia,2020,27,fabbricazione di apparecchiature elettriche ed apparecchiature per uso domestico non elettriche,unita_locali,417
ITC47,Provincia di Brescia,2020,28,fabbricazione di macchinari ed apparecchiature nca,unita_locali,1168
ITC47,Provincia di Brescia,2020,29,"fabbricazione di autoveicoli, rimorchi e semirimorchi",unita_locali,160
ITC47,Provincia di Brescia,2020,30,fabbricazione di altri mezzi di trasporto,unita_locali,92
ITC47,Provincia di Brescia,2020,31,fabbricazione di mobili,unita_locali,315
ITC47,Provincia di Brescia,2020,32,altre industrie manifatturiere,unita_locali,562
ITC47,Provincia di Brescia,2020,33,"riparazione, manutenzione ed installazione di macchine ed apparecchiature",unita_locali,1267
ITC47,Provincia di Brescia,2020,35,"fornitura di energia elettrica, gas, vapore e aria condizionata",unita_locali,321
ITC47,Provincia di Brescia,2020,36,"raccolta, trattamento e fornitura di acqua",unita_locali,20
ITC47,Provincia di Brescia,2020,37,gestione delle reti fognarie,unita_locali,23
ITC47,Provincia di Brescia,2020,38,"attività di raccolta, trattamento e smaltimento dei rifiuti recupero dei materiali",unita_locali,288
ITC47,Provincia di Brescia,2020,39,attività di risanamento e altri servizi di gestione dei rifiuti,unita_locali,29
ITC47,Provincia di Brescia,2020,41,costruzione di edifici,unita_locali,2988
ITC47,Provincia di Brescia,2020,42,ingegneria civile,unita_locali,146
ITC47,Provincia di Brescia,2020,43,lavori di costruzione specializzati,unita_locali,10136
ITC47,Provincia di Brescia,2020,45,commercio all'ingrosso e al dettaglio e riparazione di autoveicoli e motocicli,unita_locali,2945
ITC47,Provincia di Brescia,2020,46,commercio all'ingrosso (escluso quello di autoveicoli e di motocicli),unita_locali,9057
ITC47,Provincia di Brescia,2020,47,commercio al dettaglio (escluso quello di autoveicoli e di motocicli),unita_locali,11561
ITC47,Provincia di Brescia,2020,49,trasporto terrestre e trasporto mediante condotte,unita_locali,2099
ITC47,Provincia di Brescia,2020,50,trasporto marittimo e per vie d'acqua,unita_locali,28
ITC47,Provincia di Brescia,2020,51,trasporto aereo,unita_locali,6
ITC47,Provincia di Brescia,2020,52,magazzinaggio e attività di supporto ai trasporti,unita_locali,405
ITC47,Provincia di Brescia,2020,53,servizi postali e attività di corriere,unita_locali,282
ITC47,Provincia di Brescia,2020,55,alloggio,unita_locali,1053
ITC47,Provincia di Brescia,2020,56,attività dei servizi di ristorazione,unita_locali,6869
ITC47,Provincia di Brescia,2020,58,attività editoriali,unita_locali,55
ITC47,Provincia di Brescia,2020,59,"attività di produzione cinematografica, di video e di programmi televisivi, di registrazioni musicali e sonore",unita_locali,105
ITC47,Provincia di Brescia,2020,60,attività di programmazione e trasmissione,unita_locali,17
ITC47,Provincia di Brescia,2020,61,telecomunicazioni,unita_locali,124
ITC47,Provincia di Brescia,2020,62,"produzione di software, consulenza informatica e attività connesse",unita_locali,1365
ITC47,Provincia di Brescia,2020,63,attività dei servizi d'informazione e altri servizi informatici,unita_locali,1028
ITC47,Provincia di Brescia,2020,64,attività di servizi finanziari (escluse le assicurazioni e i fondi pensione),unita_locali,1159
ITC47,Provincia di Brescia,2020,65,"assicurazioni, riassicurazioni e fondi pensione (escluse le assicurazioni sociali obbligatorie)",unita_locali,22
ITC47,Provincia di Brescia,2020,66,attività ausiliarie dei servizi finanziari e delle attività assicurative,unita_locali,2416
ITC47,Provincia di Brescia,2020,68,attività immobiliari,unita_locali,7182
ITC47,Provincia di Brescia,2020,69,attività legali e contabilità,unita_locali,5152
ITC47,Provincia di Brescia,2020,70,attività di direzione aziendale e di consulenza gestionale,unita_locali,2275
ITC47,Provincia di Brescia,2020,71,"attività degli studi di architettura e d'ingegneria, collaudi ed analisi tecniche",unita_locali,5166
ITC47,Provincia di Brescia,2020,72,ricerca scientifica e sviluppo,unita_locali,195
ITC47,Provincia di Brescia,2020,73,pubblicità e ricerche di mercato,unita_locali,667
ITC47,Provincia di Brescia,2020,74,"altre attività professionali, scientifiche e tecniche",unita_locali,3778
ITC47,Provincia di Brescia,2020,75,servizi veterinari,unita_locali,343
ITC47,Provincia di Brescia,2020,77,attività di noleggio e leasing operativo,unita_locali,379
ITC47,Provincia di Brescia,2020,78,"attività di ricerca, selezione, fornitura di personale",unita_locali,1078
ITC47,Provincia di Brescia,2020,79,"attività dei servizi delle agenzie di viaggio, dei tour operator e servizi di prenotazione e attività connesse",unita_locali,257
ITC47,Provincia di Brescia,2020,80,servizi di vigilanza e investigazione,unita_locali,54
ITC47,Provincia di Brescia,2020,81,attività di servizi per edifici e paesaggio,unita_locali,1657
ITC47,Provincia di Brescia,2020,82,attività di supporto per le funzioni d'ufficio e altri servizi di supporto alle imprese,unita_locali,1412
ITC47,Provincia di Brescia,2020,85,istruzione,unita_locali,736
ITC47,Provincia di Brescia,2020,86,assistenza sanitaria,unita_locali,6762
ITC47,Provincia di Brescia,2020,87,servizi di assistenza sociale residenziale,unita_locali,102
ITC47,Provincia di Brescia,2020,88,assistenza sociale non residenziale,unita_locali,295
ITC47,Provincia di Brescia,2020,90,"attività creative, artistiche e di intrattenimento",unita_locali,524
ITC47,Provincia di Brescia,2020,91,"attività di biblioteche, archivi, musei ed altre attività culturali",unita_locali,22
ITC47,Provincia di Brescia,2020,92,"attività riguardanti le lotterie, le scommesse, le case da gioco",unita_locali,218
ITC47,Provincia di Brescia,2020,93,"attività sportive, di intrattenimento e di divertimento",unita_locali,591
ITC47,Provincia di Brescia,2020,95,riparazione di computer e di beni per uso personale e per la casa,unita_locali,579
ITC47,Provincia di Brescia,2020,96,altre attività di servizi per la persona,unita_locali,4484
ITC47,Provincia di Brescia,2021,08,altre attività di estrazione di minerali da cave e miniere,unita_locali,113
ITC47,Provincia di Brescia,2021,10,industrie alimentari,unita_locali,841
ITC47,Provincia di Brescia,2021,11,industria delle bevande,unita_locali,86
ITC47,Provincia di Brescia,2021,13,industrie tessili,unita_locali,275
ITC47,Provincia di Brescia,2021,14,"confezione di articoli di abbigliamento, confezione di articoli in pelle e pelliccia",unita_locali,783
ITC47,Provincia di Brescia,2021,15,fabbricazione di articoli in pelle e simili,unita_locali,102
ITC47,Provincia di Brescia,2021,16,"industria del legno e dei prodotti in legno e sughero (esclusi i mobili), fabbricazione di articoli in paglia e materiali da intreccio",unita_locali,612
ITC47,Provincia di Brescia,2021,17,fabbricazione di carta e di prodotti di carta,unita_locali,107
ITC47,Provincia di Brescia,2021,18,stampa e riproduzione di supporti registrati,unita_locali,255
ITC47,Provincia di Brescia,2021,19,fabbricazione di coke e prodotti derivanti dalla raffinazione del petrolio,unita_locali,10
ITC47,Provincia di Brescia,2021,20,fabbricazione di prodotti chimici,unita_locali,127
ITC47,Provincia di Brescia,2021,21,fabbricazione di prodotti farmaceutici di base e di preparati farmaceutici,unita_locali,8
ITC47,Provincia di Brescia,2021,22,fabbricazione di articoli in gomma e materie plastiche,unita_locali,501
ITC47,Provincia di Brescia,2021,23,fabbricazione di altri prodotti della lavorazione di minerali non metalliferi,unita_locali,399
ITC47,Provincia di Brescia,2021,24,metallurgia,unita_locali,386
ITC47,Provincia di Brescia,2021,25,fabbricazione di prodotti in metallo (esclusi macchinari e attrezzature),unita_locali,4390
ITC47,Provincia di Brescia,2021,26,"fabbricazione di computer e prodotti di elettronica e ottica, apparecchi elettromedicali, apparecchi di misurazione e di orologi",unita_locali,179
ITC47,Provincia di Brescia,2021,27,fabbricazione di apparecchiature elettriche ed apparecchiature per uso domestico non elettriche,unita_locali,419
ITC47,Provincia di Brescia,2021,28,fabbricazione di macchinari ed apparecchiature nca,unita_locali,1146
ITC47,Provincia di Brescia,2021,29,"fabbricazione di autoveicoli, rimorchi e semirimorchi",unita_locali,158
ITC47,Provincia di Brescia,2021,30,fabbricazione di altri mezzi di trasporto,unita_locali,93
ITC47,Provincia di Brescia,2021,31,fabbricazione di mobili,unita_locali,308
ITC47,Provincia di Brescia,2021,32,altre industrie manifatturiere,unita_locali,552
ITC47,Provincia di Brescia,2021,33,"riparazione, manutenzione ed installazione di macchine ed apparecchiature",unita_locali,1252
ITC47,Provincia di Brescia,2021,35,"fornitura di energia elettrica, gas, vapore e aria condizionata",unita_locali,324
ITC47,Provincia di Brescia,2021,36,"raccolta, trattamento e fornitura di acqua",unita_locali,23
ITC47,Provincia di Brescia,2021,37,gestione delle reti fognarie,unita_locali,22
ITC47,Provincia di Brescia,2021,38,"attività di raccolta, trattamento e smaltimento dei rifiuti recupero dei materiali",unita_locali,298
ITC47,Provincia di Brescia,2021,39,attività di risanamento e altri servizi di gestione dei rifiuti,unita_locali,31
ITC47,Provincia di Brescia,2021,41,costruzione di edifici,unita_locali,3318
ITC47,Provincia di Brescia,2021,42,ingegneria civile,unita_locali,181
ITC47,Provincia di Brescia,2021,43,lavori di costruzione specializzati,unita_locali,10723
ITC47,Provincia di Brescia,2021,45,commercio all'ingrosso e al dettaglio e riparazione di autoveicoli e motocicli,unita_locali,2876
ITC47,Provincia di Brescia,2021,46,commercio all'ingrosso (escluso quello di autoveicoli e di motocicli),unita_locali,8956
ITC47,Provincia di Brescia,2021,47,commercio al dettaglio (escluso quello di autoveicoli e di motocicli),unita_locali,11269
ITC47,Provincia di Brescia,2021,49,trasporto terrestre e trasporto mediante condotte,unita_locali,2088
ITC47,Provincia di Brescia,2021,50,trasporto marittimo e per vie d'acqua,unita_locali,30
ITC47,Provincia di Brescia,2021,51,trasporto aereo,unita_locali,5
ITC47,Provincia di Brescia,2021,52,magazzinaggio e attività di supporto ai trasporti,unita_locali,405
ITC47,Provincia di Brescia,2021,53,servizi postali e attività di corriere,unita_locali,296
ITC47,Provincia di Brescia,2021,55,alloggio,unita_locali,1046
ITC47,Provincia di Brescia,2021,56,attività dei servizi di ristorazione,unita_locali,6778
ITC47,Provincia di Brescia,2021,58,attività editoriali,unita_locali,55
ITC47,Provincia di Brescia,2021,59,"attività di produzione cinematografica, di video e di programmi televisivi, di registrazioni musicali e sonore",unita_locali,107
ITC47,Provincia di Brescia,2021,60,attività di programmazione e trasmissione,unita_locali,16
ITC47,Provincia di Brescia,2021,61,telecomunicazioni,unita_locali,113
ITC47,Provincia di Brescia,2021,62,"produzione di software, consulenza informatica e attività connesse",unita_locali,1428
ITC47,Provincia di Brescia,2021,63,attività dei servizi d'informazione e altri servizi informatici,unita_locali,1051
ITC47,Provincia di Brescia,2021,64,attività di servizi finanziari (escluse le assicurazioni e i fondi pensione),unita_locali,1121
ITC47,Provincia di Brescia,2021,65,"assicurazioni, riassicurazioni e fondi pensione (escluse le assicurazioni sociali obbligatorie)",unita_locali,18
ITC47,Provincia di Brescia,2021,66,attività ausiliarie dei servizi finanziari e delle attività assicurative,unita_locali,2419
ITC47,Provincia di Brescia,2021,68,attività immobiliari,unita_locali,7335
ITC47,Provincia di Brescia,2021,69,attività legali e contabilità,unita_locali,5252
ITC47,Provincia di Brescia,2021,70,attività di direzione aziendale e di consulenza gestionale,unita_locali,2555
ITC47,Provincia di Brescia,2021,71,"attività degli studi di architettura e d'ingegneria, collaudi ed analisi tecniche",unita_locali,5509
ITC47,Provincia di Brescia,2021,72,ricerca scientifica e sviluppo,unita_locali,223
ITC47,Provincia di Brescia,2021,73,pubblicità e ricerche di mercato,unita_locali,783
ITC47,Provincia di Brescia,2021,74,"altre attività professionali, scientifiche e tecniche",unita_locali,4028
ITC47,Provincia di Brescia,2021,75,servizi veterinari,unita_locali,362
ITC47,Provincia di Brescia,2021,77,attività di noleggio e leasing operativo,unita_locali,366
ITC47,Provincia di Brescia,2021,78,"attività di ricerca, selezione, fornitura di personale",unita_locali,1192
ITC47,Provincia di Brescia,2021,79,"attività dei servizi delle agenzie di viaggio, dei tour operator e servizi di prenotazione e attività connesse",unita_locali,240
ITC47,Provincia di Brescia,2021,80,servizi di vigilanza e investigazione,unita_locali,77
ITC47,Provincia di Brescia,2021,81,attività di servizi per edifici e paesaggio,unita_locali,1936
ITC47,Provincia di Brescia,2021,82,attività di supporto per le funzioni d'ufficio e altri servizi di supporto alle imprese,unita_locali,1460
ITC47,Provincia di Brescia,2021,85,istruzione,unita_locali,783
ITC47,Provincia di Brescia,2021,86,assistenza sanitaria,unita_locali,7384
ITC47,Provincia di Brescia,2021,87,servizi di assistenza sociale residenziale,unita_locali,126
ITC47,Provincia di Brescia,2021,88,assistenza sociale non residenziale,unita_locali,346
ITC47,Provincia di Brescia,2021,90,"attività creative, artistiche e di intrattenimento",unita_locali,604
ITC47,Provincia di Brescia,2021,91,"attività di biblioteche, archivi, musei ed altre attività culturali",unita_locali,23
ITC47,Provincia di Brescia,2021,92,"attività riguardanti le lotterie, le scommesse, le case da gioco",unita_locali,209
ITC47,Provincia di Brescia,2021,93,"attività sportive, di intrattenimento e di divertimento",unita_locali,598
ITC47,Provincia di Brescia,2021,95,riparazione di computer e di beni per uso personale e per la casa,unita_locali,586
ITC47,Provincia di Brescia,2021,96,altre attività di servizi per la persona,unita_locali,4439
ITC47,Provincia di Brescia,2022,08,altre attività di estrazione di minerali da cave e miniere,unita_locali,108
ITC47,Provincia di Brescia,2022,10,industrie alimentari,unita_locali,830
ITC47,Provincia di Brescia,2022,11,industria delle bevande,unita_locali,85
ITC47,Provincia di Brescia,2022,13,industrie tessili,unita_locali,279
ITC47,Provincia di Brescia,2022,14,"confezione di articoli di abbigliamento, confezione di articoli in pelle e pelliccia",unita_locali,781
ITC47,Provincia di Brescia,2022,15,fabbricazione di articoli in pelle e simili,unita_locali,99
ITC47,Provincia di Brescia,2022,16,"industria del legno e dei prodotti in legno e sughero (esclusi i mobili), fabbricazione di articoli in paglia e materiali da intreccio",unita_locali,646
ITC47,Provincia di Brescia,2022,17,fabbricazione di carta e di prodotti di carta,unita_locali,103
ITC47,Provincia di Brescia,2022,18,stampa e riproduzione di supporti registrati,unita_locali,249
ITC47,Provincia di Brescia,2022,19,fabbricazione di coke e prodotti derivanti dalla raffinazione del petrolio,unita_locali,11
ITC47,Provincia di Brescia,2022,20,fabbricazione di prodotti chimici,unita_locali,138
ITC47,Provincia di Brescia,2022,21,fabbricazione di prodotti farmaceutici di base e di preparati farmaceutici,unita_locali,10
ITC47,Provincia di Brescia,2022,22,fabbricazione di articoli in gomma e materie plastiche,unita_locali,497
ITC47,Provincia di Brescia,2022,23,fabbricazione di altri prodotti della lavorazione di minerali non metalliferi,unita_locali,406
ITC47,Provincia di Brescia,2022,24,metallurgia,unita_locali,377
ITC47,Provincia di Brescia,2022,25,fabbricazione di prodotti in metallo (esclusi macchinari e attrezzature),unita_locali,4434
ITC47,Provincia di Brescia,2022,26,"fabbricazione di computer e prodotti di elettronica e ottica, apparecchi elettromedicali, apparecchi di misurazione e di orologi",unita_locali,182
ITC47,Provincia di Brescia,2022,27,fabbricazione di apparecchiature elettriche ed apparecchiature per uso domestico non elettriche,unita_locali,420
ITC47,Provincia di Brescia,2022,28,fabbricazione di macchinari ed apparecchiature nca,unita_locali,1151
ITC47,Provincia di Brescia,2022,29,"fabbricazione di autoveicoli, rimorchi e semirimorchi",unita_locali,165
ITC47,Provincia di Brescia,2022,30,fabbricazione di altri mezzi di trasporto,unita_locali,92
ITC47,Provincia di Brescia,2022,31,fabbricazione di mobili,unita_locali,302
ITC47,Provincia di Brescia,2022,32,altre industrie manifatturiere,unita_locali,573
ITC47,Provincia di Brescia,2022,33,"riparazione, manutenzione ed installazione di macchine ed apparecchiature",unita_locali,1287
ITC47,Provincia di Brescia,2022,35,"fornitura di energia elettrica, gas, vapore e aria condizionata",unita_locali,351
ITC47,Provincia di Brescia,2022,36,"raccolta, trattamento e fornitura di acqua",unita_locali,25
ITC47,Provincia di Brescia,2022,37,gestione delle reti fognarie,unita_locali,25
ITC47,Provincia di Brescia,2022,38,"attività di raccolta, trattamento e smaltimento dei rifiuti recupero dei materiali",unita_locali,300
ITC47,Provincia di Brescia,2022,39,attività di risanamento e altri servizi di gestione dei rifiuti,unita_locali,33
ITC47,Provincia di Brescia,2022,41,costruzione di edifici,unita_locali,3567
ITC47,Provincia di Brescia,2022,42,ingegneria civile,unita_locali,227
ITC47,Provincia di Brescia,2022,43,lavori di costruzione specializzati,unita_locali,11258
ITC47,Provincia di Brescia,2022,45,commercio all'ingrosso e al dettaglio e riparazione di autoveicoli e motocicli,unita_locali,2984
ITC47,Provincia di Brescia,2022,46,commercio all'ingrosso (escluso quello di autoveicoli e di motocicli),unita_locali,8947
ITC47,Provincia di Brescia,2022,47,commercio al dettaglio (escluso quello di autoveicoli e di motocicli),unita_locali,11238
ITC47,Provincia di Brescia,2022,49,trasporto terrestre e trasporto mediante condotte,unita_locali,2134
ITC47,Provincia di Brescia,2022,50,trasporto marittimo e per vie d'acqua,unita_locali,29
ITC47,Provincia di Brescia,2022,51,trasporto aereo,unita_locali,2
ITC47,Provincia di Brescia,2022,52,magazzinaggio e attività di supporto ai trasporti,unita_locali,436
ITC47,Provincia di Brescia,2022,53,servizi postali e attività di corriere,unita_locali,298
ITC47,Provincia di Brescia,2022,55,alloggio,unita_locali,1083
ITC47,Provincia di Brescia,2022,56,attività dei servizi di ristorazione,unita_locali,6933
ITC47,Provincia di Brescia,2022,58,attività editoriali,unita_locali,54
ITC47,Provincia di Brescia,2022,59,"attività di produzione cinematografica, di video e di programmi televisivi, di registrazioni musicali e sonore",unita_locali,114
ITC47,Provincia di Brescia,2022,60,attività di programmazione e trasmissione,unita_locali,20
ITC47,Provincia di Brescia,2022,61,telecomunicazioni,unita_locali,108
ITC47,Provincia di Brescia,2022,62,"produzione di software, consulenza informatica e attività connesse",unita_locali,1481
ITC47,Provincia di Brescia,2022,63,attività dei servizi d'informazione e altri servizi informatici,unita_locali,1108
ITC47,Provincia di Brescia,2022,64,attività di servizi finanziari (escluse le assicurazioni e i fondi pensione),unita_locali,1269
ITC47,Provincia di Brescia,2022,65,"assicurazioni, riassicurazioni e fondi pensione (escluse le assicurazioni sociali obbligatorie)",unita_locali,17
ITC47,Provincia di Brescia,2022,66,attività ausiliarie dei servizi finanziari e delle attività assicurative,unita_locali,2536
ITC47,Provincia di Brescia,2022,68,attività immobiliari,unita_locali,7415
ITC47,Provincia di Brescia,2022,69,attività legali e contabilità,unita_locali,5329
ITC47,Provincia di Brescia,2022,70,attività di direzione aziendale e di consulenza gestionale,unita_locali,2952
ITC47,Provincia di Brescia,2022,71,"attività degli studi di architettura e d'ingegneria, collaudi ed analisi tecniche",unita_locali,5752
ITC47,Provincia di Brescia,2022,72,ricerca scientifica e sviluppo,unita_locali,237
ITC47,Provincia di Brescia,2022,73,pubblicità e ricerche di mercato,unita_locali,878
ITC47,Provincia di Brescia,2022,74,"altre attività professionali, scientifiche e tecniche",unita_locali,4376
ITC47,Provincia di Brescia,2022,75,servizi veterinari,unita_locali,376
ITC47,Provincia di Brescia,2022,77,attività di noleggio e leasing operativo,unita_locali,360
ITC47,Provincia di Brescia,2022,78,"attività di ricerca, selezione, fornitura di personale",unita_locali,1403
ITC47,Provincia di Brescia,2022,79,"attività dei servizi delle agenzie di viaggio, dei tour operator e servizi di prenotazione e attività connesse",unita_locali,259
ITC47,Provincia di Brescia,2022,80,servizi di vigilanza e investigazione,unita_locali,62
ITC47,Provincia di Brescia,2022,81,attività di servizi per edifici e paesaggio,unita_locali,1948
ITC47,Provincia di Brescia,2022,82,attività di supporto per le funzioni d'ufficio e altri servizi di supporto alle imprese,unita_locali,1537
ITC47,Provincia di Brescia,2022,85,istruzione,unita_locali,921
ITC47,Provincia di Brescia,2022,86,assistenza sanitaria,unita_locali,7675
ITC47,Provincia di Brescia,2022,87,servizi di assistenza sociale residenziale,unita_locali,124
ITC47,Provincia di Brescia,2022,88,assistenza sociale non residenziale,unita_locali,353
ITC47,Provincia di Brescia,2022,90,"attività creative, artistiche e di intrattenimento",unita_locali,693
ITC47,Provincia di Brescia,2022,91,"attività di biblioteche, archivi, musei ed altre attività culturali",unita_locali,19
ITC47,Provincia di Brescia,2022,92,"attività riguardanti le lotterie, le scommesse, le case da gioco",unita_locali,210
ITC47,Provincia di Brescia,2022,93,"attività sportive, di intrattenimento e di divertimento",unita_locali,672
ITC47,Provincia di Brescia,2022,95,riparazione di computer e di beni per uso personale e per la casa,unita_locali,592
ITC47,Provincia di Brescia,2022,96,altre attività di servizi per la persona,unita_locali,4690
ITC47,Provincia di Brescia,2023,08,altre attività di estrazione di minerali da cave e miniere,unita_locali,97
ITC47,Provincia di Brescia,2023,10,industrie alimentari,unita_locali,811
ITC47,Provincia di Brescia,2023,11,industria delle bevande,unita_locali,77
ITC47,Provincia di Brescia,2023,13,industrie tessili,unita_locali,270
ITC47,Provincia di Brescia,2023,14,"confezione di articoli di abbigliamento, confezione di articoli in pelle e pelliccia",unita_locali,747
ITC47,Provincia di Brescia,2023,15,fabbricazione di articoli in pelle e simili,unita_locali,89
ITC47,Provincia di Brescia,2023,16,"industria del legno e dei prodotti in legno e sughero (esclusi i mobili), fabbricazione di articoli in paglia e materiali da intreccio",unita_locali,631
ITC47,Provincia di Brescia,2023,17,fabbricazione di carta e di prodotti di carta,unita_locali,102
ITC47,Provincia di Brescia,2023,18,stampa e riproduzione di supporti registrati,unita_locali,250
ITC47,Provincia di Brescia,2023,19,fabbricazione di coke e prodotti derivanti dalla raffinazione del petrolio,unita_locali,10
ITC47,Provincia di Brescia,2023,20,fabbricazione di prodotti chimici,unita_locali,139
ITC47,Provincia di Brescia,2023,21,fabbricazione di prodotti farmaceutici di base e di preparati farmaceutici,unita_locali,8
ITC47,Provincia di Brescia,2023,22,fabbricazione di articoli in gomma e materie plastiche,unita_locali,479
ITC47,Provincia di Brescia,2023,23,fabbricazione di altri prodotti della lavorazione di minerali non metalliferi,unita_locali,398
ITC47,Provincia di Brescia,2023,24,metallurgia,unita_locali,378
ITC47,Provincia di Brescia,2023,25,fabbricazione di prodotti in metallo (esclusi macchinari e attrezzature),unita_locali,4460
ITC47,Provincia di Brescia,2023,26,"fabbricazione di computer e prodotti di elettronica e ottica, apparecchi elettromedicali, apparecchi di misurazione e di orologi",unita_locali,166
ITC47,Provincia di Brescia,2023,27,fabbricazione di apparecchiature elettriche ed apparecchiature per uso domestico non elettriche,unita_locali,398
ITC47,Provincia di Brescia,2023,28,fabbricazione di macchinari ed apparecchiature nca,unita_locali,1123
ITC47,Provincia di Brescia,2023,29,"fabbricazione di autoveicoli, rimorchi e semirimorchi",unita_locali,165
ITC47,Provincia di Brescia,2023,30,fabbricazione di altri mezzi di trasporto,unita_locali,87
ITC47,Provincia di Brescia,2023,31,fabbricazione di mobili,unita_locali,275
ITC47,Provincia di Brescia,2023,32,altre industrie manifatturiere,unita_locali,550
ITC47,Provincia di Brescia,2023,33,"riparazione, manutenzione ed installazione di macchine ed apparecchiature",unita_locali,1304
ITC47,Provincia di Brescia,2023,35,"fornitura di energia elettrica, gas, vapore e aria condizionata",unita_locali,347
ITC47,Provincia di Brescia,2023,36,"raccolta, trattamento e fornitura di acqua",unita_locali,25
ITC47,Provincia di Brescia,2023,37,gestione delle reti fognarie,unita_locali,24
ITC47,Provincia di Brescia,2023,38,"attività di raccolta, trattamento e smaltimento dei rifiuti recupero dei materiali",unita_locali,283
ITC47,Provincia di Brescia,2023,39,attività di risanamento e altri servizi di gestione dei rifiuti,unita_locali,28
ITC47,Provincia di Brescia,2023,41,costruzione di edifici,unita_locali,3434
ITC47,Provincia di Brescia,2023,42,ingegneria civile,unita_locali,214
ITC47,Provincia di Brescia,2023,43,lavori di costruzione specializzati,unita_locali,11427
ITC47,Provincia di Brescia,2023,45,commercio all'ingrosso e al dettaglio e riparazione di autoveicoli e motocicli,unita_locali,2984
ITC47,Provincia di Brescia,2023,46,commercio all'ingrosso (escluso quello di autoveicoli e di motocicli),unita_locali,8813
ITC47,Provincia di Brescia,2023,47,commercio al dettaglio (escluso quello di autoveicoli e di motocicli),unita_locali,10928
ITC47,Provincia di Brescia,2023,49,trasporto terrestre e trasporto mediante condotte,unita_locali,2134
ITC47,Provincia di Brescia,2023,50,trasporto marittimo e per vie d'acqua,unita_locali,35
ITC47,Provincia di Brescia,2023,51,trasporto aereo,unita_locali,3
ITC47,Provincia di Brescia,2023,52,magazzinaggio e attività di supporto ai trasporti,unita_locali,426
ITC47,Provincia di Brescia,2023,53,servizi postali e attività di corriere,unita_locali,310
ITC47,Provincia di Brescia,2023,55,alloggio,unita_locali,1111
ITC47,Provincia di Brescia,2023,56,attività dei servizi di ristorazione,unita_locali,6891
ITC47,Provincia di Brescia,2023,58,attività editoriali,unita_locali,59
ITC47,Provincia di Brescia,2023,59,"attività di produzione cinematografica, di video e di programmi televisivi, di registrazioni musicali e sonore",unita_locali,124
ITC47,Provincia di Brescia,2023,60,attività di programmazione e trasmissione,unita_locali,18
ITC47,Provincia di Brescia,2023,61,telecomunicazioni,unita_locali,96
ITC47,Provincia di Brescia,2023,62,"produzione di software, consulenza informatica e attività connesse",unita_locali,1505
ITC47,Provincia di Brescia,2023,63,attività dei servizi d'informazione e altri servizi informatici,unita_locali,1112
ITC47,Provincia di Brescia,2023,64,attività di servizi finanziari (escluse le assicurazioni e i fondi pensione),unita_locali,1363
ITC47,Provincia di Brescia,2023,65,"assicurazioni, riassicurazioni e fondi pensione (escluse le assicurazioni sociali obbligatorie)",unita_locali,20
ITC47,Provincia di Brescia,2023,66,attività ausiliarie dei servizi finanziari e delle attività assicurative,unita_locali,2461
ITC47,Provincia di Brescia,2023,68,attività immobiliari,unita_locali,7463
ITC47,Provincia di Brescia,2023,69,attività legali e contabilità,unita_locali,5404
ITC47,Provincia di Brescia,2023,70,attività di direzione aziendale e di consulenza gestionale,unita_locali,3314
ITC47,Provincia di Brescia,2023,71,"attività degli studi di architettura e d'ingegneria, collaudi ed analisi tecniche",unita_locali,5760
ITC47,Provincia di Brescia,2023,72,ricerca scientifica e sviluppo,unita_locali,258
ITC47,Provincia di Brescia,2023,73,pubblicità e ricerche di mercato,unita_locali,935
ITC47,Provincia di Brescia,2023,74,"altre attività professionali, scientifiche e tecniche",unita_locali,4553
ITC47,Provincia di Brescia,2023,75,servizi veterinari,unita_locali,392
ITC47,Provincia di Brescia,2023,77,attività di noleggio e leasing operativo,unita_locali,368
ITC47,Provincia di Brescia,2023,78,"attività di ricerca, selezione, fornitura di personale",unita_locali,1449
ITC47,Provincia di Brescia,2023,79,"attività dei servizi delle agenzie di viaggio, dei tour operator e servizi di prenotazione e attività connesse",unita_locali,269
ITC47,Provincia di Brescia,2023,80,servizi di vigilanza e investigazione,unita_locali,78
ITC47,Provincia di Brescia,2023,81,attività di servizi per edifici e paesaggio,unita_locali,1987
ITC47,Provincia di Brescia,2023,82,attività di supporto per le funzioni d'ufficio e altri servizi di supporto alle imprese,unita_locali,1577
ITC47,Provincia di Brescia,2023,85,istruzione,unita_locali,1048
ITC47,Provincia di Brescia,2023,86,assistenza sanitaria,unita_locali,7989
ITC47,Provincia di Brescia,2023,87,servizi di assistenza sociale residenziale,unita_locali,121
ITC47,Provincia di Brescia,2023,88,assistenza sociale non residenziale,unita_locali,364
ITC47,Provincia di Brescia,2023,90,"attività creative, artistiche e di intrattenimento",unita_locali,765
ITC47,Provincia di Brescia,2023,91,"attività di biblioteche, archivi, musei ed altre attività culturali",unita_locali,18
ITC47,Provincia di Brescia,2023,92,"attività riguardanti le lotterie, le scommesse, le case da gioco",unita_locali,205
ITC47,Provincia di Brescia,2023,93,"attività sportive, di intrattenimento e di divertimento",unita_locali,701
ITC47,Provincia di Brescia,2023,95,riparazione di computer e di beni per uso personale e per la casa,unita_locali,613
ITC47,Provincia di Brescia,2023,96,altre attività di servizi per la persona,unita_locali,4745
