codice_istat,capoluogo,provincia,anno,classe_addetti,indicatore,valore
001272,Torino,Torino,2018,0-9,addetti,146593.5
001272,Torino,Torino,2018,10-49,addetti,66217.9
001272,Torino,Torino,2018,250+,addetti,89977.4
001272,Torino,Torino,2018,50-249,addetti,53759.2
001272,Torino,Torino,2018,totale,addetti,356548.0
001272,Torino,Torino,2019,0-9,addetti,146223.6
001272,Torino,Torino,2019,10-49,addetti,65069.9
001272,Torino,Torino,2019,250+,addetti,91551.2
001272,Torino,Torino,2019,50-249,addetti,53532.7
001272,Torino,Torino,2019,totale,addetti,356377.4
001272,Torino,Torino,2020,0-9,addetti,144686.2
001272,Torino,Torino,2020,10-49,addetti,58490.4
001272,Torino,Torino,2020,250+,addetti,83623.4
001272,Torino,Torino,2020,50-249,addetti,53845.0
001272,Torino,Torino,2020,totale,addetti,340645.0
001272,Torino,Torino,2021,0-9,addetti,145795.4
001272,Torino,Torino,2021,10-49,addetti,61053.9
001272,Torino,Torino,2021,250+,addetti,67192.7
001272,Torino,Torino,2021,50-249,addetti,56185.8
001272,Torino,Torino,2021,totale,addetti,330227.9
001272,Torino,Torino,2022,0-9,addetti,150201.8
001272,Torino,Torino,2022,10-49,addetti,63140.4
001272,Torino,Torino,2022,250+,addetti,66659.6
001272,Torino,Torino,2022,50-249,addetti,60027.0
001272,Torino,Torino,2022,totale,addetti,340029.0
001272,Torino,Torino,2023,0-9,addetti,150470.1
001272,Torino,Torino,2023,10-49,addetti,66997.2
001272,Torino,Torino,2023,250+,addetti,71628.6
001272,Torino,Torino,2023,50-249,addetti,62121.9
001272,Torino,Torino,2023,totale,addetti,351217.9
001272,Torino,Torino,2018,0-9,unita_locali,83855
001272,Torino,Torino,2018,10-49,unita_locali,3612
001272,Torino,Torino,2018,250+,unita_locali,121
001272,Torino,Torino,2018,50-249,unita_locali,548
001272,Torino,Torino,2018,totale,unita_locali,88136
001272,Torino,Torino,2019,0-9,unita_locali,83479
001272,Torino,Torino,2019,10-49,unita_locali,3526
001272,Torino,Torino,2019,250+,unita_locali,118
001272,Torino,Torino,2019,50-249,unita_locali,532
001272,Torino,Torino,2019,totale,unita_locali,87655
001272,Torino,Torino,2020,0-9,unita_locali,84792
001272,Torino,Torino,2020,10-49,unita_locali,3193
001272,Torino,Torino,2020,250+,unita_locali,105
001272,Torino,Torino,2020,50-249,unita_locali,533
001272,Torino,Torino,2020,totale,unita_locali,88623
001272,Torino,Torino,2021,0-9,unita_locali,86173
001272,Torino,Torino,2021,10-49,unita_locali,3360
001272,Torino,Torino,2021,250+,unita_locali,104
001272,Torino,Torino,2021,50-249,unita_locali,550
001272,Torino,Torino,2021,totale,unita_locali,90187
001272,Torino,Torino,2022,0-9,unita_locali,90237
001272,Torino,Torino,2022,10-49,unita_locali,3458
001272,Torino,Torino,2022,250+,unita_locali,100
001272,Torino,Torino,2022,50-249,unita_locali,591
001272,Torino,Torino,2022,totale,unita_locali,94386
001272,Torino,Torino,2023,0-9,unita_locali,90507
001272,Torino,Torino,2023,10-49,unita_locali,3705
001272,Torino,Torino,2023,250+,unita_locali,115
001272,Torino,Torino,2023,50-249,unita_locali,630
001272,Torino,Torino,2023,totale,unita_locali,94957
002158,Vercelli,Vercelli,2018,0-9,addetti,6614.0
002158,Vercelli,Vercelli,2018,10-49,addetti,2759.8
002158,Vercelli,Vercelli,2018,250+,addetti,914.1
002158,Vercelli,Vercelli,2018,50-249,addetti,2674.4
002158,Vercelli,Vercelli,2018,totale,addetti,12962.3
002158,Vercelli,Vercelli,2019,0-9,addetti,6534.3
002158,Vercelli,Vercelli,2019,10-49,addetti,3092.1
002158,Vercelli,Vercelli,2019,250+,addetti,706.8
002158,Vercelli,Vercelli,2019,50-249,addetti,2615.5
002158,Vercelli,Vercelli,2019,totale,addetti,12948.7
002158,Vercelli,Vercelli,2020,0-9,addetti,6685.2
002158,Vercelli,Vercelli,2020,10-49,addetti,3417.6
002158,Vercelli,Vercelli,2020,250+,addetti,1015.2
002158,Vercelli,Vercelli,2020,50-249,addetti,1714.7
002158,Vercelli,Vercelli,2020,totale,addetti,12832.8
002158,Vercelli,Vercelli,2021,0-9,addetti,6652.6
002158,Vercelli,Vercelli,2021,10-49,addetti,3483.1
002158,Vercelli,Vercelli,2021,250+,addetti,1396.5
002158,Vercelli,Vercelli,2021,50-249,addetti,1948.8
002158,Vercelli,Vercelli,2021,totale,addetti,13480.9
002158,Vercelli,Vercelli,2022,0-9,addetti,6704.2
002158,Vercelli,Vercelli,2022,10-49,addetti,3487.4
002158,Vercelli,Vercelli,2022,250+,addetti,946.6
002158,Vercelli,Vercelli,2022,50-249,addetti,2372.1
002158,Vercelli,Vercelli,2022,totale,addetti,13510.3
002158,Vercelli,Vercelli,2023,0-9,addetti,6879.4
002158,Vercelli,Vercelli,2023,10-49,addetti,3359.8
002158,Vercelli,Vercelli,2023,250+,addetti,1101.8
002158,Vercelli,Vercelli,2023,50-249,addetti,1937.8
002158,Vercelli,Vercelli,2023,totale,addetti,13278.8
002158,Vercelli,Vercelli,2018,0-9,unita_locali,3547
002158,Vercelli,Vercelli,2018,10-49,unita_locali,147
002158,Vercelli,Vercelli,2018,250+,unita_locali,3
002158,Vercelli,Vercelli,2018,50-249,unita_locali,24
002158,Vercelli,Vercelli,2018,totale,unita_locali,3721
002158,Vercelli,Vercelli,2019,0-9,unita_locali,3503
002158,Vercelli,Vercelli,2019,10-49,unita_locali,161
002158,Vercelli,Vercelli,2019,250+,unita_locali,2
002158,Vercelli,Vercelli,2019,50-249,unita_locali,25
002158,Vercelli,Vercelli,2019,totale,unita_locali,3691
002158,Vercelli,Vercelli,2020,0-9,unita_locali,3629
002158,Vercelli,Vercelli,2020,10-49,unita_locali,171
002158,Vercelli,Vercelli,2020,250+,unita_locali,3
002158,Vercelli,Vercelli,2020,50-249,unita_locali,17
002158,Vercelli,Vercelli,2020,totale,unita_locali,3820
002158,Vercelli,Vercelli,2021,0-9,unita_locali,3629
002158,Vercelli,Vercelli,2021,10-49,unita_locali,183
002158,Vercelli,Vercelli,2021,250+,unita_locali,4
002158,Vercelli,Vercelli,2021,50-249,unita_locali,22
002158,Vercelli,Vercelli,2021,totale,unita_locali,3838
002158,Vercelli,Vercelli,2022,0-9,unita_locali,3676
002158,Vercelli,Vercelli,2022,10-49,unita_locali,187
002158,Vercelli,Vercelli,2022,250+,unita_locali,2
002158,Vercelli,Vercelli,2022,50-249,unita_locali,25
002158,Vercelli,Vercelli,2022,totale,unita_locali,3890
002158,Vercelli,Vercelli,2023,0-9,unita_locali,3691
002158,Vercelli,Vercelli,2023,10-49,unita_locali,177
002158,Vercelli,Vercelli,2023,250+,unita_locali,3
002158,Vercelli,Vercelli,2023,50-249,unita_locali,22
002158,Vercelli,Vercelli,2023,totale,unita_locali,3893
003106,Novara,Novara,2018,0-9,addetti,14477.0
003106,Novara,Novara,2018,10-49,addetti,7109.5
003106,Novara,Novara,2018,250+,addetti,4884.3
003106,Novara,Novara,2018,50-249,addetti,7361.5
003106,Novara,Novara,2018,totale,addetti,33832.2
003106,Novara,Novara,2019,0-9,addetti,14206.9
003106,Novara,Novara,2019,10-49,addetti,7566.6
003106,Novara,Novara,2019,250+,addetti,5002.5
003106,Novara,Novara,2019,50-249,addetti,7190.2
003106,Novara,Novara,2019,totale,addetti,33966.2
003106,Novara,Novara,2020,0-9,addetti,14061.3
003106,Novara,Novara,2020,10-49,addetti,7397.3
003106,Novara,Novara,2020,250+,addetti,3316.7
003106,Novara,Novara,2020,50-249,addetti,7682.9
003106,Novara,Novara,2020,totale,addetti,32458.2
003106,Novara,Novara,2021,0-9,addetti,14067.5
003106,Novara,Novara,2021,10-49,addetti,7709.0
003106,Novara,Novara,2021,250+,addetti,3262.1
003106,Novara,Novara,2021,50-249,addetti,8420.4
003106,Novara,Novara,2021,totale,addetti,33458.9
003106,Novara,Novara,2022,0-9,addetti,14623.0
003106,Novara,Novara,2022,10-49,addetti,7835.0
003106,Novara,Novara,2022,250+,addetti,4668.2
003106,Novara,Novara,2022,50-249,addetti,6959.2
003106,Novara,Novara,2022,totale,addetti,34085.3
003106,Novara,Novara,2023,0-9,addetti,14734.7
003106,Novara,Novara,2023,10-49,addetti,7649.9
003106,Novara,Novara,2023,250+,addetti,5404.0
003106,Novara,Novara,2023,50-249,addetti,8075.6
003106,Novara,Novara,2023,totale,addetti,35864.2
003106,Novara,Novara,2018,0-9,unita_locali,8091
003106,Novara,Novara,2018,10-49,unita_locali,389
003106,Novara,Novara,2018,250+,unita_locali,9
003106,Novara,Novara,2018,50-249,unita_locali,75
003106,Novara,Novara,2018,totale,unita_locali,8564
003106,Novara,Novara,2019,0-9,unita_locali,7930
003106,Novara,Novara,2019,10-49,unita_locali,411
003106,Novara,Novara,2019,250+,unita_locali,11
003106,Novara,Novara,2019,50-249,unita_locali,72
003106,Novara,Novara,2019,totale,unita_locali,8424
003106,Novara,Novara,2020,0-9,unita_locali,7980
003106,Novara,Novara,2020,10-49,unita_locali,414
003106,Novara,Novara,2020,250+,unita_locali,9
003106,Novara,Novara,2020,50-249,unita_locali,74
003106,Novara,Novara,2020,totale,unita_locali,8477
003106,Novara,Novara,2021,0-9,unita_locali,8182
003106,Novara,Novara,2021,10-49,unita_locali,428
003106,Novara,Novara,2021,250+,unita_locali,9
003106,Novara,Novara,2021,50-249,unita_locali,83
003106,Novara,Novara,2021,totale,unita_locali,8702
003106,Novara,Novara,2022,0-9,unita_locali,8502
003106,Novara,Novara,2022,10-49,unita_locali,434
003106,Novara,Novara,2022,250+,unita_locali,13
003106,Novara,Novara,2022,50-249,unita_locali,68
003106,Novara,Novara,2022,totale,unita_locali,9017
003106,Novara,Novara,2023,0-9,unita_locali,8516
003106,Novara,Novara,2023,10-49,unita_locali,423
003106,Novara,Novara,2023,250+,unita_locali,12
003106,Novara,Novara,2023,50-249,unita_locali,78
003106,Novara,Novara,2023,totale,unita_locali,9029
004078,Cuneo,Cuneo,2018,0-9,addetti,10639.1
004078,Cuneo,Cuneo,2018,10-49,addetti,5611.1
004078,Cuneo,Cuneo,2018,250+,addetti,4553.5
004078,Cuneo,Cuneo,2018,50-249,addetti,5087.1
004078,Cuneo,Cuneo,2018,totale,addetti,25890.8
004078,Cuneo,Cuneo,2019,0-9,addetti,10230.6
004078,Cuneo,Cuneo,2019,10-49,addetti,6019.4
004078,Cuneo,Cuneo,2019,250+,addetti,4870.1
004078,Cuneo,Cuneo,2019,50-249,addetti,5166.6
004078,Cuneo,Cuneo,2019,totale,addetti,26286.7
004078,Cuneo,Cuneo,2020,0-9,addetti,10314.6
004078,Cuneo,Cuneo,2020,10-49,addetti,5958.9
004078,Cuneo,Cuneo,2020,250+,addetti,4462.1
004078,Cuneo,Cuneo,2020,50-249,addetti,5353.4
004078,Cuneo,Cuneo,2020,totale,addetti,26089.0
004078,Cuneo,Cuneo,2021,0-9,addetti,10486.4
004078,Cuneo,Cuneo,2021,10-49,addetti,5996.1
004078,Cuneo,Cuneo,2021,250+,addetti,6033.4
004078,Cuneo,Cuneo,2021,50-249,addetti,4904.2
004078,Cuneo,Cuneo,2021,totale,addetti,27420.1
004078,Cuneo,Cuneo,2022,0-9,addetti,10891.8
004078,Cuneo,Cuneo,2022,10-49,addetti,5990.2
004078,Cuneo,Cuneo,2022,250+,addetti,5687.1
004078,Cuneo,Cuneo,2022,50-249,addetti,4953.0
004078,Cuneo,Cuneo,2022,totale,addetti,27522.1
004078,Cuneo,Cuneo,2023,0-9,addetti,10769.4
004078,Cuneo,Cuneo,2023,10-49,addetti,6160.4
004078,Cuneo,Cuneo,2023,250+,addetti,4789.7
004078,Cuneo,Cuneo,2023,50-249,addetti,6152.4
004078,Cuneo,Cuneo,2023,totale,addetti,27871.9
004078,Cuneo,Cuneo,2018,0-9,unita_locali,5303
004078,Cuneo,Cuneo,2018,10-49,unita_locali,300
004078,Cuneo,Cuneo,2018,250+,unita_locali,6
004078,Cuneo,Cuneo,2018,50-249,unita_locali,51
004078,Cuneo,Cuneo,2018,totale,unita_locali,5660
004078,Cuneo,Cuneo,2019,0-9,unita_locali,5162
004078,Cuneo,Cuneo,2019,10-49,unita_locali,329
004078,Cuneo,Cuneo,2019,250+,unita_locali,7
004078,Cuneo,Cuneo,2019,50-249,unita_locali,51
004078,Cuneo,Cuneo,2019,totale,unita_locali,5549
004078,Cuneo,Cuneo,2020,0-9,unita_locali,5361
004078,Cuneo,Cuneo,2020,10-49,unita_locali,311
004078,Cuneo,Cuneo,2020,250+,unita_locali,6
004078,Cuneo,Cuneo,2020,50-249,unita_locali,49
004078,Cuneo,Cuneo,2020,totale,unita_locali,5727
004078,Cuneo,Cuneo,2021,0-9,unita_locali,5517
004078,Cuneo,Cuneo,2021,10-49,unita_locali,313
004078,Cuneo,Cuneo,2021,250+,unita_locali,7
004078,Cuneo,Cuneo,2021,50-249,unita_locali,47
004078,Cuneo,Cuneo,2021,totale,unita_locali,5884
004078,Cuneo,Cuneo,2022,0-9,unita_locali,5762
004078,Cuneo,Cuneo,2022,10-49,unita_locali,320
004078,Cuneo,Cuneo,2022,250+,unita_locali,7
004078,Cuneo,Cuneo,2022,50-249,unita_locali,50
004078,Cuneo,Cuneo,2022,totale,unita_locali,6139
004078,Cuneo,Cuneo,2023,0-9,unita_locali,5739
004078,Cuneo,Cuneo,2023,10-49,unita_locali,336
004078,Cuneo,Cuneo,2023,250+,unita_locali,5
004078,Cuneo,Cuneo,2023,50-249,unita_locali,62
004078,Cuneo,Cuneo,2023,totale,unita_locali,6142
005005,Asti,Asti,2018,0-9,addetti,12265.6
005005,Asti,Asti,2018,10-49,addetti,5076.0
005005,Asti,Asti,2018,250+,addetti,2287.9
005005,Asti,Asti,2018,50-249,addetti,3101.9
005005,Asti,Asti,2018,totale,addetti,22731.4
005005,Asti,Asti,2019,0-9,addetti,12121.6
005005,Asti,Asti,2019,10-49,addetti,5095.4
005005,Asti,Asti,2019,250+,addetti,2378.6
005005,Asti,Asti,2019,50-249,addetti,3086.2
005005,Asti,Asti,2019,totale,addetti,22681.9
005005,Asti,Asti,2020,0-9,addetti,12125.9
005005,Asti,Asti,2020,10-49,addetti,4750.1
005005,Asti,Asti,2020,250+,addetti,1811.1
005005,Asti,Asti,2020,50-249,addetti,3405.9
005005,Asti,Asti,2020,totale,addetti,22093.0
005005,Asti,Asti,2021,0-9,addetti,12260.4
005005,Asti,Asti,2021,10-49,addetti,4958.1
005005,Asti,Asti,2021,250+,addetti,1628.6
005005,Asti,Asti,2021,50-249,addetti,3598.7
005005,Asti,Asti,2021,totale,addetti,22445.8
005005,Asti,Asti,2022,0-9,addetti,12464.1
005005,Asti,Asti,2022,10-49,addetti,5309.9
005005,Asti,Asti,2022,250+,addetti,1714.9
005005,Asti,Asti,2022,50-249,addetti,3653.6
005005,Asti,Asti,2022,totale,addetti,23142.5
005005,Asti,Asti,2023,0-9,addetti,12466.6
005005,Asti,Asti,2023,10-49,addetti,5702.7
005005,Asti,Asti,2023,250+,addetti,1323.4
005005,Asti,Asti,2023,50-249,addetti,3550.1
005005,Asti,Asti,2023,totale,addetti,23042.7
005005,Asti,Asti,2018,0-9,unita_locali,6451
005005,Asti,Asti,2018,10-49,unita_locali,294
005005,Asti,Asti,2018,250+,unita_locali,5
005005,Asti,Asti,2018,50-249,unita_locali,34
005005,Asti,Asti,2018,totale,unita_locali,6784
005005,Asti,Asti,2019,0-9,unita_locali,6321
005005,Asti,Asti,2019,10-49,unita_locali,293
005005,Asti,Asti,2019,250+,unita_locali,5
005005,Asti,Asti,2019,50-249,unita_locali,34
005005,Asti,Asti,2019,totale,unita_locali,6653
005005,Asti,Asti,2020,0-9,unita_locali,6502
005005,Asti,Asti,2020,10-49,unita_locali,278
005005,Asti,Asti,2020,250+,unita_locali,4
005005,Asti,Asti,2020,50-249,unita_locali,38
005005,Asti,Asti,2020,totale,unita_locali,6822
005005,Asti,Asti,2021,0-9,unita_locali,6599
005005,Asti,Asti,2021,10-49,unita_locali,292
005005,Asti,Asti,2021,250+,unita_locali,3
005005,Asti,Asti,2021,50-249,unita_locali,39
005005,Asti,Asti,2021,totale,unita_locali,6933
005005,Asti,Asti,2022,0-9,unita_locali,6844
005005,Asti,Asti,2022,10-49,unita_locali,309
005005,Asti,Asti,2022,250+,unita_locali,3
005005,Asti,Asti,2022,50-249,unita_locali,41
005005,Asti,Asti,2022,totale,unita_locali,7197
005005,Asti,Asti,2023,0-9,unita_locali,6810
005005,Asti,Asti,2023,10-49,unita_locali,322
005005,Asti,Asti,2023,250+,unita_locali,3
005005,Asti,Asti,2023,50-249,unita_locali,37
005005,Asti,Asti,2023,totale,unita_locali,7172
006003,Alessandria,Alessandria,2018,0-9,addetti,13276.8
006003,Alessandria,Alessandria,2018,10-49,addetti,5859.4
006003,Alessandria,Alessandria,2018,250+,addetti,4197.7
006003,Alessandria,Alessandria,2018,50-249,addetti,6033.3
006003,Alessandria,Alessandria,2018,totale,addetti,29367.1
006003,Alessandria,Alessandria,2019,0-9,addetti,13083.8
006003,Alessandria,Alessandria,2019,10-49,addetti,6110.4
006003,Alessandria,Alessandria,2019,250+,addetti,4592.3
006003,Alessandria,Alessandria,2019,50-249,addetti,5864.7
006003,Alessandria,Alessandria,2019,totale,addetti,29651.2
006003,Alessandria,Alessandria,2020,0-9,addetti,13009.3
006003,Alessandria,Alessandria,2020,10-49,addetti,6009.4
006003,Alessandria,Alessandria,2020,250+,addetti,4043.3
006003,Alessandria,Alessandria,2020,50-249,addetti,6340.4
006003,Alessandria,Alessandria,2020,totale,addetti,29402.5
006003,Alessandria,Alessandria,2021,0-9,addetti,13300.7
006003,Alessandria,Alessandria,2021,10-49,addetti,6172.2
006003,Alessandria,Alessandria,2021,250+,addetti,4281.2
006003,Alessandria,Alessandria,2021,50-249,addetti,6214.8
006003,Alessandria,Alessandria,2021,totale,addetti,29968.9
006003,Alessandria,Alessandria,2022,0-9,addetti,13661.4
006003,Alessandria,Alessandria,2022,10-49,addetti,6169.7
006003,Alessandria,Alessandria,2022,250+,addetti,4205.6
006003,Alessandria,Alessandria,2022,50-249,addetti,6810.6
006003,Alessandria,Alessandria,2022,totale,addetti,30847.4
006003,Alessandria,Alessandria,2023,0-9,addetti,13316.0
006003,Alessandria,Alessandria,2023,10-49,addetti,6905.4
006003,Alessandria,Alessandria,2023,250+,addetti,3548.9
006003,Alessandria,Alessandria,2023,50-249,addetti,7228.2
006003,Alessandria,Alessandria,2023,totale,addetti,30998.5
006003,Alessandria,Alessandria,2018,0-9,unita_locali,7063
006003,Alessandria,Alessandria,2018,10-49,unita_locali,310
006003,Alessandria,Alessandria,2018,250+,unita_locali,8
006003,Alessandria,Alessandria,2018,50-249,unita_locali,61
006003,Alessandria,Alessandria,2018,totale,unita_locali,7442
006003,Alessandria,Alessandria,2019,0-9,unita_locali,7051
006003,Alessandria,Alessandria,2019,10-49,unita_locali,329
006003,Alessandria,Alessandria,2019,250+,unita_locali,9
006003,Alessandria,Alessandria,2019,50-249,unita_locali,59
006003,Alessandria,Alessandria,2019,totale,unita_locali,7448
006003,Alessandria,Alessandria,2020,0-9,unita_locali,7194
006003,Alessandria,Alessandria,2020,10-49,unita_locali,330
006003,Alessandria,Alessandria,2020,250+,unita_locali,8
006003,Alessandria,Alessandria,2020,50-249,unita_locali,66
006003,Alessandria,Alessandria,2020,totale,unita_locali,7598
006003,Alessandria,Alessandria,2021,0-9,unita_locali,7308
006003,Alessandria,Alessandria,2021,10-49,unita_locali,338
006003,Alessandria,Alessandria,2021,250+,unita_locali,8
006003,Alessandria,Alessandria,2021,50-249,unita_locali,68
006003,Alessandria,Alessandria,2021,totale,unita_locali,7722
006003,Alessandria,Alessandria,2022,0-9,unita_locali,7594
006003,Alessandria,Alessandria,2022,10-49,unita_locali,350
006003,Alessandria,Alessandria,2022,250+,unita_locali,8
006003,Alessandria,Alessandria,2022,50-249,unita_locali,71
006003,Alessandria,Alessandria,2022,totale,unita_locali,8023
006003,Alessandria,Alessandria,2023,0-9,unita_locali,7489
006003,Alessandria,Alessandria,2023,10-49,unita_locali,377
006003,Alessandria,Alessandria,2023,250+,unita_locali,7
006003,Alessandria,Alessandria,2023,50-249,unita_locali,70
006003,Alessandria,Alessandria,2023,totale,unita_locali,7943
007003,Aosta,Valle d'Aosta/Vallée d'Aoste,2018,0-9,addetti,6352.4
007003,Aosta,Valle d'Aosta/Vallée d'Aoste,2018,10-49,addetti,2637.2
007003,Aosta,Valle d'Aosta/Vallée d'Aoste,2018,250+,addetti,1852.1
007003,Aosta,Valle d'Aosta/Vallée d'Aoste,2018,50-249,addetti,1592.0
007003,Aosta,Valle d'Aosta/Vallée d'Aoste,2018,totale,addetti,12433.7
007003,Aosta,Valle d'Aosta/Vallée d'Aoste,2019,0-9,addetti,6280.6
007003,Aosta,Valle d'Aosta/Vallée d'Aoste,2019,10-49,addetti,2482.9
007003,Aosta,Valle d'Aosta/Vallée d'Aoste,2019,250+,addetti,2130.2
007003,Aosta,Valle d'Aosta/Vallée d'Aoste,2019,50-249,addetti,1561.8
007003,Aosta,Valle d'Aosta/Vallée d'Aoste,2019,totale,addetti,12455.3
007003,Aosta,Valle d'Aosta/Vallée d'Aoste,2020,0-9,addetti,6114.6
007003,Aosta,Valle d'Aosta/Vallée d'Aoste,2020,10-49,addetti,2734.9
007003,Aosta,Valle d'Aosta/Vallée d'Aoste,2020,250+,addetti,1666.7
007003,Aosta,Valle d'Aosta/Vallée d'Aoste,2020,50-249,addetti,1181.7
007003,Aosta,Valle d'Aosta/Vallée d'Aoste,2020,totale,addetti,11697.9
007003,Aosta,Valle d'Aosta/Vallée d'Aoste,2021,0-9,addetti,6231.8
007003,Aosta,Valle d'Aosta/Vallée d'Aoste,2021,10-49,addetti,2695.3
007003,Aosta,Valle d'Aosta/Vallée d'Aoste,2021,250+,addetti,1980.8
007003,Aosta,Valle d'Aosta/Vallée d'Aoste,2021,50-249,addetti,1055.3
007003,Aosta,Valle d'Aosta/Vallée d'Aoste,2021,totale,addetti,11963.2
007003,Aosta,Valle d'Aosta/Vallée d'Aoste,2022,0-9,addetti,6274.9
007003,Aosta,Valle d'Aosta/Vallée d'Aoste,2022,10-49,addetti,2850.2
007003,Aosta,Valle d'Aosta/Vallée d'Aoste,2022,250+,addetti,1991.7
007003,Aosta,Valle d'Aosta/Vallée d'Aoste,2022,50-249,addetti,1271.8
007003,Aosta,Valle d'Aosta/Vallée d'Aoste,2022,totale,addetti,12388.5
007003,Aosta,Valle d'Aosta/Vallée d'Aoste,2023,0-9,addetti,6266.9
007003,Aosta,Valle d'Aosta/Vallée d'Aoste,2023,10-49,addetti,2953.4
007003,Aosta,Valle d'Aosta/Vallée d'Aoste,2023,250+,addetti,2148.6
007003,Aosta,Valle d'Aosta/Vallée d'Aoste,2023,50-249,addetti,1492.3
007003,Aosta,Valle d'Aosta/Vallée d'Aoste,2023,totale,addetti,12861.3
007003,Aosta,Valle d'Aosta/Vallée d'Aoste,2018,0-9,unita_locali,3298
007003,Aosta,Valle d'Aosta/Vallée d'Aoste,2018,10-49,unita_locali,147
007003,Aosta,Valle d'Aosta/Vallée d'Aoste,2018,250+,unita_locali,3
007003,Aosta,Valle d'Aosta/Vallée d'Aoste,2018,50-249,unita_locali,18
007003,Aosta,Valle d'Aosta/Vallée d'Aoste,2018,totale,unita_locali,3466
007003,Aosta,Valle d'Aosta/Vallée d'Aoste,2019,0-9,unita_locali,3233
007003,Aosta,Valle d'Aosta/Vallée d'Aoste,2019,10-49,unita_locali,140
007003,Aosta,Valle d'Aosta/Vallée d'Aoste,2019,250+,unita_locali,4
007003,Aosta,Valle d'Aosta/Vallée d'Aoste,2019,50-249,unita_locali,17
007003,Aosta,Valle d'Aosta/Vallée d'Aoste,2019,totale,unita_locali,3394
007003,Aosta,Valle d'Aosta/Vallée d'Aoste,2020,0-9,unita_locali,3237
007003,Aosta,Valle d'Aosta/Vallée d'Aoste,2020,10-49,unita_locali,147
007003,Aosta,Valle d'Aosta/Vallée d'Aoste,2020,250+,unita_locali,3
007003,Aosta,Valle d'Aosta/Vallée d'Aoste,2020,50-249,unita_locali,13
007003,Aosta,Valle d'Aosta/Vallée d'Aoste,2020,totale,unita_locali,3400
007003,Aosta,Valle d'Aosta/Vallée d'Aoste,2021,0-9,unita_locali,3296
007003,Aosta,Valle d'Aosta/Vallée d'Aoste,2021,10-49,unita_locali,150
007003,Aosta,Valle d'Aosta/Vallée d'Aoste,2021,250+,unita_locali,4
007003,Aosta,Valle d'Aosta/Vallée d'Aoste,2021,50-249,unita_locali,13
007003,Aosta,Valle d'Aosta/Vallée d'Aoste,2021,totale,unita_locali,3463
007003,Aosta,Valle d'Aosta/Vallée d'Aoste,2022,0-9,unita_locali,3393
007003,Aosta,Valle d'Aosta/Vallée d'Aoste,2022,10-49,unita_locali,158
007003,Aosta,Valle d'Aosta/Vallée d'Aoste,2022,250+,unita_locali,4
007003,Aosta,Valle d'Aosta/Vallée d'Aoste,2022,50-249,unita_locali,15
007003,Aosta,Valle d'Aosta/Vallée d'Aoste,2022,totale,unita_locali,3570
007003,Aosta,Valle d'Aosta/Vallée d'Aoste,2023,0-9,unita_locali,3437
007003,Aosta,Valle d'Aosta/Vallée d'Aoste,2023,10-49,unita_locali,165
007003,Aosta,Valle d'Aosta/Vallée d'Aoste,2023,250+,unita_locali,4
007003,Aosta,Valle d'Aosta/Vallée d'Aoste,2023,50-249,unita_locali,19
007003,Aosta,Valle d'Aosta/Vallée d'Aoste,2023,totale,unita_locali,3625
008031,Imperia,Imperia,2018,0-9,addetti,7178.3
008031,Imperia,Imperia,2018,10-49,addetti,2120.4
008031,Imperia,Imperia,2018,250+,addetti,296.4
008031,Imperia,Imperia,2018,50-249,addetti,1576.4
008031,Imperia,Imperia,2018,totale,addetti,11171.6
008031,Imperia,Imperia,2019,0-9,addetti,6942.3
008031,Imperia,Imperia,2019,10-49,addetti,2324.6
008031,Imperia,Imperia,2019,250+,addetti,303.2
008031,Imperia,Imperia,2019,50-249,addetti,1069.8
008031,Imperia,Imperia,2019,totale,addetti,10639.9
008031,Imperia,Imperia,2020,0-9,addetti,7114.4
008031,Imperia,Imperia,2020,10-49,addetti,2195.5
008031,Imperia,Imperia,2020,250+,addetti,301.6
008031,Imperia,Imperia,2020,50-249,addetti,1268.5
008031,Imperia,Imperia,2020,totale,addetti,10879.9
008031,Imperia,Imperia,2021,0-9,addetti,7295.4
008031,Imperia,Imperia,2021,10-49,addetti,2362.0
008031,Imperia,Imperia,2021,250+,addetti,301.3
008031,Imperia,Imperia,2021,50-249,addetti,1119.9
008031,Imperia,Imperia,2021,totale,addetti,11078.6
008031,Imperia,Imperia,2022,0-9,addetti,7523.3
008031,Imperia,Imperia,2022,10-49,addetti,2405.6
008031,Imperia,Imperia,2022,250+,addetti,299.2
008031,Imperia,Imperia,2022,50-249,addetti,1253.0
008031,Imperia,Imperia,2022,totale,addetti,11481.1
008031,Imperia,Imperia,2023,0-9,addetti,7599.8
008031,Imperia,Imperia,2023,10-49,addetti,2807.5
008031,Imperia,Imperia,2023,250+,addetti,295.6
008031,Imperia,Imperia,2023,50-249,addetti,1078.1
008031,Imperia,Imperia,2023,totale,addetti,11781.0
008031,Imperia,Imperia,2018,0-9,unita_locali,3904
008031,Imperia,Imperia,2018,10-49,unita_locali,127
008031,Imperia,Imperia,2018,250+,unita_locali,1
008031,Imperia,Imperia,2018,50-249,unita_locali,15
008031,Imperia,Imperia,2018,totale,unita_locali,4047
008031,Imperia,Imperia,2019,0-9,unita_locali,3713
008031,Imperia,Imperia,2019,10-49,unita_locali,140
008031,Imperia,Imperia,2019,250+,unita_locali,1
008031,Imperia,Imperia,2019,50-249,unita_locali,11
008031,Imperia,Imperia,2019,totale,unita_locali,3865
008031,Imperia,Imperia,2020,0-9,unita_locali,3972
008031,Imperia,Imperia,2020,10-49,unita_locali,124
008031,Imperia,Imperia,2020,250+,unita_locali,1
008031,Imperia,Imperia,2020,50-249,unita_locali,16
008031,Imperia,Imperia,2020,totale,unita_locali,4113
008031,Imperia,Imperia,2021,0-9,unita_locali,4082
008031,Imperia,Imperia,2021,10-49,unita_locali,139
008031,Imperia,Imperia,2021,250+,unita_locali,1
008031,Imperia,Imperia,2021,50-249,unita_locali,14
008031,Imperia,Imperia,2021,totale,unita_locali,4236
008031,Imperia,Imperia,2022,0-9,unita_locali,4294
008031,Imperia,Imperia,2022,10-49,unita_locali,144
008031,Imperia,Imperia,2022,250+,unita_locali,1
008031,Imperia,Imperia,2022,50-249,unita_locali,16
008031,Imperia,Imperia,2022,totale,unita_locali,4455
008031,Imperia,Imperia,2023,0-9,unita_locali,4332
008031,Imperia,Imperia,2023,10-49,unita_locali,162
008031,Imperia,Imperia,2023,250+,unita_locali,1
008031,Imperia,Imperia,2023,50-249,unita_locali,12
008031,Imperia,Imperia,2023,totale,unita_locali,4507
009056,Savona,Savona,2018,0-9,addetti,10288.1
009056,Savona,Savona,2018,10-49,addetti,4185.4
009056,Savona,Savona,2018,250+,addetti,1065.4
009056,Savona,Savona,2018,50-249,addetti,3186.6
009056,Savona,Savona,2018,totale,addetti,18725.4
009056,Savona,Savona,2019,0-9,addetti,10162.4
009056,Savona,Savona,2019,10-49,addetti,3984.5
009056,Savona,Savona,2019,250+,addetti,1488.7
009056,Savona,Savona,2019,50-249,addetti,3693.5
009056,Savona,Savona,2019,totale,addetti,19329.1
009056,Savona,Savona,2020,0-9,addetti,10134.0
009056,Savona,Savona,2020,10-49,addetti,3894.2
009056,Savona,Savona,2020,250+,addetti,893.7
009056,Savona,Savona,2020,50-249,addetti,3143.2
009056,Savona,Savona,2020,totale,addetti,18065.2
009056,Savona,Savona,2021,0-9,addetti,10278.2
009056,Savona,Savona,2021,10-49,addetti,4453.6
009056,Savona,Savona,2021,250+,addetti,538.8
009056,Savona,Savona,2021,50-249,addetti,2816.1
009056,Savona,Savona,2021,totale,addetti,18086.8
009056,Savona,Savona,2022,0-9,addetti,10536.8
009056,Savona,Savona,2022,10-49,addetti,4553.6
009056,Savona,Savona,2022,250+,addetti,291.2
009056,Savona,Savona,2022,50-249,addetti,3315.9
009056,Savona,Savona,2022,totale,addetti,18697.6
009056,Savona,Savona,2023,0-9,addetti,10637.2
009056,Savona,Savona,2023,10-49,addetti,4559.9
009056,Savona,Savona,2023,250+,addetti,803.4
009056,Savona,Savona,2023,50-249,addetti,3105.2
009056,Savona,Savona,2023,totale,addetti,19105.6
009056,Savona,Savona,2018,0-9,unita_locali,5518
009056,Savona,Savona,2018,10-49,unita_locali,223
009056,Savona,Savona,2018,250+,unita_locali,3
009056,Savona,Savona,2018,50-249,unita_locali,29
009056,Savona,Savona,2018,totale,unita_locali,5773
009056,Savona,Savona,2019,0-9,unita_locali,5384
009056,Savona,Savona,2019,10-49,unita_locali,218
009056,Savona,Savona,2019,250+,unita_locali,4
009056,Savona,Savona,2019,50-249,unita_locali,37
009056,Savona,Savona,2019,totale,unita_locali,5643
009056,Savona,Savona,2020,0-9,unita_locali,5416
009056,Savona,Savona,2020,10-49,unita_locali,206
009056,Savona,Savona,2020,250+,unita_locali,3
009056,Savona,Savona,2020,50-249,unita_locali,36
009056,Savona,Savona,2020,totale,unita_locali,5661
009056,Savona,Savona,2021,0-9,unita_locali,5570
009056,Savona,Savona,2021,10-49,unita_locali,230
009056,Savona,Savona,2021,250+,unita_locali,2
009056,Savona,Savona,2021,50-249,unita_locali,32
009056,Savona,Savona,2021,totale,unita_locali,5834
009056,Savona,Savona,2022,0-9,unita_locali,5766
009056,Savona,Savona,2022,10-49,unita_locali,242
009056,Savona,Savona,2022,250+,unita_locali,1
009056,Savona,Savona,2022,50-249,unita_locali,35
009056,Savona,Savona,2022,totale,unita_locali,6044
009056,Savona,Savona,2023,0-9,unita_locali,5789
009056,Savona,Savona,2023,10-49,unita_locali,245
009056,Savona,Savona,2023,250+,unita_locali,3
009056,Savona,Savona,2023,50-249,unita_locali,35
009056,Savona,Savona,2023,totale,unita_locali,6072
010025,Genova,Genova,2018,0-9,addetti,86571.6
010025,Genova,Genova,2018,10-49,addetti,42262.7
010025,Genova,Genova,2018,250+,addetti,51321.8
010025,Genova,Genova,2018,50-249,addetti,33917.5
010025,Genova,Genova,2018,totale,addetti,214073.6
010025,Genova,Genova,2019,0-9,addetti,85678.2
010025,Genova,Genova,2019,10-49,addetti,41471.7
010025,Genova,Genova,2019,250+,addetti,54790.6
010025,Genova,Genova,2019,50-249,addetti,34036.8
010025,Genova,Genova,2019,totale,addetti,215977.2
010025,Genova,Genova,2020,0-9,addetti,84762.5
010025,Genova,Genova,2020,10-49,addetti,41832.3
010025,Genova,Genova,2020,250+,addetti,42541.5
010025,Genova,Genova,2020,50-249,addetti,34104.9
010025,Genova,Genova,2020,totale,addetti,203241.2
010025,Genova,Genova,2021,0-9,addetti,85415.6
010025,Genova,Genova,2021,10-49,addetti,41017.3
010025,Genova,Genova,2021,250+,addetti,44099.5
010025,Genova,Genova,2021,50-249,addetti,36321.7
010025,Genova,Genova,2021,totale,addetti,206854.2
010025,Genova,Genova,2022,0-9,addetti,87759.7
010025,Genova,Genova,2022,10-49,addetti,42399.5
010025,Genova,Genova,2022,250+,addetti,45871.1
010025,Genova,Genova,2022,50-249,addetti,37538.3
010025,Genova,Genova,2022,totale,addetti,213568.6
010025,Genova,Genova,2023,0-9,addetti,87177.1
010025,Genova,Genova,2023,10-49,addetti,45046.7
010025,Genova,Genova,2023,250+,addetti,46817.3
010025,Genova,Genova,2023,50-249,addetti,38216.2
010025,Genova,Genova,2023,totale,addetti,217257.3
010025,Genova,Genova,2018,0-9,unita_locali,47897
010025,Genova,Genova,2018,10-49,unita_locali,2294
010025,Genova,Genova,2018,250+,unita_locali,43
010025,Genova,Genova,2018,50-249,unita_locali,344
010025,Genova,Genova,2018,totale,unita_locali,50578
010025,Genova,Genova,2019,0-9,unita_locali,47371
010025,Genova,Genova,2019,10-49,unita_locali,2270
010025,Genova,Genova,2019,250+,unita_locali,45
010025,Genova,Genova,2019,50-249,unita_locali,353
010025,Genova,Genova,2019,totale,unita_locali,50039
010025,Genova,Genova,2020,0-9,unita_locali,47899
010025,Genova,Genova,2020,10-49,unita_locali,2255
010025,Genova,Genova,2020,250+,unita_locali,40
010025,Genova,Genova,2020,50-249,unita_locali,348
010025,Genova,Genova,2020,totale,unita_locali,50542
010025,Genova,Genova,2021,0-9,unita_locali,48531
010025,Genova,Genova,2021,10-49,unita_locali,2224
010025,Genova,Genova,2021,250+,unita_locali,45
010025,Genova,Genova,2021,50-249,unita_locali,377
010025,Genova,Genova,2021,totale,unita_locali,51177
010025,Genova,Genova,2022,0-9,unita_locali,50235
010025,Genova,Genova,2022,10-49,unita_locali,2300
010025,Genova,Genova,2022,250+,unita_locali,53
010025,Genova,Genova,2022,50-249,unita_locali,392
010025,Genova,Genova,2022,totale,unita_locali,52980
010025,Genova,Genova,2023,0-9,unita_locali,50147
010025,Genova,Genova,2023,10-49,unita_locali,2437
010025,Genova,Genova,2023,250+,unita_locali,51
010025,Genova,Genova,2023,50-249,unita_locali,399
010025,Genova,Genova,2023,totale,unita_locali,53034
011015,La Spezia,La Spezia,2018,0-9,addetti,14378.9
011015,La Spezia,La Spezia,2018,10-49,addetti,6460.8
011015,La Spezia,La Spezia,2018,250+,addetti,3641.4
011015,La Spezia,La Spezia,2018,50-249,addetti,6037.4
011015,La Spezia,La Spezia,2018,totale,addetti,30518.5
011015,La Spezia,La Spezia,2019,0-9,addetti,14210.5
011015,La Spezia,La Spezia,2019,10-49,addetti,6914.3
011015,La Spezia,La Spezia,2019,250+,addetti,4002.3
011015,La Spezia,La Spezia,2019,50-249,addetti,5863.7
011015,La Spezia,La Spezia,2019,totale,addetti,30990.8
011015,La Spezia,La Spezia,2020,0-9,addetti,13982.7
011015,La Spezia,La Spezia,2020,10-49,addetti,7065.6
011015,La Spezia,La Spezia,2020,250+,addetti,3416.3
011015,La Spezia,La Spezia,2020,50-249,addetti,6008.6
011015,La Spezia,La Spezia,2020,totale,addetti,30473.1
011015,La Spezia,La Spezia,2021,0-9,addetti,14559.4
011015,La Spezia,La Spezia,2021,10-49,addetti,7234.2
011015,La Spezia,La Spezia,2021,250+,addetti,3911.6
011015,La Spezia,La Spezia,2021,50-249,addetti,6000.0
011015,La Spezia,La Spezia,2021,totale,addetti,31705.2
011015,La Spezia,La Spezia,2022,0-9,addetti,14902.3
011015,La Spezia,La Spezia,2022,10-49,addetti,8459.0
011015,La Spezia,La Spezia,2022,250+,addetti,3456.9
011015,La Spezia,La Spezia,2022,50-249,addetti,6347.6
011015,La Spezia,La Spezia,2022,totale,addetti,33165.8
011015,La Spezia,La Spezia,2023,0-9,addetti,14862.5
011015,La Spezia,La Spezia,2023,10-49,addetti,8792.5
011015,La Spezia,La Spezia,2023,250+,addetti,3553.2
011015,La Spezia,La Spezia,2023,50-249,addetti,6406.6
011015,La Spezia,La Spezia,2023,totale,addetti,33614.8
011015,La Spezia,La Spezia,2018,0-9,unita_locali,7604
011015,La Spezia,La Spezia,2018,10-49,unita_locali,360
011015,La Spezia,La Spezia,2018,250+,unita_locali,7
011015,La Spezia,La Spezia,2018,50-249,unita_locali,56
011015,La Spezia,La Spezia,2018,totale,unita_locali,8027
011015,La Spezia,La Spezia,2019,0-9,unita_locali,7405
011015,La Spezia,La Spezia,2019,10-49,unita_locali,376
011015,La Spezia,La Spezia,2019,250+,unita_locali,8
011015,La Spezia,La Spezia,2019,50-249,unita_locali,58
011015,La Spezia,La Spezia,2019,totale,unita_locali,7847
011015,La Spezia,La Spezia,2020,0-9,unita_locali,7539
011015,La Spezia,La Spezia,2020,10-49,unita_locali,385
011015,La Spezia,La Spezia,2020,250+,unita_locali,7
011015,La Spezia,La Spezia,2020,50-249,unita_locali,61
011015,La Spezia,La Spezia,2020,totale,unita_locali,7992
011015,La Spezia,La Spezia,2021,0-9,unita_locali,7723
011015,La Spezia,La Spezia,2021,10-49,unita_locali,386
011015,La Spezia,La Spezia,2021,250+,unita_locali,8
011015,La Spezia,La Spezia,2021,50-249,unita_locali,63
011015,La Spezia,La Spezia,2021,totale,unita_locali,8180
011015,La Spezia,La Spezia,2022,0-9,unita_locali,8016
011015,La Spezia,La Spezia,2022,10-49,unita_locali,450
011015,La Spezia,La Spezia,2022,250+,unita_locali,7
011015,La Spezia,La Spezia,2022,50-249,unita_locali,62
011015,La Spezia,La Spezia,2022,totale,unita_locali,8535
011015,La Spezia,La Spezia,2023,0-9,unita_locali,8006
011015,La Spezia,La Spezia,2023,10-49,unita_locali,468
011015,La Spezia,La Spezia,2023,250+,unita_locali,7
011015,La Spezia,La Spezia,2023,50-249,unita_locali,64
011015,La Spezia,La Spezia,2023,totale,unita_locali,8545
012133,Varese,Varese,2018,0-9,addetti,15139.8
012133,Varese,Varese,2018,10-49,addetti,7316.9
012133,Varese,Varese,2018,250+,addetti,2326.4
012133,Varese,Varese,2018,50-249,addetti,4881.8
012133,Varese,Varese,2018,totale,addetti,29664.9
012133,Varese,Varese,2019,0-9,addetti,14853.0
012133,Varese,Varese,2019,10-49,addetti,7213.8
012133,Varese,Varese,2019,250+,addetti,2264.4
012133,Varese,Varese,2019,50-249,addetti,5195.0
012133,Varese,Varese,2019,totale,addetti,29526.3
012133,Varese,Varese,2020,0-9,addetti,14872.0
012133,Varese,Varese,2020,10-49,addetti,7321.9
012133,Varese,Varese,2020,250+,addetti,1694.4
012133,Varese,Varese,2020,50-249,addetti,5034.3
012133,Varese,Varese,2020,totale,addetti,28922.5
012133,Varese,Varese,2021,0-9,addetti,14739.0
012133,Varese,Varese,2021,10-49,addetti,7158.0
012133,Varese,Varese,2021,250+,addetti,1956.4
012133,Varese,Varese,2021,50-249,addetti,4622.1
012133,Varese,Varese,2021,totale,addetti,28475.4
012133,Varese,Varese,2022,0-9,addetti,15087.6
012133,Varese,Varese,2022,10-49,addetti,7895.8
012133,Varese,Varese,2022,250+,addetti,2195.6
012133,Varese,Varese,2022,50-249,addetti,4032.7
012133,Varese,Varese,2022,totale,addetti,29211.6
012133,Varese,Varese,2023,0-9,addetti,15145.1
012133,Varese,Varese,2023,10-49,addetti,7833.0
012133,Varese,Varese,2023,250+,addetti,1920.4
012133,Varese,Varese,2023,50-249,addetti,4758.6
012133,Varese,Varese,2023,totale,addetti,29657.1
012133,Varese,Varese,2018,0-9,unita_locali,8398
012133,Varese,Varese,2018,10-49,unita_locali,409
012133,Varese,Varese,2018,250+,unita_locali,5
012133,Varese,Varese,2018,50-249,unita_locali,46
012133,Varese,Varese,2018,totale,unita_locali,8858
012133,Varese,Varese,2019,0-9,unita_locali,8165
012133,Varese,Varese,2019,10-49,unita_locali,390
012133,Varese,Varese,2019,250+,unita_locali,5
012133,Varese,Varese,2019,50-249,unita_locali,47
012133,Varese,Varese,2019,totale,unita_locali,8607
012133,Varese,Varese,2020,0-9,unita_locali,8368
012133,Varese,Varese,2020,10-49,unita_locali,391
012133,Varese,Varese,2020,250+,unita_locali,3
012133,Varese,Varese,2020,50-249,unita_locali,48
012133,Varese,Varese,2020,totale,unita_locali,8810
012133,Varese,Varese,2021,0-9,unita_locali,8587
012133,Varese,Varese,2021,10-49,unita_locali,393
012133,Varese,Varese,2021,250+,unita_locali,4
012133,Varese,Varese,2021,50-249,unita_locali,47
012133,Varese,Varese,2021,totale,unita_locali,9031
012133,Varese,Varese,2022,0-9,unita_locali,8801
012133,Varese,Varese,2022,10-49,unita_locali,420
012133,Varese,Varese,2022,250+,unita_locali,5
012133,Varese,Varese,2022,50-249,unita_locali,43
012133,Varese,Varese,2022,totale,unita_locali,9269
012133,Varese,Varese,2023,0-9,unita_locali,8880
012133,Varese,Varese,2023,10-49,unita_locali,432
012133,Varese,Varese,2023,250+,unita_locali,3
012133,Varese,Varese,2023,50-249,unita_locali,50
012133,Varese,Varese,2023,totale,unita_locali,9365
013075,Como,Como,2018,0-9,addetti,17388.5
013075,Como,Como,2018,10-49,addetti,8168.7
013075,Como,Como,2018,250+,addetti,7913.4
013075,Como,Como,2018,50-249,addetti,6336.7
013075,Como,Como,2018,totale,addetti,39807.4
013075,Como,Como,2019,0-9,addetti,17217.1
013075,Como,Como,2019,10-49,addetti,8448.4
013075,Como,Como,2019,250+,addetti,9269.7
013075,Como,Como,2019,50-249,addetti,5867.0
013075,Como,Como,2019,totale,addetti,40802.2
013075,Como,Como,2020,0-9,addetti,16908.7
013075,Como,Como,2020,10-49,addetti,8107.5
013075,Como,Como,2020,250+,addetti,12923.6
013075,Como,Como,2020,50-249,addetti,4890.3
013075,Como,Como,2020,totale,addetti,42830.1
013075,Como,Como,2021,0-9,addetti,17056.1
013075,Como,Como,2021,10-49,addetti,8201.4
013075,Como,Como,2021,250+,addetti,11024.2
013075,Como,Como,2021,50-249,addetti,4978.6
013075,Como,Como,2021,totale,addetti,41260.4
013075,Como,Como,2022,0-9,addetti,17484.2
013075,Como,Como,2022,10-49,addetti,8772.2
013075,Como,Como,2022,250+,addetti,11634.7
013075,Como,Como,2022,50-249,addetti,5584.3
013075,Como,Como,2022,totale,addetti,43475.4
013075,Como,Como,2023,0-9,addetti,17502.7
013075,Como,Como,2023,10-49,addetti,9210.1
013075,Como,Como,2023,250+,addetti,11901.8
013075,Como,Como,2023,50-249,addetti,5726.3
013075,Como,Como,2023,totale,addetti,44341.0
013075,Como,Como,2018,0-9,unita_locali,9360
013075,Como,Como,2018,10-49,unita_locali,458
013075,Como,Como,2018,250+,unita_locali,8
013075,Como,Como,2018,50-249,unita_locali,68
013075,Como,Como,2018,totale,unita_locali,9894
013075,Como,Como,2019,0-9,unita_locali,9282
013075,Como,Como,2019,10-49,unita_locali,471
013075,Como,Como,2019,250+,unita_locali,9
013075,Como,Como,2019,50-249,unita_locali,61
013075,Como,Como,2019,totale,unita_locali,9823
013075,Como,Como,2020,0-9,unita_locali,9331
013075,Como,Como,2020,10-49,unita_locali,451
013075,Como,Como,2020,250+,unita_locali,9
013075,Como,Como,2020,50-249,unita_locali,53
013075,Como,Como,2020,totale,unita_locali,9844
013075,Como,Como,2021,0-9,unita_locali,9556
013075,Como,Como,2021,10-49,unita_locali,447
013075,Como,Como,2021,250+,unita_locali,9
013075,Como,Como,2021,50-249,unita_locali,57
013075,Como,Como,2021,totale,unita_locali,10069
013075,Como,Como,2022,0-9,unita_locali,9922
013075,Como,Como,2022,10-49,unita_locali,479
013075,Como,Como,2022,250+,unita_locali,9
013075,Como,Como,2022,50-249,unita_locali,63
013075,Como,Como,2022,totale,unita_locali,10473
013075,Como,Como,2023,0-9,unita_locali,9951
013075,Como,Como,2023,10-49,unita_locali,496
013075,Como,Como,2023,250+,unita_locali,11
013075,Como,Como,2023,50-249,unita_locali,63
013075,Como,Como,2023,totale,unita_locali,10521
014061,Sondrio,Sondrio,2018,0-9,addetti,4516.8
014061,Sondrio,Sondrio,2018,10-49,addetti,1903.8
014061,Sondrio,Sondrio,2018,250+,addetti,746.7
014061,Sondrio,Sondrio,2018,50-249,addetti,2144.1
014061,Sondrio,Sondrio,2018,totale,addetti,9311.5
014061,Sondrio,Sondrio,2019,0-9,addetti,4361.9
014061,Sondrio,Sondrio,2019,10-49,addetti,1779.1
014061,Sondrio,Sondrio,2019,250+,addetti,503.7
014061,Sondrio,Sondrio,2019,50-249,addetti,1719.8
014061,Sondrio,Sondrio,2019,totale,addetti,8364.3
014061,Sondrio,Sondrio,2020,0-9,addetti,4327.5
014061,Sondrio,Sondrio,2020,10-49,addetti,1821.6
014061,Sondrio,Sondrio,2020,250+,addetti,1024.7
014061,Sondrio,Sondrio,2020,50-249,addetti,1405.2
014061,Sondrio,Sondrio,2020,totale,addetti,8579.0
014061,Sondrio,Sondrio,2021,0-9,addetti,4443.1
014061,Sondrio,Sondrio,2021,10-49,addetti,1851.9
014061,Sondrio,Sondrio,2021,250+,addetti,1010.9
014061,Sondrio,Sondrio,2021,50-249,addetti,1807.5
014061,Sondrio,Sondrio,2021,totale,addetti,9113.4
014061,Sondrio,Sondrio,2022,0-9,addetti,4531.3
014061,Sondrio,Sondrio,2022,10-49,addetti,1951.2
014061,Sondrio,Sondrio,2022,250+,addetti,943.1
014061,Sondrio,Sondrio,2022,50-249,addetti,1625.2
014061,Sondrio,Sondrio,2022,totale,addetti,9050.7
014061,Sondrio,Sondrio,2023,0-9,addetti,4449.7
014061,Sondrio,Sondrio,2023,10-49,addetti,2149.7
014061,Sondrio,Sondrio,2023,250+,addetti,973.3
014061,Sondrio,Sondrio,2023,50-249,addetti,1468.3
014061,Sondrio,Sondrio,2023,totale,addetti,9041.1
014061,Sondrio,Sondrio,2018,0-9,unita_locali,2294
014061,Sondrio,Sondrio,2018,10-49,unita_locali,114
014061,Sondrio,Sondrio,2018,250+,unita_locali,2
014061,Sondrio,Sondrio,2018,50-249,unita_locali,19
014061,Sondrio,Sondrio,2018,totale,unita_locali,2429
014061,Sondrio,Sondrio,2019,0-9,unita_locali,2209
014061,Sondrio,Sondrio,2019,10-49,unita_locali,105
014061,Sondrio,Sondrio,2019,250+,unita_locali,1
014061,Sondrio,Sondrio,2019,50-249,unita_locali,19
014061,Sondrio,Sondrio,2019,totale,unita_locali,2334
014061,Sondrio,Sondrio,2020,0-9,unita_locali,2262
014061,Sondrio,Sondrio,2020,10-49,unita_locali,106
014061,Sondrio,Sondrio,2020,250+,unita_locali,2
014061,Sondrio,Sondrio,2020,50-249,unita_locali,17
014061,Sondrio,Sondrio,2020,totale,unita_locali,2387
014061,Sondrio,Sondrio,2021,0-9,unita_locali,2353
014061,Sondrio,Sondrio,2021,10-49,unita_locali,107
014061,Sondrio,Sondrio,2021,250+,unita_locali,2
014061,Sondrio,Sondrio,2021,50-249,unita_locali,18
014061,Sondrio,Sondrio,2021,totale,unita_locali,2480
014061,Sondrio,Sondrio,2022,0-9,unita_locali,2416
014061,Sondrio,Sondrio,2022,10-49,unita_locali,110
014061,Sondrio,Sondrio,2022,250+,unita_locali,2
014061,Sondrio,Sondrio,2022,50-249,unita_locali,18
014061,Sondrio,Sondrio,2022,totale,unita_locali,2546
014061,Sondrio,Sondrio,2023,0-9,unita_locali,2400
014061,Sondrio,Sondrio,2023,10-49,unita_locali,118
014061,Sondrio,Sondrio,2023,250+,unita_locali,2
014061,Sondrio,Sondrio,2023,50-249,unita_locali,17
014061,Sondrio,Sondrio,2023,totale,unita_locali,2537
015146,Milano,Milano,2018,0-9,addetti,308054.3
015146,Milano,Milano,2018,10-49,addetti,193591.9
015146,Milano,Milano,2018,250+,addetti,203282.7
015146,Milano,Milano,2018,50-249,addetti,210844.6
015146,Milano,Milano,2018,totale,addetti,915773.5
015146,Milano,Milano,2019,0-9,addetti,309499.2
015146,Milano,Milano,2019,10-49,addetti,197464.7
015146,Milano,Milano,2019,250+,addetti,213720.1
015146,Milano,Milano,2019,50-249,addetti,210059.6
015146,Milano,Milano,2019,totale,addetti,930743.6
015146,Milano,Milano,2020,0-9,addetti,307706.5
015146,Milano,Milano,2020,10-49,addetti,187327.6
015146,Milano,Milano,2020,250+,addetti,204898.1
015146,Milano,Milano,2020,50-249,addetti,203010.1
015146,Milano,Milano,2020,totale,addetti,902942.3
015146,Milano,Milano,2021,0-9,addetti,308628.0
015146,Milano,Milano,2021,10-49,addetti,194153.1
015146,Milano,Milano,2021,250+,addetti,223555.2
015146,Milano,Milano,2021,50-249,addetti,215602.1
015146,Milano,Milano,2021,totale,addetti,941938.5
015146,Milano,Milano,2022,0-9,addetti,320570.2
015146,Milano,Milano,2022,10-49,addetti,204392.9
015146,Milano,Milano,2022,250+,addetti,233937.6
015146,Milano,Milano,2022,50-249,addetti,219024.3
015146,Milano,Milano,2022,totale,addetti,977924.9
015146,Milano,Milano,2023,0-9,addetti,326114.8
015146,Milano,Milano,2023,10-49,addetti,219200.0
015146,Milano,Milano,2023,250+,addetti,244874.3
015146,Milano,Milano,2023,50-249,addetti,231745.8
015146,Milano,Milano,2023,totale,addetti,1021934.9
015146,Milano,Milano,2018,0-9,unita_locali,189829
015146,Milano,Milano,2018,10-49,unita_locali,10156
015146,Milano,Milano,2018,250+,unita_locali,349
015146,Milano,Milano,2018,50-249,unita_locali,2123
015146,Milano,Milano,2018,totale,unita_locali,202457
015146,Milano,Milano,2019,0-9,unita_locali,192517
015146,Milano,Milano,2019,10-49,unita_locali,10305
015146,Milano,Milano,2019,250+,unita_locali,363
015146,Milano,Milano,2019,50-249,unita_locali,2093
015146,Milano,Milano,2019,totale,unita_locali,205278
015146,Milano,Milano,2020,0-9,unita_locali,194928
015146,Milano,Milano,2020,10-49,unita_locali,9644
015146,Milano,Milano,2020,250+,unita_locali,359
015146,Milano,Milano,2020,50-249,unita_locali,2022
015146,Milano,Milano,2020,totale,unita_locali,206953
015146,Milano,Milano,2021,0-9,unita_locali,200513
015146,Milano,Milano,2021,10-49,unita_locali,9931
015146,Milano,Milano,2021,250+,unita_locali,386
015146,Milano,Milano,2021,50-249,unita_locali,2150
015146,Milano,Milano,2021,totale,unita_locali,212980
015146,Milano,Milano,2022,0-9,unita_locali,212263
015146,Milano,Milano,2022,10-49,unita_locali,10470
015146,Milano,Milano,2022,250+,unita_locali,396
015146,Milano,Milano,2022,50-249,unita_locali,2220
015146,Milano,Milano,2022,totale,unita_locali,225349
015146,Milano,Milano,2023,0-9,unita_locali,214380
015146,Milano,Milano,2023,10-49,unita_locali,11277
015146,Milano,Milano,2023,250+,unita_locali,424
015146,Milano,Milano,2023,50-249,unita_locali,2347
015146,Milano,Milano,2023,totale,unita_locali,228428
016024,Bergamo,Bergamo,2018,0-9,addetti,28347.5
016024,Bergamo,Bergamo,2018,10-49,addetti,14320.2
016024,Bergamo,Bergamo,2018,250+,addetti,9003.9
016024,Bergamo,Bergamo,2018,50-249,addetti,14150.0
016024,Bergamo,Bergamo,2018,totale,addetti,65821.6
016024,Bergamo,Bergamo,2019,0-9,addetti,28169.3
016024,Bergamo,Bergamo,2019,10-49,addetti,13782.6
016024,Bergamo,Bergamo,2019,250+,addetti,9818.6
016024,Bergamo,Bergamo,2019,50-249,addetti,12905.0
016024,Bergamo,Bergamo,2019,totale,addetti,64675.5
016024,Bergamo,Bergamo,2020,0-9,addetti,27784.7
016024,Bergamo,Bergamo,2020,10-49,addetti,13601.5
016024,Bergamo,Bergamo,2020,250+,addetti,8360.1
016024,Bergamo,Bergamo,2020,50-249,addetti,12041.5
016024,Bergamo,Bergamo,2020,totale,addetti,61787.7
016024,Bergamo,Bergamo,2021,0-9,addetti,28061.2
016024,Bergamo,Bergamo,2021,10-49,addetti,14395.5
016024,Bergamo,Bergamo,2021,250+,addetti,6577.8
016024,Bergamo,Bergamo,2021,50-249,addetti,12070.3
016024,Bergamo,Bergamo,2021,totale,addetti,61104.8
016024,Bergamo,Bergamo,2022,0-9,addetti,28752.2
016024,Bergamo,Bergamo,2022,10-49,addetti,15336.6
016024,Bergamo,Bergamo,2022,250+,addetti,6522.6
016024,Bergamo,Bergamo,2022,50-249,addetti,11990.2
016024,Bergamo,Bergamo,2022,totale,addetti,62601.7
016024,Bergamo,Bergamo,2023,0-9,addetti,29227.5
016024,Bergamo,Bergamo,2023,10-49,addetti,15442.0
016024,Bergamo,Bergamo,2023,250+,addetti,7275.8
016024,Bergamo,Bergamo,2023,50-249,addetti,12278.3
016024,Bergamo,Bergamo,2023,totale,addetti,64223.7
016024,Bergamo,Bergamo,2018,0-9,unita_locali,16696
016024,Bergamo,Bergamo,2018,10-49,unita_locali,769
016024,Bergamo,Bergamo,2018,250+,unita_locali,18
016024,Bergamo,Bergamo,2018,50-249,unita_locali,128
016024,Bergamo,Bergamo,2018,totale,unita_locali,17611
016024,Bergamo,Bergamo,2019,0-9,unita_locali,16487
016024,Bergamo,Bergamo,2019,10-49,unita_locali,744
016024,Bergamo,Bergamo,2019,250+,unita_locali,20
016024,Bergamo,Bergamo,2019,50-249,unita_locali,118
016024,Bergamo,Bergamo,2019,totale,unita_locali,17369
016024,Bergamo,Bergamo,2020,0-9,unita_locali,16877
016024,Bergamo,Bergamo,2020,10-49,unita_locali,728
016024,Bergamo,Bergamo,2020,250+,unita_locali,17
016024,Bergamo,Bergamo,2020,50-249,unita_locali,111
016024,Bergamo,Bergamo,2020,totale,unita_locali,17733
016024,Bergamo,Bergamo,2021,0-9,unita_locali,17332
016024,Bergamo,Bergamo,2021,10-49,unita_locali,761
016024,Bergamo,Bergamo,2021,250+,unita_locali,18
016024,Bergamo,Bergamo,2021,50-249,unita_locali,108
016024,Bergamo,Bergamo,2021,totale,unita_locali,18219
016024,Bergamo,Bergamo,2022,0-9,unita_locali,17870
016024,Bergamo,Bergamo,2022,10-49,unita_locali,826
016024,Bergamo,Bergamo,2022,250+,unita_locali,19
016024,Bergamo,Bergamo,2022,50-249,unita_locali,115
016024,Bergamo,Bergamo,2022,totale,unita_locali,18830
016024,Bergamo,Bergamo,2023,0-9,unita_locali,18013
016024,Bergamo,Bergamo,2023,10-49,unita_locali,847
016024,Bergamo,Bergamo,2023,250+,unita_locali,18
016024,Bergamo,Bergamo,2023,50-249,unita_locali,124
016024,Bergamo,Bergamo,2023,totale,unita_locali,19002
017029,Brescia,Brescia,2018,0-9,addetti,40149.3
017029,Brescia,Brescia,2018,10-49,addetti,22015.8
017029,Brescia,Brescia,2018,250+,addetti,20110.7
017029,Brescia,Brescia,2018,50-249,addetti,18860.0
017029,Brescia,Brescia,2018,totale,addetti,101135.9
017029,Brescia,Brescia,2019,0-9,addetti,39344.1
017029,Brescia,Brescia,2019,10-49,addetti,22616.0
017029,Brescia,Brescia,2019,250+,addetti,20508.6
017029,Brescia,Brescia,2019,50-249,addetti,18647.9
017029,Brescia,Brescia,2019,totale,addetti,101116.7
017029,Brescia,Brescia,2020,0-9,addetti,39306.3
017029,Brescia,Brescia,2020,10-49,addetti,21849.7
017029,Brescia,Brescia,2020,250+,addetti,13752.9
017029,Brescia,Brescia,2020,50-249,addetti,18553.2
017029,Brescia,Brescia,2020,totale,addetti,93462.0
017029,Brescia,Brescia,2021,0-9,addetti,39173.0
017029,Brescia,Brescia,2021,10-49,addetti,23227.5
017029,Brescia,Brescia,2021,250+,addetti,12049.6
017029,Brescia,Brescia,2021,50-249,addetti,20668.5
017029,Brescia,Brescia,2021,totale,addetti,95118.6
017029,Brescia,Brescia,2022,0-9,addetti,41077.6
017029,Brescia,Brescia,2022,10-49,addetti,23883.2
017029,Brescia,Brescia,2022,250+,addetti,13487.9
017029,Brescia,Brescia,2022,50-249,addetti,20479.3
017029,Brescia,Brescia,2022,totale,addetti,98928.0
017029,Brescia,Brescia,2023,0-9,addetti,41315.2
017029,Brescia,Brescia,2023,10-49,addetti,25414.8
017029,Brescia,Brescia,2023,250+,addetti,13775.1
017029,Brescia,Brescia,2023,50-249,addetti,20434.2
017029,Brescia,Brescia,2023,totale,addetti,100939.2
017029,Brescia,Brescia,2018,0-9,unita_locali,22913
017029,Brescia,Brescia,2018,10-49,unita_locali,1180
017029,Brescia,Brescia,2018,250+,unita_locali,35
017029,Brescia,Brescia,2018,50-249,unita_locali,183
017029,Brescia,Brescia,2018,totale,unita_locali,24311
017029,Brescia,Brescia,2019,0-9,unita_locali,22403
017029,Brescia,Brescia,2019,10-49,unita_locali,1219
017029,Brescia,Brescia,2019,250+,unita_locali,38
017029,Brescia,Brescia,2019,50-249,unita_locali,179
017029,Brescia,Brescia,2019,totale,unita_locali,23839
017029,Brescia,Brescia,2020,0-9,unita_locali,23028
017029,Brescia,Brescia,2020,10-49,unita_locali,1156
017029,Brescia,Brescia,2020,250+,unita_locali,29
017029,Brescia,Brescia,2020,50-249,unita_locali,182
017029,Brescia,Brescia,2020,totale,unita_locali,24395
017029,Brescia,Brescia,2021,0-9,unita_locali,23430
017029,Brescia,Brescia,2021,10-49,unita_locali,1265
017029,Brescia,Brescia,2021,250+,unita_locali,26
017029,Brescia,Brescia,2021,50-249,unita_locali,210
017029,Brescia,Brescia,2021,totale,unita_locali,24931
017029,Brescia,Brescia,2022,0-9,unita_locali,24571
017029,Brescia,Brescia,2022,10-49,unita_locali,1276
017029,Brescia,Brescia,2022,250+,unita_locali,26
017029,Brescia,Brescia,2022,50-249,unita_locali,203
017029,Brescia,Brescia,2022,totale,unita_locali,26076
017029,Brescia,Brescia,2023,0-9,unita_locali,24726
017029,Brescia,Brescia,2023,10-49,unita_locali,1335
017029,Brescia,Brescia,2023,250+,unita_locali,28
017029,Brescia,Brescia,2023,50-249,unita_locali,198
017029,Brescia,Brescia,2023,totale,unita_locali,26287
018110,Pavia,Pavia,2018,0-9,addetti,12986.6
018110,Pavia,Pavia,2018,10-49,addetti,4516.4
018110,Pavia,Pavia,2018,250+,addetti,2428.0
018110,Pavia,Pavia,2018,50-249,addetti,4642.9
018110,Pavia,Pavia,2018,totale,addetti,24573.8
018110,Pavia,Pavia,2019,0-9,addetti,12544.1
018110,Pavia,Pavia,2019,10-49,addetti,4606.1
018110,Pavia,Pavia,2019,250+,addetti,2486.6
018110,Pavia,Pavia,2019,50-249,addetti,4828.9
018110,Pavia,Pavia,2019,totale,addetti,24465.7
018110,Pavia,Pavia,2020,0-9,addetti,12484.3
018110,Pavia,Pavia,2020,10-49,addetti,4620.2
018110,Pavia,Pavia,2020,250+,addetti,1424.6
018110,Pavia,Pavia,2020,50-249,addetti,4754.6
018110,Pavia,Pavia,2020,totale,addetti,23283.7
018110,Pavia,Pavia,2021,0-9,addetti,12634.5
018110,Pavia,Pavia,2021,10-49,addetti,5266.2
018110,Pavia,Pavia,2021,250+,addetti,1440.8
018110,Pavia,Pavia,2021,50-249,addetti,5030.5
018110,Pavia,Pavia,2021,totale,addetti,24371.9
018110,Pavia,Pavia,2022,0-9,addetti,13018.4
018110,Pavia,Pavia,2022,10-49,addetti,5228.9
018110,Pavia,Pavia,2022,250+,addetti,2179.9
018110,Pavia,Pavia,2022,50-249,addetti,4407.3
018110,Pavia,Pavia,2022,totale,addetti,24834.4
018110,Pavia,Pavia,2023,0-9,addetti,12893.4
018110,Pavia,Pavia,2023,10-49,addetti,5482.2
018110,Pavia,Pavia,2023,250+,addetti,1728.0
018110,Pavia,Pavia,2023,50-249,addetti,4851.1
018110,Pavia,Pavia,2023,totale,addetti,24954.7
018110,Pavia,Pavia,2018,0-9,unita_locali,7595
018110,Pavia,Pavia,2018,10-49,unita_locali,266
018110,Pavia,Pavia,2018,250+,unita_locali,5
018110,Pavia,Pavia,2018,50-249,unita_locali,42
018110,Pavia,Pavia,2018,totale,unita_locali,7908
018110,Pavia,Pavia,2019,0-9,unita_locali,7286
018110,Pavia,Pavia,2019,10-49,unita_locali,271
018110,Pavia,Pavia,2019,250+,unita_locali,4
018110,Pavia,Pavia,2019,50-249,unita_locali,46
018110,Pavia,Pavia,2019,totale,unita_locali,7607
018110,Pavia,Pavia,2020,0-9,unita_locali,7513
018110,Pavia,Pavia,2020,10-49,unita_locali,263
018110,Pavia,Pavia,2020,250+,unita_locali,3
018110,Pavia,Pavia,2020,50-249,unita_locali,47
018110,Pavia,Pavia,2020,totale,unita_locali,7826
018110,Pavia,Pavia,2021,0-9,unita_locali,7757
018110,Pavia,Pavia,2021,10-49,unita_locali,293
018110,Pavia,Pavia,2021,250+,unita_locali,3
018110,Pavia,Pavia,2021,50-249,unita_locali,43
018110,Pavia,Pavia,2021,totale,unita_locali,8096
018110,Pavia,Pavia,2022,0-9,unita_locali,7991
018110,Pavia,Pavia,2022,10-49,unita_locali,294
018110,Pavia,Pavia,2022,250+,unita_locali,6
018110,Pavia,Pavia,2022,50-249,unita_locali,43
018110,Pavia,Pavia,2022,totale,unita_locali,8334
018110,Pavia,Pavia,2023,0-9,unita_locali,7956
018110,Pavia,Pavia,2023,10-49,unita_locali,306
018110,Pavia,Pavia,2023,250+,unita_locali,4
018110,Pavia,Pavia,2023,50-249,unita_locali,49
018110,Pavia,Pavia,2023,totale,unita_locali,8315
019036,Cremona,Cremona,2018,0-9,addetti,11044.3
019036,Cremona,Cremona,2018,10-49,addetti,5901.7
019036,Cremona,Cremona,2018,250+,addetti,3295.1
019036,Cremona,Cremona,2018,50-249,addetti,5003.8
019036,Cremona,Cremona,2018,totale,addetti,25244.9
019036,Cremona,Cremona,2019,0-9,addetti,10695.3
019036,Cremona,Cremona,2019,10-49,addetti,6330.4
019036,Cremona,Cremona,2019,250+,addetti,3617.3
019036,Cremona,Cremona,2019,50-249,addetti,5035.3
019036,Cremona,Cremona,2019,totale,addetti,25678.3
019036,Cremona,Cremona,2020,0-9,addetti,10886.3
019036,Cremona,Cremona,2020,10-49,addetti,6168.8
019036,Cremona,Cremona,2020,250+,addetti,2896.0
019036,Cremona,Cremona,2020,50-249,addetti,4890.8
019036,Cremona,Cremona,2020,totale,addetti,24841.9
019036,Cremona,Cremona,2021,0-9,addetti,10982.7
019036,Cremona,Cremona,2021,10-49,addetti,6595.1
019036,Cremona,Cremona,2021,250+,addetti,2625.5
019036,Cremona,Cremona,2021,50-249,addetti,5364.8
019036,Cremona,Cremona,2021,totale,addetti,25568.1
019036,Cremona,Cremona,2022,0-9,addetti,11310.1
019036,Cremona,Cremona,2022,10-49,addetti,6802.7
019036,Cremona,Cremona,2022,250+,addetti,2300.0
019036,Cremona,Cremona,2022,50-249,addetti,5435.4
019036,Cremona,Cremona,2022,totale,addetti,25848.2
019036,Cremona,Cremona,2023,0-9,addetti,11171.9
019036,Cremona,Cremona,2023,10-49,addetti,7030.8
019036,Cremona,Cremona,2023,250+,addetti,2220.3
019036,Cremona,Cremona,2023,50-249,addetti,5980.7
019036,Cremona,Cremona,2023,totale,addetti,26403.7
019036,Cremona,Cremona,2018,0-9,unita_locali,5973
019036,Cremona,Cremona,2018,10-49,unita_locali,300
019036,Cremona,Cremona,2018,250+,unita_locali,6
019036,Cremona,Cremona,2018,50-249,unita_locali,51
019036,Cremona,Cremona,2018,totale,unita_locali,6330
019036,Cremona,Cremona,2019,0-9,unita_locali,5785
019036,Cremona,Cremona,2019,10-49,unita_locali,323
019036,Cremona,Cremona,2019,250+,unita_locali,6
019036,Cremona,Cremona,2019,50-249,unita_locali,47
019036,Cremona,Cremona,2019,totale,unita_locali,6161
019036,Cremona,Cremona,2020,0-9,unita_locali,5973
019036,Cremona,Cremona,2020,10-49,unita_locali,306
019036,Cremona,Cremona,2020,250+,unita_locali,5
019036,Cremona,Cremona,2020,50-249,unita_locali,48
019036,Cremona,Cremona,2020,totale,unita_locali,6332
019036,Cremona,Cremona,2021,0-9,unita_locali,6085
019036,Cremona,Cremona,2021,10-49,unita_locali,331
019036,Cremona,Cremona,2021,250+,unita_locali,5
019036,Cremona,Cremona,2021,50-249,unita_locali,54
019036,Cremona,Cremona,2021,totale,unita_locali,6475
019036,Cremona,Cremona,2022,0-9,unita_locali,6253
019036,Cremona,Cremona,2022,10-49,unita_locali,335
019036,Cremona,Cremona,2022,250+,unita_locali,4
019036,Cremona,Cremona,2022,50-249,unita_locali,57
019036,Cremona,Cremona,2022,totale,unita_locali,6649
019036,Cremona,Cremona,2023,0-9,unita_locali,6246
019036,Cremona,Cremona,2023,10-49,unita_locali,356
019036,Cremona,Cremona,2023,250+,unita_locali,4
019036,Cremona,Cremona,2023,50-249,unita_locali,62
019036,Cremona,Cremona,2023,totale,unita_locali,6668
020030,Mantova,Mantova,2018,0-9,addetti,10362.0
020030,Mantova,Mantova,2018,10-49,addetti,5763.3
020030,Mantova,Mantova,2018,250+,addetti,3920.0
020030,Mantova,Mantova,2018,50-249,addetti,5091.5
020030,Mantova,Mantova,2018,totale,addetti,25136.7
020030,Mantova,Mantova,2019,0-9,addetti,10170.0
020030,Mantova,Mantova,2019,10-49,addetti,5679.6
020030,Mantova,Mantova,2019,250+,addetti,4099.9
020030,Mantova,Mantova,2019,50-249,addetti,5604.1
020030,Mantova,Mantova,2019,totale,addetti,25553.5
020030,Mantova,Mantova,2020,0-9,addetti,9519.3
020030,Mantova,Mantova,2020,10-49,addetti,5708.4
020030,Mantova,Mantova,2020,250+,addetti,4699.0
020030,Mantova,Mantova,2020,50-249,addetti,5290.2
020030,Mantova,Mantova,2020,totale,addetti,25216.8
020030,Mantova,Mantova,2021,0-9,addetti,9575.7
020030,Mantova,Mantova,2021,10-49,addetti,5758.1
020030,Mantova,Mantova,2021,250+,addetti,3959.5
020030,Mantova,Mantova,2021,50-249,addetti,5858.0
020030,Mantova,Mantova,2021,totale,addetti,25151.4
020030,Mantova,Mantova,2022,0-9,addetti,9945.6
020030,Mantova,Mantova,2022,10-49,addetti,6275.6
020030,Mantova,Mantova,2022,250+,addetti,4165.7
020030,Mantova,Mantova,2022,50-249,addetti,5245.7
020030,Mantova,Mantova,2022,totale,addetti,25632.6
020030,Mantova,Mantova,2023,0-9,addetti,9960.3
020030,Mantova,Mantova,2023,10-49,addetti,6464.4
020030,Mantova,Mantova,2023,250+,addetti,3655.5
020030,Mantova,Mantova,2023,50-249,addetti,5353.4
020030,Mantova,Mantova,2023,totale,addetti,25433.7
020030,Mantova,Mantova,2018,0-9,unita_locali,5670
020030,Mantova,Mantova,2018,10-49,unita_locali,307
020030,Mantova,Mantova,2018,250+,unita_locali,9
020030,Mantova,Mantova,2018,50-249,unita_locali,49
020030,Mantova,Mantova,2018,totale,unita_locali,6035
020030,Mantova,Mantova,2019,0-9,unita_locali,5487
020030,Mantova,Mantova,2019,10-49,unita_locali,302
020030,Mantova,Mantova,2019,250+,unita_locali,9
020030,Mantova,Mantova,2019,50-249,unita_locali,57
020030,Mantova,Mantova,2019,totale,unita_locali,5855
020030,Mantova,Mantova,2020,0-9,unita_locali,5422
020030,Mantova,Mantova,2020,10-49,unita_locali,306
020030,Mantova,Mantova,2020,250+,unita_locali,9
020030,Mantova,Mantova,2020,50-249,unita_locali,51
020030,Mantova,Mantova,2020,totale,unita_locali,5788
020030,Mantova,Mantova,2021,0-9,unita_locali,5511
020030,Mantova,Mantova,2021,10-49,unita_locali,301
020030,Mantova,Mantova,2021,250+,unita_locali,9
020030,Mantova,Mantova,2021,50-249,unita_locali,60
020030,Mantova,Mantova,2021,totale,unita_locali,5881
020030,Mantova,Mantova,2022,0-9,unita_locali,5690
020030,Mantova,Mantova,2022,10-49,unita_locali,319
020030,Mantova,Mantova,2022,250+,unita_locali,9
020030,Mantova,Mantova,2022,50-249,unita_locali,51
020030,Mantova,Mantova,2022,totale,unita_locali,6069
020030,Mantova,Mantova,2023,0-9,unita_locali,5673
020030,Mantova,Mantova,2023,10-49,unita_locali,331
020030,Mantova,Mantova,2023,250+,unita_locali,8
020030,Mantova,Mantova,2023,50-249,unita_locali,54
020030,Mantova,Mantova,2023,totale,unita_locali,6066
021008,Bolzano,Bolzano/Bozen,2018,0-9,addetti,19671.8
021008,Bolzano,Bolzano/Bozen,2018,10-49,addetti,14453.7
021008,Bolzano,Bolzano/Bozen,2018,250+,addetti,4322.9
021008,Bolzano,Bolzano/Bozen,2018,50-249,addetti,11332.7
021008,Bolzano,Bolzano/Bozen,2018,totale,addetti,49781.1
021008,Bolzano,Bolzano/Bozen,2019,0-9,addetti,19260.0
021008,Bolzano,Bolzano/Bozen,2019,10-49,addetti,14629.3
021008,Bolzano,Bolzano/Bozen,2019,250+,addetti,5123.5
021008,Bolzano,Bolzano/Bozen,2019,50-249,addetti,11973.7
021008,Bolzano,Bolzano/Bozen,2019,totale,addetti,50986.5
021008,Bolzano,Bolzano/Bozen,2020,0-9,addetti,19197.6
021008,Bolzano,Bolzano/Bozen,2020,10-49,addetti,13991.1
021008,Bolzano,Bolzano/Bozen,2020,250+,addetti,4485.1
021008,Bolzano,Bolzano/Bozen,2020,50-249,addetti,11233.6
021008,Bolzano,Bolzano/Bozen,2020,totale,addetti,48907.3
021008,Bolzano,Bolzano/Bozen,2021,0-9,addetti,19390.8
021008,Bolzano,Bolzano/Bozen,2021,10-49,addetti,14883.8
021008,Bolzano,Bolzano/Bozen,2021,250+,addetti,4855.5
021008,Bolzano,Bolzano/Bozen,2021,50-249,addetti,12221.1
021008,Bolzano,Bolzano/Bozen,2021,totale,addetti,51351.2
021008,Bolzano,Bolzano/Bozen,2022,0-9,addetti,20198.3
021008,Bolzano,Bolzano/Bozen,2022,10-49,addetti,14981.7
021008,Bolzano,Bolzano/Bozen,2022,250+,addetti,4949.8
021008,Bolzano,Bolzano/Bozen,2022,50-249,addetti,12600.5
021008,Bolzano,Bolzano/Bozen,2022,totale,addetti,52730.2
021008,Bolzano,Bolzano/Bozen,2023,0-9,addetti,20314.8
021008,Bolzano,Bolzano/Bozen,2023,10-49,addetti,15633.9
021008,Bolzano,Bolzano/Bozen,2023,250+,addetti,5124.1
021008,Bolzano,Bolzano/Bozen,2023,50-249,addetti,13683.5
021008,Bolzano,Bolzano/Bozen,2023,totale,addetti,54756.3
021008,Bolzano,Bolzano/Bozen,2018,0-9,unita_locali,10944
021008,Bolzano,Bolzano/Bozen,2018,10-49,unita_locali,770
021008,Bolzano,Bolzano/Bozen,2018,250+,unita_locali,11
021008,Bolzano,Bolzano/Bozen,2018,50-249,unita_locali,112
021008,Bolzano,Bolzano/Bozen,2018,totale,unita_locali,11837
021008,Bolzano,Bolzano/Bozen,2019,0-9,unita_locali,10872
021008,Bolzano,Bolzano/Bozen,2019,10-49,unita_locali,791
021008,Bolzano,Bolzano/Bozen,2019,250+,unita_locali,14
021008,Bolzano,Bolzano/Bozen,2019,50-249,unita_locali,122
021008,Bolzano,Bolzano/Bozen,2019,totale,unita_locali,11799
021008,Bolzano,Bolzano/Bozen,2020,0-9,unita_locali,11073
021008,Bolzano,Bolzano/Bozen,2020,10-49,unita_locali,751
021008,Bolzano,Bolzano/Bozen,2020,250+,unita_locali,12
021008,Bolzano,Bolzano/Bozen,2020,50-249,unita_locali,119
021008,Bolzano,Bolzano/Bozen,2020,totale,unita_locali,11955
021008,Bolzano,Bolzano/Bozen,2021,0-9,unita_locali,11346
021008,Bolzano,Bolzano/Bozen,2021,10-49,unita_locali,798
021008,Bolzano,Bolzano/Bozen,2021,250+,unita_locali,13
021008,Bolzano,Bolzano/Bozen,2021,50-249,unita_locali,124
021008,Bolzano,Bolzano/Bozen,2021,totale,unita_locali,12281
021008,Bolzano,Bolzano/Bozen,2022,0-9,unita_locali,11849
021008,Bolzano,Bolzano/Bozen,2022,10-49,unita_locali,785
021008,Bolzano,Bolzano/Bozen,2022,250+,unita_locali,13
021008,Bolzano,Bolzano/Bozen,2022,50-249,unita_locali,131
021008,Bolzano,Bolzano/Bozen,2022,totale,unita_locali,12778
021008,Bolzano,Bolzano/Bozen,2023,0-9,unita_locali,11783
021008,Bolzano,Bolzano/Bozen,2023,10-49,unita_locali,819
021008,Bolzano,Bolzano/Bozen,2023,250+,unita_locali,12
021008,Bolzano,Bolzano/Bozen,2023,50-249,unita_locali,142
021008,Bolzano,Bolzano/Bozen,2023,totale,unita_locali,12756
022205,Trento,Trento,2018,0-9,addetti,18727.8
022205,Trento,Trento,2018,10-49,addetti,12229.9
022205,Trento,Trento,2018,250+,addetti,5976.1
022205,Trento,Trento,2018,50-249,addetti,13268.7
022205,Trento,Trento,2018,totale,addetti,50202.6
022205,Trento,Trento,2019,0-9,addetti,18550.8
022205,Trento,Trento,2019,10-49,addetti,12386.0
022205,Trento,Trento,2019,250+,addetti,6738.7
022205,Trento,Trento,2019,50-249,addetti,12744.2
022205,Trento,Trento,2019,totale,addetti,50419.7
022205,Trento,Trento,2020,0-9,addetti,18273.8
022205,Trento,Trento,2020,10-49,addetti,12842.6
022205,Trento,Trento,2020,250+,addetti,4929.1
022205,Trento,Trento,2020,50-249,addetti,12304.0
022205,Trento,Trento,2020,totale,addetti,48349.5
022205,Trento,Trento,2021,0-9,addetti,18739.4
022205,Trento,Trento,2021,10-49,addetti,13509.7
022205,Trento,Trento,2021,250+,addetti,5364.0
022205,Trento,Trento,2021,50-249,addetti,12523.5
022205,Trento,Trento,2021,totale,addetti,50136.7
022205,Trento,Trento,2022,0-9,addetti,19231.0
022205,Trento,Trento,2022,10-49,addetti,14277.1
022205,Trento,Trento,2022,250+,addetti,7647.4
022205,Trento,Trento,2022,50-249,addetti,12784.1
022205,Trento,Trento,2022,totale,addetti,53939.6
022205,Trento,Trento,2023,0-9,addetti,19290.9
022205,Trento,Trento,2023,10-49,addetti,14737.5
022205,Trento,Trento,2023,250+,addetti,5877.6
022205,Trento,Trento,2023,50-249,addetti,12631.2
022205,Trento,Trento,2023,totale,addetti,52537.1
022205,Trento,Trento,2018,0-9,unita_locali,10100
022205,Trento,Trento,2018,10-49,unita_locali,668
022205,Trento,Trento,2018,250+,unita_locali,13
022205,Trento,Trento,2018,50-249,unita_locali,130
022205,Trento,Trento,2018,totale,unita_locali,10911
022205,Trento,Trento,2019,0-9,unita_locali,9831
022205,Trento,Trento,2019,10-49,unita_locali,664
022205,Trento,Trento,2019,250+,unita_locali,14
022205,Trento,Trento,2019,50-249,unita_locali,127
022205,Trento,Trento,2019,totale,unita_locali,10636
022205,Trento,Trento,2020,0-9,unita_locali,10146
022205,Trento,Trento,2020,10-49,unita_locali,679
022205,Trento,Trento,2020,250+,unita_locali,12
022205,Trento,Trento,2020,50-249,unita_locali,119
022205,Trento,Trento,2020,totale,unita_locali,10956
022205,Trento,Trento,2021,0-9,unita_locali,10497
022205,Trento,Trento,2021,10-49,unita_locali,702
022205,Trento,Trento,2021,250+,unita_locali,13
022205,Trento,Trento,2021,50-249,unita_locali,120
022205,Trento,Trento,2021,totale,unita_locali,11332
022205,Trento,Trento,2022,0-9,unita_locali,10850
022205,Trento,Trento,2022,10-49,unita_locali,740
022205,Trento,Trento,2022,250+,unita_locali,12
022205,Trento,Trento,2022,50-249,unita_locali,121
022205,Trento,Trento,2022,totale,unita_locali,11723
022205,Trento,Trento,2023,0-9,unita_locali,11019
022205,Trento,Trento,2023,10-49,unita_locali,765
022205,Trento,Trento,2023,250+,unita_locali,15
022205,Trento,Trento,2023,50-249,unita_locali,127
022205,Trento,Trento,2023,totale,unita_locali,11926
023091,Verona,Verona,2018,0-9,addetti,44768.1
023091,Verona,Verona,2018,10-49,addetti,26690.8
023091,Verona,Verona,2018,250+,addetti,15782.9
023091,Verona,Verona,2018,50-249,addetti,20734.9
023091,Verona,Verona,2018,totale,addetti,107976.9
023091,Verona,Verona,2019,0-9,addetti,44209.4
023091,Verona,Verona,2019,10-49,addetti,27055.7
023091,Verona,Verona,2019,250+,addetti,16208.0
023091,Verona,Verona,2019,50-249,addetti,22314.3
023091,Verona,Verona,2019,totale,addetti,109787.3
023091,Verona,Verona,2020,0-9,addetti,44020.9
023091,Verona,Verona,2020,10-49,addetti,25960.2
023091,Verona,Verona,2020,250+,addetti,12337.2
023091,Verona,Verona,2020,50-249,addetti,23496.6
023091,Verona,Verona,2020,totale,addetti,105814.9
023091,Verona,Verona,2021,0-9,addetti,44321.6
023091,Verona,Verona,2021,10-49,addetti,25928.9
023091,Verona,Verona,2021,250+,addetti,11851.7
023091,Verona,Verona,2021,50-249,addetti,24881.8
023091,Verona,Verona,2021,totale,addetti,106984.1
023091,Verona,Verona,2022,0-9,addetti,45543.1
023091,Verona,Verona,2022,10-49,addetti,27527.5
023091,Verona,Verona,2022,250+,addetti,13503.2
023091,Verona,Verona,2022,50-249,addetti,25456.2
023091,Verona,Verona,2022,totale,addetti,112030.0
023091,Verona,Verona,2023,0-9,addetti,46240.6
023091,Verona,Verona,2023,10-49,addetti,27934.5
023091,Verona,Verona,2023,250+,addetti,15919.8
023091,Verona,Verona,2023,50-249,addetti,25428.5
023091,Verona,Verona,2023,totale,addetti,115523.4
023091,Verona,Verona,2018,0-9,unita_locali,25066
023091,Verona,Verona,2018,10-49,unita_locali,1440
023091,Verona,Verona,2018,250+,unita_locali,33
023091,Verona,Verona,2018,50-249,unita_locali,216
023091,Verona,Verona,2018,totale,unita_locali,26755
023091,Verona,Verona,2019,0-9,unita_locali,24738
023091,Verona,Verona,2019,10-49,unita_locali,1463
023091,Verona,Verona,2019,250+,unita_locali,33
023091,Verona,Verona,2019,50-249,unita_locali,235
023091,Verona,Verona,2019,totale,unita_locali,26469
023091,Verona,Verona,2020,0-9,unita_locali,25031
023091,Verona,Verona,2020,10-49,unita_locali,1372
023091,Verona,Verona,2020,250+,unita_locali,27
023091,Verona,Verona,2020,50-249,unita_locali,235
023091,Verona,Verona,2020,totale,unita_locali,26665
023091,Verona,Verona,2021,0-9,unita_locali,25700
023091,Verona,Verona,2021,10-49,unita_locali,1385
023091,Verona,Verona,2021,250+,unita_locali,25
023091,Verona,Verona,2021,50-249,unita_locali,241
023091,Verona,Verona,2021,totale,unita_locali,27351
023091,Verona,Verona,2022,0-9,unita_locali,26545
023091,Verona,Verona,2022,10-49,unita_locali,1468
023091,Verona,Verona,2022,250+,unita_locali,31
023091,Verona,Verona,2022,50-249,unita_locali,249
023091,Verona,Verona,2022,totale,unita_locali,28293
023091,Verona,Verona,2023,0-9,unita_locali,27010
023091,Verona,Verona,2023,10-49,unita_locali,1491
023091,Verona,Verona,2023,250+,unita_locali,37
023091,Verona,Verona,2023,50-249,unita_locali,249
023091,Verona,Verona,2023,totale,unita_locali,28787
024116,Vicenza,Vicenza,2018,0-9,addetti,20918.8
024116,Vicenza,Vicenza,2018,10-49,addetti,11612.5
024116,Vicenza,Vicenza,2018,250+,addetti,5357.3
024116,Vicenza,Vicenza,2018,50-249,addetti,9182.3
024116,Vicenza,Vicenza,2018,totale,addetti,47071.0
024116,Vicenza,Vicenza,2019,0-9,addetti,20500.2
024116,Vicenza,Vicenza,2019,10-49,addetti,11831.8
024116,Vicenza,Vicenza,2019,250+,addetti,5891.0
024116,Vicenza,Vicenza,2019,50-249,addetti,9478.4
024116,Vicenza,Vicenza,2019,totale,addetti,47701.3
024116,Vicenza,Vicenza,2020,0-9,addetti,20497.0
024116,Vicenza,Vicenza,2020,10-49,addetti,11943.8
024116,Vicenza,Vicenza,2020,250+,addetti,5241.7
024116,Vicenza,Vicenza,2020,50-249,addetti,8777.7
024116,Vicenza,Vicenza,2020,totale,addetti,46460.2
024116,Vicenza,Vicenza,2021,0-9,addetti,20641.9
024116,Vicenza,Vicenza,2021,10-49,addetti,12460.6
024116,Vicenza,Vicenza,2021,250+,addetti,4635.0
024116,Vicenza,Vicenza,2021,50-249,addetti,10401.1
024116,Vicenza,Vicenza,2021,totale,addetti,48138.6
024116,Vicenza,Vicenza,2022,0-9,addetti,21238.9
024116,Vicenza,Vicenza,2022,10-49,addetti,12544.0
024116,Vicenza,Vicenza,2022,250+,addetti,5586.1
024116,Vicenza,Vicenza,2022,50-249,addetti,10261.1
024116,Vicenza,Vicenza,2022,totale,addetti,49630.1
024116,Vicenza,Vicenza,2023,0-9,addetti,21250.5
024116,Vicenza,Vicenza,2023,10-49,addetti,13067.7
024116,Vicenza,Vicenza,2023,250+,addetti,5101.2
024116,Vicenza,Vicenza,2023,50-249,addetti,10972.6
024116,Vicenza,Vicenza,2023,totale,addetti,50392.1
024116,Vicenza,Vicenza,2018,0-9,unita_locali,11869
024116,Vicenza,Vicenza,2018,10-49,unita_locali,624
024116,Vicenza,Vicenza,2018,250+,unita_locali,12
024116,Vicenza,Vicenza,2018,50-249,unita_locali,100
024116,Vicenza,Vicenza,2018,totale,unita_locali,12605
024116,Vicenza,Vicenza,2019,0-9,unita_locali,11489
024116,Vicenza,Vicenza,2019,10-49,unita_locali,623
024116,Vicenza,Vicenza,2019,250+,unita_locali,13
024116,Vicenza,Vicenza,2019,50-249,unita_locali,100
024116,Vicenza,Vicenza,2019,totale,unita_locali,12225
024116,Vicenza,Vicenza,2020,0-9,unita_locali,11731
024116,Vicenza,Vicenza,2020,10-49,unita_locali,638
024116,Vicenza,Vicenza,2020,250+,unita_locali,12
024116,Vicenza,Vicenza,2020,50-249,unita_locali,97
024116,Vicenza,Vicenza,2020,totale,unita_locali,12478
024116,Vicenza,Vicenza,2021,0-9,unita_locali,12010
024116,Vicenza,Vicenza,2021,10-49,unita_locali,661
024116,Vicenza,Vicenza,2021,250+,unita_locali,10
024116,Vicenza,Vicenza,2021,50-249,unita_locali,108
024116,Vicenza,Vicenza,2021,totale,unita_locali,12789
024116,Vicenza,Vicenza,2022,0-9,unita_locali,12441
024116,Vicenza,Vicenza,2022,10-49,unita_locali,657
024116,Vicenza,Vicenza,2022,250+,unita_locali,11
024116,Vicenza,Vicenza,2022,50-249,unita_locali,111
024116,Vicenza,Vicenza,2022,totale,unita_locali,13220
024116,Vicenza,Vicenza,2023,0-9,unita_locali,12509
024116,Vicenza,Vicenza,2023,10-49,unita_locali,710
024116,Vicenza,Vicenza,2023,250+,unita_locali,11
024116,Vicenza,Vicenza,2023,50-249,unita_locali,121
024116,Vicenza,Vicenza,2023,totale,unita_locali,13351
025006,Belluno,Belluno,2018,0-9,addetti,5509.4
025006,Belluno,Belluno,2018,10-49,addetti,3229.3
025006,Belluno,Belluno,2018,250+,addetti,1047.5
025006,Belluno,Belluno,2018,50-249,addetti,2591.8
025006,Belluno,Belluno,2018,totale,addetti,12378.0
025006,Belluno,Belluno,2019,0-9,addetti,5314.6
025006,Belluno,Belluno,2019,10-49,addetti,3235.4
025006,Belluno,Belluno,2019,250+,addetti,1063.6
025006,Belluno,Belluno,2019,50-249,addetti,2996.7
025006,Belluno,Belluno,2019,totale,addetti,12610.3
025006,Belluno,Belluno,2020,0-9,addetti,5301.1
025006,Belluno,Belluno,2020,10-49,addetti,3233.3
025006,Belluno,Belluno,2020,250+,addetti,318.5
025006,Belluno,Belluno,2020,50-249,addetti,2394.5
025006,Belluno,Belluno,2020,totale,addetti,11247.4
025006,Belluno,Belluno,2021,0-9,addetti,5397.3
025006,Belluno,Belluno,2021,10-49,addetti,3493.2
025006,Belluno,Belluno,2021,250+,addetti,1093.2
025006,Belluno,Belluno,2021,50-249,addetti,2118.5
025006,Belluno,Belluno,2021,totale,addetti,12102.2
025006,Belluno,Belluno,2022,0-9,addetti,5407.5
025006,Belluno,Belluno,2022,10-49,addetti,3620.0
025006,Belluno,Belluno,2022,250+,addetti,884.6
025006,Belluno,Belluno,2022,50-249,addetti,2297.7
025006,Belluno,Belluno,2022,totale,addetti,12209.7
025006,Belluno,Belluno,2023,0-9,addetti,5473.6
025006,Belluno,Belluno,2023,10-49,addetti,3496.7
025006,Belluno,Belluno,2023,250+,addetti,914.6
025006,Belluno,Belluno,2023,50-249,addetti,2406.8
025006,Belluno,Belluno,2023,totale,addetti,12291.8
025006,Belluno,Belluno,2018,0-9,unita_locali,2877
025006,Belluno,Belluno,2018,10-49,unita_locali,182
025006,Belluno,Belluno,2018,250+,unita_locali,3
025006,Belluno,Belluno,2018,50-249,unita_locali,28
025006,Belluno,Belluno,2018,totale,unita_locali,3090
025006,Belluno,Belluno,2019,0-9,unita_locali,2706
025006,Belluno,Belluno,2019,10-49,unita_locali,189
025006,Belluno,Belluno,2019,250+,unita_locali,3
025006,Belluno,Belluno,2019,50-249,unita_locali,34
025006,Belluno,Belluno,2019,totale,unita_locali,2932
025006,Belluno,Belluno,2020,0-9,unita_locali,2874
025006,Belluno,Belluno,2020,10-49,unita_locali,188
025006,Belluno,Belluno,2020,250+,unita_locali,1
025006,Belluno,Belluno,2020,50-249,unita_locali,27
025006,Belluno,Belluno,2020,totale,unita_locali,3090
025006,Belluno,Belluno,2021,0-9,unita_locali,2942
025006,Belluno,Belluno,2021,10-49,unita_locali,197
025006,Belluno,Belluno,2021,250+,unita_locali,3
025006,Belluno,Belluno,2021,50-249,unita_locali,24
025006,Belluno,Belluno,2021,totale,unita_locali,3166
025006,Belluno,Belluno,2022,0-9,unita_locali,3005
025006,Belluno,Belluno,2022,10-49,unita_locali,204
025006,Belluno,Belluno,2022,250+,unita_locali,2
025006,Belluno,Belluno,2022,50-249,unita_locali,26
025006,Belluno,Belluno,2022,totale,unita_locali,3237
025006,Belluno,Belluno,2023,0-9,unita_locali,3016
025006,Belluno,Belluno,2023,10-49,unita_locali,199
025006,Belluno,Belluno,2023,250+,unita_locali,2
025006,Belluno,Belluno,2023,50-249,unita_locali,29
025006,Belluno,Belluno,2023,totale,unita_locali,3246
026086,Treviso,Treviso,2018,0-9,addetti,17406.3
026086,Treviso,Treviso,2018,10-49,addetti,7840.6
026086,Treviso,Treviso,2018,250+,addetti,5012.6
026086,Treviso,Treviso,2018,50-249,addetti,5641.7
026086,Treviso,Treviso,2018,totale,addetti,35901.1
026086,Treviso,Treviso,2019,0-9,addetti,17288.7
026086,Treviso,Treviso,2019,10-49,addetti,7945.4
026086,Treviso,Treviso,2019,250+,addetti,5110.5
026086,Treviso,Treviso,2019,50-249,addetti,5524.8
026086,Treviso,Treviso,2019,totale,addetti,35869.3
026086,Treviso,Treviso,2020,0-9,addetti,17350.0
026086,Treviso,Treviso,2020,10-49,addetti,7539.3
026086,Treviso,Treviso,2020,250+,addetti,4059.0
026086,Treviso,Treviso,2020,50-249,addetti,5767.1
026086,Treviso,Treviso,2020,totale,addetti,34715.5
026086,Treviso,Treviso,2021,0-9,addetti,17439.3
026086,Treviso,Treviso,2021,10-49,addetti,8083.2
026086,Treviso,Treviso,2021,250+,addetti,4678.2
026086,Treviso,Treviso,2021,50-249,addetti,5345.1
026086,Treviso,Treviso,2021,totale,addetti,35545.9
026086,Treviso,Treviso,2022,0-9,addetti,17893.0
026086,Treviso,Treviso,2022,10-49,addetti,8281.9
026086,Treviso,Treviso,2022,250+,addetti,4418.1
026086,Treviso,Treviso,2022,50-249,addetti,6096.4
026086,Treviso,Treviso,2022,totale,addetti,36689.4
026086,Treviso,Treviso,2023,0-9,addetti,17948.9
026086,Treviso,Treviso,2023,10-49,addetti,8635.8
026086,Treviso,Treviso,2023,250+,addetti,3717.7
026086,Treviso,Treviso,2023,50-249,addetti,6705.6
026086,Treviso,Treviso,2023,totale,addetti,37007.9
026086,Treviso,Treviso,2018,0-9,unita_locali,10052
026086,Treviso,Treviso,2018,10-49,unita_locali,419
026086,Treviso,Treviso,2018,250+,unita_locali,11
026086,Treviso,Treviso,2018,50-249,unita_locali,60
026086,Treviso,Treviso,2018,totale,unita_locali,10542
026086,Treviso,Treviso,2019,0-9,unita_locali,9841
026086,Treviso,Treviso,2019,10-49,unita_locali,413
026086,Treviso,Treviso,2019,250+,unita_locali,13
026086,Treviso,Treviso,2019,50-249,unita_locali,58
026086,Treviso,Treviso,2019,totale,unita_locali,10325
026086,Treviso,Treviso,2020,0-9,unita_locali,10248
026086,Treviso,Treviso,2020,10-49,unita_locali,392
026086,Treviso,Treviso,2020,250+,unita_locali,8
026086,Treviso,Treviso,2020,50-249,unita_locali,60
026086,Treviso,Treviso,2020,totale,unita_locali,10708
026086,Treviso,Treviso,2021,0-9,unita_locali,10474
026086,Treviso,Treviso,2021,10-49,unita_locali,421
026086,Treviso,Treviso,2021,250+,unita_locali,10
026086,Treviso,Treviso,2021,50-249,unita_locali,61
026086,Treviso,Treviso,2021,totale,unita_locali,10966
026086,Treviso,Treviso,2022,0-9,unita_locali,10892
026086,Treviso,Treviso,2022,10-49,unita_locali,440
026086,Treviso,Treviso,2022,250+,unita_locali,10
026086,Treviso,Treviso,2022,50-249,unita_locali,69
026086,Treviso,Treviso,2022,totale,unita_locali,11411
026086,Treviso,Treviso,2023,0-9,unita_locali,11017
026086,Treviso,Treviso,2023,10-49,unita_locali,472
026086,Treviso,Treviso,2023,250+,unita_locali,9
026086,Treviso,Treviso,2023,50-249,unita_locali,74
026086,Treviso,Treviso,2023,totale,unita_locali,11572
027042,Venezia,Venezia,2018,0-9,addetti,47097.0
027042,Venezia,Venezia,2018,10-49,addetti,31503.0
027042,Venezia,Venezia,2018,250+,addetti,18854.1
027042,Venezia,Venezia,2018,50-249,addetti,23098.7
027042,Venezia,Venezia,2018,totale,addetti,120552.8
027042,Venezia,Venezia,2019,0-9,addetti,46887.5
027042,Venezia,Venezia,2019,10-49,addetti,30876.9
027042,Venezia,Venezia,2019,250+,addetti,21612.4
027042,Venezia,Venezia,2019,50-249,addetti,22318.4
027042,Venezia,Venezia,2019,totale,addetti,121695.1
027042,Venezia,Venezia,2020,0-9,addetti,44866.3
027042,Venezia,Venezia,2020,10-49,addetti,27543.0
027042,Venezia,Venezia,2020,250+,addetti,15820.5
027042,Venezia,Venezia,2020,50-249,addetti,21408.2
027042,Venezia,Venezia,2020,totale,addetti,109638.1
027042,Venezia,Venezia,2021,0-9,addetti,44863.9
027042,Venezia,Venezia,2021,10-49,addetti,27684.4
027042,Venezia,Venezia,2021,250+,addetti,15046.5
027042,Venezia,Venezia,2021,50-249,addetti,22745.2
027042,Venezia,Venezia,2021,totale,addetti,110340.0
027042,Venezia,Venezia,2022,0-9,addetti,46364.9
027042,Venezia,Venezia,2022,10-49,addetti,31012.2
027042,Venezia,Venezia,2022,250+,addetti,15284.4
027042,Venezia,Venezia,2022,50-249,addetti,24098.2
027042,Venezia,Venezia,2022,totale,addetti,116759.7
027042,Venezia,Venezia,2023,0-9,addetti,47183.6
027042,Venezia,Venezia,2023,10-49,addetti,33660.5
027042,Venezia,Venezia,2023,250+,addetti,16210.4
027042,Venezia,Venezia,2023,50-249,addetti,24544.7
027042,Venezia,Venezia,2023,totale,addetti,121599.2
027042,Venezia,Venezia,2018,0-9,unita_locali,23570
027042,Venezia,Venezia,2018,10-49,unita_locali,1716
027042,Venezia,Venezia,2018,250+,unita_locali,36
027042,Venezia,Venezia,2018,50-249,unita_locali,240
027042,Venezia,Venezia,2018,totale,unita_locali,25562
027042,Venezia,Venezia,2019,0-9,unita_locali,23243
027042,Venezia,Venezia,2019,10-49,unita_locali,1683
027042,Venezia,Venezia,2019,250+,unita_locali,43
027042,Venezia,Venezia,2019,50-249,unita_locali,236
027042,Venezia,Venezia,2019,totale,unita_locali,25205
027042,Venezia,Venezia,2020,0-9,unita_locali,22948
027042,Venezia,Venezia,2020,10-49,unita_locali,1483
027042,Venezia,Venezia,2020,250+,unita_locali,34
027042,Venezia,Venezia,2020,50-249,unita_locali,231
027042,Venezia,Venezia,2020,totale,unita_locali,24696
027042,Venezia,Venezia,2021,0-9,unita_locali,23270
027042,Venezia,Venezia,2021,10-49,unita_locali,1463
027042,Venezia,Venezia,2021,250+,unita_locali,32
027042,Venezia,Venezia,2021,50-249,unita_locali,230
027042,Venezia,Venezia,2021,totale,unita_locali,24995
027042,Venezia,Venezia,2022,0-9,unita_locali,24587
027042,Venezia,Venezia,2022,10-49,unita_locali,1654
027042,Venezia,Venezia,2022,250+,unita_locali,30
027042,Venezia,Venezia,2022,50-249,unita_locali,241
027042,Venezia,Venezia,2022,totale,unita_locali,26512
027042,Venezia,Venezia,2023,0-9,unita_locali,24866
027042,Venezia,Venezia,2023,10-49,unita_locali,1821
027042,Venezia,Venezia,2023,250+,unita_locali,34
027042,Venezia,Venezia,2023,50-249,unita_locali,256
027042,Venezia,Venezia,2023,totale,unita_locali,26977
028060,Padova,Padova,2018,0-9,addetti,42645.1
028060,Padova,Padova,2018,10-49,addetti,24376.3
028060,Padova,Padova,2018,250+,addetti,13686.5
028060,Padova,Padova,2018,50-249,addetti,21935.3
028060,Padova,Padova,2018,totale,addetti,102643.2
028060,Padova,Padova,2019,0-9,addetti,42572.1
028060,Padova,Padova,2019,10-49,addetti,24445.8
028060,Padova,Padova,2019,250+,addetti,15431.0
028060,Padova,Padova,2019,50-249,addetti,21331.0
028060,Padova,Padova,2019,totale,addetti,103779.9
028060,Padova,Padova,2020,0-9,addetti,41763.9
028060,Padova,Padova,2020,10-49,addetti,24931.1
028060,Padova,Padova,2020,250+,addetti,8536.8
028060,Padova,Padova,2020,50-249,addetti,19300.4
028060,Padova,Padova,2020,totale,addetti,94532.3
028060,Padova,Padova,2021,0-9,addetti,41669.4
028060,Padova,Padova,2021,10-49,addetti,25195.2
028060,Padova,Padova,2021,250+,addetti,8950.1
028060,Padova,Padova,2021,50-249,addetti,19583.7
028060,Padova,Padova,2021,totale,addetti,95398.4
028060,Padova,Padova,2022,0-9,addetti,43048.9
028060,Padova,Padova,2022,10-49,addetti,26193.9
028060,Padova,Padova,2022,250+,addetti,8953.1
028060,Padova,Padova,2022,50-249,addetti,20723.5
028060,Padova,Padova,2022,totale,addetti,98919.4
028060,Padova,Padova,2023,0-9,addetti,43017.3
028060,Padova,Padova,2023,10-49,addetti,26993.4
028060,Padova,Padova,2023,250+,addetti,8623.5
028060,Padova,Padova,2023,50-249,addetti,21501.5
028060,Padova,Padova,2023,totale,addetti,100135.7
028060,Padova,Padova,2018,0-9,unita_locali,24853
028060,Padova,Padova,2018,10-49,unita_locali,1279
028060,Padova,Padova,2018,250+,unita_locali,24
028060,Padova,Padova,2018,50-249,unita_locali,216
028060,Padova,Padova,2018,totale,unita_locali,26372
028060,Padova,Padova,2019,0-9,unita_locali,24456
028060,Padova,Padova,2019,10-49,unita_locali,1287
028060,Padova,Padova,2019,250+,unita_locali,25
028060,Padova,Padova,2019,50-249,unita_locali,217
028060,Padova,Padova,2019,totale,unita_locali,25985
028060,Padova,Padova,2020,0-9,unita_locali,24759
028060,Padova,Padova,2020,10-49,unita_locali,1290
028060,Padova,Padova,2020,250+,unita_locali,20
028060,Padova,Padova,2020,50-249,unita_locali,197
028060,Padova,Padova,2020,totale,unita_locali,26266
028060,Padova,Padova,2021,0-9,unita_locali,25368
028060,Padova,Padova,2021,10-49,unita_locali,1328
028060,Padova,Padova,2021,250+,unita_locali,22
028060,Padova,Padova,2021,50-249,unita_locali,202
028060,Padova,Padova,2021,totale,unita_locali,26920
028060,Padova,Padova,2022,0-9,unita_locali,26139
028060,Padova,Padova,2022,10-49,unita_locali,1364
028060,Padova,Padova,2022,250+,unita_locali,22
028060,Padova,Padova,2022,50-249,unita_locali,222
028060,Padova,Padova,2022,totale,unita_locali,27747
028060,Padova,Padova,2023,0-9,unita_locali,26348
028060,Padova,Padova,2023,10-49,unita_locali,1408
028060,Padova,Padova,2023,250+,unita_locali,21
028060,Padova,Padova,2023,50-249,unita_locali,234
028060,Padova,Padova,2023,totale,unita_locali,28011
029041,Rovigo,Rovigo,2018,0-9,addetti,8947.5
029041,Rovigo,Rovigo,2018,10-49,addetti,4932.2
029041,Rovigo,Rovigo,2018,250+,addetti,631.6
029041,Rovigo,Rovigo,2018,50-249,addetti,4463.7
029041,Rovigo,Rovigo,2018,totale,addetti,18975.0
029041,Rovigo,Rovigo,2019,0-9,addetti,8703.0
029041,Rovigo,Rovigo,2019,10-49,addetti,5042.8
029041,Rovigo,Rovigo,2019,250+,addetti,975.1
029041,Rovigo,Rovigo,2019,50-249,addetti,4183.5
029041,Rovigo,Rovigo,2019,totale,addetti,18904.4
029041,Rovigo,Rovigo,2020,0-9,addetti,8742.0
029041,Rovigo,Rovigo,2020,10-49,addetti,4574.8
029041,Rovigo,Rovigo,2020,250+,addetti,937.7
029041,Rovigo,Rovigo,2020,50-249,addetti,4341.3
029041,Rovigo,Rovigo,2020,totale,addetti,18595.8
029041,Rovigo,Rovigo,2021,0-9,addetti,8681.5
029041,Rovigo,Rovigo,2021,10-49,addetti,4934.6
029041,Rovigo,Rovigo,2021,250+,addetti,3124.9
029041,Rovigo,Rovigo,2021,50-249,addetti,3359.1
029041,Rovigo,Rovigo,2021,totale,addetti,20100.1
029041,Rovigo,Rovigo,2022,0-9,addetti,8921.0
029041,Rovigo,Rovigo,2022,10-49,addetti,4983.2
029041,Rovigo,Rovigo,2022,250+,addetti,2162.0
029041,Rovigo,Rovigo,2022,50-249,addetti,3911.3
029041,Rovigo,Rovigo,2022,totale,addetti,19977.5
029041,Rovigo,Rovigo,2023,0-9,addetti,8870.7
029041,Rovigo,Rovigo,2023,10-49,addetti,5037.4
029041,Rovigo,Rovigo,2023,250+,addetti,1431.4
029041,Rovigo,Rovigo,2023,50-249,addetti,4344.2
029041,Rovigo,Rovigo,2023,totale,addetti,19683.7
029041,Rovigo,Rovigo,2018,0-9,unita_locali,4678
029041,Rovigo,Rovigo,2018,10-49,unita_locali,264
029041,Rovigo,Rovigo,2018,250+,unita_locali,2
029041,Rovigo,Rovigo,2018,50-249,unita_locali,41
029041,Rovigo,Rovigo,2018,totale,unita_locali,4985
029041,Rovigo,Rovigo,2019,0-9,unita_locali,4599
029041,Rovigo,Rovigo,2019,10-49,unita_locali,260
029041,Rovigo,Rovigo,2019,250+,unita_locali,3
029041,Rovigo,Rovigo,2019,50-249,unita_locali,39
029041,Rovigo,Rovigo,2019,totale,unita_locali,4901
029041,Rovigo,Rovigo,2020,0-9,unita_locali,4672
029041,Rovigo,Rovigo,2020,10-49,unita_locali,246
029041,Rovigo,Rovigo,2020,250+,unita_locali,3
029041,Rovigo,Rovigo,2020,50-249,unita_locali,43
029041,Rovigo,Rovigo,2020,totale,unita_locali,4964
029041,Rovigo,Rovigo,2021,0-9,unita_locali,4724
029041,Rovigo,Rovigo,2021,10-49,unita_locali,266
029041,Rovigo,Rovigo,2021,250+,unita_locali,8
029041,Rovigo,Rovigo,2021,50-249,unita_locali,36
029041,Rovigo,Rovigo,2021,totale,unita_locali,5034
029041,Rovigo,Rovigo,2022,0-9,unita_locali,4840
029041,Rovigo,Rovigo,2022,10-49,unita_locali,268
029041,Rovigo,Rovigo,2022,250+,unita_locali,7
029041,Rovigo,Rovigo,2022,50-249,unita_locali,39
029041,Rovigo,Rovigo,2022,totale,unita_locali,5154
029041,Rovigo,Rovigo,2023,0-9,unita_locali,4769
029041,Rovigo,Rovigo,2023,10-49,unita_locali,269
029041,Rovigo,Rovigo,2023,250+,unita_locali,4
029041,Rovigo,Rovigo,2023,50-249,unita_locali,42
029041,Rovigo,Rovigo,2023,totale,unita_locali,5084
030129,Udine,Udine,2018,0-9,addetti,17906.9
030129,Udine,Udine,2018,10-49,addetti,8258.0
030129,Udine,Udine,2018,250+,addetti,4093.3
030129,Udine,Udine,2018,50-249,addetti,8060.3
030129,Udine,Udine,2018,totale,addetti,38318.5
030129,Udine,Udine,2019,0-9,addetti,17364.8
030129,Udine,Udine,2019,10-49,addetti,8568.8
030129,Udine,Udine,2019,250+,addetti,4921.6
030129,Udine,Udine,2019,50-249,addetti,8864.5
030129,Udine,Udine,2019,totale,addetti,39719.6
030129,Udine,Udine,2020,0-9,addetti,17343.4
030129,Udine,Udine,2020,10-49,addetti,7947.0
030129,Udine,Udine,2020,250+,addetti,4079.1
030129,Udine,Udine,2020,50-249,addetti,8440.8
030129,Udine,Udine,2020,totale,addetti,37810.3
030129,Udine,Udine,2021,0-9,addetti,17193.8
030129,Udine,Udine,2021,10-49,addetti,8618.4
030129,Udine,Udine,2021,250+,addetti,5814.7
030129,Udine,Udine,2021,50-249,addetti,9048.4
030129,Udine,Udine,2021,totale,addetti,40675.3
030129,Udine,Udine,2022,0-9,addetti,17614.7
030129,Udine,Udine,2022,10-49,addetti,8826.5
030129,Udine,Udine,2022,250+,addetti,4645.5
030129,Udine,Udine,2022,50-249,addetti,8978.0
030129,Udine,Udine,2022,totale,addetti,40064.8
030129,Udine,Udine,2023,0-9,addetti,17751.8
030129,Udine,Udine,2023,10-49,addetti,9058.1
030129,Udine,Udine,2023,250+,addetti,2958.2
030129,Udine,Udine,2023,50-249,addetti,9757.5
030129,Udine,Udine,2023,totale,addetti,39525.6
030129,Udine,Udine,2018,0-9,unita_locali,10053
030129,Udine,Udine,2018,10-49,unita_locali,449
030129,Udine,Udine,2018,250+,unita_locali,10
030129,Udine,Udine,2018,50-249,unita_locali,81
030129,Udine,Udine,2018,totale,unita_locali,10593
030129,Udine,Udine,2019,0-9,unita_locali,9707
030129,Udine,Udine,2019,10-49,unita_locali,468
030129,Udine,Udine,2019,250+,unita_locali,10
030129,Udine,Udine,2019,50-249,unita_locali,87
030129,Udine,Udine,2019,totale,unita_locali,10272
030129,Udine,Udine,2020,0-9,unita_locali,10059
030129,Udine,Udine,2020,10-49,unita_locali,431
030129,Udine,Udine,2020,250+,unita_locali,8
030129,Udine,Udine,2020,50-249,unita_locali,85
030129,Udine,Udine,2020,totale,unita_locali,10583
030129,Udine,Udine,2021,0-9,unita_locali,10238
030129,Udine,Udine,2021,10-49,unita_locali,460
030129,Udine,Udine,2021,250+,unita_locali,10
030129,Udine,Udine,2021,50-249,unita_locali,89
030129,Udine,Udine,2021,totale,unita_locali,10797
030129,Udine,Udine,2022,0-9,unita_locali,10594
030129,Udine,Udine,2022,10-49,unita_locali,478
030129,Udine,Udine,2022,250+,unita_locali,10
030129,Udine,Udine,2022,50-249,unita_locali,88
030129,Udine,Udine,2022,totale,unita_locali,11170
030129,Udine,Udine,2023,0-9,unita_locali,10605
030129,Udine,Udine,2023,10-49,unita_locali,498
030129,Udine,Udine,2023,250+,unita_locali,6
030129,Udine,Udine,2023,50-249,unita_locali,96
030129,Udine,Udine,2023,totale,unita_locali,11205
031007,Gorizia,Gorizia,2018,0-9,addetti,4514.5
031007,Gorizia,Gorizia,2018,10-49,addetti,2108.9
031007,Gorizia,Gorizia,2018,50-249,addetti,1325.2
031007,Gorizia,Gorizia,2018,totale,addetti,7948.6
031007,Gorizia,Gorizia,2019,0-9,addetti,4261.9
031007,Gorizia,Gorizia,2019,10-49,addetti,2287.1
031007,Gorizia,Gorizia,2019,50-249,addetti,1128.8
031007,Gorizia,Gorizia,2019,totale,addetti,7677.8
031007,Gorizia,Gorizia,2020,0-9,addetti,4354.4
031007,Gorizia,Gorizia,2020,10-49,addetti,2587.2
031007,Gorizia,Gorizia,2020,50-249,addetti,1129.0
031007,Gorizia,Gorizia,2020,totale,addetti,8070.6
031007,Gorizia,Gorizia,2021,0-9,addetti,4474.8
031007,Gorizia,Gorizia,2021,10-49,addetti,2352.0
031007,Gorizia,Gorizia,2021,50-249,addetti,1772.8
031007,Gorizia,Gorizia,2021,totale,addetti,8599.6
031007,Gorizia,Gorizia,2022,0-9,addetti,4650.7
031007,Gorizia,Gorizia,2022,10-49,addetti,2742.9
031007,Gorizia,Gorizia,2022,50-249,addetti,1689.4
031007,Gorizia,Gorizia,2022,totale,addetti,9083.0
031007,Gorizia,Gorizia,2023,0-9,addetti,4581.6
031007,Gorizia,Gorizia,2023,10-49,addetti,2667.3
031007,Gorizia,Gorizia,2023,50-249,addetti,2185.7
031007,Gorizia,Gorizia,2023,totale,addetti,9434.6
031007,Gorizia,Gorizia,2018,0-9,unita_locali,2436
031007,Gorizia,Gorizia,2018,10-49,unita_locali,123
031007,Gorizia,Gorizia,2018,50-249,unita_locali,16
031007,Gorizia,Gorizia,2018,totale,unita_locali,2575
031007,Gorizia,Gorizia,2019,0-9,unita_locali,2290
031007,Gorizia,Gorizia,2019,10-49,unita_locali,127
031007,Gorizia,Gorizia,2019,50-249,unita_locali,13
031007,Gorizia,Gorizia,2019,totale,unita_locali,2430
031007,Gorizia,Gorizia,2020,0-9,unita_locali,2438
031007,Gorizia,Gorizia,2020,10-49,unita_locali,140
031007,Gorizia,Gorizia,2020,50-249,unita_locali,13
031007,Gorizia,Gorizia,2020,totale,unita_locali,2591
031007,Gorizia,Gorizia,2021,0-9,unita_locali,2462
031007,Gorizia,Gorizia,2021,10-49,unita_locali,128
031007,Gorizia,Gorizia,2021,50-249,unita_locali,19
031007,Gorizia,Gorizia,2021,totale,unita_locali,2609
031007,Gorizia,Gorizia,2022,0-9,unita_locali,2536
031007,Gorizia,Gorizia,2022,10-49,unita_locali,147
031007,Gorizia,Gorizia,2022,50-249,unita_locali,18
031007,Gorizia,Gorizia,2022,totale,unita_locali,2701
031007,Gorizia,Gorizia,2023,0-9,unita_locali,2577
031007,Gorizia,Gorizia,2023,10-49,unita_locali,147
031007,Gorizia,Gorizia,2023,50-249,unita_locali,25
031007,Gorizia,Gorizia,2023,totale,unita_locali,2749
032006,Trieste,Trieste,2018,0-9,addetti,25443.5
032006,Trieste,Trieste,2018,10-49,addetti,13023.1
032006,Trieste,Trieste,2018,250+,addetti,7910.4
032006,Trieste,Trieste,2018,50-249,addetti,10150.9
032006,Trieste,Trieste,2018,totale,addetti,56528.1
032006,Trieste,Trieste,2019,0-9,addetti,24698.7
032006,Trieste,Trieste,2019,10-49,addetti,13514.0
032006,Trieste,Trieste,2019,250+,addetti,8984.6
032006,Trieste,Trieste,2019,50-249,addetti,9066.6
032006,Trieste,Trieste,2019,totale,addetti,56263.9
032006,Trieste,Trieste,2020,0-9,addetti,24482.0
032006,Trieste,Trieste,2020,10-49,addetti,13375.8
032006,Trieste,Trieste,2020,250+,addetti,9554.2
032006,Trieste,Trieste,2020,50-249,addetti,8706.6
032006,Trieste,Trieste,2020,totale,addetti,56118.5
032006,Trieste,Trieste,2021,0-9,addetti,24820.5
032006,Trieste,Trieste,2021,10-49,addetti,13734.7
032006,Trieste,Trieste,2021,250+,addetti,9927.3
032006,Trieste,Trieste,2021,50-249,addetti,9885.6
032006,Trieste,Trieste,2021,totale,addetti,58368.1
032006,Trieste,Trieste,2022,0-9,addetti,25728.7
032006,Trieste,Trieste,2022,10-49,addetti,14270.5
032006,Trieste,Trieste,2022,250+,addetti,9589.2
032006,Trieste,Trieste,2022,50-249,addetti,10052.9
032006,Trieste,Trieste,2022,totale,addetti,59641.3
032006,Trieste,Trieste,2023,0-9,addetti,25866.9
032006,Trieste,Trieste,2023,10-49,addetti,14630.3
032006,Trieste,Trieste,2023,250+,addetti,9849.0
032006,Trieste,Trieste,2023,50-249,addetti,10964.1
032006,Trieste,Trieste,2023,totale,addetti,61310.4
032006,Trieste,Trieste,2018,0-9,unita_locali,13464
032006,Trieste,Trieste,2018,10-49,unita_locali,713
032006,Trieste,Trieste,2018,250+,unita_locali,16
032006,Trieste,Trieste,2018,50-249,unita_locali,99
032006,Trieste,Trieste,2018,totale,unita_locali,14292
032006,Trieste,Trieste,2019,0-9,unita_locali,12956
032006,Trieste,Trieste,2019,10-49,unita_locali,739
032006,Trieste,Trieste,2019,250+,unita_locali,19
032006,Trieste,Trieste,2019,50-249,unita_locali,95
032006,Trieste,Trieste,2019,totale,unita_locali,13809
032006,Trieste,Trieste,2020,0-9,unita_locali,13416
032006,Trieste,Trieste,2020,10-49,unita_locali,732
032006,Trieste,Trieste,2020,250+,unita_locali,21
032006,Trieste,Trieste,2020,50-249,unita_locali,96
032006,Trieste,Trieste,2020,totale,unita_locali,14265
032006,Trieste,Trieste,2021,0-9,unita_locali,13772
032006,Trieste,Trieste,2021,10-49,unita_locali,749
032006,Trieste,Trieste,2021,250+,unita_locali,22
032006,Trieste,Trieste,2021,50-249,unita_locali,106
032006,Trieste,Trieste,2021,totale,unita_locali,14649
032006,Trieste,Trieste,2022,0-9,unita_locali,14319
032006,Trieste,Trieste,2022,10-49,unita_locali,784
032006,Trieste,Trieste,2022,250+,unita_locali,21
032006,Trieste,Trieste,2022,50-249,unita_locali,100
032006,Trieste,Trieste,2022,totale,unita_locali,15224
032006,Trieste,Trieste,2023,0-9,unita_locali,14611
032006,Trieste,Trieste,2023,10-49,unita_locali,813
032006,Trieste,Trieste,2023,250+,unita_locali,23
032006,Trieste,Trieste,2023,50-249,unita_locali,118
032006,Trieste,Trieste,2023,totale,unita_locali,15565
033032,Piacenza,Piacenza,2018,0-9,addetti,18974.4
033032,Piacenza,Piacenza,2018,10-49,addetti,10461.2
033032,Piacenza,Piacenza,2018,250+,addetti,4913.6
033032,Piacenza,Piacenza,2018,50-249,addetti,9551.2
033032,Piacenza,Piacenza,2018,totale,addetti,43900.4
033032,Piacenza,Piacenza,2019,0-9,addetti,18647.0
033032,Piacenza,Piacenza,2019,10-49,addetti,10675.0
033032,Piacenza,Piacenza,2019,250+,addetti,3997.5
033032,Piacenza,Piacenza,2019,50-249,addetti,9647.6
033032,Piacenza,Piacenza,2019,totale,addetti,42967.2
033032,Piacenza,Piacenza,2020,0-9,addetti,18706.7
033032,Piacenza,Piacenza,2020,10-49,addetti,10212.3
033032,Piacenza,Piacenza,2020,250+,addetti,4897.0
033032,Piacenza,Piacenza,2020,50-249,addetti,9415.3
033032,Piacenza,Piacenza,2020,totale,addetti,43231.4
033032,Piacenza,Piacenza,2021,0-9,addetti,18850.0
033032,Piacenza,Piacenza,2021,10-49,addetti,10421.2
033032,Piacenza,Piacenza,2021,250+,addetti,5527.6
033032,Piacenza,Piacenza,2021,50-249,addetti,9123.3
033032,Piacenza,Piacenza,2021,totale,addetti,43922.0
033032,Piacenza,Piacenza,2022,0-9,addetti,19142.4
033032,Piacenza,Piacenza,2022,10-49,addetti,11573.4
033032,Piacenza,Piacenza,2022,250+,addetti,4705.8
033032,Piacenza,Piacenza,2022,50-249,addetti,9064.8
033032,Piacenza,Piacenza,2022,totale,addetti,44486.4
033032,Piacenza,Piacenza,2023,0-9,addetti,19062.0
033032,Piacenza,Piacenza,2023,10-49,addetti,12005.5
033032,Piacenza,Piacenza,2023,250+,addetti,4062.4
033032,Piacenza,Piacenza,2023,50-249,addetti,10556.5
033032,Piacenza,Piacenza,2023,totale,addetti,45686.3
033032,Piacenza,Piacenza,2018,0-9,unita_locali,10011
033032,Piacenza,Piacenza,2018,10-49,unita_locali,593
033032,Piacenza,Piacenza,2018,250+,unita_locali,12
033032,Piacenza,Piacenza,2018,50-249,unita_locali,91
033032,Piacenza,Piacenza,2018,totale,unita_locali,10707
033032,Piacenza,Piacenza,2019,0-9,unita_locali,9726
033032,Piacenza,Piacenza,2019,10-49,unita_locali,577
033032,Piacenza,Piacenza,2019,250+,unita_locali,9
033032,Piacenza,Piacenza,2019,50-249,unita_locali,87
033032,Piacenza,Piacenza,2019,totale,unita_locali,10399
033032,Piacenza,Piacenza,2020,0-9,unita_locali,10017
033032,Piacenza,Piacenza,2020,10-49,unita_locali,556
033032,Piacenza,Piacenza,2020,250+,unita_locali,11
033032,Piacenza,Piacenza,2020,50-249,unita_locali,86
033032,Piacenza,Piacenza,2020,totale,unita_locali,10670
033032,Piacenza,Piacenza,2021,0-9,unita_locali,10268
033032,Piacenza,Piacenza,2021,10-49,unita_locali,572
033032,Piacenza,Piacenza,2021,250+,unita_locali,12
033032,Piacenza,Piacenza,2021,50-249,unita_locali,88
033032,Piacenza,Piacenza,2021,totale,unita_locali,10940
033032,Piacenza,Piacenza,2022,0-9,unita_locali,10505
033032,Piacenza,Piacenza,2022,10-49,unita_locali,615
033032,Piacenza,Piacenza,2022,250+,unita_locali,11
033032,Piacenza,Piacenza,2022,50-249,unita_locali,86
033032,Piacenza,Piacenza,2022,totale,unita_locali,11217
033032,Piacenza,Piacenza,2023,0-9,unita_locali,10656
033032,Piacenza,Piacenza,2023,10-49,unita_locali,633
033032,Piacenza,Piacenza,2023,250+,unita_locali,8
033032,Piacenza,Piacenza,2023,50-249,unita_locali,103
033032,Piacenza,Piacenza,2023,totale,unita_locali,11400
034027,Parma,Parma,2018,0-9,addetti,33091.8
034027,Parma,Parma,2018,10-49,addetti,22503.7
034027,Parma,Parma,2018,250+,addetti,16811.5
034027,Parma,Parma,2018,50-249,addetti,17005.7
034027,Parma,Parma,2018,totale,addetti,89412.7
034027,Parma,Parma,2019,0-9,addetti,32560.2
034027,Parma,Parma,2019,10-49,addetti,22139.2
034027,Parma,Parma,2019,250+,addetti,18806.8
034027,Parma,Parma,2019,50-249,addetti,16623.1
034027,Parma,Parma,2019,totale,addetti,90129.3
034027,Parma,Parma,2020,0-9,addetti,32734.8
034027,Parma,Parma,2020,10-49,addetti,19625.3
034027,Parma,Parma,2020,250+,addetti,14273.7
034027,Parma,Parma,2020,50-249,addetti,16829.8
034027,Parma,Parma,2020,totale,addetti,83463.7
034027,Parma,Parma,2021,0-9,addetti,32923.4
034027,Parma,Parma,2021,10-49,addetti,20813.5
034027,Parma,Parma,2021,250+,addetti,15063.7
034027,Parma,Parma,2021,50-249,addetti,16623.4
034027,Parma,Parma,2021,totale,addetti,85424.0
034027,Parma,Parma,2022,0-9,addetti,33673.5
034027,Parma,Parma,2022,10-49,addetti,21035.4
034027,Parma,Parma,2022,250+,addetti,14316.2
034027,Parma,Parma,2022,50-249,addetti,18698.4
034027,Parma,Parma,2022,totale,addetti,87723.6
034027,Parma,Parma,2023,0-9,addetti,33907.5
034027,Parma,Parma,2023,10-49,addetti,21503.6
034027,Parma,Parma,2023,250+,addetti,16417.0
034027,Parma,Parma,2023,50-249,addetti,20068.6
034027,Parma,Parma,2023,totale,addetti,91896.7
034027,Parma,Parma,2018,0-9,unita_locali,18689
034027,Parma,Parma,2018,10-49,unita_locali,1140
034027,Parma,Parma,2018,250+,unita_locali,28
034027,Parma,Parma,2018,50-249,unita_locali,168
034027,Parma,Parma,2018,totale,unita_locali,20025
034027,Parma,Parma,2019,0-9,unita_locali,18225
034027,Parma,Parma,2019,10-49,unita_locali,1133
034027,Parma,Parma,2019,250+,unita_locali,30
034027,Parma,Parma,2019,50-249,unita_locali,164
034027,Parma,Parma,2019,totale,unita_locali,19552
034027,Parma,Parma,2020,0-9,unita_locali,18831
034027,Parma,Parma,2020,10-49,unita_locali,1042
034027,Parma,Parma,2020,250+,unita_locali,25
034027,Parma,Parma,2020,50-249,unita_locali,173
034027,Parma,Parma,2020,totale,unita_locali,20071
034027,Parma,Parma,2021,0-9,unita_locali,19287
034027,Parma,Parma,2021,10-49,unita_locali,1092
034027,Parma,Parma,2021,250+,unita_locali,26
034027,Parma,Parma,2021,50-249,unita_locali,169
034027,Parma,Parma,2021,totale,unita_locali,20574
034027,Parma,Parma,2022,0-9,unita_locali,19801
034027,Parma,Parma,2022,10-49,unita_locali,1102
034027,Parma,Parma,2022,250+,unita_locali,26
034027,Parma,Parma,2022,50-249,unita_locali,188
034027,Parma,Parma,2022,totale,unita_locali,21117
034027,Parma,Parma,2023,0-9,unita_locali,19999
034027,Parma,Parma,2023,10-49,unita_locali,1128
034027,Parma,Parma,2023,250+,unita_locali,30
034027,Parma,Parma,2023,50-249,unita_locali,202
034027,Parma,Parma,2023,totale,unita_locali,21359
035033,Reggio nell'Emilia,Reggio nell'Emilia,2018,0-9,addetti,28625.9
035033,Reggio nell'Emilia,Reggio nell'Emilia,2018,10-49,addetti,18662.8
035033,Reggio nell'Emilia,Reggio nell'Emilia,2018,250+,addetti,11494.5
035033,Reggio nell'Emilia,Reggio nell'Emilia,2018,50-249,addetti,16597.5
035033,Reggio nell'Emilia,Reggio nell'Emilia,2018,totale,addetti,75380.7
035033,Reggio nell'Emilia,Reggio nell'Emilia,2019,0-9,addetti,28567.7
035033,Reggio nell'Emilia,Reggio nell'Emilia,2019,10-49,addetti,20038.3
035033,Reggio nell'Emilia,Reggio nell'Emilia,2019,250+,addetti,12724.0
035033,Reggio nell'Emilia,Reggio nell'Emilia,2019,50-249,addetti,17326.3
035033,Reggio nell'Emilia,Reggio nell'Emilia,2019,totale,addetti,78656.3
035033,Reggio nell'Emilia,Reggio nell'Emilia,2020,0-9,addetti,28276.2
035033,Reggio nell'Emilia,Reggio nell'Emilia,2020,10-49,addetti,18191.0
035033,Reggio nell'Emilia,Reggio nell'Emilia,2020,250+,addetti,8619.2
035033,Reggio nell'Emilia,Reggio nell'Emilia,2020,50-249,addetti,17452.9
035033,Reggio nell'Emilia,Reggio nell'Emilia,2020,totale,addetti,72539.3
035033,Reggio nell'Emilia,Reggio nell'Emilia,2021,0-9,addetti,28636.7
035033,Reggio nell'Emilia,Reggio nell'Emilia,2021,10-49,addetti,18854.8
035033,Reggio nell'Emilia,Reggio nell'Emilia,2021,250+,addetti,8871.4
035033,Reggio nell'Emilia,Reggio nell'Emilia,2021,50-249,addetti,17109.8
035033,Reggio nell'Emilia,Reggio nell'Emilia,2021,totale,addetti,73472.6
035033,Reggio nell'Emilia,Reggio nell'Emilia,2022,0-9,addetti,29291.5
035033,Reggio nell'Emilia,Reggio nell'Emilia,2022,10-49,addetti,19544.5
035033,Reggio nell'Emilia,Reggio nell'Emilia,2022,250+,addetti,9839.8
035033,Reggio nell'Emilia,Reggio nell'Emilia,2022,50-249,addetti,18191.5
035033,Reggio nell'Emilia,Reggio nell'Emilia,2022,totale,addetti,76867.3
035033,Reggio nell'Emilia,Reggio nell'Emilia,2023,0-9,addetti,29250.6
035033,Reggio nell'Emilia,Reggio nell'Emilia,2023,10-49,addetti,20063.9
035033,Reggio nell'Emilia,Reggio nell'Emilia,2023,250+,addetti,10833.1
035033,Reggio nell'Emilia,Reggio nell'Emilia,2023,50-249,addetti,19204.2
035033,Reggio nell'Emilia,Reggio nell'Emilia,2023,totale,addetti,79351.8
035033,Reggio nell'Emilia,Reggio nell'Emilia,2018,0-9,unita_locali,15688
035033,Reggio nell'Emilia,Reggio nell'Emilia,2018,10-49,unita_locali,996
035033,Reggio nell'Emilia,Reggio nell'Emilia,2018,250+,unita_locali,22
035033,Reggio nell'Emilia,Reggio nell'Emilia,2018,50-249,unita_locali,163
035033,Reggio nell'Emilia,Reggio nell'Emilia,2018,totale,unita_locali,16869
035033,Reggio nell'Emilia,Reggio nell'Emilia,2019,0-9,unita_locali,15646
035033,Reggio nell'Emilia,Reggio nell'Emilia,2019,10-49,unita_locali,1051
035033,Reggio nell'Emilia,Reggio nell'Emilia,2019,250+,unita_locali,22
035033,Reggio nell'Emilia,Reggio nell'Emilia,2019,50-249,unita_locali,162
035033,Reggio nell'Emilia,Reggio nell'Emilia,2019,totale,unita_locali,16881
035033,Reggio nell'Emilia,Reggio nell'Emilia,2020,0-9,unita_locali,15974
035033,Reggio nell'Emilia,Reggio nell'Emilia,2020,10-49,unita_locali,963
035033,Reggio nell'Emilia,Reggio nell'Emilia,2020,250+,unita_locali,18
035033,Reggio nell'Emilia,Reggio nell'Emilia,2020,50-249,unita_locali,177
035033,Reggio nell'Emilia,Reggio nell'Emilia,2020,totale,unita_locali,17132
035033,Reggio nell'Emilia,Reggio nell'Emilia,2021,0-9,unita_locali,16265
035033,Reggio nell'Emilia,Reggio nell'Emilia,2021,10-49,unita_locali,977
035033,Reggio nell'Emilia,Reggio nell'Emilia,2021,250+,unita_locali,18
035033,Reggio nell'Emilia,Reggio nell'Emilia,2021,50-249,unita_locali,171
035033,Reggio nell'Emilia,Reggio nell'Emilia,2021,totale,unita_locali,17431
035033,Reggio nell'Emilia,Reggio nell'Emilia,2022,0-9,unita_locali,16849
035033,Reggio nell'Emilia,Reggio nell'Emilia,2022,10-49,unita_locali,1010
035033,Reggio nell'Emilia,Reggio nell'Emilia,2022,250+,unita_locali,20
035033,Reggio nell'Emilia,Reggio nell'Emilia,2022,50-249,unita_locali,179
035033,Reggio nell'Emilia,Reggio nell'Emilia,2022,totale,unita_locali,18058
035033,Reggio nell'Emilia,Reggio nell'Emilia,2023,0-9,unita_locali,17056
035033,Reggio nell'Emilia,Reggio nell'Emilia,2023,10-49,unita_locali,1059
035033,Reggio nell'Emilia,Reggio nell'Emilia,2023,250+,unita_locali,19
035033,Reggio nell'Emilia,Reggio nell'Emilia,2023,50-249,unita_locali,193
035033,Reggio nell'Emilia,Reggio nell'Emilia,2023,totale,unita_locali,18327
036023,Modena,Modena,2018,0-9,addetti,32511.7
036023,Modena,Modena,2018,10-49,addetti,21942.6
036023,Modena,Modena,2018,250+,addetti,18752.1
036023,Modena,Modena,2018,50-249,addetti,16552.8
036023,Modena,Modena,2018,totale,addetti,89759.2
036023,Modena,Modena,2019,0-9,addetti,31672.8
036023,Modena,Modena,2019,10-49,addetti,22527.4
036023,Modena,Modena,2019,250+,addetti,20082.2
036023,Modena,Modena,2019,50-249,addetti,17261.4
036023,Modena,Modena,2019,totale,addetti,91543.8
036023,Modena,Modena,2020,0-9,addetti,31498.7
036023,Modena,Modena,2020,10-49,addetti,21871.0
036023,Modena,Modena,2020,250+,addetti,18529.0
036023,Modena,Modena,2020,50-249,addetti,16904.0
036023,Modena,Modena,2020,totale,addetti,88802.6
036023,Modena,Modena,2021,0-9,addetti,32011.4
036023,Modena,Modena,2021,10-49,addetti,22336.9
036023,Modena,Modena,2021,250+,addetti,20668.4
036023,Modena,Modena,2021,50-249,addetti,17586.5
036023,Modena,Modena,2021,totale,addetti,92603.2
036023,Modena,Modena,2022,0-9,addetti,32852.7
036023,Modena,Modena,2022,10-49,addetti,22688.0
036023,Modena,Modena,2022,250+,addetti,20343.5
036023,Modena,Modena,2022,50-249,addetti,18070.7
036023,Modena,Modena,2022,totale,addetti,93954.9
036023,Modena,Modena,2023,0-9,addetti,32872.0
036023,Modena,Modena,2023,10-49,addetti,23319.4
036023,Modena,Modena,2023,250+,addetti,18800.9
036023,Modena,Modena,2023,50-249,addetti,20341.7
036023,Modena,Modena,2023,totale,addetti,95334.1
036023,Modena,Modena,2018,0-9,unita_locali,18184
036023,Modena,Modena,2018,10-49,unita_locali,1150
036023,Modena,Modena,2018,250+,unita_locali,35
036023,Modena,Modena,2018,50-249,unita_locali,155
036023,Modena,Modena,2018,totale,unita_locali,19524
036023,Modena,Modena,2019,0-9,unita_locali,17740
036023,Modena,Modena,2019,10-49,unita_locali,1214
036023,Modena,Modena,2019,250+,unita_locali,34
036023,Modena,Modena,2019,50-249,unita_locali,169
036023,Modena,Modena,2019,totale,unita_locali,19157
036023,Modena,Modena,2020,0-9,unita_locali,18204
036023,Modena,Modena,2020,10-49,unita_locali,1153
036023,Modena,Modena,2020,250+,unita_locali,35
036023,Modena,Modena,2020,50-249,unita_locali,167
036023,Modena,Modena,2020,totale,unita_locali,19559
036023,Modena,Modena,2021,0-9,unita_locali,18641
036023,Modena,Modena,2021,10-49,unita_locali,1177
036023,Modena,Modena,2021,250+,unita_locali,37
036023,Modena,Modena,2021,50-249,unita_locali,169
036023,Modena,Modena,2021,totale,unita_locali,20024
036023,Modena,Modena,2022,0-9,unita_locali,19243
036023,Modena,Modena,2022,10-49,unita_locali,1198
036023,Modena,Modena,2022,250+,unita_locali,40
036023,Modena,Modena,2022,50-249,unita_locali,179
036023,Modena,Modena,2022,totale,unita_locali,20660
036023,Modena,Modena,2023,0-9,unita_locali,19365
036023,Modena,Modena,2023,10-49,unita_locali,1231
036023,Modena,Modena,2023,250+,unita_locali,39
036023,Modena,Modena,2023,50-249,unita_locali,189
036023,Modena,Modena,2023,totale,unita_locali,20824
037006,Bologna,Bologna,2018,0-9,addetti,69069.6
037006,Bologna,Bologna,2018,10-49,addetti,33582.2
037006,Bologna,Bologna,2018,250+,addetti,34770.2
037006,Bologna,Bologna,2018,50-249,addetti,29204.9
037006,Bologna,Bologna,2018,totale,addetti,166626.8
037006,Bologna,Bologna,2019,0-9,addetti,67783.3
037006,Bologna,Bologna,2019,10-49,addetti,33492.3
037006,Bologna,Bologna,2019,250+,addetti,34760.1
037006,Bologna,Bologna,2019,50-249,addetti,32000.3
037006,Bologna,Bologna,2019,totale,addetti,168036.0
037006,Bologna,Bologna,2020,0-9,addetti,67425.0
037006,Bologna,Bologna,2020,10-49,addetti,31950.6
037006,Bologna,Bologna,2020,250+,addetti,27415.3
037006,Bologna,Bologna,2020,50-249,addetti,30307.1
037006,Bologna,Bologna,2020,totale,addetti,157097.9
037006,Bologna,Bologna,2021,0-9,addetti,67934.5
037006,Bologna,Bologna,2021,10-49,addetti,32839.7
037006,Bologna,Bologna,2021,250+,addetti,31031.9
037006,Bologna,Bologna,2021,50-249,addetti,28450.2
037006,Bologna,Bologna,2021,totale,addetti,160256.3
037006,Bologna,Bologna,2022,0-9,addetti,69385.1
037006,Bologna,Bologna,2022,10-49,addetti,35330.6
037006,Bologna,Bologna,2022,250+,addetti,30457.7
037006,Bologna,Bologna,2022,50-249,addetti,30278.8
037006,Bologna,Bologna,2022,totale,addetti,165452.2
037006,Bologna,Bologna,2023,0-9,addetti,69651.4
037006,Bologna,Bologna,2023,10-49,addetti,37367.5
037006,Bologna,Bologna,2023,250+,addetti,28776.0
037006,Bologna,Bologna,2023,50-249,addetti,33422.3
037006,Bologna,Bologna,2023,totale,addetti,169217.1
037006,Bologna,Bologna,2018,0-9,unita_locali,41627
037006,Bologna,Bologna,2018,10-49,unita_locali,1801
037006,Bologna,Bologna,2018,250+,unita_locali,52
037006,Bologna,Bologna,2018,50-249,unita_locali,293
037006,Bologna,Bologna,2018,totale,unita_locali,43773
037006,Bologna,Bologna,2019,0-9,unita_locali,40963
037006,Bologna,Bologna,2019,10-49,unita_locali,1821
037006,Bologna,Bologna,2019,250+,unita_locali,53
037006,Bologna,Bologna,2019,50-249,unita_locali,326
037006,Bologna,Bologna,2019,totale,unita_locali,43163
037006,Bologna,Bologna,2020,0-9,unita_locali,41421
037006,Bologna,Bologna,2020,10-49,unita_locali,1730
037006,Bologna,Bologna,2020,250+,unita_locali,48
037006,Bologna,Bologna,2020,50-249,unita_locali,321
037006,Bologna,Bologna,2020,totale,unita_locali,43520
037006,Bologna,Bologna,2021,0-9,unita_locali,42566
037006,Bologna,Bologna,2021,10-49,unita_locali,1748
037006,Bologna,Bologna,2021,250+,unita_locali,58
037006,Bologna,Bologna,2021,50-249,unita_locali,296
037006,Bologna,Bologna,2021,totale,unita_locali,44668
037006,Bologna,Bologna,2022,0-9,unita_locali,43838
037006,Bologna,Bologna,2022,10-49,unita_locali,1917
037006,Bologna,Bologna,2022,250+,unita_locali,56
037006,Bologna,Bologna,2022,50-249,unita_locali,314
037006,Bologna,Bologna,2022,totale,unita_locali,46125
037006,Bologna,Bologna,2023,0-9,unita_locali,44224
037006,Bologna,Bologna,2023,10-49,unita_locali,1993
037006,Bologna,Bologna,2023,250+,unita_locali,51
037006,Bologna,Bologna,2023,50-249,unita_locali,343
037006,Bologna,Bologna,2023,totale,unita_locali,46611
038008,Ferrara,Ferrara,2018,0-9,addetti,20078.9
038008,Ferrara,Ferrara,2018,10-49,addetti,9478.0
038008,Ferrara,Ferrara,2018,250+,addetti,4180.3
038008,Ferrara,Ferrara,2018,50-249,addetti,7962.0
038008,Ferrara,Ferrara,2018,totale,addetti,41699.2
038008,Ferrara,Ferrara,2019,0-9,addetti,19424.6
038008,Ferrara,Ferrara,2019,10-49,addetti,9765.9
038008,Ferrara,Ferrara,2019,250+,addetti,4875.2
038008,Ferrara,Ferrara,2019,50-249,addetti,7633.5
038008,Ferrara,Ferrara,2019,totale,addetti,41699.2
038008,Ferrara,Ferrara,2020,0-9,addetti,19339.1
038008,Ferrara,Ferrara,2020,10-49,addetti,9037.9
038008,Ferrara,Ferrara,2020,250+,addetti,3250.8
038008,Ferrara,Ferrara,2020,50-249,addetti,8269.3
038008,Ferrara,Ferrara,2020,totale,addetti,39897.1
038008,Ferrara,Ferrara,2021,0-9,addetti,19387.5
038008,Ferrara,Ferrara,2021,10-49,addetti,9418.5
038008,Ferrara,Ferrara,2021,250+,addetti,3537.2
038008,Ferrara,Ferrara,2021,50-249,addetti,8407.2
038008,Ferrara,Ferrara,2021,totale,addetti,40750.5
038008,Ferrara,Ferrara,2022,0-9,addetti,19778.6
038008,Ferrara,Ferrara,2022,10-49,addetti,9594.1
038008,Ferrara,Ferrara,2022,250+,addetti,3365.6
038008,Ferrara,Ferrara,2022,50-249,addetti,8519.0
038008,Ferrara,Ferrara,2022,totale,addetti,41257.3
038008,Ferrara,Ferrara,2023,0-9,addetti,19881.3
038008,Ferrara,Ferrara,2023,10-49,addetti,9708.7
038008,Ferrara,Ferrara,2023,250+,addetti,3145.8
038008,Ferrara,Ferrara,2023,50-249,addetti,9374.1
038008,Ferrara,Ferrara,2023,totale,addetti,42109.9
038008,Ferrara,Ferrara,2018,0-9,unita_locali,11262
038008,Ferrara,Ferrara,2018,10-49,unita_locali,514
038008,Ferrara,Ferrara,2018,250+,unita_locali,11
038008,Ferrara,Ferrara,2018,50-249,unita_locali,81
038008,Ferrara,Ferrara,2018,totale,unita_locali,11868
038008,Ferrara,Ferrara,2019,0-9,unita_locali,10919
038008,Ferrara,Ferrara,2019,10-49,unita_locali,541
038008,Ferrara,Ferrara,2019,250+,unita_locali,12
038008,Ferrara,Ferrara,2019,50-249,unita_locali,80
038008,Ferrara,Ferrara,2019,totale,unita_locali,11552
038008,Ferrara,Ferrara,2020,0-9,unita_locali,11144
038008,Ferrara,Ferrara,2020,10-49,unita_locali,505
038008,Ferrara,Ferrara,2020,250+,unita_locali,8
038008,Ferrara,Ferrara,2020,50-249,unita_locali,81
038008,Ferrara,Ferrara,2020,totale,unita_locali,11738
038008,Ferrara,Ferrara,2021,0-9,unita_locali,11323
038008,Ferrara,Ferrara,2021,10-49,unita_locali,515
038008,Ferrara,Ferrara,2021,250+,unita_locali,9
038008,Ferrara,Ferrara,2021,50-249,unita_locali,80
038008,Ferrara,Ferrara,2021,totale,unita_locali,11927
038008,Ferrara,Ferrara,2022,0-9,unita_locali,11577
038008,Ferrara,Ferrara,2022,10-49,unita_locali,543
038008,Ferrara,Ferrara,2022,250+,unita_locali,9
038008,Ferrara,Ferrara,2022,50-249,unita_locali,85
038008,Ferrara,Ferrara,2022,totale,unita_locali,12214
038008,Ferrara,Ferrara,2023,0-9,unita_locali,11601
038008,Ferrara,Ferrara,2023,10-49,unita_locali,555
038008,Ferrara,Ferrara,2023,250+,unita_locali,8
038008,Ferrara,Ferrara,2023,50-249,unita_locali,97
038008,Ferrara,Ferrara,2023,totale,unita_locali,12261
039014,Ravenna,Ravenna,2018,0-9,addetti,23066.1
039014,Ravenna,Ravenna,2018,10-49,addetti,14929.4
039014,Ravenna,Ravenna,2018,250+,addetti,5960.3
039014,Ravenna,Ravenna,2018,50-249,addetti,11539.9
039014,Ravenna,Ravenna,2018,totale,addetti,55495.7
039014,Ravenna,Ravenna,2019,0-9,addetti,22643.7
039014,Ravenna,Ravenna,2019,10-49,addetti,14524.8
039014,Ravenna,Ravenna,2019,250+,addetti,7172.2
039014,Ravenna,Ravenna,2019,50-249,addetti,12440.5
039014,Ravenna,Ravenna,2019,totale,addetti,56781.2
039014,Ravenna,Ravenna,2020,0-9,addetti,22277.3
039014,Ravenna,Ravenna,2020,10-49,addetti,14485.8
039014,Ravenna,Ravenna,2020,250+,addetti,5075.1
039014,Ravenna,Ravenna,2020,50-249,addetti,11543.8
039014,Ravenna,Ravenna,2020,totale,addetti,53381.9
039014,Ravenna,Ravenna,2021,0-9,addetti,22370.1
039014,Ravenna,Ravenna,2021,10-49,addetti,15287.9
039014,Ravenna,Ravenna,2021,250+,addetti,4748.2
039014,Ravenna,Ravenna,2021,50-249,addetti,11522.1
039014,Ravenna,Ravenna,2021,totale,addetti,53928.4
039014,Ravenna,Ravenna,2022,0-9,addetti,22948.6
039014,Ravenna,Ravenna,2022,10-49,addetti,16231.9
039014,Ravenna,Ravenna,2022,250+,addetti,4990.5
039014,Ravenna,Ravenna,2022,50-249,addetti,10909.8
039014,Ravenna,Ravenna,2022,totale,addetti,55080.8
039014,Ravenna,Ravenna,2023,0-9,addetti,22805.7
039014,Ravenna,Ravenna,2023,10-49,addetti,16318.2
039014,Ravenna,Ravenna,2023,250+,addetti,4878.6
039014,Ravenna,Ravenna,2023,50-249,addetti,12170.0
039014,Ravenna,Ravenna,2023,totale,addetti,56172.5
039014,Ravenna,Ravenna,2018,0-9,unita_locali,12146
039014,Ravenna,Ravenna,2018,10-49,unita_locali,807
039014,Ravenna,Ravenna,2018,250+,unita_locali,13
039014,Ravenna,Ravenna,2018,50-249,unita_locali,118
039014,Ravenna,Ravenna,2018,totale,unita_locali,13084
039014,Ravenna,Ravenna,2019,0-9,unita_locali,11763
039014,Ravenna,Ravenna,2019,10-49,unita_locali,789
039014,Ravenna,Ravenna,2019,250+,unita_locali,16
039014,Ravenna,Ravenna,2019,50-249,unita_locali,128
039014,Ravenna,Ravenna,2019,totale,unita_locali,12696
039014,Ravenna,Ravenna,2020,0-9,unita_locali,11950
039014,Ravenna,Ravenna,2020,10-49,unita_locali,739
039014,Ravenna,Ravenna,2020,250+,unita_locali,12
039014,Ravenna,Ravenna,2020,50-249,unita_locali,117
039014,Ravenna,Ravenna,2020,totale,unita_locali,12818
039014,Ravenna,Ravenna,2021,0-9,unita_locali,12010
039014,Ravenna,Ravenna,2021,10-49,unita_locali,797
039014,Ravenna,Ravenna,2021,250+,unita_locali,11
039014,Ravenna,Ravenna,2021,50-249,unita_locali,116
039014,Ravenna,Ravenna,2021,totale,unita_locali,12934
039014,Ravenna,Ravenna,2022,0-9,unita_locali,12367
039014,Ravenna,Ravenna,2022,10-49,unita_locali,841
039014,Ravenna,Ravenna,2022,250+,unita_locali,11
039014,Ravenna,Ravenna,2022,50-249,unita_locali,109
039014,Ravenna,Ravenna,2022,totale,unita_locali,13328
039014,Ravenna,Ravenna,2023,0-9,unita_locali,12403
039014,Ravenna,Ravenna,2023,10-49,unita_locali,855
039014,Ravenna,Ravenna,2023,250+,unita_locali,11
039014,Ravenna,Ravenna,2023,50-249,unita_locali,127
039014,Ravenna,Ravenna,2023,totale,unita_locali,13396
040012,Forlì,Forlì-Cesena,2018,0-9,addetti,19495.5
040012,Forlì,Forlì-Cesena,2018,10-49,addetti,12981.4
040012,Forlì,Forlì-Cesena,2018,250+,addetti,4335.8
040012,Forlì,Forlì-Cesena,2018,50-249,addetti,9132.0
040012,Forlì,Forlì-Cesena,2018,totale,addetti,45944.7
040012,Forlì,Forlì-Cesena,2019,0-9,addetti,18772.5
040012,Forlì,Forlì-Cesena,2019,10-49,addetti,13591.7
040012,Forlì,Forlì-Cesena,2019,250+,addetti,12591.2
040012,Forlì,Forlì-Cesena,2019,50-249,addetti,8904.1
040012,Forlì,Forlì-Cesena,2019,totale,addetti,53859.5
040012,Forlì,Forlì-Cesena,2020,0-9,addetti,19005.4
040012,Forlì,Forlì-Cesena,2020,10-49,addetti,13101.9
040012,Forlì,Forlì-Cesena,2020,250+,addetti,3849.6
040012,Forlì,Forlì-Cesena,2020,50-249,addetti,8899.7
040012,Forlì,Forlì-Cesena,2020,totale,addetti,44856.7
040012,Forlì,Forlì-Cesena,2021,0-9,addetti,19302.6
040012,Forlì,Forlì-Cesena,2021,10-49,addetti,13935.8
040012,Forlì,Forlì-Cesena,2021,250+,addetti,5329.7
040012,Forlì,Forlì-Cesena,2021,50-249,addetti,7792.3
040012,Forlì,Forlì-Cesena,2021,totale,addetti,46360.3
040012,Forlì,Forlì-Cesena,2022,0-9,addetti,19366.2
040012,Forlì,Forlì-Cesena,2022,10-49,addetti,14288.2
040012,Forlì,Forlì-Cesena,2022,250+,addetti,4965.6
040012,Forlì,Forlì-Cesena,2022,50-249,addetti,8939.4
040012,Forlì,Forlì-Cesena,2022,totale,addetti,47559.4
040012,Forlì,Forlì-Cesena,2023,0-9,addetti,18888.4
040012,Forlì,Forlì-Cesena,2023,10-49,addetti,15356.8
040012,Forlì,Forlì-Cesena,2023,250+,addetti,4484.3
040012,Forlì,Forlì-Cesena,2023,50-249,addetti,10193.8
040012,Forlì,Forlì-Cesena,2023,totale,addetti,48923.2
040012,Forlì,Forlì-Cesena,2018,0-9,unita_locali,10372
040012,Forlì,Forlì-Cesena,2018,10-49,unita_locali,704
040012,Forlì,Forlì-Cesena,2018,250+,unita_locali,8
040012,Forlì,Forlì-Cesena,2018,50-249,unita_locali,95
040012,Forlì,Forlì-Cesena,2018,totale,unita_locali,11179
040012,Forlì,Forlì-Cesena,2019,0-9,unita_locali,9722
040012,Forlì,Forlì-Cesena,2019,10-49,unita_locali,737
040012,Forlì,Forlì-Cesena,2019,250+,unita_locali,10
040012,Forlì,Forlì-Cesena,2019,50-249,unita_locali,93
040012,Forlì,Forlì-Cesena,2019,totale,unita_locali,10562
040012,Forlì,Forlì-Cesena,2020,0-9,unita_locali,10295
040012,Forlì,Forlì-Cesena,2020,10-49,unita_locali,680
040012,Forlì,Forlì-Cesena,2020,250+,unita_locali,8
040012,Forlì,Forlì-Cesena,2020,50-249,unita_locali,92
040012,Forlì,Forlì-Cesena,2020,totale,unita_locali,11075
040012,Forlì,Forlì-Cesena,2021,0-9,unita_locali,10471
040012,Forlì,Forlì-Cesena,2021,10-49,unita_locali,712
040012,Forlì,Forlì-Cesena,2021,250+,unita_locali,13
040012,Forlì,Forlì-Cesena,2021,50-249,unita_locali,88
040012,Forlì,Forlì-Cesena,2021,totale,unita_locali,11284
040012,Forlì,Forlì-Cesena,2022,0-9,unita_locali,10613
040012,Forlì,Forlì-Cesena,2022,10-49,unita_locali,739
040012,Forlì,Forlì-Cesena,2022,250+,unita_locali,11
040012,Forlì,Forlì-Cesena,2022,50-249,unita_locali,94
040012,Forlì,Forlì-Cesena,2022,totale,unita_locali,11457
040012,Forlì,Forlì-Cesena,2023,0-9,unita_locali,10651
040012,Forlì,Forlì-Cesena,2023,10-49,unita_locali,803
040012,Forlì,Forlì-Cesena,2023,250+,unita_locali,9
040012,Forlì,Forlì-Cesena,2023,50-249,unita_locali,105
040012,Forlì,Forlì-Cesena,2023,totale,unita_locali,11568
041044,Pesaro,Pesaro e Urbino,2018,0-9,addetti,18069.7
041044,Pesaro,Pesaro e Urbino,2018,10-49,addetti,7759.9
041044,Pesaro,Pesaro e Urbino,2018,250+,addetti,3281.7
041044,Pesaro,Pesaro e Urbino,2018,50-249,addetti,5984.4
041044,Pesaro,Pesaro e Urbino,2018,totale,addetti,35095.7
041044,Pesaro,Pesaro e Urbino,2019,0-9,addetti,17646.6
041044,Pesaro,Pesaro e Urbino,2019,10-49,addetti,7973.3
041044,Pesaro,Pesaro e Urbino,2019,250+,addetti,3884.3
041044,Pesaro,Pesaro e Urbino,2019,50-249,addetti,5500.1
041044,Pesaro,Pesaro e Urbino,2019,totale,addetti,35004.4
041044,Pesaro,Pesaro e Urbino,2020,0-9,addetti,17702.2
041044,Pesaro,Pesaro e Urbino,2020,10-49,addetti,7966.6
041044,Pesaro,Pesaro e Urbino,2020,250+,addetti,3833.2
041044,Pesaro,Pesaro e Urbino,2020,50-249,addetti,5860.7
041044,Pesaro,Pesaro e Urbino,2020,totale,addetti,35362.7
041044,Pesaro,Pesaro e Urbino,2021,0-9,addetti,18196.8
041044,Pesaro,Pesaro e Urbino,2021,10-49,addetti,8051.1
041044,Pesaro,Pesaro e Urbino,2021,250+,addetti,4935.9
041044,Pesaro,Pesaro e Urbino,2021,50-249,addetti,5587.4
041044,Pesaro,Pesaro e Urbino,2021,totale,addetti,36771.3
041044,Pesaro,Pesaro e Urbino,2022,0-9,addetti,18554.2
041044,Pesaro,Pesaro e Urbino,2022,10-49,addetti,8266.6
041044,Pesaro,Pesaro e Urbino,2022,250+,addetti,4317.4
041044,Pesaro,Pesaro e Urbino,2022,50-249,addetti,6555.9
041044,Pesaro,Pesaro e Urbino,2022,totale,addetti,37694.1
041044,Pesaro,Pesaro e Urbino,2023,0-9,addetti,18133.3
041044,Pesaro,Pesaro e Urbino,2023,10-49,addetti,9034.4
041044,Pesaro,Pesaro e Urbino,2023,250+,addetti,3354.3
041044,Pesaro,Pesaro e Urbino,2023,50-249,addetti,7074.6
041044,Pesaro,Pesaro e Urbino,2023,totale,addetti,37596.6
041044,Pesaro,Pesaro e Urbino,2018,0-9,unita_locali,9530
041044,Pesaro,Pesaro e Urbino,2018,10-49,unita_locali,447
041044,Pesaro,Pesaro e Urbino,2018,250+,unita_locali,5
041044,Pesaro,Pesaro e Urbino,2018,50-249,unita_locali,60
041044,Pesaro,Pesaro e Urbino,2018,totale,unita_locali,10042
041044,Pesaro,Pesaro e Urbino,2019,0-9,unita_locali,9117
041044,Pesaro,Pesaro e Urbino,2019,10-49,unita_locali,457
041044,Pesaro,Pesaro e Urbino,2019,250+,unita_locali,8
041044,Pesaro,Pesaro e Urbino,2019,50-249,unita_locali,60
041044,Pesaro,Pesaro e Urbino,2019,totale,unita_locali,9642
041044,Pesaro,Pesaro e Urbino,2020,0-9,unita_locali,9525
041044,Pesaro,Pesaro e Urbino,2020,10-49,unita_locali,445
041044,Pesaro,Pesaro e Urbino,2020,250+,unita_locali,8
041044,Pesaro,Pesaro e Urbino,2020,50-249,unita_locali,59
041044,Pesaro,Pesaro e Urbino,2020,totale,unita_locali,10037
041044,Pesaro,Pesaro e Urbino,2021,0-9,unita_locali,9755
041044,Pesaro,Pesaro e Urbino,2021,10-49,unita_locali,462
041044,Pesaro,Pesaro e Urbino,2021,250+,unita_locali,11
041044,Pesaro,Pesaro e Urbino,2021,50-249,unita_locali,60
041044,Pesaro,Pesaro e Urbino,2021,totale,unita_locali,10288
041044,Pesaro,Pesaro e Urbino,2022,0-9,unita_locali,9993
041044,Pesaro,Pesaro e Urbino,2022,10-49,unita_locali,473
041044,Pesaro,Pesaro e Urbino,2022,250+,unita_locali,9
041044,Pesaro,Pesaro e Urbino,2022,50-249,unita_locali,66
041044,Pesaro,Pesaro e Urbino,2022,totale,unita_locali,10541
041044,Pesaro,Pesaro e Urbino,2023,0-9,unita_locali,9922
041044,Pesaro,Pesaro e Urbino,2023,10-49,unita_locali,512
041044,Pesaro,Pesaro e Urbino,2023,250+,unita_locali,6
041044,Pesaro,Pesaro e Urbino,2023,50-249,unita_locali,73
041044,Pesaro,Pesaro e Urbino,2023,totale,unita_locali,10513
042002,Ancona,Ancona,2018,0-9,addetti,16135.9
042002,Ancona,Ancona,2018,10-49,addetti,8542.9
042002,Ancona,Ancona,2018,250+,addetti,5542.8
042002,Ancona,Ancona,2018,50-249,addetti,6887.3
042002,Ancona,Ancona,2018,totale,addetti,37109.0
042002,Ancona,Ancona,2019,0-9,addetti,15540.3
042002,Ancona,Ancona,2019,10-49,addetti,9244.9
042002,Ancona,Ancona,2019,250+,addetti,5988.1
042002,Ancona,Ancona,2019,50-249,addetti,7082.6
042002,Ancona,Ancona,2019,totale,addetti,37855.9
042002,Ancona,Ancona,2020,0-9,addetti,15640.1
042002,Ancona,Ancona,2020,10-49,addetti,9402.5
042002,Ancona,Ancona,2020,250+,addetti,3348.3
042002,Ancona,Ancona,2020,50-249,addetti,7307.6
042002,Ancona,Ancona,2020,totale,addetti,35698.6
042002,Ancona,Ancona,2021,0-9,addetti,15831.9
042002,Ancona,Ancona,2021,10-49,addetti,10130.4
042002,Ancona,Ancona,2021,250+,addetti,3780.8
042002,Ancona,Ancona,2021,50-249,addetti,7168.1
042002,Ancona,Ancona,2021,totale,addetti,36911.2
042002,Ancona,Ancona,2022,0-9,addetti,16323.7
042002,Ancona,Ancona,2022,10-49,addetti,10295.5
042002,Ancona,Ancona,2022,250+,addetti,3766.2
042002,Ancona,Ancona,2022,50-249,addetti,7338.5
042002,Ancona,Ancona,2022,totale,addetti,37723.9
042002,Ancona,Ancona,2023,0-9,addetti,16330.5
042002,Ancona,Ancona,2023,10-49,addetti,10819.8
042002,Ancona,Ancona,2023,250+,addetti,4674.1
042002,Ancona,Ancona,2023,50-249,addetti,7104.4
042002,Ancona,Ancona,2023,totale,addetti,38928.8
042002,Ancona,Ancona,2018,0-9,unita_locali,8770
042002,Ancona,Ancona,2018,10-49,unita_locali,470
042002,Ancona,Ancona,2018,250+,unita_locali,11
042002,Ancona,Ancona,2018,50-249,unita_locali,69
042002,Ancona,Ancona,2018,totale,unita_locali,9320
042002,Ancona,Ancona,2019,0-9,unita_locali,8473
042002,Ancona,Ancona,2019,10-49,unita_locali,502
042002,Ancona,Ancona,2019,250+,unita_locali,11
042002,Ancona,Ancona,2019,50-249,unita_locali,67
042002,Ancona,Ancona,2019,totale,unita_locali,9053
042002,Ancona,Ancona,2020,0-9,unita_locali,8702
042002,Ancona,Ancona,2020,10-49,unita_locali,511
042002,Ancona,Ancona,2020,250+,unita_locali,7
042002,Ancona,Ancona,2020,50-249,unita_locali,73
042002,Ancona,Ancona,2020,totale,unita_locali,9293
042002,Ancona,Ancona,2021,0-9,unita_locali,8932
042002,Ancona,Ancona,2021,10-49,unita_locali,540
042002,Ancona,Ancona,2021,250+,unita_locali,8
042002,Ancona,Ancona,2021,50-249,unita_locali,78
042002,Ancona,Ancona,2021,totale,unita_locali,9558
042002,Ancona,Ancona,2022,0-9,unita_locali,9205
042002,Ancona,Ancona,2022,10-49,unita_locali,576
042002,Ancona,Ancona,2022,250+,unita_locali,8
042002,Ancona,Ancona,2022,50-249,unita_locali,78
042002,Ancona,Ancona,2022,totale,unita_locali,9867
042002,Ancona,Ancona,2023,0-9,unita_locali,9261
042002,Ancona,Ancona,2023,10-49,unita_locali,585
042002,Ancona,Ancona,2023,250+,unita_locali,11
042002,Ancona,Ancona,2023,50-249,unita_locali,77
042002,Ancona,Ancona,2023,totale,unita_locali,9934
043023,Macerata,Macerata,2018,0-9,addetti,7648.3
043023,Macerata,Macerata,2018,10-49,addetti,3116.6
043023,Macerata,Macerata,2018,250+,addetti,875.2
043023,Macerata,Macerata,2018,50-249,addetti,1368.2
043023,Macerata,Macerata,2018,totale,addetti,13008.2
043023,Macerata,Macerata,2019,0-9,addetti,7314.5
043023,Macerata,Macerata,2019,10-49,addetti,3478.9
043023,Macerata,Macerata,2019,250+,addetti,492.0
043023,Macerata,Macerata,2019,50-249,addetti,1686.6
043023,Macerata,Macerata,2019,totale,addetti,12972.0
043023,Macerata,Macerata,2020,0-9,addetti,7490.7
043023,Macerata,Macerata,2020,10-49,addetti,3341.3
043023,Macerata,Macerata,2020,250+,addetti,493.6
043023,Macerata,Macerata,2020,50-249,addetti,1620.1
043023,Macerata,Macerata,2020,totale,addetti,12945.7
043023,Macerata,Macerata,2021,0-9,addetti,7542.0
043023,Macerata,Macerata,2021,10-49,addetti,3574.2
043023,Macerata,Macerata,2021,250+,addetti,889.5
043023,Macerata,Macerata,2021,50-249,addetti,1330.9
043023,Macerata,Macerata,2021,totale,addetti,13336.5
043023,Macerata,Macerata,2022,0-9,addetti,7785.9
043023,Macerata,Macerata,2022,10-49,addetti,3705.4
043023,Macerata,Macerata,2022,250+,addetti,1188.8
043023,Macerata,Macerata,2022,50-249,addetti,1001.7
043023,Macerata,Macerata,2022,totale,addetti,13681.9
043023,Macerata,Macerata,2023,0-9,addetti,7690.3
043023,Macerata,Macerata,2023,10-49,addetti,3976.5
043023,Macerata,Macerata,2023,250+,addetti,727.1
043023,Macerata,Macerata,2023,50-249,addetti,1361.9
043023,Macerata,Macerata,2023,totale,addetti,13755.8
043023,Macerata,Macerata,2018,0-9,unita_locali,4313
043023,Macerata,Macerata,2018,10-49,unita_locali,185
043023,Macerata,Macerata,2018,250+,unita_locali,2
043023,Macerata,Macerata,2018,50-249,unita_locali,16
043023,Macerata,Macerata,2018,totale,unita_locali,4516
043023,Macerata,Macerata,2019,0-9,unita_locali,4118
043023,Macerata,Macerata,2019,10-49,unita_locali,205
043023,Macerata,Macerata,2019,250+,unita_locali,1
043023,Macerata,Macerata,2019,50-249,unita_locali,17
043023,Macerata,Macerata,2019,totale,unita_locali,4341
043023,Macerata,Macerata,2020,0-9,unita_locali,4303
043023,Macerata,Macerata,2020,10-49,unita_locali,196
043023,Macerata,Macerata,2020,250+,unita_locali,1
043023,Macerata,Macerata,2020,50-249,unita_locali,17
043023,Macerata,Macerata,2020,totale,unita_locali,4517
043023,Macerata,Macerata,2021,0-9,unita_locali,4341
043023,Macerata,Macerata,2021,10-49,unita_locali,201
043023,Macerata,Macerata,2021,250+,unita_locali,2
043023,Macerata,Macerata,2021,50-249,unita_locali,15
043023,Macerata,Macerata,2021,totale,unita_locali,4559
043023,Macerata,Macerata,2022,0-9,unita_locali,4495
043023,Macerata,Macerata,2022,10-49,unita_locali,212
043023,Macerata,Macerata,2022,250+,unita_locali,3
043023,Macerata,Macerata,2022,50-249,unita_locali,14
043023,Macerata,Macerata,2022,totale,unita_locali,4724
043023,Macerata,Macerata,2023,0-9,unita_locali,4463
043023,Macerata,Macerata,2023,10-49,unita_locali,229
043023,Macerata,Macerata,2023,250+,unita_locali,2
043023,Macerata,Macerata,2023,50-249,unita_locali,14
043023,Macerata,Macerata,2023,totale,unita_locali,4708
044007,Ascoli Piceno,Ascoli Piceno,2018,0-9,addetti,8445.4
044007,Ascoli Piceno,Ascoli Piceno,2018,10-49,addetti,3776.2
044007,Ascoli Piceno,Ascoli Piceno,2018,250+,addetti,1540.6
044007,Ascoli Piceno,Ascoli Piceno,2018,50-249,addetti,4916.1
044007,Ascoli Piceno,Ascoli Piceno,2018,totale,addetti,18678.3
044007,Ascoli Piceno,Ascoli Piceno,2019,0-9,addetti,8344.8
044007,Ascoli Piceno,Ascoli Piceno,2019,10-49,addetti,4039.7
044007,Ascoli Piceno,Ascoli Piceno,2019,250+,addetti,1742.3
044007,Ascoli Piceno,Ascoli Piceno,2019,50-249,addetti,5059.7
044007,Ascoli Piceno,Ascoli Piceno,2019,totale,addetti,19186.4
044007,Ascoli Piceno,Ascoli Piceno,2020,0-9,addetti,8496.4
044007,Ascoli Piceno,Ascoli Piceno,2020,10-49,addetti,4353.4
044007,Ascoli Piceno,Ascoli Piceno,2020,250+,addetti,1864.3
044007,Ascoli Piceno,Ascoli Piceno,2020,50-249,addetti,4094.5
044007,Ascoli Piceno,Ascoli Piceno,2020,totale,addetti,18808.6
044007,Ascoli Piceno,Ascoli Piceno,2021,0-9,addetti,8661.8
044007,Ascoli Piceno,Ascoli Piceno,2021,10-49,addetti,4635.7
044007,Ascoli Piceno,Ascoli Piceno,2021,250+,addetti,1017.7
044007,Ascoli Piceno,Ascoli Piceno,2021,50-249,addetti,4567.9
044007,Ascoli Piceno,Ascoli Piceno,2021,totale,addetti,18883.0
044007,Ascoli Piceno,Ascoli Piceno,2022,0-9,addetti,9100.0
044007,Ascoli Piceno,Ascoli Piceno,2022,10-49,addetti,4920.9
044007,Ascoli Piceno,Ascoli Piceno,2022,250+,addetti,2581.0
044007,Ascoli Piceno,Ascoli Piceno,2022,50-249,addetti,4117.5
044007,Ascoli Piceno,Ascoli Piceno,2022,totale,addetti,20719.3
044007,Ascoli Piceno,Ascoli Piceno,2023,0-9,addetti,8936.4
044007,Ascoli Piceno,Ascoli Piceno,2023,10-49,addetti,5544.7
044007,Ascoli Piceno,Ascoli Piceno,2023,250+,addetti,2821.2
044007,Ascoli Piceno,Ascoli Piceno,2023,50-249,addetti,3957.0
044007,Ascoli Piceno,Ascoli Piceno,2023,totale,addetti,21259.2
044007,Ascoli Piceno,Ascoli Piceno,2018,0-9,unita_locali,4427
044007,Ascoli Piceno,Ascoli Piceno,2018,10-49,unita_locali,230
044007,Ascoli Piceno,Ascoli Piceno,2018,250+,unita_locali,4
044007,Ascoli Piceno,Ascoli Piceno,2018,50-249,unita_locali,45
044007,Ascoli Piceno,Ascoli Piceno,2018,totale,unita_locali,4706
044007,Ascoli Piceno,Ascoli Piceno,2019,0-9,unita_locali,4323
044007,Ascoli Piceno,Ascoli Piceno,2019,10-49,unita_locali,242
044007,Ascoli Piceno,Ascoli Piceno,2019,250+,unita_locali,4
044007,Ascoli Piceno,Ascoli Piceno,2019,50-249,unita_locali,48
044007,Ascoli Piceno,Ascoli Piceno,2019,totale,unita_locali,4617
044007,Ascoli Piceno,Ascoli Piceno,2020,0-9,unita_locali,4468
044007,Ascoli Piceno,Ascoli Piceno,2020,10-49,unita_locali,244
044007,Ascoli Piceno,Ascoli Piceno,2020,250+,unita_locali,4
044007,Ascoli Piceno,Ascoli Piceno,2020,50-249,unita_locali,38
044007,Ascoli Piceno,Ascoli Piceno,2020,totale,unita_locali,4754
044007,Ascoli Piceno,Ascoli Piceno,2021,0-9,unita_locali,4550
044007,Ascoli Piceno,Ascoli Piceno,2021,10-49,unita_locali,266
044007,Ascoli Piceno,Ascoli Piceno,2021,250+,unita_locali,2
044007,Ascoli Piceno,Ascoli Piceno,2021,50-249,unita_locali,43
044007,Ascoli Piceno,Ascoli Piceno,2021,totale,unita_locali,4861
044007,Ascoli Piceno,Ascoli Piceno,2022,0-9,unita_locali,4780
044007,Ascoli Piceno,Ascoli Piceno,2022,10-49,unita_locali,277
044007,Ascoli Piceno,Ascoli Piceno,2022,250+,unita_locali,5
044007,Ascoli Piceno,Ascoli Piceno,2022,50-249,unita_locali,38
044007,Ascoli Piceno,Ascoli Piceno,2022,totale,unita_locali,5100
044007,Ascoli Piceno,Ascoli Piceno,2023,0-9,unita_locali,4724
044007,Ascoli Piceno,Ascoli Piceno,2023,10-49,unita_locali,306
044007,Ascoli Piceno,Ascoli Piceno,2023,250+,unita_locali,6
044007,Ascoli Piceno,Ascoli Piceno,2023,50-249,unita_locali,35
044007,Ascoli Piceno,Ascoli Piceno,2023,totale,unita_locali,5071
045010,Massa,Massa-Carrara,2018,0-9,addetti,12176.9
045010,Massa,Massa-Carrara,2018,10-49,addetti,4690.3
045010,Massa,Massa-Carrara,2018,250+,addetti,965.0
045010,Massa,Massa-Carrara,2018,50-249,addetti,2545.9
045010,Massa,Massa-Carrara,2018,totale,addetti,20378.1
045010,Massa,Massa-Carrara,2019,0-9,addetti,11978.9
045010,Massa,Massa-Carrara,2019,10-49,addetti,5033.6
045010,Massa,Massa-Carrara,2019,250+,addetti,636.0
045010,Massa,Massa-Carrara,2019,50-249,addetti,2352.8
045010,Massa,Massa-Carrara,2019,totale,addetti,20001.3
045010,Massa,Massa-Carrara,2020,0-9,addetti,11860.2
045010,Massa,Massa-Carrara,2020,10-49,addetti,4836.2
045010,Massa,Massa-Carrara,2020,250+,addetti,637.7
045010,Massa,Massa-Carrara,2020,50-249,addetti,2753.7
045010,Massa,Massa-Carrara,2020,totale,addetti,20087.7
045010,Massa,Massa-Carrara,2021,0-9,addetti,12048.5
045010,Massa,Massa-Carrara,2021,10-49,addetti,5492.7
045010,Massa,Massa-Carrara,2021,250+,addetti,525.7
045010,Massa,Massa-Carrara,2021,50-249,addetti,2275.4
045010,Massa,Massa-Carrara,2021,totale,addetti,20342.4
045010,Massa,Massa-Carrara,2022,0-9,addetti,12111.4
045010,Massa,Massa-Carrara,2022,10-49,addetti,6133.2
045010,Massa,Massa-Carrara,2022,250+,addetti,869.2
045010,Massa,Massa-Carrara,2022,50-249,addetti,2308.8
045010,Massa,Massa-Carrara,2022,totale,addetti,21422.6
045010,Massa,Massa-Carrara,2023,0-9,addetti,12170.8
045010,Massa,Massa-Carrara,2023,10-49,addetti,6234.9
045010,Massa,Massa-Carrara,2023,250+,addetti,673.7
045010,Massa,Massa-Carrara,2023,50-249,addetti,2186.4
045010,Massa,Massa-Carrara,2023,totale,addetti,21265.8
045010,Massa,Massa-Carrara,2018,0-9,unita_locali,6301
045010,Massa,Massa-Carrara,2018,10-49,unita_locali,272
045010,Massa,Massa-Carrara,2018,250+,unita_locali,3
045010,Massa,Massa-Carrara,2018,50-249,unita_locali,25
045010,Massa,Massa-Carrara,2018,totale,unita_locali,6601
045010,Massa,Massa-Carrara,2019,0-9,unita_locali,6057
045010,Massa,Massa-Carrara,2019,10-49,unita_locali,294
045010,Massa,Massa-Carrara,2019,250+,unita_locali,2
045010,Massa,Massa-Carrara,2019,50-249,unita_locali,23
045010,Massa,Massa-Carrara,2019,totale,unita_locali,6376
045010,Massa,Massa-Carrara,2020,0-9,unita_locali,6218
045010,Massa,Massa-Carrara,2020,10-49,unita_locali,282
045010,Massa,Massa-Carrara,2020,250+,unita_locali,2
045010,Massa,Massa-Carrara,2020,50-249,unita_locali,30
045010,Massa,Massa-Carrara,2020,totale,unita_locali,6532
045010,Massa,Massa-Carrara,2021,0-9,unita_locali,6236
045010,Massa,Massa-Carrara,2021,10-49,unita_locali,310
045010,Massa,Massa-Carrara,2021,250+,unita_locali,2
045010,Massa,Massa-Carrara,2021,50-249,unita_locali,24
045010,Massa,Massa-Carrara,2021,totale,unita_locali,6572
045010,Massa,Massa-Carrara,2022,0-9,unita_locali,6392
045010,Massa,Massa-Carrara,2022,10-49,unita_locali,353
045010,Massa,Massa-Carrara,2022,250+,unita_locali,2
045010,Massa,Massa-Carrara,2022,50-249,unita_locali,24
045010,Massa,Massa-Carrara,2022,totale,unita_locali,6771
045010,Massa,Massa-Carrara,2023,0-9,unita_locali,6369
045010,Massa,Massa-Carrara,2023,10-49,unita_locali,361
045010,Massa,Massa-Carrara,2023,250+,unita_locali,2
045010,Massa,Massa-Carrara,2023,50-249,unita_locali,23
045010,Massa,Massa-Carrara,2023,totale,unita_locali,6755
046017,Lucca,Lucca,2018,0-9,addetti,16740.4
046017,Lucca,Lucca,2018,10-49,addetti,7308.5
046017,Lucca,Lucca,2018,250+,addetti,805.4
046017,Lucca,Lucca,2018,50-249,addetti,5716.5
046017,Lucca,Lucca,2018,totale,addetti,30570.8
046017,Lucca,Lucca,2019,0-9,addetti,16619.6
046017,Lucca,Lucca,2019,10-49,addetti,7729.6
046017,Lucca,Lucca,2019,250+,addetti,1089.2
046017,Lucca,Lucca,2019,50-249,addetti,5639.3
046017,Lucca,Lucca,2019,totale,addetti,31077.8
046017,Lucca,Lucca,2020,0-9,addetti,16221.4
046017,Lucca,Lucca,2020,10-49,addetti,7231.1
046017,Lucca,Lucca,2020,250+,addetti,824.7
046017,Lucca,Lucca,2020,50-249,addetti,6014.5
046017,Lucca,Lucca,2020,totale,addetti,30291.8
046017,Lucca,Lucca,2021,0-9,addetti,16577.3
046017,Lucca,Lucca,2021,10-49,addetti,7929.5
046017,Lucca,Lucca,2021,250+,addetti,477.1
046017,Lucca,Lucca,2021,50-249,addetti,5681.2
046017,Lucca,Lucca,2021,totale,addetti,30665.1
046017,Lucca,Lucca,2022,0-9,addetti,16856.1
046017,Lucca,Lucca,2022,10-49,addetti,8394.5
046017,Lucca,Lucca,2022,250+,addetti,749.3
046017,Lucca,Lucca,2022,50-249,addetti,6271.6
046017,Lucca,Lucca,2022,totale,addetti,32271.4
046017,Lucca,Lucca,2023,0-9,addetti,17017.7
046017,Lucca,Lucca,2023,10-49,addetti,8800.7
046017,Lucca,Lucca,2023,250+,addetti,1052.2
046017,Lucca,Lucca,2023,50-249,addetti,5720.4
046017,Lucca,Lucca,2023,totale,addetti,32591.0
046017,Lucca,Lucca,2018,0-9,unita_locali,8861
046017,Lucca,Lucca,2018,10-49,unita_locali,409
046017,Lucca,Lucca,2018,250+,unita_locali,2
046017,Lucca,Lucca,2018,50-249,unita_locali,56
046017,Lucca,Lucca,2018,totale,unita_locali,9328
046017,Lucca,Lucca,2019,0-9,unita_locali,8743
046017,Lucca,Lucca,2019,10-49,unita_locali,438
046017,Lucca,Lucca,2019,250+,unita_locali,3
046017,Lucca,Lucca,2019,50-249,unita_locali,56
046017,Lucca,Lucca,2019,totale,unita_locali,9240
046017,Lucca,Lucca,2020,0-9,unita_locali,8775
046017,Lucca,Lucca,2020,10-49,unita_locali,408
046017,Lucca,Lucca,2020,250+,unita_locali,2
046017,Lucca,Lucca,2020,50-249,unita_locali,60
046017,Lucca,Lucca,2020,totale,unita_locali,9245
046017,Lucca,Lucca,2021,0-9,unita_locali,9020
046017,Lucca,Lucca,2021,10-49,unita_locali,443
046017,Lucca,Lucca,2021,250+,unita_locali,1
046017,Lucca,Lucca,2021,50-249,unita_locali,56
046017,Lucca,Lucca,2021,totale,unita_locali,9520
046017,Lucca,Lucca,2022,0-9,unita_locali,9314
046017,Lucca,Lucca,2022,10-49,unita_locali,487
046017,Lucca,Lucca,2022,250+,unita_locali,2
046017,Lucca,Lucca,2022,50-249,unita_locali,62
046017,Lucca,Lucca,2022,totale,unita_locali,9865
046017,Lucca,Lucca,2023,0-9,unita_locali,9357
046017,Lucca,Lucca,2023,10-49,unita_locali,504
046017,Lucca,Lucca,2023,250+,unita_locali,3
046017,Lucca,Lucca,2023,50-249,unita_locali,51
046017,Lucca,Lucca,2023,totale,unita_locali,9915
047014,Pistoia,Pistoia,2018,0-9,addetti,14003.0
047014,Pistoia,Pistoia,2018,10-49,addetti,6313.4
047014,Pistoia,Pistoia,2018,250+,addetti,878.6
047014,Pistoia,Pistoia,2018,50-249,addetti,4774.9
047014,Pistoia,Pistoia,2018,totale,addetti,25969.9
047014,Pistoia,Pistoia,2019,0-9,addetti,13787.2
047014,Pistoia,Pistoia,2019,10-49,addetti,6328.1
047014,Pistoia,Pistoia,2019,250+,addetti,921.6
047014,Pistoia,Pistoia,2019,50-249,addetti,4875.1
047014,Pistoia,Pistoia,2019,totale,addetti,25912.1
047014,Pistoia,Pistoia,2020,0-9,addetti,13818.3
047014,Pistoia,Pistoia,2020,10-49,addetti,6157.0
047014,Pistoia,Pistoia,2020,250+,addetti,947.8
047014,Pistoia,Pistoia,2020,50-249,addetti,4258.7
047014,Pistoia,Pistoia,2020,totale,addetti,25181.8
047014,Pistoia,Pistoia,2021,0-9,addetti,13894.5
047014,Pistoia,Pistoia,2021,10-49,addetti,7159.8
047014,Pistoia,Pistoia,2021,250+,addetti,1113.8
047014,Pistoia,Pistoia,2021,50-249,addetti,3994.1
047014,Pistoia,Pistoia,2021,totale,addetti,26162.2
047014,Pistoia,Pistoia,2022,0-9,addetti,14303.6
047014,Pistoia,Pistoia,2022,10-49,addetti,7561.4
047014,Pistoia,Pistoia,2022,250+,addetti,1211.6
047014,Pistoia,Pistoia,2022,50-249,addetti,3580.2
047014,Pistoia,Pistoia,2022,totale,addetti,26656.8
047014,Pistoia,Pistoia,2023,0-9,addetti,14032.0
047014,Pistoia,Pistoia,2023,10-49,addetti,7744.5
047014,Pistoia,Pistoia,2023,250+,addetti,1253.4
047014,Pistoia,Pistoia,2023,50-249,addetti,3789.2
047014,Pistoia,Pistoia,2023,totale,addetti,26819.2
047014,Pistoia,Pistoia,2018,0-9,unita_locali,7855
047014,Pistoia,Pistoia,2018,10-49,unita_locali,349
047014,Pistoia,Pistoia,2018,250+,unita_locali,1
047014,Pistoia,Pistoia,2018,50-249,unita_locali,43
047014,Pistoia,Pistoia,2018,totale,unita_locali,8248
047014,Pistoia,Pistoia,2019,0-9,unita_locali,7717
047014,Pistoia,Pistoia,2019,10-49,unita_locali,347
047014,Pistoia,Pistoia,2019,250+,unita_locali,1
047014,Pistoia,Pistoia,2019,50-249,unita_locali,44
047014,Pistoia,Pistoia,2019,totale,unita_locali,8109
047014,Pistoia,Pistoia,2020,0-9,unita_locali,7938
047014,Pistoia,Pistoia,2020,10-49,unita_locali,332
047014,Pistoia,Pistoia,2020,250+,unita_locali,1
047014,Pistoia,Pistoia,2020,50-249,unita_locali,46
047014,Pistoia,Pistoia,2020,totale,unita_locali,8317
047014,Pistoia,Pistoia,2021,0-9,unita_locali,7980
047014,Pistoia,Pistoia,2021,10-49,unita_locali,369
047014,Pistoia,Pistoia,2021,250+,unita_locali,2
047014,Pistoia,Pistoia,2021,50-249,unita_locali,39
047014,Pistoia,Pistoia,2021,totale,unita_locali,8390
047014,Pistoia,Pistoia,2022,0-9,unita_locali,8321
047014,Pistoia,Pistoia,2022,10-49,unita_locali,398
047014,Pistoia,Pistoia,2022,250+,unita_locali,2
047014,Pistoia,Pistoia,2022,50-249,unita_locali,42
047014,Pistoia,Pistoia,2022,totale,unita_locali,8763
047014,Pistoia,Pistoia,2023,0-9,unita_locali,8235
047014,Pistoia,Pistoia,2023,10-49,unita_locali,415
047014,Pistoia,Pistoia,2023,250+,unita_locali,2
047014,Pistoia,Pistoia,2023,50-249,unita_locali,46
047014,Pistoia,Pistoia,2023,totale,unita_locali,8698
048017,Firenze,Firenze,2018,0-9,addetti,78441.3
048017,Firenze,Firenze,2018,10-49,addetti,37655.4
048017,Firenze,Firenze,2018,250+,addetti,26403.2
048017,Firenze,Firenze,2018,50-249,addetti,27567.4
048017,Firenze,Firenze,2018,totale,addetti,170067.2
048017,Firenze,Firenze,2019,0-9,addetti,76843.1
048017,Firenze,Firenze,2019,10-49,addetti,38110.4
048017,Firenze,Firenze,2019,250+,addetti,25779.3
048017,Firenze,Firenze,2019,50-249,addetti,28460.7
048017,Firenze,Firenze,2019,totale,addetti,169193.6
048017,Firenze,Firenze,2020,0-9,addetti,74308.1
048017,Firenze,Firenze,2020,10-49,addetti,33970.5
048017,Firenze,Firenze,2020,250+,addetti,20878.7
048017,Firenze,Firenze,2020,50-249,addetti,25641.2
048017,Firenze,Firenze,2020,totale,addetti,154798.5
048017,Firenze,Firenze,2021,0-9,addetti,74545.9
048017,Firenze,Firenze,2021,10-49,addetti,32701.5
048017,Firenze,Firenze,2021,250+,addetti,20126.7
048017,Firenze,Firenze,2021,50-249,addetti,27096.7
048017,Firenze,Firenze,2021,totale,addetti,154470.8
048017,Firenze,Firenze,2022,0-9,addetti,77215.2
048017,Firenze,Firenze,2022,10-49,addetti,35934.3
048017,Firenze,Firenze,2022,250+,addetti,22755.6
048017,Firenze,Firenze,2022,50-249,addetti,27633.5
048017,Firenze,Firenze,2022,totale,addetti,163538.5
048017,Firenze,Firenze,2023,0-9,addetti,77660.5
048017,Firenze,Firenze,2023,10-49,addetti,38761.7
048017,Firenze,Firenze,2023,250+,addetti,22513.8
048017,Firenze,Firenze,2023,50-249,addetti,30156.0
048017,Firenze,Firenze,2023,totale,addetti,169092.0
048017,Firenze,Firenze,2018,0-9,unita_locali,44114
048017,Firenze,Firenze,2018,10-49,unita_locali,2115
048017,Firenze,Firenze,2018,250+,unita_locali,48
048017,Firenze,Firenze,2018,50-249,unita_locali,274
048017,Firenze,Firenze,2018,totale,unita_locali,46551
048017,Firenze,Firenze,2019,0-9,unita_locali,43293
048017,Firenze,Firenze,2019,10-49,unita_locali,2154
048017,Firenze,Firenze,2019,250+,unita_locali,46
048017,Firenze,Firenze,2019,50-249,unita_locali,267
048017,Firenze,Firenze,2019,totale,unita_locali,45760
048017,Firenze,Firenze,2020,0-9,unita_locali,43130
048017,Firenze,Firenze,2020,10-49,unita_locali,1914
048017,Firenze,Firenze,2020,250+,unita_locali,41
048017,Firenze,Firenze,2020,50-249,unita_locali,249
048017,Firenze,Firenze,2020,totale,unita_locali,45334
048017,Firenze,Firenze,2021,0-9,unita_locali,43852
048017,Firenze,Firenze,2021,10-49,unita_locali,1863
048017,Firenze,Firenze,2021,250+,unita_locali,40
048017,Firenze,Firenze,2021,50-249,unita_locali,274
048017,Firenze,Firenze,2021,totale,unita_locali,46029
048017,Firenze,Firenze,2022,0-9,unita_locali,46202
048017,Firenze,Firenze,2022,10-49,unita_locali,2035
048017,Firenze,Firenze,2022,250+,unita_locali,44
048017,Firenze,Firenze,2022,50-249,unita_locali,286
048017,Firenze,Firenze,2022,totale,unita_locali,48567
048017,Firenze,Firenze,2023,0-9,unita_locali,46505
048017,Firenze,Firenze,2023,10-49,unita_locali,2185
048017,Firenze,Firenze,2023,250+,unita_locali,45
048017,Firenze,Firenze,2023,50-249,unita_locali,312
048017,Firenze,Firenze,2023,totale,unita_locali,49047
049009,Livorno,Livorno,2018,0-9,addetti,22337.2
049009,Livorno,Livorno,2018,10-49,addetti,9645.9
049009,Livorno,Livorno,2018,250+,addetti,3247.2
049009,Livorno,Livorno,2018,50-249,addetti,7403.8
049009,Livorno,Livorno,2018,totale,addetti,42634.1
049009,Livorno,Livorno,2019,0-9,addetti,21985.1
049009,Livorno,Livorno,2019,10-49,addetti,9963.2
049009,Livorno,Livorno,2019,250+,addetti,2728.1
049009,Livorno,Livorno,2019,50-249,addetti,7160.5
049009,Livorno,Livorno,2019,totale,addetti,41836.9
049009,Livorno,Livorno,2020,0-9,addetti,21910.6
049009,Livorno,Livorno,2020,10-49,addetti,10134.8
049009,Livorno,Livorno,2020,250+,addetti,2409.8
049009,Livorno,Livorno,2020,50-249,addetti,7053.2
049009,Livorno,Livorno,2020,totale,addetti,41508.4
049009,Livorno,Livorno,2021,0-9,addetti,22049.2
049009,Livorno,Livorno,2021,10-49,addetti,10772.8
049009,Livorno,Livorno,2021,250+,addetti,3076.9
049009,Livorno,Livorno,2021,50-249,addetti,7912.6
049009,Livorno,Livorno,2021,totale,addetti,43811.5
049009,Livorno,Livorno,2022,0-9,addetti,22130.0
049009,Livorno,Livorno,2022,10-49,addetti,11775.5
049009,Livorno,Livorno,2022,250+,addetti,2423.2
049009,Livorno,Livorno,2022,50-249,addetti,8573.8
049009,Livorno,Livorno,2022,totale,addetti,44902.4
049009,Livorno,Livorno,2023,0-9,addetti,21960.6
049009,Livorno,Livorno,2023,10-49,addetti,11883.0
049009,Livorno,Livorno,2023,250+,addetti,2692.3
049009,Livorno,Livorno,2023,50-249,addetti,8749.8
049009,Livorno,Livorno,2023,totale,addetti,45285.7
049009,Livorno,Livorno,2018,0-9,unita_locali,11924
049009,Livorno,Livorno,2018,10-49,unita_locali,561
049009,Livorno,Livorno,2018,250+,unita_locali,11
049009,Livorno,Livorno,2018,50-249,unita_locali,85
049009,Livorno,Livorno,2018,totale,unita_locali,12581
049009,Livorno,Livorno,2019,0-9,unita_locali,11593
049009,Livorno,Livorno,2019,10-49,unita_locali,580
049009,Livorno,Livorno,2019,250+,unita_locali,9
049009,Livorno,Livorno,2019,50-249,unita_locali,78
049009,Livorno,Livorno,2019,totale,unita_locali,12260
049009,Livorno,Livorno,2020,0-9,unita_locali,11718
049009,Livorno,Livorno,2020,10-49,unita_locali,566
049009,Livorno,Livorno,2020,250+,unita_locali,8
049009,Livorno,Livorno,2020,50-249,unita_locali,75
049009,Livorno,Livorno,2020,totale,unita_locali,12367
049009,Livorno,Livorno,2021,0-9,unita_locali,11895
049009,Livorno,Livorno,2021,10-49,unita_locali,604
049009,Livorno,Livorno,2021,250+,unita_locali,9
049009,Livorno,Livorno,2021,50-249,unita_locali,83
049009,Livorno,Livorno,2021,totale,unita_locali,12591
049009,Livorno,Livorno,2022,0-9,unita_locali,12113
049009,Livorno,Livorno,2022,10-49,unita_locali,667
049009,Livorno,Livorno,2022,250+,unita_locali,7
049009,Livorno,Livorno,2022,50-249,unita_locali,85
049009,Livorno,Livorno,2022,totale,unita_locali,12872
049009,Livorno,Livorno,2023,0-9,unita_locali,11997
049009,Livorno,Livorno,2023,10-49,unita_locali,676
049009,Livorno,Livorno,2023,250+,unita_locali,7
049009,Livorno,Livorno,2023,50-249,unita_locali,93
049009,Livorno,Livorno,2023,totale,unita_locali,12773
050026,Pisa,Pisa,2018,0-9,addetti,17048.6
050026,Pisa,Pisa,2018,10-49,addetti,7269.6
050026,Pisa,Pisa,2018,250+,addetti,4434.1
050026,Pisa,Pisa,2018,50-249,addetti,7211.8
050026,Pisa,Pisa,2018,totale,addetti,35964.1
050026,Pisa,Pisa,2019,0-9,addetti,16689.8
050026,Pisa,Pisa,2019,10-49,addetti,7675.7
050026,Pisa,Pisa,2019,250+,addetti,3619.2
050026,Pisa,Pisa,2019,50-249,addetti,7205.4
050026,Pisa,Pisa,2019,totale,addetti,35190.2
050026,Pisa,Pisa,2020,0-9,addetti,16389.4
050026,Pisa,Pisa,2020,10-49,addetti,7537.6
050026,Pisa,Pisa,2020,250+,addetti,3212.2
050026,Pisa,Pisa,2020,50-249,addetti,7388.5
050026,Pisa,Pisa,2020,totale,addetti,34527.6
050026,Pisa,Pisa,2021,0-9,addetti,16746.1
050026,Pisa,Pisa,2021,10-49,addetti,8021.6
050026,Pisa,Pisa,2021,250+,addetti,4577.2
050026,Pisa,Pisa,2021,50-249,addetti,8557.1
050026,Pisa,Pisa,2021,totale,addetti,37902.0
050026,Pisa,Pisa,2022,0-9,addetti,17498.9
050026,Pisa,Pisa,2022,10-49,addetti,8868.7
050026,Pisa,Pisa,2022,250+,addetti,4083.7
050026,Pisa,Pisa,2022,50-249,addetti,8797.8
050026,Pisa,Pisa,2022,totale,addetti,39249.1
050026,Pisa,Pisa,2023,0-9,addetti,17538.8
050026,Pisa,Pisa,2023,10-49,addetti,9396.1
050026,Pisa,Pisa,2023,250+,addetti,2284.8
050026,Pisa,Pisa,2023,50-249,addetti,9800.0
050026,Pisa,Pisa,2023,totale,addetti,39019.7
050026,Pisa,Pisa,2018,0-9,unita_locali,9199
050026,Pisa,Pisa,2018,10-49,unita_locali,396
050026,Pisa,Pisa,2018,250+,unita_locali,13
050026,Pisa,Pisa,2018,50-249,unita_locali,72
050026,Pisa,Pisa,2018,totale,unita_locali,9680
050026,Pisa,Pisa,2019,0-9,unita_locali,9011
050026,Pisa,Pisa,2019,10-49,unita_locali,426
050026,Pisa,Pisa,2019,250+,unita_locali,11
050026,Pisa,Pisa,2019,50-249,unita_locali,69
050026,Pisa,Pisa,2019,totale,unita_locali,9517
050026,Pisa,Pisa,2020,0-9,unita_locali,9186
050026,Pisa,Pisa,2020,10-49,unita_locali,410
050026,Pisa,Pisa,2020,250+,unita_locali,11
050026,Pisa,Pisa,2020,50-249,unita_locali,74
050026,Pisa,Pisa,2020,totale,unita_locali,9681
050026,Pisa,Pisa,2021,0-9,unita_locali,9530
050026,Pisa,Pisa,2021,10-49,unita_locali,438
050026,Pisa,Pisa,2021,250+,unita_locali,12
050026,Pisa,Pisa,2021,50-249,unita_locali,81
050026,Pisa,Pisa,2021,totale,unita_locali,10061
050026,Pisa,Pisa,2022,0-9,unita_locali,9878
050026,Pisa,Pisa,2022,10-49,unita_locali,466
050026,Pisa,Pisa,2022,250+,unita_locali,13
050026,Pisa,Pisa,2022,50-249,unita_locali,84
050026,Pisa,Pisa,2022,totale,unita_locali,10441
050026,Pisa,Pisa,2023,0-9,unita_locali,9912
050026,Pisa,Pisa,2023,10-49,unita_locali,503
050026,Pisa,Pisa,2023,250+,unita_locali,7
050026,Pisa,Pisa,2023,50-249,unita_locali,87
050026,Pisa,Pisa,2023,totale,unita_locali,10509
051002,Arezzo,Arezzo,2018,0-9,addetti,19349.3
051002,Arezzo,Arezzo,2018,10-49,addetti,10355.7
051002,Arezzo,Arezzo,2018,250+,addetti,1652.3
051002,Arezzo,Arezzo,2018,50-249,addetti,5963.0
051002,Arezzo,Arezzo,2018,totale,addetti,37320.2
051002,Arezzo,Arezzo,2019,0-9,addetti,18826.0
051002,Arezzo,Arezzo,2019,10-49,addetti,10754.5
051002,Arezzo,Arezzo,2019,250+,addetti,2099.1
051002,Arezzo,Arezzo,2019,50-249,addetti,5789.9
051002,Arezzo,Arezzo,2019,totale,addetti,37469.5
051002,Arezzo,Arezzo,2020,0-9,addetti,18613.5
051002,Arezzo,Arezzo,2020,10-49,addetti,10561.5
051002,Arezzo,Arezzo,2020,250+,addetti,981.2
051002,Arezzo,Arezzo,2020,50-249,addetti,5268.0
051002,Arezzo,Arezzo,2020,totale,addetti,35424.2
051002,Arezzo,Arezzo,2021,0-9,addetti,19089.4
051002,Arezzo,Arezzo,2021,10-49,addetti,11059.8
051002,Arezzo,Arezzo,2021,250+,addetti,1369.8
051002,Arezzo,Arezzo,2021,50-249,addetti,5365.6
051002,Arezzo,Arezzo,2021,totale,addetti,36884.6
051002,Arezzo,Arezzo,2022,0-9,addetti,19239.1
051002,Arezzo,Arezzo,2022,10-49,addetti,12052.2
051002,Arezzo,Arezzo,2022,250+,addetti,572.9
051002,Arezzo,Arezzo,2022,50-249,addetti,6243.5
051002,Arezzo,Arezzo,2022,totale,addetti,38107.6
051002,Arezzo,Arezzo,2023,0-9,addetti,19479.7
051002,Arezzo,Arezzo,2023,10-49,addetti,12265.7
051002,Arezzo,Arezzo,2023,250+,addetti,599.8
051002,Arezzo,Arezzo,2023,50-249,addetti,7013.8
051002,Arezzo,Arezzo,2023,totale,addetti,39359.0
051002,Arezzo,Arezzo,2018,0-9,unita_locali,10068
051002,Arezzo,Arezzo,2018,10-49,unita_locali,578
051002,Arezzo,Arezzo,2018,250+,unita_locali,5
051002,Arezzo,Arezzo,2018,50-249,unita_locali,61
051002,Arezzo,Arezzo,2018,totale,unita_locali,10712
051002,Arezzo,Arezzo,2019,0-9,unita_locali,9686
051002,Arezzo,Arezzo,2019,10-49,unita_locali,592
051002,Arezzo,Arezzo,2019,250+,unita_locali,6
051002,Arezzo,Arezzo,2019,50-249,unita_locali,58
051002,Arezzo,Arezzo,2019,totale,unita_locali,10342
051002,Arezzo,Arezzo,2020,0-9,unita_locali,9921
051002,Arezzo,Arezzo,2020,10-49,unita_locali,579
051002,Arezzo,Arezzo,2020,250+,unita_locali,3
051002,Arezzo,Arezzo,2020,50-249,unita_locali,58
051002,Arezzo,Arezzo,2020,totale,unita_locali,10561
051002,Arezzo,Arezzo,2021,0-9,unita_locali,10115
051002,Arezzo,Arezzo,2021,10-49,unita_locali,604
051002,Arezzo,Arezzo,2021,250+,unita_locali,4
051002,Arezzo,Arezzo,2021,50-249,unita_locali,58
051002,Arezzo,Arezzo,2021,totale,unita_locali,10781
051002,Arezzo,Arezzo,2022,0-9,unita_locali,10400
051002,Arezzo,Arezzo,2022,10-49,unita_locali,657
051002,Arezzo,Arezzo,2022,250+,unita_locali,2
051002,Arezzo,Arezzo,2022,50-249,unita_locali,66
051002,Arezzo,Arezzo,2022,totale,unita_locali,11125
051002,Arezzo,Arezzo,2023,0-9,unita_locali,10477
051002,Arezzo,Arezzo,2023,10-49,unita_locali,669
051002,Arezzo,Arezzo,2023,250+,unita_locali,2
051002,Arezzo,Arezzo,2023,50-249,unita_locali,77
051002,Arezzo,Arezzo,2023,totale,unita_locali,11225
052032,Siena,Siena,2018,0-9,addetti,10321.6
052032,Siena,Siena,2018,10-49,addetti,4670.4
052032,Siena,Siena,2018,250+,addetti,6161.6
052032,Siena,Siena,2018,50-249,addetti,4357.4
052032,Siena,Siena,2018,totale,addetti,25511.0
052032,Siena,Siena,2019,0-9,addetti,10217.4
052032,Siena,Siena,2019,10-49,addetti,4932.2
052032,Siena,Siena,2019,250+,addetti,4843.8
052032,Siena,Siena,2019,50-249,addetti,4338.1
052032,Siena,Siena,2019,totale,addetti,24331.5
052032,Siena,Siena,2020,0-9,addetti,10071.2
052032,Siena,Siena,2020,10-49,addetti,4957.1
052032,Siena,Siena,2020,250+,addetti,4064.3
052032,Siena,Siena,2020,50-249,addetti,3894.8
052032,Siena,Siena,2020,totale,addetti,22987.5
052032,Siena,Siena,2021,0-9,addetti,10275.2
052032,Siena,Siena,2021,10-49,addetti,5148.8
052032,Siena,Siena,2021,250+,addetti,3567.8
052032,Siena,Siena,2021,50-249,addetti,4321.1
052032,Siena,Siena,2021,totale,addetti,23312.9
052032,Siena,Siena,2022,0-9,addetti,10425.3
052032,Siena,Siena,2022,10-49,addetti,5822.0
052032,Siena,Siena,2022,250+,addetti,4110.4
052032,Siena,Siena,2022,50-249,addetti,4501.1
052032,Siena,Siena,2022,totale,addetti,24858.8
052032,Siena,Siena,2023,0-9,addetti,10614.7
052032,Siena,Siena,2023,10-49,addetti,5653.4
052032,Siena,Siena,2023,250+,addetti,3755.6
052032,Siena,Siena,2023,50-249,addetti,4314.6
052032,Siena,Siena,2023,totale,addetti,24338.4
052032,Siena,Siena,2018,0-9,unita_locali,5520
052032,Siena,Siena,2018,10-49,unita_locali,261
052032,Siena,Siena,2018,250+,unita_locali,11
052032,Siena,Siena,2018,50-249,unita_locali,45
052032,Siena,Siena,2018,totale,unita_locali,5837
052032,Siena,Siena,2019,0-9,unita_locali,5445
052032,Siena,Siena,2019,10-49,unita_locali,278
052032,Siena,Siena,2019,250+,unita_locali,11
052032,Siena,Siena,2019,50-249,unita_locali,48
052032,Siena,Siena,2019,totale,unita_locali,5782
052032,Siena,Siena,2020,0-9,unita_locali,5531
052032,Siena,Siena,2020,10-49,unita_locali,260
052032,Siena,Siena,2020,250+,unita_locali,8
052032,Siena,Siena,2020,50-249,unita_locali,42
052032,Siena,Siena,2020,totale,unita_locali,5841
052032,Siena,Siena,2021,0-9,unita_locali,5657
052032,Siena,Siena,2021,10-49,unita_locali,272
052032,Siena,Siena,2021,250+,unita_locali,6
052032,Siena,Siena,2021,50-249,unita_locali,48
052032,Siena,Siena,2021,totale,unita_locali,5983
052032,Siena,Siena,2022,0-9,unita_locali,5855
052032,Siena,Siena,2022,10-49,unita_locali,307
052032,Siena,Siena,2022,250+,unita_locali,5
052032,Siena,Siena,2022,50-249,unita_locali,49
052032,Siena,Siena,2022,totale,unita_locali,6216
052032,Siena,Siena,2023,0-9,unita_locali,5902
052032,Siena,Siena,2023,10-49,unita_locali,313
052032,Siena,Siena,2023,250+,unita_locali,5
052032,Siena,Siena,2023,50-249,unita_locali,49
052032,Siena,Siena,2023,totale,unita_locali,6269
053011,Grosseto,Grosseto,2018,0-9,addetti,13758.8
053011,Grosseto,Grosseto,2018,10-49,addetti,5780.6
053011,Grosseto,Grosseto,2018,50-249,addetti,2534.6
053011,Grosseto,Grosseto,2018,totale,addetti,22074.0
053011,Grosseto,Grosseto,2019,0-9,addetti,13459.2
053011,Grosseto,Grosseto,2019,10-49,addetti,5830.8
053011,Grosseto,Grosseto,2019,50-249,addetti,2203.3
053011,Grosseto,Grosseto,2019,totale,addetti,21493.3
053011,Grosseto,Grosseto,2020,0-9,addetti,13385.6
053011,Grosseto,Grosseto,2020,10-49,addetti,6042.3
053011,Grosseto,Grosseto,2020,50-249,addetti,2426.1
053011,Grosseto,Grosseto,2020,totale,addetti,21854.0
053011,Grosseto,Grosseto,2021,0-9,addetti,13636.8
053011,Grosseto,Grosseto,2021,10-49,addetti,6749.4
053011,Grosseto,Grosseto,2021,50-249,addetti,2741.2
053011,Grosseto,Grosseto,2021,totale,addetti,23127.5
053011,Grosseto,Grosseto,2022,0-9,addetti,14185.1
053011,Grosseto,Grosseto,2022,10-49,addetti,6978.1
053011,Grosseto,Grosseto,2022,50-249,addetti,2635.0
053011,Grosseto,Grosseto,2022,totale,addetti,23798.3
053011,Grosseto,Grosseto,2023,0-9,addetti,14037.8
053011,Grosseto,Grosseto,2023,10-49,addetti,6937.4
053011,Grosseto,Grosseto,2023,250+,addetti,271.1
053011,Grosseto,Grosseto,2023,50-249,addetti,2842.4
053011,Grosseto,Grosseto,2023,totale,addetti,24088.7
053011,Grosseto,Grosseto,2018,0-9,unita_locali,7101
053011,Grosseto,Grosseto,2018,10-49,unita_locali,328
053011,Grosseto,Grosseto,2018,50-249,unita_locali,30
053011,Grosseto,Grosseto,2018,totale,unita_locali,7459
053011,Grosseto,Grosseto,2019,0-9,unita_locali,6875
053011,Grosseto,Grosseto,2019,10-49,unita_locali,336
053011,Grosseto,Grosseto,2019,50-249,unita_locali,28
053011,Grosseto,Grosseto,2019,totale,unita_locali,7239
053011,Grosseto,Grosseto,2020,0-9,unita_locali,7090
053011,Grosseto,Grosseto,2020,10-49,unita_locali,341
053011,Grosseto,Grosseto,2020,50-249,unita_locali,31
053011,Grosseto,Grosseto,2020,totale,unita_locali,7462
053011,Grosseto,Grosseto,2021,0-9,unita_locali,7286
053011,Grosseto,Grosseto,2021,10-49,unita_locali,374
053011,Grosseto,Grosseto,2021,50-249,unita_locali,33
053011,Grosseto,Grosseto,2021,totale,unita_locali,7693
053011,Grosseto,Grosseto,2022,0-9,unita_locali,7497
053011,Grosseto,Grosseto,2022,10-49,unita_locali,379
053011,Grosseto,Grosseto,2022,50-249,unita_locali,32
053011,Grosseto,Grosseto,2022,totale,unita_locali,7908
053011,Grosseto,Grosseto,2023,0-9,unita_locali,7532
053011,Grosseto,Grosseto,2023,10-49,unita_locali,387
053011,Grosseto,Grosseto,2023,250+,unita_locali,1
053011,Grosseto,Grosseto,2023,50-249,unita_locali,36
053011,Grosseto,Grosseto,2023,totale,unita_locali,7956
054039,Perugia,Perugia,2018,0-9,addetti,26788.4
054039,Perugia,Perugia,2018,10-49,addetti,14393.1
054039,Perugia,Perugia,2018,250+,addetti,5627.8
054039,Perugia,Perugia,2018,50-249,addetti,8664.2
054039,Perugia,Perugia,2018,totale,addetti,55473.5
054039,Perugia,Perugia,2019,0-9,addetti,26303.3
054039,Perugia,Perugia,2019,10-49,addetti,14885.8
054039,Perugia,Perugia,2019,250+,addetti,5590.7
054039,Perugia,Perugia,2019,50-249,addetti,9128.0
054039,Perugia,Perugia,2019,totale,addetti,55907.9
054039,Perugia,Perugia,2020,0-9,addetti,26129.0
054039,Perugia,Perugia,2020,10-49,addetti,14554.2
054039,Perugia,Perugia,2020,250+,addetti,4573.7
054039,Perugia,Perugia,2020,50-249,addetti,8488.7
054039,Perugia,Perugia,2020,totale,addetti,53745.7
054039,Perugia,Perugia,2021,0-9,addetti,26505.6
054039,Perugia,Perugia,2021,10-49,addetti,15166.2
054039,Perugia,Perugia,2021,250+,addetti,6701.2
054039,Perugia,Perugia,2021,50-249,addetti,8379.0
054039,Perugia,Perugia,2021,totale,addetti,56752.1
054039,Perugia,Perugia,2022,0-9,addetti,27021.6
054039,Perugia,Perugia,2022,10-49,addetti,15968.7
054039,Perugia,Perugia,2022,250+,addetti,7412.5
054039,Perugia,Perugia,2022,50-249,addetti,9356.9
054039,Perugia,Perugia,2022,totale,addetti,59759.8
054039,Perugia,Perugia,2023,0-9,addetti,27048.2
054039,Perugia,Perugia,2023,10-49,addetti,16739.2
054039,Perugia,Perugia,2023,250+,addetti,7287.5
054039,Perugia,Perugia,2023,50-249,addetti,9710.7
054039,Perugia,Perugia,2023,totale,addetti,60785.6
054039,Perugia,Perugia,2018,0-9,unita_locali,14608
054039,Perugia,Perugia,2018,10-49,unita_locali,777
054039,Perugia,Perugia,2018,250+,unita_locali,11
054039,Perugia,Perugia,2018,50-249,unita_locali,86
054039,Perugia,Perugia,2018,totale,unita_locali,15482
054039,Perugia,Perugia,2019,0-9,unita_locali,14272
054039,Perugia,Perugia,2019,10-49,unita_locali,810
054039,Perugia,Perugia,2019,250+,unita_locali,11
054039,Perugia,Perugia,2019,50-249,unita_locali,91
054039,Perugia,Perugia,2019,totale,unita_locali,15184
054039,Perugia,Perugia,2020,0-9,unita_locali,14622
054039,Perugia,Perugia,2020,10-49,unita_locali,795
054039,Perugia,Perugia,2020,250+,unita_locali,10
054039,Perugia,Perugia,2020,50-249,unita_locali,84
054039,Perugia,Perugia,2020,totale,unita_locali,15511
054039,Perugia,Perugia,2021,0-9,unita_locali,14847
054039,Perugia,Perugia,2021,10-49,unita_locali,804
054039,Perugia,Perugia,2021,250+,unita_locali,17
054039,Perugia,Perugia,2021,50-249,unita_locali,87
054039,Perugia,Perugia,2021,totale,unita_locali,15755
054039,Perugia,Perugia,2022,0-9,unita_locali,15342
054039,Perugia,Perugia,2022,10-49,unita_locali,861
054039,Perugia,Perugia,2022,250+,unita_locali,16
054039,Perugia,Perugia,2022,50-249,unita_locali,95
054039,Perugia,Perugia,2022,totale,unita_locali,16314
054039,Perugia,Perugia,2023,0-9,unita_locali,15466
054039,Perugia,Perugia,2023,10-49,unita_locali,905
054039,Perugia,Perugia,2023,250+,unita_locali,13
054039,Perugia,Perugia,2023,50-249,unita_locali,100
054039,Perugia,Perugia,2023,totale,unita_locali,16484
055032,Terni,Terni,2018,0-9,addetti,15930.5
055032,Terni,Terni,2018,10-49,addetti,7566.8
055032,Terni,Terni,2018,250+,addetti,4589.4
055032,Terni,Terni,2018,50-249,addetti,4959.5
055032,Terni,Terni,2018,totale,addetti,33046.2
055032,Terni,Terni,2019,0-9,addetti,15490.5
055032,Terni,Terni,2019,10-49,addetti,7514.7
055032,Terni,Terni,2019,250+,addetti,4649.8
055032,Terni,Terni,2019,50-249,addetti,4924.7
055032,Terni,Terni,2019,totale,addetti,32579.7
055032,Terni,Terni,2020,0-9,addetti,15674.2
055032,Terni,Terni,2020,10-49,addetti,7657.2
055032,Terni,Terni,2020,250+,addetti,3402.8
055032,Terni,Terni,2020,50-249,addetti,5667.0
055032,Terni,Terni,2020,totale,addetti,32401.3
055032,Terni,Terni,2021,0-9,addetti,16425.7
055032,Terni,Terni,2021,10-49,addetti,7516.3
055032,Terni,Terni,2021,250+,addetti,3831.7
055032,Terni,Terni,2021,50-249,addetti,6359.7
055032,Terni,Terni,2021,totale,addetti,34133.5
055032,Terni,Terni,2022,0-9,addetti,16733.3
055032,Terni,Terni,2022,10-49,addetti,8091.1
055032,Terni,Terni,2022,250+,addetti,3823.1
055032,Terni,Terni,2022,50-249,addetti,5963.3
055032,Terni,Terni,2022,totale,addetti,34610.8
055032,Terni,Terni,2023,0-9,addetti,16619.6
055032,Terni,Terni,2023,10-49,addetti,8416.0
055032,Terni,Terni,2023,250+,addetti,3610.8
055032,Terni,Terni,2023,50-249,addetti,6624.4
055032,Terni,Terni,2023,totale,addetti,35270.8
055032,Terni,Terni,2018,0-9,unita_locali,8579
055032,Terni,Terni,2018,10-49,unita_locali,413
055032,Terni,Terni,2018,250+,unita_locali,7
055032,Terni,Terni,2018,50-249,unita_locali,45
055032,Terni,Terni,2018,totale,unita_locali,9044
055032,Terni,Terni,2019,0-9,unita_locali,8276
055032,Terni,Terni,2019,10-49,unita_locali,409
055032,Terni,Terni,2019,250+,unita_locali,7
055032,Terni,Terni,2019,50-249,unita_locali,50
055032,Terni,Terni,2019,totale,unita_locali,8742
055032,Terni,Terni,2020,0-9,unita_locali,8621
055032,Terni,Terni,2020,10-49,unita_locali,424
055032,Terni,Terni,2020,250+,unita_locali,4
055032,Terni,Terni,2020,50-249,unita_locali,52
055032,Terni,Terni,2020,totale,unita_locali,9101
055032,Terni,Terni,2021,0-9,unita_locali,8860
055032,Terni,Terni,2021,10-49,unita_locali,414
055032,Terni,Terni,2021,250+,unita_locali,6
055032,Terni,Terni,2021,50-249,unita_locali,62
055032,Terni,Terni,2021,totale,unita_locali,9342
055032,Terni,Terni,2022,0-9,unita_locali,9183
055032,Terni,Terni,2022,10-49,unita_locali,449
055032,Terni,Terni,2022,250+,unita_locali,6
055032,Terni,Terni,2022,50-249,unita_locali,59
055032,Terni,Terni,2022,totale,unita_locali,9697
055032,Terni,Terni,2023,0-9,unita_locali,9119
055032,Terni,Terni,2023,10-49,unita_locali,463
055032,Terni,Terni,2023,250+,unita_locali,6
055032,Terni,Terni,2023,50-249,unita_locali,70
055032,Terni,Terni,2023,totale,unita_locali,9658
056059,Viterbo,Viterbo,2018,0-9,addetti,11706.9
056059,Viterbo,Viterbo,2018,10-49,addetti,4631.7
056059,Viterbo,Viterbo,2018,250+,addetti,269.7
056059,Viterbo,Viterbo,2018,50-249,addetti,2902.9
056059,Viterbo,Viterbo,2018,totale,addetti,19511.2
056059,Viterbo,Viterbo,2019,0-9,addetti,11494.4
056059,Viterbo,Viterbo,2019,10-49,addetti,4737.2
056059,Viterbo,Viterbo,2019,250+,addetti,250.5
056059,Viterbo,Viterbo,2019,50-249,addetti,3087.2
056059,Viterbo,Viterbo,2019,totale,addetti,19569.2
056059,Viterbo,Viterbo,2020,0-9,addetti,11595.4
056059,Viterbo,Viterbo,2020,10-49,addetti,4788.5
056059,Viterbo,Viterbo,2020,50-249,addetti,3080.3
056059,Viterbo,Viterbo,2020,totale,addetti,19464.2
056059,Viterbo,Viterbo,2021,0-9,addetti,11746.2
056059,Viterbo,Viterbo,2021,10-49,addetti,4927.5
056059,Viterbo,Viterbo,2021,50-249,addetti,3274.3
056059,Viterbo,Viterbo,2021,totale,addetti,19948.0
056059,Viterbo,Viterbo,2022,0-9,addetti,12334.7
056059,Viterbo,Viterbo,2022,10-49,addetti,5230.2
056059,Viterbo,Viterbo,2022,50-249,addetti,3111.8
056059,Viterbo,Viterbo,2022,totale,addetti,20676.7
056059,Viterbo,Viterbo,2023,0-9,addetti,12203.1
056059,Viterbo,Viterbo,2023,10-49,addetti,5578.4
056059,Viterbo,Viterbo,2023,250+,addetti,290.5
056059,Viterbo,Viterbo,2023,50-249,addetti,3196.3
056059,Viterbo,Viterbo,2023,totale,addetti,21268.2
056059,Viterbo,Viterbo,2018,0-9,unita_locali,6394
056059,Viterbo,Viterbo,2018,10-49,unita_locali,252
056059,Viterbo,Viterbo,2018,250+,unita_locali,1
056059,Viterbo,Viterbo,2018,50-249,unita_locali,32
056059,Viterbo,Viterbo,2018,totale,unita_locali,6679
056059,Viterbo,Viterbo,2019,0-9,unita_locali,6257
056059,Viterbo,Viterbo,2019,10-49,unita_locali,260
056059,Viterbo,Viterbo,2019,250+,unita_locali,1
056059,Viterbo,Viterbo,2019,50-249,unita_locali,35
056059,Viterbo,Viterbo,2019,totale,unita_locali,6553
056059,Viterbo,Viterbo,2020,0-9,unita_locali,6419
056059,Viterbo,Viterbo,2020,10-49,unita_locali,265
056059,Viterbo,Viterbo,2020,50-249,unita_locali,34
056059,Viterbo,Viterbo,2020,totale,unita_locali,6718
056059,Viterbo,Viterbo,2021,0-9,unita_locali,6616
056059,Viterbo,Viterbo,2021,10-49,unita_locali,279
056059,Viterbo,Viterbo,2021,50-249,unita_locali,36
056059,Viterbo,Viterbo,2021,totale,unita_locali,6931
056059,Viterbo,Viterbo,2022,0-9,unita_locali,6949
056059,Viterbo,Viterbo,2022,10-49,unita_locali,284
056059,Viterbo,Viterbo,2022,50-249,unita_locali,36
056059,Viterbo,Viterbo,2022,totale,unita_locali,7269
056059,Viterbo,Viterbo,2023,0-9,unita_locali,6956
056059,Viterbo,Viterbo,2023,10-49,unita_locali,296
056059,Viterbo,Viterbo,2023,250+,unita_locali,1
056059,Viterbo,Viterbo,2023,50-249,unita_locali,36
056059,Viterbo,Viterbo,2023,totale,unita_locali,7289
057059,Rieti,Rieti,2018,0-9,addetti,6664.3
057059,Rieti,Rieti,2018,10-49,addetti,2452.4
057059,Rieti,Rieti,2018,250+,addetti,512.6
057059,Rieti,Rieti,2018,50-249,addetti,1217.8
057059,Rieti,Rieti,2018,totale,addetti,10847.0
057059,Rieti,Rieti,2019,0-9,addetti,6617.1
057059,Rieti,Rieti,2019,10-49,addetti,2354.5
057059,Rieti,Rieti,2019,250+,addetti,593.8
057059,Rieti,Rieti,2019,50-249,addetti,1748.6
057059,Rieti,Rieti,2019,totale,addetti,11314.0
057059,Rieti,Rieti,2020,0-9,addetti,6723.2
057059,Rieti,Rieti,2020,10-49,addetti,2553.1
057059,Rieti,Rieti,2020,250+,addetti,398.9
057059,Rieti,Rieti,2020,50-249,addetti,1868.0
057059,Rieti,Rieti,2020,totale,addetti,11543.1
057059,Rieti,Rieti,2021,0-9,addetti,7049.1
057059,Rieti,Rieti,2021,10-49,addetti,2675.3
057059,Rieti,Rieti,2021,250+,addetti,534.7
057059,Rieti,Rieti,2021,50-249,addetti,1849.8
057059,Rieti,Rieti,2021,totale,addetti,12108.8
057059,Rieti,Rieti,2022,0-9,addetti,7231.7
057059,Rieti,Rieti,2022,10-49,addetti,2690.4
057059,Rieti,Rieti,2022,250+,addetti,680.5
057059,Rieti,Rieti,2022,50-249,addetti,1660.3
057059,Rieti,Rieti,2022,totale,addetti,12263.0
057059,Rieti,Rieti,2023,0-9,addetti,7169.9
057059,Rieti,Rieti,2023,10-49,addetti,2792.6
057059,Rieti,Rieti,2023,250+,addetti,696.8
057059,Rieti,Rieti,2023,50-249,addetti,1398.4
057059,Rieti,Rieti,2023,totale,addetti,12057.7
057059,Rieti,Rieti,2018,0-9,unita_locali,3789
057059,Rieti,Rieti,2018,10-49,unita_locali,131
057059,Rieti,Rieti,2018,250+,unita_locali,2
057059,Rieti,Rieti,2018,50-249,unita_locali,14
057059,Rieti,Rieti,2018,totale,unita_locali,3936
057059,Rieti,Rieti,2019,0-9,unita_locali,3761
057059,Rieti,Rieti,2019,10-49,unita_locali,130
057059,Rieti,Rieti,2019,250+,unita_locali,2
057059,Rieti,Rieti,2019,50-249,unita_locali,20
057059,Rieti,Rieti,2019,totale,unita_locali,3913
057059,Rieti,Rieti,2020,0-9,unita_locali,3831
057059,Rieti,Rieti,2020,10-49,unita_locali,137
057059,Rieti,Rieti,2020,250+,unita_locali,1
057059,Rieti,Rieti,2020,50-249,unita_locali,20
057059,Rieti,Rieti,2020,totale,unita_locali,3989
057059,Rieti,Rieti,2021,0-9,unita_locali,3971
057059,Rieti,Rieti,2021,10-49,unita_locali,138
057059,Rieti,Rieti,2021,250+,unita_locali,1
057059,Rieti,Rieti,2021,50-249,unita_locali,20
057059,Rieti,Rieti,2021,totale,unita_locali,4130
057059,Rieti,Rieti,2022,0-9,unita_locali,4107
057059,Rieti,Rieti,2022,10-49,unita_locali,140
057059,Rieti,Rieti,2022,250+,unita_locali,1
057059,Rieti,Rieti,2022,50-249,unita_locali,20
057059,Rieti,Rieti,2022,totale,unita_locali,4268
057059,Rieti,Rieti,2023,0-9,unita_locali,4046
057059,Rieti,Rieti,2023,10-49,unita_locali,141
057059,Rieti,Rieti,2023,250+,unita_locali,1
057059,Rieti,Rieti,2023,50-249,unita_locali,16
057059,Rieti,Rieti,2023,totale,unita_locali,4204
058091,Roma,Roma,2018,0-9,addetti,423160.0
058091,Roma,Roma,2018,10-49,addetti,216237.0
058091,Roma,Roma,2018,250+,addetti,204431.4
058091,Roma,Roma,2018,50-249,addetti,197514.9
058091,Roma,Roma,2018,totale,addetti,1041343.3
058091,Roma,Roma,2019,0-9,addetti,421937.7
058091,Roma,Roma,2019,10-49,addetti,218594.0
058091,Roma,Roma,2019,250+,addetti,213580.2
058091,Roma,Roma,2019,50-249,addetti,196960.1
058091,Roma,Roma,2019,totale,addetti,1051072.1
058091,Roma,Roma,2020,0-9,addetti,429334.0
058091,Roma,Roma,2020,10-49,addetti,211317.1
058091,Roma,Roma,2020,250+,addetti,199596.8
058091,Roma,Roma,2020,50-249,addetti,187467.5
058091,Roma,Roma,2020,totale,addetti,1027715.3
058091,Roma,Roma,2021,0-9,addetti,427377.8
058091,Roma,Roma,2021,10-49,addetti,210189.6
058091,Roma,Roma,2021,250+,addetti,204433.1
058091,Roma,Roma,2021,50-249,addetti,192782.8
058091,Roma,Roma,2021,totale,addetti,1034783.3
058091,Roma,Roma,2022,0-9,addetti,441049.6
058091,Roma,Roma,2022,10-49,addetti,219862.9
058091,Roma,Roma,2022,250+,addetti,206765.8
058091,Roma,Roma,2022,50-249,addetti,201669.2
058091,Roma,Roma,2022,totale,addetti,1069347.5
058091,Roma,Roma,2023,0-9,addetti,445728.7
058091,Roma,Roma,2023,10-49,addetti,236365.9
058091,Roma,Roma,2023,250+,addetti,219888.7
058091,Roma,Roma,2023,50-249,addetti,207748.9
058091,Roma,Roma,2023,totale,addetti,1109732.2
058091,Roma,Roma,2018,0-9,unita_locali,264006
058091,Roma,Roma,2018,10-49,unita_locali,11725
058091,Roma,Roma,2018,250+,unita_locali,332
058091,Roma,Roma,2018,50-249,unita_locali,1982
058091,Roma,Roma,2018,totale,unita_locali,278045
058091,Roma,Roma,2019,0-9,unita_locali,264072
058091,Roma,Roma,2019,10-49,unita_locali,11811
058091,Roma,Roma,2019,250+,unita_locali,348
058091,Roma,Roma,2019,50-249,unita_locali,1990
058091,Roma,Roma,2019,totale,unita_locali,278221
058091,Roma,Roma,2020,0-9,unita_locali,265837
058091,Roma,Roma,2020,10-49,unita_locali,11316
058091,Roma,Roma,2020,250+,unita_locali,343
058091,Roma,Roma,2020,50-249,unita_locali,1876
058091,Roma,Roma,2020,totale,unita_locali,279372
058091,Roma,Roma,2021,0-9,unita_locali,272034
058091,Roma,Roma,2021,10-49,unita_locali,11301
058091,Roma,Roma,2021,250+,unita_locali,352
058091,Roma,Roma,2021,50-249,unita_locali,1931
058091,Roma,Roma,2021,totale,unita_locali,285618
058091,Roma,Roma,2022,0-9,unita_locali,285284
058091,Roma,Roma,2022,10-49,unita_locali,11832
058091,Roma,Roma,2022,250+,unita_locali,352
058091,Roma,Roma,2022,50-249,unita_locali,1997
058091,Roma,Roma,2022,totale,unita_locali,299465
058091,Roma,Roma,2023,0-9,unita_locali,288282
058091,Roma,Roma,2023,10-49,unita_locali,12702
058091,Roma,Roma,2023,250+,unita_locali,366
058091,Roma,Roma,2023,50-249,unita_locali,2082
058091,Roma,Roma,2023,totale,unita_locali,303432
059011,Latina,Latina,2018,0-9,addetti,20656.6
059011,Latina,Latina,2018,10-49,addetti,9552.0
059011,Latina,Latina,2018,250+,addetti,3751.9
059011,Latina,Latina,2018,50-249,addetti,7233.8
059011,Latina,Latina,2018,totale,addetti,41194.3
059011,Latina,Latina,2019,0-9,addetti,20427.5
059011,Latina,Latina,2019,10-49,addetti,9527.6
059011,Latina,Latina,2019,250+,addetti,3453.6
059011,Latina,Latina,2019,50-249,addetti,6882.4
059011,Latina,Latina,2019,totale,addetti,40291.0
059011,Latina,Latina,2020,0-9,addetti,20607.8
059011,Latina,Latina,2020,10-49,addetti,9408.5
059011,Latina,Latina,2020,250+,addetti,4527.5
059011,Latina,Latina,2020,50-249,addetti,6250.8
059011,Latina,Latina,2020,totale,addetti,40794.7
059011,Latina,Latina,2021,0-9,addetti,21005.3
059011,Latina,Latina,2021,10-49,addetti,9605.6
059011,Latina,Latina,2021,250+,addetti,3912.7
059011,Latina,Latina,2021,50-249,addetti,6807.0
059011,Latina,Latina,2021,totale,addetti,41330.7
059011,Latina,Latina,2022,0-9,addetti,21648.5
059011,Latina,Latina,2022,10-49,addetti,10332.2
059011,Latina,Latina,2022,250+,addetti,4418.0
059011,Latina,Latina,2022,50-249,addetti,6012.3
059011,Latina,Latina,2022,totale,addetti,42411.0
059011,Latina,Latina,2023,0-9,addetti,21736.9
059011,Latina,Latina,2023,10-49,addetti,10674.9
059011,Latina,Latina,2023,250+,addetti,4846.7
059011,Latina,Latina,2023,50-249,addetti,6131.9
059011,Latina,Latina,2023,totale,addetti,43390.4
059011,Latina,Latina,2018,0-9,unita_locali,11264
059011,Latina,Latina,2018,10-49,unita_locali,508
059011,Latina,Latina,2018,250+,unita_locali,9
059011,Latina,Latina,2018,50-249,unita_locali,74
059011,Latina,Latina,2018,totale,unita_locali,11855
059011,Latina,Latina,2019,0-9,unita_locali,11199
059011,Latina,Latina,2019,10-49,unita_locali,528
059011,Latina,Latina,2019,250+,unita_locali,8
059011,Latina,Latina,2019,50-249,unita_locali,67
059011,Latina,Latina,2019,totale,unita_locali,11802
059011,Latina,Latina,2020,0-9,unita_locali,11334
059011,Latina,Latina,2020,10-49,unita_locali,522
059011,Latina,Latina,2020,250+,unita_locali,11
059011,Latina,Latina,2020,50-249,unita_locali,61
059011,Latina,Latina,2020,totale,unita_locali,11928
059011,Latina,Latina,2021,0-9,unita_locali,11693
059011,Latina,Latina,2021,10-49,unita_locali,526
059011,Latina,Latina,2021,250+,unita_locali,9
059011,Latina,Latina,2021,50-249,unita_locali,68
059011,Latina,Latina,2021,totale,unita_locali,12296
059011,Latina,Latina,2022,0-9,unita_locali,12050
059011,Latina,Latina,2022,10-49,unita_locali,554
059011,Latina,Latina,2022,250+,unita_locali,9
059011,Latina,Latina,2022,50-249,unita_locali,59
059011,Latina,Latina,2022,totale,unita_locali,12672
059011,Latina,Latina,2023,0-9,unita_locali,12132
059011,Latina,Latina,2023,10-49,unita_locali,574
059011,Latina,Latina,2023,250+,unita_locali,10
059011,Latina,Latina,2023,50-249,unita_locali,67
059011,Latina,Latina,2023,totale,unita_locali,12783
060038,Frosinone,Frosinone,2018,0-9,addetti,9678.5
060038,Frosinone,Frosinone,2018,10-49,addetti,4758.7
060038,Frosinone,Frosinone,2018,250+,addetti,3785.2
060038,Frosinone,Frosinone,2018,50-249,addetti,3802.5
060038,Frosinone,Frosinone,2018,totale,addetti,22024.9
060038,Frosinone,Frosinone,2019,0-9,addetti,9501.5
060038,Frosinone,Frosinone,2019,10-49,addetti,4942.5
060038,Frosinone,Frosinone,2019,250+,addetti,4444.5
060038,Frosinone,Frosinone,2019,50-249,addetti,3809.2
060038,Frosinone,Frosinone,2019,totale,addetti,22697.6
060038,Frosinone,Frosinone,2020,0-9,addetti,9781.2
060038,Frosinone,Frosinone,2020,10-49,addetti,5167.7
060038,Frosinone,Frosinone,2020,250+,addetti,3844.0
060038,Frosinone,Frosinone,2020,50-249,addetti,4083.6
060038,Frosinone,Frosinone,2020,totale,addetti,22876.5
060038,Frosinone,Frosinone,2021,0-9,addetti,9925.0
060038,Frosinone,Frosinone,2021,10-49,addetti,5055.3
060038,Frosinone,Frosinone,2021,250+,addetti,2975.6
060038,Frosinone,Frosinone,2021,50-249,addetti,4333.9
060038,Frosinone,Frosinone,2021,totale,addetti,22289.7
060038,Frosinone,Frosinone,2022,0-9,addetti,10325.8
060038,Frosinone,Frosinone,2022,10-49,addetti,5641.3
060038,Frosinone,Frosinone,2022,250+,addetti,2285.8
060038,Frosinone,Frosinone,2022,50-249,addetti,4240.8
060038,Frosinone,Frosinone,2022,totale,addetti,22493.7
060038,Frosinone,Frosinone,2023,0-9,addetti,10170.1
060038,Frosinone,Frosinone,2023,10-49,addetti,5909.9
060038,Frosinone,Frosinone,2023,250+,addetti,2214.2
060038,Frosinone,Frosinone,2023,50-249,addetti,4262.1
060038,Frosinone,Frosinone,2023,totale,addetti,22556.3
060038,Frosinone,Frosinone,2018,0-9,unita_locali,5383
060038,Frosinone,Frosinone,2018,10-49,unita_locali,256
060038,Frosinone,Frosinone,2018,250+,unita_locali,6
060038,Frosinone,Frosinone,2018,50-249,unita_locali,40
060038,Frosinone,Frosinone,2018,totale,unita_locali,5685
060038,Frosinone,Frosinone,2019,0-9,unita_locali,5252
060038,Frosinone,Frosinone,2019,10-49,unita_locali,270
060038,Frosinone,Frosinone,2019,250+,unita_locali,7
060038,Frosinone,Frosinone,2019,50-249,unita_locali,42
060038,Frosinone,Frosinone,2019,totale,unita_locali,5571
060038,Frosinone,Frosinone,2020,0-9,unita_locali,5391
060038,Frosinone,Frosinone,2020,10-49,unita_locali,270
060038,Frosinone,Frosinone,2020,250+,unita_locali,5
060038,Frosinone,Frosinone,2020,50-249,unita_locali,47
060038,Frosinone,Frosinone,2020,totale,unita_locali,5713
060038,Frosinone,Frosinone,2021,0-9,unita_locali,5557
060038,Frosinone,Frosinone,2021,10-49,unita_locali,277
060038,Frosinone,Frosinone,2021,250+,unita_locali,6
060038,Frosinone,Frosinone,2021,50-249,unita_locali,51
060038,Frosinone,Frosinone,2021,totale,unita_locali,5891
060038,Frosinone,Frosinone,2022,0-9,unita_locali,5760
060038,Frosinone,Frosinone,2022,10-49,unita_locali,305
060038,Frosinone,Frosinone,2022,250+,unita_locali,4
060038,Frosinone,Frosinone,2022,50-249,unita_locali,52
060038,Frosinone,Frosinone,2022,totale,unita_locali,6121
060038,Frosinone,Frosinone,2023,0-9,unita_locali,5759
060038,Frosinone,Frosinone,2023,10-49,unita_locali,319
060038,Frosinone,Frosinone,2023,250+,unita_locali,4
060038,Frosinone,Frosinone,2023,50-249,unita_locali,53
060038,Frosinone,Frosinone,2023,totale,unita_locali,6135
061022,Caserta,Caserta,2018,0-9,addetti,11116.9
061022,Caserta,Caserta,2018,10-49,addetti,5106.1
061022,Caserta,Caserta,2018,250+,addetti,1250.6
061022,Caserta,Caserta,2018,50-249,addetti,2958.7
061022,Caserta,Caserta,2018,totale,addetti,20432.2
061022,Caserta,Caserta,2019,0-9,addetti,11259.5
061022,Caserta,Caserta,2019,10-49,addetti,4856.2
061022,Caserta,Caserta,2019,250+,addetti,937.0
061022,Caserta,Caserta,2019,50-249,addetti,3354.2
061022,Caserta,Caserta,2019,totale,addetti,20407.0
061022,Caserta,Caserta,2020,0-9,addetti,11551.7
061022,Caserta,Caserta,2020,10-49,addetti,5263.8
061022,Caserta,Caserta,2020,250+,addetti,896.5
061022,Caserta,Caserta,2020,50-249,addetti,3130.4
061022,Caserta,Caserta,2020,totale,addetti,20842.4
061022,Caserta,Caserta,2021,0-9,addetti,11811.2
061022,Caserta,Caserta,2021,10-49,addetti,5544.9
061022,Caserta,Caserta,2021,250+,addetti,1325.7
061022,Caserta,Caserta,2021,50-249,addetti,4084.0
061022,Caserta,Caserta,2021,totale,addetti,22765.8
061022,Caserta,Caserta,2022,0-9,addetti,12640.4
061022,Caserta,Caserta,2022,10-49,addetti,6200.3
061022,Caserta,Caserta,2022,250+,addetti,1361.8
061022,Caserta,Caserta,2022,50-249,addetti,3822.9
061022,Caserta,Caserta,2022,totale,addetti,24025.5
061022,Caserta,Caserta,2023,0-9,addetti,12578.1
061022,Caserta,Caserta,2023,10-49,addetti,6225.2
061022,Caserta,Caserta,2023,250+,addetti,1512.8
061022,Caserta,Caserta,2023,50-249,addetti,3981.9
061022,Caserta,Caserta,2023,totale,addetti,24298.1
061022,Caserta,Caserta,2018,0-9,unita_locali,6703
061022,Caserta,Caserta,2018,10-49,unita_locali,270
061022,Caserta,Caserta,2018,250+,unita_locali,4
061022,Caserta,Caserta,2018,50-249,unita_locali,30
061022,Caserta,Caserta,2018,totale,unita_locali,7007
061022,Caserta,Caserta,2019,0-9,unita_locali,6871
061022,Caserta,Caserta,2019,10-49,unita_locali,262
061022,Caserta,Caserta,2019,250+,unita_locali,3
061022,Caserta,Caserta,2019,50-249,unita_locali,35
061022,Caserta,Caserta,2019,totale,unita_locali,7171
061022,Caserta,Caserta,2020,0-9,unita_locali,6926
061022,Caserta,Caserta,2020,10-49,unita_locali,283
061022,Caserta,Caserta,2020,250+,unita_locali,3
061022,Caserta,Caserta,2020,50-249,unita_locali,35
061022,Caserta,Caserta,2020,totale,unita_locali,7247
061022,Caserta,Caserta,2021,0-9,unita_locali,7220
061022,Caserta,Caserta,2021,10-49,unita_locali,295
061022,Caserta,Caserta,2021,250+,unita_locali,4
061022,Caserta,Caserta,2021,50-249,unita_locali,42
061022,Caserta,Caserta,2021,totale,unita_locali,7561
061022,Caserta,Caserta,2022,0-9,unita_locali,7756
061022,Caserta,Caserta,2022,10-49,unita_locali,314
061022,Caserta,Caserta,2022,250+,unita_locali,4
061022,Caserta,Caserta,2022,50-249,unita_locali,40
061022,Caserta,Caserta,2022,totale,unita_locali,8114
061022,Caserta,Caserta,2023,0-9,unita_locali,7664
061022,Caserta,Caserta,2023,10-49,unita_locali,332
061022,Caserta,Caserta,2023,250+,unita_locali,4
061022,Caserta,Caserta,2023,50-249,unita_locali,45
061022,Caserta,Caserta,2023,totale,unita_locali,8045
062008,Benevento,Benevento,2018,0-9,addetti,8664.8
062008,Benevento,Benevento,2018,10-49,addetti,3534.2
062008,Benevento,Benevento,2018,250+,addetti,329.4
062008,Benevento,Benevento,2018,50-249,addetti,3714.3
062008,Benevento,Benevento,2018,totale,addetti,16242.6
062008,Benevento,Benevento,2019,0-9,addetti,8672.5
062008,Benevento,Benevento,2019,10-49,addetti,3591.2
062008,Benevento,Benevento,2019,250+,addetti,340.1
062008,Benevento,Benevento,2019,50-249,addetti,3517.5
062008,Benevento,Benevento,2019,totale,addetti,16121.4
062008,Benevento,Benevento,2020,0-9,addetti,8982.2
062008,Benevento,Benevento,2020,10-49,addetti,4039.1
062008,Benevento,Benevento,2020,50-249,addetti,3069.0
062008,Benevento,Benevento,2020,totale,addetti,16090.3
062008,Benevento,Benevento,2021,0-9,addetti,9228.6
062008,Benevento,Benevento,2021,10-49,addetti,3777.8
062008,Benevento,Benevento,2021,250+,addetti,256.1
062008,Benevento,Benevento,2021,50-249,addetti,3311.1
062008,Benevento,Benevento,2021,totale,addetti,16573.6
062008,Benevento,Benevento,2022,0-9,addetti,9499.2
062008,Benevento,Benevento,2022,10-49,addetti,3849.9
062008,Benevento,Benevento,2022,50-249,addetti,3797.7
062008,Benevento,Benevento,2022,totale,addetti,17146.8
062008,Benevento,Benevento,2023,0-9,addetti,9437.5
062008,Benevento,Benevento,2023,10-49,addetti,4161.2
062008,Benevento,Benevento,2023,250+,addetti,274.2
062008,Benevento,Benevento,2023,50-249,addetti,3314.4
062008,Benevento,Benevento,2023,totale,addetti,17187.3
062008,Benevento,Benevento,2018,0-9,unita_locali,5083
062008,Benevento,Benevento,2018,10-49,unita_locali,200
062008,Benevento,Benevento,2018,250+,unita_locali,1
062008,Benevento,Benevento,2018,50-249,unita_locali,36
062008,Benevento,Benevento,2018,totale,unita_locali,5320
062008,Benevento,Benevento,2019,0-9,unita_locali,5152
062008,Benevento,Benevento,2019,10-49,unita_locali,205
062008,Benevento,Benevento,2019,250+,unita_locali,1
062008,Benevento,Benevento,2019,50-249,unita_locali,37
062008,Benevento,Benevento,2019,totale,unita_locali,5395
062008,Benevento,Benevento,2020,0-9,unita_locali,5179
062008,Benevento,Benevento,2020,10-49,unita_locali,215
062008,Benevento,Benevento,2020,50-249,unita_locali,32
062008,Benevento,Benevento,2020,totale,unita_locali,5426
062008,Benevento,Benevento,2021,0-9,unita_locali,5407
062008,Benevento,Benevento,2021,10-49,unita_locali,211
062008,Benevento,Benevento,2021,250+,unita_locali,1
062008,Benevento,Benevento,2021,50-249,unita_locali,36
062008,Benevento,Benevento,2021,totale,unita_locali,5655
062008,Benevento,Benevento,2022,0-9,unita_locali,5585
062008,Benevento,Benevento,2022,10-49,unita_locali,219
062008,Benevento,Benevento,2022,50-249,unita_locali,42
062008,Benevento,Benevento,2022,totale,unita_locali,5846
062008,Benevento,Benevento,2023,0-9,unita_locali,5618
062008,Benevento,Benevento,2023,10-49,unita_locali,237
062008,Benevento,Benevento,2023,250+,unita_locali,1
062008,Benevento,Benevento,2023,50-249,unita_locali,41
062008,Benevento,Benevento,2023,totale,unita_locali,5897
063049,Napoli,Napoli,2018,0-9,addetti,118235.9
063049,Napoli,Napoli,2018,10-49,addetti,57452.2
063049,Napoli,Napoli,2018,250+,addetti,44084.2
063049,Napoli,Napoli,2018,50-249,addetti,39241.8
063049,Napoli,Napoli,2018,totale,addetti,259014.1
063049,Napoli,Napoli,2019,0-9,addetti,120991.5
063049,Napoli,Napoli,2019,10-49,addetti,57427.7
063049,Napoli,Napoli,2019,250+,addetti,41590.8
063049,Napoli,Napoli,2019,50-249,addetti,40299.3
063049,Napoli,Napoli,2019,totale,addetti,260309.3
063049,Napoli,Napoli,2020,0-9,addetti,122585.5
063049,Napoli,Napoli,2020,10-49,addetti,56976.1
063049,Napoli,Napoli,2020,250+,addetti,34459.5
063049,Napoli,Napoli,2020,50-249,addetti,40807.9
063049,Napoli,Napoli,2020,totale,addetti,254829.0
063049,Napoli,Napoli,2021,0-9,addetti,122609.2
063049,Napoli,Napoli,2021,10-49,addetti,58108.5
063049,Napoli,Napoli,2021,250+,addetti,31312.4
063049,Napoli,Napoli,2021,50-249,addetti,42559.6
063049,Napoli,Napoli,2021,totale,addetti,254589.6
063049,Napoli,Napoli,2022,0-9,addetti,127176.5
063049,Napoli,Napoli,2022,10-49,addetti,60979.0
063049,Napoli,Napoli,2022,250+,addetti,33829.4
063049,Napoli,Napoli,2022,50-249,addetti,43279.4
063049,Napoli,Napoli,2022,totale,addetti,265264.3
063049,Napoli,Napoli,2023,0-9,addetti,128390.4
063049,Napoli,Napoli,2023,10-49,addetti,67342.4
063049,Napoli,Napoli,2023,250+,addetti,39628.8
063049,Napoli,Napoli,2023,50-249,addetti,47234.0
063049,Napoli,Napoli,2023,totale,addetti,282595.6
063049,Napoli,Napoli,2018,0-9,unita_locali,71543
063049,Napoli,Napoli,2018,10-49,unita_locali,3119
063049,Napoli,Napoli,2018,250+,unita_locali,88
063049,Napoli,Napoli,2018,50-249,unita_locali,424
063049,Napoli,Napoli,2018,totale,unita_locali,75174
063049,Napoli,Napoli,2019,0-9,unita_locali,73783
063049,Napoli,Napoli,2019,10-49,unita_locali,3146
063049,Napoli,Napoli,2019,250+,unita_locali,84
063049,Napoli,Napoli,2019,50-249,unita_locali,426
063049,Napoli,Napoli,2019,totale,unita_locali,77439
063049,Napoli,Napoli,2020,0-9,unita_locali,73023
063049,Napoli,Napoli,2020,10-49,unita_locali,3123
063049,Napoli,Napoli,2020,250+,unita_locali,77
063049,Napoli,Napoli,2020,50-249,unita_locali,427
063049,Napoli,Napoli,2020,totale,unita_locali,76650
063049,Napoli,Napoli,2021,0-9,unita_locali,74809
063049,Napoli,Napoli,2021,10-49,unita_locali,3165
063049,Napoli,Napoli,2021,250+,unita_locali,68
063049,Napoli,Napoli,2021,50-249,unita_locali,435
063049,Napoli,Napoli,2021,totale,unita_locali,78477
063049,Napoli,Napoli,2022,0-9,unita_locali,78364
063049,Napoli,Napoli,2022,10-49,unita_locali,3318
063049,Napoli,Napoli,2022,250+,unita_locali,70
063049,Napoli,Napoli,2022,50-249,unita_locali,449
063049,Napoli,Napoli,2022,totale,unita_locali,82201
063049,Napoli,Napoli,2023,0-9,unita_locali,78973
063049,Napoli,Napoli,2023,10-49,unita_locali,3639
063049,Napoli,Napoli,2023,250+,unita_locali,75
063049,Napoli,Napoli,2023,50-249,unita_locali,479
063049,Napoli,Napoli,2023,totale,unita_locali,83166
064008,Avellino,Avellino,2018,0-9,addetti,8888.2
064008,Avellino,Avellino,2018,10-49,addetti,3906.4
064008,Avellino,Avellino,2018,250+,addetti,2797.4
064008,Avellino,Avellino,2018,50-249,addetti,3631.6
064008,Avellino,Avellino,2018,totale,addetti,19223.7
064008,Avellino,Avellino,2019,0-9,addetti,8932.5
064008,Avellino,Avellino,2019,10-49,addetti,3824.0
064008,Avellino,Avellino,2019,250+,addetti,3521.5
064008,Avellino,Avellino,2019,50-249,addetti,3661.0
064008,Avellino,Avellino,2019,totale,addetti,19939.0
064008,Avellino,Avellino,2020,0-9,addetti,9040.5
064008,Avellino,Avellino,2020,10-49,addetti,3908.1
064008,Avellino,Avellino,2020,250+,addetti,1343.8
064008,Avellino,Avellino,2020,50-249,addetti,3987.4
064008,Avellino,Avellino,2020,totale,addetti,18279.9
064008,Avellino,Avellino,2021,0-9,addetti,9164.9
064008,Avellino,Avellino,2021,10-49,addetti,3863.6
064008,Avellino,Avellino,2021,250+,addetti,1628.8
064008,Avellino,Avellino,2021,50-249,addetti,4392.9
064008,Avellino,Avellino,2021,totale,addetti,19050.2
064008,Avellino,Avellino,2022,0-9,addetti,9490.1
064008,Avellino,Avellino,2022,10-49,addetti,3988.2
064008,Avellino,Avellino,2022,250+,addetti,2055.5
064008,Avellino,Avellino,2022,50-249,addetti,4675.1
064008,Avellino,Avellino,2022,totale,addetti,20208.8
064008,Avellino,Avellino,2023,0-9,addetti,9675.7
064008,Avellino,Avellino,2023,10-49,addetti,4302.4
064008,Avellino,Avellino,2023,250+,addetti,1716.1
064008,Avellino,Avellino,2023,50-249,addetti,4329.9
064008,Avellino,Avellino,2023,totale,addetti,20024.1
064008,Avellino,Avellino,2018,0-9,unita_locali,5222
064008,Avellino,Avellino,2018,10-49,unita_locali,203
064008,Avellino,Avellino,2018,250+,unita_locali,4
064008,Avellino,Avellino,2018,50-249,unita_locali,38
064008,Avellino,Avellino,2018,totale,unita_locali,5467
064008,Avellino,Avellino,2019,0-9,unita_locali,5294
064008,Avellino,Avellino,2019,10-49,unita_locali,202
064008,Avellino,Avellino,2019,250+,unita_locali,5
064008,Avellino,Avellino,2019,50-249,unita_locali,40
064008,Avellino,Avellino,2019,totale,unita_locali,5541
064008,Avellino,Avellino,2020,0-9,unita_locali,5261
064008,Avellino,Avellino,2020,10-49,unita_locali,206
064008,Avellino,Avellino,2020,250+,unita_locali,2
064008,Avellino,Avellino,2020,50-249,unita_locali,43
064008,Avellino,Avellino,2020,totale,unita_locali,5512
064008,Avellino,Avellino,2021,0-9,unita_locali,5448
064008,Avellino,Avellino,2021,10-49,unita_locali,203
064008,Avellino,Avellino,2021,250+,unita_locali,3
064008,Avellino,Avellino,2021,50-249,unita_locali,46
064008,Avellino,Avellino,2021,totale,unita_locali,5700
064008,Avellino,Avellino,2022,0-9,unita_locali,5718
064008,Avellino,Avellino,2022,10-49,unita_locali,213
064008,Avellino,Avellino,2022,250+,unita_locali,4
064008,Avellino,Avellino,2022,50-249,unita_locali,50
064008,Avellino,Avellino,2022,totale,unita_locali,5985
064008,Avellino,Avellino,2023,0-9,unita_locali,5745
064008,Avellino,Avellino,2023,10-49,unita_locali,227
064008,Avellino,Avellino,2023,250+,unita_locali,5
064008,Avellino,Avellino,2023,50-249,unita_locali,47
064008,Avellino,Avellino,2023,totale,unita_locali,6024
065116,Salerno,Salerno,2018,0-9,addetti,21231.5
065116,Salerno,Salerno,2018,10-49,addetti,9817.9
065116,Salerno,Salerno,2018,250+,addetti,1789.8
065116,Salerno,Salerno,2018,50-249,addetti,6930.6
065116,Salerno,Salerno,2018,totale,addetti,39769.8
065116,Salerno,Salerno,2019,0-9,addetti,21218.6
065116,Salerno,Salerno,2019,10-49,addetti,10460.8
065116,Salerno,Salerno,2019,250+,addetti,2690.2
065116,Salerno,Salerno,2019,50-249,addetti,7078.8
065116,Salerno,Salerno,2019,totale,addetti,41448.4
065116,Salerno,Salerno,2020,0-9,addetti,21641.5
065116,Salerno,Salerno,2020,10-49,addetti,10459.9
065116,Salerno,Salerno,2020,250+,addetti,3096.0
065116,Salerno,Salerno,2020,50-249,addetti,6913.3
065116,Salerno,Salerno,2020,totale,addetti,42110.7
065116,Salerno,Salerno,2021,0-9,addetti,21957.8
065116,Salerno,Salerno,2021,10-49,addetti,10866.3
065116,Salerno,Salerno,2021,250+,addetti,3301.7
065116,Salerno,Salerno,2021,50-249,addetti,7615.4
065116,Salerno,Salerno,2021,totale,addetti,43741.2
065116,Salerno,Salerno,2022,0-9,addetti,22805.4
065116,Salerno,Salerno,2022,10-49,addetti,10857.8
065116,Salerno,Salerno,2022,250+,addetti,3583.8
065116,Salerno,Salerno,2022,50-249,addetti,7947.3
065116,Salerno,Salerno,2022,totale,addetti,45194.4
065116,Salerno,Salerno,2023,0-9,addetti,22806.5
065116,Salerno,Salerno,2023,10-49,addetti,11937.0
065116,Salerno,Salerno,2023,250+,addetti,2920.9
065116,Salerno,Salerno,2023,50-249,addetti,7492.9
065116,Salerno,Salerno,2023,totale,addetti,45157.4
065116,Salerno,Salerno,2018,0-9,unita_locali,12862
065116,Salerno,Salerno,2018,10-49,unita_locali,519
065116,Salerno,Salerno,2018,250+,unita_locali,5
065116,Salerno,Salerno,2018,50-249,unita_locali,74
065116,Salerno,Salerno,2018,totale,unita_locali,13460
065116,Salerno,Salerno,2019,0-9,unita_locali,13021
065116,Salerno,Salerno,2019,10-49,unita_locali,561
065116,Salerno,Salerno,2019,250+,unita_locali,5
065116,Salerno,Salerno,2019,50-249,unita_locali,71
065116,Salerno,Salerno,2019,totale,unita_locali,13658
065116,Salerno,Salerno,2020,0-9,unita_locali,13055
065116,Salerno,Salerno,2020,10-49,unita_locali,559
065116,Salerno,Salerno,2020,250+,unita_locali,5
065116,Salerno,Salerno,2020,50-249,unita_locali,75
065116,Salerno,Salerno,2020,totale,unita_locali,13694
065116,Salerno,Salerno,2021,0-9,unita_locali,13471
065116,Salerno,Salerno,2021,10-49,unita_locali,588
065116,Salerno,Salerno,2021,250+,unita_locali,4
065116,Salerno,Salerno,2021,50-249,unita_locali,78
065116,Salerno,Salerno,2021,totale,unita_locali,14141
065116,Salerno,Salerno,2022,0-9,unita_locali,14058
065116,Salerno,Salerno,2022,10-49,unita_locali,596
065116,Salerno,Salerno,2022,250+,unita_locali,5
065116,Salerno,Salerno,2022,50-249,unita_locali,83
065116,Salerno,Salerno,2022,totale,unita_locali,14742
065116,Salerno,Salerno,2023,0-9,unita_locali,13982
065116,Salerno,Salerno,2023,10-49,unita_locali,638
065116,Salerno,Salerno,2023,250+,unita_locali,4
065116,Salerno,Salerno,2023,50-249,unita_locali,78
065116,Salerno,Salerno,2023,totale,unita_locali,14702
066049,L'Aquila,L'Aquila,2018,0-9,addetti,11193.5
066049,L'Aquila,L'Aquila,2018,10-49,addetti,4817.2
066049,L'Aquila,L'Aquila,2018,250+,addetti,278.2
066049,L'Aquila,L'Aquila,2018,50-249,addetti,5434.9
066049,L'Aquila,L'Aquila,2018,totale,addetti,21723.8
066049,L'Aquila,L'Aquila,2019,0-9,addetti,11127.9
066049,L'Aquila,L'Aquila,2019,10-49,addetti,4869.2
066049,L'Aquila,L'Aquila,2019,250+,addetti,815.9
066049,L'Aquila,L'Aquila,2019,50-249,addetti,4655.1
066049,L'Aquila,L'Aquila,2019,totale,addetti,21468.0
066049,L'Aquila,L'Aquila,2020,0-9,addetti,11144.7
066049,L'Aquila,L'Aquila,2020,10-49,addetti,5233.9
066049,L'Aquila,L'Aquila,2020,250+,addetti,723.8
066049,L'Aquila,L'Aquila,2020,50-249,addetti,4125.9
066049,L'Aquila,L'Aquila,2020,totale,addetti,21228.3
066049,L'Aquila,L'Aquila,2021,0-9,addetti,11744.6
066049,L'Aquila,L'Aquila,2021,10-49,addetti,5506.1
066049,L'Aquila,L'Aquila,2021,250+,addetti,810.0
066049,L'Aquila,L'Aquila,2021,50-249,addetti,4403.7
066049,L'Aquila,L'Aquila,2021,totale,addetti,22464.4
066049,L'Aquila,L'Aquila,2022,0-9,addetti,12193.3
066049,L'Aquila,L'Aquila,2022,10-49,addetti,5761.3
066049,L'Aquila,L'Aquila,2022,250+,addetti,1126.0
066049,L'Aquila,L'Aquila,2022,50-249,addetti,4498.5
066049,L'Aquila,L'Aquila,2022,totale,addetti,23579.0
066049,L'Aquila,L'Aquila,2023,0-9,addetti,12372.6
066049,L'Aquila,L'Aquila,2023,10-49,addetti,6125.2
066049,L'Aquila,L'Aquila,2023,250+,addetti,823.5
066049,L'Aquila,L'Aquila,2023,50-249,addetti,4758.3
066049,L'Aquila,L'Aquila,2023,totale,addetti,24079.6
066049,L'Aquila,L'Aquila,2018,0-9,unita_locali,6357
066049,L'Aquila,L'Aquila,2018,10-49,unita_locali,271
066049,L'Aquila,L'Aquila,2018,250+,unita_locali,1
066049,L'Aquila,L'Aquila,2018,50-249,unita_locali,55
066049,L'Aquila,L'Aquila,2018,totale,unita_locali,6684
066049,L'Aquila,L'Aquila,2019,0-9,unita_locali,6251
066049,L'Aquila,L'Aquila,2019,10-49,unita_locali,273
066049,L'Aquila,L'Aquila,2019,250+,unita_locali,3
066049,L'Aquila,L'Aquila,2019,50-249,unita_locali,47
066049,L'Aquila,L'Aquila,2019,totale,unita_locali,6574
066049,L'Aquila,L'Aquila,2020,0-9,unita_locali,6286
066049,L'Aquila,L'Aquila,2020,10-49,unita_locali,289
066049,L'Aquila,L'Aquila,2020,250+,unita_locali,2
066049,L'Aquila,L'Aquila,2020,50-249,unita_locali,43
066049,L'Aquila,L'Aquila,2020,totale,unita_locali,6620
066049,L'Aquila,L'Aquila,2021,0-9,unita_locali,6592
066049,L'Aquila,L'Aquila,2021,10-49,unita_locali,309
066049,L'Aquila,L'Aquila,2021,250+,unita_locali,2
066049,L'Aquila,L'Aquila,2021,50-249,unita_locali,50
066049,L'Aquila,L'Aquila,2021,totale,unita_locali,6953
066049,L'Aquila,L'Aquila,2022,0-9,unita_locali,6893
066049,L'Aquila,L'Aquila,2022,10-49,unita_locali,327
066049,L'Aquila,L'Aquila,2022,250+,unita_locali,3
066049,L'Aquila,L'Aquila,2022,50-249,unita_locali,48
066049,L'Aquila,L'Aquila,2022,totale,unita_locali,7271
066049,L'Aquila,L'Aquila,2023,0-9,unita_locali,6875
066049,L'Aquila,L'Aquila,2023,10-49,unita_locali,346
066049,L'Aquila,L'Aquila,2023,250+,unita_locali,2
066049,L'Aquila,L'Aquila,2023,50-249,unita_locali,50
066049,L'Aquila,L'Aquila,2023,totale,unita_locali,7273
067041,Teramo,Teramo,2018,0-9,addetti,8316.5
067041,Teramo,Teramo,2018,10-49,addetti,3614.7
067041,Teramo,Teramo,2018,250+,addetti,568.0
067041,Teramo,Teramo,2018,50-249,addetti,2651.0
067041,Teramo,Teramo,2018,totale,addetti,15150.2
067041,Teramo,Teramo,2019,0-9,addetti,8130.8
067041,Teramo,Teramo,2019,10-49,addetti,3684.8
067041,Teramo,Teramo,2019,250+,addetti,587.4
067041,Teramo,Teramo,2019,50-249,addetti,2940.6
067041,Teramo,Teramo,2019,totale,addetti,15343.6
067041,Teramo,Teramo,2020,0-9,addetti,8250.5
067041,Teramo,Teramo,2020,10-49,addetti,3420.4
067041,Teramo,Teramo,2020,250+,addetti,819.5
067041,Teramo,Teramo,2020,50-249,addetti,3111.8
067041,Teramo,Teramo,2020,totale,addetti,15602.3
067041,Teramo,Teramo,2021,0-9,addetti,8386.0
067041,Teramo,Teramo,2021,10-49,addetti,3917.6
067041,Teramo,Teramo,2021,250+,addetti,1181.4
067041,Teramo,Teramo,2021,50-249,addetti,3296.3
067041,Teramo,Teramo,2021,totale,addetti,16781.4
067041,Teramo,Teramo,2022,0-9,addetti,8870.7
067041,Teramo,Teramo,2022,10-49,addetti,3817.6
067041,Teramo,Teramo,2022,250+,addetti,894.5
067041,Teramo,Teramo,2022,50-249,addetti,3689.4
067041,Teramo,Teramo,2022,totale,addetti,17272.2
067041,Teramo,Teramo,2023,0-9,addetti,8830.5
067041,Teramo,Teramo,2023,10-49,addetti,4170.6
067041,Teramo,Teramo,2023,250+,addetti,573.6
067041,Teramo,Teramo,2023,50-249,addetti,3585.6
067041,Teramo,Teramo,2023,totale,addetti,17160.3
067041,Teramo,Teramo,2018,0-9,unita_locali,4653
067041,Teramo,Teramo,2018,10-49,unita_locali,195
067041,Teramo,Teramo,2018,250+,unita_locali,2
067041,Teramo,Teramo,2018,50-249,unita_locali,24
067041,Teramo,Teramo,2018,totale,unita_locali,4874
067041,Teramo,Teramo,2019,0-9,unita_locali,4530
067041,Teramo,Teramo,2019,10-49,unita_locali,210
067041,Teramo,Teramo,2019,250+,unita_locali,2
067041,Teramo,Teramo,2019,50-249,unita_locali,26
067041,Teramo,Teramo,2019,totale,unita_locali,4768
067041,Teramo,Teramo,2020,0-9,unita_locali,4634
067041,Teramo,Teramo,2020,10-49,unita_locali,194
067041,Teramo,Teramo,2020,250+,unita_locali,3
067041,Teramo,Teramo,2020,50-249,unita_locali,27
067041,Teramo,Teramo,2020,totale,unita_locali,4858
067041,Teramo,Teramo,2021,0-9,unita_locali,4697
067041,Teramo,Teramo,2021,10-49,unita_locali,206
067041,Teramo,Teramo,2021,250+,unita_locali,4
067041,Teramo,Teramo,2021,50-249,unita_locali,31
067041,Teramo,Teramo,2021,totale,unita_locali,4938
067041,Teramo,Teramo,2022,0-9,unita_locali,4891
067041,Teramo,Teramo,2022,10-49,unita_locali,213
067041,Teramo,Teramo,2022,250+,unita_locali,3
067041,Teramo,Teramo,2022,50-249,unita_locali,34
067041,Teramo,Teramo,2022,totale,unita_locali,5141
067041,Teramo,Teramo,2023,0-9,unita_locali,4903
067041,Teramo,Teramo,2023,10-49,unita_locali,224
067041,Teramo,Teramo,2023,250+,unita_locali,2
067041,Teramo,Teramo,2023,50-249,unita_locali,32
067041,Teramo,Teramo,2023,totale,unita_locali,5161
068028,Pescara,Pescara,2018,0-9,addetti,22196.9
068028,Pescara,Pescara,2018,10-49,addetti,7774.6
068028,Pescara,Pescara,2018,250+,addetti,6246.5
068028,Pescara,Pescara,2018,50-249,addetti,5347.1
068028,Pescara,Pescara,2018,totale,addetti,41565.1
068028,Pescara,Pescara,2019,0-9,addetti,22294.9
068028,Pescara,Pescara,2019,10-49,addetti,7741.3
068028,Pescara,Pescara,2019,250+,addetti,5006.8
068028,Pescara,Pescara,2019,50-249,addetti,5411.6
068028,Pescara,Pescara,2019,totale,addetti,40454.7
068028,Pescara,Pescara,2020,0-9,addetti,22693.7
068028,Pescara,Pescara,2020,10-49,addetti,7574.9
068028,Pescara,Pescara,2020,250+,addetti,3057.2
068028,Pescara,Pescara,2020,50-249,addetti,4957.7
068028,Pescara,Pescara,2020,totale,addetti,38283.5
068028,Pescara,Pescara,2021,0-9,addetti,22963.3
068028,Pescara,Pescara,2021,10-49,addetti,8045.8
068028,Pescara,Pescara,2021,250+,addetti,3969.7
068028,Pescara,Pescara,2021,50-249,addetti,5167.2
068028,Pescara,Pescara,2021,totale,addetti,40146.1
068028,Pescara,Pescara,2022,0-9,addetti,23476.2
068028,Pescara,Pescara,2022,10-49,addetti,8909.3
068028,Pescara,Pescara,2022,250+,addetti,4120.9
068028,Pescara,Pescara,2022,50-249,addetti,5349.9
068028,Pescara,Pescara,2022,totale,addetti,41856.3
068028,Pescara,Pescara,2023,0-9,addetti,23368.9
068028,Pescara,Pescara,2023,10-49,addetti,9548.9
068028,Pescara,Pescara,2023,250+,addetti,3775.1
068028,Pescara,Pescara,2023,50-249,addetti,5794.8
068028,Pescara,Pescara,2023,totale,addetti,42487.8
068028,Pescara,Pescara,2018,0-9,unita_locali,13453
068028,Pescara,Pescara,2018,10-49,unita_locali,451
068028,Pescara,Pescara,2018,250+,unita_locali,17
068028,Pescara,Pescara,2018,50-249,unita_locali,54
068028,Pescara,Pescara,2018,totale,unita_locali,13975
068028,Pescara,Pescara,2019,0-9,unita_locali,13205
068028,Pescara,Pescara,2019,10-49,unita_locali,439
068028,Pescara,Pescara,2019,250+,unita_locali,13
068028,Pescara,Pescara,2019,50-249,unita_locali,52
068028,Pescara,Pescara,2019,totale,unita_locali,13709
068028,Pescara,Pescara,2020,0-9,unita_locali,13569
068028,Pescara,Pescara,2020,10-49,unita_locali,439
068028,Pescara,Pescara,2020,250+,unita_locali,7
068028,Pescara,Pescara,2020,50-249,unita_locali,51
068028,Pescara,Pescara,2020,totale,unita_locali,14066
068028,Pescara,Pescara,2021,0-9,unita_locali,13912
068028,Pescara,Pescara,2021,10-49,unita_locali,454
068028,Pescara,Pescara,2021,250+,unita_locali,10
068028,Pescara,Pescara,2021,50-249,unita_locali,53
068028,Pescara,Pescara,2021,totale,unita_locali,14429
068028,Pescara,Pescara,2022,0-9,unita_locali,14488
068028,Pescara,Pescara,2022,10-49,unita_locali,508
068028,Pescara,Pescara,2022,250+,unita_locali,10
068028,Pescara,Pescara,2022,50-249,unita_locali,58
068028,Pescara,Pescara,2022,totale,unita_locali,15064
068028,Pescara,Pescara,2023,0-9,unita_locali,14367
068028,Pescara,Pescara,2023,10-49,unita_locali,537
068028,Pescara,Pescara,2023,250+,unita_locali,8
068028,Pescara,Pescara,2023,50-249,unita_locali,58
068028,Pescara,Pescara,2023,totale,unita_locali,14970
069022,Chieti,Chieti,2018,0-9,addetti,7895.5
069022,Chieti,Chieti,2018,10-49,addetti,4117.1
069022,Chieti,Chieti,2018,250+,addetti,2055.7
069022,Chieti,Chieti,2018,50-249,addetti,4244.8
069022,Chieti,Chieti,2018,totale,addetti,18313.2
069022,Chieti,Chieti,2019,0-9,addetti,7724.9
069022,Chieti,Chieti,2019,10-49,addetti,4319.9
069022,Chieti,Chieti,2019,250+,addetti,2017.2
069022,Chieti,Chieti,2019,50-249,addetti,4048.2
069022,Chieti,Chieti,2019,totale,addetti,18110.2
069022,Chieti,Chieti,2020,0-9,addetti,7975.2
069022,Chieti,Chieti,2020,10-49,addetti,4245.1
069022,Chieti,Chieti,2020,250+,addetti,1535.6
069022,Chieti,Chieti,2020,50-249,addetti,4080.7
069022,Chieti,Chieti,2020,totale,addetti,17836.7
069022,Chieti,Chieti,2021,0-9,addetti,8033.2
069022,Chieti,Chieti,2021,10-49,addetti,4395.9
069022,Chieti,Chieti,2021,250+,addetti,1452.2
069022,Chieti,Chieti,2021,50-249,addetti,4550.4
069022,Chieti,Chieti,2021,totale,addetti,18431.7
069022,Chieti,Chieti,2022,0-9,addetti,8210.0
069022,Chieti,Chieti,2022,10-49,addetti,4543.0
069022,Chieti,Chieti,2022,250+,addetti,1730.1
069022,Chieti,Chieti,2022,50-249,addetti,4722.0
069022,Chieti,Chieti,2022,totale,addetti,19205.1
069022,Chieti,Chieti,2023,0-9,addetti,8253.3
069022,Chieti,Chieti,2023,10-49,addetti,5240.6
069022,Chieti,Chieti,2023,250+,addetti,1868.3
069022,Chieti,Chieti,2023,50-249,addetti,4228.4
069022,Chieti,Chieti,2023,totale,addetti,19590.6
069022,Chieti,Chieti,2018,0-9,unita_locali,4196
069022,Chieti,Chieti,2018,10-49,unita_locali,227
069022,Chieti,Chieti,2018,250+,unita_locali,4
069022,Chieti,Chieti,2018,50-249,unita_locali,41
069022,Chieti,Chieti,2018,totale,unita_locali,4468
069022,Chieti,Chieti,2019,0-9,unita_locali,4134
069022,Chieti,Chieti,2019,10-49,unita_locali,241
069022,Chieti,Chieti,2019,250+,unita_locali,4
069022,Chieti,Chieti,2019,50-249,unita_locali,38
069022,Chieti,Chieti,2019,totale,unita_locali,4417
069022,Chieti,Chieti,2020,0-9,unita_locali,4277
069022,Chieti,Chieti,2020,10-49,unita_locali,238
069022,Chieti,Chieti,2020,250+,unita_locali,3
069022,Chieti,Chieti,2020,50-249,unita_locali,39
069022,Chieti,Chieti,2020,totale,unita_locali,4557
069022,Chieti,Chieti,2021,0-9,unita_locali,4360
069022,Chieti,Chieti,2021,10-49,unita_locali,243
069022,Chieti,Chieti,2021,250+,unita_locali,3
069022,Chieti,Chieti,2021,50-249,unita_locali,47
069022,Chieti,Chieti,2021,totale,unita_locali,4653
069022,Chieti,Chieti,2022,0-9,unita_locali,4563
069022,Chieti,Chieti,2022,10-49,unita_locali,257
069022,Chieti,Chieti,2022,250+,unita_locali,4
069022,Chieti,Chieti,2022,50-249,unita_locali,50
069022,Chieti,Chieti,2022,totale,unita_locali,4874
069022,Chieti,Chieti,2023,0-9,unita_locali,4550
069022,Chieti,Chieti,2023,10-49,unita_locali,287
069022,Chieti,Chieti,2023,250+,unita_locali,4
069022,Chieti,Chieti,2023,50-249,unita_locali,45
069022,Chieti,Chieti,2023,totale,unita_locali,4886
070006,Campobasso,Campobasso,2018,0-9,addetti,7974.5
070006,Campobasso,Campobasso,2018,10-49,addetti,2807.3
070006,Campobasso,Campobasso,2018,250+,addetti,321.6
070006,Campobasso,Campobasso,2018,50-249,addetti,2291.0
070006,Campobasso,Campobasso,2018,totale,addetti,13394.3
070006,Campobasso,Campobasso,2019,0-9,addetti,7988.0
070006,Campobasso,Campobasso,2019,10-49,addetti,3103.3
070006,Campobasso,Campobasso,2019,250+,addetti,300.8
070006,Campobasso,Campobasso,2019,50-249,addetti,2107.6
070006,Campobasso,Campobasso,2019,totale,addetti,13499.7
070006,Campobasso,Campobasso,2020,0-9,addetti,8036.4
070006,Campobasso,Campobasso,2020,10-49,addetti,3414.7
070006,Campobasso,Campobasso,2020,250+,addetti,377.2
070006,Campobasso,Campobasso,2020,50-249,addetti,2178.2
070006,Campobasso,Campobasso,2020,totale,addetti,14006.6
070006,Campobasso,Campobasso,2021,0-9,addetti,8269.6
070006,Campobasso,Campobasso,2021,10-49,addetti,3468.3
070006,Campobasso,Campobasso,2021,250+,addetti,647.3
070006,Campobasso,Campobasso,2021,50-249,addetti,1831.8
070006,Campobasso,Campobasso,2021,totale,addetti,14217.0
070006,Campobasso,Campobasso,2022,0-9,addetti,8723.4
070006,Campobasso,Campobasso,2022,10-49,addetti,3423.1
070006,Campobasso,Campobasso,2022,250+,addetti,644.0
070006,Campobasso,Campobasso,2022,50-249,addetti,2120.9
070006,Campobasso,Campobasso,2022,totale,addetti,14911.4
070006,Campobasso,Campobasso,2023,0-9,addetti,8895.2
070006,Campobasso,Campobasso,2023,10-49,addetti,3396.7
070006,Campobasso,Campobasso,2023,250+,addetti,656.4
070006,Campobasso,Campobasso,2023,50-249,addetti,2147.5
070006,Campobasso,Campobasso,2023,totale,addetti,15095.9
070006,Campobasso,Campobasso,2018,0-9,unita_locali,4573
070006,Campobasso,Campobasso,2018,10-49,unita_locali,163
070006,Campobasso,Campobasso,2018,250+,unita_locali,1
070006,Campobasso,Campobasso,2018,50-249,unita_locali,27
070006,Campobasso,Campobasso,2018,totale,unita_locali,4764
070006,Campobasso,Campobasso,2019,0-9,unita_locali,4484
070006,Campobasso,Campobasso,2019,10-49,unita_locali,169
070006,Campobasso,Campobasso,2019,250+,unita_locali,1
070006,Campobasso,Campobasso,2019,50-249,unita_locali,24
070006,Campobasso,Campobasso,2019,totale,unita_locali,4678
070006,Campobasso,Campobasso,2020,0-9,unita_locali,4607
070006,Campobasso,Campobasso,2020,10-49,unita_locali,189
070006,Campobasso,Campobasso,2020,250+,unita_locali,1
070006,Campobasso,Campobasso,2020,50-249,unita_locali,24
070006,Campobasso,Campobasso,2020,totale,unita_locali,4821
070006,Campobasso,Campobasso,2021,0-9,unita_locali,4769
070006,Campobasso,Campobasso,2021,10-49,unita_locali,192
070006,Campobasso,Campobasso,2021,250+,unita_locali,2
070006,Campobasso,Campobasso,2021,50-249,unita_locali,22
070006,Campobasso,Campobasso,2021,totale,unita_locali,4985
070006,Campobasso,Campobasso,2022,0-9,unita_locali,4926
070006,Campobasso,Campobasso,2022,10-49,unita_locali,186
070006,Campobasso,Campobasso,2022,250+,unita_locali,2
070006,Campobasso,Campobasso,2022,50-249,unita_locali,23
070006,Campobasso,Campobasso,2022,totale,unita_locali,5137
070006,Campobasso,Campobasso,2023,0-9,unita_locali,4950
070006,Campobasso,Campobasso,2023,10-49,unita_locali,194
070006,Campobasso,Campobasso,2023,250+,unita_locali,2
070006,Campobasso,Campobasso,2023,50-249,unita_locali,22
070006,Campobasso,Campobasso,2023,totale,unita_locali,5168
071024,Foggia,Foggia,2018,0-9,addetti,17064.9
071024,Foggia,Foggia,2018,10-49,addetti,7881.9
071024,Foggia,Foggia,2018,250+,addetti,5023.6
071024,Foggia,Foggia,2018,50-249,addetti,6061.4
071024,Foggia,Foggia,2018,totale,addetti,36031.8
071024,Foggia,Foggia,2019,0-9,addetti,16996.1
071024,Foggia,Foggia,2019,10-49,addetti,7758.5
071024,Foggia,Foggia,2019,250+,addetti,5603.2
071024,Foggia,Foggia,2019,50-249,addetti,6281.0
071024,Foggia,Foggia,2019,totale,addetti,36638.8
071024,Foggia,Foggia,2020,0-9,addetti,17231.7
071024,Foggia,Foggia,2020,10-49,addetti,7879.3
071024,Foggia,Foggia,2020,250+,addetti,4923.2
071024,Foggia,Foggia,2020,50-249,addetti,5704.0
071024,Foggia,Foggia,2020,totale,addetti,35738.3
071024,Foggia,Foggia,2021,0-9,addetti,17490.5
071024,Foggia,Foggia,2021,10-49,addetti,8273.6
071024,Foggia,Foggia,2021,250+,addetti,5831.5
071024,Foggia,Foggia,2021,50-249,addetti,5438.3
071024,Foggia,Foggia,2021,totale,addetti,37033.9
071024,Foggia,Foggia,2022,0-9,addetti,18026.2
071024,Foggia,Foggia,2022,10-49,addetti,8220.7
071024,Foggia,Foggia,2022,250+,addetti,6055.6
071024,Foggia,Foggia,2022,50-249,addetti,6668.2
071024,Foggia,Foggia,2022,totale,addetti,38970.7
071024,Foggia,Foggia,2023,0-9,addetti,17752.9
071024,Foggia,Foggia,2023,10-49,addetti,8980.6
071024,Foggia,Foggia,2023,250+,addetti,4714.2
071024,Foggia,Foggia,2023,50-249,addetti,7324.4
071024,Foggia,Foggia,2023,totale,addetti,38772.1
071024,Foggia,Foggia,2018,0-9,unita_locali,9635
071024,Foggia,Foggia,2018,10-49,unita_locali,446
071024,Foggia,Foggia,2018,250+,unita_locali,8
071024,Foggia,Foggia,2018,50-249,unita_locali,54
071024,Foggia,Foggia,2018,totale,unita_locali,10143
071024,Foggia,Foggia,2019,0-9,unita_locali,9616
071024,Foggia,Foggia,2019,10-49,unita_locali,430
071024,Foggia,Foggia,2019,250+,unita_locali,8
071024,Foggia,Foggia,2019,50-249,unita_locali,56
071024,Foggia,Foggia,2019,totale,unita_locali,10110
071024,Foggia,Foggia,2020,0-9,unita_locali,9636
071024,Foggia,Foggia,2020,10-49,unita_locali,439
071024,Foggia,Foggia,2020,250+,unita_locali,8
071024,Foggia,Foggia,2020,50-249,unita_locali,54
071024,Foggia,Foggia,2020,totale,unita_locali,10137
071024,Foggia,Foggia,2021,0-9,unita_locali,9908
071024,Foggia,Foggia,2021,10-49,unita_locali,457
071024,Foggia,Foggia,2021,250+,unita_locali,11
071024,Foggia,Foggia,2021,50-249,unita_locali,53
071024,Foggia,Foggia,2021,totale,unita_locali,10429
071024,Foggia,Foggia,2022,0-9,unita_locali,10226
071024,Foggia,Foggia,2022,10-49,unita_locali,462
071024,Foggia,Foggia,2022,250+,unita_locali,10
071024,Foggia,Foggia,2022,50-249,unita_locali,69
071024,Foggia,Foggia,2022,totale,unita_locali,10767
071024,Foggia,Foggia,2023,0-9,unita_locali,10163
071024,Foggia,Foggia,2023,10-49,unita_locali,493
071024,Foggia,Foggia,2023,250+,unita_locali,8
071024,Foggia,Foggia,2023,50-249,unita_locali,69
071024,Foggia,Foggia,2023,totale,unita_locali,10733
072006,Bari,Bari,2018,0-9,addetti,45106.8
072006,Bari,Bari,2018,10-49,addetti,21626.4
072006,Bari,Bari,2018,250+,addetti,13989.7
072006,Bari,Bari,2018,50-249,addetti,21525.2
072006,Bari,Bari,2018,totale,addetti,102248.1
072006,Bari,Bari,2019,0-9,addetti,44737.6
072006,Bari,Bari,2019,10-49,addetti,22724.6
072006,Bari,Bari,2019,250+,addetti,16998.0
072006,Bari,Bari,2019,50-249,addetti,21101.3
072006,Bari,Bari,2019,totale,addetti,105561.6
072006,Bari,Bari,2020,0-9,addetti,45991.5
072006,Bari,Bari,2020,10-49,addetti,23191.7
072006,Bari,Bari,2020,250+,addetti,13399.5
072006,Bari,Bari,2020,50-249,addetti,21618.6
072006,Bari,Bari,2020,totale,addetti,104201.3
072006,Bari,Bari,2021,0-9,addetti,46378.6
072006,Bari,Bari,2021,10-49,addetti,24588.2
072006,Bari,Bari,2021,250+,addetti,15337.5
072006,Bari,Bari,2021,50-249,addetti,20164.5
072006,Bari,Bari,2021,totale,addetti,106468.8
072006,Bari,Bari,2022,0-9,addetti,47724.5
072006,Bari,Bari,2022,10-49,addetti,27199.8
072006,Bari,Bari,2022,250+,addetti,15447.9
072006,Bari,Bari,2022,50-249,addetti,21639.2
072006,Bari,Bari,2022,totale,addetti,112011.4
072006,Bari,Bari,2023,0-9,addetti,48039.5
072006,Bari,Bari,2023,10-49,addetti,28518.9
072006,Bari,Bari,2023,250+,addetti,15297.7
072006,Bari,Bari,2023,50-249,addetti,24345.9
072006,Bari,Bari,2023,totale,addetti,116201.9
072006,Bari,Bari,2018,0-9,unita_locali,25613
072006,Bari,Bari,2018,10-49,unita_locali,1211
072006,Bari,Bari,2018,250+,unita_locali,30
072006,Bari,Bari,2018,50-249,unita_locali,202
072006,Bari,Bari,2018,totale,unita_locali,27056
072006,Bari,Bari,2019,0-9,unita_locali,25497
072006,Bari,Bari,2019,10-49,unita_locali,1270
072006,Bari,Bari,2019,250+,unita_locali,36
072006,Bari,Bari,2019,50-249,unita_locali,204
072006,Bari,Bari,2019,totale,unita_locali,27007
072006,Bari,Bari,2020,0-9,unita_locali,25866
072006,Bari,Bari,2020,10-49,unita_locali,1281
072006,Bari,Bari,2020,250+,unita_locali,31
072006,Bari,Bari,2020,50-249,unita_locali,210
072006,Bari,Bari,2020,totale,unita_locali,27388
072006,Bari,Bari,2021,0-9,unita_locali,26489
072006,Bari,Bari,2021,10-49,unita_locali,1356
072006,Bari,Bari,2021,250+,unita_locali,34
072006,Bari,Bari,2021,50-249,unita_locali,202
072006,Bari,Bari,2021,totale,unita_locali,28081
072006,Bari,Bari,2022,0-9,unita_locali,27430
072006,Bari,Bari,2022,10-49,unita_locali,1482
072006,Bari,Bari,2022,250+,unita_locali,36
072006,Bari,Bari,2022,50-249,unita_locali,218
072006,Bari,Bari,2022,totale,unita_locali,29166
072006,Bari,Bari,2023,0-9,unita_locali,27538
072006,Bari,Bari,2023,10-49,unita_locali,1539
072006,Bari,Bari,2023,250+,unita_locali,35
072006,Bari,Bari,2023,50-249,unita_locali,237
072006,Bari,Bari,2023,totale,unita_locali,29349
073027,Taranto,Taranto,2018,0-9,addetti,19390.8
073027,Taranto,Taranto,2018,10-49,addetti,7938.3
073027,Taranto,Taranto,2018,250+,addetti,16865.9
073027,Taranto,Taranto,2018,50-249,addetti,7789.5
073027,Taranto,Taranto,2018,totale,addetti,51984.6
073027,Taranto,Taranto,2019,0-9,addetti,19255.5
073027,Taranto,Taranto,2019,10-49,addetti,8199.9
073027,Taranto,Taranto,2019,250+,addetti,17354.1
073027,Taranto,Taranto,2019,50-249,addetti,8137.0
073027,Taranto,Taranto,2019,totale,addetti,52946.5
073027,Taranto,Taranto,2020,0-9,addetti,19679.9
073027,Taranto,Taranto,2020,10-49,addetti,8224.0
073027,Taranto,Taranto,2020,250+,addetti,16884.8
073027,Taranto,Taranto,2020,50-249,addetti,7853.3
073027,Taranto,Taranto,2020,totale,addetti,52642.0
073027,Taranto,Taranto,2021,0-9,addetti,20042.0
073027,Taranto,Taranto,2021,10-49,addetti,9094.2
073027,Taranto,Taranto,2021,250+,addetti,15831.4
073027,Taranto,Taranto,2021,50-249,addetti,8256.3
073027,Taranto,Taranto,2021,totale,addetti,53224.0
073027,Taranto,Taranto,2022,0-9,addetti,20569.0
073027,Taranto,Taranto,2022,10-49,addetti,9668.4
073027,Taranto,Taranto,2022,250+,addetti,15719.9
073027,Taranto,Taranto,2022,50-249,addetti,8865.8
073027,Taranto,Taranto,2022,totale,addetti,54823.0
073027,Taranto,Taranto,2023,0-9,addetti,20592.9
073027,Taranto,Taranto,2023,10-49,addetti,10087.0
073027,Taranto,Taranto,2023,250+,addetti,14570.3
073027,Taranto,Taranto,2023,50-249,addetti,8910.9
073027,Taranto,Taranto,2023,totale,addetti,54161.1
073027,Taranto,Taranto,2018,0-9,unita_locali,10579
073027,Taranto,Taranto,2018,10-49,unita_locali,448
073027,Taranto,Taranto,2018,250+,unita_locali,13
073027,Taranto,Taranto,2018,50-249,unita_locali,72
073027,Taranto,Taranto,2018,totale,unita_locali,11112
073027,Taranto,Taranto,2019,0-9,unita_locali,10544
073027,Taranto,Taranto,2019,10-49,unita_locali,467
073027,Taranto,Taranto,2019,250+,unita_locali,17
073027,Taranto,Taranto,2019,50-249,unita_locali,77
073027,Taranto,Taranto,2019,totale,unita_locali,11105
073027,Taranto,Taranto,2020,0-9,unita_locali,10587
073027,Taranto,Taranto,2020,10-49,unita_locali,465
073027,Taranto,Taranto,2020,250+,unita_locali,18
073027,Taranto,Taranto,2020,50-249,unita_locali,77
073027,Taranto,Taranto,2020,totale,unita_locali,11147
073027,Taranto,Taranto,2021,0-9,unita_locali,10783
073027,Taranto,Taranto,2021,10-49,unita_locali,494
073027,Taranto,Taranto,2021,250+,unita_locali,17
073027,Taranto,Taranto,2021,50-249,unita_locali,82
073027,Taranto,Taranto,2021,totale,unita_locali,11376
073027,Taranto,Taranto,2022,0-9,unita_locali,11140
073027,Taranto,Taranto,2022,10-49,unita_locali,536
073027,Taranto,Taranto,2022,250+,unita_locali,17
073027,Taranto,Taranto,2022,50-249,unita_locali,83
073027,Taranto,Taranto,2022,totale,unita_locali,11776
073027,Taranto,Taranto,2023,0-9,unita_locali,11213
073027,Taranto,Taranto,2023,10-49,unita_locali,542
073027,Taranto,Taranto,2023,250+,unita_locali,16
073027,Taranto,Taranto,2023,50-249,unita_locali,87
073027,Taranto,Taranto,2023,totale,unita_locali,11858
074001,Brindisi,Brindisi,2018,0-9,addetti,8651.2
074001,Brindisi,Brindisi,2018,10-49,addetti,4734.6
074001,Brindisi,Brindisi,2018,250+,addetti,3356.6
074001,Brindisi,Brindisi,2018,50-249,addetti,5925.4
074001,Brindisi,Brindisi,2018,totale,addetti,22667.9
074001,Brindisi,Brindisi,2019,0-9,addetti,8704.9
074001,Brindisi,Brindisi,2019,10-49,addetti,4771.0
074001,Brindisi,Brindisi,2019,250+,addetti,3626.8
074001,Brindisi,Brindisi,2019,50-249,addetti,5684.1
074001,Brindisi,Brindisi,2019,totale,addetti,22786.8
074001,Brindisi,Brindisi,2020,0-9,addetti,8903.0
074001,Brindisi,Brindisi,2020,10-49,addetti,4933.2
074001,Brindisi,Brindisi,2020,250+,addetti,3724.1
074001,Brindisi,Brindisi,2020,50-249,addetti,4931.4
074001,Brindisi,Brindisi,2020,totale,addetti,22491.6
074001,Brindisi,Brindisi,2021,0-9,addetti,9048.1
074001,Brindisi,Brindisi,2021,10-49,addetti,5605.8
074001,Brindisi,Brindisi,2021,250+,addetti,3492.3
074001,Brindisi,Brindisi,2021,50-249,addetti,5272.4
074001,Brindisi,Brindisi,2021,totale,addetti,23418.7
074001,Brindisi,Brindisi,2022,0-9,addetti,9175.2
074001,Brindisi,Brindisi,2022,10-49,addetti,6041.3
074001,Brindisi,Brindisi,2022,250+,addetti,3182.8
074001,Brindisi,Brindisi,2022,50-249,addetti,6279.2
074001,Brindisi,Brindisi,2022,totale,addetti,24678.6
074001,Brindisi,Brindisi,2023,0-9,addetti,9287.9
074001,Brindisi,Brindisi,2023,10-49,addetti,6408.3
074001,Brindisi,Brindisi,2023,250+,addetti,3540.2
074001,Brindisi,Brindisi,2023,50-249,addetti,5504.4
074001,Brindisi,Brindisi,2023,totale,addetti,24740.9
074001,Brindisi,Brindisi,2018,0-9,unita_locali,4545
074001,Brindisi,Brindisi,2018,10-49,unita_locali,261
074001,Brindisi,Brindisi,2018,250+,unita_locali,7
074001,Brindisi,Brindisi,2018,50-249,unita_locali,63
074001,Brindisi,Brindisi,2018,totale,unita_locali,4876
074001,Brindisi,Brindisi,2019,0-9,unita_locali,4587
074001,Brindisi,Brindisi,2019,10-49,unita_locali,269
074001,Brindisi,Brindisi,2019,250+,unita_locali,8
074001,Brindisi,Brindisi,2019,50-249,unita_locali,63
074001,Brindisi,Brindisi,2019,totale,unita_locali,4927
074001,Brindisi,Brindisi,2020,0-9,unita_locali,4667
074001,Brindisi,Brindisi,2020,10-49,unita_locali,272
074001,Brindisi,Brindisi,2020,250+,unita_locali,8
074001,Brindisi,Brindisi,2020,50-249,unita_locali,53
074001,Brindisi,Brindisi,2020,totale,unita_locali,5000
074001,Brindisi,Brindisi,2021,0-9,unita_locali,4795
074001,Brindisi,Brindisi,2021,10-49,unita_locali,297
074001,Brindisi,Brindisi,2021,250+,unita_locali,7
074001,Brindisi,Brindisi,2021,50-249,unita_locali,56
074001,Brindisi,Brindisi,2021,totale,unita_locali,5155
074001,Brindisi,Brindisi,2022,0-9,unita_locali,4977
074001,Brindisi,Brindisi,2022,10-49,unita_locali,331
074001,Brindisi,Brindisi,2022,250+,unita_locali,6
074001,Brindisi,Brindisi,2022,50-249,unita_locali,62
074001,Brindisi,Brindisi,2022,totale,unita_locali,5376
074001,Brindisi,Brindisi,2023,0-9,unita_locali,5032
074001,Brindisi,Brindisi,2023,10-49,unita_locali,352
074001,Brindisi,Brindisi,2023,250+,unita_locali,7
074001,Brindisi,Brindisi,2023,50-249,unita_locali,53
074001,Brindisi,Brindisi,2023,totale,unita_locali,5444
075035,Lecce,Lecce,2018,0-9,addetti,17640.0
075035,Lecce,Lecce,2018,10-49,addetti,7208.0
075035,Lecce,Lecce,2018,250+,addetti,4822.0
075035,Lecce,Lecce,2018,50-249,addetti,5563.4
075035,Lecce,Lecce,2018,totale,addetti,35233.3
075035,Lecce,Lecce,2019,0-9,addetti,17636.9
075035,Lecce,Lecce,2019,10-49,addetti,7871.4
075035,Lecce,Lecce,2019,250+,addetti,4161.8
075035,Lecce,Lecce,2019,50-249,addetti,5683.9
075035,Lecce,Lecce,2019,totale,addetti,35353.9
075035,Lecce,Lecce,2020,0-9,addetti,17733.3
075035,Lecce,Lecce,2020,10-49,addetti,7648.1
075035,Lecce,Lecce,2020,250+,addetti,3846.5
075035,Lecce,Lecce,2020,50-249,addetti,6030.9
075035,Lecce,Lecce,2020,totale,addetti,35258.8
075035,Lecce,Lecce,2021,0-9,addetti,18362.7
075035,Lecce,Lecce,2021,10-49,addetti,8087.0
075035,Lecce,Lecce,2021,250+,addetti,3604.9
075035,Lecce,Lecce,2021,50-249,addetti,6908.5
075035,Lecce,Lecce,2021,totale,addetti,36963.0
075035,Lecce,Lecce,2022,0-9,addetti,19160.8
075035,Lecce,Lecce,2022,10-49,addetti,8763.4
075035,Lecce,Lecce,2022,250+,addetti,3848.9
075035,Lecce,Lecce,2022,50-249,addetti,7570.3
075035,Lecce,Lecce,2022,totale,addetti,39343.4
075035,Lecce,Lecce,2023,0-9,addetti,19390.3
075035,Lecce,Lecce,2023,10-49,addetti,9299.7
075035,Lecce,Lecce,2023,250+,addetti,3800.6
075035,Lecce,Lecce,2023,50-249,addetti,8318.4
075035,Lecce,Lecce,2023,totale,addetti,40808.9
075035,Lecce,Lecce,2018,0-9,unita_locali,10157
075035,Lecce,Lecce,2018,10-49,unita_locali,408
075035,Lecce,Lecce,2018,250+,unita_locali,10
075035,Lecce,Lecce,2018,50-249,unita_locali,51
075035,Lecce,Lecce,2018,totale,unita_locali,10626
075035,Lecce,Lecce,2019,0-9,unita_locali,10177
075035,Lecce,Lecce,2019,10-49,unita_locali,431
075035,Lecce,Lecce,2019,250+,unita_locali,8
075035,Lecce,Lecce,2019,50-249,unita_locali,47
075035,Lecce,Lecce,2019,totale,unita_locali,10663
075035,Lecce,Lecce,2020,0-9,unita_locali,10281
075035,Lecce,Lecce,2020,10-49,unita_locali,414
075035,Lecce,Lecce,2020,250+,unita_locali,9
075035,Lecce,Lecce,2020,50-249,unita_locali,57
075035,Lecce,Lecce,2020,totale,unita_locali,10761
075035,Lecce,Lecce,2021,0-9,unita_locali,10647
075035,Lecce,Lecce,2021,10-49,unita_locali,434
075035,Lecce,Lecce,2021,250+,unita_locali,8
075035,Lecce,Lecce,2021,50-249,unita_locali,66
075035,Lecce,Lecce,2021,totale,unita_locali,11155
075035,Lecce,Lecce,2022,0-9,unita_locali,11236
075035,Lecce,Lecce,2022,10-49,unita_locali,478
075035,Lecce,Lecce,2022,250+,unita_locali,8
075035,Lecce,Lecce,2022,50-249,unita_locali,72
075035,Lecce,Lecce,2022,totale,unita_locali,11794
075035,Lecce,Lecce,2023,0-9,unita_locali,11309
075035,Lecce,Lecce,2023,10-49,unita_locali,500
075035,Lecce,Lecce,2023,250+,unita_locali,9
075035,Lecce,Lecce,2023,50-249,unita_locali,78
075035,Lecce,Lecce,2023,totale,unita_locali,11896
076063,Potenza,Potenza,2018,0-9,addetti,9848.8
076063,Potenza,Potenza,2018,10-49,addetti,3655.6
076063,Potenza,Potenza,2018,250+,addetti,1759.4
076063,Potenza,Potenza,2018,50-249,addetti,4409.6
076063,Potenza,Potenza,2018,totale,addetti,19673.4
076063,Potenza,Potenza,2019,0-9,addetti,9834.5
076063,Potenza,Potenza,2019,10-49,addetti,3818.1
076063,Potenza,Potenza,2019,250+,addetti,2378.4
076063,Potenza,Potenza,2019,50-249,addetti,4348.6
076063,Potenza,Potenza,2019,totale,addetti,20379.5
076063,Potenza,Potenza,2020,0-9,addetti,10035.7
076063,Potenza,Potenza,2020,10-49,addetti,3753.2
076063,Potenza,Potenza,2020,250+,addetti,2141.7
076063,Potenza,Potenza,2020,50-249,addetti,4001.9
076063,Potenza,Potenza,2020,totale,addetti,19932.5
076063,Potenza,Potenza,2021,0-9,addetti,10216.6
076063,Potenza,Potenza,2021,10-49,addetti,4113.5
076063,Potenza,Potenza,2021,250+,addetti,1086.2
076063,Potenza,Potenza,2021,50-249,addetti,4659.3
076063,Potenza,Potenza,2021,totale,addetti,20075.6
076063,Potenza,Potenza,2022,0-9,addetti,10448.6
076063,Potenza,Potenza,2022,10-49,addetti,4386.0
076063,Potenza,Potenza,2022,250+,addetti,795.6
076063,Potenza,Potenza,2022,50-249,addetti,4811.8
076063,Potenza,Potenza,2022,totale,addetti,20442.0
076063,Potenza,Potenza,2023,0-9,addetti,10516.0
076063,Potenza,Potenza,2023,10-49,addetti,4736.8
076063,Potenza,Potenza,2023,250+,addetti,775.4
076063,Potenza,Potenza,2023,50-249,addetti,4543.2
076063,Potenza,Potenza,2023,totale,addetti,20571.4
076063,Potenza,Potenza,2018,0-9,unita_locali,5765
076063,Potenza,Potenza,2018,10-49,unita_locali,220
076063,Potenza,Potenza,2018,250+,unita_locali,5
076063,Potenza,Potenza,2018,50-249,unita_locali,37
076063,Potenza,Potenza,2018,totale,unita_locali,6027
076063,Potenza,Potenza,2019,0-9,unita_locali,5682
076063,Potenza,Potenza,2019,10-49,unita_locali,228
076063,Potenza,Potenza,2019,250+,unita_locali,7
076063,Potenza,Potenza,2019,50-249,unita_locali,39
076063,Potenza,Potenza,2019,totale,unita_locali,5956
076063,Potenza,Potenza,2020,0-9,unita_locali,5758
076063,Potenza,Potenza,2020,10-49,unita_locali,220
076063,Potenza,Potenza,2020,250+,unita_locali,6
076063,Potenza,Potenza,2020,50-249,unita_locali,34
076063,Potenza,Potenza,2020,totale,unita_locali,6018
076063,Potenza,Potenza,2021,0-9,unita_locali,5995
076063,Potenza,Potenza,2021,10-49,unita_locali,240
076063,Potenza,Potenza,2021,250+,unita_locali,4
076063,Potenza,Potenza,2021,50-249,unita_locali,39
076063,Potenza,Potenza,2021,totale,unita_locali,6278
076063,Potenza,Potenza,2022,0-9,unita_locali,6223
076063,Potenza,Potenza,2022,10-49,unita_locali,252
076063,Potenza,Potenza,2022,250+,unita_locali,3
076063,Potenza,Potenza,2022,50-249,unita_locali,44
076063,Potenza,Potenza,2022,totale,unita_locali,6522
076063,Potenza,Potenza,2023,0-9,unita_locali,6278
076063,Potenza,Potenza,2023,10-49,unita_locali,275
076063,Potenza,Potenza,2023,250+,unita_locali,3
076063,Potenza,Potenza,2023,50-249,unita_locali,43
076063,Potenza,Potenza,2023,totale,unita_locali,6599
077014,Matera,Matera,2018,0-9,addetti,9538.7
077014,Matera,Matera,2018,10-49,addetti,5193.9
077014,Matera,Matera,2018,250+,addetti,2832.0
077014,Matera,Matera,2018,50-249,addetti,2728.0
077014,Matera,Matera,2018,totale,addetti,20292.7
077014,Matera,Matera,2019,0-9,addetti,9573.6
077014,Matera,Matera,2019,10-49,addetti,5510.0
077014,Matera,Matera,2019,250+,addetti,760.2
077014,Matera,Matera,2019,50-249,addetti,2960.7
077014,Matera,Matera,2019,totale,addetti,18804.5
077014,Matera,Matera,2020,0-9,addetti,9662.1
077014,Matera,Matera,2020,10-49,addetti,5061.3
077014,Matera,Matera,2020,250+,addetti,741.9
077014,Matera,Matera,2020,50-249,addetti,3006.0
077014,Matera,Matera,2020,totale,addetti,18471.2
077014,Matera,Matera,2021,0-9,addetti,9869.8
077014,Matera,Matera,2021,10-49,addetti,5664.4
077014,Matera,Matera,2021,250+,addetti,830.0
077014,Matera,Matera,2021,50-249,addetti,2804.7
077014,Matera,Matera,2021,totale,addetti,19168.9
077014,Matera,Matera,2022,0-9,addetti,10305.7
077014,Matera,Matera,2022,10-49,addetti,5868.9
077014,Matera,Matera,2022,250+,addetti,739.3
077014,Matera,Matera,2022,50-249,addetti,2924.0
077014,Matera,Matera,2022,totale,addetti,19837.9
077014,Matera,Matera,2023,0-9,addetti,10407.5
077014,Matera,Matera,2023,10-49,addetti,6173.1
077014,Matera,Matera,2023,250+,addetti,805.6
077014,Matera,Matera,2023,50-249,addetti,3263.2
077014,Matera,Matera,2023,totale,addetti,20649.4
077014,Matera,Matera,2018,0-9,unita_locali,4890
077014,Matera,Matera,2018,10-49,unita_locali,286
077014,Matera,Matera,2018,250+,unita_locali,2
077014,Matera,Matera,2018,50-249,unita_locali,28
077014,Matera,Matera,2018,totale,unita_locali,5206
077014,Matera,Matera,2019,0-9,unita_locali,4931
077014,Matera,Matera,2019,10-49,unita_locali,312
077014,Matera,Matera,2019,250+,unita_locali,2
077014,Matera,Matera,2019,50-249,unita_locali,31
077014,Matera,Matera,2019,totale,unita_locali,5276
077014,Matera,Matera,2020,0-9,unita_locali,4965
077014,Matera,Matera,2020,10-49,unita_locali,289
077014,Matera,Matera,2020,250+,unita_locali,2
077014,Matera,Matera,2020,50-249,unita_locali,34
077014,Matera,Matera,2020,totale,unita_locali,5290
077014,Matera,Matera,2021,0-9,unita_locali,5050
077014,Matera,Matera,2021,10-49,unita_locali,310
077014,Matera,Matera,2021,250+,unita_locali,2
077014,Matera,Matera,2021,50-249,unita_locali,30
077014,Matera,Matera,2021,totale,unita_locali,5392
077014,Matera,Matera,2022,0-9,unita_locali,5255
077014,Matera,Matera,2022,10-49,unita_locali,328
077014,Matera,Matera,2022,250+,unita_locali,2
077014,Matera,Matera,2022,50-249,unita_locali,33
077014,Matera,Matera,2022,totale,unita_locali,5618
077014,Matera,Matera,2023,0-9,unita_locali,5313
077014,Matera,Matera,2023,10-49,unita_locali,344
077014,Matera,Matera,2023,250+,unita_locali,2
077014,Matera,Matera,2023,50-249,unita_locali,35
077014,Matera,Matera,2023,totale,unita_locali,5694
078045,Cosenza,Cosenza,2018,0-9,addetti,10138.8
078045,Cosenza,Cosenza,2018,10-49,addetti,4100.3
078045,Cosenza,Cosenza,2018,250+,addetti,274.6
078045,Cosenza,Cosenza,2018,50-249,addetti,2287.7
078045,Cosenza,Cosenza,2018,totale,addetti,16801.4
078045,Cosenza,Cosenza,2019,0-9,addetti,9986.2
078045,Cosenza,Cosenza,2019,10-49,addetti,4048.0
078045,Cosenza,Cosenza,2019,250+,addetti,293.6
078045,Cosenza,Cosenza,2019,50-249,addetti,2457.4
078045,Cosenza,Cosenza,2019,totale,addetti,16785.2
078045,Cosenza,Cosenza,2020,0-9,addetti,10053.4
078045,Cosenza,Cosenza,2020,10-49,addetti,4408.1
078045,Cosenza,Cosenza,2020,50-249,addetti,2710.2
078045,Cosenza,Cosenza,2020,totale,addetti,17171.7
078045,Cosenza,Cosenza,2021,0-9,addetti,10350.7
078045,Cosenza,Cosenza,2021,10-49,addetti,4376.8
078045,Cosenza,Cosenza,2021,50-249,addetti,2747.5
078045,Cosenza,Cosenza,2021,totale,addetti,17475.0
078045,Cosenza,Cosenza,2022,0-9,addetti,10720.0
078045,Cosenza,Cosenza,2022,10-49,addetti,4115.9
078045,Cosenza,Cosenza,2022,50-249,addetti,2618.8
078045,Cosenza,Cosenza,2022,totale,addetti,17454.7
078045,Cosenza,Cosenza,2023,0-9,addetti,10705.5
078045,Cosenza,Cosenza,2023,10-49,addetti,4386.5
078045,Cosenza,Cosenza,2023,50-249,addetti,2877.2
078045,Cosenza,Cosenza,2023,totale,addetti,17969.2
078045,Cosenza,Cosenza,2018,0-9,unita_locali,6214
078045,Cosenza,Cosenza,2018,10-49,unita_locali,209
078045,Cosenza,Cosenza,2018,250+,unita_locali,1
078045,Cosenza,Cosenza,2018,50-249,unita_locali,23
078045,Cosenza,Cosenza,2018,totale,unita_locali,6447
078045,Cosenza,Cosenza,2019,0-9,unita_locali,6200
078045,Cosenza,Cosenza,2019,10-49,unita_locali,214
078045,Cosenza,Cosenza,2019,250+,unita_locali,1
078045,Cosenza,Cosenza,2019,50-249,unita_locali,27
078045,Cosenza,Cosenza,2019,totale,unita_locali,6442
078045,Cosenza,Cosenza,2020,0-9,unita_locali,6207
078045,Cosenza,Cosenza,2020,10-49,unita_locali,223
078045,Cosenza,Cosenza,2020,50-249,unita_locali,32
078045,Cosenza,Cosenza,2020,totale,unita_locali,6462
078045,Cosenza,Cosenza,2021,0-9,unita_locali,6423
078045,Cosenza,Cosenza,2021,10-49,unita_locali,225
078045,Cosenza,Cosenza,2021,50-249,unita_locali,30
078045,Cosenza,Cosenza,2021,totale,unita_locali,6678
078045,Cosenza,Cosenza,2022,0-9,unita_locali,6771
078045,Cosenza,Cosenza,2022,10-49,unita_locali,229
078045,Cosenza,Cosenza,2022,50-249,unita_locali,32
078045,Cosenza,Cosenza,2022,totale,unita_locali,7032
078045,Cosenza,Cosenza,2023,0-9,unita_locali,6849
078045,Cosenza,Cosenza,2023,10-49,unita_locali,236
078045,Cosenza,Cosenza,2023,50-249,unita_locali,32
078045,Cosenza,Cosenza,2023,totale,unita_locali,7117
079023,Catanzaro,Catanzaro,2018,0-9,addetti,11218.5
079023,Catanzaro,Catanzaro,2018,10-49,addetti,3673.8
079023,Catanzaro,Catanzaro,2018,250+,addetti,1034.8
079023,Catanzaro,Catanzaro,2018,50-249,addetti,3670.3
079023,Catanzaro,Catanzaro,2018,totale,addetti,19597.4
079023,Catanzaro,Catanzaro,2019,0-9,addetti,11169.9
079023,Catanzaro,Catanzaro,2019,10-49,addetti,3892.2
079023,Catanzaro,Catanzaro,2019,250+,addetti,1091.5
079023,Catanzaro,Catanzaro,2019,50-249,addetti,3064.8
079023,Catanzaro,Catanzaro,2019,totale,addetti,19218.4
079023,Catanzaro,Catanzaro,2020,0-9,addetti,11529.9
079023,Catanzaro,Catanzaro,2020,10-49,addetti,4322.5
079023,Catanzaro,Catanzaro,2020,250+,addetti,872.3
079023,Catanzaro,Catanzaro,2020,50-249,addetti,3468.5
079023,Catanzaro,Catanzaro,2020,totale,addetti,20193.2
079023,Catanzaro,Catanzaro,2021,0-9,addetti,11969.1
079023,Catanzaro,Catanzaro,2021,10-49,addetti,4679.4
079023,Catanzaro,Catanzaro,2021,250+,addetti,837.4
079023,Catanzaro,Catanzaro,2021,50-249,addetti,3831.8
079023,Catanzaro,Catanzaro,2021,totale,addetti,21317.7
079023,Catanzaro,Catanzaro,2022,0-9,addetti,12174.4
079023,Catanzaro,Catanzaro,2022,10-49,addetti,4679.9
079023,Catanzaro,Catanzaro,2022,250+,addetti,2391.7
079023,Catanzaro,Catanzaro,2022,50-249,addetti,3378.5
079023,Catanzaro,Catanzaro,2022,totale,addetti,22624.5
079023,Catanzaro,Catanzaro,2023,0-9,addetti,12076.2
079023,Catanzaro,Catanzaro,2023,10-49,addetti,5349.9
079023,Catanzaro,Catanzaro,2023,250+,addetti,1826.0
079023,Catanzaro,Catanzaro,2023,50-249,addetti,3774.1
079023,Catanzaro,Catanzaro,2023,totale,addetti,23026.2
079023,Catanzaro,Catanzaro,2018,0-9,unita_locali,6661
079023,Catanzaro,Catanzaro,2018,10-49,unita_locali,202
079023,Catanzaro,Catanzaro,2018,250+,unita_locali,3
079023,Catanzaro,Catanzaro,2018,50-249,unita_locali,33
079023,Catanzaro,Catanzaro,2018,totale,unita_locali,6899
079023,Catanzaro,Catanzaro,2019,0-9,unita_locali,6641
079023,Catanzaro,Catanzaro,2019,10-49,unita_locali,213
079023,Catanzaro,Catanzaro,2019,250+,unita_locali,3
079023,Catanzaro,Catanzaro,2019,50-249,unita_locali,29
079023,Catanzaro,Catanzaro,2019,totale,unita_locali,6886
079023,Catanzaro,Catanzaro,2020,0-9,unita_locali,6714
079023,Catanzaro,Catanzaro,2020,10-49,unita_locali,235
079023,Catanzaro,Catanzaro,2020,250+,unita_locali,2
079023,Catanzaro,Catanzaro,2020,50-249,unita_locali,30
079023,Catanzaro,Catanzaro,2020,totale,unita_locali,6981
079023,Catanzaro,Catanzaro,2021,0-9,unita_locali,6901
079023,Catanzaro,Catanzaro,2021,10-49,unita_locali,247
079023,Catanzaro,Catanzaro,2021,250+,unita_locali,2
079023,Catanzaro,Catanzaro,2021,50-249,unita_locali,35
079023,Catanzaro,Catanzaro,2021,totale,unita_locali,7185
079023,Catanzaro,Catanzaro,2022,0-9,unita_locali,7125
079023,Catanzaro,Catanzaro,2022,10-49,unita_locali,264
079023,Catanzaro,Catanzaro,2022,250+,unita_locali,6
079023,Catanzaro,Catanzaro,2022,50-249,unita_locali,35
079023,Catanzaro,Catanzaro,2022,totale,unita_locali,7430
079023,Catanzaro,Catanzaro,2023,0-9,unita_locali,7187
079023,Catanzaro,Catanzaro,2023,10-49,unita_locali,295
079023,Catanzaro,Catanzaro,2023,250+,unita_locali,5
079023,Catanzaro,Catanzaro,2023,50-249,unita_locali,36
079023,Catanzaro,Catanzaro,2023,totale,unita_locali,7523
080063,Reggio di Calabria,Reggio Calabria,2018,0-9,addetti,17462.7
080063,Reggio di Calabria,Reggio Calabria,2018,10-49,addetti,5814.5
080063,Reggio di Calabria,Reggio Calabria,2018,250+,addetti,3187.7
080063,Reggio di Calabria,Reggio Calabria,2018,50-249,addetti,3208.5
080063,Reggio di Calabria,Reggio Calabria,2018,totale,addetti,29673.4
080063,Reggio di Calabria,Reggio Calabria,2019,0-9,addetti,17067.7
080063,Reggio di Calabria,Reggio Calabria,2019,10-49,addetti,5993.7
080063,Reggio di Calabria,Reggio Calabria,2019,250+,addetti,2639.0
080063,Reggio di Calabria,Reggio Calabria,2019,50-249,addetti,3473.0
080063,Reggio di Calabria,Reggio Calabria,2019,totale,addetti,29173.4
080063,Reggio di Calabria,Reggio Calabria,2020,0-9,addetti,17403.2
080063,Reggio di Calabria,Reggio Calabria,2020,10-49,addetti,6050.9
080063,Reggio di Calabria,Reggio Calabria,2020,250+,addetti,2034.2
080063,Reggio di Calabria,Reggio Calabria,2020,50-249,addetti,4011.8
080063,Reggio di Calabria,Reggio Calabria,2020,totale,addetti,29500.1
080063,Reggio di Calabria,Reggio Calabria,2021,0-9,addetti,18226.4
080063,Reggio di Calabria,Reggio Calabria,2021,10-49,addetti,6371.8
080063,Reggio di Calabria,Reggio Calabria,2021,250+,addetti,2391.3
080063,Reggio di Calabria,Reggio Calabria,2021,50-249,addetti,3681.3
080063,Reggio di Calabria,Reggio Calabria,2021,totale,addetti,30670.8
080063,Reggio di Calabria,Reggio Calabria,2022,0-9,addetti,18749.7
080063,Reggio di Calabria,Reggio Calabria,2022,10-49,addetti,7055.6
080063,Reggio di Calabria,Reggio Calabria,2022,250+,addetti,2331.1
080063,Reggio di Calabria,Reggio Calabria,2022,50-249,addetti,4042.2
080063,Reggio di Calabria,Reggio Calabria,2022,totale,addetti,32178.7
080063,Reggio di Calabria,Reggio Calabria,2023,0-9,addetti,18745.7
080063,Reggio di Calabria,Reggio Calabria,2023,10-49,addetti,7365.1
080063,Reggio di Calabria,Reggio Calabria,2023,250+,addetti,2873.7
080063,Reggio di Calabria,Reggio Calabria,2023,50-249,addetti,3851.7
080063,Reggio di Calabria,Reggio Calabria,2023,totale,addetti,32836.2
080063,Reggio di Calabria,Reggio Calabria,2018,0-9,unita_locali,10312
080063,Reggio di Calabria,Reggio Calabria,2018,10-49,unita_locali,334
080063,Reggio di Calabria,Reggio Calabria,2018,250+,unita_locali,8
080063,Reggio di Calabria,Reggio Calabria,2018,50-249,unita_locali,37
080063,Reggio di Calabria,Reggio Calabria,2018,totale,unita_locali,10691
080063,Reggio di Calabria,Reggio Calabria,2019,0-9,unita_locali,10075
080063,Reggio di Calabria,Reggio Calabria,2019,10-49,unita_locali,342
080063,Reggio di Calabria,Reggio Calabria,2019,250+,unita_locali,6
080063,Reggio di Calabria,Reggio Calabria,2019,50-249,unita_locali,36
080063,Reggio di Calabria,Reggio Calabria,2019,totale,unita_locali,10459
080063,Reggio di Calabria,Reggio Calabria,2020,0-9,unita_locali,10327
080063,Reggio di Calabria,Reggio Calabria,2020,10-49,unita_locali,347
080063,Reggio di Calabria,Reggio Calabria,2020,250+,unita_locali,5
080063,Reggio di Calabria,Reggio Calabria,2020,50-249,unita_locali,42
080063,Reggio di Calabria,Reggio Calabria,2020,totale,unita_locali,10721
080063,Reggio di Calabria,Reggio Calabria,2021,0-9,unita_locali,10729
080063,Reggio di Calabria,Reggio Calabria,2021,10-49,unita_locali,349
080063,Reggio di Calabria,Reggio Calabria,2021,250+,unita_locali,7
080063,Reggio di Calabria,Reggio Calabria,2021,50-249,unita_locali,43
080063,Reggio di Calabria,Reggio Calabria,2021,totale,unita_locali,11128
080063,Reggio di Calabria,Reggio Calabria,2022,0-9,unita_locali,11041
080063,Reggio di Calabria,Reggio Calabria,2022,10-49,unita_locali,397
080063,Reggio di Calabria,Reggio Calabria,2022,250+,unita_locali,6
080063,Reggio di Calabria,Reggio Calabria,2022,50-249,unita_locali,43
080063,Reggio di Calabria,Reggio Calabria,2022,totale,unita_locali,11487
080063,Reggio di Calabria,Reggio Calabria,2023,0-9,unita_locali,11065
080063,Reggio di Calabria,Reggio Calabria,2023,10-49,unita_locali,407
080063,Reggio di Calabria,Reggio Calabria,2023,250+,unita_locali,7
080063,Reggio di Calabria,Reggio Calabria,2023,50-249,unita_locali,43
080063,Reggio di Calabria,Reggio Calabria,2023,totale,unita_locali,11522
081021,Trapani,Trapani,2018,0-9,addetti,8946.4
081021,Trapani,Trapani,2018,10-49,addetti,2594.8
081021,Trapani,Trapani,2018,250+,addetti,727.5
081021,Trapani,Trapani,2018,50-249,addetti,2032.1
081021,Trapani,Trapani,2018,totale,addetti,14300.8
081021,Trapani,Trapani,2019,0-9,addetti,8935.8
081021,Trapani,Trapani,2019,10-49,addetti,2678.2
081021,Trapani,Trapani,2019,250+,addetti,573.1
081021,Trapani,Trapani,2019,50-249,addetti,1704.4
081021,Trapani,Trapani,2019,totale,addetti,13891.5
081021,Trapani,Trapani,2020,0-9,addetti,9027.9
081021,Trapani,Trapani,2020,10-49,addetti,2870.7
081021,Trapani,Trapani,2020,250+,addetti,1015.2
081021,Trapani,Trapani,2020,50-249,addetti,1479.6
081021,Trapani,Trapani,2020,totale,addetti,14393.3
081021,Trapani,Trapani,2021,0-9,addetti,9386.7
081021,Trapani,Trapani,2021,10-49,addetti,3038.4
081021,Trapani,Trapani,2021,250+,addetti,363.2
081021,Trapani,Trapani,2021,50-249,addetti,1959.7
081021,Trapani,Trapani,2021,totale,addetti,14748.0
081021,Trapani,Trapani,2022,0-9,addetti,9699.6
081021,Trapani,Trapani,2022,10-49,addetti,3506.1
081021,Trapani,Trapani,2022,250+,addetti,402.0
081021,Trapani,Trapani,2022,50-249,addetti,2097.8
081021,Trapani,Trapani,2022,totale,addetti,15705.5
081021,Trapani,Trapani,2023,0-9,addetti,9476.4
081021,Trapani,Trapani,2023,10-49,addetti,3609.7
081021,Trapani,Trapani,2023,250+,addetti,433.3
081021,Trapani,Trapani,2023,50-249,addetti,2115.4
081021,Trapani,Trapani,2023,totale,addetti,15634.7
081021,Trapani,Trapani,2018,0-9,unita_locali,4653
081021,Trapani,Trapani,2018,10-49,unita_locali,154
081021,Trapani,Trapani,2018,250+,unita_locali,2
081021,Trapani,Trapani,2018,50-249,unita_locali,23
081021,Trapani,Trapani,2018,totale,unita_locali,4832
081021,Trapani,Trapani,2019,0-9,unita_locali,4617
081021,Trapani,Trapani,2019,10-49,unita_locali,161
081021,Trapani,Trapani,2019,250+,unita_locali,2
081021,Trapani,Trapani,2019,50-249,unita_locali,21
081021,Trapani,Trapani,2019,totale,unita_locali,4801
081021,Trapani,Trapani,2020,0-9,unita_locali,4675
081021,Trapani,Trapani,2020,10-49,unita_locali,169
081021,Trapani,Trapani,2020,250+,unita_locali,2
081021,Trapani,Trapani,2020,50-249,unita_locali,17
081021,Trapani,Trapani,2020,totale,unita_locali,4863
081021,Trapani,Trapani,2021,0-9,unita_locali,4896
081021,Trapani,Trapani,2021,10-49,unita_locali,187
081021,Trapani,Trapani,2021,250+,unita_locali,1
081021,Trapani,Trapani,2021,50-249,unita_locali,26
081021,Trapani,Trapani,2021,totale,unita_locali,5110
081021,Trapani,Trapani,2022,0-9,unita_locali,5087
081021,Trapani,Trapani,2022,10-49,unita_locali,212
081021,Trapani,Trapani,2022,250+,unita_locali,1
081021,Trapani,Trapani,2022,50-249,unita_locali,22
081021,Trapani,Trapani,2022,totale,unita_locali,5322
081021,Trapani,Trapani,2023,0-9,unita_locali,4936
081021,Trapani,Trapani,2023,10-49,unita_locali,223
081021,Trapani,Trapani,2023,250+,unita_locali,1
081021,Trapani,Trapani,2023,50-249,unita_locali,22
081021,Trapani,Trapani,2023,totale,unita_locali,5182
082053,Palermo,Palermo,2018,0-9,addetti,63865.9
082053,Palermo,Palermo,2018,10-49,addetti,25782.1
082053,Palermo,Palermo,2018,250+,addetti,23082.6
082053,Palermo,Palermo,2018,50-249,addetti,16041.2
082053,Palermo,Palermo,2018,totale,addetti,128771.8
082053,Palermo,Palermo,2019,0-9,addetti,64201.6
082053,Palermo,Palermo,2019,10-49,addetti,27616.7
082053,Palermo,Palermo,2019,250+,addetti,24739.5
082053,Palermo,Palermo,2019,50-249,addetti,13854.2
082053,Palermo,Palermo,2019,totale,addetti,130412.0
082053,Palermo,Palermo,2020,0-9,addetti,67210.1
082053,Palermo,Palermo,2020,10-49,addetti,27324.1
082053,Palermo,Palermo,2020,250+,addetti,20907.7
082053,Palermo,Palermo,2020,50-249,addetti,14285.3
082053,Palermo,Palermo,2020,totale,addetti,129727.1
082053,Palermo,Palermo,2021,0-9,addetti,69154.6
082053,Palermo,Palermo,2021,10-49,addetti,30720.6
082053,Palermo,Palermo,2021,250+,addetti,22736.4
082053,Palermo,Palermo,2021,50-249,addetti,14942.2
082053,Palermo,Palermo,2021,totale,addetti,137553.8
082053,Palermo,Palermo,2022,0-9,addetti,72086.4
082053,Palermo,Palermo,2022,10-49,addetti,32610.6
082053,Palermo,Palermo,2022,250+,addetti,19236.7
082053,Palermo,Palermo,2022,50-249,addetti,18267.1
082053,Palermo,Palermo,2022,totale,addetti,142200.7
082053,Palermo,Palermo,2023,0-9,addetti,72651.8
082053,Palermo,Palermo,2023,10-49,addetti,34041.3
082053,Palermo,Palermo,2023,250+,addetti,18799.3
082053,Palermo,Palermo,2023,50-249,addetti,19944.0
082053,Palermo,Palermo,2023,totale,addetti,145436.4
082053,Palermo,Palermo,2018,0-9,unita_locali,37370
082053,Palermo,Palermo,2018,10-49,unita_locali,1455
082053,Palermo,Palermo,2018,250+,unita_locali,34
082053,Palermo,Palermo,2018,50-249,unita_locali,157
082053,Palermo,Palermo,2018,totale,unita_locali,39016
082053,Palermo,Palermo,2019,0-9,unita_locali,37453
082053,Palermo,Palermo,2019,10-49,unita_locali,1566
082053,Palermo,Palermo,2019,250+,unita_locali,37
082053,Palermo,Palermo,2019,50-249,unita_locali,145
082053,Palermo,Palermo,2019,totale,unita_locali,39201
082053,Palermo,Palermo,2020,0-9,unita_locali,38264
082053,Palermo,Palermo,2020,10-49,unita_locali,1561
082053,Palermo,Palermo,2020,250+,unita_locali,32
082053,Palermo,Palermo,2020,50-249,unita_locali,161
082053,Palermo,Palermo,2020,totale,unita_locali,40018
082053,Palermo,Palermo,2021,0-9,unita_locali,39744
082053,Palermo,Palermo,2021,10-49,unita_locali,1737
082053,Palermo,Palermo,2021,250+,unita_locali,31
082053,Palermo,Palermo,2021,50-249,unita_locali,160
082053,Palermo,Palermo,2021,totale,unita_locali,41672
082053,Palermo,Palermo,2022,0-9,unita_locali,41713
082053,Palermo,Palermo,2022,10-49,unita_locali,1853
082053,Palermo,Palermo,2022,250+,unita_locali,30
082053,Palermo,Palermo,2022,50-249,unita_locali,191
082053,Palermo,Palermo,2022,totale,unita_locali,43787
082053,Palermo,Palermo,2023,0-9,unita_locali,42230
082053,Palermo,Palermo,2023,10-49,unita_locali,1917
082053,Palermo,Palermo,2023,250+,unita_locali,34
082053,Palermo,Palermo,2023,50-249,unita_locali,206
082053,Palermo,Palermo,2023,totale,unita_locali,44387
083048,Messina,Messina,2018,0-9,addetti,23873.4
083048,Messina,Messina,2018,10-49,addetti,7791.2
083048,Messina,Messina,2018,250+,addetti,3910.0
083048,Messina,Messina,2018,50-249,addetti,4597.6
083048,Messina,Messina,2018,totale,addetti,40172.2
083048,Messina,Messina,2019,0-9,addetti,23696.2
083048,Messina,Messina,2019,10-49,addetti,8058.2
083048,Messina,Messina,2019,250+,addetti,4199.0
083048,Messina,Messina,2019,50-249,addetti,4719.0
083048,Messina,Messina,2019,totale,addetti,40672.3
083048,Messina,Messina,2020,0-9,addetti,24226.6
083048,Messina,Messina,2020,10-49,addetti,8293.2
083048,Messina,Messina,2020,250+,addetti,2708.7
083048,Messina,Messina,2020,50-249,addetti,4053.6
083048,Messina,Messina,2020,totale,addetti,39282.1
083048,Messina,Messina,2021,0-9,addetti,24766.4
083048,Messina,Messina,2021,10-49,addetti,8691.5
083048,Messina,Messina,2021,250+,addetti,3214.5
083048,Messina,Messina,2021,50-249,addetti,3684.4
083048,Messina,Messina,2021,totale,addetti,40356.7
083048,Messina,Messina,2022,0-9,addetti,25586.9
083048,Messina,Messina,2022,10-49,addetti,9002.5
083048,Messina,Messina,2022,250+,addetti,3340.1
083048,Messina,Messina,2022,50-249,addetti,4960.7
083048,Messina,Messina,2022,totale,addetti,42890.1
083048,Messina,Messina,2023,0-9,addetti,25304.0
083048,Messina,Messina,2023,10-49,addetti,9379.2
083048,Messina,Messina,2023,250+,addetti,3608.2
083048,Messina,Messina,2023,50-249,addetti,5499.1
083048,Messina,Messina,2023,totale,addetti,43790.6
083048,Messina,Messina,2018,0-9,unita_locali,13793
083048,Messina,Messina,2018,10-49,unita_locali,443
083048,Messina,Messina,2018,250+,unita_locali,8
083048,Messina,Messina,2018,50-249,unita_locali,50
083048,Messina,Messina,2018,totale,unita_locali,14294
083048,Messina,Messina,2019,0-9,unita_locali,13635
083048,Messina,Messina,2019,10-49,unita_locali,465
083048,Messina,Messina,2019,250+,unita_locali,10
083048,Messina,Messina,2019,50-249,unita_locali,49
083048,Messina,Messina,2019,totale,unita_locali,14159
083048,Messina,Messina,2020,0-9,unita_locali,13950
083048,Messina,Messina,2020,10-49,unita_locali,473
083048,Messina,Messina,2020,250+,unita_locali,7
083048,Messina,Messina,2020,50-249,unita_locali,43
083048,Messina,Messina,2020,totale,unita_locali,14473
083048,Messina,Messina,2021,0-9,unita_locali,14371
083048,Messina,Messina,2021,10-49,unita_locali,494
083048,Messina,Messina,2021,250+,unita_locali,8
083048,Messina,Messina,2021,50-249,unita_locali,42
083048,Messina,Messina,2021,totale,unita_locali,14915
083048,Messina,Messina,2022,0-9,unita_locali,14770
083048,Messina,Messina,2022,10-49,unita_locali,511
083048,Messina,Messina,2022,250+,unita_locali,8
083048,Messina,Messina,2022,50-249,unita_locali,53
083048,Messina,Messina,2022,totale,unita_locali,15342
083048,Messina,Messina,2023,0-9,unita_locali,14556
083048,Messina,Messina,2023,10-49,unita_locali,540
083048,Messina,Messina,2023,250+,unita_locali,8
083048,Messina,Messina,2023,50-249,unita_locali,60
083048,Messina,Messina,2023,totale,unita_locali,15164
084001,Agrigento,Agrigento,2018,0-9,addetti,7184.6
084001,Agrigento,Agrigento,2018,10-49,addetti,2501.1
084001,Agrigento,Agrigento,2018,50-249,addetti,1430.1
084001,Agrigento,Agrigento,2018,totale,addetti,11115.8
084001,Agrigento,Agrigento,2019,0-9,addetti,7206.2
084001,Agrigento,Agrigento,2019,10-49,addetti,2448.4
084001,Agrigento,Agrigento,2019,50-249,addetti,1392.6
084001,Agrigento,Agrigento,2019,totale,addetti,11047.1
084001,Agrigento,Agrigento,2020,0-9,addetti,7267.0
084001,Agrigento,Agrigento,2020,10-49,addetti,2682.4
084001,Agrigento,Agrigento,2020,50-249,addetti,1251.9
084001,Agrigento,Agrigento,2020,totale,addetti,11201.3
084001,Agrigento,Agrigento,2021,0-9,addetti,7435.1
084001,Agrigento,Agrigento,2021,10-49,addetti,3241.6
084001,Agrigento,Agrigento,2021,50-249,addetti,972.5
084001,Agrigento,Agrigento,2021,totale,addetti,11649.2
084001,Agrigento,Agrigento,2022,0-9,addetti,7851.9
084001,Agrigento,Agrigento,2022,10-49,addetti,3492.0
084001,Agrigento,Agrigento,2022,50-249,addetti,1129.8
084001,Agrigento,Agrigento,2022,totale,addetti,12473.7
084001,Agrigento,Agrigento,2023,0-9,addetti,7744.8
084001,Agrigento,Agrigento,2023,10-49,addetti,3579.3
084001,Agrigento,Agrigento,2023,50-249,addetti,1455.2
084001,Agrigento,Agrigento,2023,totale,addetti,12779.3
084001,Agrigento,Agrigento,2018,0-9,unita_locali,4024
084001,Agrigento,Agrigento,2018,10-49,unita_locali,143
084001,Agrigento,Agrigento,2018,50-249,unita_locali,17
084001,Agrigento,Agrigento,2018,totale,unita_locali,4184
084001,Agrigento,Agrigento,2019,0-9,unita_locali,4040
084001,Agrigento,Agrigento,2019,10-49,unita_locali,151
084001,Agrigento,Agrigento,2019,50-249,unita_locali,17
084001,Agrigento,Agrigento,2019,totale,unita_locali,4208
084001,Agrigento,Agrigento,2020,0-9,unita_locali,3961
084001,Agrigento,Agrigento,2020,10-49,unita_locali,158
084001,Agrigento,Agrigento,2020,50-249,unita_locali,15
084001,Agrigento,Agrigento,2020,totale,unita_locali,4134
084001,Agrigento,Agrigento,2021,0-9,unita_locali,4096
084001,Agrigento,Agrigento,2021,10-49,unita_locali,186
084001,Agrigento,Agrigento,2021,50-249,unita_locali,12
084001,Agrigento,Agrigento,2021,totale,unita_locali,4294
084001,Agrigento,Agrigento,2022,0-9,unita_locali,4345
084001,Agrigento,Agrigento,2022,10-49,unita_locali,192
084001,Agrigento,Agrigento,2022,50-249,unita_locali,12
084001,Agrigento,Agrigento,2022,totale,unita_locali,4549
084001,Agrigento,Agrigento,2023,0-9,unita_locali,4325
084001,Agrigento,Agrigento,2023,10-49,unita_locali,201
084001,Agrigento,Agrigento,2023,50-249,unita_locali,16
084001,Agrigento,Agrigento,2023,totale,unita_locali,4542
085004,Caltanissetta,Caltanissetta,2018,0-9,addetti,7548.9
085004,Caltanissetta,Caltanissetta,2018,10-49,addetti,2397.6
085004,Caltanissetta,Caltanissetta,2018,250+,addetti,1454.6
085004,Caltanissetta,Caltanissetta,2018,50-249,addetti,2754.9
085004,Caltanissetta,Caltanissetta,2018,totale,addetti,14156.0
085004,Caltanissetta,Caltanissetta,2019,0-9,addetti,7612.7
085004,Caltanissetta,Caltanissetta,2019,10-49,addetti,2682.3
085004,Caltanissetta,Caltanissetta,2019,250+,addetti,1634.4
085004,Caltanissetta,Caltanissetta,2019,50-249,addetti,2238.1
085004,Caltanissetta,Caltanissetta,2019,totale,addetti,14167.6
085004,Caltanissetta,Caltanissetta,2020,0-9,addetti,7780.2
085004,Caltanissetta,Caltanissetta,2020,10-49,addetti,3107.6
085004,Caltanissetta,Caltanissetta,2020,250+,addetti,1961.5
085004,Caltanissetta,Caltanissetta,2020,50-249,addetti,1910.3
085004,Caltanissetta,Caltanissetta,2020,totale,addetti,14759.6
085004,Caltanissetta,Caltanissetta,2021,0-9,addetti,7949.3
085004,Caltanissetta,Caltanissetta,2021,10-49,addetti,4033.7
085004,Caltanissetta,Caltanissetta,2021,250+,addetti,2063.2
085004,Caltanissetta,Caltanissetta,2021,50-249,addetti,1604.7
085004,Caltanissetta,Caltanissetta,2021,totale,addetti,15650.9
085004,Caltanissetta,Caltanissetta,2022,0-9,addetti,8273.7
085004,Caltanissetta,Caltanissetta,2022,10-49,addetti,3761.8
085004,Caltanissetta,Caltanissetta,2022,250+,addetti,2200.8
085004,Caltanissetta,Caltanissetta,2022,50-249,addetti,2082.7
085004,Caltanissetta,Caltanissetta,2022,totale,addetti,16318.9
085004,Caltanissetta,Caltanissetta,2023,0-9,addetti,8056.8
085004,Caltanissetta,Caltanissetta,2023,10-49,addetti,4116.1
085004,Caltanissetta,Caltanissetta,2023,250+,addetti,345.5
085004,Caltanissetta,Caltanissetta,2023,50-249,addetti,2388.8
085004,Caltanissetta,Caltanissetta,2023,totale,addetti,14907.2
085004,Caltanissetta,Caltanissetta,2018,0-9,unita_locali,4335
085004,Caltanissetta,Caltanissetta,2018,10-49,unita_locali,136
085004,Caltanissetta,Caltanissetta,2018,250+,unita_locali,3
085004,Caltanissetta,Caltanissetta,2018,50-249,unita_locali,31
085004,Caltanissetta,Caltanissetta,2018,totale,unita_locali,4505
085004,Caltanissetta,Caltanissetta,2019,0-9,unita_locali,4357
085004,Caltanissetta,Caltanissetta,2019,10-49,unita_locali,147
085004,Caltanissetta,Caltanissetta,2019,250+,unita_locali,3
085004,Caltanissetta,Caltanissetta,2019,50-249,unita_locali,27
085004,Caltanissetta,Caltanissetta,2019,totale,unita_locali,4534
085004,Caltanissetta,Caltanissetta,2020,0-9,unita_locali,4403
085004,Caltanissetta,Caltanissetta,2020,10-49,unita_locali,170
085004,Caltanissetta,Caltanissetta,2020,250+,unita_locali,3
085004,Caltanissetta,Caltanissetta,2020,50-249,unita_locali,22
085004,Caltanissetta,Caltanissetta,2020,totale,unita_locali,4598
085004,Caltanissetta,Caltanissetta,2021,0-9,unita_locali,4507
085004,Caltanissetta,Caltanissetta,2021,10-49,unita_locali,201
085004,Caltanissetta,Caltanissetta,2021,250+,unita_locali,3
085004,Caltanissetta,Caltanissetta,2021,50-249,unita_locali,17
085004,Caltanissetta,Caltanissetta,2021,totale,unita_locali,4728
085004,Caltanissetta,Caltanissetta,2022,0-9,unita_locali,4677
085004,Caltanissetta,Caltanissetta,2022,10-49,unita_locali,201
085004,Caltanissetta,Caltanissetta,2022,250+,unita_locali,3
085004,Caltanissetta,Caltanissetta,2022,50-249,unita_locali,23
085004,Caltanissetta,Caltanissetta,2022,totale,unita_locali,4904
085004,Caltanissetta,Caltanissetta,2023,0-9,unita_locali,4572
085004,Caltanissetta,Caltanissetta,2023,10-49,unita_locali,218
085004,Caltanissetta,Caltanissetta,2023,250+,unita_locali,1
085004,Caltanissetta,Caltanissetta,2023,50-249,unita_locali,27
085004,Caltanissetta,Caltanissetta,2023,totale,unita_locali,4818
086009,Enna,Enna,2018,0-9,addetti,3368.0
086009,Enna,Enna,2018,10-49,addetti,1290.0
086009,Enna,Enna,2018,50-249,addetti,905.8
086009,Enna,Enna,2018,totale,addetti,5563.7
086009,Enna,Enna,2019,0-9,addetti,3328.8
086009,Enna,Enna,2019,10-49,addetti,1145.9
086009,Enna,Enna,2019,50-249,addetti,949.5
086009,Enna,Enna,2019,totale,addetti,5424.2
086009,Enna,Enna,2020,0-9,addetti,3370.4
086009,Enna,Enna,2020,10-49,addetti,1230.9
086009,Enna,Enna,2020,50-249,addetti,680.4
086009,Enna,Enna,2020,totale,addetti,5281.7
086009,Enna,Enna,2021,0-9,addetti,3626.8
086009,Enna,Enna,2021,10-49,addetti,1182.2
086009,Enna,Enna,2021,50-249,addetti,734.8
086009,Enna,Enna,2021,totale,addetti,5543.8
086009,Enna,Enna,2022,0-9,addetti,3669.3
086009,Enna,Enna,2022,10-49,addetti,1524.7
086009,Enna,Enna,2022,50-249,addetti,688.5
086009,Enna,Enna,2022,totale,addetti,5882.5
086009,Enna,Enna,2023,0-9,addetti,3620.7
086009,Enna,Enna,2023,10-49,addetti,1479.6
086009,Enna,Enna,2023,50-249,addetti,760.3
086009,Enna,Enna,2023,totale,addetti,5860.6
086009,Enna,Enna,2018,0-9,unita_locali,1842
086009,Enna,Enna,2018,10-49,unita_locali,68
086009,Enna,Enna,2018,50-249,unita_locali,11
086009,Enna,Enna,2018,totale,unita_locali,1921
086009,Enna,Enna,2019,0-9,unita_locali,1784
086009,Enna,Enna,2019,10-49,unita_locali,61
086009,Enna,Enna,2019,50-249,unita_locali,10
086009,Enna,Enna,2019,totale,unita_locali,1855
086009,Enna,Enna,2020,0-9,unita_locali,1845
086009,Enna,Enna,2020,10-49,unita_locali,67
086009,Enna,Enna,2020,50-249,unita_locali,9
086009,Enna,Enna,2020,totale,unita_locali,1921
086009,Enna,Enna,2021,0-9,unita_locali,1956
086009,Enna,Enna,2021,10-49,unita_locali,65
086009,Enna,Enna,2021,50-249,unita_locali,9
086009,Enna,Enna,2021,totale,unita_locali,2030
086009,Enna,Enna,2022,0-9,unita_locali,1985
086009,Enna,Enna,2022,10-49,unita_locali,89
086009,Enna,Enna,2022,50-249,unita_locali,7
086009,Enna,Enna,2022,totale,unita_locali,2081
086009,Enna,Enna,2023,0-9,unita_locali,1957
086009,Enna,Enna,2023,10-49,unita_locali,85
086009,Enna,Enna,2023,50-249,unita_locali,8
086009,Enna,Enna,2023,totale,unita_locali,2050
087015,Catania,Catania,2018,0-9,addetti,39487.7
087015,Catania,Catania,2018,10-49,addetti,19204.9
087015,Catania,Catania,2018,250+,addetti,12056.9
087015,Catania,Catania,2018,50-249,addetti,12053.1
087015,Catania,Catania,2018,totale,addetti,82802.6
087015,Catania,Catania,2019,0-9,addetti,39685.4
087015,Catania,Catania,2019,10-49,addetti,19755.7
087015,Catania,Catania,2019,250+,addetti,13234.8
087015,Catania,Catania,2019,50-249,addetti,11020.2
087015,Catania,Catania,2019,totale,addetti,83696.1
087015,Catania,Catania,2020,0-9,addetti,40173.6
087015,Catania,Catania,2020,10-49,addetti,19531.5
087015,Catania,Catania,2020,250+,addetti,12542.5
087015,Catania,Catania,2020,50-249,addetti,11638.8
087015,Catania,Catania,2020,totale,addetti,83886.3
087015,Catania,Catania,2021,0-9,addetti,41310.4
087015,Catania,Catania,2021,10-49,addetti,19877.2
087015,Catania,Catania,2021,250+,addetti,14967.0
087015,Catania,Catania,2021,50-249,addetti,12754.6
087015,Catania,Catania,2021,totale,addetti,88909.2
087015,Catania,Catania,2022,0-9,addetti,42748.5
087015,Catania,Catania,2022,10-49,addetti,21174.1
087015,Catania,Catania,2022,250+,addetti,15191.9
087015,Catania,Catania,2022,50-249,addetti,14425.1
087015,Catania,Catania,2022,totale,addetti,93539.6
087015,Catania,Catania,2023,0-9,addetti,42779.9
087015,Catania,Catania,2023,10-49,addetti,22617.3
087015,Catania,Catania,2023,250+,addetti,15196.6
087015,Catania,Catania,2023,50-249,addetti,16178.4
087015,Catania,Catania,2023,totale,addetti,96772.1
087015,Catania,Catania,2018,0-9,unita_locali,22589
087015,Catania,Catania,2018,10-49,unita_locali,1068
087015,Catania,Catania,2018,250+,unita_locali,20
087015,Catania,Catania,2018,50-249,unita_locali,126
087015,Catania,Catania,2018,totale,unita_locali,23803
087015,Catania,Catania,2019,0-9,unita_locali,22607
087015,Catania,Catania,2019,10-49,unita_locali,1074
087015,Catania,Catania,2019,250+,unita_locali,23
087015,Catania,Catania,2019,50-249,unita_locali,119
087015,Catania,Catania,2019,totale,unita_locali,23823
087015,Catania,Catania,2020,0-9,unita_locali,22776
087015,Catania,Catania,2020,10-49,unita_locali,1092
087015,Catania,Catania,2020,250+,unita_locali,18
087015,Catania,Catania,2020,50-249,unita_locali,123
087015,Catania,Catania,2020,totale,unita_locali,24009
087015,Catania,Catania,2021,0-9,unita_locali,23675
087015,Catania,Catania,2021,10-49,unita_locali,1106
087015,Catania,Catania,2021,250+,unita_locali,22
087015,Catania,Catania,2021,50-249,unita_locali,136
087015,Catania,Catania,2021,totale,unita_locali,24939
087015,Catania,Catania,2022,0-9,unita_locali,24728
087015,Catania,Catania,2022,10-49,unita_locali,1177
087015,Catania,Catania,2022,250+,unita_locali,24
087015,Catania,Catania,2022,50-249,unita_locali,154
087015,Catania,Catania,2022,totale,unita_locali,26083
087015,Catania,Catania,2023,0-9,unita_locali,24794
087015,Catania,Catania,2023,10-49,unita_locali,1257
087015,Catania,Catania,2023,250+,unita_locali,25
087015,Catania,Catania,2023,50-249,unita_locali,170
087015,Catania,Catania,2023,totale,unita_locali,26246
088009,Ragusa,Ragusa,2018,0-9,addetti,11623.1
088009,Ragusa,Ragusa,2018,10-49,addetti,5050.3
088009,Ragusa,Ragusa,2018,50-249,addetti,3602.8
088009,Ragusa,Ragusa,2018,totale,addetti,20276.2
088009,Ragusa,Ragusa,2019,0-9,addetti,11522.6
088009,Ragusa,Ragusa,2019,10-49,addetti,5300.2
088009,Ragusa,Ragusa,2019,50-249,addetti,3689.9
088009,Ragusa,Ragusa,2019,totale,addetti,20512.8
088009,Ragusa,Ragusa,2020,0-9,addetti,11601.3
088009,Ragusa,Ragusa,2020,10-49,addetti,5373.1
088009,Ragusa,Ragusa,2020,50-249,addetti,3443.8
088009,Ragusa,Ragusa,2020,totale,addetti,20418.2
088009,Ragusa,Ragusa,2021,0-9,addetti,11972.9
088009,Ragusa,Ragusa,2021,10-49,addetti,5748.3
088009,Ragusa,Ragusa,2021,50-249,addetti,3624.2
088009,Ragusa,Ragusa,2021,totale,addetti,21345.4
088009,Ragusa,Ragusa,2022,0-9,addetti,12420.2
088009,Ragusa,Ragusa,2022,10-49,addetti,6286.0
088009,Ragusa,Ragusa,2022,250+,addetti,557.6
088009,Ragusa,Ragusa,2022,50-249,addetti,3359.3
088009,Ragusa,Ragusa,2022,totale,addetti,22623.1
088009,Ragusa,Ragusa,2023,0-9,addetti,12518.5
088009,Ragusa,Ragusa,2023,10-49,addetti,6911.3
088009,Ragusa,Ragusa,2023,50-249,addetti,3860.1
088009,Ragusa,Ragusa,2023,totale,addetti,23289.8
088009,Ragusa,Ragusa,2018,0-9,unita_locali,5958
088009,Ragusa,Ragusa,2018,10-49,unita_locali,292
088009,Ragusa,Ragusa,2018,50-249,unita_locali,42
088009,Ragusa,Ragusa,2018,totale,unita_locali,6292
088009,Ragusa,Ragusa,2019,0-9,unita_locali,5848
088009,Ragusa,Ragusa,2019,10-49,unita_locali,308
088009,Ragusa,Ragusa,2019,50-249,unita_locali,42
088009,Ragusa,Ragusa,2019,totale,unita_locali,6198
088009,Ragusa,Ragusa,2020,0-9,unita_locali,5908
088009,Ragusa,Ragusa,2020,10-49,unita_locali,312
088009,Ragusa,Ragusa,2020,50-249,unita_locali,39
088009,Ragusa,Ragusa,2020,totale,unita_locali,6259
088009,Ragusa,Ragusa,2021,0-9,unita_locali,6177
088009,Ragusa,Ragusa,2021,10-49,unita_locali,337
088009,Ragusa,Ragusa,2021,50-249,unita_locali,43
088009,Ragusa,Ragusa,2021,totale,unita_locali,6557
088009,Ragusa,Ragusa,2022,0-9,unita_locali,6456
088009,Ragusa,Ragusa,2022,10-49,unita_locali,363
088009,Ragusa,Ragusa,2022,250+,unita_locali,1
088009,Ragusa,Ragusa,2022,50-249,unita_locali,38
088009,Ragusa,Ragusa,2022,totale,unita_locali,6858
088009,Ragusa,Ragusa,2023,0-9,unita_locali,6525
088009,Ragusa,Ragusa,2023,10-49,unita_locali,388
088009,Ragusa,Ragusa,2023,50-249,unita_locali,45
088009,Ragusa,Ragusa,2023,totale,unita_locali,6958
089017,Siracusa,Siracusa,2018,0-9,addetti,14248.5
089017,Siracusa,Siracusa,2018,10-49,addetti,5621.9
089017,Siracusa,Siracusa,2018,250+,addetti,1586.4
089017,Siracusa,Siracusa,2018,50-249,addetti,3432.7
089017,Siracusa,Siracusa,2018,totale,addetti,24889.5
089017,Siracusa,Siracusa,2019,0-9,addetti,14228.6
089017,Siracusa,Siracusa,2019,10-49,addetti,5770.4
089017,Siracusa,Siracusa,2019,250+,addetti,1227.4
089017,Siracusa,Siracusa,2019,50-249,addetti,3960.4
089017,Siracusa,Siracusa,2019,totale,addetti,25186.8
089017,Siracusa,Siracusa,2020,0-9,addetti,14401.7
089017,Siracusa,Siracusa,2020,10-49,addetti,5406.6
089017,Siracusa,Siracusa,2020,250+,addetti,1151.2
089017,Siracusa,Siracusa,2020,50-249,addetti,2965.7
089017,Siracusa,Siracusa,2020,totale,addetti,23925.2
089017,Siracusa,Siracusa,2021,0-9,addetti,14967.6
089017,Siracusa,Siracusa,2021,10-49,addetti,5833.4
089017,Siracusa,Siracusa,2021,250+,addetti,779.9
089017,Siracusa,Siracusa,2021,50-249,addetti,2946.7
089017,Siracusa,Siracusa,2021,totale,addetti,24527.7
089017,Siracusa,Siracusa,2022,0-9,addetti,15748.9
089017,Siracusa,Siracusa,2022,10-49,addetti,6681.1
089017,Siracusa,Siracusa,2022,250+,addetti,948.7
089017,Siracusa,Siracusa,2022,50-249,addetti,3295.4
089017,Siracusa,Siracusa,2022,totale,addetti,26674.0
089017,Siracusa,Siracusa,2023,0-9,addetti,15725.4
089017,Siracusa,Siracusa,2023,10-49,addetti,7328.0
089017,Siracusa,Siracusa,2023,250+,addetti,884.4
089017,Siracusa,Siracusa,2023,50-249,addetti,3387.2
089017,Siracusa,Siracusa,2023,totale,addetti,27325.0
089017,Siracusa,Siracusa,2018,0-9,unita_locali,7921
089017,Siracusa,Siracusa,2018,10-49,unita_locali,325
089017,Siracusa,Siracusa,2018,250+,unita_locali,4
089017,Siracusa,Siracusa,2018,50-249,unita_locali,39
089017,Siracusa,Siracusa,2018,totale,unita_locali,8289
089017,Siracusa,Siracusa,2019,0-9,unita_locali,7935
089017,Siracusa,Siracusa,2019,10-49,unita_locali,327
089017,Siracusa,Siracusa,2019,250+,unita_locali,2
089017,Siracusa,Siracusa,2019,50-249,unita_locali,40
089017,Siracusa,Siracusa,2019,totale,unita_locali,8304
089017,Siracusa,Siracusa,2020,0-9,unita_locali,8012
089017,Siracusa,Siracusa,2020,10-49,unita_locali,305
089017,Siracusa,Siracusa,2020,250+,unita_locali,3
089017,Siracusa,Siracusa,2020,50-249,unita_locali,33
089017,Siracusa,Siracusa,2020,totale,unita_locali,8353
089017,Siracusa,Siracusa,2021,0-9,unita_locali,8308
089017,Siracusa,Siracusa,2021,10-49,unita_locali,316
089017,Siracusa,Siracusa,2021,250+,unita_locali,2
089017,Siracusa,Siracusa,2021,50-249,unita_locali,36
089017,Siracusa,Siracusa,2021,totale,unita_locali,8662
089017,Siracusa,Siracusa,2022,0-9,unita_locali,8718
089017,Siracusa,Siracusa,2022,10-49,unita_locali,369
089017,Siracusa,Siracusa,2022,250+,unita_locali,3
089017,Siracusa,Siracusa,2022,50-249,unita_locali,40
089017,Siracusa,Siracusa,2022,totale,unita_locali,9130
089017,Siracusa,Siracusa,2023,0-9,unita_locali,8737
089017,Siracusa,Siracusa,2023,10-49,unita_locali,396
089017,Siracusa,Siracusa,2023,250+,unita_locali,3
089017,Siracusa,Siracusa,2023,50-249,unita_locali,40
089017,Siracusa,Siracusa,2023,totale,unita_locali,9176
090064,Sassari,Sassari,2018,0-9,addetti,17702.3
090064,Sassari,Sassari,2018,10-49,addetti,7411.3
090064,Sassari,Sassari,2018,250+,addetti,2112.5
090064,Sassari,Sassari,2018,50-249,addetti,6488.8
090064,Sassari,Sassari,2018,totale,addetti,33714.9
090064,Sassari,Sassari,2019,0-9,addetti,17773.8
090064,Sassari,Sassari,2019,10-49,addetti,7301.5
090064,Sassari,Sassari,2019,250+,addetti,1191.6
090064,Sassari,Sassari,2019,50-249,addetti,6618.6
090064,Sassari,Sassari,2019,totale,addetti,32885.5
090064,Sassari,Sassari,2020,0-9,addetti,17955.0
090064,Sassari,Sassari,2020,10-49,addetti,7845.4
090064,Sassari,Sassari,2020,250+,addetti,852.5
090064,Sassari,Sassari,2020,50-249,addetti,6262.1
090064,Sassari,Sassari,2020,totale,addetti,32915.0
090064,Sassari,Sassari,2021,0-9,addetti,18556.8
090064,Sassari,Sassari,2021,10-49,addetti,7996.7
090064,Sassari,Sassari,2021,250+,addetti,1756.5
090064,Sassari,Sassari,2021,50-249,addetti,6945.1
090064,Sassari,Sassari,2021,totale,addetti,35255.2
090064,Sassari,Sassari,2022,0-9,addetti,19078.7
090064,Sassari,Sassari,2022,10-49,addetti,8617.1
090064,Sassari,Sassari,2022,250+,addetti,1166.9
090064,Sassari,Sassari,2022,50-249,addetti,7252.5
090064,Sassari,Sassari,2022,totale,addetti,36115.2
090064,Sassari,Sassari,2023,0-9,addetti,19236.2
090064,Sassari,Sassari,2023,10-49,addetti,8741.3
090064,Sassari,Sassari,2023,250+,addetti,1202.7
090064,Sassari,Sassari,2023,50-249,addetti,7650.7
090064,Sassari,Sassari,2023,totale,addetti,36830.9
090064,Sassari,Sassari,2018,0-9,unita_locali,9794
090064,Sassari,Sassari,2018,10-49,unita_locali,404
090064,Sassari,Sassari,2018,250+,unita_locali,6
090064,Sassari,Sassari,2018,50-249,unita_locali,62
090064,Sassari,Sassari,2018,totale,unita_locali,10266
090064,Sassari,Sassari,2019,0-9,unita_locali,9685
090064,Sassari,Sassari,2019,10-49,unita_locali,397
090064,Sassari,Sassari,2019,250+,unita_locali,4
090064,Sassari,Sassari,2019,50-249,unita_locali,65
090064,Sassari,Sassari,2019,totale,unita_locali,10151
090064,Sassari,Sassari,2020,0-9,unita_locali,9940
090064,Sassari,Sassari,2020,10-49,unita_locali,426
090064,Sassari,Sassari,2020,250+,unita_locali,3
090064,Sassari,Sassari,2020,50-249,unita_locali,61
090064,Sassari,Sassari,2020,totale,unita_locali,10430
090064,Sassari,Sassari,2021,0-9,unita_locali,10295
090064,Sassari,Sassari,2021,10-49,unita_locali,439
090064,Sassari,Sassari,2021,250+,unita_locali,5
090064,Sassari,Sassari,2021,50-249,unita_locali,72
090064,Sassari,Sassari,2021,totale,unita_locali,10811
090064,Sassari,Sassari,2022,0-9,unita_locali,10610
090064,Sassari,Sassari,2022,10-49,unita_locali,481
090064,Sassari,Sassari,2022,250+,unita_locali,4
090064,Sassari,Sassari,2022,50-249,unita_locali,75
090064,Sassari,Sassari,2022,totale,unita_locali,11170
090064,Sassari,Sassari,2023,0-9,unita_locali,10719
090064,Sassari,Sassari,2023,10-49,unita_locali,493
090064,Sassari,Sassari,2023,250+,unita_locali,4
090064,Sassari,Sassari,2023,50-249,unita_locali,85
090064,Sassari,Sassari,2023,totale,unita_locali,11301
091051,Nuoro,Nuoro,2018,0-9,addetti,5283.8
091051,Nuoro,Nuoro,2018,10-49,addetti,1723.2
091051,Nuoro,Nuoro,2018,250+,addetti,551.4
091051,Nuoro,Nuoro,2018,50-249,addetti,1437.6
091051,Nuoro,Nuoro,2018,totale,addetti,8996.0
091051,Nuoro,Nuoro,2019,0-9,addetti,5275.8
091051,Nuoro,Nuoro,2019,10-49,addetti,1826.4
091051,Nuoro,Nuoro,2019,250+,addetti,596.2
091051,Nuoro,Nuoro,2019,50-249,addetti,1362.5
091051,Nuoro,Nuoro,2019,totale,addetti,9060.9
091051,Nuoro,Nuoro,2020,0-9,addetti,5421.7
091051,Nuoro,Nuoro,2020,10-49,addetti,1869.0
091051,Nuoro,Nuoro,2020,250+,addetti,564.0
091051,Nuoro,Nuoro,2020,50-249,addetti,1211.9
091051,Nuoro,Nuoro,2020,totale,addetti,9066.7
091051,Nuoro,Nuoro,2021,0-9,addetti,5614.8
091051,Nuoro,Nuoro,2021,10-49,addetti,1772.2
091051,Nuoro,Nuoro,2021,250+,addetti,670.0
091051,Nuoro,Nuoro,2021,50-249,addetti,1264.4
091051,Nuoro,Nuoro,2021,totale,addetti,9321.4
091051,Nuoro,Nuoro,2022,0-9,addetti,5711.7
091051,Nuoro,Nuoro,2022,10-49,addetti,2010.4
091051,Nuoro,Nuoro,2022,250+,addetti,736.3
091051,Nuoro,Nuoro,2022,50-249,addetti,1235.8
091051,Nuoro,Nuoro,2022,totale,addetti,9694.2
091051,Nuoro,Nuoro,2023,0-9,addetti,5836.3
091051,Nuoro,Nuoro,2023,10-49,addetti,2061.2
091051,Nuoro,Nuoro,2023,250+,addetti,261.6
091051,Nuoro,Nuoro,2023,50-249,addetti,1791.3
091051,Nuoro,Nuoro,2023,totale,addetti,9950.4
091051,Nuoro,Nuoro,2018,0-9,unita_locali,2996
091051,Nuoro,Nuoro,2018,10-49,unita_locali,105
091051,Nuoro,Nuoro,2018,250+,unita_locali,2
091051,Nuoro,Nuoro,2018,50-249,unita_locali,15
091051,Nuoro,Nuoro,2018,totale,unita_locali,3118
091051,Nuoro,Nuoro,2019,0-9,unita_locali,2942
091051,Nuoro,Nuoro,2019,10-49,unita_locali,106
091051,Nuoro,Nuoro,2019,250+,unita_locali,2
091051,Nuoro,Nuoro,2019,50-249,unita_locali,14
091051,Nuoro,Nuoro,2019,totale,unita_locali,3064
091051,Nuoro,Nuoro,2020,0-9,unita_locali,3023
091051,Nuoro,Nuoro,2020,10-49,unita_locali,100
091051,Nuoro,Nuoro,2020,250+,unita_locali,2
091051,Nuoro,Nuoro,2020,50-249,unita_locali,12
091051,Nuoro,Nuoro,2020,totale,unita_locali,3137
091051,Nuoro,Nuoro,2021,0-9,unita_locali,3128
091051,Nuoro,Nuoro,2021,10-49,unita_locali,102
091051,Nuoro,Nuoro,2021,250+,unita_locali,2
091051,Nuoro,Nuoro,2021,50-249,unita_locali,14
091051,Nuoro,Nuoro,2021,totale,unita_locali,3246
091051,Nuoro,Nuoro,2022,0-9,unita_locali,3220
091051,Nuoro,Nuoro,2022,10-49,unita_locali,111
091051,Nuoro,Nuoro,2022,250+,unita_locali,2
091051,Nuoro,Nuoro,2022,50-249,unita_locali,15
091051,Nuoro,Nuoro,2022,totale,unita_locali,3348
091051,Nuoro,Nuoro,2023,0-9,unita_locali,3196
091051,Nuoro,Nuoro,2023,10-49,unita_locali,117
091051,Nuoro,Nuoro,2023,250+,unita_locali,1
091051,Nuoro,Nuoro,2023,50-249,unita_locali,18
091051,Nuoro,Nuoro,2023,totale,unita_locali,3332
092009,Cagliari,Cagliari,2018,0-9,addetti,31144.1
092009,Cagliari,Cagliari,2018,10-49,addetti,14597.3
092009,Cagliari,Cagliari,2018,250+,addetti,6006.5
092009,Cagliari,Cagliari,2018,50-249,addetti,12084.3
092009,Cagliari,Cagliari,2018,totale,addetti,63832.2
092009,Cagliari,Cagliari,2019,0-9,addetti,31501.4
092009,Cagliari,Cagliari,2019,10-49,addetti,15061.3
092009,Cagliari,Cagliari,2019,250+,addetti,7287.1
092009,Cagliari,Cagliari,2019,50-249,addetti,12481.9
092009,Cagliari,Cagliari,2019,totale,addetti,66331.8
092009,Cagliari,Cagliari,2020,0-9,addetti,31688.8
092009,Cagliari,Cagliari,2020,10-49,addetti,14274.9
092009,Cagliari,Cagliari,2020,250+,addetti,7359.1
092009,Cagliari,Cagliari,2020,50-249,addetti,11780.0
092009,Cagliari,Cagliari,2020,totale,addetti,65102.8
092009,Cagliari,Cagliari,2021,0-9,addetti,32320.5
092009,Cagliari,Cagliari,2021,10-49,addetti,14848.0
092009,Cagliari,Cagliari,2021,250+,addetti,7308.8
092009,Cagliari,Cagliari,2021,50-249,addetti,11810.3
092009,Cagliari,Cagliari,2021,totale,addetti,66287.5
092009,Cagliari,Cagliari,2022,0-9,addetti,32724.5
092009,Cagliari,Cagliari,2022,10-49,addetti,15882.9
092009,Cagliari,Cagliari,2022,250+,addetti,7799.3
092009,Cagliari,Cagliari,2022,50-249,addetti,11298.1
092009,Cagliari,Cagliari,2022,totale,addetti,67704.9
092009,Cagliari,Cagliari,2023,0-9,addetti,32579.4
092009,Cagliari,Cagliari,2023,10-49,addetti,17169.2
092009,Cagliari,Cagliari,2023,250+,addetti,8039.1
092009,Cagliari,Cagliari,2023,50-249,addetti,12199.8
092009,Cagliari,Cagliari,2023,totale,addetti,69987.4
092009,Cagliari,Cagliari,2018,0-9,unita_locali,17468
092009,Cagliari,Cagliari,2018,10-49,unita_locali,830
092009,Cagliari,Cagliari,2018,250+,unita_locali,15
092009,Cagliari,Cagliari,2018,50-249,unita_locali,110
092009,Cagliari,Cagliari,2018,totale,unita_locali,18423
092009,Cagliari,Cagliari,2019,0-9,unita_locali,17506
092009,Cagliari,Cagliari,2019,10-49,unita_locali,831
092009,Cagliari,Cagliari,2019,250+,unita_locali,16
092009,Cagliari,Cagliari,2019,50-249,unita_locali,113
092009,Cagliari,Cagliari,2019,totale,unita_locali,18466
092009,Cagliari,Cagliari,2020,0-9,unita_locali,17797
092009,Cagliari,Cagliari,2020,10-49,unita_locali,802
092009,Cagliari,Cagliari,2020,250+,unita_locali,17
092009,Cagliari,Cagliari,2020,50-249,unita_locali,117
092009,Cagliari,Cagliari,2020,totale,unita_locali,18733
092009,Cagliari,Cagliari,2021,0-9,unita_locali,18269
092009,Cagliari,Cagliari,2021,10-49,unita_locali,810
092009,Cagliari,Cagliari,2021,250+,unita_locali,17
092009,Cagliari,Cagliari,2021,50-249,unita_locali,117
092009,Cagliari,Cagliari,2021,totale,unita_locali,19213
092009,Cagliari,Cagliari,2022,0-9,unita_locali,18826
092009,Cagliari,Cagliari,2022,10-49,unita_locali,883
092009,Cagliari,Cagliari,2022,250+,unita_locali,17
092009,Cagliari,Cagliari,2022,50-249,unita_locali,117
092009,Cagliari,Cagliari,2022,totale,unita_locali,19843
092009,Cagliari,Cagliari,2023,0-9,unita_locali,18733
092009,Cagliari,Cagliari,2023,10-49,unita_locali,934
092009,Cagliari,Cagliari,2023,250+,unita_locali,17
092009,Cagliari,Cagliari,2023,50-249,unita_locali,125
092009,Cagliari,Cagliari,2023,totale,unita_locali,19809
093033,Pordenone,Pordenone,2018,0-9,addetti,9834.7
093033,Pordenone,Pordenone,2018,10-49,addetti,5498.8
093033,Pordenone,Pordenone,2018,250+,addetti,6257.0
093033,Pordenone,Pordenone,2018,50-249,addetti,4113.6
093033,Pordenone,Pordenone,2018,totale,addetti,25704.1
093033,Pordenone,Pordenone,2019,0-9,addetti,9585.9
093033,Pordenone,Pordenone,2019,10-49,addetti,5854.8
093033,Pordenone,Pordenone,2019,250+,addetti,6206.8
093033,Pordenone,Pordenone,2019,50-249,addetti,4142.5
093033,Pordenone,Pordenone,2019,totale,addetti,25790.0
093033,Pordenone,Pordenone,2020,0-9,addetti,9649.3
093033,Pordenone,Pordenone,2020,10-49,addetti,6081.6
093033,Pordenone,Pordenone,2020,250+,addetti,3508.4
093033,Pordenone,Pordenone,2020,50-249,addetti,3684.8
093033,Pordenone,Pordenone,2020,totale,addetti,22924.0
093033,Pordenone,Pordenone,2021,0-9,addetti,9630.8
093033,Pordenone,Pordenone,2021,10-49,addetti,6309.2
093033,Pordenone,Pordenone,2021,250+,addetti,3284.4
093033,Pordenone,Pordenone,2021,50-249,addetti,4151.0
093033,Pordenone,Pordenone,2021,totale,addetti,23375.5
093033,Pordenone,Pordenone,2022,0-9,addetti,9871.5
093033,Pordenone,Pordenone,2022,10-49,addetti,6458.1
093033,Pordenone,Pordenone,2022,250+,addetti,4670.3
093033,Pordenone,Pordenone,2022,50-249,addetti,4107.5
093033,Pordenone,Pordenone,2022,totale,addetti,25107.4
093033,Pordenone,Pordenone,2023,0-9,addetti,9980.8
093033,Pordenone,Pordenone,2023,10-49,addetti,6339.8
093033,Pordenone,Pordenone,2023,250+,addetti,3596.2
093033,Pordenone,Pordenone,2023,50-249,addetti,4811.2
093033,Pordenone,Pordenone,2023,totale,addetti,24728.1
093033,Pordenone,Pordenone,2018,0-9,unita_locali,5199
093033,Pordenone,Pordenone,2018,10-49,unita_locali,293
093033,Pordenone,Pordenone,2018,250+,unita_locali,13
093033,Pordenone,Pordenone,2018,50-249,unita_locali,44
093033,Pordenone,Pordenone,2018,totale,unita_locali,5549
093033,Pordenone,Pordenone,2019,0-9,unita_locali,4990
093033,Pordenone,Pordenone,2019,10-49,unita_locali,306
093033,Pordenone,Pordenone,2019,250+,unita_locali,12
093033,Pordenone,Pordenone,2019,50-249,unita_locali,44
093033,Pordenone,Pordenone,2019,totale,unita_locali,5352
093033,Pordenone,Pordenone,2020,0-9,unita_locali,5169
093033,Pordenone,Pordenone,2020,10-49,unita_locali,314
093033,Pordenone,Pordenone,2020,250+,unita_locali,9
093033,Pordenone,Pordenone,2020,50-249,unita_locali,38
093033,Pordenone,Pordenone,2020,totale,unita_locali,5530
093033,Pordenone,Pordenone,2021,0-9,unita_locali,5272
093033,Pordenone,Pordenone,2021,10-49,unita_locali,334
093033,Pordenone,Pordenone,2021,250+,unita_locali,8
093033,Pordenone,Pordenone,2021,50-249,unita_locali,44
093033,Pordenone,Pordenone,2021,totale,unita_locali,5658
093033,Pordenone,Pordenone,2022,0-9,unita_locali,5468
093033,Pordenone,Pordenone,2022,10-49,unita_locali,335
093033,Pordenone,Pordenone,2022,250+,unita_locali,9
093033,Pordenone,Pordenone,2022,50-249,unita_locali,43
093033,Pordenone,Pordenone,2022,totale,unita_locali,5855
093033,Pordenone,Pordenone,2023,0-9,unita_locali,5527
093033,Pordenone,Pordenone,2023,10-49,unita_locali,332
093033,Pordenone,Pordenone,2023,250+,unita_locali,6
093033,Pordenone,Pordenone,2023,50-249,unita_locali,48
093033,Pordenone,Pordenone,2023,totale,unita_locali,5913
094023,Isernia,Isernia,2018,0-9,addetti,3735.3
094023,Isernia,Isernia,2018,10-49,addetti,1411.9
094023,Isernia,Isernia,2018,50-249,addetti,850.6
094023,Isernia,Isernia,2018,totale,addetti,5997.8
094023,Isernia,Isernia,2019,0-9,addetti,3678.4
094023,Isernia,Isernia,2019,10-49,addetti,1304.5
094023,Isernia,Isernia,2019,50-249,addetti,674.2
094023,Isernia,Isernia,2019,totale,addetti,5657.1
094023,Isernia,Isernia,2020,0-9,addetti,3840.3
094023,Isernia,Isernia,2020,10-49,addetti,1381.2
094023,Isernia,Isernia,2020,50-249,addetti,794.9
094023,Isernia,Isernia,2020,totale,addetti,6016.3
094023,Isernia,Isernia,2021,0-9,addetti,3860.1
094023,Isernia,Isernia,2021,10-49,addetti,1467.4
094023,Isernia,Isernia,2021,50-249,addetti,732.0
094023,Isernia,Isernia,2021,totale,addetti,6059.5
094023,Isernia,Isernia,2022,0-9,addetti,4045.7
094023,Isernia,Isernia,2022,10-49,addetti,1695.9
094023,Isernia,Isernia,2022,250+,addetti,317.8
094023,Isernia,Isernia,2022,50-249,addetti,456.9
094023,Isernia,Isernia,2022,totale,addetti,6516.4
094023,Isernia,Isernia,2023,0-9,addetti,4062.2
094023,Isernia,Isernia,2023,10-49,addetti,1674.2
094023,Isernia,Isernia,2023,50-249,addetti,643.8
094023,Isernia,Isernia,2023,totale,addetti,6380.2
094023,Isernia,Isernia,2018,0-9,unita_locali,2176
094023,Isernia,Isernia,2018,10-49,unita_locali,78
094023,Isernia,Isernia,2018,50-249,unita_locali,9
094023,Isernia,Isernia,2018,totale,unita_locali,2263
094023,Isernia,Isernia,2019,0-9,unita_locali,2133
094023,Isernia,Isernia,2019,10-49,unita_locali,74
094023,Isernia,Isernia,2019,50-249,unita_locali,6
094023,Isernia,Isernia,2019,totale,unita_locali,2213
094023,Isernia,Isernia,2020,0-9,unita_locali,2224
094023,Isernia,Isernia,2020,10-49,unita_locali,73
094023,Isernia,Isernia,2020,50-249,unita_locali,9
094023,Isernia,Isernia,2020,totale,unita_locali,2306
094023,Isernia,Isernia,2021,0-9,unita_locali,2266
094023,Isernia,Isernia,2021,10-49,unita_locali,82
094023,Isernia,Isernia,2021,50-249,unita_locali,8
094023,Isernia,Isernia,2021,totale,unita_locali,2356
094023,Isernia,Isernia,2022,0-9,unita_locali,2371
094023,Isernia,Isernia,2022,10-49,unita_locali,84
094023,Isernia,Isernia,2022,250+,unita_locali,1
094023,Isernia,Isernia,2022,50-249,unita_locali,5
094023,Isernia,Isernia,2022,totale,unita_locali,2461
094023,Isernia,Isernia,2023,0-9,unita_locali,2369
094023,Isernia,Isernia,2023,10-49,unita_locali,92
094023,Isernia,Isernia,2023,50-249,unita_locali,6
094023,Isernia,Isernia,2023,totale,unita_locali,2467
095038,Oristano,Oristano,2018,0-9,addetti,5849.6
095038,Oristano,Oristano,2018,10-49,addetti,2171.1
095038,Oristano,Oristano,2018,50-249,addetti,1305.7
095038,Oristano,Oristano,2018,totale,addetti,9326.4
095038,Oristano,Oristano,2019,0-9,addetti,5879.2
095038,Oristano,Oristano,2019,10-49,addetti,1991.7
095038,Oristano,Oristano,2019,50-249,addetti,1346.2
095038,Oristano,Oristano,2019,totale,addetti,9217.1
095038,Oristano,Oristano,2020,0-9,addetti,5954.1
095038,Oristano,Oristano,2020,10-49,addetti,2041.1
095038,Oristano,Oristano,2020,50-249,addetti,1171.5
095038,Oristano,Oristano,2020,totale,addetti,9166.7
095038,Oristano,Oristano,2021,0-9,addetti,6077.7
095038,Oristano,Oristano,2021,10-49,addetti,2419.6
095038,Oristano,Oristano,2021,50-249,addetti,1239.6
095038,Oristano,Oristano,2021,totale,addetti,9736.9
095038,Oristano,Oristano,2022,0-9,addetti,6312.2
095038,Oristano,Oristano,2022,10-49,addetti,2500.2
095038,Oristano,Oristano,2022,50-249,addetti,1395.5
095038,Oristano,Oristano,2022,totale,addetti,10207.9
095038,Oristano,Oristano,2023,0-9,addetti,6199.6
095038,Oristano,Oristano,2023,10-49,addetti,2574.7
095038,Oristano,Oristano,2023,50-249,addetti,1535.2
095038,Oristano,Oristano,2023,totale,addetti,10309.6
095038,Oristano,Oristano,2018,0-9,unita_locali,2976
095038,Oristano,Oristano,2018,10-49,unita_locali,123
095038,Oristano,Oristano,2018,50-249,unita_locali,13
095038,Oristano,Oristano,2018,totale,unita_locali,3112
095038,Oristano,Oristano,2019,0-9,unita_locali,2928
095038,Oristano,Oristano,2019,10-49,unita_locali,120
095038,Oristano,Oristano,2019,50-249,unita_locali,14
095038,Oristano,Oristano,2019,totale,unita_locali,3062
095038,Oristano,Oristano,2020,0-9,unita_locali,3018
095038,Oristano,Oristano,2020,10-49,unita_locali,117
095038,Oristano,Oristano,2020,50-249,unita_locali,13
095038,Oristano,Oristano,2020,totale,unita_locali,3148
095038,Oristano,Oristano,2021,0-9,unita_locali,3111
095038,Oristano,Oristano,2021,10-49,unita_locali,132
095038,Oristano,Oristano,2021,50-249,unita_locali,13
095038,Oristano,Oristano,2021,totale,unita_locali,3256
095038,Oristano,Oristano,2022,0-9,unita_locali,3235
095038,Oristano,Oristano,2022,10-49,unita_locali,141
095038,Oristano,Oristano,2022,50-249,unita_locali,15
095038,Oristano,Oristano,2022,totale,unita_locali,3391
095038,Oristano,Oristano,2023,0-9,unita_locali,3205
095038,Oristano,Oristano,2023,10-49,unita_locali,153
095038,Oristano,Oristano,2023,50-249,unita_locali,17
095038,Oristano,Oristano,2023,totale,unita_locali,3375
096004,Biella,Biella,2018,0-9,addetti,9314.6
096004,Biella,Biella,2018,10-49,addetti,4168.6
096004,Biella,Biella,2018,250+,addetti,3195.0
096004,Biella,Biella,2018,50-249,addetti,3740.5
096004,Biella,Biella,2018,totale,addetti,20418.7
096004,Biella,Biella,2019,0-9,addetti,9101.8
096004,Biella,Biella,2019,10-49,addetti,4039.9
096004,Biella,Biella,2019,250+,addetti,3338.0
096004,Biella,Biella,2019,50-249,addetti,4154.4
096004,Biella,Biella,2019,totale,addetti,20634.1
096004,Biella,Biella,2020,0-9,addetti,9111.9
096004,Biella,Biella,2020,10-49,addetti,3817.5
096004,Biella,Biella,2020,250+,addetti,1648.7
096004,Biella,Biella,2020,50-249,addetti,4198.4
096004,Biella,Biella,2020,totale,addetti,18776.6
096004,Biella,Biella,2021,0-9,addetti,9082.2
096004,Biella,Biella,2021,10-49,addetti,4191.2
096004,Biella,Biella,2021,250+,addetti,1358.7
096004,Biella,Biella,2021,50-249,addetti,4128.8
096004,Biella,Biella,2021,totale,addetti,18760.8
096004,Biella,Biella,2022,0-9,addetti,9114.1
096004,Biella,Biella,2022,10-49,addetti,4264.2
096004,Biella,Biella,2022,250+,addetti,1577.6
096004,Biella,Biella,2022,50-249,addetti,4224.1
096004,Biella,Biella,2022,totale,addetti,19180.0
096004,Biella,Biella,2023,0-9,addetti,9095.7
096004,Biella,Biella,2023,10-49,addetti,4241.6
096004,Biella,Biella,2023,250+,addetti,1434.9
096004,Biella,Biella,2023,50-249,addetti,4533.1
096004,Biella,Biella,2023,totale,addetti,19305.4
096004,Biella,Biella,2018,0-9,unita_locali,4982
096004,Biella,Biella,2018,10-49,unita_locali,233
096004,Biella,Biella,2018,250+,unita_locali,6
096004,Biella,Biella,2018,50-249,unita_locali,36
096004,Biella,Biella,2018,totale,unita_locali,5257
096004,Biella,Biella,2019,0-9,unita_locali,4857
096004,Biella,Biella,2019,10-49,unita_locali,230
096004,Biella,Biella,2019,250+,unita_locali,6
096004,Biella,Biella,2019,50-249,unita_locali,40
096004,Biella,Biella,2019,totale,unita_locali,5133
096004,Biella,Biella,2020,0-9,unita_locali,4964
096004,Biella,Biella,2020,10-49,unita_locali,207
096004,Biella,Biella,2020,250+,unita_locali,4
096004,Biella,Biella,2020,50-249,unita_locali,39
096004,Biella,Biella,2020,totale,unita_locali,5214
096004,Biella,Biella,2021,0-9,unita_locali,5000
096004,Biella,Biella,2021,10-49,unita_locali,224
096004,Biella,Biella,2021,250+,unita_locali,3
096004,Biella,Biella,2021,50-249,unita_locali,37
096004,Biella,Biella,2021,totale,unita_locali,5264
096004,Biella,Biella,2022,0-9,unita_locali,5135
096004,Biella,Biella,2022,10-49,unita_locali,231
096004,Biella,Biella,2022,250+,unita_locali,4
096004,Biella,Biella,2022,50-249,unita_locali,39
096004,Biella,Biella,2022,totale,unita_locali,5409
096004,Biella,Biella,2023,0-9,unita_locali,5097
096004,Biella,Biella,2023,10-49,unita_locali,231
096004,Biella,Biella,2023,250+,unita_locali,4
096004,Biella,Biella,2023,50-249,unita_locali,41
096004,Biella,Biella,2023,totale,unita_locali,5373
097042,Lecco,Lecco,2018,0-9,addetti,9946.5
097042,Lecco,Lecco,2018,10-49,addetti,5505.8
097042,Lecco,Lecco,2018,250+,addetti,1142.8
097042,Lecco,Lecco,2018,50-249,addetti,4454.7
097042,Lecco,Lecco,2018,totale,addetti,21049.9
097042,Lecco,Lecco,2019,0-9,addetti,9631.2
097042,Lecco,Lecco,2019,10-49,addetti,5403.1
097042,Lecco,Lecco,2019,250+,addetti,1143.1
097042,Lecco,Lecco,2019,50-249,addetti,4358.7
097042,Lecco,Lecco,2019,totale,addetti,20536.2
097042,Lecco,Lecco,2020,0-9,addetti,9562.0
097042,Lecco,Lecco,2020,10-49,addetti,5070.1
097042,Lecco,Lecco,2020,250+,addetti,665.8
097042,Lecco,Lecco,2020,50-249,addetti,4687.3
097042,Lecco,Lecco,2020,totale,addetti,19985.1
097042,Lecco,Lecco,2021,0-9,addetti,9489.3
097042,Lecco,Lecco,2021,10-49,addetti,5417.5
097042,Lecco,Lecco,2021,250+,addetti,690.7
097042,Lecco,Lecco,2021,50-249,addetti,4832.1
097042,Lecco,Lecco,2021,totale,addetti,20429.6
097042,Lecco,Lecco,2022,0-9,addetti,9811.6
097042,Lecco,Lecco,2022,10-49,addetti,5866.4
097042,Lecco,Lecco,2022,250+,addetti,730.7
097042,Lecco,Lecco,2022,50-249,addetti,4684.4
097042,Lecco,Lecco,2022,totale,addetti,21093.1
097042,Lecco,Lecco,2023,0-9,addetti,9949.9
097042,Lecco,Lecco,2023,10-49,addetti,6040.9
097042,Lecco,Lecco,2023,250+,addetti,772.4
097042,Lecco,Lecco,2023,50-249,addetti,4759.5
097042,Lecco,Lecco,2023,totale,addetti,21522.8
097042,Lecco,Lecco,2018,0-9,unita_locali,5177
097042,Lecco,Lecco,2018,10-49,unita_locali,300
097042,Lecco,Lecco,2018,250+,unita_locali,3
097042,Lecco,Lecco,2018,50-249,unita_locali,43
097042,Lecco,Lecco,2018,totale,unita_locali,5523
097042,Lecco,Lecco,2019,0-9,unita_locali,5032
097042,Lecco,Lecco,2019,10-49,unita_locali,301
097042,Lecco,Lecco,2019,250+,unita_locali,3
097042,Lecco,Lecco,2019,50-249,unita_locali,42
097042,Lecco,Lecco,2019,totale,unita_locali,5378
097042,Lecco,Lecco,2020,0-9,unita_locali,5189
097042,Lecco,Lecco,2020,10-49,unita_locali,273
097042,Lecco,Lecco,2020,250+,unita_locali,1
097042,Lecco,Lecco,2020,50-249,unita_locali,51
097042,Lecco,Lecco,2020,totale,unita_locali,5514
097042,Lecco,Lecco,2021,0-9,unita_locali,5274
097042,Lecco,Lecco,2021,10-49,unita_locali,299
097042,Lecco,Lecco,2021,250+,unita_locali,1
097042,Lecco,Lecco,2021,50-249,unita_locali,50
097042,Lecco,Lecco,2021,totale,unita_locali,5624
097042,Lecco,Lecco,2022,0-9,unita_locali,5471
097042,Lecco,Lecco,2022,10-49,unita_locali,313
097042,Lecco,Lecco,2022,250+,unita_locali,1
097042,Lecco,Lecco,2022,50-249,unita_locali,49
097042,Lecco,Lecco,2022,totale,unita_locali,5834
097042,Lecco,Lecco,2023,0-9,unita_locali,5588
097042,Lecco,Lecco,2023,10-49,unita_locali,323
097042,Lecco,Lecco,2023,250+,unita_locali,1
097042,Lecco,Lecco,2023,50-249,unita_locali,51
097042,Lecco,Lecco,2023,totale,unita_locali,5963
098031,Lodi,Lodi,2018,0-9,addetti,6985.9
098031,Lodi,Lodi,2018,10-49,addetti,3267.3
098031,Lodi,Lodi,2018,250+,addetti,2808.9
098031,Lodi,Lodi,2018,50-249,addetti,4038.1
098031,Lodi,Lodi,2018,totale,addetti,17100.1
098031,Lodi,Lodi,2019,0-9,addetti,7042.5
098031,Lodi,Lodi,2019,10-49,addetti,3366.9
098031,Lodi,Lodi,2019,250+,addetti,3445.4
098031,Lodi,Lodi,2019,50-249,addetti,3848.6
098031,Lodi,Lodi,2019,totale,addetti,17703.5
098031,Lodi,Lodi,2020,0-9,addetti,6986.6
098031,Lodi,Lodi,2020,10-49,addetti,2991.5
098031,Lodi,Lodi,2020,250+,addetti,2135.6
098031,Lodi,Lodi,2020,50-249,addetti,4581.0
098031,Lodi,Lodi,2020,totale,addetti,16694.6
098031,Lodi,Lodi,2021,0-9,addetti,6947.5
098031,Lodi,Lodi,2021,10-49,addetti,2880.9
098031,Lodi,Lodi,2021,250+,addetti,2354.2
098031,Lodi,Lodi,2021,50-249,addetti,4550.4
098031,Lodi,Lodi,2021,totale,addetti,16732.9
098031,Lodi,Lodi,2022,0-9,addetti,7129.3
098031,Lodi,Lodi,2022,10-49,addetti,3373.7
098031,Lodi,Lodi,2022,250+,addetti,2412.5
098031,Lodi,Lodi,2022,50-249,addetti,4231.1
098031,Lodi,Lodi,2022,totale,addetti,17146.6
098031,Lodi,Lodi,2023,0-9,addetti,7216.4
098031,Lodi,Lodi,2023,10-49,addetti,3456.7
098031,Lodi,Lodi,2023,250+,addetti,3061.2
098031,Lodi,Lodi,2023,50-249,addetti,3875.6
098031,Lodi,Lodi,2023,totale,addetti,17609.8
098031,Lodi,Lodi,2018,0-9,unita_locali,3987
098031,Lodi,Lodi,2018,10-49,unita_locali,180
098031,Lodi,Lodi,2018,250+,unita_locali,6
098031,Lodi,Lodi,2018,50-249,unita_locali,40
098031,Lodi,Lodi,2018,totale,unita_locali,4213
098031,Lodi,Lodi,2019,0-9,unita_locali,3922
098031,Lodi,Lodi,2019,10-49,unita_locali,171
098031,Lodi,Lodi,2019,250+,unita_locali,7
098031,Lodi,Lodi,2019,50-249,unita_locali,37
098031,Lodi,Lodi,2019,totale,unita_locali,4137
098031,Lodi,Lodi,2020,0-9,unita_locali,4021
098031,Lodi,Lodi,2020,10-49,unita_locali,160
098031,Lodi,Lodi,2020,250+,unita_locali,4
098031,Lodi,Lodi,2020,50-249,unita_locali,44
098031,Lodi,Lodi,2020,totale,unita_locali,4229
098031,Lodi,Lodi,2021,0-9,unita_locali,4089
098031,Lodi,Lodi,2021,10-49,unita_locali,161
098031,Lodi,Lodi,2021,250+,unita_locali,5
098031,Lodi,Lodi,2021,50-249,unita_locali,43
098031,Lodi,Lodi,2021,totale,unita_locali,4298
098031,Lodi,Lodi,2022,0-9,unita_locali,4189
098031,Lodi,Lodi,2022,10-49,unita_locali,178
098031,Lodi,Lodi,2022,250+,unita_locali,5
098031,Lodi,Lodi,2022,50-249,unita_locali,40
098031,Lodi,Lodi,2022,totale,unita_locali,4412
098031,Lodi,Lodi,2023,0-9,unita_locali,4231
098031,Lodi,Lodi,2023,10-49,unita_locali,182
098031,Lodi,Lodi,2023,250+,unita_locali,7
098031,Lodi,Lodi,2023,50-249,unita_locali,37
098031,Lodi,Lodi,2023,totale,unita_locali,4457
099014,Rimini,Rimini,2018,0-9,addetti,31571.3
099014,Rimini,Rimini,2018,10-49,addetti,13749.5
099014,Rimini,Rimini,2018,250+,addetti,2333.8
099014,Rimini,Rimini,2018,50-249,addetti,10050.9
099014,Rimini,Rimini,2018,totale,addetti,57705.6
099014,Rimini,Rimini,2019,0-9,addetti,31278.7
099014,Rimini,Rimini,2019,10-49,addetti,14384.9
099014,Rimini,Rimini,2019,250+,addetti,3627.8
099014,Rimini,Rimini,2019,50-249,addetti,8766.9
099014,Rimini,Rimini,2019,totale,addetti,58058.2
099014,Rimini,Rimini,2020,0-9,addetti,30127.1
099014,Rimini,Rimini,2020,10-49,addetti,12783.7
099014,Rimini,Rimini,2020,250+,addetti,2857.5
099014,Rimini,Rimini,2020,50-249,addetti,8881.4
099014,Rimini,Rimini,2020,totale,addetti,54649.6
099014,Rimini,Rimini,2021,0-9,addetti,31024.7
099014,Rimini,Rimini,2021,10-49,addetti,13895.1
099014,Rimini,Rimini,2021,250+,addetti,3207.8
099014,Rimini,Rimini,2021,50-249,addetti,8364.6
099014,Rimini,Rimini,2021,totale,addetti,56492.2
099014,Rimini,Rimini,2022,0-9,addetti,31633.7
099014,Rimini,Rimini,2022,10-49,addetti,15158.7
099014,Rimini,Rimini,2022,250+,addetti,3856.4
099014,Rimini,Rimini,2022,50-249,addetti,9000.1
099014,Rimini,Rimini,2022,totale,addetti,59649.0
099014,Rimini,Rimini,2023,0-9,addetti,31509.3
099014,Rimini,Rimini,2023,10-49,addetti,15438.3
099014,Rimini,Rimini,2023,250+,addetti,4061.5
099014,Rimini,Rimini,2023,50-249,addetti,11088.0
099014,Rimini,Rimini,2023,totale,addetti,62097.1
099014,Rimini,Rimini,2018,0-9,unita_locali,16005
099014,Rimini,Rimini,2018,10-49,unita_locali,806
099014,Rimini,Rimini,2018,250+,unita_locali,6
099014,Rimini,Rimini,2018,50-249,unita_locali,105
099014,Rimini,Rimini,2018,totale,unita_locali,16922
099014,Rimini,Rimini,2019,0-9,unita_locali,15688
099014,Rimini,Rimini,2019,10-49,unita_locali,817
099014,Rimini,Rimini,2019,250+,unita_locali,10
099014,Rimini,Rimini,2019,50-249,unita_locali,87
099014,Rimini,Rimini,2019,totale,unita_locali,16602
099014,Rimini,Rimini,2020,0-9,unita_locali,16040
099014,Rimini,Rimini,2020,10-49,unita_locali,718
099014,Rimini,Rimini,2020,250+,unita_locali,8
099014,Rimini,Rimini,2020,50-249,unita_locali,81
099014,Rimini,Rimini,2020,totale,unita_locali,16847
099014,Rimini,Rimini,2021,0-9,unita_locali,16409
099014,Rimini,Rimini,2021,10-49,unita_locali,779
099014,Rimini,Rimini,2021,250+,unita_locali,10
099014,Rimini,Rimini,2021,50-249,unita_locali,82
099014,Rimini,Rimini,2021,totale,unita_locali,17280
099014,Rimini,Rimini,2022,0-9,unita_locali,16836
099014,Rimini,Rimini,2022,10-49,unita_locali,856
099014,Rimini,Rimini,2022,250+,unita_locali,11
099014,Rimini,Rimini,2022,50-249,unita_locali,97
099014,Rimini,Rimini,2022,totale,unita_locali,17800
099014,Rimini,Rimini,2023,0-9,unita_locali,16893
099014,Rimini,Rimini,2023,10-49,unita_locali,880
099014,Rimini,Rimini,2023,250+,unita_locali,9
099014,Rimini,Rimini,2023,50-249,unita_locali,112
099014,Rimini,Rimini,2023,totale,unita_locali,17894
100005,Prato,Prato,2018,0-9,addetti,48894.9
100005,Prato,Prato,2018,10-49,addetti,24174.1
100005,Prato,Prato,2018,250+,addetti,1769.1
100005,Prato,Prato,2018,50-249,addetti,9722.3
100005,Prato,Prato,2018,totale,addetti,84560.4
100005,Prato,Prato,2019,0-9,addetti,49547.0
100005,Prato,Prato,2019,10-49,addetti,24043.9
100005,Prato,Prato,2019,250+,addetti,1774.0
100005,Prato,Prato,2019,50-249,addetti,10291.3
100005,Prato,Prato,2019,totale,addetti,85656.2
100005,Prato,Prato,2020,0-9,addetti,49086.4
100005,Prato,Prato,2020,10-49,addetti,22408.7
100005,Prato,Prato,2020,250+,addetti,1132.7
100005,Prato,Prato,2020,50-249,addetti,9455.9
100005,Prato,Prato,2020,totale,addetti,82083.7
100005,Prato,Prato,2021,0-9,addetti,49824.3
100005,Prato,Prato,2021,10-49,addetti,24641.5
100005,Prato,Prato,2021,250+,addetti,1395.2
100005,Prato,Prato,2021,50-249,addetti,9624.0
100005,Prato,Prato,2021,totale,addetti,85485.0
100005,Prato,Prato,2022,0-9,addetti,51185.6
100005,Prato,Prato,2022,10-49,addetti,26685.1
100005,Prato,Prato,2022,250+,addetti,1010.3
100005,Prato,Prato,2022,50-249,addetti,9415.6
100005,Prato,Prato,2022,totale,addetti,88296.6
100005,Prato,Prato,2023,0-9,addetti,51077.6
100005,Prato,Prato,2023,10-49,addetti,28620.3
100005,Prato,Prato,2023,250+,addetti,739.5
100005,Prato,Prato,2023,50-249,addetti,10384.8
100005,Prato,Prato,2023,totale,addetti,90822.1
100005,Prato,Prato,2018,0-9,unita_locali,22308
100005,Prato,Prato,2018,10-49,unita_locali,1465
100005,Prato,Prato,2018,250+,unita_locali,5
100005,Prato,Prato,2018,50-249,unita_locali,102
100005,Prato,Prato,2018,totale,unita_locali,23880
100005,Prato,Prato,2019,0-9,unita_locali,22424
100005,Prato,Prato,2019,10-49,unita_locali,1464
100005,Prato,Prato,2019,250+,unita_locali,5
100005,Prato,Prato,2019,50-249,unita_locali,109
100005,Prato,Prato,2019,totale,unita_locali,24002
100005,Prato,Prato,2020,0-9,unita_locali,22645
100005,Prato,Prato,2020,10-49,unita_locali,1335
100005,Prato,Prato,2020,250+,unita_locali,3
100005,Prato,Prato,2020,50-249,unita_locali,107
100005,Prato,Prato,2020,totale,unita_locali,24090
100005,Prato,Prato,2021,0-9,unita_locali,22973
100005,Prato,Prato,2021,10-49,unita_locali,1475
100005,Prato,Prato,2021,250+,unita_locali,4
100005,Prato,Prato,2021,50-249,unita_locali,112
100005,Prato,Prato,2021,totale,unita_locali,24564
100005,Prato,Prato,2022,0-9,unita_locali,23811
100005,Prato,Prato,2022,10-49,unita_locali,1572
100005,Prato,Prato,2022,250+,unita_locali,3
100005,Prato,Prato,2022,50-249,unita_locali,112
100005,Prato,Prato,2022,totale,unita_locali,25498
100005,Prato,Prato,2023,0-9,unita_locali,23598
100005,Prato,Prato,2023,10-49,unita_locali,1672
100005,Prato,Prato,2023,250+,unita_locali,2
100005,Prato,Prato,2023,50-249,unita_locali,119
100005,Prato,Prato,2023,totale,unita_locali,25391
101010,Crotone,Crotone,2018,0-9,addetti,6619.2
101010,Crotone,Crotone,2018,10-49,addetti,2580.6
101010,Crotone,Crotone,2018,250+,addetti,1484.8
101010,Crotone,Crotone,2018,50-249,addetti,1525.8
101010,Crotone,Crotone,2018,totale,addetti,12210.3
101010,Crotone,Crotone,2019,0-9,addetti,6697.9
101010,Crotone,Crotone,2019,10-49,addetti,2659.0
101010,Crotone,Crotone,2019,250+,addetti,1725.8
101010,Crotone,Crotone,2019,50-249,addetti,1896.3
101010,Crotone,Crotone,2019,totale,addetti,12979.1
101010,Crotone,Crotone,2020,0-9,addetti,6862.1
101010,Crotone,Crotone,2020,10-49,addetti,2737.0
101010,Crotone,Crotone,2020,250+,addetti,859.9
101010,Crotone,Crotone,2020,50-249,addetti,2008.2
101010,Crotone,Crotone,2020,totale,addetti,12467.2
101010,Crotone,Crotone,2021,0-9,addetti,7068.3
101010,Crotone,Crotone,2021,10-49,addetti,3028.4
101010,Crotone,Crotone,2021,250+,addetti,1095.2
101010,Crotone,Crotone,2021,50-249,addetti,2125.3
101010,Crotone,Crotone,2021,totale,addetti,13317.1
101010,Crotone,Crotone,2022,0-9,addetti,7277.7
101010,Crotone,Crotone,2022,10-49,addetti,3243.0
101010,Crotone,Crotone,2022,250+,addetti,552.2
101010,Crotone,Crotone,2022,50-249,addetti,2331.7
101010,Crotone,Crotone,2022,totale,addetti,13404.6
101010,Crotone,Crotone,2023,0-9,addetti,7247.7
101010,Crotone,Crotone,2023,10-49,addetti,3423.3
101010,Crotone,Crotone,2023,250+,addetti,561.4
101010,Crotone,Crotone,2023,50-249,addetti,2421.5
101010,Crotone,Crotone,2023,totale,addetti,13654.0
101010,Crotone,Crotone,2018,0-9,unita_locali,3584
101010,Crotone,Crotone,2018,10-49,unita_locali,149
101010,Crotone,Crotone,2018,250+,unita_locali,1
101010,Crotone,Crotone,2018,50-249,unita_locali,17
101010,Crotone,Crotone,2018,totale,unita_locali,3751
101010,Crotone,Crotone,2019,0-9,unita_locali,3633
101010,Crotone,Crotone,2019,10-49,unita_locali,155
101010,Crotone,Crotone,2019,250+,unita_locali,2
101010,Crotone,Crotone,2019,50-249,unita_locali,22
101010,Crotone,Crotone,2019,totale,unita_locali,3812
101010,Crotone,Crotone,2020,0-9,unita_locali,3717
101010,Crotone,Crotone,2020,10-49,unita_locali,156
101010,Crotone,Crotone,2020,250+,unita_locali,1
101010,Crotone,Crotone,2020,50-249,unita_locali,23
101010,Crotone,Crotone,2020,totale,unita_locali,3897
101010,Crotone,Crotone,2021,0-9,unita_locali,3840
101010,Crotone,Crotone,2021,10-49,unita_locali,165
101010,Crotone,Crotone,2021,250+,unita_locali,1
101010,Crotone,Crotone,2021,50-249,unita_locali,25
101010,Crotone,Crotone,2021,totale,unita_locali,4031
101010,Crotone,Crotone,2022,0-9,unita_locali,3997
101010,Crotone,Crotone,2022,10-49,unita_locali,181
101010,Crotone,Crotone,2022,250+,unita_locali,1
101010,Crotone,Crotone,2022,50-249,unita_locali,25
101010,Crotone,Crotone,2022,totale,unita_locali,4204
101010,Crotone,Crotone,2023,0-9,unita_locali,4022
101010,Crotone,Crotone,2023,10-49,unita_locali,184
101010,Crotone,Crotone,2023,250+,unita_locali,1
101010,Crotone,Crotone,2023,50-249,unita_locali,27
101010,Crotone,Crotone,2023,totale,unita_locali,4234
102047,Vibo Valentia,Vibo Valentia,2018,0-9,addetti,4791.8
102047,Vibo Valentia,Vibo Valentia,2018,10-49,addetti,2116.6
102047,Vibo Valentia,Vibo Valentia,2018,50-249,addetti,925.3
102047,Vibo Valentia,Vibo Valentia,2018,totale,addetti,7833.8
102047,Vibo Valentia,Vibo Valentia,2019,0-9,addetti,4603.9
102047,Vibo Valentia,Vibo Valentia,2019,10-49,addetti,2204.1
102047,Vibo Valentia,Vibo Valentia,2019,50-249,addetti,945.6
102047,Vibo Valentia,Vibo Valentia,2019,totale,addetti,7753.7
102047,Vibo Valentia,Vibo Valentia,2020,0-9,addetti,4699.6
102047,Vibo Valentia,Vibo Valentia,2020,10-49,addetti,2318.4
102047,Vibo Valentia,Vibo Valentia,2020,50-249,addetti,895.0
102047,Vibo Valentia,Vibo Valentia,2020,totale,addetti,7913.1
102047,Vibo Valentia,Vibo Valentia,2021,0-9,addetti,4839.0
102047,Vibo Valentia,Vibo Valentia,2021,10-49,addetti,2338.8
102047,Vibo Valentia,Vibo Valentia,2021,50-249,addetti,587.4
102047,Vibo Valentia,Vibo Valentia,2021,totale,addetti,7765.1
102047,Vibo Valentia,Vibo Valentia,2022,0-9,addetti,5067.9
102047,Vibo Valentia,Vibo Valentia,2022,10-49,addetti,2527.3
102047,Vibo Valentia,Vibo Valentia,2022,50-249,addetti,483.2
102047,Vibo Valentia,Vibo Valentia,2022,totale,addetti,8078.4
102047,Vibo Valentia,Vibo Valentia,2023,0-9,addetti,5020.6
102047,Vibo Valentia,Vibo Valentia,2023,10-49,addetti,2476.7
102047,Vibo Valentia,Vibo Valentia,2023,50-249,addetti,1153.0
102047,Vibo Valentia,Vibo Valentia,2023,totale,addetti,8650.4
102047,Vibo Valentia,Vibo Valentia,2018,0-9,unita_locali,2622
102047,Vibo Valentia,Vibo Valentia,2018,10-49,unita_locali,115
102047,Vibo Valentia,Vibo Valentia,2018,50-249,unita_locali,11
102047,Vibo Valentia,Vibo Valentia,2018,totale,unita_locali,2748
102047,Vibo Valentia,Vibo Valentia,2019,0-9,unita_locali,2582
102047,Vibo Valentia,Vibo Valentia,2019,10-49,unita_locali,125
102047,Vibo Valentia,Vibo Valentia,2019,50-249,unita_locali,12
102047,Vibo Valentia,Vibo Valentia,2019,totale,unita_locali,2719
102047,Vibo Valentia,Vibo Valentia,2020,0-9,unita_locali,2609
102047,Vibo Valentia,Vibo Valentia,2020,10-49,unita_locali,130
102047,Vibo Valentia,Vibo Valentia,2020,50-249,unita_locali,12
102047,Vibo Valentia,Vibo Valentia,2020,totale,unita_locali,2751
102047,Vibo Valentia,Vibo Valentia,2021,0-9,unita_locali,2710
102047,Vibo Valentia,Vibo Valentia,2021,10-49,unita_locali,125
102047,Vibo Valentia,Vibo Valentia,2021,50-249,unita_locali,8
102047,Vibo Valentia,Vibo Valentia,2021,totale,unita_locali,2843
102047,Vibo Valentia,Vibo Valentia,2022,0-9,unita_locali,2840
102047,Vibo Valentia,Vibo Valentia,2022,10-49,unita_locali,131
102047,Vibo Valentia,Vibo Valentia,2022,50-249,unita_locali,5
102047,Vibo Valentia,Vibo Valentia,2022,totale,unita_locali,2976
102047,Vibo Valentia,Vibo Valentia,2023,0-9,unita_locali,2835
102047,Vibo Valentia,Vibo Valentia,2023,10-49,unita_locali,136
102047,Vibo Valentia,Vibo Valentia,2023,50-249,unita_locali,13
102047,Vibo Valentia,Vibo Valentia,2023,totale,unita_locali,2984
103072,Verbania,Verbano-Cusio-Ossola,2018,0-9,addetti,5152.8
103072,Verbania,Verbano-Cusio-Ossola,2018,10-49,addetti,2808.9
103072,Verbania,Verbano-Cusio-Ossola,2018,50-249,addetti,1263.9
103072,Verbania,Verbano-Cusio-Ossola,2018,totale,addetti,9225.6
103072,Verbania,Verbano-Cusio-Ossola,2019,0-9,addetti,4982.6
103072,Verbania,Verbano-Cusio-Ossola,2019,10-49,addetti,2908.4
103072,Verbania,Verbano-Cusio-Ossola,2019,50-249,addetti,1162.0
103072,Verbania,Verbano-Cusio-Ossola,2019,totale,addetti,9053.0
103072,Verbania,Verbano-Cusio-Ossola,2020,0-9,addetti,4943.8
103072,Verbania,Verbano-Cusio-Ossola,2020,10-49,addetti,2749.6
103072,Verbania,Verbano-Cusio-Ossola,2020,50-249,addetti,1070.0
103072,Verbania,Verbano-Cusio-Ossola,2020,totale,addetti,8763.4
103072,Verbania,Verbano-Cusio-Ossola,2021,0-9,addetti,5124.4
103072,Verbania,Verbano-Cusio-Ossola,2021,10-49,addetti,2739.7
103072,Verbania,Verbano-Cusio-Ossola,2021,50-249,addetti,1221.7
103072,Verbania,Verbano-Cusio-Ossola,2021,totale,addetti,9085.8
103072,Verbania,Verbano-Cusio-Ossola,2022,0-9,addetti,5344.6
103072,Verbania,Verbano-Cusio-Ossola,2022,10-49,addetti,2865.4
103072,Verbania,Verbano-Cusio-Ossola,2022,50-249,addetti,1264.9
103072,Verbania,Verbano-Cusio-Ossola,2022,totale,addetti,9474.9
103072,Verbania,Verbano-Cusio-Ossola,2023,0-9,addetti,5330.6
103072,Verbania,Verbano-Cusio-Ossola,2023,10-49,addetti,2948.4
103072,Verbania,Verbano-Cusio-Ossola,2023,50-249,addetti,1378.3
103072,Verbania,Verbano-Cusio-Ossola,2023,totale,addetti,9657.3
103072,Verbania,Verbano-Cusio-Ossola,2018,0-9,unita_locali,2632
103072,Verbania,Verbano-Cusio-Ossola,2018,10-49,unita_locali,153
103072,Verbania,Verbano-Cusio-Ossola,2018,50-249,unita_locali,15
103072,Verbania,Verbano-Cusio-Ossola,2018,totale,unita_locali,2800
103072,Verbania,Verbano-Cusio-Ossola,2019,0-9,unita_locali,2613
103072,Verbania,Verbano-Cusio-Ossola,2019,10-49,unita_locali,152
103072,Verbania,Verbano-Cusio-Ossola,2019,50-249,unita_locali,15
103072,Verbania,Verbano-Cusio-Ossola,2019,totale,unita_locali,2780
103072,Verbania,Verbano-Cusio-Ossola,2020,0-9,unita_locali,2625
103072,Verbania,Verbano-Cusio-Ossola,2020,10-49,unita_locali,142
103072,Verbania,Verbano-Cusio-Ossola,2020,50-249,unita_locali,13
103072,Verbania,Verbano-Cusio-Ossola,2020,totale,unita_locali,2780
103072,Verbania,Verbano-Cusio-Ossola,2021,0-9,unita_locali,2678
103072,Verbania,Verbano-Cusio-Ossola,2021,10-49,unita_locali,144
103072,Verbania,Verbano-Cusio-Ossola,2021,50-249,unita_locali,14
103072,Verbania,Verbano-Cusio-Ossola,2021,totale,unita_locali,2836
103072,Verbania,Verbano-Cusio-Ossola,2022,0-9,unita_locali,2778
103072,Verbania,Verbano-Cusio-Ossola,2022,10-49,unita_locali,147
103072,Verbania,Verbano-Cusio-Ossola,2022,50-249,unita_locali,14
103072,Verbania,Verbano-Cusio-Ossola,2022,totale,unita_locali,2939
103072,Verbania,Verbano-Cusio-Ossola,2023,0-9,unita_locali,2787
103072,Verbania,Verbano-Cusio-Ossola,2023,10-49,unita_locali,152
103072,Verbania,Verbano-Cusio-Ossola,2023,50-249,unita_locali,15
103072,Verbania,Verbano-Cusio-Ossola,2023,totale,unita_locali,2954
108033,Monza,Monza e della Brianza,2018,0-9,addetti,21621.2
108033,Monza,Monza e della Brianza,2018,10-49,addetti,9518.8
108033,Monza,Monza e della Brianza,2018,250+,addetti,4122.4
108033,Monza,Monza e della Brianza,2018,50-249,addetti,9960.5
108033,Monza,Monza e della Brianza,2018,totale,addetti,45222.9
108033,Monza,Monza e della Brianza,2019,0-9,addetti,21704.9
108033,Monza,Monza e della Brianza,2019,10-49,addetti,9340.2
108033,Monza,Monza e della Brianza,2019,250+,addetti,4460.5
108033,Monza,Monza e della Brianza,2019,50-249,addetti,10285.0
108033,Monza,Monza e della Brianza,2019,totale,addetti,45790.6
108033,Monza,Monza e della Brianza,2020,0-9,addetti,21807.1
108033,Monza,Monza e della Brianza,2020,10-49,addetti,8771.4
108033,Monza,Monza e della Brianza,2020,250+,addetti,5247.4
108033,Monza,Monza e della Brianza,2020,50-249,addetti,10307.7
108033,Monza,Monza e della Brianza,2020,totale,addetti,46133.6
108033,Monza,Monza e della Brianza,2021,0-9,addetti,21840.7
108033,Monza,Monza e della Brianza,2021,10-49,addetti,9443.9
108033,Monza,Monza e della Brianza,2021,250+,addetti,4808.8
108033,Monza,Monza e della Brianza,2021,50-249,addetti,10470.2
108033,Monza,Monza e della Brianza,2021,totale,addetti,46563.6
108033,Monza,Monza e della Brianza,2022,0-9,addetti,22662.7
108033,Monza,Monza e della Brianza,2022,10-49,addetti,9538.2
108033,Monza,Monza e della Brianza,2022,250+,addetti,4809.8
108033,Monza,Monza e della Brianza,2022,50-249,addetti,10386.4
108033,Monza,Monza e della Brianza,2022,totale,addetti,47397.0
108033,Monza,Monza e della Brianza,2023,0-9,addetti,22865.5
108033,Monza,Monza e della Brianza,2023,10-49,addetti,10052.0
108033,Monza,Monza e della Brianza,2023,250+,addetti,4771.9
108033,Monza,Monza e della Brianza,2023,50-249,addetti,10698.0
108033,Monza,Monza e della Brianza,2023,totale,addetti,48387.4
108033,Monza,Monza e della Brianza,2018,0-9,unita_locali,13174
108033,Monza,Monza e della Brianza,2018,10-49,unita_locali,541
108033,Monza,Monza e della Brianza,2018,250+,unita_locali,10
108033,Monza,Monza e della Brianza,2018,50-249,unita_locali,99
108033,Monza,Monza e della Brianza,2018,totale,unita_locali,13824
108033,Monza,Monza e della Brianza,2019,0-9,unita_locali,13231
108033,Monza,Monza e della Brianza,2019,10-49,unita_locali,531
108033,Monza,Monza e della Brianza,2019,250+,unita_locali,10
108033,Monza,Monza e della Brianza,2019,50-249,unita_locali,103
108033,Monza,Monza e della Brianza,2019,totale,unita_locali,13875
108033,Monza,Monza e della Brianza,2020,0-9,unita_locali,13338
108033,Monza,Monza e della Brianza,2020,10-49,unita_locali,494
108033,Monza,Monza e della Brianza,2020,250+,unita_locali,11
108033,Monza,Monza e della Brianza,2020,50-249,unita_locali,110
108033,Monza,Monza e della Brianza,2020,totale,unita_locali,13953
108033,Monza,Monza e della Brianza,2021,0-9,unita_locali,13679
108033,Monza,Monza e della Brianza,2021,10-49,unita_locali,541
108033,Monza,Monza e della Brianza,2021,250+,unita_locali,11
108033,Monza,Monza e della Brianza,2021,50-249,unita_locali,107
108033,Monza,Monza e della Brianza,2021,totale,unita_locali,14338
108033,Monza,Monza e della Brianza,2022,0-9,unita_locali,15328
108033,Monza,Monza e della Brianza,2022,10-49,unita_locali,539
108033,Monza,Monza e della Brianza,2022,250+,unita_locali,10
108033,Monza,Monza e della Brianza,2022,50-249,unita_locali,107
108033,Monza,Monza e della Brianza,2022,totale,unita_locali,15984
108033,Monza,Monza e della Brianza,2023,0-9,unita_locali,14270
108033,Monza,Monza e della Brianza,2023,10-49,unita_locali,564
108033,Monza,Monza e della Brianza,2023,250+,unita_locali,9
108033,Monza,Monza e della Brianza,2023,50-249,unita_locali,105
108033,Monza,Monza e della Brianza,2023,totale,unita_locali,14948
109006,Fermo,Fermo,2018,0-9,addetti,6243.3
109006,Fermo,Fermo,2018,10-49,addetti,2659.7
109006,Fermo,Fermo,2018,250+,addetti,257.9
109006,Fermo,Fermo,2018,50-249,addetti,1531.6
109006,Fermo,Fermo,2018,totale,addetti,10692.5
109006,Fermo,Fermo,2019,0-9,addetti,6016.4
109006,Fermo,Fermo,2019,10-49,addetti,2607.1
109006,Fermo,Fermo,2019,250+,addetti,297.8
109006,Fermo,Fermo,2019,50-249,addetti,1366.0
109006,Fermo,Fermo,2019,totale,addetti,10287.4
109006,Fermo,Fermo,2020,0-9,addetti,5990.2
109006,Fermo,Fermo,2020,10-49,addetti,2656.8
109006,Fermo,Fermo,2020,250+,addetti,313.5
109006,Fermo,Fermo,2020,50-249,addetti,1472.8
109006,Fermo,Fermo,2020,totale,addetti,10433.2
109006,Fermo,Fermo,2021,0-9,addetti,6103.5
109006,Fermo,Fermo,2021,10-49,addetti,3195.5
109006,Fermo,Fermo,2021,250+,addetti,336.3
109006,Fermo,Fermo,2021,50-249,addetti,1223.9
109006,Fermo,Fermo,2021,totale,addetti,10859.2
109006,Fermo,Fermo,2022,0-9,addetti,6291.6
109006,Fermo,Fermo,2022,10-49,addetti,2929.6
109006,Fermo,Fermo,2022,50-249,addetti,1784.8
109006,Fermo,Fermo,2022,totale,addetti,11005.9
109006,Fermo,Fermo,2023,0-9,addetti,6289.9
109006,Fermo,Fermo,2023,10-49,addetti,3283.2
109006,Fermo,Fermo,2023,50-249,addetti,1743.5
109006,Fermo,Fermo,2023,totale,addetti,11316.6
109006,Fermo,Fermo,2018,0-9,unita_locali,3284
109006,Fermo,Fermo,2018,10-49,unita_locali,154
109006,Fermo,Fermo,2018,250+,unita_locali,1
109006,Fermo,Fermo,2018,50-249,unita_locali,19
109006,Fermo,Fermo,2018,totale,unita_locali,3458
109006,Fermo,Fermo,2019,0-9,unita_locali,3184
109006,Fermo,Fermo,2019,10-49,unita_locali,148
109006,Fermo,Fermo,2019,250+,unita_locali,1
109006,Fermo,Fermo,2019,50-249,unita_locali,17
109006,Fermo,Fermo,2019,totale,unita_locali,3350
109006,Fermo,Fermo,2020,0-9,unita_locali,3290
109006,Fermo,Fermo,2020,10-49,unita_locali,151
109006,Fermo,Fermo,2020,250+,unita_locali,1
109006,Fermo,Fermo,2020,50-249,unita_locali,18
109006,Fermo,Fermo,2020,totale,unita_locali,3460
109006,Fermo,Fermo,2021,0-9,unita_locali,3344
109006,Fermo,Fermo,2021,10-49,unita_locali,170
109006,Fermo,Fermo,2021,250+,unita_locali,1
109006,Fermo,Fermo,2021,50-249,unita_locali,15
109006,Fermo,Fermo,2021,totale,unita_locali,3530
109006,Fermo,Fermo,2022,0-9,unita_locali,3447
109006,Fermo,Fermo,2022,10-49,unita_locali,159
109006,Fermo,Fermo,2022,50-249,unita_locali,21
109006,Fermo,Fermo,2022,totale,unita_locali,3627
109006,Fermo,Fermo,2023,0-9,unita_locali,3484
109006,Fermo,Fermo,2023,10-49,unita_locali,169
109006,Fermo,Fermo,2023,50-249,unita_locali,18
109006,Fermo,Fermo,2023,totale,unita_locali,3671
110001,Andria,Barletta-Andria-Trani,2018,0-9,addetti,13939.2
110001,Andria,Barletta-Andria-Trani,2018,10-49,addetti,4372.0
110001,Andria,Barletta-Andria-Trani,2018,250+,addetti,346.1
110001,Andria,Barletta-Andria-Trani,2018,50-249,addetti,1722.9
110001,Andria,Barletta-Andria-Trani,2018,totale,addetti,20380.1
110001,Andria,Barletta-Andria-Trani,2019,0-9,addetti,13761.9
110001,Andria,Barletta-Andria-Trani,2019,10-49,addetti,4859.8
110001,Andria,Barletta-Andria-Trani,2019,250+,addetti,439.9
110001,Andria,Barletta-Andria-Trani,2019,50-249,addetti,1688.6
110001,Andria,Barletta-Andria-Trani,2019,totale,addetti,20750.1
110001,Andria,Barletta-Andria-Trani,2020,0-9,addetti,14113.5
110001,Andria,Barletta-Andria-Trani,2020,10-49,addetti,4806.6
110001,Andria,Barletta-Andria-Trani,2020,250+,addetti,700.6
110001,Andria,Barletta-Andria-Trani,2020,50-249,addetti,1534.4
110001,Andria,Barletta-Andria-Trani,2020,totale,addetti,21155.0
110001,Andria,Barletta-Andria-Trani,2021,0-9,addetti,14279.5
110001,Andria,Barletta-Andria-Trani,2021,10-49,addetti,5127.8
110001,Andria,Barletta-Andria-Trani,2021,250+,addetti,911.8
110001,Andria,Barletta-Andria-Trani,2021,50-249,addetti,1865.9
110001,Andria,Barletta-Andria-Trani,2021,totale,addetti,22185.0
110001,Andria,Barletta-Andria-Trani,2022,0-9,addetti,14463.2
110001,Andria,Barletta-Andria-Trani,2022,10-49,addetti,5346.9
110001,Andria,Barletta-Andria-Trani,2022,250+,addetti,490.7
110001,Andria,Barletta-Andria-Trani,2022,50-249,addetti,1730.2
110001,Andria,Barletta-Andria-Trani,2022,totale,addetti,22031.0
110001,Andria,Barletta-Andria-Trani,2023,0-9,addetti,14707.7
110001,Andria,Barletta-Andria-Trani,2023,10-49,addetti,5869.9
110001,Andria,Barletta-Andria-Trani,2023,250+,addetti,872.8
110001,Andria,Barletta-Andria-Trani,2023,50-249,addetti,1562.8
110001,Andria,Barletta-Andria-Trani,2023,totale,addetti,23013.2
110001,Andria,Barletta-Andria-Trani,2018,0-9,unita_locali,7076
110001,Andria,Barletta-Andria-Trani,2018,10-49,unita_locali,264
110001,Andria,Barletta-Andria-Trani,2018,250+,unita_locali,1
110001,Andria,Barletta-Andria-Trani,2018,50-249,unita_locali,19
110001,Andria,Barletta-Andria-Trani,2018,totale,unita_locali,7360
110001,Andria,Barletta-Andria-Trani,2019,0-9,unita_locali,6916
110001,Andria,Barletta-Andria-Trani,2019,10-49,unita_locali,288
110001,Andria,Barletta-Andria-Trani,2019,250+,unita_locali,1
110001,Andria,Barletta-Andria-Trani,2019,50-249,unita_locali,17
110001,Andria,Barletta-Andria-Trani,2019,totale,unita_locali,7222
110001,Andria,Barletta-Andria-Trani,2020,0-9,unita_locali,7087
110001,Andria,Barletta-Andria-Trani,2020,10-49,unita_locali,275
110001,Andria,Barletta-Andria-Trani,2020,250+,unita_locali,1
110001,Andria,Barletta-Andria-Trani,2020,50-249,unita_locali,17
110001,Andria,Barletta-Andria-Trani,2020,totale,unita_locali,7380
110001,Andria,Barletta-Andria-Trani,2021,0-9,unita_locali,7214
110001,Andria,Barletta-Andria-Trani,2021,10-49,unita_locali,302
110001,Andria,Barletta-Andria-Trani,2021,250+,unita_locali,1
110001,Andria,Barletta-Andria-Trani,2021,50-249,unita_locali,22
110001,Andria,Barletta-Andria-Trani,2021,totale,unita_locali,7539
110001,Andria,Barletta-Andria-Trani,2022,0-9,unita_locali,7361
110001,Andria,Barletta-Andria-Trani,2022,10-49,unita_locali,312
110001,Andria,Barletta-Andria-Trani,2022,250+,unita_locali,1
110001,Andria,Barletta-Andria-Trani,2022,50-249,unita_locali,19
110001,Andria,Barletta-Andria-Trani,2022,totale,unita_locali,7693
110001,Andria,Barletta-Andria-Trani,2023,0-9,unita_locali,7433
110001,Andria,Barletta-Andria-Trani,2023,10-49,unita_locali,338
110001,Andria,Barletta-Andria-Trani,2023,250+,unita_locali,2
110001,Andria,Barletta-Andria-Trani,2023,50-249,unita_locali,20
110001,Andria,Barletta-Andria-Trani,2023,totale,unita_locali,7793
110002,Barletta,Barletta-Andria-Trani,2018,0-9,addetti,12706.4
110002,Barletta,Barletta-Andria-Trani,2018,10-49,addetti,5399.4
110002,Barletta,Barletta-Andria-Trani,2018,250+,addetti,645.2
110002,Barletta,Barletta-Andria-Trani,2018,50-249,addetti,1905.1
110002,Barletta,Barletta-Andria-Trani,2018,totale,addetti,20656.0
110002,Barletta,Barletta-Andria-Trani,2019,0-9,addetti,12630.3
110002,Barletta,Barletta-Andria-Trani,2019,10-49,addetti,5481.9
110002,Barletta,Barletta-Andria-Trani,2019,250+,addetti,666.4
110002,Barletta,Barletta-Andria-Trani,2019,50-249,addetti,1879.5
110002,Barletta,Barletta-Andria-Trani,2019,totale,addetti,20658.1
110002,Barletta,Barletta-Andria-Trani,2020,0-9,addetti,12761.5
110002,Barletta,Barletta-Andria-Trani,2020,10-49,addetti,5616.4
110002,Barletta,Barletta-Andria-Trani,2020,250+,addetti,657.8
110002,Barletta,Barletta-Andria-Trani,2020,50-249,addetti,1876.2
110002,Barletta,Barletta-Andria-Trani,2020,totale,addetti,20911.9
110002,Barletta,Barletta-Andria-Trani,2021,0-9,addetti,13050.6
110002,Barletta,Barletta-Andria-Trani,2021,10-49,addetti,6052.7
110002,Barletta,Barletta-Andria-Trani,2021,250+,addetti,398.4
110002,Barletta,Barletta-Andria-Trani,2021,50-249,addetti,2033.4
110002,Barletta,Barletta-Andria-Trani,2021,totale,addetti,21535.1
110002,Barletta,Barletta-Andria-Trani,2022,0-9,addetti,13245.4
110002,Barletta,Barletta-Andria-Trani,2022,10-49,addetti,6004.2
110002,Barletta,Barletta-Andria-Trani,2022,250+,addetti,647.2
110002,Barletta,Barletta-Andria-Trani,2022,50-249,addetti,2218.4
110002,Barletta,Barletta-Andria-Trani,2022,totale,addetti,22115.2
110002,Barletta,Barletta-Andria-Trani,2023,0-9,addetti,13331.5
110002,Barletta,Barletta-Andria-Trani,2023,10-49,addetti,6282.8
110002,Barletta,Barletta-Andria-Trani,2023,250+,addetti,401.9
110002,Barletta,Barletta-Andria-Trani,2023,50-249,addetti,2416.1
110002,Barletta,Barletta-Andria-Trani,2023,totale,addetti,22432.2
110002,Barletta,Barletta-Andria-Trani,2018,0-9,unita_locali,6521
110002,Barletta,Barletta-Andria-Trani,2018,10-49,unita_locali,320
110002,Barletta,Barletta-Andria-Trani,2018,250+,unita_locali,2
110002,Barletta,Barletta-Andria-Trani,2018,50-249,unita_locali,23
110002,Barletta,Barletta-Andria-Trani,2018,totale,unita_locali,6866
110002,Barletta,Barletta-Andria-Trani,2019,0-9,unita_locali,6505
110002,Barletta,Barletta-Andria-Trani,2019,10-49,unita_locali,331
110002,Barletta,Barletta-Andria-Trani,2019,250+,unita_locali,2
110002,Barletta,Barletta-Andria-Trani,2019,50-249,unita_locali,23
110002,Barletta,Barletta-Andria-Trani,2019,totale,unita_locali,6861
110002,Barletta,Barletta-Andria-Trani,2020,0-9,unita_locali,6499
110002,Barletta,Barletta-Andria-Trani,2020,10-49,unita_locali,329
110002,Barletta,Barletta-Andria-Trani,2020,250+,unita_locali,2
110002,Barletta,Barletta-Andria-Trani,2020,50-249,unita_locali,22
110002,Barletta,Barletta-Andria-Trani,2020,totale,unita_locali,6852
110002,Barletta,Barletta-Andria-Trani,2021,0-9,unita_locali,6661
110002,Barletta,Barletta-Andria-Trani,2021,10-49,unita_locali,350
110002,Barletta,Barletta-Andria-Trani,2021,250+,unita_locali,1
110002,Barletta,Barletta-Andria-Trani,2021,50-249,unita_locali,22
110002,Barletta,Barletta-Andria-Trani,2021,totale,unita_locali,7034
110002,Barletta,Barletta-Andria-Trani,2022,0-9,unita_locali,6783
110002,Barletta,Barletta-Andria-Trani,2022,10-49,unita_locali,360
110002,Barletta,Barletta-Andria-Trani,2022,250+,unita_locali,2
110002,Barletta,Barletta-Andria-Trani,2022,50-249,unita_locali,26
110002,Barletta,Barletta-Andria-Trani,2022,totale,unita_locali,7171
110002,Barletta,Barletta-Andria-Trani,2023,0-9,unita_locali,6893
110002,Barletta,Barletta-Andria-Trani,2023,10-49,unita_locali,374
110002,Barletta,Barletta-Andria-Trani,2023,250+,unita_locali,1
110002,Barletta,Barletta-Andria-Trani,2023,50-249,unita_locali,27
110002,Barletta,Barletta-Andria-Trani,2023,totale,unita_locali,7295
110009,Trani,Barletta-Andria-Trani,2018,0-9,addetti,7561.2
110009,Trani,Barletta-Andria-Trani,2018,10-49,addetti,2920.8
110009,Trani,Barletta-Andria-Trani,2018,250+,addetti,484.5
110009,Trani,Barletta-Andria-Trani,2018,50-249,addetti,564.9
110009,Trani,Barletta-Andria-Trani,2018,totale,addetti,11531.4
110009,Trani,Barletta-Andria-Trani,2019,0-9,addetti,7600.2
110009,Trani,Barletta-Andria-Trani,2019,10-49,addetti,2689.3
110009,Trani,Barletta-Andria-Trani,2019,250+,addetti,374.9
110009,Trani,Barletta-Andria-Trani,2019,50-249,addetti,765.5
110009,Trani,Barletta-Andria-Trani,2019,totale,addetti,11429.9
110009,Trani,Barletta-Andria-Trani,2020,0-9,addetti,7634.4
110009,Trani,Barletta-Andria-Trani,2020,10-49,addetti,2641.6
110009,Trani,Barletta-Andria-Trani,2020,50-249,addetti,560.8
110009,Trani,Barletta-Andria-Trani,2020,totale,addetti,10836.8
110009,Trani,Barletta-Andria-Trani,2021,0-9,addetti,7680.6
110009,Trani,Barletta-Andria-Trani,2021,10-49,addetti,2740.3
110009,Trani,Barletta-Andria-Trani,2021,50-249,addetti,513.3
110009,Trani,Barletta-Andria-Trani,2021,totale,addetti,10934.2
110009,Trani,Barletta-Andria-Trani,2022,0-9,addetti,7884.4
110009,Trani,Barletta-Andria-Trani,2022,10-49,addetti,2790.0
110009,Trani,Barletta-Andria-Trani,2022,250+,addetti,260.5
110009,Trani,Barletta-Andria-Trani,2022,50-249,addetti,660.5
110009,Trani,Barletta-Andria-Trani,2022,totale,addetti,11595.4
110009,Trani,Barletta-Andria-Trani,2023,0-9,addetti,8099.3
110009,Trani,Barletta-Andria-Trani,2023,10-49,addetti,3362.6
110009,Trani,Barletta-Andria-Trani,2023,50-249,addetti,782.5
110009,Trani,Barletta-Andria-Trani,2023,totale,addetti,12244.4
110009,Trani,Barletta-Andria-Trani,2018,0-9,unita_locali,3878
110009,Trani,Barletta-Andria-Trani,2018,10-49,unita_locali,166
110009,Trani,Barletta-Andria-Trani,2018,250+,unita_locali,1
110009,Trani,Barletta-Andria-Trani,2018,50-249,unita_locali,7
110009,Trani,Barletta-Andria-Trani,2018,totale,unita_locali,4052
110009,Trani,Barletta-Andria-Trani,2019,0-9,unita_locali,3872
110009,Trani,Barletta-Andria-Trani,2019,10-49,unita_locali,156
110009,Trani,Barletta-Andria-Trani,2019,250+,unita_locali,1
110009,Trani,Barletta-Andria-Trani,2019,50-249,unita_locali,9
110009,Trani,Barletta-Andria-Trani,2019,totale,unita_locali,4038
110009,Trani,Barletta-Andria-Trani,2020,0-9,unita_locali,3916
110009,Trani,Barletta-Andria-Trani,2020,10-49,unita_locali,155
110009,Trani,Barletta-Andria-Trani,2020,50-249,unita_locali,7
110009,Trani,Barletta-Andria-Trani,2020,totale,unita_locali,4078
110009,Trani,Barletta-Andria-Trani,2021,0-9,unita_locali,4016
110009,Trani,Barletta-Andria-Trani,2021,10-49,unita_locali,164
110009,Trani,Barletta-Andria-Trani,2021,50-249,unita_locali,7
110009,Trani,Barletta-Andria-Trani,2021,totale,unita_locali,4187
110009,Trani,Barletta-Andria-Trani,2022,0-9,unita_locali,4146
110009,Trani,Barletta-Andria-Trani,2022,10-49,unita_locali,174
110009,Trani,Barletta-Andria-Trani,2022,250+,unita_locali,1
110009,Trani,Barletta-Andria-Trani,2022,50-249,unita_locali,9
110009,Trani,Barletta-Andria-Trani,2022,totale,unita_locali,4330
110009,Trani,Barletta-Andria-Trani,2023,0-9,unita_locali,4247
110009,Trani,Barletta-Andria-Trani,2023,10-49,unita_locali,198
110009,Trani,Barletta-Andria-Trani,2023,50-249,unita_locali,10
110009,Trani,Barletta-Andria-Trani,2023,totale,unita_locali,4455
111009,Carbonia,Sud Sardegna,2018,0-9,addetti,2794.6
111009,Carbonia,Sud Sardegna,2018,10-49,addetti,1119.3
111009,Carbonia,Sud Sardegna,2018,50-249,addetti,411.7
111009,Carbonia,Sud Sardegna,2018,totale,addetti,4325.6
111009,Carbonia,Sud Sardegna,2019,0-9,addetti,2757.5
111009,Carbonia,Sud Sardegna,2019,10-49,addetti,1072.9
111009,Carbonia,Sud Sardegna,2019,50-249,addetti,496.2
111009,Carbonia,Sud Sardegna,2019,totale,addetti,4326.6
111009,Carbonia,Sud Sardegna,2020,0-9,addetti,2803.5
111009,Carbonia,Sud Sardegna,2020,10-49,addetti,1099.3
111009,Carbonia,Sud Sardegna,2020,50-249,addetti,372.7
111009,Carbonia,Sud Sardegna,2020,totale,addetti,4275.5
111009,Carbonia,Sud Sardegna,2021,0-9,addetti,2974.7
111009,Carbonia,Sud Sardegna,2021,10-49,addetti,1011.9
111009,Carbonia,Sud Sardegna,2021,50-249,addetti,740.2
111009,Carbonia,Sud Sardegna,2021,totale,addetti,4726.7
111009,Carbonia,Sud Sardegna,2022,0-9,addetti,2960.5
111009,Carbonia,Sud Sardegna,2022,10-49,addetti,1148.5
111009,Carbonia,Sud Sardegna,2022,50-249,addetti,497.8
111009,Carbonia,Sud Sardegna,2022,totale,addetti,4606.7
111009,Carbonia,Sud Sardegna,2023,0-9,addetti,3081.6
111009,Carbonia,Sud Sardegna,2023,10-49,addetti,974.8
111009,Carbonia,Sud Sardegna,2023,50-249,addetti,569.4
111009,Carbonia,Sud Sardegna,2023,totale,addetti,4625.7
111009,Carbonia,Sud Sardegna,2018,0-9,unita_locali,1415
111009,Carbonia,Sud Sardegna,2018,10-49,unita_locali,61
111009,Carbonia,Sud Sardegna,2018,50-249,unita_locali,6
111009,Carbonia,Sud Sardegna,2018,totale,unita_locali,1482
111009,Carbonia,Sud Sardegna,2019,0-9,unita_locali,1398
111009,Carbonia,Sud Sardegna,2019,10-49,unita_locali,60
111009,Carbonia,Sud Sardegna,2019,50-249,unita_locali,7
111009,Carbonia,Sud Sardegna,2019,totale,unita_locali,1465
111009,Carbonia,Sud Sardegna,2020,0-9,unita_locali,1417
111009,Carbonia,Sud Sardegna,2020,10-49,unita_locali,60
111009,Carbonia,Sud Sardegna,2020,50-249,unita_locali,5
111009,Carbonia,Sud Sardegna,2020,totale,unita_locali,1482
111009,Carbonia,Sud Sardegna,2021,0-9,unita_locali,1503
111009,Carbonia,Sud Sardegna,2021,10-49,unita_locali,56
111009,Carbonia,Sud Sardegna,2021,50-249,unita_locali,8
111009,Carbonia,Sud Sardegna,2021,totale,unita_locali,1567
111009,Carbonia,Sud Sardegna,2022,0-9,unita_locali,1545
111009,Carbonia,Sud Sardegna,2022,10-49,unita_locali,68
111009,Carbonia,Sud Sardegna,2022,50-249,unita_locali,7
111009,Carbonia,Sud Sardegna,2022,totale,unita_locali,1620
111009,Carbonia,Sud Sardegna,2023,0-9,unita_locali,1565
111009,Carbonia,Sud Sardegna,2023,10-49,unita_locali,60
111009,Carbonia,Sud Sardegna,2023,50-249,unita_locali,8
111009,Carbonia,Sud Sardegna,2023,totale,unita_locali,1633
