anno,anno_tipo,ateneo_codice,ateneo,sesso,indicatore,valore
1998,accademico,1001,Genova,F,immatricolati,3105
1998,accademico,1001,Genova,M,immatricolati,2490
1999,accademico,1001,Genova,F,immatricolati,2861
1999,accademico,1001,Genova,M,immatricolati,2435
2000,accademico,1001,Genova,F,immatricolati,3027
2000,accademico,1001,Genova,M,immatricolati,2432
2001,accademico,1001,Genova,F,immatricolati,2539
2001,accademico,1001,Genova,M,immatricolati,2430
2002,accademico,1001,Genova,F,immatricolati,3002
2002,accademico,1001,Genova,M,immatricolati,2534
2003,accademico,1001,Genova,F,immatricolati,3471
2003,accademico,1001,Genova,M,immatricolati,2598
2004,accademico,1001,Genova,F,immatricolati,3558
2004,accademico,1001,Genova,M,immatricolati,2743
2005,accademico,1001,Genova,F,immatricolati,3336
2005,accademico,1001,Genova,M,immatricolati,2565
2006,accademico,1001,Genova,F,immatricolati,3275
2006,accademico,1001,Genova,M,immatricolati,2484
2007,accademico,1001,Genova,F,immatricolati,3370
2007,accademico,1001,Genova,M,immatricolati,2607
2008,accademico,1001,Genova,F,immatricolati,3457
2008,accademico,1001,Genova,M,immatricolati,2593
2009,accademico,1001,Genova,F,immatricolati,3587
2009,accademico,1001,Genova,M,immatricolati,2807
2010,accademico,1001,Genova,F,immatricolati,3467
2010,accademico,1001,Genova,M,immatricolati,2715
2011,accademico,1001,Genova,F,immatricolati,3265
2011,accademico,1001,Genova,M,immatricolati,2746
2012,accademico,1001,Genova,F,immatricolati,2960
2012,accademico,1001,Genova,M,immatricolati,2407
2013,accademico,1001,Genova,F,immatricolati,3000
2013,accademico,1001,Genova,M,immatricolati,2589
2014,accademico,1001,Genova,F,immatricolati,2960
2014,accademico,1001,Genova,M,immatricolati,2561
2015,accademico,1001,Genova,F,immatricolati,2923
2015,accademico,1001,Genova,M,immatricolati,2561
2016,accademico,1001,Genova,F,immatricolati,2968
2016,accademico,1001,Genova,M,immatricolati,2477
2017,accademico,1001,Genova,F,immatricolati,2989
2017,accademico,1001,Genova,M,immatricolati,2445
2018,accademico,1001,Genova,F,immatricolati,3017
2018,accademico,1001,Genova,M,immatricolati,2591
2019,accademico,1001,Genova,F,immatricolati,3215
2019,accademico,1001,Genova,M,immatricolati,2605
2020,accademico,1001,Genova,F,immatricolati,4089
2020,accademico,1001,Genova,M,immatricolati,3177
2021,accademico,1001,Genova,F,immatricolati,3319
2021,accademico,1001,Genova,M,immatricolati,2838
2022,accademico,1001,Genova,F,immatricolati,3138
2022,accademico,1001,Genova,M,immatricolati,2683
2023,accademico,1001,Genova,F,immatricolati,3188
2023,accademico,1001,Genova,M,immatricolati,2704
2024,accademico,1001,Genova,F,immatricolati,3270
2024,accademico,1001,Genova,M,immatricolati,2678
2025,accademico,1001,Genova,F,immatricolati,3324
2025,accademico,1001,Genova,M,immatricolati,2945
2000,accademico,1001,Genova,F,iscritti,19274
2000,accademico,1001,Genova,M,iscritti,16427
2001,accademico,1001,Genova,F,iscritti,18931
2001,accademico,1001,Genova,M,iscritti,16072
2002,accademico,1001,Genova,F,iscritti,18851
2002,accademico,1001,Genova,M,iscritti,15672
2003,accademico,1001,Genova,F,iscritti,19740
2003,accademico,1001,Genova,M,iscritti,15873
2004,accademico,1001,Genova,F,iscritti,19803
2004,accademico,1001,Genova,M,iscritti,15837
2005,accademico,1001,Genova,F,iscritti,19795
2005,accademico,1001,Genova,M,iscritti,15434
2006,accademico,1001,Genova,F,iscritti,20106
2006,accademico,1001,Genova,M,iscritti,15388
2007,accademico,1001,Genova,F,iscritti,19907
2007,accademico,1001,Genova,M,iscritti,15204
2008,accademico,1001,Genova,F,iscritti,19894
2008,accademico,1001,Genova,M,iscritti,15206
2009,accademico,1001,Genova,F,iscritti,19960
2009,accademico,1001,Genova,M,iscritti,15120
2010,accademico,1001,Genova,F,iscritti,22013
2010,accademico,1001,Genova,M,iscritti,16813
2011,accademico,1001,Genova,F,iscritti,21178
2011,accademico,1001,Genova,M,iscritti,16404
2012,accademico,1001,Genova,F,iscritti,19591
2012,accademico,1001,Genova,M,iscritti,15395
2013,accademico,1001,Genova,F,iscritti,18620
2013,accademico,1001,Genova,M,iscritti,14974
2014,accademico,1001,Genova,F,iscritti,18233
2014,accademico,1001,Genova,M,iscritti,14785
2015,accademico,1001,Genova,F,iscritti,17577
2015,accademico,1001,Genova,M,iscritti,14463
2016,accademico,1001,Genova,F,iscritti,17552
2016,accademico,1001,Genova,M,iscritti,14490
2017,accademico,1001,Genova,F,iscritti,17739
2017,accademico,1001,Genova,M,iscritti,14686
2018,accademico,1001,Genova,F,iscritti,17027
2018,accademico,1001,Genova,M,iscritti,13709
2019,accademico,1001,Genova,F,iscritti,17229
2019,accademico,1001,Genova,M,iscritti,13756
2020,accademico,1001,Genova,F,iscritti,18288
2020,accademico,1001,Genova,M,iscritti,14299
2021,accademico,1001,Genova,F,iscritti,18101
2021,accademico,1001,Genova,M,iscritti,14116
2022,accademico,1001,Genova,F,iscritti,17858
2022,accademico,1001,Genova,M,iscritti,13772
2023,accademico,1001,Genova,F,iscritti,17973
2023,accademico,1001,Genova,M,iscritti,13944
2024,accademico,1001,Genova,F,iscritti,17959
2024,accademico,1001,Genova,M,iscritti,14017
2001,solare,1001,Genova,F,laureati,2418
2001,solare,1001,Genova,M,laureati,1985
2002,solare,1001,Genova,F,laureati,2509
2002,solare,1001,Genova,M,laureati,2098
2003,solare,1001,Genova,F,laureati,2785
2003,solare,1001,Genova,M,laureati,2289
2004,solare,1001,Genova,F,laureati,3214
2004,solare,1001,Genova,M,laureati,2367
2005,solare,1001,Genova,F,laureati,3323
2005,solare,1001,Genova,M,laureati,2494
2006,solare,1001,Genova,F,laureati,3356
2006,solare,1001,Genova,M,laureati,2517
2007,solare,1001,Genova,F,laureati,3288
2007,solare,1001,Genova,M,laureati,2379
2008,solare,1001,Genova,F,laureati,3340
2008,solare,1001,Genova,M,laureati,2367
2009,solare,1001,Genova,F,laureati,3463
2009,solare,1001,Genova,M,laureati,2499
2010,solare,1001,Genova,F,laureati,3394
2010,solare,1001,Genova,M,laureati,2396
2011,solare,1001,Genova,F,laureati,3375
2011,solare,1001,Genova,M,laureati,2541
2012,solare,1001,Genova,F,laureati,3666
2012,solare,1001,Genova,M,laureati,2497
2013,solare,1001,Genova,F,laureati,3702
2013,solare,1001,Genova,M,laureati,2591
2014,solare,1001,Genova,F,laureati,3673
2014,solare,1001,Genova,M,laureati,2564
2015,solare,1001,Genova,F,laureati,3410
2015,solare,1001,Genova,M,laureati,2515
2016,solare,1001,Genova,F,laureati,3400
2016,solare,1001,Genova,M,laureati,2580
2017,solare,1001,Genova,F,laureati,3316
2017,solare,1001,Genova,M,laureati,2469
2018,solare,1001,Genova,F,laureati,3435
2018,solare,1001,Genova,M,laureati,2610
2019,solare,1001,Genova,F,laureati,3326
2019,solare,1001,Genova,M,laureati,2482
2020,solare,1001,Genova,F,laureati,3229
2020,solare,1001,Genova,M,laureati,2468
2021,solare,1001,Genova,F,laureati,3425
2021,solare,1001,Genova,M,laureati,2412
2022,solare,1001,Genova,F,laureati,3032
2022,solare,1001,Genova,M,laureati,2238
2023,solare,1001,Genova,F,laureati,3254
2023,solare,1001,Genova,M,laureati,2361
2024,solare,1001,Genova,F,laureati,3499
2024,solare,1001,Genova,M,laureati,2518
2025,solare,1001,Genova,F,laureati,3373
2025,solare,1001,Genova,M,laureati,2480
1998,accademico,101,Torino,F,immatricolati,5755
1998,accademico,101,Torino,M,immatricolati,3583
1999,accademico,101,Torino,F,immatricolati,6182
1999,accademico,101,Torino,M,immatricolati,3888
2000,accademico,101,Torino,F,immatricolati,6174
2000,accademico,101,Torino,M,immatricolati,3988
2001,accademico,101,Torino,F,immatricolati,7852
2001,accademico,101,Torino,M,immatricolati,5123
2002,accademico,101,Torino,F,immatricolati,7675
2002,accademico,101,Torino,M,immatricolati,5052
2003,accademico,101,Torino,F,immatricolati,7086
2003,accademico,101,Torino,M,immatricolati,4347
2004,accademico,101,Torino,F,immatricolati,7175
2004,accademico,101,Torino,M,immatricolati,4298
2005,accademico,101,Torino,F,immatricolati,6717
2005,accademico,101,Torino,M,immatricolati,4098
2006,accademico,101,Torino,F,immatricolati,6900
2006,accademico,101,Torino,M,immatricolati,4040
2007,accademico,101,Torino,F,immatricolati,7399
2007,accademico,101,Torino,M,immatricolati,4715
2008,accademico,101,Torino,F,immatricolati,6883
2008,accademico,101,Torino,M,immatricolati,4120
2009,accademico,101,Torino,F,immatricolati,6827
2009,accademico,101,Torino,M,immatricolati,4111
2010,accademico,101,Torino,F,immatricolati,6881
2010,accademico,101,Torino,M,immatricolati,4223
2011,accademico,101,Torino,F,immatricolati,6696
2011,accademico,101,Torino,M,immatricolati,4067
2012,accademico,101,Torino,F,immatricolati,6817
2012,accademico,101,Torino,M,immatricolati,4003
2013,accademico,101,Torino,F,immatricolati,6558
2013,accademico,101,Torino,M,immatricolati,4025
2014,accademico,101,Torino,F,immatricolati,6715
2014,accademico,101,Torino,M,immatricolati,4271
2015,accademico,101,Torino,F,immatricolati,6940
2015,accademico,101,Torino,M,immatricolati,4485
2016,accademico,101,Torino,F,immatricolati,7633
2016,accademico,101,Torino,M,immatricolati,4855
2017,accademico,101,Torino,F,immatricolati,8058
2017,accademico,101,Torino,M,immatricolati,5264
2018,accademico,101,Torino,F,immatricolati,7994
2018,accademico,101,Torino,M,immatricolati,4946
2019,accademico,101,Torino,F,immatricolati,8299
2019,accademico,101,Torino,M,immatricolati,5343
2020,accademico,101,Torino,F,immatricolati,8738
2020,accademico,101,Torino,M,immatricolati,5765
2021,accademico,101,Torino,F,immatricolati,7545
2021,accademico,101,Torino,M,immatricolati,4703
2022,accademico,101,Torino,F,immatricolati,8169
2022,accademico,101,Torino,M,immatricolati,5056
2023,accademico,101,Torino,F,immatricolati,7796
2023,accademico,101,Torino,M,immatricolati,5110
2024,accademico,101,Torino,F,immatricolati,8447
2024,accademico,101,Torino,M,immatricolati,5363
2025,accademico,101,Torino,F,immatricolati,8587
2025,accademico,101,Torino,M,immatricolati,5652
2000,accademico,101,Torino,F,iscritti,35757
2000,accademico,101,Torino,M,iscritti,22375
2001,accademico,101,Torino,F,iscritti,33140
2001,accademico,101,Torino,M,iscritti,20609
2002,accademico,101,Torino,F,iscritti,37176
2002,accademico,101,Torino,M,iscritti,23565
2003,accademico,101,Torino,F,iscritti,36593
2003,accademico,101,Torino,M,iscritti,22303
2004,accademico,101,Torino,F,iscritti,35776
2004,accademico,101,Torino,M,iscritti,23451
2005,accademico,101,Torino,F,iscritti,36067
2005,accademico,101,Torino,M,iscritti,21582
2006,accademico,101,Torino,F,iscritti,37660
2006,accademico,101,Torino,M,iscritti,22560
2007,accademico,101,Torino,F,iscritti,40346
2007,accademico,101,Torino,M,iscritti,24538
2008,accademico,101,Torino,F,iscritti,42669
2008,accademico,101,Torino,M,iscritti,25865
2009,accademico,101,Torino,F,iscritti,39588
2009,accademico,101,Torino,M,iscritti,23398
2010,accademico,101,Torino,F,iscritti,43058
2010,accademico,101,Torino,M,iscritti,25930
2011,accademico,101,Torino,F,iscritti,42487
2011,accademico,101,Torino,M,iscritti,25851
2012,accademico,101,Torino,F,iscritti,41977
2012,accademico,101,Torino,M,iscritti,25503
2013,accademico,101,Torino,F,iscritti,41545
2013,accademico,101,Torino,M,iscritti,25471
2014,accademico,101,Torino,F,iscritti,41606
2014,accademico,101,Torino,M,iscritti,25779
2015,accademico,101,Torino,F,iscritti,41495
2015,accademico,101,Torino,M,iscritti,26023
2016,accademico,101,Torino,F,iscritti,42465
2016,accademico,101,Torino,M,iscritti,26990
2017,accademico,101,Torino,F,iscritti,44093
2017,accademico,101,Torino,M,iscritti,28371
2018,accademico,101,Torino,F,iscritti,45060
2018,accademico,101,Torino,M,iscritti,28533
2019,accademico,101,Torino,F,iscritti,46300
2019,accademico,101,Torino,M,iscritti,29307
2020,accademico,101,Torino,F,iscritti,48063
2020,accademico,101,Torino,M,iscritti,30070
2021,accademico,101,Torino,F,iscritti,47553
2021,accademico,101,Torino,M,iscritti,29250
2022,accademico,101,Torino,F,iscritti,47770
2022,accademico,101,Torino,M,iscritti,28997
2023,accademico,101,Torino,F,iscritti,47915
2023,accademico,101,Torino,M,iscritti,29289
2024,accademico,101,Torino,F,iscritti,49049
2024,accademico,101,Torino,M,iscritti,30073
2001,solare,101,Torino,F,laureati,4893
2001,solare,101,Torino,M,laureati,2949
2002,solare,101,Torino,F,laureati,5610
2002,solare,101,Torino,M,laureati,3414
2003,solare,101,Torino,F,laureati,5825
2003,solare,101,Torino,M,laureati,3558
2004,solare,101,Torino,F,laureati,6593
2004,solare,101,Torino,M,laureati,3791
2005,solare,101,Torino,F,laureati,7171
2005,solare,101,Torino,M,laureati,6373
2006,solare,101,Torino,F,laureati,6804
2006,solare,101,Torino,M,laureati,4567
2007,solare,101,Torino,F,laureati,6812
2007,solare,101,Torino,M,laureati,4252
2008,solare,101,Torino,F,laureati,6899
2008,solare,101,Torino,M,laureati,4048
2009,solare,101,Torino,F,laureati,6731
2009,solare,101,Torino,M,laureati,3913
2010,solare,101,Torino,F,laureati,7191
2010,solare,101,Torino,M,laureati,4217
2011,solare,101,Torino,F,laureati,7007
2011,solare,101,Torino,M,laureati,4046
2012,solare,101,Torino,F,laureati,7311
2012,solare,101,Torino,M,laureati,4052
2013,solare,101,Torino,F,laureati,7286
2013,solare,101,Torino,M,laureati,4535
2014,solare,101,Torino,F,laureati,7186
2014,solare,101,Torino,M,laureati,4368
2015,solare,101,Torino,F,laureati,7392
2015,solare,101,Torino,M,laureati,4404
2016,solare,101,Torino,F,laureati,7702
2016,solare,101,Torino,M,laureati,4687
2017,solare,101,Torino,F,laureati,7802
2017,solare,101,Torino,M,laureati,4744
2018,solare,101,Torino,F,laureati,8067
2018,solare,101,Torino,M,laureati,4924
2019,solare,101,Torino,F,laureati,8543
2019,solare,101,Torino,M,laureati,5370
2020,solare,101,Torino,F,laureati,9134
2020,solare,101,Torino,M,laureati,5861
2021,solare,101,Torino,F,laureati,9352
2021,solare,101,Torino,M,laureati,5629
2022,solare,101,Torino,F,laureati,8941
2022,solare,101,Torino,M,laureati,5272
2023,solare,101,Torino,F,laureati,9213
2023,solare,101,Torino,M,laureati,5470
2024,solare,101,Torino,F,laureati,9532
2024,solare,101,Torino,M,laureati,5326
2025,solare,101,Torino,F,laureati,9676
2025,solare,101,Torino,M,laureati,5560
1998,accademico,102,Torino Politecnico,F,immatricolati,789
1998,accademico,102,Torino Politecnico,M,immatricolati,2470
1999,accademico,102,Torino Politecnico,F,immatricolati,867
1999,accademico,102,Torino Politecnico,M,immatricolati,2844
2000,accademico,102,Torino Politecnico,F,immatricolati,857
2000,accademico,102,Torino Politecnico,M,immatricolati,2917
2001,accademico,102,Torino Politecnico,F,immatricolati,836
2001,accademico,102,Torino Politecnico,M,immatricolati,2888
2002,accademico,102,Torino Politecnico,F,immatricolati,872
2002,accademico,102,Torino Politecnico,M,immatricolati,2792
2003,accademico,102,Torino Politecnico,F,immatricolati,883
2003,accademico,102,Torino Politecnico,M,immatricolati,2584
2004,accademico,102,Torino Politecnico,F,immatricolati,950
2004,accademico,102,Torino Politecnico,M,immatricolati,2602
2005,accademico,102,Torino Politecnico,F,immatricolati,992
2005,accademico,102,Torino Politecnico,M,immatricolati,2821
2006,accademico,102,Torino Politecnico,F,immatricolati,984
2006,accademico,102,Torino Politecnico,M,immatricolati,2927
2007,accademico,102,Torino Politecnico,F,immatricolati,1109
2007,accademico,102,Torino Politecnico,M,immatricolati,2834
2008,accademico,102,Torino Politecnico,F,immatricolati,1121
2008,accademico,102,Torino Politecnico,M,immatricolati,2946
2009,accademico,102,Torino Politecnico,F,immatricolati,1288
2009,accademico,102,Torino Politecnico,M,immatricolati,3377
2010,accademico,102,Torino Politecnico,F,immatricolati,1308
2010,accademico,102,Torino Politecnico,M,immatricolati,3280
2011,accademico,102,Torino Politecnico,F,immatricolati,1564
2011,accademico,102,Torino Politecnico,M,immatricolati,3870
2012,accademico,102,Torino Politecnico,F,immatricolati,1388
2012,accademico,102,Torino Politecnico,M,immatricolati,3262
2013,accademico,102,Torino Politecnico,F,immatricolati,1392
2013,accademico,102,Torino Politecnico,M,immatricolati,3727
2014,accademico,102,Torino Politecnico,F,immatricolati,1560
2014,accademico,102,Torino Politecnico,M,immatricolati,3838
2015,accademico,102,Torino Politecnico,F,immatricolati,1483
2015,accademico,102,Torino Politecnico,M,immatricolati,3988
2016,accademico,102,Torino Politecnico,F,immatricolati,1353
2016,accademico,102,Torino Politecnico,M,immatricolati,3710
2017,accademico,102,Torino Politecnico,F,immatricolati,1414
2017,accademico,102,Torino Politecnico,M,immatricolati,3648
2018,accademico,102,Torino Politecnico,F,immatricolati,1464
2018,accademico,102,Torino Politecnico,M,immatricolati,3555
2019,accademico,102,Torino Politecnico,F,immatricolati,1497
2019,accademico,102,Torino Politecnico,M,immatricolati,3611
2020,accademico,102,Torino Politecnico,F,immatricolati,1575
2020,accademico,102,Torino Politecnico,M,immatricolati,3521
2021,accademico,102,Torino Politecnico,F,immatricolati,1663
2021,accademico,102,Torino Politecnico,M,immatricolati,3696
2022,accademico,102,Torino Politecnico,F,immatricolati,1691
2022,accademico,102,Torino Politecnico,M,immatricolati,3814
2023,accademico,102,Torino Politecnico,F,immatricolati,1613
2023,accademico,102,Torino Politecnico,M,immatricolati,3512
2024,accademico,102,Torino Politecnico,F,immatricolati,1686
2024,accademico,102,Torino Politecnico,M,immatricolati,3803
2025,accademico,102,Torino Politecnico,F,immatricolati,1612
2025,accademico,102,Torino Politecnico,M,immatricolati,3697
2000,accademico,102,Torino Politecnico,F,iscritti,5462
2000,accademico,102,Torino Politecnico,M,iscritti,16212
2001,accademico,102,Torino Politecnico,F,iscritti,5574
2001,accademico,102,Torino Politecnico,M,iscritti,16975
2002,accademico,102,Torino Politecnico,F,iscritti,5883
2002,accademico,102,Torino Politecnico,M,iscritti,17519
2003,accademico,102,Torino Politecnico,F,iscritti,6134
2003,accademico,102,Torino Politecnico,M,iscritti,17935
2004,accademico,102,Torino Politecnico,F,iscritti,6212
2004,accademico,102,Torino Politecnico,M,iscritti,17754
2005,accademico,102,Torino Politecnico,F,iscritti,6390
2005,accademico,102,Torino Politecnico,M,iscritti,17803
2006,accademico,102,Torino Politecnico,F,iscritti,6362
2006,accademico,102,Torino Politecnico,M,iscritti,17726
2007,accademico,102,Torino Politecnico,F,iscritti,6648
2007,accademico,102,Torino Politecnico,M,iscritti,17906
2008,accademico,102,Torino Politecnico,F,iscritti,6776
2008,accademico,102,Torino Politecnico,M,iscritti,17965
2009,accademico,102,Torino Politecnico,F,iscritti,7192
2009,accademico,102,Torino Politecnico,M,iscritti,18595
2010,accademico,102,Torino Politecnico,F,iscritti,7481
2010,accademico,102,Torino Politecnico,M,iscritti,19089
2011,accademico,102,Torino Politecnico,F,iscritti,7847
2011,accademico,102,Torino Politecnico,M,iscritti,20211
2012,accademico,102,Torino Politecnico,F,iscritti,8023
2012,accademico,102,Torino Politecnico,M,iscritti,20176
2013,accademico,102,Torino Politecnico,F,iscritti,8269
2013,accademico,102,Torino Politecnico,M,iscritti,20872
2014,accademico,102,Torino Politecnico,F,iscritti,8491
2014,accademico,102,Torino Politecnico,M,iscritti,21378
2015,accademico,102,Torino Politecnico,F,iscritti,8742
2015,accademico,102,Torino Politecnico,M,iscritti,22014
2016,accademico,102,Torino Politecnico,F,iscritti,8814
2016,accademico,102,Torino Politecnico,M,iscritti,22445
2017,accademico,102,Torino Politecnico,F,iscritti,9002
2017,accademico,102,Torino Politecnico,M,iscritti,22911
2018,accademico,102,Torino Politecnico,F,iscritti,9199
2018,accademico,102,Torino Politecnico,M,iscritti,23327
2019,accademico,102,Torino Politecnico,F,iscritti,9487
2019,accademico,102,Torino Politecnico,M,iscritti,23554
2020,accademico,102,Torino Politecnico,F,iscritti,9708
2020,accademico,102,Torino Politecnico,M,iscritti,23467
2021,accademico,102,Torino Politecnico,F,iscritti,9903
2021,accademico,102,Torino Politecnico,M,iscritti,23367
2022,accademico,102,Torino Politecnico,F,iscritti,10245
2022,accademico,102,Torino Politecnico,M,iscritti,23463
2023,accademico,102,Torino Politecnico,F,iscritti,10964
2023,accademico,102,Torino Politecnico,M,iscritti,23771
2024,accademico,102,Torino Politecnico,F,iscritti,11384
2024,accademico,102,Torino Politecnico,M,iscritti,24221
2001,solare,102,Torino Politecnico,F,laureati,668
2001,solare,102,Torino Politecnico,M,laureati,1971
2002,solare,102,Torino Politecnico,F,laureati,783
2002,solare,102,Torino Politecnico,M,laureati,2353
2003,solare,102,Torino Politecnico,F,laureati,1067
2003,solare,102,Torino Politecnico,M,laureati,2788
2004,solare,102,Torino Politecnico,F,laureati,1228
2004,solare,102,Torino Politecnico,M,laureati,3112
2005,solare,102,Torino Politecnico,F,laureati,1316
2005,solare,102,Torino Politecnico,M,laureati,3352
2006,solare,102,Torino Politecnico,F,laureati,1268
2006,solare,102,Torino Politecnico,M,laureati,3259
2007,solare,102,Torino Politecnico,F,laureati,1283
2007,solare,102,Torino Politecnico,M,laureati,3022
2008,solare,102,Torino Politecnico,F,laureati,1280
2008,solare,102,Torino Politecnico,M,laureati,3052
2009,solare,102,Torino Politecnico,F,laureati,1348
2009,solare,102,Torino Politecnico,M,laureati,3177
2010,solare,102,Torino Politecnico,F,laureati,1413
2010,solare,102,Torino Politecnico,M,laureati,3182
2011,solare,102,Torino Politecnico,F,laureati,1578
2011,solare,102,Torino Politecnico,M,laureati,3361
2012,solare,102,Torino Politecnico,F,laureati,1647
2012,solare,102,Torino Politecnico,M,laureati,3683
2013,solare,102,Torino Politecnico,F,laureati,1787
2013,solare,102,Torino Politecnico,M,laureati,3697
2014,solare,102,Torino Politecnico,F,laureati,2003
2014,solare,102,Torino Politecnico,M,laureati,4169
2015,solare,102,Torino Politecnico,F,laureati,1937
2015,solare,102,Torino Politecnico,M,laureati,4494
2016,solare,102,Torino Politecnico,F,laureati,1957
2016,solare,102,Torino Politecnico,M,laureati,4483
2017,solare,102,Torino Politecnico,F,laureati,2080
2017,solare,102,Torino Politecnico,M,laureati,4618
2018,solare,102,Torino Politecnico,F,laureati,2227
2018,solare,102,Torino Politecnico,M,laureati,5041
2019,solare,102,Torino Politecnico,F,laureati,2262
2019,solare,102,Torino Politecnico,M,laureati,5260
2020,solare,102,Torino Politecnico,F,laureati,2304
2020,solare,102,Torino Politecnico,M,laureati,5364
2021,solare,102,Torino Politecnico,F,laureati,2681
2021,solare,102,Torino Politecnico,M,laureati,6134
2022,solare,102,Torino Politecnico,F,laureati,2442
2022,solare,102,Torino Politecnico,M,laureati,5352
2023,solare,102,Torino Politecnico,F,laureati,2456
2023,solare,102,Torino Politecnico,M,laureati,5229
2024,solare,102,Torino Politecnico,F,laureati,2617
2024,solare,102,Torino Politecnico,M,laureati,5343
2025,solare,102,Torino Politecnico,F,laureati,2824
2025,solare,102,Torino Politecnico,M,laureati,5574
1998,accademico,103,Torino ISEF,F,immatricolati,150
1998,accademico,103,Torino ISEF,M,immatricolati,202
2000,accademico,103,Torino ISEF,F,iscritti,2539
2000,accademico,103,Torino ISEF,M,iscritti,2541
1998,accademico,1201,Castellanza LIUC,F,immatricolati,126
1998,accademico,1201,Castellanza LIUC,M,immatricolati,232
1999,accademico,1201,Castellanza LIUC,F,immatricolati,144
1999,accademico,1201,Castellanza LIUC,M,immatricolati,257
2000,accademico,1201,Castellanza LIUC,F,immatricolati,165
2000,accademico,1201,Castellanza LIUC,M,immatricolati,314
2001,accademico,1201,Castellanza LIUC,F,immatricolati,140
2001,accademico,1201,Castellanza LIUC,M,immatricolati,340
2002,accademico,1201,Castellanza LIUC,F,immatricolati,103
2002,accademico,1201,Castellanza LIUC,M,immatricolati,234
2003,accademico,1201,Castellanza LIUC,F,immatricolati,138
2003,accademico,1201,Castellanza LIUC,M,immatricolati,274
2004,accademico,1201,Castellanza LIUC,F,immatricolati,92
2004,accademico,1201,Castellanza LIUC,M,immatricolati,175
2005,accademico,1201,Castellanza LIUC,F,immatricolati,94
2005,accademico,1201,Castellanza LIUC,M,immatricolati,221
2006,accademico,1201,Castellanza LIUC,F,immatricolati,108
2006,accademico,1201,Castellanza LIUC,M,immatricolati,181
2007,accademico,1201,Castellanza LIUC,F,immatricolati,104
2007,accademico,1201,Castellanza LIUC,M,immatricolati,186
2008,accademico,1201,Castellanza LIUC,F,immatricolati,116
2008,accademico,1201,Castellanza LIUC,M,immatricolati,202
2009,accademico,1201,Castellanza LIUC,F,immatricolati,101
2009,accademico,1201,Castellanza LIUC,M,immatricolati,169
2010,accademico,1201,Castellanza LIUC,F,immatricolati,92
2010,accademico,1201,Castellanza LIUC,M,immatricolati,171
2011,accademico,1201,Castellanza LIUC,F,immatricolati,106
2011,accademico,1201,Castellanza LIUC,M,immatricolati,164
2012,accademico,1201,Castellanza LIUC,F,immatricolati,113
2012,accademico,1201,Castellanza LIUC,M,immatricolati,145
2013,accademico,1201,Castellanza LIUC,F,immatricolati,82
2013,accademico,1201,Castellanza LIUC,M,immatricolati,163
2014,accademico,1201,Castellanza LIUC,F,immatricolati,106
2014,accademico,1201,Castellanza LIUC,M,immatricolati,171
2015,accademico,1201,Castellanza LIUC,F,immatricolati,110
2015,accademico,1201,Castellanza LIUC,M,immatricolati,242
2016,accademico,1201,Castellanza LIUC,F,immatricolati,121
2016,accademico,1201,Castellanza LIUC,M,immatricolati,222
2017,accademico,1201,Castellanza LIUC,F,immatricolati,129
2017,accademico,1201,Castellanza LIUC,M,immatricolati,220
2018,accademico,1201,Castellanza LIUC,F,immatricolati,142
2018,accademico,1201,Castellanza LIUC,M,immatricolati,256
2019,accademico,1201,Castellanza LIUC,F,immatricolati,130
2019,accademico,1201,Castellanza LIUC,M,immatricolati,260
2020,accademico,1201,Castellanza LIUC,F,immatricolati,132
2020,accademico,1201,Castellanza LIUC,M,immatricolati,308
2021,accademico,1201,Castellanza LIUC,F,immatricolati,163
2021,accademico,1201,Castellanza LIUC,M,immatricolati,289
2022,accademico,1201,Castellanza LIUC,F,immatricolati,157
2022,accademico,1201,Castellanza LIUC,M,immatricolati,299
2023,accademico,1201,Castellanza LIUC,F,immatricolati,145
2023,accademico,1201,Castellanza LIUC,M,immatricolati,307
2024,accademico,1201,Castellanza LIUC,F,immatricolati,136
2024,accademico,1201,Castellanza LIUC,M,immatricolati,284
2025,accademico,1201,Castellanza LIUC,F,immatricolati,126
2025,accademico,1201,Castellanza LIUC,M,immatricolati,280
2000,accademico,1201,Castellanza LIUC,F,iscritti,711
2000,accademico,1201,Castellanza LIUC,M,iscritti,1713
2001,accademico,1201,Castellanza LIUC,F,iscritti,739
2001,accademico,1201,Castellanza LIUC,M,iscritti,1704
2002,accademico,1201,Castellanza LIUC,F,iscritti,685
2002,accademico,1201,Castellanza LIUC,M,iscritti,1635
2003,accademico,1201,Castellanza LIUC,F,iscritti,716
2003,accademico,1201,Castellanza LIUC,M,iscritti,1640
2004,accademico,1201,Castellanza LIUC,F,iscritti,602
2004,accademico,1201,Castellanza LIUC,M,iscritti,1415
2005,accademico,1201,Castellanza LIUC,F,iscritti,630
2005,accademico,1201,Castellanza LIUC,M,iscritti,1395
2006,accademico,1201,Castellanza LIUC,F,iscritti,639
2006,accademico,1201,Castellanza LIUC,M,iscritti,1320
2007,accademico,1201,Castellanza LIUC,F,iscritti,618
2007,accademico,1201,Castellanza LIUC,M,iscritti,1248
2008,accademico,1201,Castellanza LIUC,F,iscritti,643
2008,accademico,1201,Castellanza LIUC,M,iscritti,1210
2009,accademico,1201,Castellanza LIUC,F,iscritti,603
2009,accademico,1201,Castellanza LIUC,M,iscritti,1173
2010,accademico,1201,Castellanza LIUC,F,iscritti,612
2010,accademico,1201,Castellanza LIUC,M,iscritti,1237
2011,accademico,1201,Castellanza LIUC,F,iscritti,630
2011,accademico,1201,Castellanza LIUC,M,iscritti,1225
2012,accademico,1201,Castellanza LIUC,F,iscritti,657
2012,accademico,1201,Castellanza LIUC,M,iscritti,1117
2013,accademico,1201,Castellanza LIUC,F,iscritti,667
2013,accademico,1201,Castellanza LIUC,M,iscritti,1100
2014,accademico,1201,Castellanza LIUC,F,iscritti,675
2014,accademico,1201,Castellanza LIUC,M,iscritti,1148
2015,accademico,1201,Castellanza LIUC,F,iscritti,691
2015,accademico,1201,Castellanza LIUC,M,iscritti,1258
2016,accademico,1201,Castellanza LIUC,F,iscritti,729
2016,accademico,1201,Castellanza LIUC,M,iscritti,1312
2017,accademico,1201,Castellanza LIUC,F,iscritti,746
2017,accademico,1201,Castellanza LIUC,M,iscritti,1363
2018,accademico,1201,Castellanza LIUC,F,iscritti,794
2018,accademico,1201,Castellanza LIUC,M,iscritti,1490
2019,accademico,1201,Castellanza LIUC,F,iscritti,878
2019,accademico,1201,Castellanza LIUC,M,iscritti,1612
2020,accademico,1201,Castellanza LIUC,F,iscritti,966
2020,accademico,1201,Castellanza LIUC,M,iscritti,1795
2021,accademico,1201,Castellanza LIUC,F,iscritti,974
2021,accademico,1201,Castellanza LIUC,M,iscritti,1877
2022,accademico,1201,Castellanza LIUC,F,iscritti,920
2022,accademico,1201,Castellanza LIUC,M,iscritti,1787
2023,accademico,1201,Castellanza LIUC,F,iscritti,863
2023,accademico,1201,Castellanza LIUC,M,iscritti,1663
2024,accademico,1201,Castellanza LIUC,F,iscritti,809
2024,accademico,1201,Castellanza LIUC,M,iscritti,1591
2001,solare,1201,Castellanza LIUC,F,laureati,124
2001,solare,1201,Castellanza LIUC,M,laureati,277
2002,solare,1201,Castellanza LIUC,F,laureati,127
2002,solare,1201,Castellanza LIUC,M,laureati,386
2003,solare,1201,Castellanza LIUC,F,laureati,146
2003,solare,1201,Castellanza LIUC,M,laureati,299
2004,solare,1201,Castellanza LIUC,F,laureati,225
2004,solare,1201,Castellanza LIUC,M,laureati,410
2005,solare,1201,Castellanza LIUC,F,laureati,234
2005,solare,1201,Castellanza LIUC,M,laureati,448
2006,solare,1201,Castellanza LIUC,F,laureati,198
2006,solare,1201,Castellanza LIUC,M,laureati,395
2007,solare,1201,Castellanza LIUC,F,laureati,196
2007,solare,1201,Castellanza LIUC,M,laureati,387
2008,solare,1201,Castellanza LIUC,F,laureati,186
2008,solare,1201,Castellanza LIUC,M,laureati,371
2009,solare,1201,Castellanza LIUC,F,laureati,199
2009,solare,1201,Castellanza LIUC,M,laureati,334
2010,solare,1201,Castellanza LIUC,F,laureati,184
2010,solare,1201,Castellanza LIUC,M,laureati,330
2011,solare,1201,Castellanza LIUC,F,laureati,191
2011,solare,1201,Castellanza LIUC,M,laureati,340
2012,solare,1201,Castellanza LIUC,F,laureati,162
2012,solare,1201,Castellanza LIUC,M,laureati,357
2013,solare,1201,Castellanza LIUC,F,laureati,161
2013,solare,1201,Castellanza LIUC,M,laureati,369
2014,solare,1201,Castellanza LIUC,F,laureati,191
2014,solare,1201,Castellanza LIUC,M,laureati,310
2015,solare,1201,Castellanza LIUC,F,laureati,216
2015,solare,1201,Castellanza LIUC,M,laureati,319
2016,solare,1201,Castellanza LIUC,F,laureati,223
2016,solare,1201,Castellanza LIUC,M,laureati,397
2017,solare,1201,Castellanza LIUC,F,laureati,222
2017,solare,1201,Castellanza LIUC,M,laureati,371
2018,solare,1201,Castellanza LIUC,F,laureati,287
2018,solare,1201,Castellanza LIUC,M,laureati,453
2019,solare,1201,Castellanza LIUC,F,laureati,226
2019,solare,1201,Castellanza LIUC,M,laureati,436
2020,solare,1201,Castellanza LIUC,F,laureati,317
2020,solare,1201,Castellanza LIUC,M,laureati,467
2021,solare,1201,Castellanza LIUC,F,laureati,336
2021,solare,1201,Castellanza LIUC,M,laureati,545
2022,solare,1201,Castellanza LIUC,F,laureati,387
2022,solare,1201,Castellanza LIUC,M,laureati,577
2023,solare,1201,Castellanza LIUC,F,laureati,353
2023,solare,1201,Castellanza LIUC,M,laureati,644
2024,solare,1201,Castellanza LIUC,F,laureati,358
2024,solare,1201,Castellanza LIUC,M,laureati,585
2025,solare,1201,Castellanza LIUC,F,laureati,321
2025,solare,1201,Castellanza LIUC,M,laureati,554
1998,accademico,1202,Insubria,F,immatricolati,619
1998,accademico,1202,Insubria,M,immatricolati,491
1999,accademico,1202,Insubria,F,immatricolati,641
1999,accademico,1202,Insubria,M,immatricolati,509
2000,accademico,1202,Insubria,F,immatricolati,651
2000,accademico,1202,Insubria,M,immatricolati,540
2001,accademico,1202,Insubria,F,immatricolati,502
2001,accademico,1202,Insubria,M,immatricolati,511
2002,accademico,1202,Insubria,F,immatricolati,924
2002,accademico,1202,Insubria,M,immatricolati,724
2003,accademico,1202,Insubria,F,immatricolati,1068
2003,accademico,1202,Insubria,M,immatricolati,904
2004,accademico,1202,Insubria,F,immatricolati,916
2004,accademico,1202,Insubria,M,immatricolati,830
2005,accademico,1202,Insubria,F,immatricolati,1079
2005,accademico,1202,Insubria,M,immatricolati,875
2006,accademico,1202,Insubria,F,immatricolati,1074
2006,accademico,1202,Insubria,M,immatricolati,797
2007,accademico,1202,Insubria,F,immatricolati,1169
2007,accademico,1202,Insubria,M,immatricolati,772
2008,accademico,1202,Insubria,F,immatricolati,1103
2008,accademico,1202,Insubria,M,immatricolati,730
2009,accademico,1202,Insubria,F,immatricolati,1144
2009,accademico,1202,Insubria,M,immatricolati,909
2010,accademico,1202,Insubria,F,immatricolati,917
2010,accademico,1202,Insubria,M,immatricolati,758
2011,accademico,1202,Insubria,F,immatricolati,974
2011,accademico,1202,Insubria,M,immatricolati,727
2012,accademico,1202,Insubria,F,immatricolati,937
2012,accademico,1202,Insubria,M,immatricolati,719
2013,accademico,1202,Insubria,F,immatricolati,1023
2013,accademico,1202,Insubria,M,immatricolati,656
2014,accademico,1202,Insubria,F,immatricolati,1285
2014,accademico,1202,Insubria,M,immatricolati,975
2015,accademico,1202,Insubria,F,immatricolati,1051
2015,accademico,1202,Insubria,M,immatricolati,916
2016,accademico,1202,Insubria,F,immatricolati,1180
2016,accademico,1202,Insubria,M,immatricolati,1059
2017,accademico,1202,Insubria,F,immatricolati,1459
2017,accademico,1202,Insubria,M,immatricolati,1310
2018,accademico,1202,Insubria,F,immatricolati,1671
2018,accademico,1202,Insubria,M,immatricolati,1258
2019,accademico,1202,Insubria,F,immatricolati,1635
2019,accademico,1202,Insubria,M,immatricolati,1477
2020,accademico,1202,Insubria,F,immatricolati,1633
2020,accademico,1202,Insubria,M,immatricolati,1460
2021,accademico,1202,Insubria,F,immatricolati,1487
2021,accademico,1202,Insubria,M,immatricolati,1351
2022,accademico,1202,Insubria,F,immatricolati,1508
2022,accademico,1202,Insubria,M,immatricolati,1279
2023,accademico,1202,Insubria,F,immatricolati,1537
2023,accademico,1202,Insubria,M,immatricolati,1227
2024,accademico,1202,Insubria,F,immatricolati,1587
2024,accademico,1202,Insubria,M,immatricolati,1184
2025,accademico,1202,Insubria,F,immatricolati,1603
2025,accademico,1202,Insubria,M,immatricolati,1165
2000,accademico,1202,Insubria,F,iscritti,3290
2000,accademico,1202,Insubria,M,iscritti,2605
2001,accademico,1202,Insubria,F,iscritti,3492
2001,accademico,1202,Insubria,M,iscritti,2782
2002,accademico,1202,Insubria,F,iscritti,3863
2002,accademico,1202,Insubria,M,iscritti,3092
2003,accademico,1202,Insubria,F,iscritti,4406
2003,accademico,1202,Insubria,M,iscritti,3528
2004,accademico,1202,Insubria,F,iscritti,4370
2004,accademico,1202,Insubria,M,iscritti,3687
2005,accademico,1202,Insubria,F,iscritti,4764
2005,accademico,1202,Insubria,M,iscritti,3990
2006,accademico,1202,Insubria,F,iscritti,4824
2006,accademico,1202,Insubria,M,iscritti,4015
2007,accademico,1202,Insubria,F,iscritti,5078
2007,accademico,1202,Insubria,M,iscritti,4047
2008,accademico,1202,Insubria,F,iscritti,5184
2008,accademico,1202,Insubria,M,iscritti,3988
2009,accademico,1202,Insubria,F,iscritti,5350
2009,accademico,1202,Insubria,M,iscritti,4106
2010,accademico,1202,Insubria,F,iscritti,5367
2010,accademico,1202,Insubria,M,iscritti,4244
2011,accademico,1202,Insubria,F,iscritti,5181
2011,accademico,1202,Insubria,M,iscritti,4014
2012,accademico,1202,Insubria,F,iscritti,4912
2012,accademico,1202,Insubria,M,iscritti,3875
2013,accademico,1202,Insubria,F,iscritti,4863
2013,accademico,1202,Insubria,M,iscritti,3787
2014,accademico,1202,Insubria,F,iscritti,5041
2014,accademico,1202,Insubria,M,iscritti,3933
2015,accademico,1202,Insubria,F,iscritti,4933
2015,accademico,1202,Insubria,M,iscritti,4026
2016,accademico,1202,Insubria,F,iscritti,5104
2016,accademico,1202,Insubria,M,iscritti,4299
2017,accademico,1202,Insubria,F,iscritti,5449
2017,accademico,1202,Insubria,M,iscritti,4675
2018,accademico,1202,Insubria,F,iscritti,5861
2018,accademico,1202,Insubria,M,iscritti,4888
2019,accademico,1202,Insubria,F,iscritti,6163
2019,accademico,1202,Insubria,M,iscritti,5260
2020,accademico,1202,Insubria,F,iscritti,6403
2020,accademico,1202,Insubria,M,iscritti,5353
2021,accademico,1202,Insubria,F,iscritti,6403
2021,accademico,1202,Insubria,M,iscritti,5397
2022,accademico,1202,Insubria,F,iscritti,6246
2022,accademico,1202,Insubria,M,iscritti,5194
2023,accademico,1202,Insubria,F,iscritti,6161
2023,accademico,1202,Insubria,M,iscritti,5072
2024,accademico,1202,Insubria,F,iscritti,6263
2024,accademico,1202,Insubria,M,iscritti,4951
2001,solare,1202,Insubria,F,laureati,400
2001,solare,1202,Insubria,M,laureati,265
2002,solare,1202,Insubria,F,laureati,487
2002,solare,1202,Insubria,M,laureati,318
2003,solare,1202,Insubria,F,laureati,566
2003,solare,1202,Insubria,M,laureati,412
2004,solare,1202,Insubria,F,laureati,848
2004,solare,1202,Insubria,M,laureati,490
2005,solare,1202,Insubria,F,laureati,774
2005,solare,1202,Insubria,M,laureati,518
2006,solare,1202,Insubria,F,laureati,925
2006,solare,1202,Insubria,M,laureati,588
2007,solare,1202,Insubria,F,laureati,850
2007,solare,1202,Insubria,M,laureati,603
2008,solare,1202,Insubria,F,laureati,821
2008,solare,1202,Insubria,M,laureati,579
2009,solare,1202,Insubria,F,laureati,814
2009,solare,1202,Insubria,M,laureati,609
2010,solare,1202,Insubria,F,laureati,921
2010,solare,1202,Insubria,M,laureati,652
2011,solare,1202,Insubria,F,laureati,903
2011,solare,1202,Insubria,M,laureati,612
2012,solare,1202,Insubria,F,laureati,1015
2012,solare,1202,Insubria,M,laureati,665
2013,solare,1202,Insubria,F,laureati,927
2013,solare,1202,Insubria,M,laureati,654
2014,solare,1202,Insubria,F,laureati,863
2014,solare,1202,Insubria,M,laureati,635
2015,solare,1202,Insubria,F,laureati,904
2015,solare,1202,Insubria,M,laureati,662
2016,solare,1202,Insubria,F,laureati,868
2016,solare,1202,Insubria,M,laureati,626
2017,solare,1202,Insubria,F,laureati,978
2017,solare,1202,Insubria,M,laureati,651
2018,solare,1202,Insubria,F,laureati,1038
2018,solare,1202,Insubria,M,laureati,726
2019,solare,1202,Insubria,F,laureati,1123
2019,solare,1202,Insubria,M,laureati,746
2020,solare,1202,Insubria,F,laureati,1147
2020,solare,1202,Insubria,M,laureati,896
2021,solare,1202,Insubria,F,laureati,1194
2021,solare,1202,Insubria,M,laureati,911
2022,solare,1202,Insubria,F,laureati,1300
2022,solare,1202,Insubria,M,laureati,880
2023,solare,1202,Insubria,F,laureati,1298
2023,solare,1202,Insubria,M,laureati,948
2024,solare,1202,Insubria,F,laureati,1265
2024,solare,1202,Insubria,M,laureati,1000
2025,solare,1202,Insubria,F,laureati,1313
2025,solare,1202,Insubria,M,laureati,932
2007,accademico,1301,Novedrate e-Campus - telematica,F,immatricolati,31
2007,accademico,1301,Novedrate e-Campus - telematica,M,immatricolati,49
2008,accademico,1301,Novedrate e-Campus - telematica,F,immatricolati,344
2008,accademico,1301,Novedrate e-Campus - telematica,M,immatricolati,581
2009,accademico,1301,Novedrate e-Campus - telematica,F,immatricolati,371
2009,accademico,1301,Novedrate e-Campus - telematica,M,immatricolati,516
2010,accademico,1301,Novedrate e-Campus - telematica,F,immatricolati,361
2010,accademico,1301,Novedrate e-Campus - telematica,M,immatricolati,504
2011,accademico,1301,Novedrate e-Campus - telematica,F,immatricolati,357
2011,accademico,1301,Novedrate e-Campus - telematica,M,immatricolati,446
2012,accademico,1301,Novedrate e-Campus - telematica,F,immatricolati,277
2012,accademico,1301,Novedrate e-Campus - telematica,M,immatricolati,302
2013,accademico,1301,Novedrate e-Campus - telematica,F,immatricolati,377
2013,accademico,1301,Novedrate e-Campus - telematica,M,immatricolati,392
2014,accademico,1301,Novedrate e-Campus - telematica,F,immatricolati,503
2014,accademico,1301,Novedrate e-Campus - telematica,M,immatricolati,510
2015,accademico,1301,Novedrate e-Campus - telematica,F,immatricolati,473
2015,accademico,1301,Novedrate e-Campus - telematica,M,immatricolati,456
2016,accademico,1301,Novedrate e-Campus - telematica,F,immatricolati,525
2016,accademico,1301,Novedrate e-Campus - telematica,M,immatricolati,527
2017,accademico,1301,Novedrate e-Campus - telematica,F,immatricolati,772
2017,accademico,1301,Novedrate e-Campus - telematica,M,immatricolati,827
2018,accademico,1301,Novedrate e-Campus - telematica,F,immatricolati,1152
2018,accademico,1301,Novedrate e-Campus - telematica,M,immatricolati,1251
2019,accademico,1301,Novedrate e-Campus - telematica,F,immatricolati,1555
2019,accademico,1301,Novedrate e-Campus - telematica,M,immatricolati,1675
2020,accademico,1301,Novedrate e-Campus - telematica,F,immatricolati,2661
2020,accademico,1301,Novedrate e-Campus - telematica,M,immatricolati,2631
2021,accademico,1301,Novedrate e-Campus - telematica,F,immatricolati,3399
2021,accademico,1301,Novedrate e-Campus - telematica,M,immatricolati,3477
2022,accademico,1301,Novedrate e-Campus - telematica,F,immatricolati,4336
2022,accademico,1301,Novedrate e-Campus - telematica,M,immatricolati,3908
2023,accademico,1301,Novedrate e-Campus - telematica,F,immatricolati,4134
2023,accademico,1301,Novedrate e-Campus - telematica,M,immatricolati,3807
2024,accademico,1301,Novedrate e-Campus - telematica,F,immatricolati,4717
2024,accademico,1301,Novedrate e-Campus - telematica,M,immatricolati,4237
2025,accademico,1301,Novedrate e-Campus - telematica,F,immatricolati,3903
2025,accademico,1301,Novedrate e-Campus - telematica,M,immatricolati,3587
2007,accademico,1301,Novedrate e-Campus - telematica,F,iscritti,120
2007,accademico,1301,Novedrate e-Campus - telematica,M,iscritti,159
2008,accademico,1301,Novedrate e-Campus - telematica,F,iscritti,790
2008,accademico,1301,Novedrate e-Campus - telematica,M,iscritti,1468
2009,accademico,1301,Novedrate e-Campus - telematica,F,iscritti,1863
2009,accademico,1301,Novedrate e-Campus - telematica,M,iscritti,2847
2010,accademico,1301,Novedrate e-Campus - telematica,F,iscritti,2484
2010,accademico,1301,Novedrate e-Campus - telematica,M,iscritti,3726
2011,accademico,1301,Novedrate e-Campus - telematica,F,iscritti,2887
2011,accademico,1301,Novedrate e-Campus - telematica,M,iscritti,3862
2012,accademico,1301,Novedrate e-Campus - telematica,F,iscritti,2756
2012,accademico,1301,Novedrate e-Campus - telematica,M,iscritti,3395
2013,accademico,1301,Novedrate e-Campus - telematica,F,iscritti,3132
2013,accademico,1301,Novedrate e-Campus - telematica,M,iscritti,3590
2014,accademico,1301,Novedrate e-Campus - telematica,F,iscritti,3686
2014,accademico,1301,Novedrate e-Campus - telematica,M,iscritti,3977
2015,accademico,1301,Novedrate e-Campus - telematica,F,iscritti,3850
2015,accademico,1301,Novedrate e-Campus - telematica,M,iscritti,4013
2016,accademico,1301,Novedrate e-Campus - telematica,F,iscritti,4511
2016,accademico,1301,Novedrate e-Campus - telematica,M,iscritti,4576
2017,accademico,1301,Novedrate e-Campus - telematica,F,iscritti,5700
2017,accademico,1301,Novedrate e-Campus - telematica,M,iscritti,5678
2018,accademico,1301,Novedrate e-Campus - telematica,F,iscritti,8003
2018,accademico,1301,Novedrate e-Campus - telematica,M,iscritti,7653
2019,accademico,1301,Novedrate e-Campus - telematica,F,iscritti,11486
2019,accademico,1301,Novedrate e-Campus - telematica,M,iscritti,10471
2020,accademico,1301,Novedrate e-Campus - telematica,F,iscritti,17358
2020,accademico,1301,Novedrate e-Campus - telematica,M,iscritti,14916
2021,accademico,1301,Novedrate e-Campus - telematica,F,iscritti,22159
2021,accademico,1301,Novedrate e-Campus - telematica,M,iscritti,18834
2022,accademico,1301,Novedrate e-Campus - telematica,F,iscritti,27457
2022,accademico,1301,Novedrate e-Campus - telematica,M,iscritti,22335
2023,accademico,1301,Novedrate e-Campus - telematica,F,iscritti,30956
2023,accademico,1301,Novedrate e-Campus - telematica,M,iscritti,25208
2024,accademico,1301,Novedrate e-Campus - telematica,F,iscritti,27218
2024,accademico,1301,Novedrate e-Campus - telematica,M,iscritti,22638
2010,solare,1301,Novedrate e-Campus - telematica,F,laureati,62
2010,solare,1301,Novedrate e-Campus - telematica,M,laureati,92
2011,solare,1301,Novedrate e-Campus - telematica,F,laureati,142
2011,solare,1301,Novedrate e-Campus - telematica,M,laureati,183
2012,solare,1301,Novedrate e-Campus - telematica,F,laureati,209
2012,solare,1301,Novedrate e-Campus - telematica,M,laureati,321
2013,solare,1301,Novedrate e-Campus - telematica,F,laureati,318
2013,solare,1301,Novedrate e-Campus - telematica,M,laureati,368
2014,solare,1301,Novedrate e-Campus - telematica,F,laureati,430
2014,solare,1301,Novedrate e-Campus - telematica,M,laureati,382
2015,solare,1301,Novedrate e-Campus - telematica,F,laureati,508
2015,solare,1301,Novedrate e-Campus - telematica,M,laureati,406
2016,solare,1301,Novedrate e-Campus - telematica,F,laureati,478
2016,solare,1301,Novedrate e-Campus - telematica,M,laureati,421
2017,solare,1301,Novedrate e-Campus - telematica,F,laureati,860
2017,solare,1301,Novedrate e-Campus - telematica,M,laureati,818
2018,solare,1301,Novedrate e-Campus - telematica,F,laureati,1179
2018,solare,1301,Novedrate e-Campus - telematica,M,laureati,1000
2019,solare,1301,Novedrate e-Campus - telematica,F,laureati,1485
2019,solare,1301,Novedrate e-Campus - telematica,M,laureati,1262
2020,solare,1301,Novedrate e-Campus - telematica,F,laureati,2712
2020,solare,1301,Novedrate e-Campus - telematica,M,laureati,2132
2021,solare,1301,Novedrate e-Campus - telematica,F,laureati,4043
2021,solare,1301,Novedrate e-Campus - telematica,M,laureati,3434
2022,solare,1301,Novedrate e-Campus - telematica,F,laureati,6010
2022,solare,1301,Novedrate e-Campus - telematica,M,laureati,5026
2023,solare,1301,Novedrate e-Campus - telematica,F,laureati,7740
2023,solare,1301,Novedrate e-Campus - telematica,M,laureati,6339
2024,solare,1301,Novedrate e-Campus - telematica,F,laureati,10425
2024,solare,1301,Novedrate e-Campus - telematica,M,laureati,8016
2025,solare,1301,Novedrate e-Campus - telematica,F,laureati,11231
2025,solare,1301,Novedrate e-Campus - telematica,M,laureati,9272
1998,accademico,1501,Milano,F,immatricolati,5512
1998,accademico,1501,Milano,M,immatricolati,4158
1999,accademico,1501,Milano,F,immatricolati,4386
1999,accademico,1501,Milano,M,immatricolati,3605
2000,accademico,1501,Milano,F,immatricolati,4336
2000,accademico,1501,Milano,M,immatricolati,3447
2001,accademico,1501,Milano,F,immatricolati,5872
2001,accademico,1501,Milano,M,immatricolati,4439
2002,accademico,1501,Milano,F,immatricolati,6670
2002,accademico,1501,Milano,M,immatricolati,4720
2003,accademico,1501,Milano,F,immatricolati,6860
2003,accademico,1501,Milano,M,immatricolati,4881
2004,accademico,1501,Milano,F,immatricolati,6522
2004,accademico,1501,Milano,M,immatricolati,4598
2005,accademico,1501,Milano,F,immatricolati,6032
2005,accademico,1501,Milano,M,immatricolati,4472
2006,accademico,1501,Milano,F,immatricolati,6317
2006,accademico,1501,Milano,M,immatricolati,4630
2007,accademico,1501,Milano,F,immatricolati,6076
2007,accademico,1501,Milano,M,immatricolati,4429
2008,accademico,1501,Milano,F,immatricolati,6642
2008,accademico,1501,Milano,M,immatricolati,4672
2009,accademico,1501,Milano,F,immatricolati,6738
2009,accademico,1501,Milano,M,immatricolati,4462
2010,accademico,1501,Milano,F,immatricolati,6862
2010,accademico,1501,Milano,M,immatricolati,4583
2011,accademico,1501,Milano,F,immatricolati,6534
2011,accademico,1501,Milano,M,immatricolati,4530
2012,accademico,1501,Milano,F,immatricolati,6532
2012,accademico,1501,Milano,M,immatricolati,4533
2013,accademico,1501,Milano,F,immatricolati,7220
2013,accademico,1501,Milano,M,immatricolati,4904
2014,accademico,1501,Milano,F,immatricolati,6718
2014,accademico,1501,Milano,M,immatricolati,4603
2015,accademico,1501,Milano,F,immatricolati,6984
2015,accademico,1501,Milano,M,immatricolati,4751
2016,accademico,1501,Milano,F,immatricolati,6630
2016,accademico,1501,Milano,M,immatricolati,4476
2017,accademico,1501,Milano,F,immatricolati,6508
2017,accademico,1501,Milano,M,immatricolati,4477
2018,accademico,1501,Milano,F,immatricolati,6297
2018,accademico,1501,Milano,M,immatricolati,4323
2019,accademico,1501,Milano,F,immatricolati,7603
2019,accademico,1501,Milano,M,immatricolati,4889
2020,accademico,1501,Milano,F,immatricolati,7367
2020,accademico,1501,Milano,M,immatricolati,4583
2021,accademico,1501,Milano,F,immatricolati,6843
2021,accademico,1501,Milano,M,immatricolati,4330
2022,accademico,1501,Milano,F,immatricolati,5893
2022,accademico,1501,Milano,M,immatricolati,4154
2023,accademico,1501,Milano,F,immatricolati,6071
2023,accademico,1501,Milano,M,immatricolati,4116
2024,accademico,1501,Milano,F,immatricolati,6431
2024,accademico,1501,Milano,M,immatricolati,4296
2025,accademico,1501,Milano,F,immatricolati,6690
2025,accademico,1501,Milano,M,immatricolati,4184
2000,accademico,1501,Milano,F,iscritti,32805
2000,accademico,1501,Milano,M,iscritti,25244
2001,accademico,1501,Milano,F,iscritti,34201
2001,accademico,1501,Milano,M,iscritti,26613
2002,accademico,1501,Milano,F,iscritti,34765
2002,accademico,1501,Milano,M,iscritti,26350
2003,accademico,1501,Milano,F,iscritti,34336
2003,accademico,1501,Milano,M,iscritti,25916
2004,accademico,1501,Milano,F,iscritti,34417
2004,accademico,1501,Milano,M,iscritti,25346
2005,accademico,1501,Milano,F,iscritti,33298
2005,accademico,1501,Milano,M,iscritti,24409
2006,accademico,1501,Milano,F,iscritti,34410
2006,accademico,1501,Milano,M,iscritti,24910
2007,accademico,1501,Milano,F,iscritti,33637
2007,accademico,1501,Milano,M,iscritti,24317
2008,accademico,1501,Milano,F,iscritti,34410
2008,accademico,1501,Milano,M,iscritti,24558
2009,accademico,1501,Milano,F,iscritti,33985
2009,accademico,1501,Milano,M,iscritti,23629
2010,accademico,1501,Milano,F,iscritti,37205
2010,accademico,1501,Milano,M,iscritti,26235
2011,accademico,1501,Milano,F,iscritti,36945
2011,accademico,1501,Milano,M,iscritti,25837
2012,accademico,1501,Milano,F,iscritti,36544
2012,accademico,1501,Milano,M,iscritti,25476
2013,accademico,1501,Milano,F,iscritti,36552
2013,accademico,1501,Milano,M,iscritti,25564
2014,accademico,1501,Milano,F,iscritti,36458
2014,accademico,1501,Milano,M,iscritti,25722
2015,accademico,1501,Milano,F,iscritti,36246
2015,accademico,1501,Milano,M,iscritti,25456
2016,accademico,1501,Milano,F,iscritti,35541
2016,accademico,1501,Milano,M,iscritti,25270
2017,accademico,1501,Milano,F,iscritti,35794
2017,accademico,1501,Milano,M,iscritti,25773
2018,accademico,1501,Milano,F,iscritti,35213
2018,accademico,1501,Milano,M,iscritti,25024
2019,accademico,1501,Milano,F,iscritti,36439
2019,accademico,1501,Milano,M,iscritti,25547
2020,accademico,1501,Milano,F,iscritti,36833
2020,accademico,1501,Milano,M,iscritti,25141
2021,accademico,1501,Milano,F,iscritti,36647
2021,accademico,1501,Milano,M,iscritti,24992
2022,accademico,1501,Milano,F,iscritti,35091
2022,accademico,1501,Milano,M,iscritti,24396
2023,accademico,1501,Milano,F,iscritti,34332
2023,accademico,1501,Milano,M,iscritti,24058
2024,accademico,1501,Milano,F,iscritti,33874
2024,accademico,1501,Milano,M,iscritti,24142
2001,solare,1501,Milano,F,laureati,4251
2001,solare,1501,Milano,M,laureati,2837
2002,solare,1501,Milano,F,laureati,4217
2002,solare,1501,Milano,M,laureati,2919
2003,solare,1501,Milano,F,laureati,4513
2003,solare,1501,Milano,M,laureati,2893
2004,solare,1501,Milano,F,laureati,5111
2004,solare,1501,Milano,M,laureati,3398
2005,solare,1501,Milano,F,laureati,5764
2005,solare,1501,Milano,M,laureati,3723
2006,solare,1501,Milano,F,laureati,5845
2006,solare,1501,Milano,M,laureati,3927
2007,solare,1501,Milano,F,laureati,5843
2007,solare,1501,Milano,M,laureati,3809
2008,solare,1501,Milano,F,laureati,5817
2008,solare,1501,Milano,M,laureati,3810
2009,solare,1501,Milano,F,laureati,5747
2009,solare,1501,Milano,M,laureati,3530
2010,solare,1501,Milano,F,laureati,5772
2010,solare,1501,Milano,M,laureati,3878
2011,solare,1501,Milano,F,laureati,5908
2011,solare,1501,Milano,M,laureati,3710
2012,solare,1501,Milano,F,laureati,6356
2012,solare,1501,Milano,M,laureati,3802
2013,solare,1501,Milano,F,laureati,6492
2013,solare,1501,Milano,M,laureati,3972
2014,solare,1501,Milano,F,laureati,6678
2014,solare,1501,Milano,M,laureati,3989
2015,solare,1501,Milano,F,laureati,6631
2015,solare,1501,Milano,M,laureati,4223
2016,solare,1501,Milano,F,laureati,7027
2016,solare,1501,Milano,M,laureati,4441
2017,solare,1501,Milano,F,laureati,7111
2017,solare,1501,Milano,M,laureati,4322
2018,solare,1501,Milano,F,laureati,7135
2018,solare,1501,Milano,M,laureati,4506
2019,solare,1501,Milano,F,laureati,7189
2019,solare,1501,Milano,M,laureati,4683
2020,solare,1501,Milano,F,laureati,7073
2020,solare,1501,Milano,M,laureati,4627
2021,solare,1501,Milano,F,laureati,7217
2021,solare,1501,Milano,M,laureati,4471
2022,solare,1501,Milano,F,laureati,6866
2022,solare,1501,Milano,M,laureati,4245
2023,solare,1501,Milano,F,laureati,7437
2023,solare,1501,Milano,M,laureati,4360
2024,solare,1501,Milano,F,laureati,7453
2024,solare,1501,Milano,M,laureati,4700
2025,solare,1501,Milano,F,laureati,7125
2025,solare,1501,Milano,M,laureati,4501
1998,accademico,1502,Milano Politecnico,F,immatricolati,1602
1998,accademico,1502,Milano Politecnico,M,immatricolati,4422
1999,accademico,1502,Milano Politecnico,F,immatricolati,1607
1999,accademico,1502,Milano Politecnico,M,immatricolati,4381
2000,accademico,1502,Milano Politecnico,F,immatricolati,1696
2000,accademico,1502,Milano Politecnico,M,immatricolati,4601
2001,accademico,1502,Milano Politecnico,F,immatricolati,1586
2001,accademico,1502,Milano Politecnico,M,immatricolati,4401
2002,accademico,1502,Milano Politecnico,F,immatricolati,1764
2002,accademico,1502,Milano Politecnico,M,immatricolati,4517
2003,accademico,1502,Milano Politecnico,F,immatricolati,1881
2003,accademico,1502,Milano Politecnico,M,immatricolati,4636
2004,accademico,1502,Milano Politecnico,F,immatricolati,2007
2004,accademico,1502,Milano Politecnico,M,immatricolati,4621
2005,accademico,1502,Milano Politecnico,F,immatricolati,1877
2005,accademico,1502,Milano Politecnico,M,immatricolati,3921
2006,accademico,1502,Milano Politecnico,F,immatricolati,1860
2006,accademico,1502,Milano Politecnico,M,immatricolati,3860
2007,accademico,1502,Milano Politecnico,F,immatricolati,2016
2007,accademico,1502,Milano Politecnico,M,immatricolati,3849
2008,accademico,1502,Milano Politecnico,F,immatricolati,2108
2008,accademico,1502,Milano Politecnico,M,immatricolati,4066
2009,accademico,1502,Milano Politecnico,F,immatricolati,2308
2009,accademico,1502,Milano Politecnico,M,immatricolati,4864
2010,accademico,1502,Milano Politecnico,F,immatricolati,2209
2010,accademico,1502,Milano Politecnico,M,immatricolati,4607
2011,accademico,1502,Milano Politecnico,F,immatricolati,2251
2011,accademico,1502,Milano Politecnico,M,immatricolati,4812
2012,accademico,1502,Milano Politecnico,F,immatricolati,2378
2012,accademico,1502,Milano Politecnico,M,immatricolati,5153
2013,accademico,1502,Milano Politecnico,F,immatricolati,2374
2013,accademico,1502,Milano Politecnico,M,immatricolati,5066
2014,accademico,1502,Milano Politecnico,F,immatricolati,2326
2014,accademico,1502,Milano Politecnico,M,immatricolati,4940
2015,accademico,1502,Milano Politecnico,F,immatricolati,2339
2015,accademico,1502,Milano Politecnico,M,immatricolati,5185
2016,accademico,1502,Milano Politecnico,F,immatricolati,2336
2016,accademico,1502,Milano Politecnico,M,immatricolati,5183
2017,accademico,1502,Milano Politecnico,F,immatricolati,2401
2017,accademico,1502,Milano Politecnico,M,immatricolati,5178
2018,accademico,1502,Milano Politecnico,F,immatricolati,2547
2018,accademico,1502,Milano Politecnico,M,immatricolati,5257
2019,accademico,1502,Milano Politecnico,F,immatricolati,2553
2019,accademico,1502,Milano Politecnico,M,immatricolati,5138
2020,accademico,1502,Milano Politecnico,F,immatricolati,2596
2020,accademico,1502,Milano Politecnico,M,immatricolati,5161
2021,accademico,1502,Milano Politecnico,F,immatricolati,2620
2021,accademico,1502,Milano Politecnico,M,immatricolati,5284
2022,accademico,1502,Milano Politecnico,F,immatricolati,2638
2022,accademico,1502,Milano Politecnico,M,immatricolati,5095
2023,accademico,1502,Milano Politecnico,F,immatricolati,2597
2023,accademico,1502,Milano Politecnico,M,immatricolati,4880
2024,accademico,1502,Milano Politecnico,F,immatricolati,2938
2024,accademico,1502,Milano Politecnico,M,immatricolati,4884
2025,accademico,1502,Milano Politecnico,F,immatricolati,2921
2025,accademico,1502,Milano Politecnico,M,immatricolati,5102
2000,accademico,1502,Milano Politecnico,F,iscritti,10885
2000,accademico,1502,Milano Politecnico,M,iscritti,27462
2001,accademico,1502,Milano Politecnico,F,iscritti,11019
2001,accademico,1502,Milano Politecnico,M,iscritti,27823
2002,accademico,1502,Milano Politecnico,F,iscritti,11183
2002,accademico,1502,Milano Politecnico,M,iscritti,28971
2003,accademico,1502,Milano Politecnico,F,iscritti,11180
2003,accademico,1502,Milano Politecnico,M,iscritti,28760
2004,accademico,1502,Milano Politecnico,F,iscritti,11277
2004,accademico,1502,Milano Politecnico,M,iscritti,28291
2005,accademico,1502,Milano Politecnico,F,iscritti,11207
2005,accademico,1502,Milano Politecnico,M,iscritti,27136
2006,accademico,1502,Milano Politecnico,F,iscritti,11303
2006,accademico,1502,Milano Politecnico,M,iscritti,26418
2007,accademico,1502,Milano Politecnico,F,iscritti,11273
2007,accademico,1502,Milano Politecnico,M,iscritti,24959
2008,accademico,1502,Milano Politecnico,F,iscritti,11457
2008,accademico,1502,Milano Politecnico,M,iscritti,23977
2009,accademico,1502,Milano Politecnico,F,iscritti,11583
2009,accademico,1502,Milano Politecnico,M,iscritti,23868
2010,accademico,1502,Milano Politecnico,F,iscritti,13044
2010,accademico,1502,Milano Politecnico,M,iscritti,26515
2011,accademico,1502,Milano Politecnico,F,iscritti,13235
2011,accademico,1502,Milano Politecnico,M,iscritti,26529
2012,accademico,1502,Milano Politecnico,F,iscritti,13093
2012,accademico,1502,Milano Politecnico,M,iscritti,26058
2013,accademico,1502,Milano Politecnico,F,iscritti,13303
2013,accademico,1502,Milano Politecnico,M,iscritti,26552
2014,accademico,1502,Milano Politecnico,F,iscritti,13347
2014,accademico,1502,Milano Politecnico,M,iscritti,26781
2015,accademico,1502,Milano Politecnico,F,iscritti,13419
2015,accademico,1502,Milano Politecnico,M,iscritti,27404
2016,accademico,1502,Milano Politecnico,F,iscritti,14046
2016,accademico,1502,Milano Politecnico,M,iscritti,28436
2017,accademico,1502,Milano Politecnico,F,iscritti,14521
2017,accademico,1502,Milano Politecnico,M,iscritti,29193
2018,accademico,1502,Milano Politecnico,F,iscritti,14870
2018,accademico,1502,Milano Politecnico,M,iscritti,29822
2019,accademico,1502,Milano Politecnico,F,iscritti,15326
2019,accademico,1502,Milano Politecnico,M,iscritti,30194
2020,accademico,1502,Milano Politecnico,F,iscritti,15891
2020,accademico,1502,Milano Politecnico,M,iscritti,30594
2021,accademico,1502,Milano Politecnico,F,iscritti,16221
2021,accademico,1502,Milano Politecnico,M,iscritti,30896
2022,accademico,1502,Milano Politecnico,F,iscritti,16849
2022,accademico,1502,Milano Politecnico,M,iscritti,31157
2023,accademico,1502,Milano Politecnico,F,iscritti,17035
2023,accademico,1502,Milano Politecnico,M,iscritti,30896
2024,accademico,1502,Milano Politecnico,F,iscritti,17488
2024,accademico,1502,Milano Politecnico,M,iscritti,30636
2001,solare,1502,Milano Politecnico,F,laureati,1542
2001,solare,1502,Milano Politecnico,M,laureati,3505
2002,solare,1502,Milano Politecnico,F,laureati,1558
2002,solare,1502,Milano Politecnico,M,laureati,3650
2003,solare,1502,Milano Politecnico,F,laureati,2649
2003,solare,1502,Milano Politecnico,M,laureati,5706
2004,solare,1502,Milano Politecnico,F,laureati,2711
2004,solare,1502,Milano Politecnico,M,laureati,6037
2005,solare,1502,Milano Politecnico,F,laureati,3116
2005,solare,1502,Milano Politecnico,M,laureati,6546
2006,solare,1502,Milano Politecnico,F,laureati,2927
2006,solare,1502,Milano Politecnico,M,laureati,6198
2007,solare,1502,Milano Politecnico,F,laureati,2835
2007,solare,1502,Milano Politecnico,M,laureati,6072
2008,solare,1502,Milano Politecnico,F,laureati,3100
2008,solare,1502,Milano Politecnico,M,laureati,5900
2009,solare,1502,Milano Politecnico,F,laureati,2983
2009,solare,1502,Milano Politecnico,M,laureati,5728
2010,solare,1502,Milano Politecnico,F,laureati,2907
2010,solare,1502,Milano Politecnico,M,laureati,5273
2011,solare,1502,Milano Politecnico,F,laureati,3280
2011,solare,1502,Milano Politecnico,M,laureati,5663
2012,solare,1502,Milano Politecnico,F,laureati,3343
2012,solare,1502,Milano Politecnico,M,laureati,5566
2013,solare,1502,Milano Politecnico,F,laureati,3586
2013,solare,1502,Milano Politecnico,M,laureati,5991
2014,solare,1502,Milano Politecnico,F,laureati,3781
2014,solare,1502,Milano Politecnico,M,laureati,6261
2015,solare,1502,Milano Politecnico,F,laureati,3831
2015,solare,1502,Milano Politecnico,M,laureati,6542
2016,solare,1502,Milano Politecnico,F,laureati,3820
2016,solare,1502,Milano Politecnico,M,laureati,6678
2017,solare,1502,Milano Politecnico,F,laureati,4039
2017,solare,1502,Milano Politecnico,M,laureati,7000
2018,solare,1502,Milano Politecnico,F,laureati,4420
2018,solare,1502,Milano Politecnico,M,laureati,7341
2019,solare,1502,Milano Politecnico,F,laureati,4451
2019,solare,1502,Milano Politecnico,M,laureati,7842
2020,solare,1502,Milano Politecnico,F,laureati,4479
2020,solare,1502,Milano Politecnico,M,laureati,7796
2021,solare,1502,Milano Politecnico,F,laureati,4660
2021,solare,1502,Milano Politecnico,M,laureati,8193
2022,solare,1502,Milano Politecnico,F,laureati,4839
2022,solare,1502,Milano Politecnico,M,laureati,8246
2023,solare,1502,Milano Politecnico,F,laureati,4940
2023,solare,1502,Milano Politecnico,M,laureati,8363
2024,solare,1502,Milano Politecnico,F,laureati,5289
2024,solare,1502,Milano Politecnico,M,laureati,8640
2025,solare,1502,Milano Politecnico,F,laureati,5246
2025,solare,1502,Milano Politecnico,M,laureati,8516
1998,accademico,1503,Milano Bocconi,F,immatricolati,927
1998,accademico,1503,Milano Bocconi,M,immatricolati,1247
1999,accademico,1503,Milano Bocconi,F,immatricolati,939
1999,accademico,1503,Milano Bocconi,M,immatricolati,1368
2000,accademico,1503,Milano Bocconi,F,immatricolati,976
2000,accademico,1503,Milano Bocconi,M,immatricolati,1062
2001,accademico,1503,Milano Bocconi,F,immatricolati,1097
2001,accademico,1503,Milano Bocconi,M,immatricolati,1077
2002,accademico,1503,Milano Bocconi,F,immatricolati,1154
2002,accademico,1503,Milano Bocconi,M,immatricolati,1485
2003,accademico,1503,Milano Bocconi,F,immatricolati,1081
2003,accademico,1503,Milano Bocconi,M,immatricolati,1349
2004,accademico,1503,Milano Bocconi,F,immatricolati,1182
2004,accademico,1503,Milano Bocconi,M,immatricolati,1504
2005,accademico,1503,Milano Bocconi,F,immatricolati,1085
2005,accademico,1503,Milano Bocconi,M,immatricolati,1315
2006,accademico,1503,Milano Bocconi,F,immatricolati,1091
2006,accademico,1503,Milano Bocconi,M,immatricolati,1313
2007,accademico,1503,Milano Bocconi,F,immatricolati,1157
2007,accademico,1503,Milano Bocconi,M,immatricolati,1190
2008,accademico,1503,Milano Bocconi,F,immatricolati,1192
2008,accademico,1503,Milano Bocconi,M,immatricolati,1237
2009,accademico,1503,Milano Bocconi,F,immatricolati,1308
2009,accademico,1503,Milano Bocconi,M,immatricolati,1173
2010,accademico,1503,Milano Bocconi,F,immatricolati,1350
2010,accademico,1503,Milano Bocconi,M,immatricolati,1286
2011,accademico,1503,Milano Bocconi,F,immatricolati,1264
2011,accademico,1503,Milano Bocconi,M,immatricolati,1234
2012,accademico,1503,Milano Bocconi,F,immatricolati,1397
2012,accademico,1503,Milano Bocconi,M,immatricolati,1299
2013,accademico,1503,Milano Bocconi,F,immatricolati,1366
2013,accademico,1503,Milano Bocconi,M,immatricolati,1389
2014,accademico,1503,Milano Bocconi,F,immatricolati,1173
2014,accademico,1503,Milano Bocconi,M,immatricolati,1232
2015,accademico,1503,Milano Bocconi,F,immatricolati,1158
2015,accademico,1503,Milano Bocconi,M,immatricolati,1484
2016,accademico,1503,Milano Bocconi,F,immatricolati,1197
2016,accademico,1503,Milano Bocconi,M,immatricolati,1574
2017,accademico,1503,Milano Bocconi,F,immatricolati,1095
2017,accademico,1503,Milano Bocconi,M,immatricolati,1605
2018,accademico,1503,Milano Bocconi,F,immatricolati,1072
2018,accademico,1503,Milano Bocconi,M,immatricolati,1665
2019,accademico,1503,Milano Bocconi,F,immatricolati,1073
2019,accademico,1503,Milano Bocconi,M,immatricolati,1687
2020,accademico,1503,Milano Bocconi,F,immatricolati,1167
2020,accademico,1503,Milano Bocconi,M,immatricolati,1641
2021,accademico,1503,Milano Bocconi,F,immatricolati,1220
2021,accademico,1503,Milano Bocconi,M,immatricolati,1649
2022,accademico,1503,Milano Bocconi,F,immatricolati,1187
2022,accademico,1503,Milano Bocconi,M,immatricolati,1532
2023,accademico,1503,Milano Bocconi,F,immatricolati,1237
2023,accademico,1503,Milano Bocconi,M,immatricolati,1522
2024,accademico,1503,Milano Bocconi,F,immatricolati,1320
2024,accademico,1503,Milano Bocconi,M,immatricolati,1768
2025,accademico,1503,Milano Bocconi,F,immatricolati,1264
2025,accademico,1503,Milano Bocconi,M,immatricolati,1647
2000,accademico,1503,Milano Bocconi,F,iscritti,4448
2000,accademico,1503,Milano Bocconi,M,iscritti,6499
2001,accademico,1503,Milano Bocconi,F,iscritti,5327
2001,accademico,1503,Milano Bocconi,M,iscritti,7214
2002,accademico,1503,Milano Bocconi,F,iscritti,5435
2002,accademico,1503,Milano Bocconi,M,iscritti,7241
2003,accademico,1503,Milano Bocconi,F,iscritti,5250
2003,accademico,1503,Milano Bocconi,M,iscritti,6981
2004,accademico,1503,Milano Bocconi,F,iscritti,5034
2004,accademico,1503,Milano Bocconi,M,iscritti,6624
2005,accademico,1503,Milano Bocconi,F,iscritti,5527
2005,accademico,1503,Milano Bocconi,M,iscritti,6988
2006,accademico,1503,Milano Bocconi,F,iscritti,5590
2006,accademico,1503,Milano Bocconi,M,iscritti,7136
2007,accademico,1503,Milano Bocconi,F,iscritti,5674
2007,accademico,1503,Milano Bocconi,M,iscritti,6961
2008,accademico,1503,Milano Bocconi,F,iscritti,5807
2008,accademico,1503,Milano Bocconi,M,iscritti,6912
2009,accademico,1503,Milano Bocconi,F,iscritti,5987
2009,accademico,1503,Milano Bocconi,M,iscritti,6771
2010,accademico,1503,Milano Bocconi,F,iscritti,6428
2010,accademico,1503,Milano Bocconi,M,iscritti,7123
2011,accademico,1503,Milano Bocconi,F,iscritti,6521
2011,accademico,1503,Milano Bocconi,M,iscritti,7011
2012,accademico,1503,Milano Bocconi,F,iscritti,6623
2012,accademico,1503,Milano Bocconi,M,iscritti,7006
2013,accademico,1503,Milano Bocconi,F,iscritti,6686
2013,accademico,1503,Milano Bocconi,M,iscritti,7025
2014,accademico,1503,Milano Bocconi,F,iscritti,6482
2014,accademico,1503,Milano Bocconi,M,iscritti,6974
2015,accademico,1503,Milano Bocconi,F,iscritti,6321
2015,accademico,1503,Milano Bocconi,M,iscritti,7038
2016,accademico,1503,Milano Bocconi,F,iscritti,6157
2016,accademico,1503,Milano Bocconi,M,iscritti,7218
2017,accademico,1503,Milano Bocconi,F,iscritti,5944
2017,accademico,1503,Milano Bocconi,M,iscritti,7588
2018,accademico,1503,Milano Bocconi,F,iscritti,5801
2018,accademico,1503,Milano Bocconi,M,iscritti,7829
2019,accademico,1503,Milano Bocconi,F,iscritti,5660
2019,accademico,1503,Milano Bocconi,M,iscritti,7997
2020,accademico,1503,Milano Bocconi,F,iscritti,5666
2020,accademico,1503,Milano Bocconi,M,iscritti,8053
2021,accademico,1503,Milano Bocconi,F,iscritti,5690
2021,accademico,1503,Milano Bocconi,M,iscritti,8093
2022,accademico,1503,Milano Bocconi,F,iscritti,5713
2022,accademico,1503,Milano Bocconi,M,iscritti,7994
2023,accademico,1503,Milano Bocconi,F,iscritti,5875
2023,accademico,1503,Milano Bocconi,M,iscritti,7946
2024,accademico,1503,Milano Bocconi,F,iscritti,6028
2024,accademico,1503,Milano Bocconi,M,iscritti,7972
2001,solare,1503,Milano Bocconi,F,laureati,857
2001,solare,1503,Milano Bocconi,M,laureati,1287
2002,solare,1503,Milano Bocconi,F,laureati,892
2002,solare,1503,Milano Bocconi,M,laureati,1318
2003,solare,1503,Milano Bocconi,F,laureati,1043
2003,solare,1503,Milano Bocconi,M,laureati,1425
2004,solare,1503,Milano Bocconi,F,laureati,2107
2004,solare,1503,Milano Bocconi,M,laureati,2484
2005,solare,1503,Milano Bocconi,F,laureati,1979
2005,solare,1503,Milano Bocconi,M,laureati,2443
2006,solare,1503,Milano Bocconi,F,laureati,1561
2006,solare,1503,Milano Bocconi,M,laureati,1830
2007,solare,1503,Milano Bocconi,F,laureati,1877
2007,solare,1503,Milano Bocconi,M,laureati,2186
2008,solare,1503,Milano Bocconi,F,laureati,1949
2008,solare,1503,Milano Bocconi,M,laureati,2272
2009,solare,1503,Milano Bocconi,F,laureati,1641
2009,solare,1503,Milano Bocconi,M,laureati,1956
2010,solare,1503,Milano Bocconi,F,laureati,1846
2010,solare,1503,Milano Bocconi,M,laureati,2201
2011,solare,1503,Milano Bocconi,F,laureati,1912
2011,solare,1503,Milano Bocconi,M,laureati,2171
2012,solare,1503,Milano Bocconi,F,laureati,2079
2012,solare,1503,Milano Bocconi,M,laureati,2188
2013,solare,1503,Milano Bocconi,F,laureati,2043
2013,solare,1503,Milano Bocconi,M,laureati,2183
2014,solare,1503,Milano Bocconi,F,laureati,2166
2014,solare,1503,Milano Bocconi,M,laureati,2211
2015,solare,1503,Milano Bocconi,F,laureati,2141
2015,solare,1503,Milano Bocconi,M,laureati,2229
2016,solare,1503,Milano Bocconi,F,laureati,2262
2016,solare,1503,Milano Bocconi,M,laureati,2356
2017,solare,1503,Milano Bocconi,F,laureati,2183
2017,solare,1503,Milano Bocconi,M,laureati,2322
2018,solare,1503,Milano Bocconi,F,laureati,2111
2018,solare,1503,Milano Bocconi,M,laureati,2413
2019,solare,1503,Milano Bocconi,F,laureati,2168
2019,solare,1503,Milano Bocconi,M,laureati,2549
2020,solare,1503,Milano Bocconi,F,laureati,2058
2020,solare,1503,Milano Bocconi,M,laureati,2722
2021,solare,1503,Milano Bocconi,F,laureati,2042
2021,solare,1503,Milano Bocconi,M,laureati,2699
2022,solare,1503,Milano Bocconi,F,laureati,1933
2022,solare,1503,Milano Bocconi,M,laureati,2748
2023,solare,1503,Milano Bocconi,F,laureati,2009
2023,solare,1503,Milano Bocconi,M,laureati,2792
2024,solare,1503,Milano Bocconi,F,laureati,2050
2024,solare,1503,Milano Bocconi,M,laureati,2975
2025,solare,1503,Milano Bocconi,F,laureati,2075
2025,solare,1503,Milano Bocconi,M,laureati,2674
1998,accademico,1504,Milano Cattolica,F,immatricolati,4605
1998,accademico,1504,Milano Cattolica,M,immatricolati,2032
1999,accademico,1504,Milano Cattolica,F,immatricolati,4252
1999,accademico,1504,Milano Cattolica,M,immatricolati,2137
2000,accademico,1504,Milano Cattolica,F,immatricolati,4729
2000,accademico,1504,Milano Cattolica,M,immatricolati,2521
2001,accademico,1504,Milano Cattolica,F,immatricolati,4735
2001,accademico,1504,Milano Cattolica,M,immatricolati,2646
2002,accademico,1504,Milano Cattolica,F,immatricolati,4696
2002,accademico,1504,Milano Cattolica,M,immatricolati,2705
2003,accademico,1504,Milano Cattolica,F,immatricolati,4721
2003,accademico,1504,Milano Cattolica,M,immatricolati,2389
2004,accademico,1504,Milano Cattolica,F,immatricolati,4722
2004,accademico,1504,Milano Cattolica,M,immatricolati,2459
2005,accademico,1504,Milano Cattolica,F,immatricolati,5005
2005,accademico,1504,Milano Cattolica,M,immatricolati,2672
2006,accademico,1504,Milano Cattolica,F,immatricolati,4939
2006,accademico,1504,Milano Cattolica,M,immatricolati,2676
2007,accademico,1504,Milano Cattolica,F,immatricolati,5462
2007,accademico,1504,Milano Cattolica,M,immatricolati,2923
2008,accademico,1504,Milano Cattolica,F,immatricolati,5213
2008,accademico,1504,Milano Cattolica,M,immatricolati,2801
2009,accademico,1504,Milano Cattolica,F,immatricolati,4728
2009,accademico,1504,Milano Cattolica,M,immatricolati,2622
2010,accademico,1504,Milano Cattolica,F,immatricolati,4630
2010,accademico,1504,Milano Cattolica,M,immatricolati,2567
2011,accademico,1504,Milano Cattolica,F,immatricolati,4729
2011,accademico,1504,Milano Cattolica,M,immatricolati,2600
2012,accademico,1504,Milano Cattolica,F,immatricolati,4525
2012,accademico,1504,Milano Cattolica,M,immatricolati,2498
2013,accademico,1504,Milano Cattolica,F,immatricolati,4494
2013,accademico,1504,Milano Cattolica,M,immatricolati,2495
2014,accademico,1504,Milano Cattolica,F,immatricolati,4499
2014,accademico,1504,Milano Cattolica,M,immatricolati,2514
2015,accademico,1504,Milano Cattolica,F,immatricolati,4676
2015,accademico,1504,Milano Cattolica,M,immatricolati,2637
2016,accademico,1504,Milano Cattolica,F,immatricolati,4962
2016,accademico,1504,Milano Cattolica,M,immatricolati,2699
2017,accademico,1504,Milano Cattolica,F,immatricolati,5255
2017,accademico,1504,Milano Cattolica,M,immatricolati,2603
2018,accademico,1504,Milano Cattolica,F,immatricolati,5111
2018,accademico,1504,Milano Cattolica,M,immatricolati,2653
2019,accademico,1504,Milano Cattolica,F,immatricolati,5495
2019,accademico,1504,Milano Cattolica,M,immatricolati,2702
2020,accademico,1504,Milano Cattolica,F,immatricolati,5454
2020,accademico,1504,Milano Cattolica,M,immatricolati,2714
2021,accademico,1504,Milano Cattolica,F,immatricolati,5365
2021,accademico,1504,Milano Cattolica,M,immatricolati,2748
2022,accademico,1504,Milano Cattolica,F,immatricolati,5378
2022,accademico,1504,Milano Cattolica,M,immatricolati,2934
2023,accademico,1504,Milano Cattolica,F,immatricolati,5168
2023,accademico,1504,Milano Cattolica,M,immatricolati,2784
2024,accademico,1504,Milano Cattolica,F,immatricolati,5082
2024,accademico,1504,Milano Cattolica,M,immatricolati,2771
2025,accademico,1504,Milano Cattolica,F,immatricolati,4750
2025,accademico,1504,Milano Cattolica,M,immatricolati,2690
2000,accademico,1504,Milano Cattolica,F,iscritti,25654
2000,accademico,1504,Milano Cattolica,M,iscritti,12643
2001,accademico,1504,Milano Cattolica,F,iscritti,26137
2001,accademico,1504,Milano Cattolica,M,iscritti,13167
2002,accademico,1504,Milano Cattolica,F,iscritti,25067
2002,accademico,1504,Milano Cattolica,M,iscritti,12903
2003,accademico,1504,Milano Cattolica,F,iscritti,24858
2003,accademico,1504,Milano Cattolica,M,iscritti,13042
2004,accademico,1504,Milano Cattolica,F,iscritti,24906
2004,accademico,1504,Milano Cattolica,M,iscritti,13099
2005,accademico,1504,Milano Cattolica,F,iscritti,24815
2005,accademico,1504,Milano Cattolica,M,iscritti,13098
2006,accademico,1504,Milano Cattolica,F,iscritti,25309
2006,accademico,1504,Milano Cattolica,M,iscritti,13328
2007,accademico,1504,Milano Cattolica,F,iscritti,25837
2007,accademico,1504,Milano Cattolica,M,iscritti,13541
2008,accademico,1504,Milano Cattolica,F,iscritti,25658
2008,accademico,1504,Milano Cattolica,M,iscritti,13477
2009,accademico,1504,Milano Cattolica,F,iscritti,26434
2009,accademico,1504,Milano Cattolica,M,iscritti,14151
2010,accademico,1504,Milano Cattolica,F,iscritti,26153
2010,accademico,1504,Milano Cattolica,M,iscritti,14033
2011,accademico,1504,Milano Cattolica,F,iscritti,25153
2011,accademico,1504,Milano Cattolica,M,iscritti,13596
2012,accademico,1504,Milano Cattolica,F,iscritti,24809
2012,accademico,1504,Milano Cattolica,M,iscritti,13467
2013,accademico,1504,Milano Cattolica,F,iscritti,23979
2013,accademico,1504,Milano Cattolica,M,iscritti,13176
2014,accademico,1504,Milano Cattolica,F,iscritti,23654
2014,accademico,1504,Milano Cattolica,M,iscritti,13148
2015,accademico,1504,Milano Cattolica,F,iscritti,23407
2015,accademico,1504,Milano Cattolica,M,iscritti,13103
2016,accademico,1504,Milano Cattolica,F,iscritti,23908
2016,accademico,1504,Milano Cattolica,M,iscritti,13251
2017,accademico,1504,Milano Cattolica,F,iscritti,25044
2017,accademico,1504,Milano Cattolica,M,iscritti,13457
2018,accademico,1504,Milano Cattolica,F,iscritti,26171
2018,accademico,1504,Milano Cattolica,M,iscritti,13724
2019,accademico,1504,Milano Cattolica,F,iscritti,27340
2019,accademico,1504,Milano Cattolica,M,iscritti,13926
2020,accademico,1504,Milano Cattolica,F,iscritti,27875
2020,accademico,1504,Milano Cattolica,M,iscritti,13843
2021,accademico,1504,Milano Cattolica,F,iscritti,28343
2021,accademico,1504,Milano Cattolica,M,iscritti,13837
2022,accademico,1504,Milano Cattolica,F,iscritti,28199
2022,accademico,1504,Milano Cattolica,M,iscritti,14046
2023,accademico,1504,Milano Cattolica,F,iscritti,28138
2023,accademico,1504,Milano Cattolica,M,iscritti,14085
2024,accademico,1504,Milano Cattolica,F,iscritti,27783
2024,accademico,1504,Milano Cattolica,M,iscritti,14084
2001,solare,1504,Milano Cattolica,F,laureati,3695
2001,solare,1504,Milano Cattolica,M,laureati,1684
2002,solare,1504,Milano Cattolica,F,laureati,4107
2002,solare,1504,Milano Cattolica,M,laureati,1882
2003,solare,1504,Milano Cattolica,F,laureati,4663
2003,solare,1504,Milano Cattolica,M,laureati,1817
2004,solare,1504,Milano Cattolica,F,laureati,5291
2004,solare,1504,Milano Cattolica,M,laureati,2128
2005,solare,1504,Milano Cattolica,F,laureati,6245
2005,solare,1504,Milano Cattolica,M,laureati,2982
2006,solare,1504,Milano Cattolica,F,laureati,5469
2006,solare,1504,Milano Cattolica,M,laureati,2554
2007,solare,1504,Milano Cattolica,F,laureati,5712
2007,solare,1504,Milano Cattolica,M,laureati,2666
2008,solare,1504,Milano Cattolica,F,laureati,5635
2008,solare,1504,Milano Cattolica,M,laureati,2501
2009,solare,1504,Milano Cattolica,F,laureati,5780
2009,solare,1504,Milano Cattolica,M,laureati,2672
2010,solare,1504,Milano Cattolica,F,laureati,5829
2010,solare,1504,Milano Cattolica,M,laureati,2686
2011,solare,1504,Milano Cattolica,F,laureati,6005
2011,solare,1504,Milano Cattolica,M,laureati,2808
2012,solare,1504,Milano Cattolica,F,laureati,6328
2012,solare,1504,Milano Cattolica,M,laureati,2922
2013,solare,1504,Milano Cattolica,F,laureati,6458
2013,solare,1504,Milano Cattolica,M,laureati,3133
2014,solare,1504,Milano Cattolica,F,laureati,6496
2014,solare,1504,Milano Cattolica,M,laureati,3103
2015,solare,1504,Milano Cattolica,F,laureati,6159
2015,solare,1504,Milano Cattolica,M,laureati,3085
2016,solare,1504,Milano Cattolica,F,laureati,6161
2016,solare,1504,Milano Cattolica,M,laureati,3212
2017,solare,1504,Milano Cattolica,F,laureati,6598
2017,solare,1504,Milano Cattolica,M,laureati,3414
2018,solare,1504,Milano Cattolica,F,laureati,6487
2018,solare,1504,Milano Cattolica,M,laureati,3487
2019,solare,1504,Milano Cattolica,F,laureati,6815
2019,solare,1504,Milano Cattolica,M,laureati,3547
2020,solare,1504,Milano Cattolica,F,laureati,7555
2020,solare,1504,Milano Cattolica,M,laureati,3749
2021,solare,1504,Milano Cattolica,F,laureati,7574
2021,solare,1504,Milano Cattolica,M,laureati,3763
2022,solare,1504,Milano Cattolica,F,laureati,7453
2022,solare,1504,Milano Cattolica,M,laureati,3480
2023,solare,1504,Milano Cattolica,F,laureati,7770
2023,solare,1504,Milano Cattolica,M,laureati,3580
2024,solare,1504,Milano Cattolica,F,laureati,7833
2024,solare,1504,Milano Cattolica,M,laureati,3800
2025,solare,1504,Milano Cattolica,F,laureati,7772
2025,solare,1504,Milano Cattolica,M,laureati,3805
1998,accademico,1505,Milano IULM,F,immatricolati,1272
1998,accademico,1505,Milano IULM,M,immatricolati,365
1999,accademico,1505,Milano IULM,F,immatricolati,1499
1999,accademico,1505,Milano IULM,M,immatricolati,434
2000,accademico,1505,Milano IULM,F,immatricolati,1620
2000,accademico,1505,Milano IULM,M,immatricolati,537
2001,accademico,1505,Milano IULM,F,immatricolati,1495
2001,accademico,1505,Milano IULM,M,immatricolati,519
2002,accademico,1505,Milano IULM,F,immatricolati,1096
2002,accademico,1505,Milano IULM,M,immatricolati,505
2003,accademico,1505,Milano IULM,F,immatricolati,958
2003,accademico,1505,Milano IULM,M,immatricolati,450
2004,accademico,1505,Milano IULM,F,immatricolati,1097
2004,accademico,1505,Milano IULM,M,immatricolati,504
2005,accademico,1505,Milano IULM,F,immatricolati,860
2005,accademico,1505,Milano IULM,M,immatricolati,340
2006,accademico,1505,Milano IULM,F,immatricolati,679
2006,accademico,1505,Milano IULM,M,immatricolati,279
2007,accademico,1505,Milano IULM,F,immatricolati,646
2007,accademico,1505,Milano IULM,M,immatricolati,230
2008,accademico,1505,Milano IULM,F,immatricolati,561
2008,accademico,1505,Milano IULM,M,immatricolati,216
2009,accademico,1505,Milano IULM,F,immatricolati,541
2009,accademico,1505,Milano IULM,M,immatricolati,259
2010,accademico,1505,Milano IULM,F,immatricolati,665
2010,accademico,1505,Milano IULM,M,immatricolati,226
2011,accademico,1505,Milano IULM,F,immatricolati,702
2011,accademico,1505,Milano IULM,M,immatricolati,264
2012,accademico,1505,Milano IULM,F,immatricolati,603
2012,accademico,1505,Milano IULM,M,immatricolati,235
2013,accademico,1505,Milano IULM,F,immatricolati,690
2013,accademico,1505,Milano IULM,M,immatricolati,272
2014,accademico,1505,Milano IULM,F,immatricolati,806
2014,accademico,1505,Milano IULM,M,immatricolati,278
2015,accademico,1505,Milano IULM,F,immatricolati,912
2015,accademico,1505,Milano IULM,M,immatricolati,347
2016,accademico,1505,Milano IULM,F,immatricolati,974
2016,accademico,1505,Milano IULM,M,immatricolati,366
2017,accademico,1505,Milano IULM,F,immatricolati,1071
2017,accademico,1505,Milano IULM,M,immatricolati,422
2018,accademico,1505,Milano IULM,F,immatricolati,1179
2018,accademico,1505,Milano IULM,M,immatricolati,440
2019,accademico,1505,Milano IULM,F,immatricolati,1264
2019,accademico,1505,Milano IULM,M,immatricolati,426
2020,accademico,1505,Milano IULM,F,immatricolati,1345
2020,accademico,1505,Milano IULM,M,immatricolati,433
2021,accademico,1505,Milano IULM,F,immatricolati,1549
2021,accademico,1505,Milano IULM,M,immatricolati,382
2022,accademico,1505,Milano IULM,F,immatricolati,1653
2022,accademico,1505,Milano IULM,M,immatricolati,400
2023,accademico,1505,Milano IULM,F,immatricolati,1512
2023,accademico,1505,Milano IULM,M,immatricolati,412
2024,accademico,1505,Milano IULM,F,immatricolati,1419
2024,accademico,1505,Milano IULM,M,immatricolati,421
2025,accademico,1505,Milano IULM,F,immatricolati,1385
2025,accademico,1505,Milano IULM,M,immatricolati,381
2000,accademico,1505,Milano IULM,F,iscritti,6535
2000,accademico,1505,Milano IULM,M,iscritti,1762
2001,accademico,1505,Milano IULM,F,iscritti,6909
2001,accademico,1505,Milano IULM,M,iscritti,2058
2002,accademico,1505,Milano IULM,F,iscritti,6661
2002,accademico,1505,Milano IULM,M,iscritti,2221
2003,accademico,1505,Milano IULM,F,iscritti,5873
2003,accademico,1505,Milano IULM,M,iscritti,2211
2004,accademico,1505,Milano IULM,F,iscritti,4938
2004,accademico,1505,Milano IULM,M,iscritti,2074
2005,accademico,1505,Milano IULM,F,iscritti,4350
2005,accademico,1505,Milano IULM,M,iscritti,1921
2006,accademico,1505,Milano IULM,F,iscritti,4025
2006,accademico,1505,Milano IULM,M,iscritti,1817
2007,accademico,1505,Milano IULM,F,iscritti,3682
2007,accademico,1505,Milano IULM,M,iscritti,1607
2008,accademico,1505,Milano IULM,F,iscritti,3369
2008,accademico,1505,Milano IULM,M,iscritti,1463
2009,accademico,1505,Milano IULM,F,iscritti,3064
2009,accademico,1505,Milano IULM,M,iscritti,1345
2010,accademico,1505,Milano IULM,F,iscritti,3197
2010,accademico,1505,Milano IULM,M,iscritti,1363
2011,accademico,1505,Milano IULM,F,iscritti,3111
2011,accademico,1505,Milano IULM,M,iscritti,1358
2012,accademico,1505,Milano IULM,F,iscritti,3028
2012,accademico,1505,Milano IULM,M,iscritti,1284
2013,accademico,1505,Milano IULM,F,iscritti,2982
2013,accademico,1505,Milano IULM,M,iscritti,1266
2014,accademico,1505,Milano IULM,F,iscritti,3092
2014,accademico,1505,Milano IULM,M,iscritti,1275
2015,accademico,1505,Milano IULM,F,iscritti,3346
2015,accademico,1505,Milano IULM,M,iscritti,1358
2016,accademico,1505,Milano IULM,F,iscritti,3742
2016,accademico,1505,Milano IULM,M,iscritti,1508
2017,accademico,1505,Milano IULM,F,iscritti,4085
2017,accademico,1505,Milano IULM,M,iscritti,1672
2018,accademico,1505,Milano IULM,F,iscritti,4477
2018,accademico,1505,Milano IULM,M,iscritti,1800
2019,accademico,1505,Milano IULM,F,iscritti,4932
2019,accademico,1505,Milano IULM,M,iscritti,1876
2020,accademico,1505,Milano IULM,F,iscritti,5219
2020,accademico,1505,Milano IULM,M,iscritti,1876
2021,accademico,1505,Milano IULM,F,iscritti,5623
2021,accademico,1505,Milano IULM,M,iscritti,1786
2022,accademico,1505,Milano IULM,F,iscritti,5960
2022,accademico,1505,Milano IULM,M,iscritti,1749
2023,accademico,1505,Milano IULM,F,iscritti,6138
2023,accademico,1505,Milano IULM,M,iscritti,1704
2024,accademico,1505,Milano IULM,F,iscritti,6096
2024,accademico,1505,Milano IULM,M,iscritti,1737
2001,solare,1505,Milano IULM,F,laureati,769
2001,solare,1505,Milano IULM,M,laureati,131
2002,solare,1505,Milano IULM,F,laureati,1010
2002,solare,1505,Milano IULM,M,laureati,218
2003,solare,1505,Milano IULM,F,laureati,1369
2003,solare,1505,Milano IULM,M,laureati,305
2004,solare,1505,Milano IULM,F,laureati,1881
2004,solare,1505,Milano IULM,M,laureati,450
2005,solare,1505,Milano IULM,F,laureati,1768
2005,solare,1505,Milano IULM,M,laureati,471
2006,solare,1505,Milano IULM,F,laureati,1115
2006,solare,1505,Milano IULM,M,laureati,402
2007,solare,1505,Milano IULM,F,laureati,1025
2007,solare,1505,Milano IULM,M,laureati,376
2008,solare,1505,Milano IULM,F,laureati,981
2008,solare,1505,Milano IULM,M,laureati,381
2009,solare,1505,Milano IULM,F,laureati,881
2009,solare,1505,Milano IULM,M,laureati,316
2010,solare,1505,Milano IULM,F,laureati,849
2010,solare,1505,Milano IULM,M,laureati,304
2011,solare,1505,Milano IULM,F,laureati,723
2011,solare,1505,Milano IULM,M,laureati,295
2012,solare,1505,Milano IULM,F,laureati,791
2012,solare,1505,Milano IULM,M,laureati,266
2013,solare,1505,Milano IULM,F,laureati,717
2013,solare,1505,Milano IULM,M,laureati,263
2014,solare,1505,Milano IULM,F,laureati,821
2014,solare,1505,Milano IULM,M,laureati,324
2015,solare,1505,Milano IULM,F,laureati,822
2015,solare,1505,Milano IULM,M,laureati,313
2016,solare,1505,Milano IULM,F,laureati,785
2016,solare,1505,Milano IULM,M,laureati,325
2017,solare,1505,Milano IULM,F,laureati,954
2017,solare,1505,Milano IULM,M,laureati,307
2018,solare,1505,Milano IULM,F,laureati,1049
2018,solare,1505,Milano IULM,M,laureati,374
2019,solare,1505,Milano IULM,F,laureati,1090
2019,solare,1505,Milano IULM,M,laureati,398
2020,solare,1505,Milano IULM,F,laureati,1274
2020,solare,1505,Milano IULM,M,laureati,471
2021,solare,1505,Milano IULM,F,laureati,1464
2021,solare,1505,Milano IULM,M,laureati,469
2022,solare,1505,Milano IULM,F,laureati,1527
2022,solare,1505,Milano IULM,M,laureati,486
2023,solare,1505,Milano IULM,F,laureati,1704
2023,solare,1505,Milano IULM,M,laureati,524
2024,solare,1505,Milano IULM,F,laureati,1889
2024,solare,1505,Milano IULM,M,laureati,526
2025,solare,1505,Milano IULM,F,laureati,2037
2025,solare,1505,Milano IULM,M,laureati,492
1998,accademico,1506,Milano ISEF,F,immatricolati,61
1998,accademico,1506,Milano ISEF,M,immatricolati,72
2000,accademico,1506,Milano ISEF,F,iscritti,134
2000,accademico,1506,Milano ISEF,M,iscritti,153
1998,accademico,1507,Milano ISEF Lombardia,F,immatricolati,128
1998,accademico,1507,Milano ISEF Lombardia,M,immatricolati,156
2000,accademico,1507,Milano ISEF Lombardia,F,iscritti,517
2000,accademico,1507,Milano ISEF Lombardia,M,iscritti,628
1998,accademico,1508,Milano San Raffaele,F,immatricolati,65
1998,accademico,1508,Milano San Raffaele,M,immatricolati,43
1999,accademico,1508,Milano San Raffaele,F,immatricolati,103
1999,accademico,1508,Milano San Raffaele,M,immatricolati,40
2000,accademico,1508,Milano San Raffaele,F,immatricolati,122
2000,accademico,1508,Milano San Raffaele,M,immatricolati,54
2001,accademico,1508,Milano San Raffaele,F,immatricolati,170
2001,accademico,1508,Milano San Raffaele,M,immatricolati,66
2002,accademico,1508,Milano San Raffaele,F,immatricolati,202
2002,accademico,1508,Milano San Raffaele,M,immatricolati,114
2003,accademico,1508,Milano San Raffaele,F,immatricolati,231
2003,accademico,1508,Milano San Raffaele,M,immatricolati,101
2004,accademico,1508,Milano San Raffaele,F,immatricolati,221
2004,accademico,1508,Milano San Raffaele,M,immatricolati,101
2005,accademico,1508,Milano San Raffaele,F,immatricolati,255
2005,accademico,1508,Milano San Raffaele,M,immatricolati,138
2006,accademico,1508,Milano San Raffaele,F,immatricolati,240
2006,accademico,1508,Milano San Raffaele,M,immatricolati,150
2007,accademico,1508,Milano San Raffaele,F,immatricolati,231
2007,accademico,1508,Milano San Raffaele,M,immatricolati,129
2008,accademico,1508,Milano San Raffaele,F,immatricolati,198
2008,accademico,1508,Milano San Raffaele,M,immatricolati,122
2009,accademico,1508,Milano San Raffaele,F,immatricolati,203
2009,accademico,1508,Milano San Raffaele,M,immatricolati,96
2010,accademico,1508,Milano San Raffaele,F,immatricolati,209
2010,accademico,1508,Milano San Raffaele,M,immatricolati,145
2011,accademico,1508,Milano San Raffaele,F,immatricolati,215
2011,accademico,1508,Milano San Raffaele,M,immatricolati,175
2012,accademico,1508,Milano San Raffaele,F,immatricolati,204
2012,accademico,1508,Milano San Raffaele,M,immatricolati,124
2013,accademico,1508,Milano San Raffaele,F,immatricolati,172
2013,accademico,1508,Milano San Raffaele,M,immatricolati,149
2014,accademico,1508,Milano San Raffaele,F,immatricolati,242
2014,accademico,1508,Milano San Raffaele,M,immatricolati,123
2015,accademico,1508,Milano San Raffaele,F,immatricolati,217
2015,accademico,1508,Milano San Raffaele,M,immatricolati,190
2016,accademico,1508,Milano San Raffaele,F,immatricolati,256
2016,accademico,1508,Milano San Raffaele,M,immatricolati,167
2017,accademico,1508,Milano San Raffaele,F,immatricolati,239
2017,accademico,1508,Milano San Raffaele,M,immatricolati,115
2018,accademico,1508,Milano San Raffaele,F,immatricolati,285
2018,accademico,1508,Milano San Raffaele,M,immatricolati,191
2019,accademico,1508,Milano San Raffaele,F,immatricolati,292
2019,accademico,1508,Milano San Raffaele,M,immatricolati,189
2020,accademico,1508,Milano San Raffaele,F,immatricolati,309
2020,accademico,1508,Milano San Raffaele,M,immatricolati,176
2021,accademico,1508,Milano San Raffaele,F,immatricolati,464
2021,accademico,1508,Milano San Raffaele,M,immatricolati,229
2022,accademico,1508,Milano San Raffaele,F,immatricolati,590
2022,accademico,1508,Milano San Raffaele,M,immatricolati,321
2023,accademico,1508,Milano San Raffaele,F,immatricolati,733
2023,accademico,1508,Milano San Raffaele,M,immatricolati,300
2024,accademico,1508,Milano San Raffaele,F,immatricolati,721
2024,accademico,1508,Milano San Raffaele,M,immatricolati,301
2025,accademico,1508,Milano San Raffaele,F,immatricolati,747
2025,accademico,1508,Milano San Raffaele,M,immatricolati,295
2000,accademico,1508,Milano San Raffaele,F,iscritti,482
2000,accademico,1508,Milano San Raffaele,M,iscritti,214
2001,accademico,1508,Milano San Raffaele,F,iscritti,602
2001,accademico,1508,Milano San Raffaele,M,iscritti,271
2002,accademico,1508,Milano San Raffaele,F,iscritti,667
2002,accademico,1508,Milano San Raffaele,M,iscritti,341
2003,accademico,1508,Milano San Raffaele,F,iscritti,776
2003,accademico,1508,Milano San Raffaele,M,iscritti,392
2004,accademico,1508,Milano San Raffaele,F,iscritti,902
2004,accademico,1508,Milano San Raffaele,M,iscritti,443
2005,accademico,1508,Milano San Raffaele,F,iscritti,1126
2005,accademico,1508,Milano San Raffaele,M,iscritti,562
2006,accademico,1508,Milano San Raffaele,F,iscritti,1191
2006,accademico,1508,Milano San Raffaele,M,iscritti,644
2007,accademico,1508,Milano San Raffaele,F,iscritti,1219
2007,accademico,1508,Milano San Raffaele,M,iscritti,679
2008,accademico,1508,Milano San Raffaele,F,iscritti,1212
2008,accademico,1508,Milano San Raffaele,M,iscritti,700
2009,accademico,1508,Milano San Raffaele,F,iscritti,1255
2009,accademico,1508,Milano San Raffaele,M,iscritti,704
2010,accademico,1508,Milano San Raffaele,F,iscritti,1210
2010,accademico,1508,Milano San Raffaele,M,iscritti,743
2011,accademico,1508,Milano San Raffaele,F,iscritti,1171
2011,accademico,1508,Milano San Raffaele,M,iscritti,799
2012,accademico,1508,Milano San Raffaele,F,iscritti,1151
2012,accademico,1508,Milano San Raffaele,M,iscritti,839
2013,accademico,1508,Milano San Raffaele,F,iscritti,1146
2013,accademico,1508,Milano San Raffaele,M,iscritti,855
2014,accademico,1508,Milano San Raffaele,F,iscritti,1258
2014,accademico,1508,Milano San Raffaele,M,iscritti,866
2015,accademico,1508,Milano San Raffaele,F,iscritti,1375
2015,accademico,1508,Milano San Raffaele,M,iscritti,950
2016,accademico,1508,Milano San Raffaele,F,iscritti,1467
2016,accademico,1508,Milano San Raffaele,M,iscritti,993
2017,accademico,1508,Milano San Raffaele,F,iscritti,1578
2017,accademico,1508,Milano San Raffaele,M,iscritti,1022
2018,accademico,1508,Milano San Raffaele,F,iscritti,1718
2018,accademico,1508,Milano San Raffaele,M,iscritti,1085
2019,accademico,1508,Milano San Raffaele,F,iscritti,1836
2019,accademico,1508,Milano San Raffaele,M,iscritti,1126
2020,accademico,1508,Milano San Raffaele,F,iscritti,2117
2020,accademico,1508,Milano San Raffaele,M,iscritti,1193
2021,accademico,1508,Milano San Raffaele,F,iscritti,2572
2021,accademico,1508,Milano San Raffaele,M,iscritti,1314
2022,accademico,1508,Milano San Raffaele,F,iscritti,2969
2022,accademico,1508,Milano San Raffaele,M,iscritti,1513
2023,accademico,1508,Milano San Raffaele,F,iscritti,3503
2023,accademico,1508,Milano San Raffaele,M,iscritti,1652
2024,accademico,1508,Milano San Raffaele,F,iscritti,4038
2024,accademico,1508,Milano San Raffaele,M,iscritti,1803
2001,solare,1508,Milano San Raffaele,F,laureati,46
2001,solare,1508,Milano San Raffaele,M,laureati,14
2002,solare,1508,Milano San Raffaele,F,laureati,90
2002,solare,1508,Milano San Raffaele,M,laureati,42
2003,solare,1508,Milano San Raffaele,F,laureati,106
2003,solare,1508,Milano San Raffaele,M,laureati,42
2004,solare,1508,Milano San Raffaele,F,laureati,162
2004,solare,1508,Milano San Raffaele,M,laureati,69
2005,solare,1508,Milano San Raffaele,F,laureati,181
2005,solare,1508,Milano San Raffaele,M,laureati,82
2006,solare,1508,Milano San Raffaele,F,laureati,262
2006,solare,1508,Milano San Raffaele,M,laureati,120
2007,solare,1508,Milano San Raffaele,F,laureati,322
2007,solare,1508,Milano San Raffaele,M,laureati,119
2008,solare,1508,Milano San Raffaele,F,laureati,360
2008,solare,1508,Milano San Raffaele,M,laureati,182
2009,solare,1508,Milano San Raffaele,F,laureati,344
2009,solare,1508,Milano San Raffaele,M,laureati,160
2010,solare,1508,Milano San Raffaele,F,laureati,374
2010,solare,1508,Milano San Raffaele,M,laureati,173
2011,solare,1508,Milano San Raffaele,F,laureati,373
2011,solare,1508,Milano San Raffaele,M,laureati,183
2012,solare,1508,Milano San Raffaele,F,laureati,371
2012,solare,1508,Milano San Raffaele,M,laureati,162
2013,solare,1508,Milano San Raffaele,F,laureati,316
2013,solare,1508,Milano San Raffaele,M,laureati,158
2014,solare,1508,Milano San Raffaele,F,laureati,338
2014,solare,1508,Milano San Raffaele,M,laureati,171
2015,solare,1508,Milano San Raffaele,F,laureati,284
2015,solare,1508,Milano San Raffaele,M,laureati,161
2016,solare,1508,Milano San Raffaele,F,laureati,327
2016,solare,1508,Milano San Raffaele,M,laureati,167
2017,solare,1508,Milano San Raffaele,F,laureati,334
2017,solare,1508,Milano San Raffaele,M,laureati,195
2018,solare,1508,Milano San Raffaele,F,laureati,357
2018,solare,1508,Milano San Raffaele,M,laureati,228
2019,solare,1508,Milano San Raffaele,F,laureati,420
2019,solare,1508,Milano San Raffaele,M,laureati,225
2020,solare,1508,Milano San Raffaele,F,laureati,450
2020,solare,1508,Milano San Raffaele,M,laureati,230
2021,solare,1508,Milano San Raffaele,F,laureati,475
2021,solare,1508,Milano San Raffaele,M,laureati,233
2022,solare,1508,Milano San Raffaele,F,laureati,518
2022,solare,1508,Milano San Raffaele,M,laureati,232
2023,solare,1508,Milano San Raffaele,F,laureati,575
2023,solare,1508,Milano San Raffaele,M,laureati,222
2024,solare,1508,Milano San Raffaele,F,laureati,578
2024,solare,1508,Milano San Raffaele,M,laureati,249
2025,solare,1508,Milano San Raffaele,F,laureati,636
2025,solare,1508,Milano San Raffaele,M,laureati,268
1998,accademico,1509,Milano Bicocca,F,immatricolati,3018
1998,accademico,1509,Milano Bicocca,M,immatricolati,2256
1999,accademico,1509,Milano Bicocca,F,immatricolati,3275
1999,accademico,1509,Milano Bicocca,M,immatricolati,2183
2000,accademico,1509,Milano Bicocca,F,immatricolati,3533
2000,accademico,1509,Milano Bicocca,M,immatricolati,2226
2001,accademico,1509,Milano Bicocca,F,immatricolati,3446
2001,accademico,1509,Milano Bicocca,M,immatricolati,2454
2002,accademico,1509,Milano Bicocca,F,immatricolati,3019
2002,accademico,1509,Milano Bicocca,M,immatricolati,1866
2003,accademico,1509,Milano Bicocca,F,immatricolati,3252
2003,accademico,1509,Milano Bicocca,M,immatricolati,1985
2004,accademico,1509,Milano Bicocca,F,immatricolati,3470
2004,accademico,1509,Milano Bicocca,M,immatricolati,2146
2005,accademico,1509,Milano Bicocca,F,immatricolati,3860
2005,accademico,1509,Milano Bicocca,M,immatricolati,2214
2006,accademico,1509,Milano Bicocca,F,immatricolati,2938
2006,accademico,1509,Milano Bicocca,M,immatricolati,1911
2007,accademico,1509,Milano Bicocca,F,immatricolati,3691
2007,accademico,1509,Milano Bicocca,M,immatricolati,2336
2008,accademico,1509,Milano Bicocca,F,immatricolati,3460
2008,accademico,1509,Milano Bicocca,M,immatricolati,2204
2009,accademico,1509,Milano Bicocca,F,immatricolati,3705
2009,accademico,1509,Milano Bicocca,M,immatricolati,2428
2010,accademico,1509,Milano Bicocca,F,immatricolati,4116
2010,accademico,1509,Milano Bicocca,M,immatricolati,2563
2011,accademico,1509,Milano Bicocca,F,immatricolati,4038
2011,accademico,1509,Milano Bicocca,M,immatricolati,2531
2012,accademico,1509,Milano Bicocca,F,immatricolati,3734
2012,accademico,1509,Milano Bicocca,M,immatricolati,2441
2013,accademico,1509,Milano Bicocca,F,immatricolati,3324
2013,accademico,1509,Milano Bicocca,M,immatricolati,2291
2014,accademico,1509,Milano Bicocca,F,immatricolati,3381
2014,accademico,1509,Milano Bicocca,M,immatricolati,2353
2015,accademico,1509,Milano Bicocca,F,immatricolati,3223
2015,accademico,1509,Milano Bicocca,M,immatricolati,2224
2016,accademico,1509,Milano Bicocca,F,immatricolati,3468
2016,accademico,1509,Milano Bicocca,M,immatricolati,2404
2017,accademico,1509,Milano Bicocca,F,immatricolati,3435
2017,accademico,1509,Milano Bicocca,M,immatricolati,2255
2018,accademico,1509,Milano Bicocca,F,immatricolati,3224
2018,accademico,1509,Milano Bicocca,M,immatricolati,2161
2019,accademico,1509,Milano Bicocca,F,immatricolati,3123
2019,accademico,1509,Milano Bicocca,M,immatricolati,2186
2020,accademico,1509,Milano Bicocca,F,immatricolati,3748
2020,accademico,1509,Milano Bicocca,M,immatricolati,2272
2021,accademico,1509,Milano Bicocca,F,immatricolati,3714
2021,accademico,1509,Milano Bicocca,M,immatricolati,2488
2022,accademico,1509,Milano Bicocca,F,immatricolati,3344
2022,accademico,1509,Milano Bicocca,M,immatricolati,2423
2023,accademico,1509,Milano Bicocca,F,immatricolati,3263
2023,accademico,1509,Milano Bicocca,M,immatricolati,2378
2024,accademico,1509,Milano Bicocca,F,immatricolati,3182
2024,accademico,1509,Milano Bicocca,M,immatricolati,2269
2025,accademico,1509,Milano Bicocca,F,immatricolati,3164
2025,accademico,1509,Milano Bicocca,M,immatricolati,2148
2000,accademico,1509,Milano Bicocca,F,iscritti,11991
2000,accademico,1509,Milano Bicocca,M,iscritti,7999
2001,accademico,1509,Milano Bicocca,F,iscritti,13795
2001,accademico,1509,Milano Bicocca,M,iscritti,9024
2002,accademico,1509,Milano Bicocca,F,iscritti,14371
2002,accademico,1509,Milano Bicocca,M,iscritti,8574
2003,accademico,1509,Milano Bicocca,F,iscritti,16893
2003,accademico,1509,Milano Bicocca,M,iscritti,10134
2004,accademico,1509,Milano Bicocca,F,iscritti,16820
2004,accademico,1509,Milano Bicocca,M,iscritti,9937
2005,accademico,1509,Milano Bicocca,F,iscritti,17473
2005,accademico,1509,Milano Bicocca,M,iscritti,10167
2006,accademico,1509,Milano Bicocca,F,iscritti,16491
2006,accademico,1509,Milano Bicocca,M,iscritti,9826
2007,accademico,1509,Milano Bicocca,F,iscritti,18046
2007,accademico,1509,Milano Bicocca,M,iscritti,10958
2008,accademico,1509,Milano Bicocca,F,iscritti,18428
2008,accademico,1509,Milano Bicocca,M,iscritti,11042
2009,accademico,1509,Milano Bicocca,F,iscritti,18919
2009,accademico,1509,Milano Bicocca,M,iscritti,11468
2010,accademico,1509,Milano Bicocca,F,iscritti,20104
2010,accademico,1509,Milano Bicocca,M,iscritti,12110
2011,accademico,1509,Milano Bicocca,F,iscritti,20595
2011,accademico,1509,Milano Bicocca,M,iscritti,12254
2012,accademico,1509,Milano Bicocca,F,iscritti,20484
2012,accademico,1509,Milano Bicocca,M,iscritti,12377
2013,accademico,1509,Milano Bicocca,F,iscritti,20115
2013,accademico,1509,Milano Bicocca,M,iscritti,12320
2014,accademico,1509,Milano Bicocca,F,iscritti,19977
2014,accademico,1509,Milano Bicocca,M,iscritti,12404
2015,accademico,1509,Milano Bicocca,F,iscritti,19808
2015,accademico,1509,Milano Bicocca,M,iscritti,12458
2016,accademico,1509,Milano Bicocca,F,iscritti,20116
2016,accademico,1509,Milano Bicocca,M,iscritti,12747
2017,accademico,1509,Milano Bicocca,F,iscritti,20308
2017,accademico,1509,Milano Bicocca,M,iscritti,12984
2018,accademico,1509,Milano Bicocca,F,iscritti,20324
2018,accademico,1509,Milano Bicocca,M,iscritti,12912
2019,accademico,1509,Milano Bicocca,F,iscritti,20468
2019,accademico,1509,Milano Bicocca,M,iscritti,13258
2020,accademico,1509,Milano Bicocca,F,iscritti,21278
2020,accademico,1509,Milano Bicocca,M,iscritti,13283
2021,accademico,1509,Milano Bicocca,F,iscritti,21920
2021,accademico,1509,Milano Bicocca,M,iscritti,13466
2022,accademico,1509,Milano Bicocca,F,iscritti,22095
2022,accademico,1509,Milano Bicocca,M,iscritti,13691
2023,accademico,1509,Milano Bicocca,F,iscritti,22236
2023,accademico,1509,Milano Bicocca,M,iscritti,13991
2024,accademico,1509,Milano Bicocca,F,iscritti,22222
2024,accademico,1509,Milano Bicocca,M,iscritti,13993
2001,solare,1509,Milano Bicocca,F,laureati,624
2001,solare,1509,Milano Bicocca,M,laureati,382
2002,solare,1509,Milano Bicocca,F,laureati,809
2002,solare,1509,Milano Bicocca,M,laureati,630
2003,solare,1509,Milano Bicocca,F,laureati,1615
2003,solare,1509,Milano Bicocca,M,laureati,942
2004,solare,1509,Milano Bicocca,F,laureati,2700
2004,solare,1509,Milano Bicocca,M,laureati,1378
2005,solare,1509,Milano Bicocca,F,laureati,3300
2005,solare,1509,Milano Bicocca,M,laureati,1585
2006,solare,1509,Milano Bicocca,F,laureati,3385
2006,solare,1509,Milano Bicocca,M,laureati,1768
2007,solare,1509,Milano Bicocca,F,laureati,3505
2007,solare,1509,Milano Bicocca,M,laureati,1636
2008,solare,1509,Milano Bicocca,F,laureati,3287
2008,solare,1509,Milano Bicocca,M,laureati,1698
2009,solare,1509,Milano Bicocca,F,laureati,3236
2009,solare,1509,Milano Bicocca,M,laureati,1786
2010,solare,1509,Milano Bicocca,F,laureati,3088
2010,solare,1509,Milano Bicocca,M,laureati,1645
2011,solare,1509,Milano Bicocca,F,laureati,3604
2011,solare,1509,Milano Bicocca,M,laureati,1903
2012,solare,1509,Milano Bicocca,F,laureati,3621
2012,solare,1509,Milano Bicocca,M,laureati,1944
2013,solare,1509,Milano Bicocca,F,laureati,3885
2013,solare,1509,Milano Bicocca,M,laureati,2039
2014,solare,1509,Milano Bicocca,F,laureati,4275
2014,solare,1509,Milano Bicocca,M,laureati,2269
2015,solare,1509,Milano Bicocca,F,laureati,4232
2015,solare,1509,Milano Bicocca,M,laureati,2245
2016,solare,1509,Milano Bicocca,F,laureati,4263
2016,solare,1509,Milano Bicocca,M,laureati,2415
2017,solare,1509,Milano Bicocca,F,laureati,4285
2017,solare,1509,Milano Bicocca,M,laureati,2412
2018,solare,1509,Milano Bicocca,F,laureati,4486
2018,solare,1509,Milano Bicocca,M,laureati,2588
2019,solare,1509,Milano Bicocca,F,laureati,4462
2019,solare,1509,Milano Bicocca,M,laureati,2631
2020,solare,1509,Milano Bicocca,F,laureati,4726
2020,solare,1509,Milano Bicocca,M,laureati,2776
2021,solare,1509,Milano Bicocca,F,laureati,4744
2021,solare,1509,Milano Bicocca,M,laureati,2844
2022,solare,1509,Milano Bicocca,F,laureati,4380
2022,solare,1509,Milano Bicocca,M,laureati,2682
2023,solare,1509,Milano Bicocca,F,laureati,4612
2023,solare,1509,Milano Bicocca,M,laureati,2669
2024,solare,1509,Milano Bicocca,F,laureati,4895
2024,solare,1509,Milano Bicocca,M,laureati,2896
2025,solare,1509,Milano Bicocca,F,laureati,4916
2025,solare,1509,Milano Bicocca,M,laureati,3107
2014,accademico,1510,Rozzano (MI) Humanitas University,F,immatricolati,38
2014,accademico,1510,Rozzano (MI) Humanitas University,M,immatricolati,22
2015,accademico,1510,Rozzano (MI) Humanitas University,F,immatricolati,83
2015,accademico,1510,Rozzano (MI) Humanitas University,M,immatricolati,66
2016,accademico,1510,Rozzano (MI) Humanitas University,F,immatricolati,98
2016,accademico,1510,Rozzano (MI) Humanitas University,M,immatricolati,81
2017,accademico,1510,Rozzano (MI) Humanitas University,F,immatricolati,129
2017,accademico,1510,Rozzano (MI) Humanitas University,M,immatricolati,81
2018,accademico,1510,Rozzano (MI) Humanitas University,F,immatricolati,161
2018,accademico,1510,Rozzano (MI) Humanitas University,M,immatricolati,58
2019,accademico,1510,Rozzano (MI) Humanitas University,F,immatricolati,188
2019,accademico,1510,Rozzano (MI) Humanitas University,M,immatricolati,113
2020,accademico,1510,Rozzano (MI) Humanitas University,F,immatricolati,215
2020,accademico,1510,Rozzano (MI) Humanitas University,M,immatricolati,135
2021,accademico,1510,Rozzano (MI) Humanitas University,F,immatricolati,253
2021,accademico,1510,Rozzano (MI) Humanitas University,M,immatricolati,157
2022,accademico,1510,Rozzano (MI) Humanitas University,F,immatricolati,274
2022,accademico,1510,Rozzano (MI) Humanitas University,M,immatricolati,176
2023,accademico,1510,Rozzano (MI) Humanitas University,F,immatricolati,314
2023,accademico,1510,Rozzano (MI) Humanitas University,M,immatricolati,175
2024,accademico,1510,Rozzano (MI) Humanitas University,F,immatricolati,315
2024,accademico,1510,Rozzano (MI) Humanitas University,M,immatricolati,174
2025,accademico,1510,Rozzano (MI) Humanitas University,F,immatricolati,385
2025,accademico,1510,Rozzano (MI) Humanitas University,M,immatricolati,211
2014,accademico,1510,Rozzano (MI) Humanitas University,F,iscritti,94
2014,accademico,1510,Rozzano (MI) Humanitas University,M,iscritti,47
2015,accademico,1510,Rozzano (MI) Humanitas University,F,iscritti,215
2015,accademico,1510,Rozzano (MI) Humanitas University,M,iscritti,131
2016,accademico,1510,Rozzano (MI) Humanitas University,F,iscritti,316
2016,accademico,1510,Rozzano (MI) Humanitas University,M,iscritti,211
2017,accademico,1510,Rozzano (MI) Humanitas University,F,iscritti,440
2017,accademico,1510,Rozzano (MI) Humanitas University,M,iscritti,288
2018,accademico,1510,Rozzano (MI) Humanitas University,F,iscritti,614
2018,accademico,1510,Rozzano (MI) Humanitas University,M,iscritti,339
2019,accademico,1510,Rozzano (MI) Humanitas University,F,iscritti,760
2019,accademico,1510,Rozzano (MI) Humanitas University,M,iscritti,425
2020,accademico,1510,Rozzano (MI) Humanitas University,F,iscritti,908
2020,accademico,1510,Rozzano (MI) Humanitas University,M,iscritti,531
2021,accademico,1510,Rozzano (MI) Humanitas University,F,iscritti,1033
2021,accademico,1510,Rozzano (MI) Humanitas University,M,iscritti,602
2022,accademico,1510,Rozzano (MI) Humanitas University,F,iscritti,1140
2022,accademico,1510,Rozzano (MI) Humanitas University,M,iscritti,673
2023,accademico,1510,Rozzano (MI) Humanitas University,F,iscritti,1266
2023,accademico,1510,Rozzano (MI) Humanitas University,M,iscritti,753
2024,accademico,1510,Rozzano (MI) Humanitas University,F,iscritti,1393
2024,accademico,1510,Rozzano (MI) Humanitas University,M,iscritti,802
2016,solare,1510,Rozzano (MI) Humanitas University,F,laureati,4
2016,solare,1510,Rozzano (MI) Humanitas University,M,laureati,3
2017,solare,1510,Rozzano (MI) Humanitas University,F,laureati,13
2017,solare,1510,Rozzano (MI) Humanitas University,M,laureati,3
2018,solare,1510,Rozzano (MI) Humanitas University,F,laureati,19
2018,solare,1510,Rozzano (MI) Humanitas University,M,laureati,3
2019,solare,1510,Rozzano (MI) Humanitas University,F,laureati,51
2019,solare,1510,Rozzano (MI) Humanitas University,M,laureati,36
2020,solare,1510,Rozzano (MI) Humanitas University,F,laureati,117
2020,solare,1510,Rozzano (MI) Humanitas University,M,laureati,64
2021,solare,1510,Rozzano (MI) Humanitas University,F,laureati,131
2021,solare,1510,Rozzano (MI) Humanitas University,M,laureati,54
2022,solare,1510,Rozzano (MI) Humanitas University,F,laureati,160
2022,solare,1510,Rozzano (MI) Humanitas University,M,laureati,87
2023,solare,1510,Rozzano (MI) Humanitas University,F,laureati,182
2023,solare,1510,Rozzano (MI) Humanitas University,M,laureati,95
2024,solare,1510,Rozzano (MI) Humanitas University,F,laureati,212
2024,solare,1510,Rozzano (MI) Humanitas University,M,laureati,113
2025,solare,1510,Rozzano (MI) Humanitas University,F,laureati,217
2025,solare,1510,Rozzano (MI) Humanitas University,M,laureati,124
1998,accademico,1601,Bergamo,F,immatricolati,648
1998,accademico,1601,Bergamo,M,immatricolati,578
1999,accademico,1601,Bergamo,F,immatricolati,1207
1999,accademico,1601,Bergamo,M,immatricolati,700
2000,accademico,1601,Bergamo,F,immatricolati,1112
2000,accademico,1601,Bergamo,M,immatricolati,735
2001,accademico,1601,Bergamo,F,immatricolati,1447
2001,accademico,1601,Bergamo,M,immatricolati,975
2002,accademico,1601,Bergamo,F,immatricolati,1736
2002,accademico,1601,Bergamo,M,immatricolati,1174
2003,accademico,1601,Bergamo,F,immatricolati,1734
2003,accademico,1601,Bergamo,M,immatricolati,1247
2004,accademico,1601,Bergamo,F,immatricolati,1891
2004,accademico,1601,Bergamo,M,immatricolati,1089
2005,accademico,1601,Bergamo,F,immatricolati,1779
2005,accademico,1601,Bergamo,M,immatricolati,1043
2006,accademico,1601,Bergamo,F,immatricolati,1718
2006,accademico,1601,Bergamo,M,immatricolati,1060
2007,accademico,1601,Bergamo,F,immatricolati,1464
2007,accademico,1601,Bergamo,M,immatricolati,926
2008,accademico,1601,Bergamo,F,immatricolati,1582
2008,accademico,1601,Bergamo,M,immatricolati,978
2009,accademico,1601,Bergamo,F,immatricolati,1731
2009,accademico,1601,Bergamo,M,immatricolati,1106
2010,accademico,1601,Bergamo,F,immatricolati,1712
2010,accademico,1601,Bergamo,M,immatricolati,1038
2011,accademico,1601,Bergamo,F,immatricolati,1711
2011,accademico,1601,Bergamo,M,immatricolati,1012
2012,accademico,1601,Bergamo,F,immatricolati,1866
2012,accademico,1601,Bergamo,M,immatricolati,1002
2013,accademico,1601,Bergamo,F,immatricolati,1883
2013,accademico,1601,Bergamo,M,immatricolati,946
2014,accademico,1601,Bergamo,F,immatricolati,2194
2014,accademico,1601,Bergamo,M,immatricolati,1205
2015,accademico,1601,Bergamo,F,immatricolati,2406
2015,accademico,1601,Bergamo,M,immatricolati,1272
2016,accademico,1601,Bergamo,F,immatricolati,2255
2016,accademico,1601,Bergamo,M,immatricolati,1382
2017,accademico,1601,Bergamo,F,immatricolati,2447
2017,accademico,1601,Bergamo,M,immatricolati,1507
2018,accademico,1601,Bergamo,F,immatricolati,2657
2018,accademico,1601,Bergamo,M,immatricolati,1622
2019,accademico,1601,Bergamo,F,immatricolati,3418
2019,accademico,1601,Bergamo,M,immatricolati,1984
2020,accademico,1601,Bergamo,F,immatricolati,2150
2020,accademico,1601,Bergamo,M,immatricolati,1374
2021,accademico,1601,Bergamo,F,immatricolati,2400
2021,accademico,1601,Bergamo,M,immatricolati,1636
2022,accademico,1601,Bergamo,F,immatricolati,2523
2022,accademico,1601,Bergamo,M,immatricolati,1776
2023,accademico,1601,Bergamo,F,immatricolati,2197
2023,accademico,1601,Bergamo,M,immatricolati,1450
2024,accademico,1601,Bergamo,F,immatricolati,2255
2024,accademico,1601,Bergamo,M,immatricolati,1572
2025,accademico,1601,Bergamo,F,immatricolati,2016
2025,accademico,1601,Bergamo,M,immatricolati,1626
2000,accademico,1601,Bergamo,F,iscritti,4610
2000,accademico,1601,Bergamo,M,iscritti,3123
2001,accademico,1601,Bergamo,F,iscritti,5374
2001,accademico,1601,Bergamo,M,iscritti,3564
2002,accademico,1601,Bergamo,F,iscritti,6359
2002,accademico,1601,Bergamo,M,iscritti,4224
2003,accademico,1601,Bergamo,F,iscritti,7037
2003,accademico,1601,Bergamo,M,iscritti,4689
2004,accademico,1601,Bergamo,F,iscritti,7676
2004,accademico,1601,Bergamo,M,iscritti,4903
2005,accademico,1601,Bergamo,F,iscritti,8177
2005,accademico,1601,Bergamo,M,iscritti,5142
2006,accademico,1601,Bergamo,F,iscritti,8532
2006,accademico,1601,Bergamo,M,iscritti,5271
2007,accademico,1601,Bergamo,F,iscritti,8438
2007,accademico,1601,Bergamo,M,iscritti,5199
2008,accademico,1601,Bergamo,F,iscritti,8707
2008,accademico,1601,Bergamo,M,iscritti,5338
2009,accademico,1601,Bergamo,F,iscritti,9040
2009,accademico,1601,Bergamo,M,iscritti,5667
2010,accademico,1601,Bergamo,F,iscritti,9404
2010,accademico,1601,Bergamo,M,iscritti,5823
2011,accademico,1601,Bergamo,F,iscritti,9304
2011,accademico,1601,Bergamo,M,iscritti,5691
2012,accademico,1601,Bergamo,F,iscritti,9156
2012,accademico,1601,Bergamo,M,iscritti,5488
2013,accademico,1601,Bergamo,F,iscritti,9080
2013,accademico,1601,Bergamo,M,iscritti,5387
2014,accademico,1601,Bergamo,F,iscritti,9371
2014,accademico,1601,Bergamo,M,iscritti,5564
2015,accademico,1601,Bergamo,F,iscritti,9872
2015,accademico,1601,Bergamo,M,iscritti,5826
2016,accademico,1601,Bergamo,F,iscritti,10459
2016,accademico,1601,Bergamo,M,iscritti,6390
2017,accademico,1601,Bergamo,F,iscritti,11173
2017,accademico,1601,Bergamo,M,iscritti,6968
2018,accademico,1601,Bergamo,F,iscritti,12069
2018,accademico,1601,Bergamo,M,iscritti,7422
2019,accademico,1601,Bergamo,F,iscritti,13241
2019,accademico,1601,Bergamo,M,iscritti,7897
2020,accademico,1601,Bergamo,F,iscritti,13140
2020,accademico,1601,Bergamo,M,iscritti,7772
2021,accademico,1601,Bergamo,F,iscritti,12442
2021,accademico,1601,Bergamo,M,iscritti,7565
2022,accademico,1601,Bergamo,F,iscritti,11839
2022,accademico,1601,Bergamo,M,iscritti,7474
2023,accademico,1601,Bergamo,F,iscritti,11446
2023,accademico,1601,Bergamo,M,iscritti,7462
2024,accademico,1601,Bergamo,F,iscritti,11405
2024,accademico,1601,Bergamo,M,iscritti,7549
2001,solare,1601,Bergamo,F,laureati,392
2001,solare,1601,Bergamo,M,laureati,279
2002,solare,1601,Bergamo,F,laureati,467
2002,solare,1601,Bergamo,M,laureati,361
2003,solare,1601,Bergamo,F,laureati,662
2003,solare,1601,Bergamo,M,laureati,514
2004,solare,1601,Bergamo,F,laureati,999
2004,solare,1601,Bergamo,M,laureati,697
2005,solare,1601,Bergamo,F,laureati,1232
2005,solare,1601,Bergamo,M,laureati,787
2006,solare,1601,Bergamo,F,laureati,1363
2006,solare,1601,Bergamo,M,laureati,776
2007,solare,1601,Bergamo,F,laureati,1425
2007,solare,1601,Bergamo,M,laureati,855
2008,solare,1601,Bergamo,F,laureati,1465
2008,solare,1601,Bergamo,M,laureati,843
2009,solare,1601,Bergamo,F,laureati,1524
2009,solare,1601,Bergamo,M,laureati,872
2010,solare,1601,Bergamo,F,laureati,1579
2010,solare,1601,Bergamo,M,laureati,852
2011,solare,1601,Bergamo,F,laureati,1606
2011,solare,1601,Bergamo,M,laureati,929
2012,solare,1601,Bergamo,F,laureati,1627
2012,solare,1601,Bergamo,M,laureati,917
2013,solare,1601,Bergamo,F,laureati,1741
2013,solare,1601,Bergamo,M,laureati,940
2014,solare,1601,Bergamo,F,laureati,1861
2014,solare,1601,Bergamo,M,laureati,1089
2015,solare,1601,Bergamo,F,laureati,1839
2015,solare,1601,Bergamo,M,laureati,1032
2016,solare,1601,Bergamo,F,laureati,1953
2016,solare,1601,Bergamo,M,laureati,1049
2017,solare,1601,Bergamo,F,laureati,2111
2017,solare,1601,Bergamo,M,laureati,1049
2018,solare,1601,Bergamo,F,laureati,2373
2018,solare,1601,Bergamo,M,laureati,1155
2019,solare,1601,Bergamo,F,laureati,2481
2019,solare,1601,Bergamo,M,laureati,1388
2020,solare,1601,Bergamo,F,laureati,2556
2020,solare,1601,Bergamo,M,laureati,1439
2021,solare,1601,Bergamo,F,laureati,3196
2021,solare,1601,Bergamo,M,laureati,1580
2022,solare,1601,Bergamo,F,laureati,2918
2022,solare,1601,Bergamo,M,laureati,1432
2023,solare,1601,Bergamo,F,laureati,2978
2023,solare,1601,Bergamo,M,laureati,1510
2024,solare,1601,Bergamo,F,laureati,2590
2024,solare,1601,Bergamo,M,laureati,1475
2025,solare,1601,Bergamo,F,laureati,2656
2025,solare,1601,Bergamo,M,laureati,1576
1998,accademico,1701,Brescia,F,immatricolati,936
1998,accademico,1701,Brescia,M,immatricolati,1055
1999,accademico,1701,Brescia,F,immatricolati,1057
1999,accademico,1701,Brescia,M,immatricolati,1218
2000,accademico,1701,Brescia,F,immatricolati,1036
2000,accademico,1701,Brescia,M,immatricolati,1125
2001,accademico,1701,Brescia,F,immatricolati,1091
2001,accademico,1701,Brescia,M,immatricolati,1265
2002,accademico,1701,Brescia,F,immatricolati,1358
2002,accademico,1701,Brescia,M,immatricolati,1416
2003,accademico,1701,Brescia,F,immatricolati,1293
2003,accademico,1701,Brescia,M,immatricolati,1461
2004,accademico,1701,Brescia,F,immatricolati,1348
2004,accademico,1701,Brescia,M,immatricolati,1486
2005,accademico,1701,Brescia,F,immatricolati,1343
2005,accademico,1701,Brescia,M,immatricolati,1367
2006,accademico,1701,Brescia,F,immatricolati,1303
2006,accademico,1701,Brescia,M,immatricolati,1490
2007,accademico,1701,Brescia,F,immatricolati,1362
2007,accademico,1701,Brescia,M,immatricolati,1399
2008,accademico,1701,Brescia,F,immatricolati,1252
2008,accademico,1701,Brescia,M,immatricolati,1423
2009,accademico,1701,Brescia,F,immatricolati,1305
2009,accademico,1701,Brescia,M,immatricolati,1493
2010,accademico,1701,Brescia,F,immatricolati,1197
2010,accademico,1701,Brescia,M,immatricolati,1351
2011,accademico,1701,Brescia,F,immatricolati,1264
2011,accademico,1701,Brescia,M,immatricolati,1389
2012,accademico,1701,Brescia,F,immatricolati,1223
2012,accademico,1701,Brescia,M,immatricolati,1459
2013,accademico,1701,Brescia,F,immatricolati,1258
2013,accademico,1701,Brescia,M,immatricolati,1310
2014,accademico,1701,Brescia,F,immatricolati,1178
2014,accademico,1701,Brescia,M,immatricolati,1405
2015,accademico,1701,Brescia,F,immatricolati,1152
2015,accademico,1701,Brescia,M,immatricolati,1325
2016,accademico,1701,Brescia,F,immatricolati,1156
2016,accademico,1701,Brescia,M,immatricolati,1495
2017,accademico,1701,Brescia,F,immatricolati,1254
2017,accademico,1701,Brescia,M,immatricolati,1485
2018,accademico,1701,Brescia,F,immatricolati,1225
2018,accademico,1701,Brescia,M,immatricolati,1559
2019,accademico,1701,Brescia,F,immatricolati,1452
2019,accademico,1701,Brescia,M,immatricolati,1796
2020,accademico,1701,Brescia,F,immatricolati,1489
2020,accademico,1701,Brescia,M,immatricolati,1745
2021,accademico,1701,Brescia,F,immatricolati,1417
2021,accademico,1701,Brescia,M,immatricolati,1797
2022,accademico,1701,Brescia,F,immatricolati,1499
2022,accademico,1701,Brescia,M,immatricolati,1799
2023,accademico,1701,Brescia,F,immatricolati,1640
2023,accademico,1701,Brescia,M,immatricolati,1727
2024,accademico,1701,Brescia,F,immatricolati,1753
2024,accademico,1701,Brescia,M,immatricolati,1838
2025,accademico,1701,Brescia,F,immatricolati,2050
2025,accademico,1701,Brescia,M,immatricolati,1992
2000,accademico,1701,Brescia,F,iscritti,5356
2000,accademico,1701,Brescia,M,iscritti,6866
2001,accademico,1701,Brescia,F,iscritti,5523
2001,accademico,1701,Brescia,M,iscritti,6875
2002,accademico,1701,Brescia,F,iscritti,5811
2002,accademico,1701,Brescia,M,iscritti,6899
2003,accademico,1701,Brescia,F,iscritti,5940
2003,accademico,1701,Brescia,M,iscritti,7086
2004,accademico,1701,Brescia,F,iscritti,6138
2004,accademico,1701,Brescia,M,iscritti,7104
2005,accademico,1701,Brescia,F,iscritti,6337
2005,accademico,1701,Brescia,M,iscritti,7141
2006,accademico,1701,Brescia,F,iscritti,6414
2006,accademico,1701,Brescia,M,iscritti,7334
2007,accademico,1701,Brescia,F,iscritti,6503
2007,accademico,1701,Brescia,M,iscritti,7424
2008,accademico,1701,Brescia,F,iscritti,6573
2008,accademico,1701,Brescia,M,iscritti,7559
2009,accademico,1701,Brescia,F,iscritti,6737
2009,accademico,1701,Brescia,M,iscritti,7775
2010,accademico,1701,Brescia,F,iscritti,6915
2010,accademico,1701,Brescia,M,iscritti,7999
2011,accademico,1701,Brescia,F,iscritti,6941
2011,accademico,1701,Brescia,M,iscritti,7768
2012,accademico,1701,Brescia,F,iscritti,6827
2012,accademico,1701,Brescia,M,iscritti,7718
2013,accademico,1701,Brescia,F,iscritti,6845
2013,accademico,1701,Brescia,M,iscritti,7640
2014,accademico,1701,Brescia,F,iscritti,6761
2014,accademico,1701,Brescia,M,iscritti,7617
2015,accademico,1701,Brescia,F,iscritti,6607
2015,accademico,1701,Brescia,M,iscritti,7563
2016,accademico,1701,Brescia,F,iscritti,6467
2016,accademico,1701,Brescia,M,iscritti,7609
2017,accademico,1701,Brescia,F,iscritti,6490
2017,accademico,1701,Brescia,M,iscritti,7643
2018,accademico,1701,Brescia,F,iscritti,6443
2018,accademico,1701,Brescia,M,iscritti,7661
2019,accademico,1701,Brescia,F,iscritti,6653
2019,accademico,1701,Brescia,M,iscritti,7890
2020,accademico,1701,Brescia,F,iscritti,6862
2020,accademico,1701,Brescia,M,iscritti,7948
2021,accademico,1701,Brescia,F,iscritti,7024
2021,accademico,1701,Brescia,M,iscritti,8021
2022,accademico,1701,Brescia,F,iscritti,7216
2022,accademico,1701,Brescia,M,iscritti,8019
2023,accademico,1701,Brescia,F,iscritti,7572
2023,accademico,1701,Brescia,M,iscritti,8215
2024,accademico,1701,Brescia,F,iscritti,8001
2024,accademico,1701,Brescia,M,iscritti,8455
2001,solare,1701,Brescia,F,laureati,652
2001,solare,1701,Brescia,M,laureati,653
2002,solare,1701,Brescia,F,laureati,698
2002,solare,1701,Brescia,M,laureati,844
2003,solare,1701,Brescia,F,laureati,902
2003,solare,1701,Brescia,M,laureati,941
2004,solare,1701,Brescia,F,laureati,950
2004,solare,1701,Brescia,M,laureati,1042
2005,solare,1701,Brescia,F,laureati,1040
2005,solare,1701,Brescia,M,laureati,1156
2006,solare,1701,Brescia,F,laureati,1129
2006,solare,1701,Brescia,M,laureati,1076
2007,solare,1701,Brescia,F,laureati,1037
2007,solare,1701,Brescia,M,laureati,1072
2008,solare,1701,Brescia,F,laureati,1114
2008,solare,1701,Brescia,M,laureati,1130
2009,solare,1701,Brescia,F,laureati,1083
2009,solare,1701,Brescia,M,laureati,1116
2010,solare,1701,Brescia,F,laureati,1106
2010,solare,1701,Brescia,M,laureati,1122
2011,solare,1701,Brescia,F,laureati,1184
2011,solare,1701,Brescia,M,laureati,1184
2012,solare,1701,Brescia,F,laureati,1181
2012,solare,1701,Brescia,M,laureati,1235
2013,solare,1701,Brescia,F,laureati,1169
2013,solare,1701,Brescia,M,laureati,1183
2014,solare,1701,Brescia,F,laureati,1148
2014,solare,1701,Brescia,M,laureati,1133
2015,solare,1701,Brescia,F,laureati,1238
2015,solare,1701,Brescia,M,laureati,1241
2016,solare,1701,Brescia,F,laureati,1231
2016,solare,1701,Brescia,M,laureati,1277
2017,solare,1701,Brescia,F,laureati,1272
2017,solare,1701,Brescia,M,laureati,1361
2018,solare,1701,Brescia,F,laureati,1196
2018,solare,1701,Brescia,M,laureati,1308
2019,solare,1701,Brescia,F,laureati,1193
2019,solare,1701,Brescia,M,laureati,1390
2020,solare,1701,Brescia,F,laureati,1151
2020,solare,1701,Brescia,M,laureati,1339
2021,solare,1701,Brescia,F,laureati,1321
2021,solare,1701,Brescia,M,laureati,1473
2022,solare,1701,Brescia,F,laureati,1199
2022,solare,1701,Brescia,M,laureati,1294
2023,solare,1701,Brescia,F,laureati,1286
2023,solare,1701,Brescia,M,laureati,1466
2024,solare,1701,Brescia,F,laureati,1398
2024,solare,1701,Brescia,M,laureati,1453
2025,solare,1701,Brescia,F,laureati,1370
2025,solare,1701,Brescia,M,laureati,1533
1998,accademico,1801,Pavia,F,immatricolati,1679
1998,accademico,1801,Pavia,M,immatricolati,1395
1999,accademico,1801,Pavia,F,immatricolati,1781
1999,accademico,1801,Pavia,M,immatricolati,1448
2000,accademico,1801,Pavia,F,immatricolati,1868
2000,accademico,1801,Pavia,M,immatricolati,1488
2001,accademico,1801,Pavia,F,immatricolati,2226
2001,accademico,1801,Pavia,M,immatricolati,1649
2002,accademico,1801,Pavia,F,immatricolati,2316
2002,accademico,1801,Pavia,M,immatricolati,1764
2003,accademico,1801,Pavia,F,immatricolati,2198
2003,accademico,1801,Pavia,M,immatricolati,1800
2004,accademico,1801,Pavia,F,immatricolati,2160
2004,accademico,1801,Pavia,M,immatricolati,1702
2005,accademico,1801,Pavia,F,immatricolati,2205
2005,accademico,1801,Pavia,M,immatricolati,1772
2006,accademico,1801,Pavia,F,immatricolati,2279
2006,accademico,1801,Pavia,M,immatricolati,1826
2007,accademico,1801,Pavia,F,immatricolati,2337
2007,accademico,1801,Pavia,M,immatricolati,1811
2008,accademico,1801,Pavia,F,immatricolati,2271
2008,accademico,1801,Pavia,M,immatricolati,1725
2009,accademico,1801,Pavia,F,immatricolati,2330
2009,accademico,1801,Pavia,M,immatricolati,1841
2010,accademico,1801,Pavia,F,immatricolati,2260
2010,accademico,1801,Pavia,M,immatricolati,1760
2011,accademico,1801,Pavia,F,immatricolati,2094
2011,accademico,1801,Pavia,M,immatricolati,1718
2012,accademico,1801,Pavia,F,immatricolati,2205
2012,accademico,1801,Pavia,M,immatricolati,1713
2013,accademico,1801,Pavia,F,immatricolati,2056
2013,accademico,1801,Pavia,M,immatricolati,1701
2014,accademico,1801,Pavia,F,immatricolati,2113
2014,accademico,1801,Pavia,M,immatricolati,1690
2015,accademico,1801,Pavia,F,immatricolati,2272
2015,accademico,1801,Pavia,M,immatricolati,1749
2016,accademico,1801,Pavia,F,immatricolati,2418
2016,accademico,1801,Pavia,M,immatricolati,1961
2017,accademico,1801,Pavia,F,immatricolati,2741
2017,accademico,1801,Pavia,M,immatricolati,2080
2018,accademico,1801,Pavia,F,immatricolati,2694
2018,accademico,1801,Pavia,M,immatricolati,2177
2019,accademico,1801,Pavia,F,immatricolati,2374
2019,accademico,1801,Pavia,M,immatricolati,2005
2020,accademico,1801,Pavia,F,immatricolati,2529
2020,accademico,1801,Pavia,M,immatricolati,2126
2021,accademico,1801,Pavia,F,immatricolati,2644
2021,accademico,1801,Pavia,M,immatricolati,2114
2022,accademico,1801,Pavia,F,immatricolati,2823
2022,accademico,1801,Pavia,M,immatricolati,2232
2023,accademico,1801,Pavia,F,immatricolati,2892
2023,accademico,1801,Pavia,M,immatricolati,2303
2024,accademico,1801,Pavia,F,immatricolati,2925
2024,accademico,1801,Pavia,M,immatricolati,2435
2025,accademico,1801,Pavia,F,immatricolati,2945
2025,accademico,1801,Pavia,M,immatricolati,2388
2000,accademico,1801,Pavia,F,iscritti,11852
2000,accademico,1801,Pavia,M,iscritti,9818
2001,accademico,1801,Pavia,F,iscritti,12155
2001,accademico,1801,Pavia,M,iscritti,9876
2002,accademico,1801,Pavia,F,iscritti,12275
2002,accademico,1801,Pavia,M,iscritti,9993
2003,accademico,1801,Pavia,F,iscritti,12401
2003,accademico,1801,Pavia,M,iscritti,9846
2004,accademico,1801,Pavia,F,iscritti,12037
2004,accademico,1801,Pavia,M,iscritti,9458
2005,accademico,1801,Pavia,F,iscritti,12007
2005,accademico,1801,Pavia,M,iscritti,9362
2006,accademico,1801,Pavia,F,iscritti,12375
2006,accademico,1801,Pavia,M,iscritti,9743
2007,accademico,1801,Pavia,F,iscritti,12471
2007,accademico,1801,Pavia,M,iscritti,9805
2008,accademico,1801,Pavia,F,iscritti,12273
2008,accademico,1801,Pavia,M,iscritti,9466
2009,accademico,1801,Pavia,F,iscritti,12263
2009,accademico,1801,Pavia,M,iscritti,9613
2010,accademico,1801,Pavia,F,iscritti,13023
2010,accademico,1801,Pavia,M,iscritti,10381
2011,accademico,1801,Pavia,F,iscritti,12569
2011,accademico,1801,Pavia,M,iscritti,9992
2012,accademico,1801,Pavia,F,iscritti,12518
2012,accademico,1801,Pavia,M,iscritti,9873
2013,accademico,1801,Pavia,F,iscritti,12143
2013,accademico,1801,Pavia,M,iscritti,9817
2014,accademico,1801,Pavia,F,iscritti,12029
2014,accademico,1801,Pavia,M,iscritti,9603
2015,accademico,1801,Pavia,F,iscritti,11881
2015,accademico,1801,Pavia,M,iscritti,9499
2016,accademico,1801,Pavia,F,iscritti,11985
2016,accademico,1801,Pavia,M,iscritti,9643
2017,accademico,1801,Pavia,F,iscritti,12314
2017,accademico,1801,Pavia,M,iscritti,9916
2018,accademico,1801,Pavia,F,iscritti,12920
2018,accademico,1801,Pavia,M,iscritti,10382
2019,accademico,1801,Pavia,F,iscritti,13087
2019,accademico,1801,Pavia,M,iscritti,10378
2020,accademico,1801,Pavia,F,iscritti,13382
2020,accademico,1801,Pavia,M,iscritti,10438
2021,accademico,1801,Pavia,F,iscritti,13796
2021,accademico,1801,Pavia,M,iscritti,10604
2022,accademico,1801,Pavia,F,iscritti,14171
2022,accademico,1801,Pavia,M,iscritti,10946
2023,accademico,1801,Pavia,F,iscritti,14766
2023,accademico,1801,Pavia,M,iscritti,11321
2024,accademico,1801,Pavia,F,iscritti,15080
2024,accademico,1801,Pavia,M,iscritti,11435
2001,solare,1801,Pavia,F,laureati,1515
2001,solare,1801,Pavia,M,laureati,1244
2002,solare,1801,Pavia,F,laureati,1710
2002,solare,1801,Pavia,M,laureati,1327
2003,solare,1801,Pavia,F,laureati,2251
2003,solare,1801,Pavia,M,laureati,1859
2004,solare,1801,Pavia,F,laureati,3335
2004,solare,1801,Pavia,M,laureati,2063
2005,solare,1801,Pavia,F,laureati,2594
2005,solare,1801,Pavia,M,laureati,1949
2006,solare,1801,Pavia,F,laureati,2403
2006,solare,1801,Pavia,M,laureati,1687
2007,solare,1801,Pavia,F,laureati,2368
2007,solare,1801,Pavia,M,laureati,1665
2008,solare,1801,Pavia,F,laureati,2362
2008,solare,1801,Pavia,M,laureati,1696
2009,solare,1801,Pavia,F,laureati,2283
2009,solare,1801,Pavia,M,laureati,1724
2010,solare,1801,Pavia,F,laureati,2385
2010,solare,1801,Pavia,M,laureati,1651
2011,solare,1801,Pavia,F,laureati,2453
2011,solare,1801,Pavia,M,laureati,1740
2012,solare,1801,Pavia,F,laureati,2326
2012,solare,1801,Pavia,M,laureati,1785
2013,solare,1801,Pavia,F,laureati,2565
2013,solare,1801,Pavia,M,laureati,1843
2014,solare,1801,Pavia,F,laureati,2581
2014,solare,1801,Pavia,M,laureati,1868
2015,solare,1801,Pavia,F,laureati,2632
2015,solare,1801,Pavia,M,laureati,1953
2016,solare,1801,Pavia,F,laureati,2479
2016,solare,1801,Pavia,M,laureati,1878
2017,solare,1801,Pavia,F,laureati,2527
2017,solare,1801,Pavia,M,laureati,1894
2018,solare,1801,Pavia,F,laureati,2571
2018,solare,1801,Pavia,M,laureati,1897
2019,solare,1801,Pavia,F,laureati,2588
2019,solare,1801,Pavia,M,laureati,1995
2020,solare,1801,Pavia,F,laureati,2757
2020,solare,1801,Pavia,M,laureati,1988
2021,solare,1801,Pavia,F,laureati,2934
2021,solare,1801,Pavia,M,laureati,2042
2022,solare,1801,Pavia,F,laureati,2829
2022,solare,1801,Pavia,M,laureati,1879
2023,solare,1801,Pavia,F,laureati,2883
2023,solare,1801,Pavia,M,laureati,2074
2024,solare,1801,Pavia,F,laureati,3199
2024,solare,1801,Pavia,M,laureati,2098
2025,solare,1801,Pavia,F,laureati,3102
2025,solare,1801,Pavia,M,laureati,2170
1998,accademico,201,Piemonte Orientale,F,immatricolati,719
1998,accademico,201,Piemonte Orientale,M,immatricolati,477
1999,accademico,201,Piemonte Orientale,F,immatricolati,930
1999,accademico,201,Piemonte Orientale,M,immatricolati,606
2000,accademico,201,Piemonte Orientale,F,immatricolati,869
2000,accademico,201,Piemonte Orientale,M,immatricolati,585
2001,accademico,201,Piemonte Orientale,F,immatricolati,1209
2001,accademico,201,Piemonte Orientale,M,immatricolati,764
2002,accademico,201,Piemonte Orientale,F,immatricolati,1239
2002,accademico,201,Piemonte Orientale,M,immatricolati,737
2003,accademico,201,Piemonte Orientale,F,immatricolati,1416
2003,accademico,201,Piemonte Orientale,M,immatricolati,844
2004,accademico,201,Piemonte Orientale,F,immatricolati,1241
2004,accademico,201,Piemonte Orientale,M,immatricolati,799
2005,accademico,201,Piemonte Orientale,F,immatricolati,1186
2005,accademico,201,Piemonte Orientale,M,immatricolati,751
2006,accademico,201,Piemonte Orientale,F,immatricolati,1018
2006,accademico,201,Piemonte Orientale,M,immatricolati,619
2007,accademico,201,Piemonte Orientale,F,immatricolati,1152
2007,accademico,201,Piemonte Orientale,M,immatricolati,645
2008,accademico,201,Piemonte Orientale,F,immatricolati,1066
2008,accademico,201,Piemonte Orientale,M,immatricolati,647
2009,accademico,201,Piemonte Orientale,F,immatricolati,1177
2009,accademico,201,Piemonte Orientale,M,immatricolati,739
2010,accademico,201,Piemonte Orientale,F,immatricolati,1071
2010,accademico,201,Piemonte Orientale,M,immatricolati,675
2011,accademico,201,Piemonte Orientale,F,immatricolati,1055
2011,accademico,201,Piemonte Orientale,M,immatricolati,758
2012,accademico,201,Piemonte Orientale,F,immatricolati,1220
2012,accademico,201,Piemonte Orientale,M,immatricolati,768
2013,accademico,201,Piemonte Orientale,F,immatricolati,1340
2013,accademico,201,Piemonte Orientale,M,immatricolati,817
2014,accademico,201,Piemonte Orientale,F,immatricolati,1429
2014,accademico,201,Piemonte Orientale,M,immatricolati,863
2015,accademico,201,Piemonte Orientale,F,immatricolati,1742
2015,accademico,201,Piemonte Orientale,M,immatricolati,1046
2016,accademico,201,Piemonte Orientale,F,immatricolati,2222
2016,accademico,201,Piemonte Orientale,M,immatricolati,1303
2017,accademico,201,Piemonte Orientale,F,immatricolati,1913
2017,accademico,201,Piemonte Orientale,M,immatricolati,1173
2018,accademico,201,Piemonte Orientale,F,immatricolati,2035
2018,accademico,201,Piemonte Orientale,M,immatricolati,1233
2019,accademico,201,Piemonte Orientale,F,immatricolati,2159
2019,accademico,201,Piemonte Orientale,M,immatricolati,1349
2020,accademico,201,Piemonte Orientale,F,immatricolati,2077
2020,accademico,201,Piemonte Orientale,M,immatricolati,1413
2021,accademico,201,Piemonte Orientale,F,immatricolati,2340
2021,accademico,201,Piemonte Orientale,M,immatricolati,1441
2022,accademico,201,Piemonte Orientale,F,immatricolati,2352
2022,accademico,201,Piemonte Orientale,M,immatricolati,1502
2023,accademico,201,Piemonte Orientale,F,immatricolati,2256
2023,accademico,201,Piemonte Orientale,M,immatricolati,1379
2024,accademico,201,Piemonte Orientale,F,immatricolati,2150
2024,accademico,201,Piemonte Orientale,M,immatricolati,1374
2025,accademico,201,Piemonte Orientale,F,immatricolati,2044
2025,accademico,201,Piemonte Orientale,M,immatricolati,1632
2000,accademico,201,Piemonte Orientale,F,iscritti,4683
2000,accademico,201,Piemonte Orientale,M,iscritti,3126
2001,accademico,201,Piemonte Orientale,F,iscritti,4928
2001,accademico,201,Piemonte Orientale,M,iscritti,3252
2002,accademico,201,Piemonte Orientale,F,iscritti,5164
2002,accademico,201,Piemonte Orientale,M,iscritti,3244
2003,accademico,201,Piemonte Orientale,F,iscritti,5844
2003,accademico,201,Piemonte Orientale,M,iscritti,3745
2004,accademico,201,Piemonte Orientale,F,iscritti,6041
2004,accademico,201,Piemonte Orientale,M,iscritti,3817
2005,accademico,201,Piemonte Orientale,F,iscritti,5798
2005,accademico,201,Piemonte Orientale,M,iscritti,3571
2006,accademico,201,Piemonte Orientale,F,iscritti,5814
2006,accademico,201,Piemonte Orientale,M,iscritti,3557
2007,accademico,201,Piemonte Orientale,F,iscritti,5781
2007,accademico,201,Piemonte Orientale,M,iscritti,3592
2008,accademico,201,Piemonte Orientale,F,iscritti,5863
2008,accademico,201,Piemonte Orientale,M,iscritti,3607
2009,accademico,201,Piemonte Orientale,F,iscritti,5815
2009,accademico,201,Piemonte Orientale,M,iscritti,3518
2010,accademico,201,Piemonte Orientale,F,iscritti,6103
2010,accademico,201,Piemonte Orientale,M,iscritti,3859
2011,accademico,201,Piemonte Orientale,F,iscritti,6013
2011,accademico,201,Piemonte Orientale,M,iscritti,3989
2012,accademico,201,Piemonte Orientale,F,iscritti,6197
2012,accademico,201,Piemonte Orientale,M,iscritti,3991
2013,accademico,201,Piemonte Orientale,F,iscritti,6232
2013,accademico,201,Piemonte Orientale,M,iscritti,4022
2014,accademico,201,Piemonte Orientale,F,iscritti,6410
2014,accademico,201,Piemonte Orientale,M,iscritti,4119
2015,accademico,201,Piemonte Orientale,F,iscritti,6614
2015,accademico,201,Piemonte Orientale,M,iscritti,4243
2016,accademico,201,Piemonte Orientale,F,iscritti,7206
2016,accademico,201,Piemonte Orientale,M,iscritti,4624
2017,accademico,201,Piemonte Orientale,F,iscritti,7426
2017,accademico,201,Piemonte Orientale,M,iscritti,4775
2018,accademico,201,Piemonte Orientale,F,iscritti,7766
2018,accademico,201,Piemonte Orientale,M,iscritti,4939
2019,accademico,201,Piemonte Orientale,F,iscritti,7978
2019,accademico,201,Piemonte Orientale,M,iscritti,5199
2020,accademico,201,Piemonte Orientale,F,iscritti,8278
2020,accademico,201,Piemonte Orientale,M,iscritti,5463
2021,accademico,201,Piemonte Orientale,F,iscritti,8482
2021,accademico,201,Piemonte Orientale,M,iscritti,5450
2022,accademico,201,Piemonte Orientale,F,iscritti,8433
2022,accademico,201,Piemonte Orientale,M,iscritti,5497
2023,accademico,201,Piemonte Orientale,F,iscritti,8414
2023,accademico,201,Piemonte Orientale,M,iscritti,5466
2024,accademico,201,Piemonte Orientale,F,iscritti,8584
2024,accademico,201,Piemonte Orientale,M,iscritti,5651
2001,solare,201,Piemonte Orientale,F,laureati,582
2001,solare,201,Piemonte Orientale,M,laureati,347
2002,solare,201,Piemonte Orientale,F,laureati,669
2002,solare,201,Piemonte Orientale,M,laureati,370
2003,solare,201,Piemonte Orientale,F,laureati,832
2003,solare,201,Piemonte Orientale,M,laureati,458
2004,solare,201,Piemonte Orientale,F,laureati,1059
2004,solare,201,Piemonte Orientale,M,laureati,605
2005,solare,201,Piemonte Orientale,F,laureati,1080
2005,solare,201,Piemonte Orientale,M,laureati,627
2006,solare,201,Piemonte Orientale,F,laureati,1025
2006,solare,201,Piemonte Orientale,M,laureati,580
2007,solare,201,Piemonte Orientale,F,laureati,1158
2007,solare,201,Piemonte Orientale,M,laureati,546
2008,solare,201,Piemonte Orientale,F,laureati,1135
2008,solare,201,Piemonte Orientale,M,laureati,561
2009,solare,201,Piemonte Orientale,F,laureati,957
2009,solare,201,Piemonte Orientale,M,laureati,538
2010,solare,201,Piemonte Orientale,F,laureati,1077
2010,solare,201,Piemonte Orientale,M,laureati,598
2011,solare,201,Piemonte Orientale,F,laureati,1064
2011,solare,201,Piemonte Orientale,M,laureati,515
2012,solare,201,Piemonte Orientale,F,laureati,937
2012,solare,201,Piemonte Orientale,M,laureati,515
2013,solare,201,Piemonte Orientale,F,laureati,1100
2013,solare,201,Piemonte Orientale,M,laureati,645
2014,solare,201,Piemonte Orientale,F,laureati,1014
2014,solare,201,Piemonte Orientale,M,laureati,568
2015,solare,201,Piemonte Orientale,F,laureati,1127
2015,solare,201,Piemonte Orientale,M,laureati,635
2016,solare,201,Piemonte Orientale,F,laureati,1117
2016,solare,201,Piemonte Orientale,M,laureati,656
2017,solare,201,Piemonte Orientale,F,laureati,1167
2017,solare,201,Piemonte Orientale,M,laureati,659
2018,solare,201,Piemonte Orientale,F,laureati,1265
2018,solare,201,Piemonte Orientale,M,laureati,759
2019,solare,201,Piemonte Orientale,F,laureati,1537
2019,solare,201,Piemonte Orientale,M,laureati,824
2020,solare,201,Piemonte Orientale,F,laureati,1372
2020,solare,201,Piemonte Orientale,M,laureati,747
2021,solare,201,Piemonte Orientale,F,laureati,1494
2021,solare,201,Piemonte Orientale,M,laureati,881
2022,solare,201,Piemonte Orientale,F,laureati,1347
2022,solare,201,Piemonte Orientale,M,laureati,795
2023,solare,201,Piemonte Orientale,F,laureati,1516
2023,solare,201,Piemonte Orientale,M,laureati,857
2024,solare,201,Piemonte Orientale,F,laureati,1442
2024,solare,201,Piemonte Orientale,M,laureati,900
2025,solare,201,Piemonte Orientale,F,laureati,1463
2025,solare,201,Piemonte Orientale,M,laureati,917
1998,accademico,2101,Bolzano,F,immatricolati,128
1998,accademico,2101,Bolzano,M,immatricolati,59
1999,accademico,2101,Bolzano,F,immatricolati,216
1999,accademico,2101,Bolzano,M,immatricolati,65
2000,accademico,2101,Bolzano,F,immatricolati,179
2000,accademico,2101,Bolzano,M,immatricolati,66
2001,accademico,2101,Bolzano,F,immatricolati,218
2001,accademico,2101,Bolzano,M,immatricolati,162
2002,accademico,2101,Bolzano,F,immatricolati,304
2002,accademico,2101,Bolzano,M,immatricolati,158
2003,accademico,2101,Bolzano,F,immatricolati,356
2003,accademico,2101,Bolzano,M,immatricolati,123
2004,accademico,2101,Bolzano,F,immatricolati,253
2004,accademico,2101,Bolzano,M,immatricolati,140
2005,accademico,2101,Bolzano,F,immatricolati,369
2005,accademico,2101,Bolzano,M,immatricolati,165
2006,accademico,2101,Bolzano,F,immatricolati,395
2006,accademico,2101,Bolzano,M,immatricolati,146
2007,accademico,2101,Bolzano,F,immatricolati,496
2007,accademico,2101,Bolzano,M,immatricolati,156
2008,accademico,2101,Bolzano,F,immatricolati,473
2008,accademico,2101,Bolzano,M,immatricolati,175
2009,accademico,2101,Bolzano,F,immatricolati,519
2009,accademico,2101,Bolzano,M,immatricolati,183
2010,accademico,2101,Bolzano,F,immatricolati,441
2010,accademico,2101,Bolzano,M,immatricolati,209
2011,accademico,2101,Bolzano,F,immatricolati,184
2011,accademico,2101,Bolzano,M,immatricolati,135
2012,accademico,2101,Bolzano,F,immatricolati,371
2012,accademico,2101,Bolzano,M,immatricolati,149
2013,accademico,2101,Bolzano,F,immatricolati,413
2013,accademico,2101,Bolzano,M,immatricolati,152
2014,accademico,2101,Bolzano,F,immatricolati,400
2014,accademico,2101,Bolzano,M,immatricolati,197
2015,accademico,2101,Bolzano,F,immatricolati,417
2015,accademico,2101,Bolzano,M,immatricolati,180
2016,accademico,2101,Bolzano,F,immatricolati,486
2016,accademico,2101,Bolzano,M,immatricolati,176
2017,accademico,2101,Bolzano,F,immatricolati,580
2017,accademico,2101,Bolzano,M,immatricolati,211
2018,accademico,2101,Bolzano,F,immatricolati,460
2018,accademico,2101,Bolzano,M,immatricolati,177
2019,accademico,2101,Bolzano,F,immatricolati,514
2019,accademico,2101,Bolzano,M,immatricolati,225
2020,accademico,2101,Bolzano,F,immatricolati,468
2020,accademico,2101,Bolzano,M,immatricolati,203
2021,accademico,2101,Bolzano,F,immatricolati,425
2021,accademico,2101,Bolzano,M,immatricolati,188
2022,accademico,2101,Bolzano,F,immatricolati,393
2022,accademico,2101,Bolzano,M,immatricolati,179
2023,accademico,2101,Bolzano,F,immatricolati,413
2023,accademico,2101,Bolzano,M,immatricolati,221
2024,accademico,2101,Bolzano,F,immatricolati,400
2024,accademico,2101,Bolzano,M,immatricolati,238
2025,accademico,2101,Bolzano,F,immatricolati,408
2025,accademico,2101,Bolzano,M,immatricolati,216
2000,accademico,2101,Bolzano,F,iscritti,555
2000,accademico,2101,Bolzano,M,iscritti,196
2001,accademico,2101,Bolzano,F,iscritti,693
2001,accademico,2101,Bolzano,M,iscritti,325
2002,accademico,2101,Bolzano,F,iscritti,857
2002,accademico,2101,Bolzano,M,iscritti,421
2003,accademico,2101,Bolzano,F,iscritti,1004
2003,accademico,2101,Bolzano,M,iscritti,436
2004,accademico,2101,Bolzano,F,iscritti,1196
2004,accademico,2101,Bolzano,M,iscritti,535
2005,accademico,2101,Bolzano,F,iscritti,1386
2005,accademico,2101,Bolzano,M,iscritti,573
2006,accademico,2101,Bolzano,F,iscritti,1471
2006,accademico,2101,Bolzano,M,iscritti,574
2007,accademico,2101,Bolzano,F,iscritti,1542
2007,accademico,2101,Bolzano,M,iscritti,645
2008,accademico,2101,Bolzano,F,iscritti,1682
2008,accademico,2101,Bolzano,M,iscritti,679
2009,accademico,2101,Bolzano,F,iscritti,1866
2009,accademico,2101,Bolzano,M,iscritti,679
2010,accademico,2101,Bolzano,F,iscritti,2306
2010,accademico,2101,Bolzano,M,iscritti,893
2011,accademico,2101,Bolzano,F,iscritti,1985
2011,accademico,2101,Bolzano,M,iscritti,845
2012,accademico,2101,Bolzano,F,iscritti,1901
2012,accademico,2101,Bolzano,M,iscritti,858
2013,accademico,2101,Bolzano,F,iscritti,1824
2013,accademico,2101,Bolzano,M,iscritti,828
2014,accademico,2101,Bolzano,F,iscritti,1858
2014,accademico,2101,Bolzano,M,iscritti,900
2015,accademico,2101,Bolzano,F,iscritti,2070
2015,accademico,2101,Bolzano,M,iscritti,957
2016,accademico,2101,Bolzano,F,iscritti,2246
2016,accademico,2101,Bolzano,M,iscritti,1047
2017,accademico,2101,Bolzano,F,iscritti,2499
2017,accademico,2101,Bolzano,M,iscritti,1180
2018,accademico,2101,Bolzano,F,iscritti,2559
2018,accademico,2101,Bolzano,M,iscritti,1198
2019,accademico,2101,Bolzano,F,iscritti,2742
2019,accademico,2101,Bolzano,M,iscritti,1219
2020,accademico,2101,Bolzano,F,iscritti,2821
2020,accademico,2101,Bolzano,M,iscritti,1245
2021,accademico,2101,Bolzano,F,iscritti,2543
2021,accademico,2101,Bolzano,M,iscritti,1146
2022,accademico,2101,Bolzano,F,iscritti,2404
2022,accademico,2101,Bolzano,M,iscritti,1124
2023,accademico,2101,Bolzano,F,iscritti,2295
2023,accademico,2101,Bolzano,M,iscritti,1138
2024,accademico,2101,Bolzano,F,iscritti,2238
2024,accademico,2101,Bolzano,M,iscritti,1184
2001,solare,2101,Bolzano,F,laureati,16
2001,solare,2101,Bolzano,M,laureati,3
2002,solare,2101,Bolzano,F,laureati,85
2002,solare,2101,Bolzano,M,laureati,41
2003,solare,2101,Bolzano,F,laureati,195
2003,solare,2101,Bolzano,M,laureati,47
2004,solare,2101,Bolzano,F,laureati,214
2004,solare,2101,Bolzano,M,laureati,107
2005,solare,2101,Bolzano,F,laureati,221
2005,solare,2101,Bolzano,M,laureati,96
2006,solare,2101,Bolzano,F,laureati,227
2006,solare,2101,Bolzano,M,laureati,79
2007,solare,2101,Bolzano,F,laureati,310
2007,solare,2101,Bolzano,M,laureati,102
2008,solare,2101,Bolzano,F,laureati,334
2008,solare,2101,Bolzano,M,laureati,107
2009,solare,2101,Bolzano,F,laureati,357
2009,solare,2101,Bolzano,M,laureati,120
2010,solare,2101,Bolzano,F,laureati,395
2010,solare,2101,Bolzano,M,laureati,135
2011,solare,2101,Bolzano,F,laureati,472
2011,solare,2101,Bolzano,M,laureati,158
2012,solare,2101,Bolzano,F,laureati,493
2012,solare,2101,Bolzano,M,laureati,150
2013,solare,2101,Bolzano,F,laureati,532
2013,solare,2101,Bolzano,M,laureati,179
2014,solare,2101,Bolzano,F,laureati,452
2014,solare,2101,Bolzano,M,laureati,178
2015,solare,2101,Bolzano,F,laureati,292
2015,solare,2101,Bolzano,M,laureati,161
2016,solare,2101,Bolzano,F,laureati,365
2016,solare,2101,Bolzano,M,laureati,159
2017,solare,2101,Bolzano,F,laureati,432
2017,solare,2101,Bolzano,M,laureati,179
2018,solare,2101,Bolzano,F,laureati,486
2018,solare,2101,Bolzano,M,laureati,217
2019,solare,2101,Bolzano,F,laureati,470
2019,solare,2101,Bolzano,M,laureati,235
2020,solare,2101,Bolzano,F,laureati,583
2020,solare,2101,Bolzano,M,laureati,248
2021,solare,2101,Bolzano,F,laureati,593
2021,solare,2101,Bolzano,M,laureati,232
2022,solare,2101,Bolzano,F,laureati,610
2022,solare,2101,Bolzano,M,laureati,230
2023,solare,2101,Bolzano,F,laureati,597
2023,solare,2101,Bolzano,M,laureati,279
2024,solare,2101,Bolzano,F,laureati,567
2024,solare,2101,Bolzano,M,laureati,223
2025,solare,2101,Bolzano,F,laureati,534
2025,solare,2101,Bolzano,M,laureati,281
1998,accademico,2201,Trento,F,immatricolati,1317
1998,accademico,2201,Trento,M,immatricolati,1348
1999,accademico,2201,Trento,F,immatricolati,1200
1999,accademico,2201,Trento,M,immatricolati,1462
2000,accademico,2201,Trento,F,immatricolati,1090
2000,accademico,2201,Trento,M,immatricolati,1231
2001,accademico,2201,Trento,F,immatricolati,1529
2001,accademico,2201,Trento,M,immatricolati,1431
2002,accademico,2201,Trento,F,immatricolati,1430
2002,accademico,2201,Trento,M,immatricolati,1439
2003,accademico,2201,Trento,F,immatricolati,1394
2003,accademico,2201,Trento,M,immatricolati,1234
2004,accademico,2201,Trento,F,immatricolati,1368
2004,accademico,2201,Trento,M,immatricolati,1320
2005,accademico,2201,Trento,F,immatricolati,1391
2005,accademico,2201,Trento,M,immatricolati,1274
2006,accademico,2201,Trento,F,immatricolati,1211
2006,accademico,2201,Trento,M,immatricolati,1173
2007,accademico,2201,Trento,F,immatricolati,1167
2007,accademico,2201,Trento,M,immatricolati,1137
2008,accademico,2201,Trento,F,immatricolati,1175
2008,accademico,2201,Trento,M,immatricolati,1139
2009,accademico,2201,Trento,F,immatricolati,1483
2009,accademico,2201,Trento,M,immatricolati,1477
2010,accademico,2201,Trento,F,immatricolati,1629
2010,accademico,2201,Trento,M,immatricolati,1464
2011,accademico,2201,Trento,F,immatricolati,1591
2011,accademico,2201,Trento,M,immatricolati,1567
2012,accademico,2201,Trento,F,immatricolati,1466
2012,accademico,2201,Trento,M,immatricolati,1454
2013,accademico,2201,Trento,F,immatricolati,1421
2013,accademico,2201,Trento,M,immatricolati,1550
2014,accademico,2201,Trento,F,immatricolati,1544
2014,accademico,2201,Trento,M,immatricolati,1487
2015,accademico,2201,Trento,F,immatricolati,1503
2015,accademico,2201,Trento,M,immatricolati,1406
2016,accademico,2201,Trento,F,immatricolati,1483
2016,accademico,2201,Trento,M,immatricolati,1427
2017,accademico,2201,Trento,F,immatricolati,1498
2017,accademico,2201,Trento,M,immatricolati,1438
2018,accademico,2201,Trento,F,immatricolati,1447
2018,accademico,2201,Trento,M,immatricolati,1489
2019,accademico,2201,Trento,F,immatricolati,1575
2019,accademico,2201,Trento,M,immatricolati,1502
2020,accademico,2201,Trento,F,immatricolati,1527
2020,accademico,2201,Trento,M,immatricolati,1468
2021,accademico,2201,Trento,F,immatricolati,1470
2021,accademico,2201,Trento,M,immatricolati,1479
2022,accademico,2201,Trento,F,immatricolati,1501
2022,accademico,2201,Trento,M,immatricolati,1379
2023,accademico,2201,Trento,F,immatricolati,1551
2023,accademico,2201,Trento,M,immatricolati,1446
2024,accademico,2201,Trento,F,immatricolati,1626
2024,accademico,2201,Trento,M,immatricolati,1542
2025,accademico,2201,Trento,F,immatricolati,1626
2025,accademico,2201,Trento,M,immatricolati,1575
2000,accademico,2201,Trento,F,iscritti,7001
2000,accademico,2201,Trento,M,iscritti,7212
2001,accademico,2201,Trento,F,iscritti,7026
2001,accademico,2201,Trento,M,iscritti,7341
2002,accademico,2201,Trento,F,iscritti,7170
2002,accademico,2201,Trento,M,iscritti,7340
2003,accademico,2201,Trento,F,iscritti,7235
2003,accademico,2201,Trento,M,iscritti,7121
2004,accademico,2201,Trento,F,iscritti,7512
2004,accademico,2201,Trento,M,iscritti,7320
2005,accademico,2201,Trento,F,iscritti,7846
2005,accademico,2201,Trento,M,iscritti,7567
2006,accademico,2201,Trento,F,iscritti,7933
2006,accademico,2201,Trento,M,iscritti,7597
2007,accademico,2201,Trento,F,iscritti,7925
2007,accademico,2201,Trento,M,iscritti,7499
2008,accademico,2201,Trento,F,iscritti,7845
2008,accademico,2201,Trento,M,iscritti,7320
2009,accademico,2201,Trento,F,iscritti,7876
2009,accademico,2201,Trento,M,iscritti,7350
2010,accademico,2201,Trento,F,iscritti,8821
2010,accademico,2201,Trento,M,iscritti,8208
2011,accademico,2201,Trento,F,iscritti,8900
2011,accademico,2201,Trento,M,iscritti,8388
2012,accademico,2201,Trento,F,iscritti,8703
2012,accademico,2201,Trento,M,iscritti,8270
2013,accademico,2201,Trento,F,iscritti,8565
2013,accademico,2201,Trento,M,iscritti,8338
2014,accademico,2201,Trento,F,iscritti,8564
2014,accademico,2201,Trento,M,iscritti,8307
2015,accademico,2201,Trento,F,iscritti,8431
2015,accademico,2201,Trento,M,iscritti,8083
2016,accademico,2201,Trento,F,iscritti,8282
2016,accademico,2201,Trento,M,iscritti,8113
2017,accademico,2201,Trento,F,iscritti,8310
2017,accademico,2201,Trento,M,iscritti,8151
2018,accademico,2201,Trento,F,iscritti,8467
2018,accademico,2201,Trento,M,iscritti,8212
2019,accademico,2201,Trento,F,iscritti,8635
2019,accademico,2201,Trento,M,iscritti,8269
2020,accademico,2201,Trento,F,iscritti,8536
2020,accademico,2201,Trento,M,iscritti,8159
2021,accademico,2201,Trento,F,iscritti,8536
2021,accademico,2201,Trento,M,iscritti,8022
2022,accademico,2201,Trento,F,iscritti,8405
2022,accademico,2201,Trento,M,iscritti,7898
2023,accademico,2201,Trento,F,iscritti,8487
2023,accademico,2201,Trento,M,iscritti,7944
2024,accademico,2201,Trento,F,iscritti,8836
2024,accademico,2201,Trento,M,iscritti,8087
2001,solare,2201,Trento,F,laureati,873
2001,solare,2201,Trento,M,laureati,759
2002,solare,2201,Trento,F,laureati,1026
2002,solare,2201,Trento,M,laureati,1101
2003,solare,2201,Trento,F,laureati,979
2003,solare,2201,Trento,M,laureati,881
2004,solare,2201,Trento,F,laureati,1099
2004,solare,2201,Trento,M,laureati,970
2005,solare,2201,Trento,F,laureati,1305
2005,solare,2201,Trento,M,laureati,1135
2006,solare,2201,Trento,F,laureati,1184
2006,solare,2201,Trento,M,laureati,1040
2007,solare,2201,Trento,F,laureati,1217
2007,solare,2201,Trento,M,laureati,1090
2008,solare,2201,Trento,F,laureati,1244
2008,solare,2201,Trento,M,laureati,1083
2009,solare,2201,Trento,F,laureati,1264
2009,solare,2201,Trento,M,laureati,1103
2010,solare,2201,Trento,F,laureati,1216
2010,solare,2201,Trento,M,laureati,1203
2011,solare,2201,Trento,F,laureati,1445
2011,solare,2201,Trento,M,laureati,1218
2012,solare,2201,Trento,F,laureati,1525
2012,solare,2201,Trento,M,laureati,1394
2013,solare,2201,Trento,F,laureati,1693
2013,solare,2201,Trento,M,laureati,1537
2014,solare,2201,Trento,F,laureati,1852
2014,solare,2201,Trento,M,laureati,1615
2015,solare,2201,Trento,F,laureati,1864
2015,solare,2201,Trento,M,laureati,1662
2016,solare,2201,Trento,F,laureati,1803
2016,solare,2201,Trento,M,laureati,1773
2017,solare,2201,Trento,F,laureati,1838
2017,solare,2201,Trento,M,laureati,1689
2018,solare,2201,Trento,F,laureati,1898
2018,solare,2201,Trento,M,laureati,1805
2019,solare,2201,Trento,F,laureati,1920
2019,solare,2201,Trento,M,laureati,1781
2020,solare,2201,Trento,F,laureati,2007
2020,solare,2201,Trento,M,laureati,1857
2021,solare,2201,Trento,F,laureati,2022
2021,solare,2201,Trento,M,laureati,1888
2022,solare,2201,Trento,F,laureati,1990
2022,solare,2201,Trento,M,laureati,1841
2023,solare,2201,Trento,F,laureati,2076
2023,solare,2201,Trento,M,laureati,1806
2024,solare,2201,Trento,F,laureati,1982
2024,solare,2201,Trento,M,laureati,1945
2025,solare,2201,Trento,F,laureati,1957
2025,solare,2201,Trento,M,laureati,1816
1998,accademico,2301,Verona,F,immatricolati,2081
1998,accademico,2301,Verona,M,immatricolati,960
1999,accademico,2301,Verona,F,immatricolati,2011
1999,accademico,2301,Verona,M,immatricolati,1064
2000,accademico,2301,Verona,F,immatricolati,2427
2000,accademico,2301,Verona,M,immatricolati,1267
2001,accademico,2301,Verona,F,immatricolati,3704
2001,accademico,2301,Verona,M,immatricolati,1907
2002,accademico,2301,Verona,F,immatricolati,3090
2002,accademico,2301,Verona,M,immatricolati,1831
2003,accademico,2301,Verona,F,immatricolati,3730
2003,accademico,2301,Verona,M,immatricolati,1887
2004,accademico,2301,Verona,F,immatricolati,3301
2004,accademico,2301,Verona,M,immatricolati,1838
2005,accademico,2301,Verona,F,immatricolati,3269
2005,accademico,2301,Verona,M,immatricolati,1763
2006,accademico,2301,Verona,F,immatricolati,2693
2006,accademico,2301,Verona,M,immatricolati,1510
2007,accademico,2301,Verona,F,immatricolati,2984
2007,accademico,2301,Verona,M,immatricolati,1526
2008,accademico,2301,Verona,F,immatricolati,2888
2008,accademico,2301,Verona,M,immatricolati,1572
2009,accademico,2301,Verona,F,immatricolati,3125
2009,accademico,2301,Verona,M,immatricolati,1619
2010,accademico,2301,Verona,F,immatricolati,3200
2010,accademico,2301,Verona,M,immatricolati,1745
2011,accademico,2301,Verona,F,immatricolati,2860
2011,accademico,2301,Verona,M,immatricolati,1402
2012,accademico,2301,Verona,F,immatricolati,2833
2012,accademico,2301,Verona,M,immatricolati,1488
2013,accademico,2301,Verona,F,immatricolati,2851
2013,accademico,2301,Verona,M,immatricolati,1451
2014,accademico,2301,Verona,F,immatricolati,2873
2014,accademico,2301,Verona,M,immatricolati,1509
2015,accademico,2301,Verona,F,immatricolati,3036
2015,accademico,2301,Verona,M,immatricolati,1584
2016,accademico,2301,Verona,F,immatricolati,3107
2016,accademico,2301,Verona,M,immatricolati,1597
2017,accademico,2301,Verona,F,immatricolati,3060
2017,accademico,2301,Verona,M,immatricolati,1566
2018,accademico,2301,Verona,F,immatricolati,2669
2018,accademico,2301,Verona,M,immatricolati,1353
2019,accademico,2301,Verona,F,immatricolati,2562
2019,accademico,2301,Verona,M,immatricolati,1359
2020,accademico,2301,Verona,F,immatricolati,3093
2020,accademico,2301,Verona,M,immatricolati,1612
2021,accademico,2301,Verona,F,immatricolati,3219
2021,accademico,2301,Verona,M,immatricolati,1730
2022,accademico,2301,Verona,F,immatricolati,3067
2022,accademico,2301,Verona,M,immatricolati,1796
2023,accademico,2301,Verona,F,immatricolati,3410
2023,accademico,2301,Verona,M,immatricolati,1946
2024,accademico,2301,Verona,F,immatricolati,3638
2024,accademico,2301,Verona,M,immatricolati,1959
2025,accademico,2301,Verona,F,immatricolati,3469
2025,accademico,2301,Verona,M,immatricolati,1948
2000,accademico,2301,Verona,F,iscritti,11726
2000,accademico,2301,Verona,M,iscritti,5869
2001,accademico,2301,Verona,F,iscritti,13484
2001,accademico,2301,Verona,M,iscritti,6860
2002,accademico,2301,Verona,F,iscritti,13247
2002,accademico,2301,Verona,M,iscritti,7009
2003,accademico,2301,Verona,F,iscritti,14301
2003,accademico,2301,Verona,M,iscritti,7488
2004,accademico,2301,Verona,F,iscritti,14247
2004,accademico,2301,Verona,M,iscritti,7581
2005,accademico,2301,Verona,F,iscritti,14330
2005,accademico,2301,Verona,M,iscritti,7572
2006,accademico,2301,Verona,F,iscritti,13352
2006,accademico,2301,Verona,M,iscritti,6934
2007,accademico,2301,Verona,F,iscritti,13920
2007,accademico,2301,Verona,M,iscritti,7149
2008,accademico,2301,Verona,F,iscritti,14040
2008,accademico,2301,Verona,M,iscritti,7265
2009,accademico,2301,Verona,F,iscritti,14255
2009,accademico,2301,Verona,M,iscritti,7387
2010,accademico,2301,Verona,F,iscritti,15861
2010,accademico,2301,Verona,M,iscritti,8465
2011,accademico,2301,Verona,F,iscritti,15330
2011,accademico,2301,Verona,M,iscritti,8126
2012,accademico,2301,Verona,F,iscritti,14929
2012,accademico,2301,Verona,M,iscritti,8117
2013,accademico,2301,Verona,F,iscritti,14396
2013,accademico,2301,Verona,M,iscritti,7852
2014,accademico,2301,Verona,F,iscritti,14350
2014,accademico,2301,Verona,M,iscritti,7900
2015,accademico,2301,Verona,F,iscritti,14716
2015,accademico,2301,Verona,M,iscritti,8137
2016,accademico,2301,Verona,F,iscritti,14878
2016,accademico,2301,Verona,M,iscritti,8381
2017,accademico,2301,Verona,F,iscritti,15207
2017,accademico,2301,Verona,M,iscritti,8389
2018,accademico,2301,Verona,F,iscritti,14692
2018,accademico,2301,Verona,M,iscritti,8163
2019,accademico,2301,Verona,F,iscritti,14537
2019,accademico,2301,Verona,M,iscritti,7966
2020,accademico,2301,Verona,F,iscritti,15071
2020,accademico,2301,Verona,M,iscritti,8294
2021,accademico,2301,Verona,F,iscritti,15603
2021,accademico,2301,Verona,M,iscritti,8359
2022,accademico,2301,Verona,F,iscritti,15996
2022,accademico,2301,Verona,M,iscritti,8719
2023,accademico,2301,Verona,F,iscritti,16418
2023,accademico,2301,Verona,M,iscritti,8988
2024,accademico,2301,Verona,F,iscritti,16919
2024,accademico,2301,Verona,M,iscritti,9403
2001,solare,2301,Verona,F,laureati,1248
2001,solare,2301,Verona,M,laureati,544
2002,solare,2301,Verona,F,laureati,1800
2002,solare,2301,Verona,M,laureati,776
2003,solare,2301,Verona,F,laureati,2068
2003,solare,2301,Verona,M,laureati,879
2004,solare,2301,Verona,F,laureati,2290
2004,solare,2301,Verona,M,laureati,930
2005,solare,2301,Verona,F,laureati,2458
2005,solare,2301,Verona,M,laureati,1100
2006,solare,2301,Verona,F,laureati,2332
2006,solare,2301,Verona,M,laureati,1074
2007,solare,2301,Verona,F,laureati,2299
2007,solare,2301,Verona,M,laureati,1058
2008,solare,2301,Verona,F,laureati,2441
2008,solare,2301,Verona,M,laureati,1130
2009,solare,2301,Verona,F,laureati,2547
2009,solare,2301,Verona,M,laureati,1153
2010,solare,2301,Verona,F,laureati,2617
2010,solare,2301,Verona,M,laureati,1288
2011,solare,2301,Verona,F,laureati,2765
2011,solare,2301,Verona,M,laureati,1266
2012,solare,2301,Verona,F,laureati,2975
2012,solare,2301,Verona,M,laureati,1383
2013,solare,2301,Verona,F,laureati,2967
2013,solare,2301,Verona,M,laureati,1369
2014,solare,2301,Verona,F,laureati,3098
2014,solare,2301,Verona,M,laureati,1419
2015,solare,2301,Verona,F,laureati,2989
2015,solare,2301,Verona,M,laureati,1432
2016,solare,2301,Verona,F,laureati,2932
2016,solare,2301,Verona,M,laureati,1433
2017,solare,2301,Verona,F,laureati,3203
2017,solare,2301,Verona,M,laureati,1609
2018,solare,2301,Verona,F,laureati,3281
2018,solare,2301,Verona,M,laureati,1603
2019,solare,2301,Verona,F,laureati,3394
2019,solare,2301,Verona,M,laureati,1731
2020,solare,2301,Verona,F,laureati,3473
2020,solare,2301,Verona,M,laureati,1736
2021,solare,2301,Verona,F,laureati,3419
2021,solare,2301,Verona,M,laureati,1715
2022,solare,2301,Verona,F,laureati,3182
2022,solare,2301,Verona,M,laureati,1560
2023,solare,2301,Verona,F,laureati,3652
2023,solare,2301,Verona,M,laureati,1645
2024,solare,2301,Verona,F,laureati,3546
2024,solare,2301,Verona,M,laureati,1687
2025,solare,2301,Verona,F,laureati,3856
2025,solare,2301,Verona,M,laureati,1872
1998,accademico,2701,Ca' Foscari Venezia,F,immatricolati,1766
1998,accademico,2701,Ca' Foscari Venezia,M,immatricolati,1221
1999,accademico,2701,Ca' Foscari Venezia,F,immatricolati,1684
1999,accademico,2701,Ca' Foscari Venezia,M,immatricolati,1146
2000,accademico,2701,Ca' Foscari Venezia,F,immatricolati,1696
2000,accademico,2701,Ca' Foscari Venezia,M,immatricolati,1212
2001,accademico,2701,Ca' Foscari Venezia,F,immatricolati,2248
2001,accademico,2701,Ca' Foscari Venezia,M,immatricolati,1556
2002,accademico,2701,Ca' Foscari Venezia,F,immatricolati,1778
2002,accademico,2701,Ca' Foscari Venezia,M,immatricolati,1206
2003,accademico,2701,Ca' Foscari Venezia,F,immatricolati,1836
2003,accademico,2701,Ca' Foscari Venezia,M,immatricolati,1266
2004,accademico,2701,Ca' Foscari Venezia,F,immatricolati,2005
2004,accademico,2701,Ca' Foscari Venezia,M,immatricolati,1267
2005,accademico,2701,Ca' Foscari Venezia,F,immatricolati,1948
2005,accademico,2701,Ca' Foscari Venezia,M,immatricolati,1212
2006,accademico,2701,Ca' Foscari Venezia,F,immatricolati,1869
2006,accademico,2701,Ca' Foscari Venezia,M,immatricolati,1141
2007,accademico,2701,Ca' Foscari Venezia,F,immatricolati,2070
2007,accademico,2701,Ca' Foscari Venezia,M,immatricolati,1155
2008,accademico,2701,Ca' Foscari Venezia,F,immatricolati,2220
2008,accademico,2701,Ca' Foscari Venezia,M,immatricolati,1221
2009,accademico,2701,Ca' Foscari Venezia,F,immatricolati,2188
2009,accademico,2701,Ca' Foscari Venezia,M,immatricolati,1220
2010,accademico,2701,Ca' Foscari Venezia,F,immatricolati,1980
2010,accademico,2701,Ca' Foscari Venezia,M,immatricolati,1049
2011,accademico,2701,Ca' Foscari Venezia,F,immatricolati,2316
2011,accademico,2701,Ca' Foscari Venezia,M,immatricolati,1178
2012,accademico,2701,Ca' Foscari Venezia,F,immatricolati,2560
2012,accademico,2701,Ca' Foscari Venezia,M,immatricolati,1242
2013,accademico,2701,Ca' Foscari Venezia,F,immatricolati,2398
2013,accademico,2701,Ca' Foscari Venezia,M,immatricolati,1350
2014,accademico,2701,Ca' Foscari Venezia,F,immatricolati,2350
2014,accademico,2701,Ca' Foscari Venezia,M,immatricolati,1240
2015,accademico,2701,Ca' Foscari Venezia,F,immatricolati,2640
2015,accademico,2701,Ca' Foscari Venezia,M,immatricolati,1374
2016,accademico,2701,Ca' Foscari Venezia,F,immatricolati,2408
2016,accademico,2701,Ca' Foscari Venezia,M,immatricolati,1270
2017,accademico,2701,Ca' Foscari Venezia,F,immatricolati,2621
2017,accademico,2701,Ca' Foscari Venezia,M,immatricolati,1463
2018,accademico,2701,Ca' Foscari Venezia,F,immatricolati,2755
2018,accademico,2701,Ca' Foscari Venezia,M,immatricolati,1433
2019,accademico,2701,Ca' Foscari Venezia,F,immatricolati,2478
2019,accademico,2701,Ca' Foscari Venezia,M,immatricolati,1399
2020,accademico,2701,Ca' Foscari Venezia,F,immatricolati,2315
2020,accademico,2701,Ca' Foscari Venezia,M,immatricolati,1366
2021,accademico,2701,Ca' Foscari Venezia,F,immatricolati,2343
2021,accademico,2701,Ca' Foscari Venezia,M,immatricolati,1402
2022,accademico,2701,Ca' Foscari Venezia,F,immatricolati,2244
2022,accademico,2701,Ca' Foscari Venezia,M,immatricolati,1428
2023,accademico,2701,Ca' Foscari Venezia,F,immatricolati,2104
2023,accademico,2701,Ca' Foscari Venezia,M,immatricolati,1382
2024,accademico,2701,Ca' Foscari Venezia,F,immatricolati,1991
2024,accademico,2701,Ca' Foscari Venezia,M,immatricolati,1321
2025,accademico,2701,Ca' Foscari Venezia,F,immatricolati,2001
2025,accademico,2701,Ca' Foscari Venezia,M,immatricolati,1298
2000,accademico,2701,Ca' Foscari Venezia,F,iscritti,9794
2000,accademico,2701,Ca' Foscari Venezia,M,iscritti,6463
2001,accademico,2701,Ca' Foscari Venezia,F,iscritti,10470
2001,accademico,2701,Ca' Foscari Venezia,M,iscritti,6763
2002,accademico,2701,Ca' Foscari Venezia,F,iscritti,10218
2002,accademico,2701,Ca' Foscari Venezia,M,iscritti,6610
2003,accademico,2701,Ca' Foscari Venezia,F,iscritti,9988
2003,accademico,2701,Ca' Foscari Venezia,M,iscritti,6574
2004,accademico,2701,Ca' Foscari Venezia,F,iscritti,10077
2004,accademico,2701,Ca' Foscari Venezia,M,iscritti,6602
2005,accademico,2701,Ca' Foscari Venezia,F,iscritti,10246
2005,accademico,2701,Ca' Foscari Venezia,M,iscritti,6449
2006,accademico,2701,Ca' Foscari Venezia,F,iscritti,10425
2006,accademico,2701,Ca' Foscari Venezia,M,iscritti,6406
2007,accademico,2701,Ca' Foscari Venezia,F,iscritti,10779
2007,accademico,2701,Ca' Foscari Venezia,M,iscritti,6463
2008,accademico,2701,Ca' Foscari Venezia,F,iscritti,10979
2008,accademico,2701,Ca' Foscari Venezia,M,iscritti,6351
2009,accademico,2701,Ca' Foscari Venezia,F,iscritti,11375
2009,accademico,2701,Ca' Foscari Venezia,M,iscritti,6507
2010,accademico,2701,Ca' Foscari Venezia,F,iscritti,11820
2010,accademico,2701,Ca' Foscari Venezia,M,iscritti,6647
2011,accademico,2701,Ca' Foscari Venezia,F,iscritti,12139
2011,accademico,2701,Ca' Foscari Venezia,M,iscritti,6557
2012,accademico,2701,Ca' Foscari Venezia,F,iscritti,12404
2012,accademico,2701,Ca' Foscari Venezia,M,iscritti,6586
2013,accademico,2701,Ca' Foscari Venezia,F,iscritti,12754
2013,accademico,2701,Ca' Foscari Venezia,M,iscritti,6882
2014,accademico,2701,Ca' Foscari Venezia,F,iscritti,12533
2014,accademico,2701,Ca' Foscari Venezia,M,iscritti,6865
2015,accademico,2701,Ca' Foscari Venezia,F,iscritti,12944
2015,accademico,2701,Ca' Foscari Venezia,M,iscritti,7022
2016,accademico,2701,Ca' Foscari Venezia,F,iscritti,12962
2016,accademico,2701,Ca' Foscari Venezia,M,iscritti,7027
2017,accademico,2701,Ca' Foscari Venezia,F,iscritti,13196
2017,accademico,2701,Ca' Foscari Venezia,M,iscritti,7265
2018,accademico,2701,Ca' Foscari Venezia,F,iscritti,13421
2018,accademico,2701,Ca' Foscari Venezia,M,iscritti,7455
2019,accademico,2701,Ca' Foscari Venezia,F,iscritti,13564
2019,accademico,2701,Ca' Foscari Venezia,M,iscritti,7582
2020,accademico,2701,Ca' Foscari Venezia,F,iscritti,13321
2020,accademico,2701,Ca' Foscari Venezia,M,iscritti,7575
2021,accademico,2701,Ca' Foscari Venezia,F,iscritti,13116
2021,accademico,2701,Ca' Foscari Venezia,M,iscritti,7561
2022,accademico,2701,Ca' Foscari Venezia,F,iscritti,12561
2022,accademico,2701,Ca' Foscari Venezia,M,iscritti,7283
2023,accademico,2701,Ca' Foscari Venezia,F,iscritti,12246
2023,accademico,2701,Ca' Foscari Venezia,M,iscritti,7146
2024,accademico,2701,Ca' Foscari Venezia,F,iscritti,11780
2024,accademico,2701,Ca' Foscari Venezia,M,iscritti,7161
2001,solare,2701,Ca' Foscari Venezia,F,laureati,1365
2001,solare,2701,Ca' Foscari Venezia,M,laureati,779
2002,solare,2701,Ca' Foscari Venezia,F,laureati,2007
2002,solare,2701,Ca' Foscari Venezia,M,laureati,1143
2003,solare,2701,Ca' Foscari Venezia,F,laureati,2072
2003,solare,2701,Ca' Foscari Venezia,M,laureati,1144
2004,solare,2701,Ca' Foscari Venezia,F,laureati,2197
2004,solare,2701,Ca' Foscari Venezia,M,laureati,1217
2005,solare,2701,Ca' Foscari Venezia,F,laureati,2157
2005,solare,2701,Ca' Foscari Venezia,M,laureati,1045
2006,solare,2701,Ca' Foscari Venezia,F,laureati,1934
2006,solare,2701,Ca' Foscari Venezia,M,laureati,1049
2007,solare,2701,Ca' Foscari Venezia,F,laureati,2221
2007,solare,2701,Ca' Foscari Venezia,M,laureati,1060
2008,solare,2701,Ca' Foscari Venezia,F,laureati,2238
2008,solare,2701,Ca' Foscari Venezia,M,laureati,1118
2009,solare,2701,Ca' Foscari Venezia,F,laureati,2192
2009,solare,2701,Ca' Foscari Venezia,M,laureati,1116
2010,solare,2701,Ca' Foscari Venezia,F,laureati,2374
2010,solare,2701,Ca' Foscari Venezia,M,laureati,1182
2011,solare,2701,Ca' Foscari Venezia,F,laureati,2440
2011,solare,2701,Ca' Foscari Venezia,M,laureati,1126
2012,solare,2701,Ca' Foscari Venezia,F,laureati,2637
2012,solare,2701,Ca' Foscari Venezia,M,laureati,1245
2013,solare,2701,Ca' Foscari Venezia,F,laureati,2863
2013,solare,2701,Ca' Foscari Venezia,M,laureati,1326
2014,solare,2701,Ca' Foscari Venezia,F,laureati,3012
2014,solare,2701,Ca' Foscari Venezia,M,laureati,1326
2015,solare,2701,Ca' Foscari Venezia,F,laureati,3163
2015,solare,2701,Ca' Foscari Venezia,M,laureati,1470
2016,solare,2701,Ca' Foscari Venezia,F,laureati,3225
2016,solare,2701,Ca' Foscari Venezia,M,laureati,1554
2017,solare,2701,Ca' Foscari Venezia,F,laureati,3199
2017,solare,2701,Ca' Foscari Venezia,M,laureati,1530
2018,solare,2701,Ca' Foscari Venezia,F,laureati,3591
2018,solare,2701,Ca' Foscari Venezia,M,laureati,1658
2019,solare,2701,Ca' Foscari Venezia,F,laureati,3405
2019,solare,2701,Ca' Foscari Venezia,M,laureati,1663
2020,solare,2701,Ca' Foscari Venezia,F,laureati,3632
2020,solare,2701,Ca' Foscari Venezia,M,laureati,1835
2021,solare,2701,Ca' Foscari Venezia,F,laureati,3726
2021,solare,2701,Ca' Foscari Venezia,M,laureati,1754
2022,solare,2701,Ca' Foscari Venezia,F,laureati,3415
2022,solare,2701,Ca' Foscari Venezia,M,laureati,1645
2023,solare,2701,Ca' Foscari Venezia,F,laureati,3311
2023,solare,2701,Ca' Foscari Venezia,M,laureati,1709
2024,solare,2701,Ca' Foscari Venezia,F,laureati,3253
2024,solare,2701,Ca' Foscari Venezia,M,laureati,1668
2025,solare,2701,Ca' Foscari Venezia,F,laureati,3332
2025,solare,2701,Ca' Foscari Venezia,M,laureati,1677
1998,accademico,2702,Venezia Iuav,F,immatricolati,393
1998,accademico,2702,Venezia Iuav,M,immatricolati,481
1999,accademico,2702,Venezia Iuav,F,immatricolati,389
1999,accademico,2702,Venezia Iuav,M,immatricolati,496
2000,accademico,2702,Venezia Iuav,F,immatricolati,439
2000,accademico,2702,Venezia Iuav,M,immatricolati,548
2001,accademico,2702,Venezia Iuav,F,immatricolati,395
2001,accademico,2702,Venezia Iuav,M,immatricolati,462
2002,accademico,2702,Venezia Iuav,F,immatricolati,493
2002,accademico,2702,Venezia Iuav,M,immatricolati,466
2003,accademico,2702,Venezia Iuav,F,immatricolati,448
2003,accademico,2702,Venezia Iuav,M,immatricolati,409
2004,accademico,2702,Venezia Iuav,F,immatricolati,485
2004,accademico,2702,Venezia Iuav,M,immatricolati,437
2005,accademico,2702,Venezia Iuav,F,immatricolati,461
2005,accademico,2702,Venezia Iuav,M,immatricolati,493
2006,accademico,2702,Venezia Iuav,F,immatricolati,425
2006,accademico,2702,Venezia Iuav,M,immatricolati,412
2007,accademico,2702,Venezia Iuav,F,immatricolati,418
2007,accademico,2702,Venezia Iuav,M,immatricolati,427
2008,accademico,2702,Venezia Iuav,F,immatricolati,461
2008,accademico,2702,Venezia Iuav,M,immatricolati,407
2009,accademico,2702,Venezia Iuav,F,immatricolati,495
2009,accademico,2702,Venezia Iuav,M,immatricolati,485
2010,accademico,2702,Venezia Iuav,F,immatricolati,489
2010,accademico,2702,Venezia Iuav,M,immatricolati,420
2011,accademico,2702,Venezia Iuav,F,immatricolati,390
2011,accademico,2702,Venezia Iuav,M,immatricolati,382
2012,accademico,2702,Venezia Iuav,F,immatricolati,408
2012,accademico,2702,Venezia Iuav,M,immatricolati,369
2013,accademico,2702,Venezia Iuav,F,immatricolati,392
2013,accademico,2702,Venezia Iuav,M,immatricolati,338
2014,accademico,2702,Venezia Iuav,F,immatricolati,425
2014,accademico,2702,Venezia Iuav,M,immatricolati,329
2015,accademico,2702,Venezia Iuav,F,immatricolati,350
2015,accademico,2702,Venezia Iuav,M,immatricolati,277
2016,accademico,2702,Venezia Iuav,F,immatricolati,381
2016,accademico,2702,Venezia Iuav,M,immatricolati,259
2017,accademico,2702,Venezia Iuav,F,immatricolati,377
2017,accademico,2702,Venezia Iuav,M,immatricolati,270
2018,accademico,2702,Venezia Iuav,F,immatricolati,369
2018,accademico,2702,Venezia Iuav,M,immatricolati,266
2019,accademico,2702,Venezia Iuav,F,immatricolati,385
2019,accademico,2702,Venezia Iuav,M,immatricolati,260
2020,accademico,2702,Venezia Iuav,F,immatricolati,415
2020,accademico,2702,Venezia Iuav,M,immatricolati,281
2021,accademico,2702,Venezia Iuav,F,immatricolati,411
2021,accademico,2702,Venezia Iuav,M,immatricolati,272
2022,accademico,2702,Venezia Iuav,F,immatricolati,489
2022,accademico,2702,Venezia Iuav,M,immatricolati,319
2023,accademico,2702,Venezia Iuav,F,immatricolati,504
2023,accademico,2702,Venezia Iuav,M,immatricolati,314
2024,accademico,2702,Venezia Iuav,F,immatricolati,607
2024,accademico,2702,Venezia Iuav,M,immatricolati,375
2025,accademico,2702,Venezia Iuav,F,immatricolati,654
2025,accademico,2702,Venezia Iuav,M,immatricolati,329
2000,accademico,2702,Venezia Iuav,F,iscritti,3978
2000,accademico,2702,Venezia Iuav,M,iscritti,4937
2001,accademico,2702,Venezia Iuav,F,iscritti,3777
2001,accademico,2702,Venezia Iuav,M,iscritti,4708
2002,accademico,2702,Venezia Iuav,F,iscritti,3607
2002,accademico,2702,Venezia Iuav,M,iscritti,4276
2003,accademico,2702,Venezia Iuav,F,iscritti,3341
2003,accademico,2702,Venezia Iuav,M,iscritti,3845
2004,accademico,2702,Venezia Iuav,F,iscritti,3230
2004,accademico,2702,Venezia Iuav,M,iscritti,3603
2005,accademico,2702,Venezia Iuav,F,iscritti,3089
2005,accademico,2702,Venezia Iuav,M,iscritti,3372
2006,accademico,2702,Venezia Iuav,F,iscritti,3015
2006,accademico,2702,Venezia Iuav,M,iscritti,3158
2007,accademico,2702,Venezia Iuav,F,iscritti,2951
2007,accademico,2702,Venezia Iuav,M,iscritti,3060
2008,accademico,2702,Venezia Iuav,F,iscritti,2924
2008,accademico,2702,Venezia Iuav,M,iscritti,3061
2009,accademico,2702,Venezia Iuav,F,iscritti,2838
2009,accademico,2702,Venezia Iuav,M,iscritti,2985
2010,accademico,2702,Venezia Iuav,F,iscritti,3097
2010,accademico,2702,Venezia Iuav,M,iscritti,3350
2011,accademico,2702,Venezia Iuav,F,iscritti,2895
2011,accademico,2702,Venezia Iuav,M,iscritti,3105
2012,accademico,2702,Venezia Iuav,F,iscritti,2644
2012,accademico,2702,Venezia Iuav,M,iscritti,2853
2013,accademico,2702,Venezia Iuav,F,iscritti,2436
2013,accademico,2702,Venezia Iuav,M,iscritti,2557
2014,accademico,2702,Venezia Iuav,F,iscritti,2376
2014,accademico,2702,Venezia Iuav,M,iscritti,2358
2015,accademico,2702,Venezia Iuav,F,iscritti,2279
2015,accademico,2702,Venezia Iuav,M,iscritti,2184
2016,accademico,2702,Venezia Iuav,F,iscritti,2238
2016,accademico,2702,Venezia Iuav,M,iscritti,2082
2017,accademico,2702,Venezia Iuav,F,iscritti,2181
2017,accademico,2702,Venezia Iuav,M,iscritti,1974
2018,accademico,2702,Venezia Iuav,F,iscritti,2212
2018,accademico,2702,Venezia Iuav,M,iscritti,1885
2019,accademico,2702,Venezia Iuav,F,iscritti,2179
2019,accademico,2702,Venezia Iuav,M,iscritti,1758
2020,accademico,2702,Venezia Iuav,F,iscritti,2281
2020,accademico,2702,Venezia Iuav,M,iscritti,1788
2021,accademico,2702,Venezia Iuav,F,iscritti,2522
2021,accademico,2702,Venezia Iuav,M,iscritti,1787
2022,accademico,2702,Venezia Iuav,F,iscritti,2672
2022,accademico,2702,Venezia Iuav,M,iscritti,1835
2023,accademico,2702,Venezia Iuav,F,iscritti,2777
2023,accademico,2702,Venezia Iuav,M,iscritti,1889
2024,accademico,2702,Venezia Iuav,F,iscritti,2912
2024,accademico,2702,Venezia Iuav,M,iscritti,1909
2001,solare,2702,Venezia Iuav,F,laureati,536
2001,solare,2702,Venezia Iuav,M,laureati,614
2002,solare,2702,Venezia Iuav,F,laureati,686
2002,solare,2702,Venezia Iuav,M,laureati,755
2003,solare,2702,Venezia Iuav,F,laureati,698
2003,solare,2702,Venezia Iuav,M,laureati,788
2004,solare,2702,Venezia Iuav,F,laureati,794
2004,solare,2702,Venezia Iuav,M,laureati,773
2005,solare,2702,Venezia Iuav,F,laureati,853
2005,solare,2702,Venezia Iuav,M,laureati,834
2006,solare,2702,Venezia Iuav,F,laureati,935
2006,solare,2702,Venezia Iuav,M,laureati,874
2007,solare,2702,Venezia Iuav,F,laureati,796
2007,solare,2702,Venezia Iuav,M,laureati,801
2008,solare,2702,Venezia Iuav,F,laureati,778
2008,solare,2702,Venezia Iuav,M,laureati,719
2009,solare,2702,Venezia Iuav,F,laureati,832
2009,solare,2702,Venezia Iuav,M,laureati,769
2010,solare,2702,Venezia Iuav,F,laureati,859
2010,solare,2702,Venezia Iuav,M,laureati,714
2011,solare,2702,Venezia Iuav,F,laureati,783
2011,solare,2702,Venezia Iuav,M,laureati,731
2012,solare,2702,Venezia Iuav,F,laureati,917
2012,solare,2702,Venezia Iuav,M,laureati,858
2013,solare,2702,Venezia Iuav,F,laureati,843
2013,solare,2702,Venezia Iuav,M,laureati,812
2014,solare,2702,Venezia Iuav,F,laureati,797
2014,solare,2702,Venezia Iuav,M,laureati,738
2015,solare,2702,Venezia Iuav,F,laureati,740
2015,solare,2702,Venezia Iuav,M,laureati,684
2016,solare,2702,Venezia Iuav,F,laureati,682
2016,solare,2702,Venezia Iuav,M,laureati,632
2017,solare,2702,Venezia Iuav,F,laureati,703
2017,solare,2702,Venezia Iuav,M,laureati,592
2018,solare,2702,Venezia Iuav,F,laureati,650
2018,solare,2702,Venezia Iuav,M,laureati,602
2019,solare,2702,Venezia Iuav,F,laureati,659
2019,solare,2702,Venezia Iuav,M,laureati,534
2020,solare,2702,Venezia Iuav,F,laureati,629
2020,solare,2702,Venezia Iuav,M,laureati,523
2021,solare,2702,Venezia Iuav,F,laureati,647
2021,solare,2702,Venezia Iuav,M,laureati,454
2022,solare,2702,Venezia Iuav,F,laureati,644
2022,solare,2702,Venezia Iuav,M,laureati,441
2023,solare,2702,Venezia Iuav,F,laureati,672
2023,solare,2702,Venezia Iuav,M,laureati,475
2024,solare,2702,Venezia Iuav,F,laureati,840
2024,solare,2702,Venezia Iuav,M,laureati,532
2025,solare,2702,Venezia Iuav,F,laureati,865
2025,solare,2702,Venezia Iuav,M,laureati,522
1998,accademico,2801,Padova,F,immatricolati,6014
1998,accademico,2801,Padova,M,immatricolati,4654
1999,accademico,2801,Padova,F,immatricolati,5735
1999,accademico,2801,Padova,M,immatricolati,4607
2000,accademico,2801,Padova,F,immatricolati,4944
2000,accademico,2801,Padova,M,immatricolati,3855
2001,accademico,2801,Padova,F,immatricolati,5827
2001,accademico,2801,Padova,M,immatricolati,4327
2002,accademico,2801,Padova,F,immatricolati,6129
2002,accademico,2801,Padova,M,immatricolati,4762
2003,accademico,2801,Padova,F,immatricolati,6317
2003,accademico,2801,Padova,M,immatricolati,4709
2004,accademico,2801,Padova,F,immatricolati,6150
2004,accademico,2801,Padova,M,immatricolati,4983
2005,accademico,2801,Padova,F,immatricolati,6043
2005,accademico,2801,Padova,M,immatricolati,4454
2006,accademico,2801,Padova,F,immatricolati,5881
2006,accademico,2801,Padova,M,immatricolati,4448
2007,accademico,2801,Padova,F,immatricolati,5834
2007,accademico,2801,Padova,M,immatricolati,4313
2008,accademico,2801,Padova,F,immatricolati,4992
2008,accademico,2801,Padova,M,immatricolati,3924
2009,accademico,2801,Padova,F,immatricolati,5639
2009,accademico,2801,Padova,M,immatricolati,4753
2010,accademico,2801,Padova,F,immatricolati,5603
2010,accademico,2801,Padova,M,immatricolati,4729
2011,accademico,2801,Padova,F,immatricolati,5627
2011,accademico,2801,Padova,M,immatricolati,4610
2012,accademico,2801,Padova,F,immatricolati,5636
2012,accademico,2801,Padova,M,immatricolati,4850
2013,accademico,2801,Padova,F,immatricolati,5570
2013,accademico,2801,Padova,M,immatricolati,4824
2014,accademico,2801,Padova,F,immatricolati,5623
2014,accademico,2801,Padova,M,immatricolati,5039
2015,accademico,2801,Padova,F,immatricolati,5674
2015,accademico,2801,Padova,M,immatricolati,5065
2016,accademico,2801,Padova,F,immatricolati,5872
2016,accademico,2801,Padova,M,immatricolati,5382
2017,accademico,2801,Padova,F,immatricolati,5712
2017,accademico,2801,Padova,M,immatricolati,5299
2018,accademico,2801,Padova,F,immatricolati,5552
2018,accademico,2801,Padova,M,immatricolati,5153
2019,accademico,2801,Padova,F,immatricolati,5883
2019,accademico,2801,Padova,M,immatricolati,5422
2020,accademico,2801,Padova,F,immatricolati,6518
2020,accademico,2801,Padova,M,immatricolati,5784
2021,accademico,2801,Padova,F,immatricolati,6853
2021,accademico,2801,Padova,M,immatricolati,5936
2022,accademico,2801,Padova,F,immatricolati,6823
2022,accademico,2801,Padova,M,immatricolati,5696
2023,accademico,2801,Padova,F,immatricolati,6954
2023,accademico,2801,Padova,M,immatricolati,5601
2024,accademico,2801,Padova,F,immatricolati,6978
2024,accademico,2801,Padova,M,immatricolati,5893
2025,accademico,2801,Padova,F,immatricolati,7123
2025,accademico,2801,Padova,M,immatricolati,6098
2000,accademico,2801,Padova,F,iscritti,32232
2000,accademico,2801,Padova,M,iscritti,24652
2001,accademico,2801,Padova,F,iscritti,32010
2001,accademico,2801,Padova,M,iscritti,24175
2002,accademico,2801,Padova,F,iscritti,32673
2002,accademico,2801,Padova,M,iscritti,25175
2003,accademico,2801,Padova,F,iscritti,33667
2003,accademico,2801,Padova,M,iscritti,26047
2004,accademico,2801,Padova,F,iscritti,33542
2004,accademico,2801,Padova,M,iscritti,26548
2005,accademico,2801,Padova,F,iscritti,33679
2005,accademico,2801,Padova,M,iscritti,25881
2006,accademico,2801,Padova,F,iscritti,34352
2006,accademico,2801,Padova,M,iscritti,26451
2007,accademico,2801,Padova,F,iscritti,34333
2007,accademico,2801,Padova,M,iscritti,26129
2008,accademico,2801,Padova,F,iscritti,33930
2008,accademico,2801,Padova,M,iscritti,25990
2009,accademico,2801,Padova,F,iscritti,34141
2009,accademico,2801,Padova,M,iscritti,26671
2010,accademico,2801,Padova,F,iscritti,35403
2010,accademico,2801,Padova,M,iscritti,27833
2011,accademico,2801,Padova,F,iscritti,34754
2011,accademico,2801,Padova,M,iscritti,27240
2012,accademico,2801,Padova,F,iscritti,33743
2012,accademico,2801,Padova,M,iscritti,26815
2013,accademico,2801,Padova,F,iscritti,32619
2013,accademico,2801,Padova,M,iscritti,26602
2014,accademico,2801,Padova,F,iscritti,32364
2014,accademico,2801,Padova,M,iscritti,27159
2015,accademico,2801,Padova,F,iscritti,32145
2015,accademico,2801,Padova,M,iscritti,27351
2016,accademico,2801,Padova,F,iscritti,31342
2016,accademico,2801,Padova,M,iscritti,27344
2017,accademico,2801,Padova,F,iscritti,31114
2017,accademico,2801,Padova,M,iscritti,27568
2018,accademico,2801,Padova,F,iscritti,31358
2018,accademico,2801,Padova,M,iscritti,27944
2019,accademico,2801,Padova,F,iscritti,31951
2019,accademico,2801,Padova,M,iscritti,28454
2020,accademico,2801,Padova,F,iscritti,33648
2020,accademico,2801,Padova,M,iscritti,29608
2021,accademico,2801,Padova,F,iscritti,35703
2021,accademico,2801,Padova,M,iscritti,30564
2022,accademico,2801,Padova,F,iscritti,37688
2022,accademico,2801,Padova,M,iscritti,31322
2023,accademico,2801,Padova,F,iscritti,39210
2023,accademico,2801,Padova,M,iscritti,31799
2024,accademico,2801,Padova,F,iscritti,40156
2024,accademico,2801,Padova,M,iscritti,32387
2001,solare,2801,Padova,F,laureati,4296
2001,solare,2801,Padova,M,laureati,3201
2002,solare,2801,Padova,F,laureati,5503
2002,solare,2801,Padova,M,laureati,3555
2003,solare,2801,Padova,F,laureati,6314
2003,solare,2801,Padova,M,laureati,3960
2004,solare,2801,Padova,F,laureati,7371
2004,solare,2801,Padova,M,laureati,4945
2005,solare,2801,Padova,F,laureati,7562
2005,solare,2801,Padova,M,laureati,5388
2006,solare,2801,Padova,F,laureati,7460
2006,solare,2801,Padova,M,laureati,5651
2007,solare,2801,Padova,F,laureati,7110
2007,solare,2801,Padova,M,laureati,5057
2008,solare,2801,Padova,F,laureati,6935
2008,solare,2801,Padova,M,laureati,4822
2009,solare,2801,Padova,F,laureati,6856
2009,solare,2801,Padova,M,laureati,4928
2010,solare,2801,Padova,F,laureati,6700
2010,solare,2801,Padova,M,laureati,4840
2011,solare,2801,Padova,F,laureati,6732
2011,solare,2801,Padova,M,laureati,4939
2012,solare,2801,Padova,F,laureati,7113
2012,solare,2801,Padova,M,laureati,5033
2013,solare,2801,Padova,F,laureati,7337
2013,solare,2801,Padova,M,laureati,5070
2014,solare,2801,Padova,F,laureati,7168
2014,solare,2801,Padova,M,laureati,4995
2015,solare,2801,Padova,F,laureati,6584
2015,solare,2801,Padova,M,laureati,5010
2016,solare,2801,Padova,F,laureati,6993
2016,solare,2801,Padova,M,laureati,5383
2017,solare,2801,Padova,F,laureati,7256
2017,solare,2801,Padova,M,laureati,5511
2018,solare,2801,Padova,F,laureati,6939
2018,solare,2801,Padova,M,laureati,5747
2019,solare,2801,Padova,F,laureati,7427
2019,solare,2801,Padova,M,laureati,5996
2020,solare,2801,Padova,F,laureati,7517
2020,solare,2801,Padova,M,laureati,6056
2021,solare,2801,Padova,F,laureati,7648
2021,solare,2801,Padova,M,laureati,6156
2022,solare,2801,Padova,F,laureati,7531
2022,solare,2801,Padova,M,laureati,5940
2023,solare,2801,Padova,F,laureati,8204
2023,solare,2801,Padova,M,laureati,6431
2024,solare,2801,Padova,F,laureati,9040
2024,solare,2801,Padova,M,laureati,6765
2025,solare,2801,Padova,F,laureati,9788
2025,solare,2801,Padova,M,laureati,7209
1998,accademico,3001,Udine,F,immatricolati,1305
1998,accademico,3001,Udine,M,immatricolati,1168
1999,accademico,3001,Udine,F,immatricolati,1513
1999,accademico,3001,Udine,M,immatricolati,1434
2000,accademico,3001,Udine,F,immatricolati,1641
2000,accademico,3001,Udine,M,immatricolati,1567
2001,accademico,3001,Udine,F,immatricolati,1658
2001,accademico,3001,Udine,M,immatricolati,1671
2002,accademico,3001,Udine,F,immatricolati,1748
2002,accademico,3001,Udine,M,immatricolati,1753
2003,accademico,3001,Udine,F,immatricolati,1760
2003,accademico,3001,Udine,M,immatricolati,1719
2004,accademico,3001,Udine,F,immatricolati,1757
2004,accademico,3001,Udine,M,immatricolati,1549
2005,accademico,3001,Udine,F,immatricolati,1793
2005,accademico,3001,Udine,M,immatricolati,1556
2006,accademico,3001,Udine,F,immatricolati,1697
2006,accademico,3001,Udine,M,immatricolati,1415
2007,accademico,3001,Udine,F,immatricolati,1769
2007,accademico,3001,Udine,M,immatricolati,1490
2008,accademico,3001,Udine,F,immatricolati,1679
2008,accademico,3001,Udine,M,immatricolati,1268
2009,accademico,3001,Udine,F,immatricolati,1640
2009,accademico,3001,Udine,M,immatricolati,1373
2010,accademico,3001,Udine,F,immatricolati,1561
2010,accademico,3001,Udine,M,immatricolati,1290
2011,accademico,3001,Udine,F,immatricolati,1650
2011,accademico,3001,Udine,M,immatricolati,1350
2012,accademico,3001,Udine,F,immatricolati,1577
2012,accademico,3001,Udine,M,immatricolati,1337
2013,accademico,3001,Udine,F,immatricolati,1493
2013,accademico,3001,Udine,M,immatricolati,1342
2014,accademico,3001,Udine,F,immatricolati,1492
2014,accademico,3001,Udine,M,immatricolati,1311
2015,accademico,3001,Udine,F,immatricolati,1542
2015,accademico,3001,Udine,M,immatricolati,1501
2016,accademico,3001,Udine,F,immatricolati,1583
2016,accademico,3001,Udine,M,immatricolati,1493
2017,accademico,3001,Udine,F,immatricolati,1462
2017,accademico,3001,Udine,M,immatricolati,1370
2018,accademico,3001,Udine,F,immatricolati,1571
2018,accademico,3001,Udine,M,immatricolati,1447
2019,accademico,3001,Udine,F,immatricolati,1590
2019,accademico,3001,Udine,M,immatricolati,1510
2020,accademico,3001,Udine,F,immatricolati,1638
2020,accademico,3001,Udine,M,immatricolati,1481
2021,accademico,3001,Udine,F,immatricolati,1405
2021,accademico,3001,Udine,M,immatricolati,1291
2022,accademico,3001,Udine,F,immatricolati,1516
2022,accademico,3001,Udine,M,immatricolati,1374
2023,accademico,3001,Udine,F,immatricolati,1588
2023,accademico,3001,Udine,M,immatricolati,1454
2024,accademico,3001,Udine,F,immatricolati,1623
2024,accademico,3001,Udine,M,immatricolati,1412
2025,accademico,3001,Udine,F,immatricolati,1694
2025,accademico,3001,Udine,M,immatricolati,1455
2000,accademico,3001,Udine,F,iscritti,7337
2000,accademico,3001,Udine,M,iscritti,6776
2001,accademico,3001,Udine,F,iscritti,7898
2001,accademico,3001,Udine,M,iscritti,7395
2002,accademico,3001,Udine,F,iscritti,8338
2002,accademico,3001,Udine,M,iscritti,7905
2003,accademico,3001,Udine,F,iscritti,8548
2003,accademico,3001,Udine,M,iscritti,8235
2004,accademico,3001,Udine,F,iscritti,8383
2004,accademico,3001,Udine,M,iscritti,8050
2005,accademico,3001,Udine,F,iscritti,8662
2005,accademico,3001,Udine,M,iscritti,7974
2006,accademico,3001,Udine,F,iscritti,8596
2006,accademico,3001,Udine,M,iscritti,7811
2007,accademico,3001,Udine,F,iscritti,8753
2007,accademico,3001,Udine,M,iscritti,7867
2008,accademico,3001,Udine,F,iscritti,8813
2008,accademico,3001,Udine,M,iscritti,7549
2009,accademico,3001,Udine,F,iscritti,8766
2009,accademico,3001,Udine,M,iscritti,7570
2010,accademico,3001,Udine,F,iscritti,9106
2010,accademico,3001,Udine,M,iscritti,8015
2011,accademico,3001,Udine,F,iscritti,8843
2011,accademico,3001,Udine,M,iscritti,7601
2012,accademico,3001,Udine,F,iscritti,8543
2012,accademico,3001,Udine,M,iscritti,7407
2013,accademico,3001,Udine,F,iscritti,8238
2013,accademico,3001,Udine,M,iscritti,7232
2014,accademico,3001,Udine,F,iscritti,7926
2014,accademico,3001,Udine,M,iscritti,7259
2015,accademico,3001,Udine,F,iscritti,7773
2015,accademico,3001,Udine,M,iscritti,7299
2016,accademico,3001,Udine,F,iscritti,7851
2016,accademico,3001,Udine,M,iscritti,7338
2017,accademico,3001,Udine,F,iscritti,7793
2017,accademico,3001,Udine,M,iscritti,7252
2018,accademico,3001,Udine,F,iscritti,7806
2018,accademico,3001,Udine,M,iscritti,7166
2019,accademico,3001,Udine,F,iscritti,7780
2019,accademico,3001,Udine,M,iscritti,7165
2020,accademico,3001,Udine,F,iscritti,7975
2020,accademico,3001,Udine,M,iscritti,7064
2021,accademico,3001,Udine,F,iscritti,7800
2021,accademico,3001,Udine,M,iscritti,6842
2022,accademico,3001,Udine,F,iscritti,7785
2022,accademico,3001,Udine,M,iscritti,6586
2023,accademico,3001,Udine,F,iscritti,8001
2023,accademico,3001,Udine,M,iscritti,6703
2024,accademico,3001,Udine,F,iscritti,8101
2024,accademico,3001,Udine,M,iscritti,6606
2001,solare,3001,Udine,F,laureati,671
2001,solare,3001,Udine,M,laureati,482
2002,solare,3001,Udine,F,laureati,847
2002,solare,3001,Udine,M,laureati,701
2003,solare,3001,Udine,F,laureati,1399
2003,solare,3001,Udine,M,laureati,1180
2004,solare,3001,Udine,F,laureati,1705
2004,solare,3001,Udine,M,laureati,1323
2005,solare,3001,Udine,F,laureati,1553
2005,solare,3001,Udine,M,laureati,1287
2006,solare,3001,Udine,F,laureati,1660
2006,solare,3001,Udine,M,laureati,1398
2007,solare,3001,Udine,F,laureati,1655
2007,solare,3001,Udine,M,laureati,1337
2008,solare,3001,Udine,F,laureati,1657
2008,solare,3001,Udine,M,laureati,1260
2009,solare,3001,Udine,F,laureati,1734
2009,solare,3001,Udine,M,laureati,1317
2010,solare,3001,Udine,F,laureati,1624
2010,solare,3001,Udine,M,laureati,1229
2011,solare,3001,Udine,F,laureati,1703
2011,solare,3001,Udine,M,laureati,1237
2012,solare,3001,Udine,F,laureati,1661
2012,solare,3001,Udine,M,laureati,1268
2013,solare,3001,Udine,F,laureati,1758
2013,solare,3001,Udine,M,laureati,1236
2014,solare,3001,Udine,F,laureati,1705
2014,solare,3001,Udine,M,laureati,1233
2015,solare,3001,Udine,F,laureati,1675
2015,solare,3001,Udine,M,laureati,1205
2016,solare,3001,Udine,F,laureati,1625
2016,solare,3001,Udine,M,laureati,1398
2017,solare,3001,Udine,F,laureati,1579
2017,solare,3001,Udine,M,laureati,1248
2018,solare,3001,Udine,F,laureati,1567
2018,solare,3001,Udine,M,laureati,1374
2019,solare,3001,Udine,F,laureati,1733
2019,solare,3001,Udine,M,laureati,1413
2020,solare,3001,Udine,F,laureati,1695
2020,solare,3001,Udine,M,laureati,1392
2021,solare,3001,Udine,F,laureati,1679
2021,solare,3001,Udine,M,laureati,1343
2022,solare,3001,Udine,F,laureati,1605
2022,solare,3001,Udine,M,laureati,1256
2023,solare,3001,Udine,F,laureati,1640
2023,solare,3001,Udine,M,laureati,1350
2024,solare,3001,Udine,F,laureati,1677
2024,solare,3001,Udine,M,laureati,1261
2025,solare,3001,Udine,F,laureati,1615
2025,solare,3001,Udine,M,laureati,1319
1998,accademico,3201,Trieste,F,immatricolati,2055
1998,accademico,3201,Trieste,M,immatricolati,1513
1999,accademico,3201,Trieste,F,immatricolati,2102
1999,accademico,3201,Trieste,M,immatricolati,1566
2000,accademico,3201,Trieste,F,immatricolati,2132
2000,accademico,3201,Trieste,M,immatricolati,1393
2001,accademico,3201,Trieste,F,immatricolati,1852
2001,accademico,3201,Trieste,M,immatricolati,1435
2002,accademico,3201,Trieste,F,immatricolati,2036
2002,accademico,3201,Trieste,M,immatricolati,1471
2003,accademico,3201,Trieste,F,immatricolati,1720
2003,accademico,3201,Trieste,M,immatricolati,1212
2004,accademico,3201,Trieste,F,immatricolati,1631
2004,accademico,3201,Trieste,M,immatricolati,1159
2005,accademico,3201,Trieste,F,immatricolati,1557
2005,accademico,3201,Trieste,M,immatricolati,1078
2006,accademico,3201,Trieste,F,immatricolati,1694
2006,accademico,3201,Trieste,M,immatricolati,1165
2007,accademico,3201,Trieste,F,immatricolati,1773
2007,accademico,3201,Trieste,M,immatricolati,1197
2008,accademico,3201,Trieste,F,immatricolati,1790
2008,accademico,3201,Trieste,M,immatricolati,1166
2009,accademico,3201,Trieste,F,immatricolati,1795
2009,accademico,3201,Trieste,M,immatricolati,1351
2010,accademico,3201,Trieste,F,immatricolati,1688
2010,accademico,3201,Trieste,M,immatricolati,1185
2011,accademico,3201,Trieste,F,immatricolati,1651
2011,accademico,3201,Trieste,M,immatricolati,1214
2012,accademico,3201,Trieste,F,immatricolati,1468
2012,accademico,3201,Trieste,M,immatricolati,1157
2013,accademico,3201,Trieste,F,immatricolati,1445
2013,accademico,3201,Trieste,M,immatricolati,1098
2014,accademico,3201,Trieste,F,immatricolati,1376
2014,accademico,3201,Trieste,M,immatricolati,1033
2015,accademico,3201,Trieste,F,immatricolati,1459
2015,accademico,3201,Trieste,M,immatricolati,1080
2016,accademico,3201,Trieste,F,immatricolati,1412
2016,accademico,3201,Trieste,M,immatricolati,1153
2017,accademico,3201,Trieste,F,immatricolati,1623
2017,accademico,3201,Trieste,M,immatricolati,1184
2018,accademico,3201,Trieste,F,immatricolati,1640
2018,accademico,3201,Trieste,M,immatricolati,1082
2019,accademico,3201,Trieste,F,immatricolati,1673
2019,accademico,3201,Trieste,M,immatricolati,1053
2020,accademico,3201,Trieste,F,immatricolati,1676
2020,accademico,3201,Trieste,M,immatricolati,1280
2021,accademico,3201,Trieste,F,immatricolati,1672
2021,accademico,3201,Trieste,M,immatricolati,1282
2022,accademico,3201,Trieste,F,immatricolati,1717
2022,accademico,3201,Trieste,M,immatricolati,1255
2023,accademico,3201,Trieste,F,immatricolati,2061
2023,accademico,3201,Trieste,M,immatricolati,1355
2024,accademico,3201,Trieste,F,immatricolati,2094
2024,accademico,3201,Trieste,M,immatricolati,1408
2025,accademico,3201,Trieste,F,immatricolati,2107
2025,accademico,3201,Trieste,M,immatricolati,1501
2000,accademico,3201,Trieste,F,iscritti,16276
2000,accademico,3201,Trieste,M,iscritti,9601
2001,accademico,3201,Trieste,F,iscritti,14754
2001,accademico,3201,Trieste,M,iscritti,9315
2002,accademico,3201,Trieste,F,iscritti,13846
2002,accademico,3201,Trieste,M,iscritti,10107
2003,accademico,3201,Trieste,F,iscritti,12316
2003,accademico,3201,Trieste,M,iscritti,11681
2004,accademico,3201,Trieste,F,iscritti,11771
2004,accademico,3201,Trieste,M,iscritti,8622
2005,accademico,3201,Trieste,F,iscritti,11298
2005,accademico,3201,Trieste,M,iscritti,8079
2006,accademico,3201,Trieste,F,iscritti,11043
2006,accademico,3201,Trieste,M,iscritti,8091
2007,accademico,3201,Trieste,F,iscritti,10933
2007,accademico,3201,Trieste,M,iscritti,8029
2008,accademico,3201,Trieste,F,iscritti,10984
2008,accademico,3201,Trieste,M,iscritti,7995
2009,accademico,3201,Trieste,F,iscritti,10959
2009,accademico,3201,Trieste,M,iscritti,8079
2010,accademico,3201,Trieste,F,iscritti,11789
2010,accademico,3201,Trieste,M,iscritti,8836
2011,accademico,3201,Trieste,F,iscritti,11441
2011,accademico,3201,Trieste,M,iscritti,8522
2012,accademico,3201,Trieste,F,iscritti,10340
2012,accademico,3201,Trieste,M,iscritti,7897
2013,accademico,3201,Trieste,F,iscritti,9789
2013,accademico,3201,Trieste,M,iscritti,7502
2014,accademico,3201,Trieste,F,iscritti,9170
2014,accademico,3201,Trieste,M,iscritti,7027
2015,accademico,3201,Trieste,F,iscritti,8795
2015,accademico,3201,Trieste,M,iscritti,6797
2016,accademico,3201,Trieste,F,iscritti,8523
2016,accademico,3201,Trieste,M,iscritti,6760
2017,accademico,3201,Trieste,F,iscritti,8673
2017,accademico,3201,Trieste,M,iscritti,6865
2018,accademico,3201,Trieste,F,iscritti,8854
2018,accademico,3201,Trieste,M,iscritti,6816
2019,accademico,3201,Trieste,F,iscritti,9066
2019,accademico,3201,Trieste,M,iscritti,6747
2020,accademico,3201,Trieste,F,iscritti,9188
2020,accademico,3201,Trieste,M,iscritti,6857
2021,accademico,3201,Trieste,F,iscritti,9347
2021,accademico,3201,Trieste,M,iscritti,6921
2022,accademico,3201,Trieste,F,iscritti,9652
2022,accademico,3201,Trieste,M,iscritti,6909
2023,accademico,3201,Trieste,F,iscritti,10075
2023,accademico,3201,Trieste,M,iscritti,6990
2024,accademico,3201,Trieste,F,iscritti,10464
2024,accademico,3201,Trieste,M,iscritti,7070
2001,solare,3201,Trieste,F,laureati,2272
2001,solare,3201,Trieste,M,laureati,971
2002,solare,3201,Trieste,F,laureati,2243
2002,solare,3201,Trieste,M,laureati,1063
2003,solare,3201,Trieste,F,laureati,2247
2003,solare,3201,Trieste,M,laureati,1334
2004,solare,3201,Trieste,F,laureati,2269
2004,solare,3201,Trieste,M,laureati,2049
2005,solare,3201,Trieste,F,laureati,2547
2005,solare,3201,Trieste,M,laureati,2670
2006,solare,3201,Trieste,F,laureati,2293
2006,solare,3201,Trieste,M,laureati,1605
2007,solare,3201,Trieste,F,laureati,2114
2007,solare,3201,Trieste,M,laureati,1396
2008,solare,3201,Trieste,F,laureati,2034
2008,solare,3201,Trieste,M,laureati,1319
2009,solare,3201,Trieste,F,laureati,1980
2009,solare,3201,Trieste,M,laureati,1263
2010,solare,3201,Trieste,F,laureati,1972
2010,solare,3201,Trieste,M,laureati,1292
2011,solare,3201,Trieste,F,laureati,1917
2011,solare,3201,Trieste,M,laureati,1316
2012,solare,3201,Trieste,F,laureati,2136
2012,solare,3201,Trieste,M,laureati,1369
2013,solare,3201,Trieste,F,laureati,2031
2013,solare,3201,Trieste,M,laureati,1301
2014,solare,3201,Trieste,F,laureati,2000
2014,solare,3201,Trieste,M,laureati,1304
2015,solare,3201,Trieste,F,laureati,1890
2015,solare,3201,Trieste,M,laureati,1294
2016,solare,3201,Trieste,F,laureati,1868
2016,solare,3201,Trieste,M,laureati,1274
2017,solare,3201,Trieste,F,laureati,1692
2017,solare,3201,Trieste,M,laureati,1181
2018,solare,3201,Trieste,F,laureati,1723
2018,solare,3201,Trieste,M,laureati,1248
2019,solare,3201,Trieste,F,laureati,1757
2019,solare,3201,Trieste,M,laureati,1248
2020,solare,3201,Trieste,F,laureati,1716
2020,solare,3201,Trieste,M,laureati,1290
2021,solare,3201,Trieste,F,laureati,1855
2021,solare,3201,Trieste,M,laureati,1257
2022,solare,3201,Trieste,F,laureati,1707
2022,solare,3201,Trieste,M,laureati,1189
2023,solare,3201,Trieste,F,laureati,1919
2023,solare,3201,Trieste,M,laureati,1296
2024,solare,3201,Trieste,F,laureati,1894
2024,solare,3201,Trieste,M,laureati,1320
2025,solare,3201,Trieste,F,laureati,1900
2025,solare,3201,Trieste,M,laureati,1205
1998,accademico,3401,Parma,F,immatricolati,2439
1998,accademico,3401,Parma,M,immatricolati,2056
1999,accademico,3401,Parma,F,immatricolati,2560
1999,accademico,3401,Parma,M,immatricolati,2196
2000,accademico,3401,Parma,F,immatricolati,2431
2000,accademico,3401,Parma,M,immatricolati,1975
2001,accademico,3401,Parma,F,immatricolati,2573
2001,accademico,3401,Parma,M,immatricolati,2241
2002,accademico,3401,Parma,F,immatricolati,2688
2002,accademico,3401,Parma,M,immatricolati,2456
2003,accademico,3401,Parma,F,immatricolati,2684
2003,accademico,3401,Parma,M,immatricolati,2480
2004,accademico,3401,Parma,F,immatricolati,2452
2004,accademico,3401,Parma,M,immatricolati,2212
2005,accademico,3401,Parma,F,immatricolati,2552
2005,accademico,3401,Parma,M,immatricolati,2180
2006,accademico,3401,Parma,F,immatricolati,2617
2006,accademico,3401,Parma,M,immatricolati,2046
2007,accademico,3401,Parma,F,immatricolati,2648
2007,accademico,3401,Parma,M,immatricolati,1992
2008,accademico,3401,Parma,F,immatricolati,3028
2008,accademico,3401,Parma,M,immatricolati,2079
2009,accademico,3401,Parma,F,immatricolati,3143
2009,accademico,3401,Parma,M,immatricolati,2329
2010,accademico,3401,Parma,F,immatricolati,2900
2010,accademico,3401,Parma,M,immatricolati,2252
2011,accademico,3401,Parma,F,immatricolati,2115
2011,accademico,3401,Parma,M,immatricolati,1737
2012,accademico,3401,Parma,F,immatricolati,2133
2012,accademico,3401,Parma,M,immatricolati,1592
2013,accademico,3401,Parma,F,immatricolati,1895
2013,accademico,3401,Parma,M,immatricolati,1545
2014,accademico,3401,Parma,F,immatricolati,1845
2014,accademico,3401,Parma,M,immatricolati,1453
2015,accademico,3401,Parma,F,immatricolati,2300
2015,accademico,3401,Parma,M,immatricolati,1759
2016,accademico,3401,Parma,F,immatricolati,2634
2016,accademico,3401,Parma,M,immatricolati,2094
2017,accademico,3401,Parma,F,immatricolati,2885
2017,accademico,3401,Parma,M,immatricolati,2101
2018,accademico,3401,Parma,F,immatricolati,2969
2018,accademico,3401,Parma,M,immatricolati,2130
2019,accademico,3401,Parma,F,immatricolati,3107
2019,accademico,3401,Parma,M,immatricolati,2253
2020,accademico,3401,Parma,F,immatricolati,3323
2020,accademico,3401,Parma,M,immatricolati,2370
2021,accademico,3401,Parma,F,immatricolati,3508
2021,accademico,3401,Parma,M,immatricolati,2507
2022,accademico,3401,Parma,F,immatricolati,3571
2022,accademico,3401,Parma,M,immatricolati,2700
2023,accademico,3401,Parma,F,immatricolati,3474
2023,accademico,3401,Parma,M,immatricolati,2402
2024,accademico,3401,Parma,F,immatricolati,3786
2024,accademico,3401,Parma,M,immatricolati,2381
2025,accademico,3401,Parma,F,immatricolati,3637
2025,accademico,3401,Parma,M,immatricolati,2426
2000,accademico,3401,Parma,F,iscritti,14988
2000,accademico,3401,Parma,M,iscritti,12374
2001,accademico,3401,Parma,F,iscritti,15275
2001,accademico,3401,Parma,M,iscritti,12435
2002,accademico,3401,Parma,F,iscritti,15849
2002,accademico,3401,Parma,M,iscritti,13045
2003,accademico,3401,Parma,F,iscritti,15470
2003,accademico,3401,Parma,M,iscritti,12751
2004,accademico,3401,Parma,F,iscritti,15173
2004,accademico,3401,Parma,M,iscritti,12800
2005,accademico,3401,Parma,F,iscritti,14933
2005,accademico,3401,Parma,M,iscritti,12388
2006,accademico,3401,Parma,F,iscritti,14637
2006,accademico,3401,Parma,M,iscritti,11971
2007,accademico,3401,Parma,F,iscritti,14772
2007,accademico,3401,Parma,M,iscritti,11872
2008,accademico,3401,Parma,F,iscritti,15506
2008,accademico,3401,Parma,M,iscritti,11941
2009,accademico,3401,Parma,F,iscritti,16399
2009,accademico,3401,Parma,M,iscritti,12535
2010,accademico,3401,Parma,F,iscritti,17972
2010,accademico,3401,Parma,M,iscritti,13991
2011,accademico,3401,Parma,F,iscritti,16883
2011,accademico,3401,Parma,M,iscritti,13129
2012,accademico,3401,Parma,F,iscritti,15573
2012,accademico,3401,Parma,M,iscritti,11841
2013,accademico,3401,Parma,F,iscritti,14621
2013,accademico,3401,Parma,M,iscritti,11142
2014,accademico,3401,Parma,F,iscritti,13614
2014,accademico,3401,Parma,M,iscritti,10460
2015,accademico,3401,Parma,F,iscritti,13256
2015,accademico,3401,Parma,M,iscritti,10406
2016,accademico,3401,Parma,F,iscritti,13688
2016,accademico,3401,Parma,M,iscritti,10716
2017,accademico,3401,Parma,F,iscritti,14235
2017,accademico,3401,Parma,M,iscritti,11004
2018,accademico,3401,Parma,F,iscritti,14906
2018,accademico,3401,Parma,M,iscritti,11178
2019,accademico,3401,Parma,F,iscritti,15574
2019,accademico,3401,Parma,M,iscritti,11421
2020,accademico,3401,Parma,F,iscritti,16550
2020,accademico,3401,Parma,M,iscritti,11817
2021,accademico,3401,Parma,F,iscritti,17303
2021,accademico,3401,Parma,M,iscritti,12051
2022,accademico,3401,Parma,F,iscritti,17594
2022,accademico,3401,Parma,M,iscritti,12249
2023,accademico,3401,Parma,F,iscritti,17919
2023,accademico,3401,Parma,M,iscritti,12347
2024,accademico,3401,Parma,F,iscritti,18696
2024,accademico,3401,Parma,M,iscritti,12146
2001,solare,3401,Parma,F,laureati,1800
2001,solare,3401,Parma,M,laureati,1530
2002,solare,3401,Parma,F,laureati,1999
2002,solare,3401,Parma,M,laureati,1529
2003,solare,3401,Parma,F,laureati,2013
2003,solare,3401,Parma,M,laureati,1629
2004,solare,3401,Parma,F,laureati,2355
2004,solare,3401,Parma,M,laureati,1854
2005,solare,3401,Parma,F,laureati,2966
2005,solare,3401,Parma,M,laureati,2137
2006,solare,3401,Parma,F,laureati,3007
2006,solare,3401,Parma,M,laureati,2226
2007,solare,3401,Parma,F,laureati,2715
2007,solare,3401,Parma,M,laureati,2041
2008,solare,3401,Parma,F,laureati,2541
2008,solare,3401,Parma,M,laureati,2023
2009,solare,3401,Parma,F,laureati,2595
2009,solare,3401,Parma,M,laureati,1916
2010,solare,3401,Parma,F,laureati,2655
2010,solare,3401,Parma,M,laureati,1899
2011,solare,3401,Parma,F,laureati,2669
2011,solare,3401,Parma,M,laureati,2050
2012,solare,3401,Parma,F,laureati,2990
2012,solare,3401,Parma,M,laureati,2190
2013,solare,3401,Parma,F,laureati,3094
2013,solare,3401,Parma,M,laureati,2260
2014,solare,3401,Parma,F,laureati,3077
2014,solare,3401,Parma,M,laureati,2137
2015,solare,3401,Parma,F,laureati,2787
2015,solare,3401,Parma,M,laureati,2006
2016,solare,3401,Parma,F,laureati,2590
2016,solare,3401,Parma,M,laureati,1944
2017,solare,3401,Parma,F,laureati,2608
2017,solare,3401,Parma,M,laureati,1975
2018,solare,3401,Parma,F,laureati,2657
2018,solare,3401,Parma,M,laureati,1892
2019,solare,3401,Parma,F,laureati,2947
2019,solare,3401,Parma,M,laureati,2212
2020,solare,3401,Parma,F,laureati,3064
2020,solare,3401,Parma,M,laureati,2155
2021,solare,3401,Parma,F,laureati,3285
2021,solare,3401,Parma,M,laureati,2239
2022,solare,3401,Parma,F,laureati,3306
2022,solare,3401,Parma,M,laureati,2088
2023,solare,3401,Parma,F,laureati,3509
2023,solare,3401,Parma,M,laureati,2142
2024,solare,3401,Parma,F,laureati,3724
2024,solare,3401,Parma,M,laureati,2379
2025,solare,3401,Parma,F,laureati,4025
2025,solare,3401,Parma,M,laureati,2405
1998,accademico,3601,Modena e Reggio Emilia,F,immatricolati,1379
1998,accademico,3601,Modena e Reggio Emilia,M,immatricolati,1337
1999,accademico,3601,Modena e Reggio Emilia,F,immatricolati,1411
1999,accademico,3601,Modena e Reggio Emilia,M,immatricolati,1430
2000,accademico,3601,Modena e Reggio Emilia,F,immatricolati,1385
2000,accademico,3601,Modena e Reggio Emilia,M,immatricolati,1427
2001,accademico,3601,Modena e Reggio Emilia,F,immatricolati,1829
2001,accademico,3601,Modena e Reggio Emilia,M,immatricolati,1713
2002,accademico,3601,Modena e Reggio Emilia,F,immatricolati,1776
2002,accademico,3601,Modena e Reggio Emilia,M,immatricolati,1678
2003,accademico,3601,Modena e Reggio Emilia,F,immatricolati,1864
2003,accademico,3601,Modena e Reggio Emilia,M,immatricolati,1663
2004,accademico,3601,Modena e Reggio Emilia,F,immatricolati,1803
2004,accademico,3601,Modena e Reggio Emilia,M,immatricolati,1602
2005,accademico,3601,Modena e Reggio Emilia,F,immatricolati,1706
2005,accademico,3601,Modena e Reggio Emilia,M,immatricolati,1546
2006,accademico,3601,Modena e Reggio Emilia,F,immatricolati,1703
2006,accademico,3601,Modena e Reggio Emilia,M,immatricolati,1515
2007,accademico,3601,Modena e Reggio Emilia,F,immatricolati,1862
2007,accademico,3601,Modena e Reggio Emilia,M,immatricolati,1661
2008,accademico,3601,Modena e Reggio Emilia,F,immatricolati,1699
2008,accademico,3601,Modena e Reggio Emilia,M,immatricolati,1530
2009,accademico,3601,Modena e Reggio Emilia,F,immatricolati,2152
2009,accademico,3601,Modena e Reggio Emilia,M,immatricolati,1853
2010,accademico,3601,Modena e Reggio Emilia,F,immatricolati,1874
2010,accademico,3601,Modena e Reggio Emilia,M,immatricolati,1693
2011,accademico,3601,Modena e Reggio Emilia,F,immatricolati,2041
2011,accademico,3601,Modena e Reggio Emilia,M,immatricolati,1862
2012,accademico,3601,Modena e Reggio Emilia,F,immatricolati,2021
2012,accademico,3601,Modena e Reggio Emilia,M,immatricolati,1807
2013,accademico,3601,Modena e Reggio Emilia,F,immatricolati,2095
2013,accademico,3601,Modena e Reggio Emilia,M,immatricolati,1806
2014,accademico,3601,Modena e Reggio Emilia,F,immatricolati,1942
2014,accademico,3601,Modena e Reggio Emilia,M,immatricolati,1962
2015,accademico,3601,Modena e Reggio Emilia,F,immatricolati,2222
2015,accademico,3601,Modena e Reggio Emilia,M,immatricolati,2139
2016,accademico,3601,Modena e Reggio Emilia,F,immatricolati,2581
2016,accademico,3601,Modena e Reggio Emilia,M,immatricolati,2248
2017,accademico,3601,Modena e Reggio Emilia,F,immatricolati,2609
2017,accademico,3601,Modena e Reggio Emilia,M,immatricolati,2649
2018,accademico,3601,Modena e Reggio Emilia,F,immatricolati,2743
2018,accademico,3601,Modena e Reggio Emilia,M,immatricolati,2465
2019,accademico,3601,Modena e Reggio Emilia,F,immatricolati,2995
2019,accademico,3601,Modena e Reggio Emilia,M,immatricolati,2787
2020,accademico,3601,Modena e Reggio Emilia,F,immatricolati,2726
2020,accademico,3601,Modena e Reggio Emilia,M,immatricolati,2637
2021,accademico,3601,Modena e Reggio Emilia,F,immatricolati,2342
2021,accademico,3601,Modena e Reggio Emilia,M,immatricolati,2275
2022,accademico,3601,Modena e Reggio Emilia,F,immatricolati,2384
2022,accademico,3601,Modena e Reggio Emilia,M,immatricolati,2215
2023,accademico,3601,Modena e Reggio Emilia,F,immatricolati,2342
2023,accademico,3601,Modena e Reggio Emilia,M,immatricolati,2226
2024,accademico,3601,Modena e Reggio Emilia,F,immatricolati,2596
2024,accademico,3601,Modena e Reggio Emilia,M,immatricolati,2301
2025,accademico,3601,Modena e Reggio Emilia,F,immatricolati,2722
2025,accademico,3601,Modena e Reggio Emilia,M,immatricolati,2284
2000,accademico,3601,Modena e Reggio Emilia,F,iscritti,6967
2000,accademico,3601,Modena e Reggio Emilia,M,iscritti,7228
2001,accademico,3601,Modena e Reggio Emilia,F,iscritti,7416
2001,accademico,3601,Modena e Reggio Emilia,M,iscritti,7432
2002,accademico,3601,Modena e Reggio Emilia,F,iscritti,7844
2002,accademico,3601,Modena e Reggio Emilia,M,iscritti,7640
2003,accademico,3601,Modena e Reggio Emilia,F,iscritti,8385
2003,accademico,3601,Modena e Reggio Emilia,M,iscritti,7813
2004,accademico,3601,Modena e Reggio Emilia,F,iscritti,8665
2004,accademico,3601,Modena e Reggio Emilia,M,iscritti,7932
2005,accademico,3601,Modena e Reggio Emilia,F,iscritti,8795
2005,accademico,3601,Modena e Reggio Emilia,M,iscritti,7886
2006,accademico,3601,Modena e Reggio Emilia,F,iscritti,9023
2006,accademico,3601,Modena e Reggio Emilia,M,iscritti,7760
2007,accademico,3601,Modena e Reggio Emilia,F,iscritti,9415
2007,accademico,3601,Modena e Reggio Emilia,M,iscritti,8057
2008,accademico,3601,Modena e Reggio Emilia,F,iscritti,9663
2008,accademico,3601,Modena e Reggio Emilia,M,iscritti,8102
2009,accademico,3601,Modena e Reggio Emilia,F,iscritti,10123
2009,accademico,3601,Modena e Reggio Emilia,M,iscritti,8300
2010,accademico,3601,Modena e Reggio Emilia,F,iscritti,10806
2010,accademico,3601,Modena e Reggio Emilia,M,iscritti,9035
2011,accademico,3601,Modena e Reggio Emilia,F,iscritti,10696
2011,accademico,3601,Modena e Reggio Emilia,M,iscritti,8991
2012,accademico,3601,Modena e Reggio Emilia,F,iscritti,10522
2012,accademico,3601,Modena e Reggio Emilia,M,iscritti,8885
2013,accademico,3601,Modena e Reggio Emilia,F,iscritti,10739
2013,accademico,3601,Modena e Reggio Emilia,M,iscritti,9006
2014,accademico,3601,Modena e Reggio Emilia,F,iscritti,10683
2014,accademico,3601,Modena e Reggio Emilia,M,iscritti,9203
2015,accademico,3601,Modena e Reggio Emilia,F,iscritti,11109
2015,accademico,3601,Modena e Reggio Emilia,M,iscritti,9880
2016,accademico,3601,Modena e Reggio Emilia,F,iscritti,11816
2016,accademico,3601,Modena e Reggio Emilia,M,iscritti,10485
2017,accademico,3601,Modena e Reggio Emilia,F,iscritti,12603
2017,accademico,3601,Modena e Reggio Emilia,M,iscritti,11283
2018,accademico,3601,Modena e Reggio Emilia,F,iscritti,13318
2018,accademico,3601,Modena e Reggio Emilia,M,iscritti,11716
2019,accademico,3601,Modena e Reggio Emilia,F,iscritti,14164
2019,accademico,3601,Modena e Reggio Emilia,M,iscritti,12635
2020,accademico,3601,Modena e Reggio Emilia,F,iscritti,14638
2020,accademico,3601,Modena e Reggio Emilia,M,iscritti,12927
2021,accademico,3601,Modena e Reggio Emilia,F,iscritti,14265
2021,accademico,3601,Modena e Reggio Emilia,M,iscritti,12579
2022,accademico,3601,Modena e Reggio Emilia,F,iscritti,13745
2022,accademico,3601,Modena e Reggio Emilia,M,iscritti,12013
2023,accademico,3601,Modena e Reggio Emilia,F,iscritti,13701
2023,accademico,3601,Modena e Reggio Emilia,M,iscritti,11879
2024,accademico,3601,Modena e Reggio Emilia,F,iscritti,13920
2024,accademico,3601,Modena e Reggio Emilia,M,iscritti,11931
2001,solare,3601,Modena e Reggio Emilia,F,laureati,871
2001,solare,3601,Modena e Reggio Emilia,M,laureati,1016
2002,solare,3601,Modena e Reggio Emilia,F,laureati,1004
2002,solare,3601,Modena e Reggio Emilia,M,laureati,1162
2003,solare,3601,Modena e Reggio Emilia,F,laureati,1367
2003,solare,3601,Modena e Reggio Emilia,M,laureati,1219
2004,solare,3601,Modena e Reggio Emilia,F,laureati,1649
2004,solare,3601,Modena e Reggio Emilia,M,laureati,1434
2005,solare,3601,Modena e Reggio Emilia,F,laureati,1884
2005,solare,3601,Modena e Reggio Emilia,M,laureati,1485
2006,solare,3601,Modena e Reggio Emilia,F,laureati,1791
2006,solare,3601,Modena e Reggio Emilia,M,laureati,1474
2007,solare,3601,Modena e Reggio Emilia,F,laureati,1821
2007,solare,3601,Modena e Reggio Emilia,M,laureati,1440
2008,solare,3601,Modena e Reggio Emilia,F,laureati,1867
2008,solare,3601,Modena e Reggio Emilia,M,laureati,1416
2009,solare,3601,Modena e Reggio Emilia,F,laureati,1776
2009,solare,3601,Modena e Reggio Emilia,M,laureati,1413
2010,solare,3601,Modena e Reggio Emilia,F,laureati,2086
2010,solare,3601,Modena e Reggio Emilia,M,laureati,1500
2011,solare,3601,Modena e Reggio Emilia,F,laureati,2086
2011,solare,3601,Modena e Reggio Emilia,M,laureati,1582
2012,solare,3601,Modena e Reggio Emilia,F,laureati,2055
2012,solare,3601,Modena e Reggio Emilia,M,laureati,1494
2013,solare,3601,Modena e Reggio Emilia,F,laureati,2115
2013,solare,3601,Modena e Reggio Emilia,M,laureati,1552
2014,solare,3601,Modena e Reggio Emilia,F,laureati,2131
2014,solare,3601,Modena e Reggio Emilia,M,laureati,1644
2015,solare,3601,Modena e Reggio Emilia,F,laureati,2198
2015,solare,3601,Modena e Reggio Emilia,M,laureati,1631
2016,solare,3601,Modena e Reggio Emilia,F,laureati,2268
2016,solare,3601,Modena e Reggio Emilia,M,laureati,1792
2017,solare,3601,Modena e Reggio Emilia,F,laureati,2447
2017,solare,3601,Modena e Reggio Emilia,M,laureati,1792
2018,solare,3601,Modena e Reggio Emilia,F,laureati,2524
2018,solare,3601,Modena e Reggio Emilia,M,laureati,2128
2019,solare,3601,Modena e Reggio Emilia,F,laureati,2861
2019,solare,3601,Modena e Reggio Emilia,M,laureati,2268
2020,solare,3601,Modena e Reggio Emilia,F,laureati,2951
2020,solare,3601,Modena e Reggio Emilia,M,laureati,2232
2021,solare,3601,Modena e Reggio Emilia,F,laureati,3095
2021,solare,3601,Modena e Reggio Emilia,M,laureati,2436
2022,solare,3601,Modena e Reggio Emilia,F,laureati,3075
2022,solare,3601,Modena e Reggio Emilia,M,laureati,2523
2023,solare,3601,Modena e Reggio Emilia,F,laureati,3195
2023,solare,3601,Modena e Reggio Emilia,M,laureati,2541
2024,solare,3601,Modena e Reggio Emilia,F,laureati,3147
2024,solare,3601,Modena e Reggio Emilia,M,laureati,2739
2025,solare,3601,Modena e Reggio Emilia,F,laureati,3066
2025,solare,3601,Modena e Reggio Emilia,M,laureati,2573
1998,accademico,3701,Bologna,F,immatricolati,8088
1998,accademico,3701,Bologna,M,immatricolati,7051
1999,accademico,3701,Bologna,F,immatricolati,7973
1999,accademico,3701,Bologna,M,immatricolati,7351
2000,accademico,3701,Bologna,F,immatricolati,8251
2000,accademico,3701,Bologna,M,immatricolati,7265
2001,accademico,3701,Bologna,F,immatricolati,8428
2001,accademico,3701,Bologna,M,immatricolati,7363
2002,accademico,3701,Bologna,F,immatricolati,9067
2002,accademico,3701,Bologna,M,immatricolati,8946
2003,accademico,3701,Bologna,F,immatricolati,9127
2003,accademico,3701,Bologna,M,immatricolati,9881
2004,accademico,3701,Bologna,F,immatricolati,9682
2004,accademico,3701,Bologna,M,immatricolati,8026
2005,accademico,3701,Bologna,F,immatricolati,9344
2005,accademico,3701,Bologna,M,immatricolati,7583
2006,accademico,3701,Bologna,F,immatricolati,8407
2006,accademico,3701,Bologna,M,immatricolati,6800
2007,accademico,3701,Bologna,F,immatricolati,7754
2007,accademico,3701,Bologna,M,immatricolati,6188
2008,accademico,3701,Bologna,F,immatricolati,7596
2008,accademico,3701,Bologna,M,immatricolati,5835
2009,accademico,3701,Bologna,F,immatricolati,7258
2009,accademico,3701,Bologna,M,immatricolati,5547
2010,accademico,3701,Bologna,F,immatricolati,7253
2010,accademico,3701,Bologna,M,immatricolati,5731
2011,accademico,3701,Bologna,F,immatricolati,7722
2011,accademico,3701,Bologna,M,immatricolati,6030
2012,accademico,3701,Bologna,F,immatricolati,7071
2012,accademico,3701,Bologna,M,immatricolati,5802
2013,accademico,3701,Bologna,F,immatricolati,7445
2013,accademico,3701,Bologna,M,immatricolati,5817
2014,accademico,3701,Bologna,F,immatricolati,7381
2014,accademico,3701,Bologna,M,immatricolati,5942
2015,accademico,3701,Bologna,F,immatricolati,7688
2015,accademico,3701,Bologna,M,immatricolati,6125
2016,accademico,3701,Bologna,F,immatricolati,7911
2016,accademico,3701,Bologna,M,immatricolati,6332
2017,accademico,3701,Bologna,F,immatricolati,7594
2017,accademico,3701,Bologna,M,immatricolati,6129
2018,accademico,3701,Bologna,F,immatricolati,7679
2018,accademico,3701,Bologna,M,immatricolati,6016
2019,accademico,3701,Bologna,F,immatricolati,7995
2019,accademico,3701,Bologna,M,immatricolati,6299
2020,accademico,3701,Bologna,F,immatricolati,8152
2020,accademico,3701,Bologna,M,immatricolati,6277
2021,accademico,3701,Bologna,F,immatricolati,8629
2021,accademico,3701,Bologna,M,immatricolati,6786
2022,accademico,3701,Bologna,F,immatricolati,8248
2022,accademico,3701,Bologna,M,immatricolati,6399
2023,accademico,3701,Bologna,F,immatricolati,8417
2023,accademico,3701,Bologna,M,immatricolati,6138
2024,accademico,3701,Bologna,F,immatricolati,8127
2024,accademico,3701,Bologna,M,immatricolati,6205
2025,accademico,3701,Bologna,F,immatricolati,8006
2025,accademico,3701,Bologna,M,immatricolati,6265
2000,accademico,3701,Bologna,F,iscritti,52499
2000,accademico,3701,Bologna,M,iscritti,46631
2001,accademico,3701,Bologna,F,iscritti,52766
2001,accademico,3701,Bologna,M,iscritti,46293
2002,accademico,3701,Bologna,F,iscritti,53417
2002,accademico,3701,Bologna,M,iscritti,47589
2003,accademico,3701,Bologna,F,iscritti,52999
2003,accademico,3701,Bologna,M,iscritti,48531
2004,accademico,3701,Bologna,F,iscritti,52809
2004,accademico,3701,Bologna,M,iscritti,45468
2005,accademico,3701,Bologna,F,iscritti,52384
2005,accademico,3701,Bologna,M,iscritti,43387
2006,accademico,3701,Bologna,F,iscritti,50798
2006,accademico,3701,Bologna,M,iscritti,41088
2007,accademico,3701,Bologna,F,iscritti,48902
2007,accademico,3701,Bologna,M,iscritti,39080
2008,accademico,3701,Bologna,F,iscritti,47160
2008,accademico,3701,Bologna,M,iscritti,37159
2009,accademico,3701,Bologna,F,iscritti,46648
2009,accademico,3701,Bologna,M,iscritti,36201
2010,accademico,3701,Bologna,F,iscritti,47247
2010,accademico,3701,Bologna,M,iscritti,36690
2011,accademico,3701,Bologna,F,iscritti,46934
2011,accademico,3701,Bologna,M,iscritti,36285
2012,accademico,3701,Bologna,F,iscritti,45725
2012,accademico,3701,Bologna,M,iscritti,35381
2013,accademico,3701,Bologna,F,iscritti,44651
2013,accademico,3701,Bologna,M,iscritti,34994
2014,accademico,3701,Bologna,F,iscritti,43941
2014,accademico,3701,Bologna,M,iscritti,34551
2015,accademico,3701,Bologna,F,iscritti,44051
2015,accademico,3701,Bologna,M,iscritti,35157
2016,accademico,3701,Bologna,F,iscritti,44219
2016,accademico,3701,Bologna,M,iscritti,35494
2017,accademico,3701,Bologna,F,iscritti,44719
2017,accademico,3701,Bologna,M,iscritti,35861
2018,accademico,3701,Bologna,F,iscritti,45303
2018,accademico,3701,Bologna,M,iscritti,35802
2019,accademico,3701,Bologna,F,iscritti,45121
2019,accademico,3701,Bologna,M,iscritti,35868
2020,accademico,3701,Bologna,F,iscritti,46338
2020,accademico,3701,Bologna,M,iscritti,36276
2021,accademico,3701,Bologna,F,iscritti,47959
2021,accademico,3701,Bologna,M,iscritti,37237
2022,accademico,3701,Bologna,F,iscritti,48178
2022,accademico,3701,Bologna,M,iscritti,37277
2023,accademico,3701,Bologna,F,iscritti,48208
2023,accademico,3701,Bologna,M,iscritti,36621
2024,accademico,3701,Bologna,F,iscritti,48560
2024,accademico,3701,Bologna,M,iscritti,36696
2001,solare,3701,Bologna,F,laureati,5898
2001,solare,3701,Bologna,M,laureati,5191
2002,solare,3701,Bologna,F,laureati,6963
2002,solare,3701,Bologna,M,laureati,5721
2003,solare,3701,Bologna,F,laureati,7775
2003,solare,3701,Bologna,M,laureati,7129
2004,solare,3701,Bologna,F,laureati,8738
2004,solare,3701,Bologna,M,laureati,8280
2005,solare,3701,Bologna,F,laureati,10023
2005,solare,3701,Bologna,M,laureati,7900
2006,solare,3701,Bologna,F,laureati,9380
2006,solare,3701,Bologna,M,laureati,7218
2007,solare,3701,Bologna,F,laureati,9217
2007,solare,3701,Bologna,M,laureati,6634
2008,solare,3701,Bologna,F,laureati,9211
2008,solare,3701,Bologna,M,laureati,6720
2009,solare,3701,Bologna,F,laureati,9086
2009,solare,3701,Bologna,M,laureati,6451
2010,solare,3701,Bologna,F,laureati,8682
2010,solare,3701,Bologna,M,laureati,6167
2011,solare,3701,Bologna,F,laureati,9111
2011,solare,3701,Bologna,M,laureati,6039
2012,solare,3701,Bologna,F,laureati,8987
2012,solare,3701,Bologna,M,laureati,6224
2013,solare,3701,Bologna,F,laureati,9472
2013,solare,3701,Bologna,M,laureati,6410
2014,solare,3701,Bologna,F,laureati,9829
2014,solare,3701,Bologna,M,laureati,6743
2015,solare,3701,Bologna,F,laureati,9797
2015,solare,3701,Bologna,M,laureati,6866
2016,solare,3701,Bologna,F,laureati,10002
2016,solare,3701,Bologna,M,laureati,7100
2017,solare,3701,Bologna,F,laureati,10273
2017,solare,3701,Bologna,M,laureati,7589
2018,solare,3701,Bologna,F,laureati,10317
2018,solare,3701,Bologna,M,laureati,7929
2019,solare,3701,Bologna,F,laureati,10882
2019,solare,3701,Bologna,M,laureati,8153
2020,solare,3701,Bologna,F,laureati,10883
2020,solare,3701,Bologna,M,laureati,8243
2021,solare,3701,Bologna,F,laureati,11406
2021,solare,3701,Bologna,M,laureati,8549
2022,solare,3701,Bologna,F,laureati,10810
2022,solare,3701,Bologna,M,laureati,8028
2023,solare,3701,Bologna,F,laureati,11330
2023,solare,3701,Bologna,M,laureati,8384
2024,solare,3701,Bologna,F,laureati,11791
2024,solare,3701,Bologna,M,laureati,8667
2025,solare,3701,Bologna,F,laureati,11550
2025,solare,3701,Bologna,M,laureati,8627
1998,accademico,3702,Bologna ISEF,F,immatricolati,231
1998,accademico,3702,Bologna ISEF,M,immatricolati,239
2000,accademico,3702,Bologna ISEF,F,iscritti,942
2000,accademico,3702,Bologna ISEF,M,iscritti,917
1998,accademico,3801,Ferrara,F,immatricolati,1205
1998,accademico,3801,Ferrara,M,immatricolati,944
1999,accademico,3801,Ferrara,F,immatricolati,1335
1999,accademico,3801,Ferrara,M,immatricolati,1023
2000,accademico,3801,Ferrara,F,immatricolati,1465
2000,accademico,3801,Ferrara,M,immatricolati,1209
2001,accademico,3801,Ferrara,F,immatricolati,1440
2001,accademico,3801,Ferrara,M,immatricolati,1240
2002,accademico,3801,Ferrara,F,immatricolati,1604
2002,accademico,3801,Ferrara,M,immatricolati,1434
2003,accademico,3801,Ferrara,F,immatricolati,2306
2003,accademico,3801,Ferrara,M,immatricolati,1648
2004,accademico,3801,Ferrara,F,immatricolati,1716
2004,accademico,3801,Ferrara,M,immatricolati,1447
2005,accademico,3801,Ferrara,F,immatricolati,1613
2005,accademico,3801,Ferrara,M,immatricolati,1340
2006,accademico,3801,Ferrara,F,immatricolati,1401
2006,accademico,3801,Ferrara,M,immatricolati,1153
2007,accademico,3801,Ferrara,F,immatricolati,1574
2007,accademico,3801,Ferrara,M,immatricolati,1268
2008,accademico,3801,Ferrara,F,immatricolati,1575
2008,accademico,3801,Ferrara,M,immatricolati,1187
2009,accademico,3801,Ferrara,F,immatricolati,1906
2009,accademico,3801,Ferrara,M,immatricolati,1357
2010,accademico,3801,Ferrara,F,immatricolati,1746
2010,accademico,3801,Ferrara,M,immatricolati,1235
2011,accademico,3801,Ferrara,F,immatricolati,1332
2011,accademico,3801,Ferrara,M,immatricolati,1148
2012,accademico,3801,Ferrara,F,immatricolati,1229
2012,accademico,3801,Ferrara,M,immatricolati,1082
2013,accademico,3801,Ferrara,F,immatricolati,1271
2013,accademico,3801,Ferrara,M,immatricolati,1058
2014,accademico,3801,Ferrara,F,immatricolati,1427
2014,accademico,3801,Ferrara,M,immatricolati,1134
2015,accademico,3801,Ferrara,F,immatricolati,1478
2015,accademico,3801,Ferrara,M,immatricolati,1312
2016,accademico,3801,Ferrara,F,immatricolati,1562
2016,accademico,3801,Ferrara,M,immatricolati,1188
2017,accademico,3801,Ferrara,F,immatricolati,3648
2017,accademico,3801,Ferrara,M,immatricolati,2089
2018,accademico,3801,Ferrara,F,immatricolati,4036
2018,accademico,3801,Ferrara,M,immatricolati,2408
2019,accademico,3801,Ferrara,F,immatricolati,4204
2019,accademico,3801,Ferrara,M,immatricolati,2547
2020,accademico,3801,Ferrara,F,immatricolati,4576
2020,accademico,3801,Ferrara,M,immatricolati,2724
2021,accademico,3801,Ferrara,F,immatricolati,3936
2021,accademico,3801,Ferrara,M,immatricolati,2553
2022,accademico,3801,Ferrara,F,immatricolati,3877
2022,accademico,3801,Ferrara,M,immatricolati,2370
2023,accademico,3801,Ferrara,F,immatricolati,3949
2023,accademico,3801,Ferrara,M,immatricolati,2432
2024,accademico,3801,Ferrara,F,immatricolati,3986
2024,accademico,3801,Ferrara,M,immatricolati,2362
2025,accademico,3801,Ferrara,F,immatricolati,3742
2025,accademico,3801,Ferrara,M,immatricolati,2507
2000,accademico,3801,Ferrara,F,iscritti,7952
2000,accademico,3801,Ferrara,M,iscritti,6529
2001,accademico,3801,Ferrara,F,iscritti,8370
2001,accademico,3801,Ferrara,M,iscritti,6925
2002,accademico,3801,Ferrara,F,iscritti,8604
2002,accademico,3801,Ferrara,M,iscritti,7357
2003,accademico,3801,Ferrara,F,iscritti,9399
2003,accademico,3801,Ferrara,M,iscritti,7765
2004,accademico,3801,Ferrara,F,iscritti,9252
2004,accademico,3801,Ferrara,M,iscritti,7875
2005,accademico,3801,Ferrara,F,iscritti,9429
2005,accademico,3801,Ferrara,M,iscritti,8027
2006,accademico,3801,Ferrara,F,iscritti,8891
2006,accademico,3801,Ferrara,M,iscritti,7513
2007,accademico,3801,Ferrara,F,iscritti,9055
2007,accademico,3801,Ferrara,M,iscritti,7697
2008,accademico,3801,Ferrara,F,iscritti,9306
2008,accademico,3801,Ferrara,M,iscritti,7845
2009,accademico,3801,Ferrara,F,iscritti,9799
2009,accademico,3801,Ferrara,M,iscritti,8003
2010,accademico,3801,Ferrara,F,iscritti,10459
2010,accademico,3801,Ferrara,M,iscritti,8290
2011,accademico,3801,Ferrara,F,iscritti,10132
2011,accademico,3801,Ferrara,M,iscritti,7983
2012,accademico,3801,Ferrara,F,iscritti,9531
2012,accademico,3801,Ferrara,M,iscritti,7583
2013,accademico,3801,Ferrara,F,iscritti,8962
2013,accademico,3801,Ferrara,M,iscritti,7324
2014,accademico,3801,Ferrara,F,iscritti,8812
2014,accademico,3801,Ferrara,M,iscritti,7155
2015,accademico,3801,Ferrara,F,iscritti,8609
2015,accademico,3801,Ferrara,M,iscritti,7150
2016,accademico,3801,Ferrara,F,iscritti,8726
2016,accademico,3801,Ferrara,M,iscritti,7036
2017,accademico,3801,Ferrara,F,iscritti,10665
2017,accademico,3801,Ferrara,M,iscritti,7918
2018,accademico,3801,Ferrara,F,iscritti,11910
2018,accademico,3801,Ferrara,M,iscritti,8574
2019,accademico,3801,Ferrara,F,iscritti,13532
2019,accademico,3801,Ferrara,M,iscritti,9368
2020,accademico,3801,Ferrara,F,iscritti,15090
2020,accademico,3801,Ferrara,M,iscritti,10200
2021,accademico,3801,Ferrara,F,iscritti,15829
2021,accademico,3801,Ferrara,M,iscritti,10455
2022,accademico,3801,Ferrara,F,iscritti,15780
2022,accademico,3801,Ferrara,M,iscritti,10394
2023,accademico,3801,Ferrara,F,iscritti,16183
2023,accademico,3801,Ferrara,M,iscritti,10554
2024,accademico,3801,Ferrara,F,iscritti,16507
2024,accademico,3801,Ferrara,M,iscritti,10594
2001,solare,3801,Ferrara,F,laureati,874
2001,solare,3801,Ferrara,M,laureati,681
2002,solare,3801,Ferrara,F,laureati,1041
2002,solare,3801,Ferrara,M,laureati,780
2003,solare,3801,Ferrara,F,laureati,1108
2003,solare,3801,Ferrara,M,laureati,856
2004,solare,3801,Ferrara,F,laureati,1416
2004,solare,3801,Ferrara,M,laureati,1010
2005,solare,3801,Ferrara,F,laureati,1795
2005,solare,3801,Ferrara,M,laureati,1153
2006,solare,3801,Ferrara,F,laureati,1569
2006,solare,3801,Ferrara,M,laureati,1191
2007,solare,3801,Ferrara,F,laureati,1500
2007,solare,3801,Ferrara,M,laureati,1155
2008,solare,3801,Ferrara,F,laureati,1541
2008,solare,3801,Ferrara,M,laureati,1200
2009,solare,3801,Ferrara,F,laureati,1529
2009,solare,3801,Ferrara,M,laureati,1170
2010,solare,3801,Ferrara,F,laureati,1484
2010,solare,3801,Ferrara,M,laureati,1217
2011,solare,3801,Ferrara,F,laureati,1632
2011,solare,3801,Ferrara,M,laureati,1308
2012,solare,3801,Ferrara,F,laureati,1576
2012,solare,3801,Ferrara,M,laureati,1181
2013,solare,3801,Ferrara,F,laureati,1836
2013,solare,3801,Ferrara,M,laureati,1253
2014,solare,3801,Ferrara,F,laureati,1738
2014,solare,3801,Ferrara,M,laureati,1160
2015,solare,3801,Ferrara,F,laureati,1714
2015,solare,3801,Ferrara,M,laureati,1284
2016,solare,3801,Ferrara,F,laureati,1643
2016,solare,3801,Ferrara,M,laureati,1222
2017,solare,3801,Ferrara,F,laureati,1692
2017,solare,3801,Ferrara,M,laureati,1284
2018,solare,3801,Ferrara,F,laureati,1800
2018,solare,3801,Ferrara,M,laureati,1279
2019,solare,3801,Ferrara,F,laureati,1772
2019,solare,3801,Ferrara,M,laureati,1386
2020,solare,3801,Ferrara,F,laureati,2373
2020,solare,3801,Ferrara,M,laureati,1533
2021,solare,3801,Ferrara,F,laureati,2784
2021,solare,3801,Ferrara,M,laureati,1894
2022,solare,3801,Ferrara,F,laureati,2998
2022,solare,3801,Ferrara,M,laureati,1773
2023,solare,3801,Ferrara,F,laureati,3521
2023,solare,3801,Ferrara,M,laureati,2058
2024,solare,3801,Ferrara,F,laureati,3346
2024,solare,3801,Ferrara,M,laureati,2043
2025,solare,3801,Ferrara,F,laureati,3592
2025,solare,3801,Ferrara,M,laureati,2128
2004,accademico,401,Bra Scienze Gastronomiche,F,immatricolati,27
2004,accademico,401,Bra Scienze Gastronomiche,M,immatricolati,23
2005,accademico,401,Bra Scienze Gastronomiche,F,immatricolati,25
2005,accademico,401,Bra Scienze Gastronomiche,M,immatricolati,27
2006,accademico,401,Bra Scienze Gastronomiche,F,immatricolati,20
2006,accademico,401,Bra Scienze Gastronomiche,M,immatricolati,32
2007,accademico,401,Bra Scienze Gastronomiche,F,immatricolati,29
2007,accademico,401,Bra Scienze Gastronomiche,M,immatricolati,27
2008,accademico,401,Bra Scienze Gastronomiche,F,immatricolati,28
2008,accademico,401,Bra Scienze Gastronomiche,M,immatricolati,25
2009,accademico,401,Bra Scienze Gastronomiche,F,immatricolati,28
2009,accademico,401,Bra Scienze Gastronomiche,M,immatricolati,35
2010,accademico,401,Bra Scienze Gastronomiche,F,immatricolati,32
2010,accademico,401,Bra Scienze Gastronomiche,M,immatricolati,35
2011,accademico,401,Bra Scienze Gastronomiche,F,immatricolati,38
2011,accademico,401,Bra Scienze Gastronomiche,M,immatricolati,22
2012,accademico,401,Bra Scienze Gastronomiche,F,immatricolati,39
2012,accademico,401,Bra Scienze Gastronomiche,M,immatricolati,23
2013,accademico,401,Bra Scienze Gastronomiche,F,immatricolati,42
2013,accademico,401,Bra Scienze Gastronomiche,M,immatricolati,21
2014,accademico,401,Bra Scienze Gastronomiche,F,immatricolati,36
2014,accademico,401,Bra Scienze Gastronomiche,M,immatricolati,29
2015,accademico,401,Bra Scienze Gastronomiche,F,immatricolati,31
2015,accademico,401,Bra Scienze Gastronomiche,M,immatricolati,35
2016,accademico,401,Bra Scienze Gastronomiche,F,immatricolati,33
2016,accademico,401,Bra Scienze Gastronomiche,M,immatricolati,42
2017,accademico,401,Bra Scienze Gastronomiche,F,immatricolati,41
2017,accademico,401,Bra Scienze Gastronomiche,M,immatricolati,37
2018,accademico,401,Bra Scienze Gastronomiche,F,immatricolati,35
2018,accademico,401,Bra Scienze Gastronomiche,M,immatricolati,43
2019,accademico,401,Bra Scienze Gastronomiche,F,immatricolati,53
2019,accademico,401,Bra Scienze Gastronomiche,M,immatricolati,39
2020,accademico,401,Bra Scienze Gastronomiche,F,immatricolati,47
2020,accademico,401,Bra Scienze Gastronomiche,M,immatricolati,41
2021,accademico,401,Bra Scienze Gastronomiche,F,immatricolati,30
2021,accademico,401,Bra Scienze Gastronomiche,M,immatricolati,30
2022,accademico,401,Bra Scienze Gastronomiche,F,immatricolati,28
2022,accademico,401,Bra Scienze Gastronomiche,M,immatricolati,35
2023,accademico,401,Bra Scienze Gastronomiche,F,immatricolati,37
2023,accademico,401,Bra Scienze Gastronomiche,M,immatricolati,26
2024,accademico,401,Bra Scienze Gastronomiche,F,immatricolati,37
2024,accademico,401,Bra Scienze Gastronomiche,M,immatricolati,34
2025,accademico,401,Bra Scienze Gastronomiche,F,immatricolati,28
2025,accademico,401,Bra Scienze Gastronomiche,M,immatricolati,29
2004,accademico,401,Bra Scienze Gastronomiche,F,iscritti,41
2004,accademico,401,Bra Scienze Gastronomiche,M,iscritti,32
2005,accademico,401,Bra Scienze Gastronomiche,F,iscritti,64
2005,accademico,401,Bra Scienze Gastronomiche,M,iscritti,58
2006,accademico,401,Bra Scienze Gastronomiche,F,iscritti,86
2006,accademico,401,Bra Scienze Gastronomiche,M,iscritti,95
2007,accademico,401,Bra Scienze Gastronomiche,F,iscritti,91
2007,accademico,401,Bra Scienze Gastronomiche,M,iscritti,103
2008,accademico,401,Bra Scienze Gastronomiche,F,iscritti,97
2008,accademico,401,Bra Scienze Gastronomiche,M,iscritti,117
2009,accademico,401,Bra Scienze Gastronomiche,F,iscritti,102
2009,accademico,401,Bra Scienze Gastronomiche,M,iscritti,135
2010,accademico,401,Bra Scienze Gastronomiche,F,iscritti,109
2010,accademico,401,Bra Scienze Gastronomiche,M,iscritti,140
2011,accademico,401,Bra Scienze Gastronomiche,F,iscritti,129
2011,accademico,401,Bra Scienze Gastronomiche,M,iscritti,125
2012,accademico,401,Bra Scienze Gastronomiche,F,iscritti,142
2012,accademico,401,Bra Scienze Gastronomiche,M,iscritti,126
2013,accademico,401,Bra Scienze Gastronomiche,F,iscritti,145
2013,accademico,401,Bra Scienze Gastronomiche,M,iscritti,119
2014,accademico,401,Bra Scienze Gastronomiche,F,iscritti,166
2014,accademico,401,Bra Scienze Gastronomiche,M,iscritti,133
2015,accademico,401,Bra Scienze Gastronomiche,F,iscritti,167
2015,accademico,401,Bra Scienze Gastronomiche,M,iscritti,156
2016,accademico,401,Bra Scienze Gastronomiche,F,iscritti,153
2016,accademico,401,Bra Scienze Gastronomiche,M,iscritti,166
2017,accademico,401,Bra Scienze Gastronomiche,F,iscritti,161
2017,accademico,401,Bra Scienze Gastronomiche,M,iscritti,179
2018,accademico,401,Bra Scienze Gastronomiche,F,iscritti,169
2018,accademico,401,Bra Scienze Gastronomiche,M,iscritti,192
2019,accademico,401,Bra Scienze Gastronomiche,F,iscritti,180
2019,accademico,401,Bra Scienze Gastronomiche,M,iscritti,192
2020,accademico,401,Bra Scienze Gastronomiche,F,iscritti,197
2020,accademico,401,Bra Scienze Gastronomiche,M,iscritti,194
2021,accademico,401,Bra Scienze Gastronomiche,F,iscritti,191
2021,accademico,401,Bra Scienze Gastronomiche,M,iscritti,175
2022,accademico,401,Bra Scienze Gastronomiche,F,iscritti,149
2022,accademico,401,Bra Scienze Gastronomiche,M,iscritti,171
2023,accademico,401,Bra Scienze Gastronomiche,F,iscritti,138
2023,accademico,401,Bra Scienze Gastronomiche,M,iscritti,155
2024,accademico,401,Bra Scienze Gastronomiche,F,iscritti,147
2024,accademico,401,Bra Scienze Gastronomiche,M,iscritti,147
2007,solare,401,Bra Scienze Gastronomiche,F,laureati,20
2007,solare,401,Bra Scienze Gastronomiche,M,laureati,5
2008,solare,401,Bra Scienze Gastronomiche,F,laureati,31
2008,solare,401,Bra Scienze Gastronomiche,M,laureati,29
2009,solare,401,Bra Scienze Gastronomiche,F,laureati,19
2009,solare,401,Bra Scienze Gastronomiche,M,laureati,34
2010,solare,401,Bra Scienze Gastronomiche,F,laureati,30
2010,solare,401,Bra Scienze Gastronomiche,M,laureati,33
2011,solare,401,Bra Scienze Gastronomiche,F,laureati,33
2011,solare,401,Bra Scienze Gastronomiche,M,laureati,28
2012,solare,401,Bra Scienze Gastronomiche,F,laureati,30
2012,solare,401,Bra Scienze Gastronomiche,M,laureati,38
2013,solare,401,Bra Scienze Gastronomiche,F,laureati,52
2013,solare,401,Bra Scienze Gastronomiche,M,laureati,39
2014,solare,401,Bra Scienze Gastronomiche,F,laureati,42
2014,solare,401,Bra Scienze Gastronomiche,M,laureati,34
2015,solare,401,Bra Scienze Gastronomiche,F,laureati,39
2015,solare,401,Bra Scienze Gastronomiche,M,laureati,32
2016,solare,401,Bra Scienze Gastronomiche,F,laureati,52
2016,solare,401,Bra Scienze Gastronomiche,M,laureati,26
2017,solare,401,Bra Scienze Gastronomiche,F,laureati,53
2017,solare,401,Bra Scienze Gastronomiche,M,laureati,53
2018,solare,401,Bra Scienze Gastronomiche,F,laureati,64
2018,solare,401,Bra Scienze Gastronomiche,M,laureati,54
2019,solare,401,Bra Scienze Gastronomiche,F,laureati,44
2019,solare,401,Bra Scienze Gastronomiche,M,laureati,59
2020,solare,401,Bra Scienze Gastronomiche,F,laureati,70
2020,solare,401,Bra Scienze Gastronomiche,M,laureati,54
2021,solare,401,Bra Scienze Gastronomiche,F,laureati,62
2021,solare,401,Bra Scienze Gastronomiche,M,laureati,67
2022,solare,401,Bra Scienze Gastronomiche,F,laureati,71
2022,solare,401,Bra Scienze Gastronomiche,M,laureati,60
2023,solare,401,Bra Scienze Gastronomiche,F,laureati,70
2023,solare,401,Bra Scienze Gastronomiche,M,laureati,50
2024,solare,401,Bra Scienze Gastronomiche,F,laureati,49
2024,solare,401,Bra Scienze Gastronomiche,M,laureati,56
2025,solare,401,Bra Scienze Gastronomiche,F,laureati,50
2025,solare,401,Bra Scienze Gastronomiche,M,laureati,56
1998,accademico,4101,Urbino,F,immatricolati,2272
1998,accademico,4101,Urbino,M,immatricolati,1406
1999,accademico,4101,Urbino,F,immatricolati,1983
1999,accademico,4101,Urbino,M,immatricolati,1473
2000,accademico,4101,Urbino,F,immatricolati,2034
2000,accademico,4101,Urbino,M,immatricolati,1465
2001,accademico,4101,Urbino,F,immatricolati,2222
2001,accademico,4101,Urbino,M,immatricolati,1609
2002,accademico,4101,Urbino,F,immatricolati,2244
2002,accademico,4101,Urbino,M,immatricolati,1412
2003,accademico,4101,Urbino,F,immatricolati,1809
2003,accademico,4101,Urbino,M,immatricolati,1145
2004,accademico,4101,Urbino,F,immatricolati,1667
2004,accademico,4101,Urbino,M,immatricolati,1221
2005,accademico,4101,Urbino,F,immatricolati,1443
2005,accademico,4101,Urbino,M,immatricolati,896
2006,accademico,4101,Urbino,F,immatricolati,1375
2006,accademico,4101,Urbino,M,immatricolati,816
2007,accademico,4101,Urbino,F,immatricolati,1357
2007,accademico,4101,Urbino,M,immatricolati,811
2008,accademico,4101,Urbino,F,immatricolati,1184
2008,accademico,4101,Urbino,M,immatricolati,724
2009,accademico,4101,Urbino,F,immatricolati,1405
2009,accademico,4101,Urbino,M,immatricolati,812
2010,accademico,4101,Urbino,F,immatricolati,1395
2010,accademico,4101,Urbino,M,immatricolati,855
2011,accademico,4101,Urbino,F,immatricolati,1586
2011,accademico,4101,Urbino,M,immatricolati,941
2012,accademico,4101,Urbino,F,immatricolati,1452
2012,accademico,4101,Urbino,M,immatricolati,1015
2013,accademico,4101,Urbino,F,immatricolati,1561
2013,accademico,4101,Urbino,M,immatricolati,1027
2014,accademico,4101,Urbino,F,immatricolati,1633
2014,accademico,4101,Urbino,M,immatricolati,1034
2015,accademico,4101,Urbino,F,immatricolati,1684
2015,accademico,4101,Urbino,M,immatricolati,1051
2016,accademico,4101,Urbino,F,immatricolati,1662
2016,accademico,4101,Urbino,M,immatricolati,1006
2017,accademico,4101,Urbino,F,immatricolati,1692
2017,accademico,4101,Urbino,M,immatricolati,1044
2018,accademico,4101,Urbino,F,immatricolati,1674
2018,accademico,4101,Urbino,M,immatricolati,1078
2019,accademico,4101,Urbino,F,immatricolati,1769
2019,accademico,4101,Urbino,M,immatricolati,1154
2020,accademico,4101,Urbino,F,immatricolati,1826
2020,accademico,4101,Urbino,M,immatricolati,1064
2021,accademico,4101,Urbino,F,immatricolati,1759
2021,accademico,4101,Urbino,M,immatricolati,997
2022,accademico,4101,Urbino,F,immatricolati,1658
2022,accademico,4101,Urbino,M,immatricolati,905
2023,accademico,4101,Urbino,F,immatricolati,1555
2023,accademico,4101,Urbino,M,immatricolati,1002
2024,accademico,4101,Urbino,F,immatricolati,1554
2024,accademico,4101,Urbino,M,immatricolati,972
2025,accademico,4101,Urbino,F,immatricolati,1424
2025,accademico,4101,Urbino,M,immatricolati,962
2000,accademico,4101,Urbino,F,iscritti,13350
2000,accademico,4101,Urbino,M,iscritti,8769
2001,accademico,4101,Urbino,F,iscritti,13383
2001,accademico,4101,Urbino,M,iscritti,8928
2002,accademico,4101,Urbino,F,iscritti,13397
2002,accademico,4101,Urbino,M,iscritti,8686
2003,accademico,4101,Urbino,F,iscritti,12616
2003,accademico,4101,Urbino,M,iscritti,8088
2004,accademico,4101,Urbino,F,iscritti,11927
2004,accademico,4101,Urbino,M,iscritti,7670
2005,accademico,4101,Urbino,F,iscritti,10379
2005,accademico,4101,Urbino,M,iscritti,6752
2006,accademico,4101,Urbino,F,iscritti,10081
2006,accademico,4101,Urbino,M,iscritti,6434
2007,accademico,4101,Urbino,F,iscritti,9803
2007,accademico,4101,Urbino,M,iscritti,6175
2008,accademico,4101,Urbino,F,iscritti,9497
2008,accademico,4101,Urbino,M,iscritti,5872
2009,accademico,4101,Urbino,F,iscritti,9320
2009,accademico,4101,Urbino,M,iscritti,5650
2010,accademico,4101,Urbino,F,iscritti,9946
2010,accademico,4101,Urbino,M,iscritti,6048
2011,accademico,4101,Urbino,F,iscritti,9722
2011,accademico,4101,Urbino,M,iscritti,6017
2012,accademico,4101,Urbino,F,iscritti,9174
2012,accademico,4101,Urbino,M,iscritti,5831
2013,accademico,4101,Urbino,F,iscritti,8785
2013,accademico,4101,Urbino,M,iscritti,5602
2014,accademico,4101,Urbino,F,iscritti,8755
2014,accademico,4101,Urbino,M,iscritti,5553
2015,accademico,4101,Urbino,F,iscritti,8648
2015,accademico,4101,Urbino,M,iscritti,5492
2016,accademico,4101,Urbino,F,iscritti,8705
2016,accademico,4101,Urbino,M,iscritti,5473
2017,accademico,4101,Urbino,F,iscritti,8834
2017,accademico,4101,Urbino,M,iscritti,5502
2018,accademico,4101,Urbino,F,iscritti,8935
2018,accademico,4101,Urbino,M,iscritti,5478
2019,accademico,4101,Urbino,F,iscritti,9137
2019,accademico,4101,Urbino,M,iscritti,5531
2020,accademico,4101,Urbino,F,iscritti,9472
2020,accademico,4101,Urbino,M,iscritti,5477
2021,accademico,4101,Urbino,F,iscritti,9598
2021,accademico,4101,Urbino,M,iscritti,5222
2022,accademico,4101,Urbino,F,iscritti,9260
2022,accademico,4101,Urbino,M,iscritti,4873
2023,accademico,4101,Urbino,F,iscritti,8912
2023,accademico,4101,Urbino,M,iscritti,4688
2024,accademico,4101,Urbino,F,iscritti,8720
2024,accademico,4101,Urbino,M,iscritti,4678
2001,solare,4101,Urbino,F,laureati,1859
2001,solare,4101,Urbino,M,laureati,1127
2002,solare,4101,Urbino,F,laureati,1839
2002,solare,4101,Urbino,M,laureati,1026
2003,solare,4101,Urbino,F,laureati,1855
2003,solare,4101,Urbino,M,laureati,1078
2004,solare,4101,Urbino,F,laureati,2063
2004,solare,4101,Urbino,M,laureati,1162
2005,solare,4101,Urbino,F,laureati,2408
2005,solare,4101,Urbino,M,laureati,1206
2006,solare,4101,Urbino,F,laureati,2256
2006,solare,4101,Urbino,M,laureati,1148
2007,solare,4101,Urbino,F,laureati,2037
2007,solare,4101,Urbino,M,laureati,1125
2008,solare,4101,Urbino,F,laureati,1862
2008,solare,4101,Urbino,M,laureati,1014
2009,solare,4101,Urbino,F,laureati,1823
2009,solare,4101,Urbino,M,laureati,984
2010,solare,4101,Urbino,F,laureati,1823
2010,solare,4101,Urbino,M,laureati,989
2011,solare,4101,Urbino,F,laureati,1863
2011,solare,4101,Urbino,M,laureati,905
2012,solare,4101,Urbino,F,laureati,1801
2012,solare,4101,Urbino,M,laureati,857
2013,solare,4101,Urbino,F,laureati,1723
2013,solare,4101,Urbino,M,laureati,915
2014,solare,4101,Urbino,F,laureati,1737
2014,solare,4101,Urbino,M,laureati,835
2015,solare,4101,Urbino,F,laureati,1553
2015,solare,4101,Urbino,M,laureati,808
2016,solare,4101,Urbino,F,laureati,1649
2016,solare,4101,Urbino,M,laureati,871
2017,solare,4101,Urbino,F,laureati,1640
2017,solare,4101,Urbino,M,laureati,929
2018,solare,4101,Urbino,F,laureati,1653
2018,solare,4101,Urbino,M,laureati,971
2019,solare,4101,Urbino,F,laureati,1799
2019,solare,4101,Urbino,M,laureati,999
2020,solare,4101,Urbino,F,laureati,1804
2020,solare,4101,Urbino,M,laureati,965
2021,solare,4101,Urbino,F,laureati,1804
2021,solare,4101,Urbino,M,laureati,923
2022,solare,4101,Urbino,F,laureati,1857
2022,solare,4101,Urbino,M,laureati,839
2023,solare,4101,Urbino,F,laureati,1950
2023,solare,4101,Urbino,M,laureati,908
2024,solare,4101,Urbino,F,laureati,2014
2024,solare,4101,Urbino,M,laureati,938
2025,solare,4101,Urbino,F,laureati,1963
2025,solare,4101,Urbino,M,laureati,882
1998,accademico,4102,Urbino ISEF,F,immatricolati,100
1998,accademico,4102,Urbino ISEF,M,immatricolati,152
2000,accademico,4102,Urbino ISEF,F,iscritti,272
2000,accademico,4102,Urbino ISEF,M,iscritti,370
1998,accademico,4201,Marche,F,immatricolati,840
1998,accademico,4201,Marche,M,immatricolati,1213
1999,accademico,4201,Marche,F,immatricolati,922
1999,accademico,4201,Marche,M,immatricolati,1209
2000,accademico,4201,Marche,F,immatricolati,913
2000,accademico,4201,Marche,M,immatricolati,1362
2001,accademico,4201,Marche,F,immatricolati,1005
2001,accademico,4201,Marche,M,immatricolati,1381
2002,accademico,4201,Marche,F,immatricolati,1209
2002,accademico,4201,Marche,M,immatricolati,1606
2003,accademico,4201,Marche,F,immatricolati,1147
2003,accademico,4201,Marche,M,immatricolati,1566
2004,accademico,4201,Marche,F,immatricolati,1236
2004,accademico,4201,Marche,M,immatricolati,1642
2005,accademico,4201,Marche,F,immatricolati,1284
2005,accademico,4201,Marche,M,immatricolati,1604
2006,accademico,4201,Marche,F,immatricolati,1363
2006,accademico,4201,Marche,M,immatricolati,1652
2007,accademico,4201,Marche,F,immatricolati,1550
2007,accademico,4201,Marche,M,immatricolati,1663
2008,accademico,4201,Marche,F,immatricolati,1481
2008,accademico,4201,Marche,M,immatricolati,1762
2009,accademico,4201,Marche,F,immatricolati,1330
2009,accademico,4201,Marche,M,immatricolati,1713
2010,accademico,4201,Marche,F,immatricolati,1159
2010,accademico,4201,Marche,M,immatricolati,1538
2011,accademico,4201,Marche,F,immatricolati,1060
2011,accademico,4201,Marche,M,immatricolati,1538
2012,accademico,4201,Marche,F,immatricolati,1227
2012,accademico,4201,Marche,M,immatricolati,1402
2013,accademico,4201,Marche,F,immatricolati,1350
2013,accademico,4201,Marche,M,immatricolati,1506
2014,accademico,4201,Marche,F,immatricolati,1321
2014,accademico,4201,Marche,M,immatricolati,1524
2015,accademico,4201,Marche,F,immatricolati,1366
2015,accademico,4201,Marche,M,immatricolati,1526
2016,accademico,4201,Marche,F,immatricolati,1301
2016,accademico,4201,Marche,M,immatricolati,1473
2017,accademico,4201,Marche,F,immatricolati,1156
2017,accademico,4201,Marche,M,immatricolati,1518
2018,accademico,4201,Marche,F,immatricolati,1211
2018,accademico,4201,Marche,M,immatricolati,1599
2019,accademico,4201,Marche,F,immatricolati,1312
2019,accademico,4201,Marche,M,immatricolati,1610
2020,accademico,4201,Marche,F,immatricolati,1234
2020,accademico,4201,Marche,M,immatricolati,1561
2021,accademico,4201,Marche,F,immatricolati,1168
2021,accademico,4201,Marche,M,immatricolati,1528
2022,accademico,4201,Marche,F,immatricolati,1286
2022,accademico,4201,Marche,M,immatricolati,1600
2023,accademico,4201,Marche,F,immatricolati,1348
2023,accademico,4201,Marche,M,immatricolati,1663
2024,accademico,4201,Marche,F,immatricolati,1450
2024,accademico,4201,Marche,M,immatricolati,1744
2025,accademico,4201,Marche,F,immatricolati,1499
2025,accademico,4201,Marche,M,immatricolati,1876
2000,accademico,4201,Marche,F,iscritti,5102
2000,accademico,4201,Marche,M,iscritti,8224
2001,accademico,4201,Marche,F,iscritti,5473
2001,accademico,4201,Marche,M,iscritti,8455
2002,accademico,4201,Marche,F,iscritti,5826
2002,accademico,4201,Marche,M,iscritti,8624
2003,accademico,4201,Marche,F,iscritti,5887
2003,accademico,4201,Marche,M,iscritti,8729
2004,accademico,4201,Marche,F,iscritti,6106
2004,accademico,4201,Marche,M,iscritti,8823
2005,accademico,4201,Marche,F,iscritti,6300
2005,accademico,4201,Marche,M,iscritti,8787
2006,accademico,4201,Marche,F,iscritti,6667
2006,accademico,4201,Marche,M,iscritti,8948
2007,accademico,4201,Marche,F,iscritti,7002
2007,accademico,4201,Marche,M,iscritti,8900
2008,accademico,4201,Marche,F,iscritti,7244
2008,accademico,4201,Marche,M,iscritti,9098
2009,accademico,4201,Marche,F,iscritti,7407
2009,accademico,4201,Marche,M,iscritti,9439
2010,accademico,4201,Marche,F,iscritti,7398
2010,accademico,4201,Marche,M,iscritti,9669
2011,accademico,4201,Marche,F,iscritti,7138
2011,accademico,4201,Marche,M,iscritti,9466
2012,accademico,4201,Marche,F,iscritti,7122
2012,accademico,4201,Marche,M,iscritti,9056
2013,accademico,4201,Marche,F,iscritti,7067
2013,accademico,4201,Marche,M,iscritti,8843
2014,accademico,4201,Marche,F,iscritti,7181
2014,accademico,4201,Marche,M,iscritti,8762
2015,accademico,4201,Marche,F,iscritti,7133
2015,accademico,4201,Marche,M,iscritti,8684
2016,accademico,4201,Marche,F,iscritti,7030
2016,accademico,4201,Marche,M,iscritti,8437
2017,accademico,4201,Marche,F,iscritti,6898
2017,accademico,4201,Marche,M,iscritti,8445
2018,accademico,4201,Marche,F,iscritti,6757
2018,accademico,4201,Marche,M,iscritti,8375
2019,accademico,4201,Marche,F,iscritti,6774
2019,accademico,4201,Marche,M,iscritti,8334
2020,accademico,4201,Marche,F,iscritti,6790
2020,accademico,4201,Marche,M,iscritti,8285
2021,accademico,4201,Marche,F,iscritti,6773
2021,accademico,4201,Marche,M,iscritti,8075
2022,accademico,4201,Marche,F,iscritti,6954
2022,accademico,4201,Marche,M,iscritti,8053
2023,accademico,4201,Marche,F,iscritti,7279
2023,accademico,4201,Marche,M,iscritti,8331
2024,accademico,4201,Marche,F,iscritti,7725
2024,accademico,4201,Marche,M,iscritti,8516
2001,solare,4201,Marche,F,laureati,644
2001,solare,4201,Marche,M,laureati,860
2002,solare,4201,Marche,F,laureati,884
2002,solare,4201,Marche,M,laureati,1086
2003,solare,4201,Marche,F,laureati,980
2003,solare,4201,Marche,M,laureati,1176
2004,solare,4201,Marche,F,laureati,927
2004,solare,4201,Marche,M,laureati,1119
2005,solare,4201,Marche,F,laureati,1151
2005,solare,4201,Marche,M,laureati,1420
2006,solare,4201,Marche,F,laureati,1196
2006,solare,4201,Marche,M,laureati,1400
2007,solare,4201,Marche,F,laureati,1147
2007,solare,4201,Marche,M,laureati,1335
2008,solare,4201,Marche,F,laureati,1244
2008,solare,4201,Marche,M,laureati,1427
2009,solare,4201,Marche,F,laureati,1360
2009,solare,4201,Marche,M,laureati,1432
2010,solare,4201,Marche,F,laureati,1309
2010,solare,4201,Marche,M,laureati,1405
2011,solare,4201,Marche,F,laureati,1423
2011,solare,4201,Marche,M,laureati,1432
2012,solare,4201,Marche,F,laureati,1496
2012,solare,4201,Marche,M,laureati,1686
2013,solare,4201,Marche,F,laureati,1473
2013,solare,4201,Marche,M,laureati,1588
2014,solare,4201,Marche,F,laureati,1481
2014,solare,4201,Marche,M,laureati,1501
2015,solare,4201,Marche,F,laureati,1484
2015,solare,4201,Marche,M,laureati,1604
2016,solare,4201,Marche,F,laureati,1410
2016,solare,4201,Marche,M,laureati,1558
2017,solare,4201,Marche,F,laureati,1434
2017,solare,4201,Marche,M,laureati,1552
2018,solare,4201,Marche,F,laureati,1489
2018,solare,4201,Marche,M,laureati,1557
2019,solare,4201,Marche,F,laureati,1414
2019,solare,4201,Marche,M,laureati,1544
2020,solare,4201,Marche,F,laureati,1462
2020,solare,4201,Marche,M,laureati,1563
2021,solare,4201,Marche,F,laureati,1352
2021,solare,4201,Marche,M,laureati,1499
2022,solare,4201,Marche,F,laureati,1262
2022,solare,4201,Marche,M,laureati,1388
2023,solare,4201,Marche,F,laureati,1290
2023,solare,4201,Marche,M,laureati,1409
2024,solare,4201,Marche,F,laureati,1316
2024,solare,4201,Marche,M,laureati,1418
2025,solare,4201,Marche,F,laureati,1438
2025,solare,4201,Marche,M,laureati,1502
1998,accademico,4301,Macerata,F,immatricolati,1250
1998,accademico,4301,Macerata,M,immatricolati,656
1999,accademico,4301,Macerata,F,immatricolati,1343
1999,accademico,4301,Macerata,M,immatricolati,735
2000,accademico,4301,Macerata,F,immatricolati,1263
2000,accademico,4301,Macerata,M,immatricolati,754
2001,accademico,4301,Macerata,F,immatricolati,1098
2001,accademico,4301,Macerata,M,immatricolati,794
2002,accademico,4301,Macerata,F,immatricolati,1174
2002,accademico,4301,Macerata,M,immatricolati,762
2003,accademico,4301,Macerata,F,immatricolati,954
2003,accademico,4301,Macerata,M,immatricolati,684
2004,accademico,4301,Macerata,F,immatricolati,1104
2004,accademico,4301,Macerata,M,immatricolati,559
2005,accademico,4301,Macerata,F,immatricolati,1254
2005,accademico,4301,Macerata,M,immatricolati,637
2006,accademico,4301,Macerata,F,immatricolati,1193
2006,accademico,4301,Macerata,M,immatricolati,535
2007,accademico,4301,Macerata,F,immatricolati,1125
2007,accademico,4301,Macerata,M,immatricolati,491
2008,accademico,4301,Macerata,F,immatricolati,1071
2008,accademico,4301,Macerata,M,immatricolati,400
2009,accademico,4301,Macerata,F,immatricolati,1074
2009,accademico,4301,Macerata,M,immatricolati,482
2010,accademico,4301,Macerata,F,immatricolati,1040
2010,accademico,4301,Macerata,M,immatricolati,424
2011,accademico,4301,Macerata,F,immatricolati,1003
2011,accademico,4301,Macerata,M,immatricolati,400
2012,accademico,4301,Macerata,F,immatricolati,964
2012,accademico,4301,Macerata,M,immatricolati,452
2013,accademico,4301,Macerata,F,immatricolati,1088
2013,accademico,4301,Macerata,M,immatricolati,393
2014,accademico,4301,Macerata,F,immatricolati,1242
2014,accademico,4301,Macerata,M,immatricolati,434
2015,accademico,4301,Macerata,F,immatricolati,1330
2015,accademico,4301,Macerata,M,immatricolati,498
2016,accademico,4301,Macerata,F,immatricolati,1326
2016,accademico,4301,Macerata,M,immatricolati,495
2017,accademico,4301,Macerata,F,immatricolati,1253
2017,accademico,4301,Macerata,M,immatricolati,425
2018,accademico,4301,Macerata,F,immatricolati,1304
2018,accademico,4301,Macerata,M,immatricolati,433
2019,accademico,4301,Macerata,F,immatricolati,1240
2019,accademico,4301,Macerata,M,immatricolati,442
2020,accademico,4301,Macerata,F,immatricolati,1198
2020,accademico,4301,Macerata,M,immatricolati,434
2021,accademico,4301,Macerata,F,immatricolati,1162
2021,accademico,4301,Macerata,M,immatricolati,437
2022,accademico,4301,Macerata,F,immatricolati,1042
2022,accademico,4301,Macerata,M,immatricolati,377
2023,accademico,4301,Macerata,F,immatricolati,1071
2023,accademico,4301,Macerata,M,immatricolati,427
2024,accademico,4301,Macerata,F,immatricolati,1224
2024,accademico,4301,Macerata,M,immatricolati,409
2025,accademico,4301,Macerata,F,immatricolati,1109
2025,accademico,4301,Macerata,M,immatricolati,450
2000,accademico,4301,Macerata,F,iscritti,8039
2000,accademico,4301,Macerata,M,iscritti,4234
2001,accademico,4301,Macerata,F,iscritti,8208
2001,accademico,4301,Macerata,M,iscritti,4835
2002,accademico,4301,Macerata,F,iscritti,8069
2002,accademico,4301,Macerata,M,iscritti,4927
2003,accademico,4301,Macerata,F,iscritti,7866
2003,accademico,4301,Macerata,M,iscritti,4784
2004,accademico,4301,Macerata,F,iscritti,7833
2004,accademico,4301,Macerata,M,iscritti,4272
2005,accademico,4301,Macerata,F,iscritti,7939
2005,accademico,4301,Macerata,M,iscritti,4200
2006,accademico,4301,Macerata,F,iscritti,8054
2006,accademico,4301,Macerata,M,iscritti,4011
2007,accademico,4301,Macerata,F,iscritti,8132
2007,accademico,4301,Macerata,M,iscritti,3766
2008,accademico,4301,Macerata,F,iscritti,8051
2008,accademico,4301,Macerata,M,iscritti,3471
2009,accademico,4301,Macerata,F,iscritti,7953
2009,accademico,4301,Macerata,M,iscritti,3369
2010,accademico,4301,Macerata,F,iscritti,8652
2010,accademico,4301,Macerata,M,iscritti,3821
2011,accademico,4301,Macerata,F,iscritti,8170
2011,accademico,4301,Macerata,M,iscritti,3464
2012,accademico,4301,Macerata,F,iscritti,7538
2012,accademico,4301,Macerata,M,iscritti,3209
2013,accademico,4301,Macerata,F,iscritti,7157
2013,accademico,4301,Macerata,M,iscritti,3019
2014,accademico,4301,Macerata,F,iscritti,7085
2014,accademico,4301,Macerata,M,iscritti,2911
2015,accademico,4301,Macerata,F,iscritti,7266
2015,accademico,4301,Macerata,M,iscritti,2932
2016,accademico,4301,Macerata,F,iscritti,7407
2016,accademico,4301,Macerata,M,iscritti,2958
2017,accademico,4301,Macerata,F,iscritti,7377
2017,accademico,4301,Macerata,M,iscritti,2826
2018,accademico,4301,Macerata,F,iscritti,7536
2018,accademico,4301,Macerata,M,iscritti,2815
2019,accademico,4301,Macerata,F,iscritti,7440
2019,accademico,4301,Macerata,M,iscritti,2667
2020,accademico,4301,Macerata,F,iscritti,7509
2020,accademico,4301,Macerata,M,iscritti,2645
2021,accademico,4301,Macerata,F,iscritti,7396
2021,accademico,4301,Macerata,M,iscritti,2549
2022,accademico,4301,Macerata,F,iscritti,6918
2022,accademico,4301,Macerata,M,iscritti,2402
2023,accademico,4301,Macerata,F,iscritti,6697
2023,accademico,4301,Macerata,M,iscritti,2420
2024,accademico,4301,Macerata,F,iscritti,6803
2024,accademico,4301,Macerata,M,iscritti,2378
2001,solare,4301,Macerata,F,laureati,671
2001,solare,4301,Macerata,M,laureati,350
2002,solare,4301,Macerata,F,laureati,716
2002,solare,4301,Macerata,M,laureati,369
2003,solare,4301,Macerata,F,laureati,819
2003,solare,4301,Macerata,M,laureati,383
2004,solare,4301,Macerata,F,laureati,1187
2004,solare,4301,Macerata,M,laureati,542
2005,solare,4301,Macerata,F,laureati,1318
2005,solare,4301,Macerata,M,laureati,678
2006,solare,4301,Macerata,F,laureati,1423
2006,solare,4301,Macerata,M,laureati,649
2007,solare,4301,Macerata,F,laureati,1372
2007,solare,4301,Macerata,M,laureati,626
2008,solare,4301,Macerata,F,laureati,1301
2008,solare,4301,Macerata,M,laureati,615
2009,solare,4301,Macerata,F,laureati,1448
2009,solare,4301,Macerata,M,laureati,584
2010,solare,4301,Macerata,F,laureati,1291
2010,solare,4301,Macerata,M,laureati,457
2011,solare,4301,Macerata,F,laureati,1392
2011,solare,4301,Macerata,M,laureati,434
2012,solare,4301,Macerata,F,laureati,1359
2012,solare,4301,Macerata,M,laureati,459
2013,solare,4301,Macerata,F,laureati,1359
2013,solare,4301,Macerata,M,laureati,439
2014,solare,4301,Macerata,F,laureati,1298
2014,solare,4301,Macerata,M,laureati,383
2015,solare,4301,Macerata,F,laureati,1248
2015,solare,4301,Macerata,M,laureati,432
2016,solare,4301,Macerata,F,laureati,1301
2016,solare,4301,Macerata,M,laureati,438
2017,solare,4301,Macerata,F,laureati,1497
2017,solare,4301,Macerata,M,laureati,479
2018,solare,4301,Macerata,F,laureati,1474
2018,solare,4301,Macerata,M,laureati,462
2019,solare,4301,Macerata,F,laureati,1518
2019,solare,4301,Macerata,M,laureati,516
2020,solare,4301,Macerata,F,laureati,1553
2020,solare,4301,Macerata,M,laureati,506
2021,solare,4301,Macerata,F,laureati,1657
2021,solare,4301,Macerata,M,laureati,469
2022,solare,4301,Macerata,F,laureati,1453
2022,solare,4301,Macerata,M,laureati,447
2023,solare,4301,Macerata,F,laureati,1500
2023,solare,4301,Macerata,M,laureati,395
2024,solare,4301,Macerata,F,laureati,1486
2024,solare,4301,Macerata,M,laureati,422
2025,solare,4301,Macerata,F,laureati,1398
2025,solare,4301,Macerata,M,laureati,433
1998,accademico,4302,Camerino,F,immatricolati,469
1998,accademico,4302,Camerino,M,immatricolati,664
1999,accademico,4302,Camerino,F,immatricolati,496
1999,accademico,4302,Camerino,M,immatricolati,707
2000,accademico,4302,Camerino,F,immatricolati,488
2000,accademico,4302,Camerino,M,immatricolati,827
2001,accademico,4302,Camerino,F,immatricolati,477
2001,accademico,4302,Camerino,M,immatricolati,791
2002,accademico,4302,Camerino,F,immatricolati,427
2002,accademico,4302,Camerino,M,immatricolati,726
2003,accademico,4302,Camerino,F,immatricolati,711
2003,accademico,4302,Camerino,M,immatricolati,1196
2004,accademico,4302,Camerino,F,immatricolati,662
2004,accademico,4302,Camerino,M,immatricolati,977
2005,accademico,4302,Camerino,F,immatricolati,646
2005,accademico,4302,Camerino,M,immatricolati,887
2006,accademico,4302,Camerino,F,immatricolati,571
2006,accademico,4302,Camerino,M,immatricolati,815
2007,accademico,4302,Camerino,F,immatricolati,631
2007,accademico,4302,Camerino,M,immatricolati,647
2008,accademico,4302,Camerino,F,immatricolati,609
2008,accademico,4302,Camerino,M,immatricolati,634
2009,accademico,4302,Camerino,F,immatricolati,494
2009,accademico,4302,Camerino,M,immatricolati,469
2010,accademico,4302,Camerino,F,immatricolati,533
2010,accademico,4302,Camerino,M,immatricolati,450
2011,accademico,4302,Camerino,F,immatricolati,600
2011,accademico,4302,Camerino,M,immatricolati,471
2012,accademico,4302,Camerino,F,immatricolati,481
2012,accademico,4302,Camerino,M,immatricolati,464
2013,accademico,4302,Camerino,F,immatricolati,499
2013,accademico,4302,Camerino,M,immatricolati,416
2014,accademico,4302,Camerino,F,immatricolati,514
2014,accademico,4302,Camerino,M,immatricolati,456
2015,accademico,4302,Camerino,F,immatricolati,513
2015,accademico,4302,Camerino,M,immatricolati,416
2016,accademico,4302,Camerino,F,immatricolati,558
2016,accademico,4302,Camerino,M,immatricolati,571
2017,accademico,4302,Camerino,F,immatricolati,547
2017,accademico,4302,Camerino,M,immatricolati,578
2018,accademico,4302,Camerino,F,immatricolati,629
2018,accademico,4302,Camerino,M,immatricolati,647
2019,accademico,4302,Camerino,F,immatricolati,526
2019,accademico,4302,Camerino,M,immatricolati,563
2020,accademico,4302,Camerino,F,immatricolati,622
2020,accademico,4302,Camerino,M,immatricolati,813
2021,accademico,4302,Camerino,F,immatricolati,516
2021,accademico,4302,Camerino,M,immatricolati,532
2022,accademico,4302,Camerino,F,immatricolati,503
2022,accademico,4302,Camerino,M,immatricolati,588
2023,accademico,4302,Camerino,F,immatricolati,492
2023,accademico,4302,Camerino,M,immatricolati,586
2024,accademico,4302,Camerino,F,immatricolati,724
2024,accademico,4302,Camerino,M,immatricolati,788
2025,accademico,4302,Camerino,F,immatricolati,568
2025,accademico,4302,Camerino,M,immatricolati,578
2000,accademico,4302,Camerino,F,iscritti,3986
2000,accademico,4302,Camerino,M,iscritti,5414
2001,accademico,4302,Camerino,F,iscritti,3947
2001,accademico,4302,Camerino,M,iscritti,5340
2002,accademico,4302,Camerino,F,iscritti,3776
2002,accademico,4302,Camerino,M,iscritti,5249
2003,accademico,4302,Camerino,F,iscritti,3925
2003,accademico,4302,Camerino,M,iscritti,5722
2004,accademico,4302,Camerino,F,iscritti,3920
2004,accademico,4302,Camerino,M,iscritti,5558
2005,accademico,4302,Camerino,F,iscritti,3887
2005,accademico,4302,Camerino,M,iscritti,5236
2006,accademico,4302,Camerino,F,iscritti,3906
2006,accademico,4302,Camerino,M,iscritti,5129
2007,accademico,4302,Camerino,F,iscritti,3982
2007,accademico,4302,Camerino,M,iscritti,4775
2008,accademico,4302,Camerino,F,iscritti,3954
2008,accademico,4302,Camerino,M,iscritti,4407
2009,accademico,4302,Camerino,F,iscritti,3849
2009,accademico,4302,Camerino,M,iscritti,4159
2010,accademico,4302,Camerino,F,iscritti,4133
2010,accademico,4302,Camerino,M,iscritti,4424
2011,accademico,4302,Camerino,F,iscritti,4061
2011,accademico,4302,Camerino,M,iscritti,4184
2012,accademico,4302,Camerino,F,iscritti,3969
2012,accademico,4302,Camerino,M,iscritti,3913
2013,accademico,4302,Camerino,F,iscritti,3762
2013,accademico,4302,Camerino,M,iscritti,3607
2014,accademico,4302,Camerino,F,iscritti,3637
2014,accademico,4302,Camerino,M,iscritti,3471
2015,accademico,4302,Camerino,F,iscritti,3496
2015,accademico,4302,Camerino,M,iscritti,3320
2016,accademico,4302,Camerino,F,iscritti,3597
2016,accademico,4302,Camerino,M,iscritti,3633
2017,accademico,4302,Camerino,F,iscritti,3511
2017,accademico,4302,Camerino,M,iscritti,3511
2018,accademico,4302,Camerino,F,iscritti,3505
2018,accademico,4302,Camerino,M,iscritti,3556
2019,accademico,4302,Camerino,F,iscritti,3196
2019,accademico,4302,Camerino,M,iscritti,3342
2020,accademico,4302,Camerino,F,iscritti,3161
2020,accademico,4302,Camerino,M,iscritti,3531
2021,accademico,4302,Camerino,F,iscritti,2950
2021,accademico,4302,Camerino,M,iscritti,3018
2022,accademico,4302,Camerino,F,iscritti,2874
2022,accademico,4302,Camerino,M,iscritti,2987
2023,accademico,4302,Camerino,F,iscritti,2872
2023,accademico,4302,Camerino,M,iscritti,2993
2024,accademico,4302,Camerino,F,iscritti,3058
2024,accademico,4302,Camerino,M,iscritti,3201
2001,solare,4302,Camerino,F,laureati,334
2001,solare,4302,Camerino,M,laureati,407
2002,solare,4302,Camerino,F,laureati,349
2002,solare,4302,Camerino,M,laureati,419
2003,solare,4302,Camerino,F,laureati,444
2003,solare,4302,Camerino,M,laureati,517
2004,solare,4302,Camerino,F,laureati,459
2004,solare,4302,Camerino,M,laureati,526
2005,solare,4302,Camerino,F,laureati,442
2005,solare,4302,Camerino,M,laureati,628
2006,solare,4302,Camerino,F,laureati,477
2006,solare,4302,Camerino,M,laureati,592
2007,solare,4302,Camerino,F,laureati,485
2007,solare,4302,Camerino,M,laureati,591
2008,solare,4302,Camerino,F,laureati,495
2008,solare,4302,Camerino,M,laureati,583
2009,solare,4302,Camerino,F,laureati,519
2009,solare,4302,Camerino,M,laureati,649
2010,solare,4302,Camerino,F,laureati,522
2010,solare,4302,Camerino,M,laureati,542
2011,solare,4302,Camerino,F,laureati,488
2011,solare,4302,Camerino,M,laureati,531
2012,solare,4302,Camerino,F,laureati,579
2012,solare,4302,Camerino,M,laureati,562
2013,solare,4302,Camerino,F,laureati,520
2013,solare,4302,Camerino,M,laureati,525
2014,solare,4302,Camerino,F,laureati,549
2014,solare,4302,Camerino,M,laureati,503
2015,solare,4302,Camerino,F,laureati,621
2015,solare,4302,Camerino,M,laureati,585
2016,solare,4302,Camerino,F,laureati,554
2016,solare,4302,Camerino,M,laureati,521
2017,solare,4302,Camerino,F,laureati,524
2017,solare,4302,Camerino,M,laureati,498
2018,solare,4302,Camerino,F,laureati,497
2018,solare,4302,Camerino,M,laureati,449
2019,solare,4302,Camerino,F,laureati,476
2019,solare,4302,Camerino,M,laureati,428
2020,solare,4302,Camerino,F,laureati,516
2020,solare,4302,Camerino,M,laureati,468
2021,solare,4302,Camerino,F,laureati,475
2021,solare,4302,Camerino,M,laureati,461
2022,solare,4302,Camerino,F,laureati,442
2022,solare,4302,Camerino,M,laureati,442
2023,solare,4302,Camerino,F,laureati,484
2023,solare,4302,Camerino,M,laureati,541
2024,solare,4302,Camerino,F,laureati,463
2024,solare,4302,Camerino,M,laureati,469
2025,solare,4302,Camerino,F,laureati,498
2025,solare,4302,Camerino,M,laureati,479
1998,accademico,4801,Firenze,F,immatricolati,4815
1998,accademico,4801,Firenze,M,immatricolati,3568
1999,accademico,4801,Firenze,F,immatricolati,4858
1999,accademico,4801,Firenze,M,immatricolati,3674
2000,accademico,4801,Firenze,F,immatricolati,4728
2000,accademico,4801,Firenze,M,immatricolati,3517
2001,accademico,4801,Firenze,F,immatricolati,4923
2001,accademico,4801,Firenze,M,immatricolati,3716
2002,accademico,4801,Firenze,F,immatricolati,5553
2002,accademico,4801,Firenze,M,immatricolati,3994
2003,accademico,4801,Firenze,F,immatricolati,5439
2003,accademico,4801,Firenze,M,immatricolati,3950
2004,accademico,4801,Firenze,F,immatricolati,5531
2004,accademico,4801,Firenze,M,immatricolati,4023
2005,accademico,4801,Firenze,F,immatricolati,4988
2005,accademico,4801,Firenze,M,immatricolati,3540
2006,accademico,4801,Firenze,F,immatricolati,4721
2006,accademico,4801,Firenze,M,immatricolati,3647
2007,accademico,4801,Firenze,F,immatricolati,4771
2007,accademico,4801,Firenze,M,immatricolati,3524
2008,accademico,4801,Firenze,F,immatricolati,4554
2008,accademico,4801,Firenze,M,immatricolati,3481
2009,accademico,4801,Firenze,F,immatricolati,4773
2009,accademico,4801,Firenze,M,immatricolati,3877
2010,accademico,4801,Firenze,F,immatricolati,5011
2010,accademico,4801,Firenze,M,immatricolati,3598
2011,accademico,4801,Firenze,F,immatricolati,4569
2011,accademico,4801,Firenze,M,immatricolati,3392
2012,accademico,4801,Firenze,F,immatricolati,4680
2012,accademico,4801,Firenze,M,immatricolati,3334
2013,accademico,4801,Firenze,F,immatricolati,4675
2013,accademico,4801,Firenze,M,immatricolati,3345
2014,accademico,4801,Firenze,F,immatricolati,4916
2014,accademico,4801,Firenze,M,immatricolati,3601
2015,accademico,4801,Firenze,F,immatricolati,4964
2015,accademico,4801,Firenze,M,immatricolati,3448
2016,accademico,4801,Firenze,F,immatricolati,5053
2016,accademico,4801,Firenze,M,immatricolati,3781
2017,accademico,4801,Firenze,F,immatricolati,5038
2017,accademico,4801,Firenze,M,immatricolati,3880
2018,accademico,4801,Firenze,F,immatricolati,4635
2018,accademico,4801,Firenze,M,immatricolati,3596
2019,accademico,4801,Firenze,F,immatricolati,5048
2019,accademico,4801,Firenze,M,immatricolati,3848
2020,accademico,4801,Firenze,F,immatricolati,5750
2020,accademico,4801,Firenze,M,immatricolati,4284
2021,accademico,4801,Firenze,F,immatricolati,5777
2021,accademico,4801,Firenze,M,immatricolati,4174
2022,accademico,4801,Firenze,F,immatricolati,6053
2022,accademico,4801,Firenze,M,immatricolati,4321
2023,accademico,4801,Firenze,F,immatricolati,5978
2023,accademico,4801,Firenze,M,immatricolati,4628
2024,accademico,4801,Firenze,F,immatricolati,6222
2024,accademico,4801,Firenze,M,immatricolati,4425
2025,accademico,4801,Firenze,F,immatricolati,6289
2025,accademico,4801,Firenze,M,immatricolati,4782
2000,accademico,4801,Firenze,F,iscritti,31747
2000,accademico,4801,Firenze,M,iscritti,24609
2001,accademico,4801,Firenze,F,iscritti,32859
2001,accademico,4801,Firenze,M,iscritti,25182
2002,accademico,4801,Firenze,F,iscritti,33909
2002,accademico,4801,Firenze,M,iscritti,25549
2003,accademico,4801,Firenze,F,iscritti,35226
2003,accademico,4801,Firenze,M,iscritti,25853
2004,accademico,4801,Firenze,F,iscritti,35530
2004,accademico,4801,Firenze,M,iscritti,25891
2005,accademico,4801,Firenze,F,iscritti,35064
2005,accademico,4801,Firenze,M,iscritti,25372
2006,accademico,4801,Firenze,F,iscritti,34695
2006,accademico,4801,Firenze,M,iscritti,25034
2007,accademico,4801,Firenze,F,iscritti,34418
2007,accademico,4801,Firenze,M,iscritti,24509
2008,accademico,4801,Firenze,F,iscritti,34363
2008,accademico,4801,Firenze,M,iscritti,24465
2009,accademico,4801,Firenze,F,iscritti,32347
2009,accademico,4801,Firenze,M,iscritti,23416
2010,accademico,4801,Firenze,F,iscritti,33721
2010,accademico,4801,Firenze,M,iscritti,24424
2011,accademico,4801,Firenze,F,iscritti,32864
2011,accademico,4801,Firenze,M,iscritti,23551
2012,accademico,4801,Firenze,F,iscritti,31589
2012,accademico,4801,Firenze,M,iscritti,22317
2013,accademico,4801,Firenze,F,iscritti,30873
2013,accademico,4801,Firenze,M,iscritti,21831
2014,accademico,4801,Firenze,F,iscritti,30981
2014,accademico,4801,Firenze,M,iscritti,21701
2015,accademico,4801,Firenze,F,iscritti,30812
2015,accademico,4801,Firenze,M,iscritti,21613
2016,accademico,4801,Firenze,F,iscritti,30200
2016,accademico,4801,Firenze,M,iscritti,21143
2017,accademico,4801,Firenze,F,iscritti,30506
2017,accademico,4801,Firenze,M,iscritti,21542
2018,accademico,4801,Firenze,F,iscritti,29960
2018,accademico,4801,Firenze,M,iscritti,21865
2019,accademico,4801,Firenze,F,iscritti,30523
2019,accademico,4801,Firenze,M,iscritti,22613
2020,accademico,4801,Firenze,F,iscritti,31226
2020,accademico,4801,Firenze,M,iscritti,22754
2021,accademico,4801,Firenze,F,iscritti,31582
2021,accademico,4801,Firenze,M,iscritti,22472
2022,accademico,4801,Firenze,F,iscritti,31845
2022,accademico,4801,Firenze,M,iscritti,22349
2023,accademico,4801,Firenze,F,iscritti,32471
2023,accademico,4801,Firenze,M,iscritti,22669
2024,accademico,4801,Firenze,F,iscritti,33210
2024,accademico,4801,Firenze,M,iscritti,22956
2001,solare,4801,Firenze,F,laureati,3178
2001,solare,4801,Firenze,M,laureati,2217
2002,solare,4801,Firenze,F,laureati,3769
2002,solare,4801,Firenze,M,laureati,2779
2003,solare,4801,Firenze,F,laureati,3598
2003,solare,4801,Firenze,M,laureati,2776
2004,solare,4801,Firenze,F,laureati,4281
2004,solare,4801,Firenze,M,laureati,2857
2005,solare,4801,Firenze,F,laureati,5467
2005,solare,4801,Firenze,M,laureati,3648
2006,solare,4801,Firenze,F,laureati,5728
2006,solare,4801,Firenze,M,laureati,3784
2007,solare,4801,Firenze,F,laureati,5746
2007,solare,4801,Firenze,M,laureati,3649
2008,solare,4801,Firenze,F,laureati,5770
2008,solare,4801,Firenze,M,laureati,3981
2009,solare,4801,Firenze,F,laureati,5861
2009,solare,4801,Firenze,M,laureati,3913
2010,solare,4801,Firenze,F,laureati,5444
2010,solare,4801,Firenze,M,laureati,3952
2011,solare,4801,Firenze,F,laureati,5441
2011,solare,4801,Firenze,M,laureati,3970
2012,solare,4801,Firenze,F,laureati,5461
2012,solare,4801,Firenze,M,laureati,3817
2013,solare,4801,Firenze,F,laureati,5276
2013,solare,4801,Firenze,M,laureati,3139
2014,solare,4801,Firenze,F,laureati,5240
2014,solare,4801,Firenze,M,laureati,3239
2015,solare,4801,Firenze,F,laureati,5002
2015,solare,4801,Firenze,M,laureati,2967
2016,solare,4801,Firenze,F,laureati,5026
2016,solare,4801,Firenze,M,laureati,3291
2017,solare,4801,Firenze,F,laureati,4996
2017,solare,4801,Firenze,M,laureati,3309
2018,solare,4801,Firenze,F,laureati,5406
2018,solare,4801,Firenze,M,laureati,3502
2019,solare,4801,Firenze,F,laureati,5680
2019,solare,4801,Firenze,M,laureati,3549
2020,solare,4801,Firenze,F,laureati,5655
2020,solare,4801,Firenze,M,laureati,4103
2021,solare,4801,Firenze,F,laureati,5921
2021,solare,4801,Firenze,M,laureati,4048
2022,solare,4801,Firenze,F,laureati,5377
2022,solare,4801,Firenze,M,laureati,3704
2023,solare,4801,Firenze,F,laureati,5526
2023,solare,4801,Firenze,M,laureati,3846
2024,solare,4801,Firenze,F,laureati,5874
2024,solare,4801,Firenze,M,laureati,3862
2025,solare,4801,Firenze,F,laureati,6294
2025,solare,4801,Firenze,M,laureati,4040
1998,accademico,4802,Firenze ISEF,F,immatricolati,184
1998,accademico,4802,Firenze ISEF,M,immatricolati,279
2000,accademico,4802,Firenze ISEF,F,iscritti,625
2000,accademico,4802,Firenze ISEF,M,iscritti,631
2009,accademico,4804,Firenze IUL - telematica,F,immatricolati,10
2009,accademico,4804,Firenze IUL - telematica,M,immatricolati,4
2011,accademico,4804,Firenze IUL - telematica,F,immatricolati,8
2011,accademico,4804,Firenze IUL - telematica,M,immatricolati,2
2012,accademico,4804,Firenze IUL - telematica,F,immatricolati,3
2012,accademico,4804,Firenze IUL - telematica,M,immatricolati,1
2013,accademico,4804,Firenze IUL - telematica,F,immatricolati,1
2014,accademico,4804,Firenze IUL - telematica,F,immatricolati,19
2014,accademico,4804,Firenze IUL - telematica,M,immatricolati,3
2015,accademico,4804,Firenze IUL - telematica,F,immatricolati,27
2015,accademico,4804,Firenze IUL - telematica,M,immatricolati,5
2016,accademico,4804,Firenze IUL - telematica,F,immatricolati,27
2016,accademico,4804,Firenze IUL - telematica,M,immatricolati,9
2017,accademico,4804,Firenze IUL - telematica,F,immatricolati,20
2017,accademico,4804,Firenze IUL - telematica,M,immatricolati,4
2018,accademico,4804,Firenze IUL - telematica,F,immatricolati,26
2018,accademico,4804,Firenze IUL - telematica,M,immatricolati,8
2019,accademico,4804,Firenze IUL - telematica,F,immatricolati,44
2019,accademico,4804,Firenze IUL - telematica,M,immatricolati,23
2020,accademico,4804,Firenze IUL - telematica,F,immatricolati,146
2020,accademico,4804,Firenze IUL - telematica,M,immatricolati,75
2021,accademico,4804,Firenze IUL - telematica,F,immatricolati,172
2021,accademico,4804,Firenze IUL - telematica,M,immatricolati,74
2022,accademico,4804,Firenze IUL - telematica,F,immatricolati,204
2022,accademico,4804,Firenze IUL - telematica,M,immatricolati,109
2023,accademico,4804,Firenze IUL - telematica,F,immatricolati,262
2023,accademico,4804,Firenze IUL - telematica,M,immatricolati,123
2024,accademico,4804,Firenze IUL - telematica,F,immatricolati,246
2024,accademico,4804,Firenze IUL - telematica,M,immatricolati,131
2025,accademico,4804,Firenze IUL - telematica,F,immatricolati,230
2025,accademico,4804,Firenze IUL - telematica,M,immatricolati,110
2008,accademico,4804,Firenze IUL - telematica,F,iscritti,36
2008,accademico,4804,Firenze IUL - telematica,M,iscritti,9
2009,accademico,4804,Firenze IUL - telematica,F,iscritti,19
2009,accademico,4804,Firenze IUL - telematica,M,iscritti,4
2010,accademico,4804,Firenze IUL - telematica,F,iscritti,16
2010,accademico,4804,Firenze IUL - telematica,M,iscritti,4
2011,accademico,4804,Firenze IUL - telematica,F,iscritti,22
2011,accademico,4804,Firenze IUL - telematica,M,iscritti,6
2012,accademico,4804,Firenze IUL - telematica,F,iscritti,19
2012,accademico,4804,Firenze IUL - telematica,M,iscritti,5
2013,accademico,4804,Firenze IUL - telematica,F,iscritti,18
2013,accademico,4804,Firenze IUL - telematica,M,iscritti,3
2014,accademico,4804,Firenze IUL - telematica,F,iscritti,35
2014,accademico,4804,Firenze IUL - telematica,M,iscritti,5
2015,accademico,4804,Firenze IUL - telematica,F,iscritti,91
2015,accademico,4804,Firenze IUL - telematica,M,iscritti,18
2016,accademico,4804,Firenze IUL - telematica,F,iscritti,149
2016,accademico,4804,Firenze IUL - telematica,M,iscritti,47
2017,accademico,4804,Firenze IUL - telematica,F,iscritti,160
2017,accademico,4804,Firenze IUL - telematica,M,iscritti,65
2018,accademico,4804,Firenze IUL - telematica,F,iscritti,201
2018,accademico,4804,Firenze IUL - telematica,M,iscritti,73
2019,accademico,4804,Firenze IUL - telematica,F,iscritti,290
2019,accademico,4804,Firenze IUL - telematica,M,iscritti,108
2020,accademico,4804,Firenze IUL - telematica,F,iscritti,529
2020,accademico,4804,Firenze IUL - telematica,M,iscritti,226
2021,accademico,4804,Firenze IUL - telematica,F,iscritti,748
2021,accademico,4804,Firenze IUL - telematica,M,iscritti,298
2022,accademico,4804,Firenze IUL - telematica,F,iscritti,923
2022,accademico,4804,Firenze IUL - telematica,M,iscritti,404
2023,accademico,4804,Firenze IUL - telematica,F,iscritti,1235
2023,accademico,4804,Firenze IUL - telematica,M,iscritti,536
2024,accademico,4804,Firenze IUL - telematica,F,iscritti,1365
2024,accademico,4804,Firenze IUL - telematica,M,iscritti,625
2009,solare,4804,Firenze IUL - telematica,F,laureati,19
2009,solare,4804,Firenze IUL - telematica,M,laureati,5
2010,solare,4804,Firenze IUL - telematica,F,laureati,11
2010,solare,4804,Firenze IUL - telematica,M,laureati,2
2011,solare,4804,Firenze IUL - telematica,F,laureati,1
2012,solare,4804,Firenze IUL - telematica,F,laureati,8
2012,solare,4804,Firenze IUL - telematica,M,laureati,2
2013,solare,4804,Firenze IUL - telematica,F,laureati,1
2013,solare,4804,Firenze IUL - telematica,M,laureati,2
2014,solare,4804,Firenze IUL - telematica,F,laureati,5
2015,solare,4804,Firenze IUL - telematica,F,laureati,6
2015,solare,4804,Firenze IUL - telematica,M,laureati,1
2016,solare,4804,Firenze IUL - telematica,F,laureati,5
2016,solare,4804,Firenze IUL - telematica,M,laureati,3
2017,solare,4804,Firenze IUL - telematica,F,laureati,26
2018,solare,4804,Firenze IUL - telematica,F,laureati,35
2018,solare,4804,Firenze IUL - telematica,M,laureati,9
2019,solare,4804,Firenze IUL - telematica,F,laureati,37
2019,solare,4804,Firenze IUL - telematica,M,laureati,9
2020,solare,4804,Firenze IUL - telematica,F,laureati,50
2020,solare,4804,Firenze IUL - telematica,M,laureati,16
2021,solare,4804,Firenze IUL - telematica,F,laureati,50
2021,solare,4804,Firenze IUL - telematica,M,laureati,22
2022,solare,4804,Firenze IUL - telematica,F,laureati,76
2022,solare,4804,Firenze IUL - telematica,M,laureati,22
2023,solare,4804,Firenze IUL - telematica,F,laureati,104
2023,solare,4804,Firenze IUL - telematica,M,laureati,45
2024,solare,4804,Firenze IUL - telematica,F,laureati,206
2024,solare,4804,Firenze IUL - telematica,M,laureati,76
2025,solare,4804,Firenze IUL - telematica,F,laureati,268
2025,solare,4804,Firenze IUL - telematica,M,laureati,133
1998,accademico,5001,Pisa,F,immatricolati,3683
1998,accademico,5001,Pisa,M,immatricolati,3624
1999,accademico,5001,Pisa,F,immatricolati,3572
1999,accademico,5001,Pisa,M,immatricolati,3715
2000,accademico,5001,Pisa,F,immatricolati,3553
2000,accademico,5001,Pisa,M,immatricolati,3772
2001,accademico,5001,Pisa,F,immatricolati,3338
2001,accademico,5001,Pisa,M,immatricolati,4523
2002,accademico,5001,Pisa,F,immatricolati,3869
2002,accademico,5001,Pisa,M,immatricolati,3770
2003,accademico,5001,Pisa,F,immatricolati,4053
2003,accademico,5001,Pisa,M,immatricolati,4132
2004,accademico,5001,Pisa,F,immatricolati,3429
2004,accademico,5001,Pisa,M,immatricolati,3169
2005,accademico,5001,Pisa,F,immatricolati,3531
2005,accademico,5001,Pisa,M,immatricolati,3127
2006,accademico,5001,Pisa,F,immatricolati,3242
2006,accademico,5001,Pisa,M,immatricolati,3060
2007,accademico,5001,Pisa,F,immatricolati,3499
2007,accademico,5001,Pisa,M,immatricolati,3148
2008,accademico,5001,Pisa,F,immatricolati,3875
2008,accademico,5001,Pisa,M,immatricolati,3567
2009,accademico,5001,Pisa,F,immatricolati,3892
2009,accademico,5001,Pisa,M,immatricolati,3515
2010,accademico,5001,Pisa,F,immatricolati,3565
2010,accademico,5001,Pisa,M,immatricolati,3364
2011,accademico,5001,Pisa,F,immatricolati,3703
2011,accademico,5001,Pisa,M,immatricolati,3342
2012,accademico,5001,Pisa,F,immatricolati,3409
2012,accademico,5001,Pisa,M,immatricolati,3376
2013,accademico,5001,Pisa,F,immatricolati,3477
2013,accademico,5001,Pisa,M,immatricolati,3370
2014,accademico,5001,Pisa,F,immatricolati,3464
2014,accademico,5001,Pisa,M,immatricolati,3659
2015,accademico,5001,Pisa,F,immatricolati,3672
2015,accademico,5001,Pisa,M,immatricolati,3582
2016,accademico,5001,Pisa,F,immatricolati,3668
2016,accademico,5001,Pisa,M,immatricolati,3932
2017,accademico,5001,Pisa,F,immatricolati,3512
2017,accademico,5001,Pisa,M,immatricolati,3569
2018,accademico,5001,Pisa,F,immatricolati,3633
2018,accademico,5001,Pisa,M,immatricolati,3495
2019,accademico,5001,Pisa,F,immatricolati,3635
2019,accademico,5001,Pisa,M,immatricolati,3571
2020,accademico,5001,Pisa,F,immatricolati,3781
2020,accademico,5001,Pisa,M,immatricolati,3556
2021,accademico,5001,Pisa,F,immatricolati,3539
2021,accademico,5001,Pisa,M,immatricolati,3562
2022,accademico,5001,Pisa,F,immatricolati,3358
2022,accademico,5001,Pisa,M,immatricolati,3507
2023,accademico,5001,Pisa,F,immatricolati,3543
2023,accademico,5001,Pisa,M,immatricolati,3492
2024,accademico,5001,Pisa,F,immatricolati,3736
2024,accademico,5001,Pisa,M,immatricolati,3916
2025,accademico,5001,Pisa,F,immatricolati,3816
2025,accademico,5001,Pisa,M,immatricolati,3923
2000,accademico,5001,Pisa,F,iscritti,23671
2000,accademico,5001,Pisa,M,iscritti,22299
2001,accademico,5001,Pisa,F,iscritti,24139
2001,accademico,5001,Pisa,M,iscritti,23785
2002,accademico,5001,Pisa,F,iscritti,25387
2002,accademico,5001,Pisa,M,iscritti,24190
2003,accademico,5001,Pisa,F,iscritti,25399
2003,accademico,5001,Pisa,M,iscritti,24245
2004,accademico,5001,Pisa,F,iscritti,23472
2004,accademico,5001,Pisa,M,iscritti,22142
2005,accademico,5001,Pisa,F,iscritti,24186
2005,accademico,5001,Pisa,M,iscritti,22510
2006,accademico,5001,Pisa,F,iscritti,24339
2006,accademico,5001,Pisa,M,iscritti,22815
2007,accademico,5001,Pisa,F,iscritti,24716
2007,accademico,5001,Pisa,M,iscritti,22983
2008,accademico,5001,Pisa,F,iscritti,26679
2008,accademico,5001,Pisa,M,iscritti,24263
2009,accademico,5001,Pisa,F,iscritti,26160
2009,accademico,5001,Pisa,M,iscritti,23882
2010,accademico,5001,Pisa,F,iscritti,25460
2010,accademico,5001,Pisa,M,iscritti,23164
2011,accademico,5001,Pisa,F,iscritti,25211
2011,accademico,5001,Pisa,M,iscritti,22767
2012,accademico,5001,Pisa,F,iscritti,24329
2012,accademico,5001,Pisa,M,iscritti,22324
2013,accademico,5001,Pisa,F,iscritti,24114
2013,accademico,5001,Pisa,M,iscritti,22309
2014,accademico,5001,Pisa,F,iscritti,23930
2014,accademico,5001,Pisa,M,iscritti,22550
2015,accademico,5001,Pisa,F,iscritti,23751
2015,accademico,5001,Pisa,M,iscritti,22299
2016,accademico,5001,Pisa,F,iscritti,23704
2016,accademico,5001,Pisa,M,iscritti,22397
2017,accademico,5001,Pisa,F,iscritti,23083
2017,accademico,5001,Pisa,M,iscritti,22016
2018,accademico,5001,Pisa,F,iscritti,23109
2018,accademico,5001,Pisa,M,iscritti,21990
2019,accademico,5001,Pisa,F,iscritti,23080
2019,accademico,5001,Pisa,M,iscritti,21854
2020,accademico,5001,Pisa,F,iscritti,23453
2020,accademico,5001,Pisa,M,iscritti,21779
2021,accademico,5001,Pisa,F,iscritti,22852
2021,accademico,5001,Pisa,M,iscritti,21248
2022,accademico,5001,Pisa,F,iscritti,22183
2022,accademico,5001,Pisa,M,iscritti,20700
2023,accademico,5001,Pisa,F,iscritti,22922
2023,accademico,5001,Pisa,M,iscritti,21289
2024,accademico,5001,Pisa,F,iscritti,23072
2024,accademico,5001,Pisa,M,iscritti,21637
2001,solare,5001,Pisa,F,laureati,2353
2001,solare,5001,Pisa,M,laureati,2177
2002,solare,5001,Pisa,F,laureati,2812
2002,solare,5001,Pisa,M,laureati,4436
2003,solare,5001,Pisa,F,laureati,3421
2003,solare,5001,Pisa,M,laureati,3371
2004,solare,5001,Pisa,F,laureati,3499
2004,solare,5001,Pisa,M,laureati,3428
2005,solare,5001,Pisa,F,laureati,3693
2005,solare,5001,Pisa,M,laureati,3361
2006,solare,5001,Pisa,F,laureati,3527
2006,solare,5001,Pisa,M,laureati,3446
2007,solare,5001,Pisa,F,laureati,3625
2007,solare,5001,Pisa,M,laureati,3394
2008,solare,5001,Pisa,F,laureati,3692
2008,solare,5001,Pisa,M,laureati,3355
2009,solare,5001,Pisa,F,laureati,3664
2009,solare,5001,Pisa,M,laureati,3519
2010,solare,5001,Pisa,F,laureati,3490
2010,solare,5001,Pisa,M,laureati,3198
2011,solare,5001,Pisa,F,laureati,3521
2011,solare,5001,Pisa,M,laureati,3242
2012,solare,5001,Pisa,F,laureati,3485
2012,solare,5001,Pisa,M,laureati,3198
2013,solare,5001,Pisa,F,laureati,3575
2013,solare,5001,Pisa,M,laureati,3208
2014,solare,5001,Pisa,F,laureati,3463
2014,solare,5001,Pisa,M,laureati,3110
2015,solare,5001,Pisa,F,laureati,3701
2015,solare,5001,Pisa,M,laureati,3248
2016,solare,5001,Pisa,F,laureati,3621
2016,solare,5001,Pisa,M,laureati,3348
2017,solare,5001,Pisa,F,laureati,3679
2017,solare,5001,Pisa,M,laureati,3394
2018,solare,5001,Pisa,F,laureati,3899
2018,solare,5001,Pisa,M,laureati,3500
2019,solare,5001,Pisa,F,laureati,3991
2019,solare,5001,Pisa,M,laureati,3754
2020,solare,5001,Pisa,F,laureati,3814
2020,solare,5001,Pisa,M,laureati,3795
2021,solare,5001,Pisa,F,laureati,4013
2021,solare,5001,Pisa,M,laureati,3708
2022,solare,5001,Pisa,F,laureati,3856
2022,solare,5001,Pisa,M,laureati,3491
2023,solare,5001,Pisa,F,laureati,3642
2023,solare,5001,Pisa,M,laureati,3404
2024,solare,5001,Pisa,F,laureati,3748
2024,solare,5001,Pisa,M,laureati,3592
2025,solare,5001,Pisa,F,laureati,3901
2025,solare,5001,Pisa,M,laureati,3602
1998,accademico,5201,Siena,F,immatricolati,1776
1998,accademico,5201,Siena,M,immatricolati,1236
1999,accademico,5201,Siena,F,immatricolati,1734
1999,accademico,5201,Siena,M,immatricolati,1376
2000,accademico,5201,Siena,F,immatricolati,1757
2000,accademico,5201,Siena,M,immatricolati,1347
2001,accademico,5201,Siena,F,immatricolati,2040
2001,accademico,5201,Siena,M,immatricolati,1453
2002,accademico,5201,Siena,F,immatricolati,1989
2002,accademico,5201,Siena,M,immatricolati,1710
2003,accademico,5201,Siena,F,immatricolati,2303
2003,accademico,5201,Siena,M,immatricolati,1797
2004,accademico,5201,Siena,F,immatricolati,2237
2004,accademico,5201,Siena,M,immatricolati,1831
2005,accademico,5201,Siena,F,immatricolati,2171
2005,accademico,5201,Siena,M,immatricolati,1688
2006,accademico,5201,Siena,F,immatricolati,1970
2006,accademico,5201,Siena,M,immatricolati,1398
2007,accademico,5201,Siena,F,immatricolati,1969
2007,accademico,5201,Siena,M,immatricolati,3791
2008,accademico,5201,Siena,F,immatricolati,1749
2008,accademico,5201,Siena,M,immatricolati,1199
2009,accademico,5201,Siena,F,immatricolati,1605
2009,accademico,5201,Siena,M,immatricolati,1118
2010,accademico,5201,Siena,F,immatricolati,1693
2010,accademico,5201,Siena,M,immatricolati,1113
2011,accademico,5201,Siena,F,immatricolati,2355
2011,accademico,5201,Siena,M,immatricolati,1544
2012,accademico,5201,Siena,F,immatricolati,1286
2012,accademico,5201,Siena,M,immatricolati,998
2013,accademico,5201,Siena,F,immatricolati,1389
2013,accademico,5201,Siena,M,immatricolati,876
2014,accademico,5201,Siena,F,immatricolati,1267
2014,accademico,5201,Siena,M,immatricolati,908
2015,accademico,5201,Siena,F,immatricolati,1297
2015,accademico,5201,Siena,M,immatricolati,917
2016,accademico,5201,Siena,F,immatricolati,1405
2016,accademico,5201,Siena,M,immatricolati,990
2017,accademico,5201,Siena,F,immatricolati,1474
2017,accademico,5201,Siena,M,immatricolati,1002
2018,accademico,5201,Siena,F,immatricolati,1506
2018,accademico,5201,Siena,M,immatricolati,947
2019,accademico,5201,Siena,F,immatricolati,1532
2019,accademico,5201,Siena,M,immatricolati,947
2020,accademico,5201,Siena,F,immatricolati,1596
2020,accademico,5201,Siena,M,immatricolati,942
2021,accademico,5201,Siena,F,immatricolati,1492
2021,accademico,5201,Siena,M,immatricolati,843
2022,accademico,5201,Siena,F,immatricolati,1489
2022,accademico,5201,Siena,M,immatricolati,794
2023,accademico,5201,Siena,F,immatricolati,1433
2023,accademico,5201,Siena,M,immatricolati,768
2024,accademico,5201,Siena,F,immatricolati,1449
2024,accademico,5201,Siena,M,immatricolati,920
2025,accademico,5201,Siena,F,immatricolati,1382
2025,accademico,5201,Siena,M,immatricolati,825
2000,accademico,5201,Siena,F,iscritti,10839
2000,accademico,5201,Siena,M,iscritti,8215
2001,accademico,5201,Siena,F,iscritti,11253
2001,accademico,5201,Siena,M,iscritti,8620
2002,accademico,5201,Siena,F,iscritti,12061
2002,accademico,5201,Siena,M,iscritti,9028
2003,accademico,5201,Siena,F,iscritti,11956
2003,accademico,5201,Siena,M,iscritti,9610
2004,accademico,5201,Siena,F,iscritti,11659
2004,accademico,5201,Siena,M,iscritti,9424
2005,accademico,5201,Siena,F,iscritti,11000
2005,accademico,5201,Siena,M,iscritti,8824
2006,accademico,5201,Siena,F,iscritti,10844
2006,accademico,5201,Siena,M,iscritti,8050
2007,accademico,5201,Siena,F,iscritti,9800
2007,accademico,5201,Siena,M,iscritti,9362
2008,accademico,5201,Siena,F,iscritti,10263
2008,accademico,5201,Siena,M,iscritti,8741
2009,accademico,5201,Siena,F,iscritti,9653
2009,accademico,5201,Siena,M,iscritti,6586
2010,accademico,5201,Siena,F,iscritti,10686
2010,accademico,5201,Siena,M,iscritti,7451
2011,accademico,5201,Siena,F,iscritti,10822
2011,accademico,5201,Siena,M,iscritti,7390
2012,accademico,5201,Siena,F,iscritti,9798
2012,accademico,5201,Siena,M,iscritti,6866
2013,accademico,5201,Siena,F,iscritti,9422
2013,accademico,5201,Siena,M,iscritti,6586
2014,accademico,5201,Siena,F,iscritti,9215
2014,accademico,5201,Siena,M,iscritti,6590
2015,accademico,5201,Siena,F,iscritti,9056
2015,accademico,5201,Siena,M,iscritti,6577
2016,accademico,5201,Siena,F,iscritti,9033
2016,accademico,5201,Siena,M,iscritti,6569
2017,accademico,5201,Siena,F,iscritti,9216
2017,accademico,5201,Siena,M,iscritti,6645
2018,accademico,5201,Siena,F,iscritti,9342
2018,accademico,5201,Siena,M,iscritti,6474
2019,accademico,5201,Siena,F,iscritti,9411
2019,accademico,5201,Siena,M,iscritti,6145
2020,accademico,5201,Siena,F,iscritti,9824
2020,accademico,5201,Siena,M,iscritti,6188
2021,accademico,5201,Siena,F,iscritti,9807
2021,accademico,5201,Siena,M,iscritti,5874
2022,accademico,5201,Siena,F,iscritti,9756
2022,accademico,5201,Siena,M,iscritti,5499
2023,accademico,5201,Siena,F,iscritti,9572
2023,accademico,5201,Siena,M,iscritti,5339
2024,accademico,5201,Siena,F,iscritti,9547
2024,accademico,5201,Siena,M,iscritti,5286
2001,solare,5201,Siena,F,laureati,1501
2001,solare,5201,Siena,M,laureati,922
2002,solare,5201,Siena,F,laureati,1601
2002,solare,5201,Siena,M,laureati,1112
2003,solare,5201,Siena,F,laureati,2044
2003,solare,5201,Siena,M,laureati,1374
2004,solare,5201,Siena,F,laureati,2974
2004,solare,5201,Siena,M,laureati,1735
2005,solare,5201,Siena,F,laureati,2527
2005,solare,5201,Siena,M,laureati,2456
2006,solare,5201,Siena,F,laureati,2106
2006,solare,5201,Siena,M,laureati,2930
2007,solare,5201,Siena,F,laureati,2085
2007,solare,5201,Siena,M,laureati,3319
2008,solare,5201,Siena,F,laureati,2026
2008,solare,5201,Siena,M,laureati,4267
2009,solare,5201,Siena,F,laureati,2075
2009,solare,5201,Siena,M,laureati,4069
2010,solare,5201,Siena,F,laureati,1915
2010,solare,5201,Siena,M,laureati,1324
2011,solare,5201,Siena,F,laureati,2037
2011,solare,5201,Siena,M,laureati,1341
2012,solare,5201,Siena,F,laureati,1937
2012,solare,5201,Siena,M,laureati,1180
2013,solare,5201,Siena,F,laureati,1988
2013,solare,5201,Siena,M,laureati,1270
2014,solare,5201,Siena,F,laureati,1714
2014,solare,5201,Siena,M,laureati,1134
2015,solare,5201,Siena,F,laureati,1750
2015,solare,5201,Siena,M,laureati,1142
2016,solare,5201,Siena,F,laureati,1754
2016,solare,5201,Siena,M,laureati,1153
2017,solare,5201,Siena,F,laureati,1622
2017,solare,5201,Siena,M,laureati,1163
2018,solare,5201,Siena,F,laureati,1761
2018,solare,5201,Siena,M,laureati,1174
2019,solare,5201,Siena,F,laureati,1814
2019,solare,5201,Siena,M,laureati,1202
2020,solare,5201,Siena,F,laureati,1738
2020,solare,5201,Siena,M,laureati,1177
2021,solare,5201,Siena,F,laureati,1948
2021,solare,5201,Siena,M,laureati,1193
2022,solare,5201,Siena,F,laureati,1781
2022,solare,5201,Siena,M,laureati,1030
2023,solare,5201,Siena,F,laureati,1897
2023,solare,5201,Siena,M,laureati,1022
2024,solare,5201,Siena,F,laureati,2093
2024,solare,5201,Siena,M,laureati,1085
2025,solare,5201,Siena,F,laureati,2017
2025,solare,5201,Siena,M,laureati,1009
1998,accademico,5202,Siena Stranieri,F,immatricolati,14
1998,accademico,5202,Siena Stranieri,M,immatricolati,3
1999,accademico,5202,Siena Stranieri,F,immatricolati,13
1999,accademico,5202,Siena Stranieri,M,immatricolati,4
2000,accademico,5202,Siena Stranieri,F,immatricolati,29
2000,accademico,5202,Siena Stranieri,M,immatricolati,6
2001,accademico,5202,Siena Stranieri,F,immatricolati,74
2001,accademico,5202,Siena Stranieri,M,immatricolati,16
2002,accademico,5202,Siena Stranieri,F,immatricolati,40
2002,accademico,5202,Siena Stranieri,M,immatricolati,12
2003,accademico,5202,Siena Stranieri,F,immatricolati,69
2003,accademico,5202,Siena Stranieri,M,immatricolati,18
2004,accademico,5202,Siena Stranieri,F,immatricolati,98
2004,accademico,5202,Siena Stranieri,M,immatricolati,20
2005,accademico,5202,Siena Stranieri,F,immatricolati,103
2005,accademico,5202,Siena Stranieri,M,immatricolati,15
2006,accademico,5202,Siena Stranieri,F,immatricolati,93
2006,accademico,5202,Siena Stranieri,M,immatricolati,16
2007,accademico,5202,Siena Stranieri,F,immatricolati,111
2007,accademico,5202,Siena Stranieri,M,immatricolati,24
2008,accademico,5202,Siena Stranieri,F,immatricolati,91
2008,accademico,5202,Siena Stranieri,M,immatricolati,18
2009,accademico,5202,Siena Stranieri,F,immatricolati,140
2009,accademico,5202,Siena Stranieri,M,immatricolati,29
2010,accademico,5202,Siena Stranieri,F,immatricolati,135
2010,accademico,5202,Siena Stranieri,M,immatricolati,37
2011,accademico,5202,Siena Stranieri,F,immatricolati,191
2011,accademico,5202,Siena Stranieri,M,immatricolati,43
2012,accademico,5202,Siena Stranieri,F,immatricolati,243
2012,accademico,5202,Siena Stranieri,M,immatricolati,53
2013,accademico,5202,Siena Stranieri,F,immatricolati,282
2013,accademico,5202,Siena Stranieri,M,immatricolati,61
2014,accademico,5202,Siena Stranieri,F,immatricolati,347
2014,accademico,5202,Siena Stranieri,M,immatricolati,86
2015,accademico,5202,Siena Stranieri,F,immatricolati,423
2015,accademico,5202,Siena Stranieri,M,immatricolati,96
2016,accademico,5202,Siena Stranieri,F,immatricolati,467
2016,accademico,5202,Siena Stranieri,M,immatricolati,111
2017,accademico,5202,Siena Stranieri,F,immatricolati,470
2017,accademico,5202,Siena Stranieri,M,immatricolati,113
2018,accademico,5202,Siena Stranieri,F,immatricolati,456
2018,accademico,5202,Siena Stranieri,M,immatricolati,82
2019,accademico,5202,Siena Stranieri,F,immatricolati,411
2019,accademico,5202,Siena Stranieri,M,immatricolati,86
2020,accademico,5202,Siena Stranieri,F,immatricolati,366
2020,accademico,5202,Siena Stranieri,M,immatricolati,75
2021,accademico,5202,Siena Stranieri,F,immatricolati,269
2021,accademico,5202,Siena Stranieri,M,immatricolati,72
2022,accademico,5202,Siena Stranieri,F,immatricolati,226
2022,accademico,5202,Siena Stranieri,M,immatricolati,44
2023,accademico,5202,Siena Stranieri,F,immatricolati,235
2023,accademico,5202,Siena Stranieri,M,immatricolati,96
2024,accademico,5202,Siena Stranieri,F,immatricolati,243
2024,accademico,5202,Siena Stranieri,M,immatricolati,112
2025,accademico,5202,Siena Stranieri,F,immatricolati,208
2025,accademico,5202,Siena Stranieri,M,immatricolati,44
2000,accademico,5202,Siena Stranieri,F,iscritti,83
2000,accademico,5202,Siena Stranieri,M,iscritti,17
2001,accademico,5202,Siena Stranieri,F,iscritti,162
2001,accademico,5202,Siena Stranieri,M,iscritti,30
2002,accademico,5202,Siena Stranieri,F,iscritti,214
2002,accademico,5202,Siena Stranieri,M,iscritti,48
2003,accademico,5202,Siena Stranieri,F,iscritti,276
2003,accademico,5202,Siena Stranieri,M,iscritti,65
2004,accademico,5202,Siena Stranieri,F,iscritti,349
2004,accademico,5202,Siena Stranieri,M,iscritti,70
2005,accademico,5202,Siena Stranieri,F,iscritti,388
2005,accademico,5202,Siena Stranieri,M,iscritti,71
2006,accademico,5202,Siena Stranieri,F,iscritti,432
2006,accademico,5202,Siena Stranieri,M,iscritti,78
2007,accademico,5202,Siena Stranieri,F,iscritti,448
2007,accademico,5202,Siena Stranieri,M,iscritti,84
2008,accademico,5202,Siena Stranieri,F,iscritti,444
2008,accademico,5202,Siena Stranieri,M,iscritti,87
2009,accademico,5202,Siena Stranieri,F,iscritti,498
2009,accademico,5202,Siena Stranieri,M,iscritti,90
2010,accademico,5202,Siena Stranieri,F,iscritti,562
2010,accademico,5202,Siena Stranieri,M,iscritti,124
2011,accademico,5202,Siena Stranieri,F,iscritti,652
2011,accademico,5202,Siena Stranieri,M,iscritti,126
2012,accademico,5202,Siena Stranieri,F,iscritti,789
2012,accademico,5202,Siena Stranieri,M,iscritti,165
2013,accademico,5202,Siena Stranieri,F,iscritti,927
2013,accademico,5202,Siena Stranieri,M,iscritti,211
2014,accademico,5202,Siena Stranieri,F,iscritti,1131
2014,accademico,5202,Siena Stranieri,M,iscritti,267
2015,accademico,5202,Siena Stranieri,F,iscritti,1319
2015,accademico,5202,Siena Stranieri,M,iscritti,318
2016,accademico,5202,Siena Stranieri,F,iscritti,1536
2016,accademico,5202,Siena Stranieri,M,iscritti,349
2017,accademico,5202,Siena Stranieri,F,iscritti,1672
2017,accademico,5202,Siena Stranieri,M,iscritti,400
2018,accademico,5202,Siena Stranieri,F,iscritti,1772
2018,accademico,5202,Siena Stranieri,M,iscritti,385
2019,accademico,5202,Siena Stranieri,F,iscritti,1808
2019,accademico,5202,Siena Stranieri,M,iscritti,369
2020,accademico,5202,Siena Stranieri,F,iscritti,1848
2020,accademico,5202,Siena Stranieri,M,iscritti,385
2021,accademico,5202,Siena Stranieri,F,iscritti,1667
2021,accademico,5202,Siena Stranieri,M,iscritti,322
2022,accademico,5202,Siena Stranieri,F,iscritti,1505
2022,accademico,5202,Siena Stranieri,M,iscritti,286
2023,accademico,5202,Siena Stranieri,F,iscritti,1333
2023,accademico,5202,Siena Stranieri,M,iscritti,291
2024,accademico,5202,Siena Stranieri,F,iscritti,1273
2024,accademico,5202,Siena Stranieri,M,iscritti,328
2001,solare,5202,Siena Stranieri,F,laureati,12
2001,solare,5202,Siena Stranieri,M,laureati,3
2002,solare,5202,Siena Stranieri,F,laureati,12
2002,solare,5202,Siena Stranieri,M,laureati,1
2003,solare,5202,Siena Stranieri,F,laureati,14
2003,solare,5202,Siena Stranieri,M,laureati,3
2004,solare,5202,Siena Stranieri,F,laureati,36
2004,solare,5202,Siena Stranieri,M,laureati,5
2005,solare,5202,Siena Stranieri,F,laureati,61
2005,solare,5202,Siena Stranieri,M,laureati,11
2006,solare,5202,Siena Stranieri,F,laureati,48
2006,solare,5202,Siena Stranieri,M,laureati,12
2007,solare,5202,Siena Stranieri,F,laureati,85
2007,solare,5202,Siena Stranieri,M,laureati,11
2008,solare,5202,Siena Stranieri,F,laureati,98
2008,solare,5202,Siena Stranieri,M,laureati,19
2009,solare,5202,Siena Stranieri,F,laureati,106
2009,solare,5202,Siena Stranieri,M,laureati,13
2010,solare,5202,Siena Stranieri,F,laureati,88
2010,solare,5202,Siena Stranieri,M,laureati,17
2011,solare,5202,Siena Stranieri,F,laureati,118
2011,solare,5202,Siena Stranieri,M,laureati,19
2012,solare,5202,Siena Stranieri,F,laureati,91
2012,solare,5202,Siena Stranieri,M,laureati,10
2013,solare,5202,Siena Stranieri,F,laureati,115
2013,solare,5202,Siena Stranieri,M,laureati,17
2014,solare,5202,Siena Stranieri,F,laureati,134
2014,solare,5202,Siena Stranieri,M,laureati,31
2015,solare,5202,Siena Stranieri,F,laureati,185
2015,solare,5202,Siena Stranieri,M,laureati,35
2016,solare,5202,Siena Stranieri,F,laureati,257
2016,solare,5202,Siena Stranieri,M,laureati,41
2017,solare,5202,Siena Stranieri,F,laureati,265
2017,solare,5202,Siena Stranieri,M,laureati,46
2018,solare,5202,Siena Stranieri,F,laureati,323
2018,solare,5202,Siena Stranieri,M,laureati,68
2019,solare,5202,Siena Stranieri,F,laureati,350
2019,solare,5202,Siena Stranieri,M,laureati,66
2020,solare,5202,Siena Stranieri,F,laureati,380
2020,solare,5202,Siena Stranieri,M,laureati,70
2021,solare,5202,Siena Stranieri,F,laureati,364
2021,solare,5202,Siena Stranieri,M,laureati,64
2022,solare,5202,Siena Stranieri,F,laureati,344
2022,solare,5202,Siena Stranieri,M,laureati,52
2023,solare,5202,Siena Stranieri,F,laureati,351
2023,solare,5202,Siena Stranieri,M,laureati,54
2024,solare,5202,Siena Stranieri,F,laureati,308
2024,solare,5202,Siena Stranieri,M,laureati,47
2025,solare,5202,Siena Stranieri,F,laureati,311
2025,solare,5202,Siena Stranieri,M,laureati,56
1998,accademico,5401,Perugia,F,immatricolati,2767
1998,accademico,5401,Perugia,M,immatricolati,2034
1999,accademico,5401,Perugia,F,immatricolati,2723
1999,accademico,5401,Perugia,M,immatricolati,2172
2000,accademico,5401,Perugia,F,immatricolati,2834
2000,accademico,5401,Perugia,M,immatricolati,2497
2001,accademico,5401,Perugia,F,immatricolati,3275
2001,accademico,5401,Perugia,M,immatricolati,2864
2002,accademico,5401,Perugia,F,immatricolati,3321
2002,accademico,5401,Perugia,M,immatricolati,2937
2003,accademico,5401,Perugia,F,immatricolati,3272
2003,accademico,5401,Perugia,M,immatricolati,2900
2004,accademico,5401,Perugia,F,immatricolati,3102
2004,accademico,5401,Perugia,M,immatricolati,2763
2005,accademico,5401,Perugia,F,immatricolati,2816
2005,accademico,5401,Perugia,M,immatricolati,2323
2006,accademico,5401,Perugia,F,immatricolati,3004
2006,accademico,5401,Perugia,M,immatricolati,2690
2007,accademico,5401,Perugia,F,immatricolati,3031
2007,accademico,5401,Perugia,M,immatricolati,2377
2008,accademico,5401,Perugia,F,immatricolati,2595
2008,accademico,5401,Perugia,M,immatricolati,2102
2009,accademico,5401,Perugia,F,immatricolati,2485
2009,accademico,5401,Perugia,M,immatricolati,2031
2010,accademico,5401,Perugia,F,immatricolati,2483
2010,accademico,5401,Perugia,M,immatricolati,1961
2011,accademico,5401,Perugia,F,immatricolati,2364
2011,accademico,5401,Perugia,M,immatricolati,1932
2012,accademico,5401,Perugia,F,immatricolati,2498
2012,accademico,5401,Perugia,M,immatricolati,1843
2013,accademico,5401,Perugia,F,immatricolati,1847
2013,accademico,5401,Perugia,M,immatricolati,1512
2014,accademico,5401,Perugia,F,immatricolati,1916
2014,accademico,5401,Perugia,M,immatricolati,1608
2015,accademico,5401,Perugia,F,immatricolati,2000
2015,accademico,5401,Perugia,M,immatricolati,1647
2016,accademico,5401,Perugia,F,immatricolati,3028
2016,accademico,5401,Perugia,M,immatricolati,2165
2017,accademico,5401,Perugia,F,immatricolati,2322
2017,accademico,5401,Perugia,M,immatricolati,1766
2018,accademico,5401,Perugia,F,immatricolati,2459
2018,accademico,5401,Perugia,M,immatricolati,1959
2019,accademico,5401,Perugia,F,immatricolati,2593
2019,accademico,5401,Perugia,M,immatricolati,1822
2020,accademico,5401,Perugia,F,immatricolati,3687
2020,accademico,5401,Perugia,M,immatricolati,2472
2021,accademico,5401,Perugia,F,immatricolati,3531
2021,accademico,5401,Perugia,M,immatricolati,2428
2022,accademico,5401,Perugia,F,immatricolati,3580
2022,accademico,5401,Perugia,M,immatricolati,2417
2023,accademico,5401,Perugia,F,immatricolati,3564
2023,accademico,5401,Perugia,M,immatricolati,2486
2024,accademico,5401,Perugia,F,immatricolati,3623
2024,accademico,5401,Perugia,M,immatricolati,2477
2025,accademico,5401,Perugia,F,immatricolati,3401
2025,accademico,5401,Perugia,M,immatricolati,2280
2000,accademico,5401,Perugia,F,iscritti,16501
2000,accademico,5401,Perugia,M,iscritti,12767
2001,accademico,5401,Perugia,F,iscritti,17310
2001,accademico,5401,Perugia,M,iscritti,13841
2002,accademico,5401,Perugia,F,iscritti,18345
2002,accademico,5401,Perugia,M,iscritti,14991
2003,accademico,5401,Perugia,F,iscritti,19533
2003,accademico,5401,Perugia,M,iscritti,15876
2004,accademico,5401,Perugia,F,iscritti,19448
2004,accademico,5401,Perugia,M,iscritti,15906
2005,accademico,5401,Perugia,F,iscritti,18880
2005,accademico,5401,Perugia,M,iscritti,15248
2006,accademico,5401,Perugia,F,iscritti,18973
2006,accademico,5401,Perugia,M,iscritti,15418
2007,accademico,5401,Perugia,F,iscritti,19056
2007,accademico,5401,Perugia,M,iscritti,14952
2008,accademico,5401,Perugia,F,iscritti,18259
2008,accademico,5401,Perugia,M,iscritti,13942
2009,accademico,5401,Perugia,F,iscritti,17473
2009,accademico,5401,Perugia,M,iscritti,13359
2010,accademico,5401,Perugia,F,iscritti,15827
2010,accademico,5401,Perugia,M,iscritti,11971
2011,accademico,5401,Perugia,F,iscritti,14765
2011,accademico,5401,Perugia,M,iscritti,11305
2012,accademico,5401,Perugia,F,iscritti,14189
2012,accademico,5401,Perugia,M,iscritti,10766
2013,accademico,5401,Perugia,F,iscritti,12950
2013,accademico,5401,Perugia,M,iscritti,9969
2014,accademico,5401,Perugia,F,iscritti,12849
2014,accademico,5401,Perugia,M,iscritti,9906
2015,accademico,5401,Perugia,F,iscritti,12043
2015,accademico,5401,Perugia,M,iscritti,9508
2016,accademico,5401,Perugia,F,iscritti,13031
2016,accademico,5401,Perugia,M,iscritti,9923
2017,accademico,5401,Perugia,F,iscritti,13102
2017,accademico,5401,Perugia,M,iscritti,9877
2018,accademico,5401,Perugia,F,iscritti,13378
2018,accademico,5401,Perugia,M,iscritti,10096
2019,accademico,5401,Perugia,F,iscritti,13584
2019,accademico,5401,Perugia,M,iscritti,9912
2020,accademico,5401,Perugia,F,iscritti,15525
2020,accademico,5401,Perugia,M,iscritti,10666
2021,accademico,5401,Perugia,F,iscritti,16224
2021,accademico,5401,Perugia,M,iscritti,10753
2022,accademico,5401,Perugia,F,iscritti,16408
2022,accademico,5401,Perugia,M,iscritti,10786
2023,accademico,5401,Perugia,F,iscritti,17188
2023,accademico,5401,Perugia,M,iscritti,11045
2024,accademico,5401,Perugia,F,iscritti,17932
2024,accademico,5401,Perugia,M,iscritti,11594
2001,solare,5401,Perugia,F,laureati,1899
2001,solare,5401,Perugia,M,laureati,1247
2002,solare,5401,Perugia,F,laureati,2037
2002,solare,5401,Perugia,M,laureati,1434
2003,solare,5401,Perugia,F,laureati,2452
2003,solare,5401,Perugia,M,laureati,1590
2004,solare,5401,Perugia,F,laureati,2863
2004,solare,5401,Perugia,M,laureati,1999
2005,solare,5401,Perugia,F,laureati,3439
2005,solare,5401,Perugia,M,laureati,2424
2006,solare,5401,Perugia,F,laureati,3329
2006,solare,5401,Perugia,M,laureati,2357
2007,solare,5401,Perugia,F,laureati,3174
2007,solare,5401,Perugia,M,laureati,2161
2008,solare,5401,Perugia,F,laureati,2980
2008,solare,5401,Perugia,M,laureati,2275
2009,solare,5401,Perugia,F,laureati,3134
2009,solare,5401,Perugia,M,laureati,2158
2010,solare,5401,Perugia,F,laureati,2910
2010,solare,5401,Perugia,M,laureati,2046
2011,solare,5401,Perugia,F,laureati,2939
2011,solare,5401,Perugia,M,laureati,2054
2012,solare,5401,Perugia,F,laureati,2761
2012,solare,5401,Perugia,M,laureati,1903
2013,solare,5401,Perugia,F,laureati,2771
2013,solare,5401,Perugia,M,laureati,1871
2014,solare,5401,Perugia,F,laureati,2643
2014,solare,5401,Perugia,M,laureati,1868
2015,solare,5401,Perugia,F,laureati,2489
2015,solare,5401,Perugia,M,laureati,1884
2016,solare,5401,Perugia,F,laureati,2620
2016,solare,5401,Perugia,M,laureati,1849
2017,solare,5401,Perugia,F,laureati,2411
2017,solare,5401,Perugia,M,laureati,1764
2018,solare,5401,Perugia,F,laureati,2569
2018,solare,5401,Perugia,M,laureati,1740
2019,solare,5401,Perugia,F,laureati,2696
2019,solare,5401,Perugia,M,laureati,1834
2020,solare,5401,Perugia,F,laureati,2534
2020,solare,5401,Perugia,M,laureati,1783
2021,solare,5401,Perugia,F,laureati,2633
2021,solare,5401,Perugia,M,laureati,1752
2022,solare,5401,Perugia,F,laureati,2637
2022,solare,5401,Perugia,M,laureati,1552
2023,solare,5401,Perugia,F,laureati,2825
2023,solare,5401,Perugia,M,laureati,1711
2024,solare,5401,Perugia,F,laureati,2840
2024,solare,5401,Perugia,M,laureati,1658
2025,solare,5401,Perugia,F,laureati,3218
2025,solare,5401,Perugia,M,laureati,1829
1998,accademico,5402,Perugia ISEF,F,immatricolati,64
1998,accademico,5402,Perugia ISEF,M,immatricolati,107
2000,accademico,5402,Perugia ISEF,F,iscritti,195
2000,accademico,5402,Perugia ISEF,M,iscritti,325
1998,accademico,5403,Perugia Stranieri,F,immatricolati,167
1998,accademico,5403,Perugia Stranieri,M,immatricolati,134
1999,accademico,5403,Perugia Stranieri,F,immatricolati,283
1999,accademico,5403,Perugia Stranieri,M,immatricolati,158
2000,accademico,5403,Perugia Stranieri,F,immatricolati,760
2000,accademico,5403,Perugia Stranieri,M,immatricolati,315
2001,accademico,5403,Perugia Stranieri,F,immatricolati,378
2001,accademico,5403,Perugia Stranieri,M,immatricolati,196
2002,accademico,5403,Perugia Stranieri,F,immatricolati,264
2002,accademico,5403,Perugia Stranieri,M,immatricolati,136
2003,accademico,5403,Perugia Stranieri,F,immatricolati,213
2003,accademico,5403,Perugia Stranieri,M,immatricolati,145
2004,accademico,5403,Perugia Stranieri,F,immatricolati,176
2004,accademico,5403,Perugia Stranieri,M,immatricolati,210
2005,accademico,5403,Perugia Stranieri,F,immatricolati,218
2005,accademico,5403,Perugia Stranieri,M,immatricolati,430
2006,accademico,5403,Perugia Stranieri,F,immatricolati,187
2006,accademico,5403,Perugia Stranieri,M,immatricolati,189
2007,accademico,5403,Perugia Stranieri,F,immatricolati,212
2007,accademico,5403,Perugia Stranieri,M,immatricolati,208
2008,accademico,5403,Perugia Stranieri,F,immatricolati,151
2008,accademico,5403,Perugia Stranieri,M,immatricolati,152
2009,accademico,5403,Perugia Stranieri,F,immatricolati,127
2009,accademico,5403,Perugia Stranieri,M,immatricolati,130
2010,accademico,5403,Perugia Stranieri,F,immatricolati,101
2010,accademico,5403,Perugia Stranieri,M,immatricolati,70
2011,accademico,5403,Perugia Stranieri,F,immatricolati,126
2011,accademico,5403,Perugia Stranieri,M,immatricolati,60
2012,accademico,5403,Perugia Stranieri,F,immatricolati,87
2012,accademico,5403,Perugia Stranieri,M,immatricolati,46
2013,accademico,5403,Perugia Stranieri,F,immatricolati,82
2013,accademico,5403,Perugia Stranieri,M,immatricolati,38
2014,accademico,5403,Perugia Stranieri,F,immatricolati,73
2014,accademico,5403,Perugia Stranieri,M,immatricolati,40
2015,accademico,5403,Perugia Stranieri,F,immatricolati,57
2015,accademico,5403,Perugia Stranieri,M,immatricolati,57
2016,accademico,5403,Perugia Stranieri,F,immatricolati,75
2016,accademico,5403,Perugia Stranieri,M,immatricolati,41
2017,accademico,5403,Perugia Stranieri,F,immatricolati,74
2017,accademico,5403,Perugia Stranieri,M,immatricolati,45
2018,accademico,5403,Perugia Stranieri,F,immatricolati,116
2018,accademico,5403,Perugia Stranieri,M,immatricolati,76
2019,accademico,5403,Perugia Stranieri,F,immatricolati,87
2019,accademico,5403,Perugia Stranieri,M,immatricolati,60
2020,accademico,5403,Perugia Stranieri,F,immatricolati,111
2020,accademico,5403,Perugia Stranieri,M,immatricolati,69
2021,accademico,5403,Perugia Stranieri,F,immatricolati,89
2021,accademico,5403,Perugia Stranieri,M,immatricolati,75
2022,accademico,5403,Perugia Stranieri,F,immatricolati,71
2022,accademico,5403,Perugia Stranieri,M,immatricolati,29
2023,accademico,5403,Perugia Stranieri,F,immatricolati,99
2023,accademico,5403,Perugia Stranieri,M,immatricolati,54
2024,accademico,5403,Perugia Stranieri,F,immatricolati,86
2024,accademico,5403,Perugia Stranieri,M,immatricolati,54
2025,accademico,5403,Perugia Stranieri,F,immatricolati,64
2025,accademico,5403,Perugia Stranieri,M,immatricolati,53
2000,accademico,5403,Perugia Stranieri,F,iscritti,1270
2000,accademico,5403,Perugia Stranieri,M,iscritti,621
2001,accademico,5403,Perugia Stranieri,F,iscritti,1486
2001,accademico,5403,Perugia Stranieri,M,iscritti,703
2002,accademico,5403,Perugia Stranieri,F,iscritti,1655
2002,accademico,5403,Perugia Stranieri,M,iscritti,753
2003,accademico,5403,Perugia Stranieri,F,iscritti,1704
2003,accademico,5403,Perugia Stranieri,M,iscritti,797
2004,accademico,5403,Perugia Stranieri,F,iscritti,1310
2004,accademico,5403,Perugia Stranieri,M,iscritti,759
2005,accademico,5403,Perugia Stranieri,F,iscritti,1583
2005,accademico,5403,Perugia Stranieri,M,iscritti,1154
2006,accademico,5403,Perugia Stranieri,F,iscritti,1289
2006,accademico,5403,Perugia Stranieri,M,iscritti,1038
2007,accademico,5403,Perugia Stranieri,F,iscritti,1176
2007,accademico,5403,Perugia Stranieri,M,iscritti,812
2008,accademico,5403,Perugia Stranieri,F,iscritti,1089
2008,accademico,5403,Perugia Stranieri,M,iscritti,759
2009,accademico,5403,Perugia Stranieri,F,iscritti,1001
2009,accademico,5403,Perugia Stranieri,M,iscritti,729
2010,accademico,5403,Perugia Stranieri,F,iscritti,903
2010,accademico,5403,Perugia Stranieri,M,iscritti,616
2011,accademico,5403,Perugia Stranieri,F,iscritti,843
2011,accademico,5403,Perugia Stranieri,M,iscritti,482
2012,accademico,5403,Perugia Stranieri,F,iscritti,789
2012,accademico,5403,Perugia Stranieri,M,iscritti,455
2013,accademico,5403,Perugia Stranieri,F,iscritti,714
2013,accademico,5403,Perugia Stranieri,M,iscritti,394
2014,accademico,5403,Perugia Stranieri,F,iscritti,635
2014,accademico,5403,Perugia Stranieri,M,iscritti,361
2015,accademico,5403,Perugia Stranieri,F,iscritti,531
2015,accademico,5403,Perugia Stranieri,M,iscritti,366
2016,accademico,5403,Perugia Stranieri,F,iscritti,552
2016,accademico,5403,Perugia Stranieri,M,iscritti,330
2017,accademico,5403,Perugia Stranieri,F,iscritti,615
2017,accademico,5403,Perugia Stranieri,M,iscritti,321
2018,accademico,5403,Perugia Stranieri,F,iscritti,674
2018,accademico,5403,Perugia Stranieri,M,iscritti,380
2019,accademico,5403,Perugia Stranieri,F,iscritti,715
2019,accademico,5403,Perugia Stranieri,M,iscritti,379
2020,accademico,5403,Perugia Stranieri,F,iscritti,778
2020,accademico,5403,Perugia Stranieri,M,iscritti,374
2021,accademico,5403,Perugia Stranieri,F,iscritti,707
2021,accademico,5403,Perugia Stranieri,M,iscritti,371
2022,accademico,5403,Perugia Stranieri,F,iscritti,637
2022,accademico,5403,Perugia Stranieri,M,iscritti,303
2023,accademico,5403,Perugia Stranieri,F,iscritti,680
2023,accademico,5403,Perugia Stranieri,M,iscritti,322
2024,accademico,5403,Perugia Stranieri,F,iscritti,738
2024,accademico,5403,Perugia Stranieri,M,iscritti,360
2001,solare,5403,Perugia Stranieri,F,laureati,52
2001,solare,5403,Perugia Stranieri,M,laureati,30
2002,solare,5403,Perugia Stranieri,F,laureati,100
2002,solare,5403,Perugia Stranieri,M,laureati,38
2003,solare,5403,Perugia Stranieri,F,laureati,179
2003,solare,5403,Perugia Stranieri,M,laureati,93
2004,solare,5403,Perugia Stranieri,F,laureati,257
2004,solare,5403,Perugia Stranieri,M,laureati,111
2005,solare,5403,Perugia Stranieri,F,laureati,609
2005,solare,5403,Perugia Stranieri,M,laureati,203
2006,solare,5403,Perugia Stranieri,F,laureati,474
2006,solare,5403,Perugia Stranieri,M,laureati,242
2007,solare,5403,Perugia Stranieri,F,laureati,449
2007,solare,5403,Perugia Stranieri,M,laureati,355
2008,solare,5403,Perugia Stranieri,F,laureati,326
2008,solare,5403,Perugia Stranieri,M,laureati,206
2009,solare,5403,Perugia Stranieri,F,laureati,285
2009,solare,5403,Perugia Stranieri,M,laureati,180
2010,solare,5403,Perugia Stranieri,F,laureati,258
2010,solare,5403,Perugia Stranieri,M,laureati,150
2011,solare,5403,Perugia Stranieri,F,laureati,236
2011,solare,5403,Perugia Stranieri,M,laureati,153
2012,solare,5403,Perugia Stranieri,F,laureati,210
2012,solare,5403,Perugia Stranieri,M,laureati,137
2013,solare,5403,Perugia Stranieri,F,laureati,185
2013,solare,5403,Perugia Stranieri,M,laureati,88
2014,solare,5403,Perugia Stranieri,F,laureati,193
2014,solare,5403,Perugia Stranieri,M,laureati,74
2015,solare,5403,Perugia Stranieri,F,laureati,172
2015,solare,5403,Perugia Stranieri,M,laureati,83
2016,solare,5403,Perugia Stranieri,F,laureati,156
2016,solare,5403,Perugia Stranieri,M,laureati,69
2017,solare,5403,Perugia Stranieri,F,laureati,138
2017,solare,5403,Perugia Stranieri,M,laureati,79
2018,solare,5403,Perugia Stranieri,F,laureati,140
2018,solare,5403,Perugia Stranieri,M,laureati,72
2019,solare,5403,Perugia Stranieri,F,laureati,189
2019,solare,5403,Perugia Stranieri,M,laureati,75
2020,solare,5403,Perugia Stranieri,F,laureati,185
2020,solare,5403,Perugia Stranieri,M,laureati,64
2021,solare,5403,Perugia Stranieri,F,laureati,180
2021,solare,5403,Perugia Stranieri,M,laureati,63
2022,solare,5403,Perugia Stranieri,F,laureati,184
2022,solare,5403,Perugia Stranieri,M,laureati,72
2023,solare,5403,Perugia Stranieri,F,laureati,162
2023,solare,5403,Perugia Stranieri,M,laureati,47
2024,solare,5403,Perugia Stranieri,F,laureati,163
2024,solare,5403,Perugia Stranieri,M,laureati,51
2025,solare,5403,Perugia Stranieri,F,laureati,125
2025,solare,5403,Perugia Stranieri,M,laureati,51
1998,accademico,5601,Tuscia,F,immatricolati,783
1998,accademico,5601,Tuscia,M,immatricolati,1047
1999,accademico,5601,Tuscia,F,immatricolati,633
1999,accademico,5601,Tuscia,M,immatricolati,901
2000,accademico,5601,Tuscia,F,immatricolati,657
2000,accademico,5601,Tuscia,M,immatricolati,911
2001,accademico,5601,Tuscia,F,immatricolati,688
2001,accademico,5601,Tuscia,M,immatricolati,974
2002,accademico,5601,Tuscia,F,immatricolati,1002
2002,accademico,5601,Tuscia,M,immatricolati,1993
2003,accademico,5601,Tuscia,F,immatricolati,954
2003,accademico,5601,Tuscia,M,immatricolati,1393
2004,accademico,5601,Tuscia,F,immatricolati,971
2004,accademico,5601,Tuscia,M,immatricolati,1693
2005,accademico,5601,Tuscia,F,immatricolati,930
2005,accademico,5601,Tuscia,M,immatricolati,1955
2006,accademico,5601,Tuscia,F,immatricolati,721
2006,accademico,5601,Tuscia,M,immatricolati,2210
2007,accademico,5601,Tuscia,F,immatricolati,586
2007,accademico,5601,Tuscia,M,immatricolati,1465
2008,accademico,5601,Tuscia,F,immatricolati,614
2008,accademico,5601,Tuscia,M,immatricolati,1268
2009,accademico,5601,Tuscia,F,immatricolati,649
2009,accademico,5601,Tuscia,M,immatricolati,1020
2010,accademico,5601,Tuscia,F,immatricolati,633
2010,accademico,5601,Tuscia,M,immatricolati,938
2011,accademico,5601,Tuscia,F,immatricolati,705
2011,accademico,5601,Tuscia,M,immatricolati,717
2012,accademico,5601,Tuscia,F,immatricolati,773
2012,accademico,5601,Tuscia,M,immatricolati,702
2013,accademico,5601,Tuscia,F,immatricolati,784
2013,accademico,5601,Tuscia,M,immatricolati,797
2014,accademico,5601,Tuscia,F,immatricolati,814
2014,accademico,5601,Tuscia,M,immatricolati,844
2015,accademico,5601,Tuscia,F,immatricolati,847
2015,accademico,5601,Tuscia,M,immatricolati,862
2016,accademico,5601,Tuscia,F,immatricolati,796
2016,accademico,5601,Tuscia,M,immatricolati,825
2017,accademico,5601,Tuscia,F,immatricolati,633
2017,accademico,5601,Tuscia,M,immatricolati,723
2018,accademico,5601,Tuscia,F,immatricolati,591
2018,accademico,5601,Tuscia,M,immatricolati,579
2019,accademico,5601,Tuscia,F,immatricolati,642
2019,accademico,5601,Tuscia,M,immatricolati,657
2020,accademico,5601,Tuscia,F,immatricolati,839
2020,accademico,5601,Tuscia,M,immatricolati,797
2021,accademico,5601,Tuscia,F,immatricolati,776
2021,accademico,5601,Tuscia,M,immatricolati,681
2022,accademico,5601,Tuscia,F,immatricolati,779
2022,accademico,5601,Tuscia,M,immatricolati,743
2023,accademico,5601,Tuscia,F,immatricolati,756
2023,accademico,5601,Tuscia,M,immatricolati,771
2024,accademico,5601,Tuscia,F,immatricolati,711
2024,accademico,5601,Tuscia,M,immatricolati,819
2025,accademico,5601,Tuscia,F,immatricolati,795
2025,accademico,5601,Tuscia,M,immatricolati,822
2000,accademico,5601,Tuscia,F,iscritti,4116
2000,accademico,5601,Tuscia,M,iscritti,3708
2001,accademico,5601,Tuscia,F,iscritti,4022
2001,accademico,5601,Tuscia,M,iscritti,4069
2002,accademico,5601,Tuscia,F,iscritti,4688
2002,accademico,5601,Tuscia,M,iscritti,5286
2003,accademico,5601,Tuscia,F,iscritti,5054
2003,accademico,5601,Tuscia,M,iscritti,5139
2004,accademico,5601,Tuscia,F,iscritti,4993
2004,accademico,5601,Tuscia,M,iscritti,5311
2005,accademico,5601,Tuscia,F,iscritti,4877
2005,accademico,5601,Tuscia,M,iscritti,5666
2006,accademico,5601,Tuscia,F,iscritti,4582
2006,accademico,5601,Tuscia,M,iscritti,7064
2007,accademico,5601,Tuscia,F,iscritti,3929
2007,accademico,5601,Tuscia,M,iscritti,6396
2008,accademico,5601,Tuscia,F,iscritti,3916
2008,accademico,5601,Tuscia,M,iscritti,5593
2009,accademico,5601,Tuscia,F,iscritti,3760
2009,accademico,5601,Tuscia,M,iscritti,5141
2010,accademico,5601,Tuscia,F,iscritti,4006
2010,accademico,5601,Tuscia,M,iscritti,5186
2011,accademico,5601,Tuscia,F,iscritti,3746
2011,accademico,5601,Tuscia,M,iscritti,4342
2012,accademico,5601,Tuscia,F,iscritti,3587
2012,accademico,5601,Tuscia,M,iscritti,3657
2013,accademico,5601,Tuscia,F,iscritti,3681
2013,accademico,5601,Tuscia,M,iscritti,3756
2014,accademico,5601,Tuscia,F,iscritti,3755
2014,accademico,5601,Tuscia,M,iscritti,3883
2015,accademico,5601,Tuscia,F,iscritti,3873
2015,accademico,5601,Tuscia,M,iscritti,3980
2016,accademico,5601,Tuscia,F,iscritti,3910
2016,accademico,5601,Tuscia,M,iscritti,4116
2017,accademico,5601,Tuscia,F,iscritti,3958
2017,accademico,5601,Tuscia,M,iscritti,4150
2018,accademico,5601,Tuscia,F,iscritti,3869
2018,accademico,5601,Tuscia,M,iscritti,3912
2019,accademico,5601,Tuscia,F,iscritti,4064
2019,accademico,5601,Tuscia,M,iscritti,3867
2020,accademico,5601,Tuscia,F,iscritti,4049
2020,accademico,5601,Tuscia,M,iscritti,3857
2021,accademico,5601,Tuscia,F,iscritti,3946
2021,accademico,5601,Tuscia,M,iscritti,3737
2022,accademico,5601,Tuscia,F,iscritti,3896
2022,accademico,5601,Tuscia,M,iscritti,3661
2023,accademico,5601,Tuscia,F,iscritti,3972
2023,accademico,5601,Tuscia,M,iscritti,3741
2024,accademico,5601,Tuscia,F,iscritti,3859
2024,accademico,5601,Tuscia,M,iscritti,3865
2001,solare,5601,Tuscia,F,laureati,386
2001,solare,5601,Tuscia,M,laureati,233
2002,solare,5601,Tuscia,F,laureati,407
2002,solare,5601,Tuscia,M,laureati,618
2003,solare,5601,Tuscia,F,laureati,491
2003,solare,5601,Tuscia,M,laureati,845
2004,solare,5601,Tuscia,F,laureati,604
2004,solare,5601,Tuscia,M,laureati,917
2005,solare,5601,Tuscia,F,laureati,846
2005,solare,5601,Tuscia,M,laureati,1032
2006,solare,5601,Tuscia,F,laureati,757
2006,solare,5601,Tuscia,M,laureati,1207
2007,solare,5601,Tuscia,F,laureati,754
2007,solare,5601,Tuscia,M,laureati,1448
2008,solare,5601,Tuscia,F,laureati,780
2008,solare,5601,Tuscia,M,laureati,1771
2009,solare,5601,Tuscia,F,laureati,706
2009,solare,5601,Tuscia,M,laureati,1636
2010,solare,5601,Tuscia,F,laureati,635
2010,solare,5601,Tuscia,M,laureati,1227
2011,solare,5601,Tuscia,F,laureati,670
2011,solare,5601,Tuscia,M,laureati,1083
2012,solare,5601,Tuscia,F,laureati,656
2012,solare,5601,Tuscia,M,laureati,1016
2013,solare,5601,Tuscia,F,laureati,676
2013,solare,5601,Tuscia,M,laureati,732
2014,solare,5601,Tuscia,F,laureati,622
2014,solare,5601,Tuscia,M,laureati,681
2015,solare,5601,Tuscia,F,laureati,647
2015,solare,5601,Tuscia,M,laureati,612
2016,solare,5601,Tuscia,F,laureati,605
2016,solare,5601,Tuscia,M,laureati,642
2017,solare,5601,Tuscia,F,laureati,596
2017,solare,5601,Tuscia,M,laureati,745
2018,solare,5601,Tuscia,F,laureati,802
2018,solare,5601,Tuscia,M,laureati,806
2019,solare,5601,Tuscia,F,laureati,703
2019,solare,5601,Tuscia,M,laureati,899
2020,solare,5601,Tuscia,F,laureati,752
2020,solare,5601,Tuscia,M,laureati,802
2021,solare,5601,Tuscia,F,laureati,851
2021,solare,5601,Tuscia,M,laureati,726
2022,solare,5601,Tuscia,F,laureati,699
2022,solare,5601,Tuscia,M,laureati,767
2023,solare,5601,Tuscia,F,laureati,670
2023,solare,5601,Tuscia,M,laureati,680
2024,solare,5601,Tuscia,F,laureati,833
2024,solare,5601,Tuscia,M,laureati,731
2025,solare,5601,Tuscia,F,laureati,736
2025,solare,5601,Tuscia,M,laureati,728
1998,accademico,5801,Roma La Sapienza,F,immatricolati,10753
1998,accademico,5801,Roma La Sapienza,M,immatricolati,7816
1999,accademico,5801,Roma La Sapienza,F,immatricolati,10829
1999,accademico,5801,Roma La Sapienza,M,immatricolati,7788
2000,accademico,5801,Roma La Sapienza,F,immatricolati,11012
2000,accademico,5801,Roma La Sapienza,M,immatricolati,8021
2001,accademico,5801,Roma La Sapienza,F,immatricolati,14892
2001,accademico,5801,Roma La Sapienza,M,immatricolati,9868
2002,accademico,5801,Roma La Sapienza,F,immatricolati,12960
2002,accademico,5801,Roma La Sapienza,M,immatricolati,9660
2003,accademico,5801,Roma La Sapienza,F,immatricolati,13947
2003,accademico,5801,Roma La Sapienza,M,immatricolati,10363
2004,accademico,5801,Roma La Sapienza,F,immatricolati,12245
2004,accademico,5801,Roma La Sapienza,M,immatricolati,8732
2005,accademico,5801,Roma La Sapienza,F,immatricolati,12027
2005,accademico,5801,Roma La Sapienza,M,immatricolati,8508
2006,accademico,5801,Roma La Sapienza,F,immatricolati,11528
2006,accademico,5801,Roma La Sapienza,M,immatricolati,8031
2007,accademico,5801,Roma La Sapienza,F,immatricolati,11808
2007,accademico,5801,Roma La Sapienza,M,immatricolati,8282
2008,accademico,5801,Roma La Sapienza,F,immatricolati,11362
2008,accademico,5801,Roma La Sapienza,M,immatricolati,8223
2009,accademico,5801,Roma La Sapienza,F,immatricolati,9868
2009,accademico,5801,Roma La Sapienza,M,immatricolati,7352
2010,accademico,5801,Roma La Sapienza,F,immatricolati,9407
2010,accademico,5801,Roma La Sapienza,M,immatricolati,7063
2011,accademico,5801,Roma La Sapienza,F,immatricolati,9157
2011,accademico,5801,Roma La Sapienza,M,immatricolati,6703
2012,accademico,5801,Roma La Sapienza,F,immatricolati,8435
2012,accademico,5801,Roma La Sapienza,M,immatricolati,6397
2013,accademico,5801,Roma La Sapienza,F,immatricolati,8093
2013,accademico,5801,Roma La Sapienza,M,immatricolati,6242
2014,accademico,5801,Roma La Sapienza,F,immatricolati,8449
2014,accademico,5801,Roma La Sapienza,M,immatricolati,6497
2015,accademico,5801,Roma La Sapienza,F,immatricolati,8578
2015,accademico,5801,Roma La Sapienza,M,immatricolati,6605
2016,accademico,5801,Roma La Sapienza,F,immatricolati,9489
2016,accademico,5801,Roma La Sapienza,M,immatricolati,7163
2017,accademico,5801,Roma La Sapienza,F,immatricolati,9268
2017,accademico,5801,Roma La Sapienza,M,immatricolati,6924
2018,accademico,5801,Roma La Sapienza,F,immatricolati,9714
2018,accademico,5801,Roma La Sapienza,M,immatricolati,7013
2019,accademico,5801,Roma La Sapienza,F,immatricolati,9925
2019,accademico,5801,Roma La Sapienza,M,immatricolati,7167
2020,accademico,5801,Roma La Sapienza,F,immatricolati,10751
2020,accademico,5801,Roma La Sapienza,M,immatricolati,7593
2021,accademico,5801,Roma La Sapienza,F,immatricolati,10829
2021,accademico,5801,Roma La Sapienza,M,immatricolati,7757
2022,accademico,5801,Roma La Sapienza,F,immatricolati,10569
2022,accademico,5801,Roma La Sapienza,M,immatricolati,7905
2023,accademico,5801,Roma La Sapienza,F,immatricolati,10246
2023,accademico,5801,Roma La Sapienza,M,immatricolati,7357
2024,accademico,5801,Roma La Sapienza,F,immatricolati,9985
2024,accademico,5801,Roma La Sapienza,M,immatricolati,7382
2025,accademico,5801,Roma La Sapienza,F,immatricolati,10103
2025,accademico,5801,Roma La Sapienza,M,immatricolati,7634
2000,accademico,5801,Roma La Sapienza,F,iscritti,81122
2000,accademico,5801,Roma La Sapienza,M,iscritti,58815
2001,accademico,5801,Roma La Sapienza,F,iscritti,81716
2001,accademico,5801,Roma La Sapienza,M,iscritti,57629
2002,accademico,5801,Roma La Sapienza,F,iscritti,77883
2002,accademico,5801,Roma La Sapienza,M,iscritti,54654
2003,accademico,5801,Roma La Sapienza,F,iscritti,80598
2003,accademico,5801,Roma La Sapienza,M,iscritti,56675
2004,accademico,5801,Roma La Sapienza,F,iscritti,79705
2004,accademico,5801,Roma La Sapienza,M,iscritti,55107
2005,accademico,5801,Roma La Sapienza,F,iscritti,78819
2005,accademico,5801,Roma La Sapienza,M,iscritti,53756
2006,accademico,5801,Roma La Sapienza,F,iscritti,76427
2006,accademico,5801,Roma La Sapienza,M,iscritti,51698
2007,accademico,5801,Roma La Sapienza,F,iscritti,77556
2007,accademico,5801,Roma La Sapienza,M,iscritti,52191
2008,accademico,5801,Roma La Sapienza,F,iscritti,77765
2008,accademico,5801,Roma La Sapienza,M,iscritti,52512
2009,accademico,5801,Roma La Sapienza,F,iscritti,75318
2009,accademico,5801,Roma La Sapienza,M,iscritti,51056
2010,accademico,5801,Roma La Sapienza,F,iscritti,81141
2010,accademico,5801,Roma La Sapienza,M,iscritti,56038
2011,accademico,5801,Roma La Sapienza,F,iscritti,75100
2011,accademico,5801,Roma La Sapienza,M,iscritti,51726
2012,accademico,5801,Roma La Sapienza,F,iscritti,69529
2012,accademico,5801,Roma La Sapienza,M,iscritti,48638
2013,accademico,5801,Roma La Sapienza,F,iscritti,64991
2013,accademico,5801,Roma La Sapienza,M,iscritti,46276
2014,accademico,5801,Roma La Sapienza,F,iscritti,61970
2014,accademico,5801,Roma La Sapienza,M,iscritti,44759
2015,accademico,5801,Roma La Sapienza,F,iscritti,59508
2015,accademico,5801,Roma La Sapienza,M,iscritti,43672
2016,accademico,5801,Roma La Sapienza,F,iscritti,59195
2016,accademico,5801,Roma La Sapienza,M,iscritti,44034
2017,accademico,5801,Roma La Sapienza,F,iscritti,58714
2017,accademico,5801,Roma La Sapienza,M,iscritti,43997
2018,accademico,5801,Roma La Sapienza,F,iscritti,59592
2018,accademico,5801,Roma La Sapienza,M,iscritti,44388
2019,accademico,5801,Roma La Sapienza,F,iscritti,60665
2019,accademico,5801,Roma La Sapienza,M,iscritti,44817
2020,accademico,5801,Roma La Sapienza,F,iscritti,61400
2020,accademico,5801,Roma La Sapienza,M,iscritti,44377
2021,accademico,5801,Roma La Sapienza,F,iscritti,63379
2021,accademico,5801,Roma La Sapienza,M,iscritti,45164
2022,accademico,5801,Roma La Sapienza,F,iscritti,63605
2022,accademico,5801,Roma La Sapienza,M,iscritti,45455
2023,accademico,5801,Roma La Sapienza,F,iscritti,65997
2023,accademico,5801,Roma La Sapienza,M,iscritti,46875
2024,accademico,5801,Roma La Sapienza,F,iscritti,65445
2024,accademico,5801,Roma La Sapienza,M,iscritti,46555
2001,solare,5801,Roma La Sapienza,F,laureati,7948
2001,solare,5801,Roma La Sapienza,M,laureati,5835
2002,solare,5801,Roma La Sapienza,F,laureati,8603
2002,solare,5801,Roma La Sapienza,M,laureati,6347
2003,solare,5801,Roma La Sapienza,F,laureati,11783
2003,solare,5801,Roma La Sapienza,M,laureati,7506
2004,solare,5801,Roma La Sapienza,F,laureati,10343
2004,solare,5801,Roma La Sapienza,M,laureati,6509
2005,solare,5801,Roma La Sapienza,F,laureati,11789
2005,solare,5801,Roma La Sapienza,M,laureati,7623
2006,solare,5801,Roma La Sapienza,F,laureati,12792
2006,solare,5801,Roma La Sapienza,M,laureati,7856
2007,solare,5801,Roma La Sapienza,F,laureati,12337
2007,solare,5801,Roma La Sapienza,M,laureati,7474
2008,solare,5801,Roma La Sapienza,F,laureati,12121
2008,solare,5801,Roma La Sapienza,M,laureati,7583
2009,solare,5801,Roma La Sapienza,F,laureati,13094
2009,solare,5801,Roma La Sapienza,M,laureati,7809
2010,solare,5801,Roma La Sapienza,F,laureati,12125
2010,solare,5801,Roma La Sapienza,M,laureati,7492
2011,solare,5801,Roma La Sapienza,F,laureati,12745
2011,solare,5801,Roma La Sapienza,M,laureati,7536
2012,solare,5801,Roma La Sapienza,F,laureati,12328
2012,solare,5801,Roma La Sapienza,M,laureati,7472
2013,solare,5801,Roma La Sapienza,F,laureati,11956
2013,solare,5801,Roma La Sapienza,M,laureati,7358
2014,solare,5801,Roma La Sapienza,F,laureati,11603
2014,solare,5801,Roma La Sapienza,M,laureati,7362
2015,solare,5801,Roma La Sapienza,F,laureati,10961
2015,solare,5801,Roma La Sapienza,M,laureati,7206
2016,solare,5801,Roma La Sapienza,F,laureati,10930
2016,solare,5801,Roma La Sapienza,M,laureati,7403
2017,solare,5801,Roma La Sapienza,F,laureati,11100
2017,solare,5801,Roma La Sapienza,M,laureati,7480
2018,solare,5801,Roma La Sapienza,F,laureati,10644
2018,solare,5801,Roma La Sapienza,M,laureati,7349
2019,solare,5801,Roma La Sapienza,F,laureati,11256
2019,solare,5801,Roma La Sapienza,M,laureati,7728
2020,solare,5801,Roma La Sapienza,F,laureati,10549
2020,solare,5801,Roma La Sapienza,M,laureati,7623
2021,solare,5801,Roma La Sapienza,F,laureati,11822
2021,solare,5801,Roma La Sapienza,M,laureati,7635
2022,solare,5801,Roma La Sapienza,F,laureati,11395
2022,solare,5801,Roma La Sapienza,M,laureati,7594
2023,solare,5801,Roma La Sapienza,F,laureati,12285
2023,solare,5801,Roma La Sapienza,M,laureati,7809
2024,solare,5801,Roma La Sapienza,F,laureati,13211
2024,solare,5801,Roma La Sapienza,M,laureati,8492
2025,solare,5801,Roma La Sapienza,F,laureati,13225
2025,solare,5801,Roma La Sapienza,M,laureati,8821
1998,accademico,5802,Roma Tor Vergata,F,immatricolati,2418
1998,accademico,5802,Roma Tor Vergata,M,immatricolati,2665
1999,accademico,5802,Roma Tor Vergata,F,immatricolati,2306
1999,accademico,5802,Roma Tor Vergata,M,immatricolati,2575
2000,accademico,5802,Roma Tor Vergata,F,immatricolati,2694
2000,accademico,5802,Roma Tor Vergata,M,immatricolati,3097
2001,accademico,5802,Roma Tor Vergata,F,immatricolati,3361
2001,accademico,5802,Roma Tor Vergata,M,immatricolati,3692
2002,accademico,5802,Roma Tor Vergata,F,immatricolati,4090
2002,accademico,5802,Roma Tor Vergata,M,immatricolati,4013
2003,accademico,5802,Roma Tor Vergata,F,immatricolati,3910
2003,accademico,5802,Roma Tor Vergata,M,immatricolati,3856
2004,accademico,5802,Roma Tor Vergata,F,immatricolati,4043
2004,accademico,5802,Roma Tor Vergata,M,immatricolati,3766
2005,accademico,5802,Roma Tor Vergata,F,immatricolati,3799
2005,accademico,5802,Roma Tor Vergata,M,immatricolati,3639
2006,accademico,5802,Roma Tor Vergata,F,immatricolati,3821
2006,accademico,5802,Roma Tor Vergata,M,immatricolati,3577
2007,accademico,5802,Roma Tor Vergata,F,immatricolati,3820
2007,accademico,5802,Roma Tor Vergata,M,immatricolati,3506
2008,accademico,5802,Roma Tor Vergata,F,immatricolati,3358
2008,accademico,5802,Roma Tor Vergata,M,immatricolati,3071
2009,accademico,5802,Roma Tor Vergata,F,immatricolati,3075
2009,accademico,5802,Roma Tor Vergata,M,immatricolati,2798
2010,accademico,5802,Roma Tor Vergata,F,immatricolati,2769
2010,accademico,5802,Roma Tor Vergata,M,immatricolati,2626
2011,accademico,5802,Roma Tor Vergata,F,immatricolati,2714
2011,accademico,5802,Roma Tor Vergata,M,immatricolati,2749
2012,accademico,5802,Roma Tor Vergata,F,immatricolati,2495
2012,accademico,5802,Roma Tor Vergata,M,immatricolati,2746
2013,accademico,5802,Roma Tor Vergata,F,immatricolati,2474
2013,accademico,5802,Roma Tor Vergata,M,immatricolati,2583
2014,accademico,5802,Roma Tor Vergata,F,immatricolati,2778
2014,accademico,5802,Roma Tor Vergata,M,immatricolati,2615
2015,accademico,5802,Roma Tor Vergata,F,immatricolati,2556
2015,accademico,5802,Roma Tor Vergata,M,immatricolati,2568
2016,accademico,5802,Roma Tor Vergata,F,immatricolati,2514
2016,accademico,5802,Roma Tor Vergata,M,immatricolati,2464
2017,accademico,5802,Roma Tor Vergata,F,immatricolati,2496
2017,accademico,5802,Roma Tor Vergata,M,immatricolati,2253
2018,accademico,5802,Roma Tor Vergata,F,immatricolati,2347
2018,accademico,5802,Roma Tor Vergata,M,immatricolati,2282
2019,accademico,5802,Roma Tor Vergata,F,immatricolati,2514
2019,accademico,5802,Roma Tor Vergata,M,immatricolati,2364
2020,accademico,5802,Roma Tor Vergata,F,immatricolati,2684
2020,accademico,5802,Roma Tor Vergata,M,immatricolati,2522
2021,accademico,5802,Roma Tor Vergata,F,immatricolati,2947
2021,accademico,5802,Roma Tor Vergata,M,immatricolati,2560
2022,accademico,5802,Roma Tor Vergata,F,immatricolati,4147
2022,accademico,5802,Roma Tor Vergata,M,immatricolati,2954
2023,accademico,5802,Roma Tor Vergata,F,immatricolati,3217
2023,accademico,5802,Roma Tor Vergata,M,immatricolati,2784
2024,accademico,5802,Roma Tor Vergata,F,immatricolati,3292
2024,accademico,5802,Roma Tor Vergata,M,immatricolati,2709
2025,accademico,5802,Roma Tor Vergata,F,immatricolati,3175
2025,accademico,5802,Roma Tor Vergata,M,immatricolati,2647
2000,accademico,5802,Roma Tor Vergata,F,iscritti,10931
2000,accademico,5802,Roma Tor Vergata,M,iscritti,11583
2001,accademico,5802,Roma Tor Vergata,F,iscritti,13916
2001,accademico,5802,Roma Tor Vergata,M,iscritti,14198
2002,accademico,5802,Roma Tor Vergata,F,iscritti,15463
2002,accademico,5802,Roma Tor Vergata,M,iscritti,15027
2003,accademico,5802,Roma Tor Vergata,F,iscritti,15988
2003,accademico,5802,Roma Tor Vergata,M,iscritti,16132
2004,accademico,5802,Roma Tor Vergata,F,iscritti,16873
2004,accademico,5802,Roma Tor Vergata,M,iscritti,16698
2005,accademico,5802,Roma Tor Vergata,F,iscritti,17852
2005,accademico,5802,Roma Tor Vergata,M,iscritti,17343
2006,accademico,5802,Roma Tor Vergata,F,iscritti,18428
2006,accademico,5802,Roma Tor Vergata,M,iscritti,17582
2007,accademico,5802,Roma Tor Vergata,F,iscritti,18971
2007,accademico,5802,Roma Tor Vergata,M,iscritti,17398
2008,accademico,5802,Roma Tor Vergata,F,iscritti,18361
2008,accademico,5802,Roma Tor Vergata,M,iscritti,16589
2009,accademico,5802,Roma Tor Vergata,F,iscritti,18806
2009,accademico,5802,Roma Tor Vergata,M,iscritti,16648
2010,accademico,5802,Roma Tor Vergata,F,iscritti,16956
2010,accademico,5802,Roma Tor Vergata,M,iscritti,14951
2011,accademico,5802,Roma Tor Vergata,F,iscritti,16619
2011,accademico,5802,Roma Tor Vergata,M,iscritti,15192
2012,accademico,5802,Roma Tor Vergata,F,iscritti,15965
2012,accademico,5802,Roma Tor Vergata,M,iscritti,15103
2013,accademico,5802,Roma Tor Vergata,F,iscritti,15473
2013,accademico,5802,Roma Tor Vergata,M,iscritti,15120
2014,accademico,5802,Roma Tor Vergata,F,iscritti,15486
2014,accademico,5802,Roma Tor Vergata,M,iscritti,14800
2015,accademico,5802,Roma Tor Vergata,F,iscritti,15222
2015,accademico,5802,Roma Tor Vergata,M,iscritti,14454
2016,accademico,5802,Roma Tor Vergata,F,iscritti,15128
2016,accademico,5802,Roma Tor Vergata,M,iscritti,14421
2017,accademico,5802,Roma Tor Vergata,F,iscritti,14784
2017,accademico,5802,Roma Tor Vergata,M,iscritti,13833
2018,accademico,5802,Roma Tor Vergata,F,iscritti,14532
2018,accademico,5802,Roma Tor Vergata,M,iscritti,13281
2019,accademico,5802,Roma Tor Vergata,F,iscritti,14282
2019,accademico,5802,Roma Tor Vergata,M,iscritti,12570
2020,accademico,5802,Roma Tor Vergata,F,iscritti,14823
2020,accademico,5802,Roma Tor Vergata,M,iscritti,12705
2021,accademico,5802,Roma Tor Vergata,F,iscritti,15267
2021,accademico,5802,Roma Tor Vergata,M,iscritti,12760
2022,accademico,5802,Roma Tor Vergata,F,iscritti,17193
2022,accademico,5802,Roma Tor Vergata,M,iscritti,13247
2023,accademico,5802,Roma Tor Vergata,F,iscritti,17412
2023,accademico,5802,Roma Tor Vergata,M,iscritti,13201
2024,accademico,5802,Roma Tor Vergata,F,iscritti,18010
2024,accademico,5802,Roma Tor Vergata,M,iscritti,13171
2001,solare,5802,Roma Tor Vergata,F,laureati,933
2001,solare,5802,Roma Tor Vergata,M,laureati,1211
2002,solare,5802,Roma Tor Vergata,F,laureati,1979
2002,solare,5802,Roma Tor Vergata,M,laureati,2065
2003,solare,5802,Roma Tor Vergata,F,laureati,2506
2003,solare,5802,Roma Tor Vergata,M,laureati,6862
2004,solare,5802,Roma Tor Vergata,F,laureati,3020
2004,solare,5802,Roma Tor Vergata,M,laureati,3835
2005,solare,5802,Roma Tor Vergata,F,laureati,3054
2005,solare,5802,Roma Tor Vergata,M,laureati,2948
2006,solare,5802,Roma Tor Vergata,F,laureati,2663
2006,solare,5802,Roma Tor Vergata,M,laureati,2705
2007,solare,5802,Roma Tor Vergata,F,laureati,2699
2007,solare,5802,Roma Tor Vergata,M,laureati,2354
2008,solare,5802,Roma Tor Vergata,F,laureati,2835
2008,solare,5802,Roma Tor Vergata,M,laureati,2569
2009,solare,5802,Roma Tor Vergata,F,laureati,2589
2009,solare,5802,Roma Tor Vergata,M,laureati,2377
2010,solare,5802,Roma Tor Vergata,F,laureati,2706
2010,solare,5802,Roma Tor Vergata,M,laureati,2317
2011,solare,5802,Roma Tor Vergata,F,laureati,2886
2011,solare,5802,Roma Tor Vergata,M,laureati,2411
2012,solare,5802,Roma Tor Vergata,F,laureati,2932
2012,solare,5802,Roma Tor Vergata,M,laureati,2341
2013,solare,5802,Roma Tor Vergata,F,laureati,3051
2013,solare,5802,Roma Tor Vergata,M,laureati,2434
2014,solare,5802,Roma Tor Vergata,F,laureati,2953
2014,solare,5802,Roma Tor Vergata,M,laureati,2877
2015,solare,5802,Roma Tor Vergata,F,laureati,2967
2015,solare,5802,Roma Tor Vergata,M,laureati,2697
2016,solare,5802,Roma Tor Vergata,F,laureati,3023
2016,solare,5802,Roma Tor Vergata,M,laureati,3002
2017,solare,5802,Roma Tor Vergata,F,laureati,3042
2017,solare,5802,Roma Tor Vergata,M,laureati,2888
2018,solare,5802,Roma Tor Vergata,F,laureati,3086
2018,solare,5802,Roma Tor Vergata,M,laureati,2863
2019,solare,5802,Roma Tor Vergata,F,laureati,3116
2019,solare,5802,Roma Tor Vergata,M,laureati,3062
2020,solare,5802,Roma Tor Vergata,F,laureati,2876
2020,solare,5802,Roma Tor Vergata,M,laureati,2445
2021,solare,5802,Roma Tor Vergata,F,laureati,3135
2021,solare,5802,Roma Tor Vergata,M,laureati,2367
2022,solare,5802,Roma Tor Vergata,F,laureati,2830
2022,solare,5802,Roma Tor Vergata,M,laureati,2159
2023,solare,5802,Roma Tor Vergata,F,laureati,3095
2023,solare,5802,Roma Tor Vergata,M,laureati,2309
2024,solare,5802,Roma Tor Vergata,F,laureati,3080
2024,solare,5802,Roma Tor Vergata,M,laureati,2315
2025,solare,5802,Roma Tor Vergata,F,laureati,3894
2025,solare,5802,Roma Tor Vergata,M,laureati,2481
1998,accademico,5803,Roma LUMSA,F,immatricolati,688
1998,accademico,5803,Roma LUMSA,M,immatricolati,281
1999,accademico,5803,Roma LUMSA,F,immatricolati,716
1999,accademico,5803,Roma LUMSA,M,immatricolati,299
2000,accademico,5803,Roma LUMSA,F,immatricolati,902
2000,accademico,5803,Roma LUMSA,M,immatricolati,406
2001,accademico,5803,Roma LUMSA,F,immatricolati,836
2001,accademico,5803,Roma LUMSA,M,immatricolati,446
2002,accademico,5803,Roma LUMSA,F,immatricolati,873
2002,accademico,5803,Roma LUMSA,M,immatricolati,469
2003,accademico,5803,Roma LUMSA,F,immatricolati,864
2003,accademico,5803,Roma LUMSA,M,immatricolati,479
2004,accademico,5803,Roma LUMSA,F,immatricolati,871
2004,accademico,5803,Roma LUMSA,M,immatricolati,486
2005,accademico,5803,Roma LUMSA,F,immatricolati,819
2005,accademico,5803,Roma LUMSA,M,immatricolati,446
2006,accademico,5803,Roma LUMSA,F,immatricolati,728
2006,accademico,5803,Roma LUMSA,M,immatricolati,412
2007,accademico,5803,Roma LUMSA,F,immatricolati,624
2007,accademico,5803,Roma LUMSA,M,immatricolati,255
2008,accademico,5803,Roma LUMSA,F,immatricolati,624
2008,accademico,5803,Roma LUMSA,M,immatricolati,277
2009,accademico,5803,Roma LUMSA,F,immatricolati,560
2009,accademico,5803,Roma LUMSA,M,immatricolati,275
2010,accademico,5803,Roma LUMSA,F,immatricolati,657
2010,accademico,5803,Roma LUMSA,M,immatricolati,312
2011,accademico,5803,Roma LUMSA,F,immatricolati,653
2011,accademico,5803,Roma LUMSA,M,immatricolati,286
2012,accademico,5803,Roma LUMSA,F,immatricolati,600
2012,accademico,5803,Roma LUMSA,M,immatricolati,300
2013,accademico,5803,Roma LUMSA,F,immatricolati,595
2013,accademico,5803,Roma LUMSA,M,immatricolati,259
2014,accademico,5803,Roma LUMSA,F,immatricolati,583
2014,accademico,5803,Roma LUMSA,M,immatricolati,261
2015,accademico,5803,Roma LUMSA,F,immatricolati,589
2015,accademico,5803,Roma LUMSA,M,immatricolati,221
2016,accademico,5803,Roma LUMSA,F,immatricolati,477
2016,accademico,5803,Roma LUMSA,M,immatricolati,232
2017,accademico,5803,Roma LUMSA,F,immatricolati,559
2017,accademico,5803,Roma LUMSA,M,immatricolati,286
2018,accademico,5803,Roma LUMSA,F,immatricolati,638
2018,accademico,5803,Roma LUMSA,M,immatricolati,289
2019,accademico,5803,Roma LUMSA,F,immatricolati,710
2019,accademico,5803,Roma LUMSA,M,immatricolati,347
2020,accademico,5803,Roma LUMSA,F,immatricolati,752
2020,accademico,5803,Roma LUMSA,M,immatricolati,356
2021,accademico,5803,Roma LUMSA,F,immatricolati,872
2021,accademico,5803,Roma LUMSA,M,immatricolati,413
2022,accademico,5803,Roma LUMSA,F,immatricolati,954
2022,accademico,5803,Roma LUMSA,M,immatricolati,534
2023,accademico,5803,Roma LUMSA,F,immatricolati,1022
2023,accademico,5803,Roma LUMSA,M,immatricolati,466
2024,accademico,5803,Roma LUMSA,F,immatricolati,932
2024,accademico,5803,Roma LUMSA,M,immatricolati,428
2025,accademico,5803,Roma LUMSA,F,immatricolati,974
2025,accademico,5803,Roma LUMSA,M,immatricolati,408
2000,accademico,5803,Roma LUMSA,F,iscritti,3460
2000,accademico,5803,Roma LUMSA,M,iscritti,1592
2001,accademico,5803,Roma LUMSA,F,iscritti,3935
2001,accademico,5803,Roma LUMSA,M,iscritti,1845
2002,accademico,5803,Roma LUMSA,F,iscritti,4398
2002,accademico,5803,Roma LUMSA,M,iscritti,2188
2003,accademico,5803,Roma LUMSA,F,iscritti,4307
2003,accademico,5803,Roma LUMSA,M,iscritti,2150
2004,accademico,5803,Roma LUMSA,F,iscritti,4572
2004,accademico,5803,Roma LUMSA,M,iscritti,2350
2005,accademico,5803,Roma LUMSA,F,iscritti,5124
2005,accademico,5803,Roma LUMSA,M,iscritti,2637
2006,accademico,5803,Roma LUMSA,F,iscritti,5086
2006,accademico,5803,Roma LUMSA,M,iscritti,2656
2007,accademico,5803,Roma LUMSA,F,iscritti,4835
2007,accademico,5803,Roma LUMSA,M,iscritti,2386
2008,accademico,5803,Roma LUMSA,F,iscritti,4602
2008,accademico,5803,Roma LUMSA,M,iscritti,2309
2009,accademico,5803,Roma LUMSA,F,iscritti,4544
2009,accademico,5803,Roma LUMSA,M,iscritti,2230
2010,accademico,5803,Roma LUMSA,F,iscritti,4512
2010,accademico,5803,Roma LUMSA,M,iscritti,2221
2011,accademico,5803,Roma LUMSA,F,iscritti,4460
2011,accademico,5803,Roma LUMSA,M,iscritti,2146
2012,accademico,5803,Roma LUMSA,F,iscritti,4297
2012,accademico,5803,Roma LUMSA,M,iscritti,2046
2013,accademico,5803,Roma LUMSA,F,iscritti,4075
2013,accademico,5803,Roma LUMSA,M,iscritti,1948
2014,accademico,5803,Roma LUMSA,F,iscritti,4000
2014,accademico,5803,Roma LUMSA,M,iscritti,1907
2015,accademico,5803,Roma LUMSA,F,iscritti,4083
2015,accademico,5803,Roma LUMSA,M,iscritti,1822
2016,accademico,5803,Roma LUMSA,F,iscritti,3860
2016,accademico,5803,Roma LUMSA,M,iscritti,1767
2017,accademico,5803,Roma LUMSA,F,iscritti,3897
2017,accademico,5803,Roma LUMSA,M,iscritti,1746
2018,accademico,5803,Roma LUMSA,F,iscritti,3978
2018,accademico,5803,Roma LUMSA,M,iscritti,1758
2019,accademico,5803,Roma LUMSA,F,iscritti,4251
2019,accademico,5803,Roma LUMSA,M,iscritti,1894
2020,accademico,5803,Roma LUMSA,F,iscritti,4780
2020,accademico,5803,Roma LUMSA,M,iscritti,1993
2021,accademico,5803,Roma LUMSA,F,iscritti,5437
2021,accademico,5803,Roma LUMSA,M,iscritti,2168
2022,accademico,5803,Roma LUMSA,F,iscritti,5969
2022,accademico,5803,Roma LUMSA,M,iscritti,2451
2023,accademico,5803,Roma LUMSA,F,iscritti,6306
2023,accademico,5803,Roma LUMSA,M,iscritti,2604
2024,accademico,5803,Roma LUMSA,F,iscritti,6484
2024,accademico,5803,Roma LUMSA,M,iscritti,2543
2001,solare,5803,Roma LUMSA,F,laureati,459
2001,solare,5803,Roma LUMSA,M,laureati,144
2002,solare,5803,Roma LUMSA,F,laureati,569
2002,solare,5803,Roma LUMSA,M,laureati,167
2003,solare,5803,Roma LUMSA,F,laureati,672
2003,solare,5803,Roma LUMSA,M,laureati,233
2004,solare,5803,Roma LUMSA,F,laureati,911
2004,solare,5803,Roma LUMSA,M,laureati,354
2005,solare,5803,Roma LUMSA,F,laureati,1175
2005,solare,5803,Roma LUMSA,M,laureati,468
2006,solare,5803,Roma LUMSA,F,laureati,1196
2006,solare,5803,Roma LUMSA,M,laureati,572
2007,solare,5803,Roma LUMSA,F,laureati,1166
2007,solare,5803,Roma LUMSA,M,laureati,463
2008,solare,5803,Roma LUMSA,F,laureati,1203
2008,solare,5803,Roma LUMSA,M,laureati,495
2009,solare,5803,Roma LUMSA,F,laureati,1107
2009,solare,5803,Roma LUMSA,M,laureati,477
2010,solare,5803,Roma LUMSA,F,laureati,1030
2010,solare,5803,Roma LUMSA,M,laureati,447
2011,solare,5803,Roma LUMSA,F,laureati,1047
2011,solare,5803,Roma LUMSA,M,laureati,380
2012,solare,5803,Roma LUMSA,F,laureati,994
2012,solare,5803,Roma LUMSA,M,laureati,398
2013,solare,5803,Roma LUMSA,F,laureati,1077
2013,solare,5803,Roma LUMSA,M,laureati,435
2014,solare,5803,Roma LUMSA,F,laureati,1105
2014,solare,5803,Roma LUMSA,M,laureati,378
2015,solare,5803,Roma LUMSA,F,laureati,857
2015,solare,5803,Roma LUMSA,M,laureati,371
2016,solare,5803,Roma LUMSA,F,laureati,934
2016,solare,5803,Roma LUMSA,M,laureati,359
2017,solare,5803,Roma LUMSA,F,laureati,955
2017,solare,5803,Roma LUMSA,M,laureati,364
2018,solare,5803,Roma LUMSA,F,laureati,1023
2018,solare,5803,Roma LUMSA,M,laureati,374
2019,solare,5803,Roma LUMSA,F,laureati,974
2019,solare,5803,Roma LUMSA,M,laureati,383
2020,solare,5803,Roma LUMSA,F,laureati,1028
2020,solare,5803,Roma LUMSA,M,laureati,380
2021,solare,5803,Roma LUMSA,F,laureati,1107
2021,solare,5803,Roma LUMSA,M,laureati,431
2022,solare,5803,Roma LUMSA,F,laureati,1394
2022,solare,5803,Roma LUMSA,M,laureati,453
2023,solare,5803,Roma LUMSA,F,laureati,1492
2023,solare,5803,Roma LUMSA,M,laureati,505
2024,solare,5803,Roma LUMSA,F,laureati,1613
2024,solare,5803,Roma LUMSA,M,laureati,567
2025,solare,5803,Roma LUMSA,F,laureati,1650
2025,solare,5803,Roma LUMSA,M,laureati,652
1998,accademico,5805,Roma Luiss,F,immatricolati,489
1998,accademico,5805,Roma Luiss,M,immatricolati,510
1999,accademico,5805,Roma Luiss,F,immatricolati,480
1999,accademico,5805,Roma Luiss,M,immatricolati,518
2000,accademico,5805,Roma Luiss,F,immatricolati,501
2000,accademico,5805,Roma Luiss,M,immatricolati,458
2001,accademico,5805,Roma Luiss,F,immatricolati,505
2001,accademico,5805,Roma Luiss,M,immatricolati,505
2002,accademico,5805,Roma Luiss,F,immatricolati,454
2002,accademico,5805,Roma Luiss,M,immatricolati,486
2003,accademico,5805,Roma Luiss,F,immatricolati,548
2003,accademico,5805,Roma Luiss,M,immatricolati,547
2004,accademico,5805,Roma Luiss,F,immatricolati,598
2004,accademico,5805,Roma Luiss,M,immatricolati,574
2005,accademico,5805,Roma Luiss,F,immatricolati,569
2005,accademico,5805,Roma Luiss,M,immatricolati,549
2006,accademico,5805,Roma Luiss,F,immatricolati,634
2006,accademico,5805,Roma Luiss,M,immatricolati,566
2007,accademico,5805,Roma Luiss,F,immatricolati,591
2007,accademico,5805,Roma Luiss,M,immatricolati,558
2008,accademico,5805,Roma Luiss,F,immatricolati,741
2008,accademico,5805,Roma Luiss,M,immatricolati,570
2009,accademico,5805,Roma Luiss,F,immatricolati,738
2009,accademico,5805,Roma Luiss,M,immatricolati,601
2010,accademico,5805,Roma Luiss,F,immatricolati,736
2010,accademico,5805,Roma Luiss,M,immatricolati,592
2011,accademico,5805,Roma Luiss,F,immatricolati,645
2011,accademico,5805,Roma Luiss,M,immatricolati,672
2012,accademico,5805,Roma Luiss,F,immatricolati,666
2012,accademico,5805,Roma Luiss,M,immatricolati,690
2013,accademico,5805,Roma Luiss,F,immatricolati,677
2013,accademico,5805,Roma Luiss,M,immatricolati,724
2014,accademico,5805,Roma Luiss,F,immatricolati,636
2014,accademico,5805,Roma Luiss,M,immatricolati,784
2015,accademico,5805,Roma Luiss,F,immatricolati,735
2015,accademico,5805,Roma Luiss,M,immatricolati,816
2016,accademico,5805,Roma Luiss,F,immatricolati,751
2016,accademico,5805,Roma Luiss,M,immatricolati,886
2017,accademico,5805,Roma Luiss,F,immatricolati,760
2017,accademico,5805,Roma Luiss,M,immatricolati,900
2018,accademico,5805,Roma Luiss,F,immatricolati,784
2018,accademico,5805,Roma Luiss,M,immatricolati,911
2019,accademico,5805,Roma Luiss,F,immatricolati,802
2019,accademico,5805,Roma Luiss,M,immatricolati,865
2020,accademico,5805,Roma Luiss,F,immatricolati,864
2020,accademico,5805,Roma Luiss,M,immatricolati,990
2021,accademico,5805,Roma Luiss,F,immatricolati,963
2021,accademico,5805,Roma Luiss,M,immatricolati,988
2022,accademico,5805,Roma Luiss,F,immatricolati,917
2022,accademico,5805,Roma Luiss,M,immatricolati,983
2023,accademico,5805,Roma Luiss,F,immatricolati,1203
2023,accademico,5805,Roma Luiss,M,immatricolati,1242
2024,accademico,5805,Roma Luiss,F,immatricolati,1208
2024,accademico,5805,Roma Luiss,M,immatricolati,1257
2025,accademico,5805,Roma Luiss,F,immatricolati,1117
2025,accademico,5805,Roma Luiss,M,immatricolati,1163
2000,accademico,5805,Roma Luiss,F,iscritti,2478
2000,accademico,5805,Roma Luiss,M,iscritti,2571
2001,accademico,5805,Roma Luiss,F,iscritti,2591
2001,accademico,5805,Roma Luiss,M,iscritti,2659
2002,accademico,5805,Roma Luiss,F,iscritti,2529
2002,accademico,5805,Roma Luiss,M,iscritti,2649
2003,accademico,5805,Roma Luiss,F,iscritti,2609
2003,accademico,5805,Roma Luiss,M,iscritti,2636
2004,accademico,5805,Roma Luiss,F,iscritti,2761
2004,accademico,5805,Roma Luiss,M,iscritti,2721
2005,accademico,5805,Roma Luiss,F,iscritti,2846
2005,accademico,5805,Roma Luiss,M,iscritti,2754
2006,accademico,5805,Roma Luiss,F,iscritti,3112
2006,accademico,5805,Roma Luiss,M,iscritti,2981
2007,accademico,5805,Roma Luiss,F,iscritti,3298
2007,accademico,5805,Roma Luiss,M,iscritti,3136
2008,accademico,5805,Roma Luiss,F,iscritti,3562
2008,accademico,5805,Roma Luiss,M,iscritti,3254
2009,accademico,5805,Roma Luiss,F,iscritti,3707
2009,accademico,5805,Roma Luiss,M,iscritti,3343
2010,accademico,5805,Roma Luiss,F,iscritti,4182
2010,accademico,5805,Roma Luiss,M,iscritti,3624
2011,accademico,5805,Roma Luiss,F,iscritti,4136
2011,accademico,5805,Roma Luiss,M,iscritti,3728
2012,accademico,5805,Roma Luiss,F,iscritti,4051
2012,accademico,5805,Roma Luiss,M,iscritti,3752
2013,accademico,5805,Roma Luiss,F,iscritti,3913
2013,accademico,5805,Roma Luiss,M,iscritti,3757
2014,accademico,5805,Roma Luiss,F,iscritti,3812
2014,accademico,5805,Roma Luiss,M,iscritti,3931
2015,accademico,5805,Roma Luiss,F,iscritti,3875
2015,accademico,5805,Roma Luiss,M,iscritti,4272
2016,accademico,5805,Roma Luiss,F,iscritti,4000
2016,accademico,5805,Roma Luiss,M,iscritti,4699
2017,accademico,5805,Roma Luiss,F,iscritti,4152
2017,accademico,5805,Roma Luiss,M,iscritti,4916
2018,accademico,5805,Roma Luiss,F,iscritti,4227
2018,accademico,5805,Roma Luiss,M,iscritti,5083
2019,accademico,5805,Roma Luiss,F,iscritti,4323
2019,accademico,5805,Roma Luiss,M,iscritti,5167
2020,accademico,5805,Roma Luiss,F,iscritti,4556
2020,accademico,5805,Roma Luiss,M,iscritti,5177
2021,accademico,5805,Roma Luiss,F,iscritti,4869
2021,accademico,5805,Roma Luiss,M,iscritti,5156
2022,accademico,5805,Roma Luiss,F,iscritti,4898
2022,accademico,5805,Roma Luiss,M,iscritti,5197
2023,accademico,5805,Roma Luiss,F,iscritti,5402
2023,accademico,5805,Roma Luiss,M,iscritti,5674
2024,accademico,5805,Roma Luiss,F,iscritti,5751
2024,accademico,5805,Roma Luiss,M,iscritti,6010
2001,solare,5805,Roma Luiss,F,laureati,416
2001,solare,5805,Roma Luiss,M,laureati,428
2002,solare,5805,Roma Luiss,F,laureati,416
2002,solare,5805,Roma Luiss,M,laureati,410
2003,solare,5805,Roma Luiss,F,laureati,436
2003,solare,5805,Roma Luiss,M,laureati,440
2004,solare,5805,Roma Luiss,F,laureati,697
2004,solare,5805,Roma Luiss,M,laureati,728
2005,solare,5805,Roma Luiss,F,laureati,776
2005,solare,5805,Roma Luiss,M,laureati,740
2006,solare,5805,Roma Luiss,F,laureati,632
2006,solare,5805,Roma Luiss,M,laureati,590
2007,solare,5805,Roma Luiss,F,laureati,598
2007,solare,5805,Roma Luiss,M,laureati,607
2008,solare,5805,Roma Luiss,F,laureati,824
2008,solare,5805,Roma Luiss,M,laureati,772
2009,solare,5805,Roma Luiss,F,laureati,844
2009,solare,5805,Roma Luiss,M,laureati,888
2010,solare,5805,Roma Luiss,F,laureati,1051
2010,solare,5805,Roma Luiss,M,laureati,1003
2011,solare,5805,Roma Luiss,F,laureati,1090
2011,solare,5805,Roma Luiss,M,laureati,972
2012,solare,5805,Roma Luiss,F,laureati,1077
2012,solare,5805,Roma Luiss,M,laureati,1048
2013,solare,5805,Roma Luiss,F,laureati,1213
2013,solare,5805,Roma Luiss,M,laureati,1027
2014,solare,5805,Roma Luiss,F,laureati,1175
2014,solare,5805,Roma Luiss,M,laureati,1150
2015,solare,5805,Roma Luiss,F,laureati,1084
2015,solare,5805,Roma Luiss,M,laureati,1047
2016,solare,5805,Roma Luiss,F,laureati,1157
2016,solare,5805,Roma Luiss,M,laureati,1175
2017,solare,5805,Roma Luiss,F,laureati,1115
2017,solare,5805,Roma Luiss,M,laureati,1279
2018,solare,5805,Roma Luiss,F,laureati,1206
2018,solare,5805,Roma Luiss,M,laureati,1406
2019,solare,5805,Roma Luiss,F,laureati,1235
2019,solare,5805,Roma Luiss,M,laureati,1512
2020,solare,5805,Roma Luiss,F,laureati,1367
2020,solare,5805,Roma Luiss,M,laureati,1693
2021,solare,5805,Roma Luiss,F,laureati,1422
2021,solare,5805,Roma Luiss,M,laureati,1780
2022,solare,5805,Roma Luiss,F,laureati,1436
2022,solare,5805,Roma Luiss,M,laureati,1654
2023,solare,5805,Roma Luiss,F,laureati,1575
2023,solare,5805,Roma Luiss,M,laureati,1707
2024,solare,5805,Roma Luiss,F,laureati,1513
2024,solare,5805,Roma Luiss,M,laureati,1713
2025,solare,5805,Roma Luiss,F,laureati,1726
2025,solare,5805,Roma Luiss,M,laureati,1919
1998,accademico,5806,Roma Foro Italico,F,immatricolati,162
1998,accademico,5806,Roma Foro Italico,M,immatricolati,196
1999,accademico,5806,Roma Foro Italico,F,immatricolati,96
1999,accademico,5806,Roma Foro Italico,M,immatricolati,136
2000,accademico,5806,Roma Foro Italico,F,immatricolati,64
2000,accademico,5806,Roma Foro Italico,M,immatricolati,151
2001,accademico,5806,Roma Foro Italico,F,immatricolati,82
2001,accademico,5806,Roma Foro Italico,M,immatricolati,135
2002,accademico,5806,Roma Foro Italico,F,immatricolati,78
2002,accademico,5806,Roma Foro Italico,M,immatricolati,129
2003,accademico,5806,Roma Foro Italico,F,immatricolati,70
2003,accademico,5806,Roma Foro Italico,M,immatricolati,116
2004,accademico,5806,Roma Foro Italico,F,immatricolati,43
2004,accademico,5806,Roma Foro Italico,M,immatricolati,88
2005,accademico,5806,Roma Foro Italico,F,immatricolati,80
2005,accademico,5806,Roma Foro Italico,M,immatricolati,145
2006,accademico,5806,Roma Foro Italico,F,immatricolati,61
2006,accademico,5806,Roma Foro Italico,M,immatricolati,136
2007,accademico,5806,Roma Foro Italico,F,immatricolati,67
2007,accademico,5806,Roma Foro Italico,M,immatricolati,123
2008,accademico,5806,Roma Foro Italico,F,immatricolati,92
2008,accademico,5806,Roma Foro Italico,M,immatricolati,139
2009,accademico,5806,Roma Foro Italico,F,immatricolati,75
2009,accademico,5806,Roma Foro Italico,M,immatricolati,223
2010,accademico,5806,Roma Foro Italico,F,immatricolati,88
2010,accademico,5806,Roma Foro Italico,M,immatricolati,250
2011,accademico,5806,Roma Foro Italico,F,immatricolati,98
2011,accademico,5806,Roma Foro Italico,M,immatricolati,225
2012,accademico,5806,Roma Foro Italico,F,immatricolati,80
2012,accademico,5806,Roma Foro Italico,M,immatricolati,246
2013,accademico,5806,Roma Foro Italico,F,immatricolati,94
2013,accademico,5806,Roma Foro Italico,M,immatricolati,229
2014,accademico,5806,Roma Foro Italico,F,immatricolati,74
2014,accademico,5806,Roma Foro Italico,M,immatricolati,248
2015,accademico,5806,Roma Foro Italico,F,immatricolati,98
2015,accademico,5806,Roma Foro Italico,M,immatricolati,250
2016,accademico,5806,Roma Foro Italico,F,immatricolati,77
2016,accademico,5806,Roma Foro Italico,M,immatricolati,269
2017,accademico,5806,Roma Foro Italico,F,immatricolati,73
2017,accademico,5806,Roma Foro Italico,M,immatricolati,265
2018,accademico,5806,Roma Foro Italico,F,immatricolati,89
2018,accademico,5806,Roma Foro Italico,M,immatricolati,260
2019,accademico,5806,Roma Foro Italico,F,immatricolati,87
2019,accademico,5806,Roma Foro Italico,M,immatricolati,275
2020,accademico,5806,Roma Foro Italico,F,immatricolati,108
2020,accademico,5806,Roma Foro Italico,M,immatricolati,344
2021,accademico,5806,Roma Foro Italico,F,immatricolati,104
2021,accademico,5806,Roma Foro Italico,M,immatricolati,346
2022,accademico,5806,Roma Foro Italico,F,immatricolati,121
2022,accademico,5806,Roma Foro Italico,M,immatricolati,374
2023,accademico,5806,Roma Foro Italico,F,immatricolati,109
2023,accademico,5806,Roma Foro Italico,M,immatricolati,353
2024,accademico,5806,Roma Foro Italico,F,immatricolati,106
2024,accademico,5806,Roma Foro Italico,M,immatricolati,344
2025,accademico,5806,Roma Foro Italico,F,immatricolati,137
2025,accademico,5806,Roma Foro Italico,M,immatricolati,358
2000,accademico,5806,Roma Foro Italico,F,iscritti,788
2000,accademico,5806,Roma Foro Italico,M,iscritti,820
2001,accademico,5806,Roma Foro Italico,F,iscritti,700
2001,accademico,5806,Roma Foro Italico,M,iscritti,879
2002,accademico,5806,Roma Foro Italico,F,iscritti,554
2002,accademico,5806,Roma Foro Italico,M,iscritti,735
2003,accademico,5806,Roma Foro Italico,F,iscritti,575
2003,accademico,5806,Roma Foro Italico,M,iscritti,757
2004,accademico,5806,Roma Foro Italico,F,iscritti,530
2004,accademico,5806,Roma Foro Italico,M,iscritti,698
2005,accademico,5806,Roma Foro Italico,F,iscritti,549
2005,accademico,5806,Roma Foro Italico,M,iscritti,851
2006,accademico,5806,Roma Foro Italico,F,iscritti,502
2006,accademico,5806,Roma Foro Italico,M,iscritti,796
2007,accademico,5806,Roma Foro Italico,F,iscritti,529
2007,accademico,5806,Roma Foro Italico,M,iscritti,850
2008,accademico,5806,Roma Foro Italico,F,iscritti,576
2008,accademico,5806,Roma Foro Italico,M,iscritti,986
2009,accademico,5806,Roma Foro Italico,F,iscritti,383
2009,accademico,5806,Roma Foro Italico,M,iscritti,717
2010,accademico,5806,Roma Foro Italico,F,iscritti,647
2010,accademico,5806,Roma Foro Italico,M,iscritti,1360
2011,accademico,5806,Roma Foro Italico,F,iscritti,690
2011,accademico,5806,Roma Foro Italico,M,iscritti,1440
2012,accademico,5806,Roma Foro Italico,F,iscritti,669
2012,accademico,5806,Roma Foro Italico,M,iscritti,1489
2013,accademico,5806,Roma Foro Italico,F,iscritti,682
2013,accademico,5806,Roma Foro Italico,M,iscritti,1524
2014,accademico,5806,Roma Foro Italico,F,iscritti,648
2014,accademico,5806,Roma Foro Italico,M,iscritti,1556
2015,accademico,5806,Roma Foro Italico,F,iscritti,615
2015,accademico,5806,Roma Foro Italico,M,iscritti,1612
2016,accademico,5806,Roma Foro Italico,F,iscritti,584
2016,accademico,5806,Roma Foro Italico,M,iscritti,1610
2017,accademico,5806,Roma Foro Italico,F,iscritti,572
2017,accademico,5806,Roma Foro Italico,M,iscritti,1601
2018,accademico,5806,Roma Foro Italico,F,iscritti,555
2018,accademico,5806,Roma Foro Italico,M,iscritti,1575
2019,accademico,5806,Roma Foro Italico,F,iscritti,566
2019,accademico,5806,Roma Foro Italico,M,iscritti,1520
2020,accademico,5806,Roma Foro Italico,F,iscritti,611
2020,accademico,5806,Roma Foro Italico,M,iscritti,1548
2021,accademico,5806,Roma Foro Italico,F,iscritti,602
2021,accademico,5806,Roma Foro Italico,M,iscritti,1612
2022,accademico,5806,Roma Foro Italico,F,iscritti,618
2022,accademico,5806,Roma Foro Italico,M,iscritti,1659
2023,accademico,5806,Roma Foro Italico,F,iscritti,628
2023,accademico,5806,Roma Foro Italico,M,iscritti,1751
2024,accademico,5806,Roma Foro Italico,F,iscritti,643
2024,accademico,5806,Roma Foro Italico,M,iscritti,1802
2001,solare,5806,Roma Foro Italico,F,laureati,281
2001,solare,5806,Roma Foro Italico,M,laureati,260
2002,solare,5806,Roma Foro Italico,F,laureati,303
2002,solare,5806,Roma Foro Italico,M,laureati,232
2003,solare,5806,Roma Foro Italico,F,laureati,69
2003,solare,5806,Roma Foro Italico,M,laureati,76
2004,solare,5806,Roma Foro Italico,F,laureati,68
2004,solare,5806,Roma Foro Italico,M,laureati,93
2005,solare,5806,Roma Foro Italico,F,laureati,84
2005,solare,5806,Roma Foro Italico,M,laureati,110
2006,solare,5806,Roma Foro Italico,F,laureati,85
2006,solare,5806,Roma Foro Italico,M,laureati,109
2007,solare,5806,Roma Foro Italico,F,laureati,106
2007,solare,5806,Roma Foro Italico,M,laureati,128
2008,solare,5806,Roma Foro Italico,F,laureati,82
2008,solare,5806,Roma Foro Italico,M,laureati,97
2009,solare,5806,Roma Foro Italico,F,laureati,96
2009,solare,5806,Roma Foro Italico,M,laureati,155
2010,solare,5806,Roma Foro Italico,F,laureati,106
2010,solare,5806,Roma Foro Italico,M,laureati,150
2011,solare,5806,Roma Foro Italico,F,laureati,86
2011,solare,5806,Roma Foro Italico,M,laureati,176
2012,solare,5806,Roma Foro Italico,F,laureati,135
2012,solare,5806,Roma Foro Italico,M,laureati,219
2013,solare,5806,Roma Foro Italico,F,laureati,152
2013,solare,5806,Roma Foro Italico,M,laureati,280
2014,solare,5806,Roma Foro Italico,F,laureati,146
2014,solare,5806,Roma Foro Italico,M,laureati,267
2015,solare,5806,Roma Foro Italico,F,laureati,170
2015,solare,5806,Roma Foro Italico,M,laureati,300
2016,solare,5806,Roma Foro Italico,F,laureati,181
2016,solare,5806,Roma Foro Italico,M,laureati,326
2017,solare,5806,Roma Foro Italico,F,laureati,167
2017,solare,5806,Roma Foro Italico,M,laureati,343
2018,solare,5806,Roma Foro Italico,F,laureati,153
2018,solare,5806,Roma Foro Italico,M,laureati,340
2019,solare,5806,Roma Foro Italico,F,laureati,171
2019,solare,5806,Roma Foro Italico,M,laureati,365
2020,solare,5806,Roma Foro Italico,F,laureati,164
2020,solare,5806,Roma Foro Italico,M,laureati,403
2021,solare,5806,Roma Foro Italico,F,laureati,159
2021,solare,5806,Roma Foro Italico,M,laureati,384
2022,solare,5806,Roma Foro Italico,F,laureati,171
2022,solare,5806,Roma Foro Italico,M,laureati,359
2023,solare,5806,Roma Foro Italico,F,laureati,172
2023,solare,5806,Roma Foro Italico,M,laureati,332
2024,solare,5806,Roma Foro Italico,F,laureati,165
2024,solare,5806,Roma Foro Italico,M,laureati,374
2025,solare,5806,Roma Foro Italico,F,laureati,217
2025,solare,5806,Roma Foro Italico,M,laureati,469
1998,accademico,5807,Roma Tre,F,immatricolati,3072
1998,accademico,5807,Roma Tre,M,immatricolati,2055
1999,accademico,5807,Roma Tre,F,immatricolati,3323
1999,accademico,5807,Roma Tre,M,immatricolati,2384
2000,accademico,5807,Roma Tre,F,immatricolati,3383
2000,accademico,5807,Roma Tre,M,immatricolati,2438
2001,accademico,5807,Roma Tre,F,immatricolati,4336
2001,accademico,5807,Roma Tre,M,immatricolati,3401
2002,accademico,5807,Roma Tre,F,immatricolati,4500
2002,accademico,5807,Roma Tre,M,immatricolati,3545
2003,accademico,5807,Roma Tre,F,immatricolati,4577
2003,accademico,5807,Roma Tre,M,immatricolati,2867
2004,accademico,5807,Roma Tre,F,immatricolati,3456
2004,accademico,5807,Roma Tre,M,immatricolati,2720
2005,accademico,5807,Roma Tre,F,immatricolati,3362
2005,accademico,5807,Roma Tre,M,immatricolati,2464
2006,accademico,5807,Roma Tre,F,immatricolati,3511
2006,accademico,5807,Roma Tre,M,immatricolati,2628
2007,accademico,5807,Roma Tre,F,immatricolati,3292
2007,accademico,5807,Roma Tre,M,immatricolati,2387
2008,accademico,5807,Roma Tre,F,immatricolati,3406
2008,accademico,5807,Roma Tre,M,immatricolati,2546
2009,accademico,5807,Roma Tre,F,immatricolati,3555
2009,accademico,5807,Roma Tre,M,immatricolati,2465
2010,accademico,5807,Roma Tre,F,immatricolati,3408
2010,accademico,5807,Roma Tre,M,immatricolati,2694
2011,accademico,5807,Roma Tre,F,immatricolati,3517
2011,accademico,5807,Roma Tre,M,immatricolati,2566
2012,accademico,5807,Roma Tre,F,immatricolati,3405
2012,accademico,5807,Roma Tre,M,immatricolati,2531
2013,accademico,5807,Roma Tre,F,immatricolati,3273
2013,accademico,5807,Roma Tre,M,immatricolati,2509
2014,accademico,5807,Roma Tre,F,immatricolati,3032
2014,accademico,5807,Roma Tre,M,immatricolati,2178
2015,accademico,5807,Roma Tre,F,immatricolati,2834
2015,accademico,5807,Roma Tre,M,immatricolati,2075
2016,accademico,5807,Roma Tre,F,immatricolati,2716
2016,accademico,5807,Roma Tre,M,immatricolati,1986
2017,accademico,5807,Roma Tre,F,immatricolati,2897
2017,accademico,5807,Roma Tre,M,immatricolati,2145
2018,accademico,5807,Roma Tre,F,immatricolati,2729
2018,accademico,5807,Roma Tre,M,immatricolati,2086
2019,accademico,5807,Roma Tre,F,immatricolati,2908
2019,accademico,5807,Roma Tre,M,immatricolati,2132
2020,accademico,5807,Roma Tre,F,immatricolati,3749
2020,accademico,5807,Roma Tre,M,immatricolati,2880
2021,accademico,5807,Roma Tre,F,immatricolati,3485
2021,accademico,5807,Roma Tre,M,immatricolati,2631
2022,accademico,5807,Roma Tre,F,immatricolati,3651
2022,accademico,5807,Roma Tre,M,immatricolati,2695
2023,accademico,5807,Roma Tre,F,immatricolati,4155
2023,accademico,5807,Roma Tre,M,immatricolati,2895
2024,accademico,5807,Roma Tre,F,immatricolati,4342
2024,accademico,5807,Roma Tre,M,immatricolati,3077
2025,accademico,5807,Roma Tre,F,immatricolati,4640
2025,accademico,5807,Roma Tre,M,immatricolati,3352
2000,accademico,5807,Roma Tre,F,iscritti,16902
2000,accademico,5807,Roma Tre,M,iscritti,11790
2001,accademico,5807,Roma Tre,F,iscritti,18734
2001,accademico,5807,Roma Tre,M,iscritti,13536
2002,accademico,5807,Roma Tre,F,iscritti,20460
2002,accademico,5807,Roma Tre,M,iscritti,14948
2003,accademico,5807,Roma Tre,F,iscritti,21812
2003,accademico,5807,Roma Tre,M,iscritti,14984
2004,accademico,5807,Roma Tre,F,iscritti,21253
2004,accademico,5807,Roma Tre,M,iscritti,14781
2005,accademico,5807,Roma Tre,F,iscritti,20814
2005,accademico,5807,Roma Tre,M,iscritti,14285
2006,accademico,5807,Roma Tre,F,iscritti,20922
2006,accademico,5807,Roma Tre,M,iscritti,14652
2007,accademico,5807,Roma Tre,F,iscritti,20635
2007,accademico,5807,Roma Tre,M,iscritti,14265
2008,accademico,5807,Roma Tre,F,iscritti,20610
2008,accademico,5807,Roma Tre,M,iscritti,14192
2009,accademico,5807,Roma Tre,F,iscritti,20899
2009,accademico,5807,Roma Tre,M,iscritti,14405
2010,accademico,5807,Roma Tre,F,iscritti,24336
2010,accademico,5807,Roma Tre,M,iscritti,16640
2011,accademico,5807,Roma Tre,F,iscritti,22690
2011,accademico,5807,Roma Tre,M,iscritti,15350
2012,accademico,5807,Roma Tre,F,iscritti,21785
2012,accademico,5807,Roma Tre,M,iscritti,14722
2013,accademico,5807,Roma Tre,F,iscritti,21429
2013,accademico,5807,Roma Tre,M,iscritti,14650
2014,accademico,5807,Roma Tre,F,iscritti,20798
2014,accademico,5807,Roma Tre,M,iscritti,14435
2015,accademico,5807,Roma Tre,F,iscritti,20356
2015,accademico,5807,Roma Tre,M,iscritti,13899
2016,accademico,5807,Roma Tre,F,iscritti,19242
2016,accademico,5807,Roma Tre,M,iscritti,13407
2017,accademico,5807,Roma Tre,F,iscritti,19016
2017,accademico,5807,Roma Tre,M,iscritti,13133
2018,accademico,5807,Roma Tre,F,iscritti,18609
2018,accademico,5807,Roma Tre,M,iscritti,12738
2019,accademico,5807,Roma Tre,F,iscritti,18384
2019,accademico,5807,Roma Tre,M,iscritti,12520
2020,accademico,5807,Roma Tre,F,iscritti,19180
2020,accademico,5807,Roma Tre,M,iscritti,12729
2021,accademico,5807,Roma Tre,F,iscritti,19224
2021,accademico,5807,Roma Tre,M,iscritti,12571
2022,accademico,5807,Roma Tre,F,iscritti,19341
2022,accademico,5807,Roma Tre,M,iscritti,12534
2023,accademico,5807,Roma Tre,F,iscritti,20579
2023,accademico,5807,Roma Tre,M,iscritti,13171
2024,accademico,5807,Roma Tre,F,iscritti,21402
2024,accademico,5807,Roma Tre,M,iscritti,13707
2001,solare,5807,Roma Tre,F,laureati,1196
2001,solare,5807,Roma Tre,M,laureati,811
2002,solare,5807,Roma Tre,F,laureati,1638
2002,solare,5807,Roma Tre,M,laureati,1056
2003,solare,5807,Roma Tre,F,laureati,1954
2003,solare,5807,Roma Tre,M,laureati,1331
2004,solare,5807,Roma Tre,F,laureati,2751
2004,solare,5807,Roma Tre,M,laureati,1770
2005,solare,5807,Roma Tre,F,laureati,3176
2005,solare,5807,Roma Tre,M,laureati,2267
2006,solare,5807,Roma Tre,F,laureati,3675
2006,solare,5807,Roma Tre,M,laureati,2324
2007,solare,5807,Roma Tre,F,laureati,3897
2007,solare,5807,Roma Tre,M,laureati,2223
2008,solare,5807,Roma Tre,F,laureati,3503
2008,solare,5807,Roma Tre,M,laureati,2233
2009,solare,5807,Roma Tre,F,laureati,3229
2009,solare,5807,Roma Tre,M,laureati,2157
2010,solare,5807,Roma Tre,F,laureati,3370
2010,solare,5807,Roma Tre,M,laureati,2192
2011,solare,5807,Roma Tre,F,laureati,3143
2011,solare,5807,Roma Tre,M,laureati,2067
2012,solare,5807,Roma Tre,F,laureati,3398
2012,solare,5807,Roma Tre,M,laureati,2192
2013,solare,5807,Roma Tre,F,laureati,3571
2013,solare,5807,Roma Tre,M,laureati,2306
2014,solare,5807,Roma Tre,F,laureati,3597
2014,solare,5807,Roma Tre,M,laureati,2262
2015,solare,5807,Roma Tre,F,laureati,3621
2015,solare,5807,Roma Tre,M,laureati,2383
2016,solare,5807,Roma Tre,F,laureati,3731
2016,solare,5807,Roma Tre,M,laureati,2447
2017,solare,5807,Roma Tre,F,laureati,3873
2017,solare,5807,Roma Tre,M,laureati,2441
2018,solare,5807,Roma Tre,F,laureati,3526
2018,solare,5807,Roma Tre,M,laureati,2394
2019,solare,5807,Roma Tre,F,laureati,3527
2019,solare,5807,Roma Tre,M,laureati,2278
2020,solare,5807,Roma Tre,F,laureati,3592
2020,solare,5807,Roma Tre,M,laureati,2155
2021,solare,5807,Roma Tre,F,laureati,3471
2021,solare,5807,Roma Tre,M,laureati,2191
2022,solare,5807,Roma Tre,F,laureati,3156
2022,solare,5807,Roma Tre,M,laureati,1963
2023,solare,5807,Roma Tre,F,laureati,3398
2023,solare,5807,Roma Tre,M,laureati,1953
2024,solare,5807,Roma Tre,F,laureati,3677
2024,solare,5807,Roma Tre,M,laureati,2234
2025,solare,5807,Roma Tre,F,laureati,3789
2025,solare,5807,Roma Tre,M,laureati,2276
1998,accademico,5808,Roma Biomedico,F,immatricolati,55
1998,accademico,5808,Roma Biomedico,M,immatricolati,20
1999,accademico,5808,Roma Biomedico,F,immatricolati,72
1999,accademico,5808,Roma Biomedico,M,immatricolati,49
2000,accademico,5808,Roma Biomedico,F,immatricolati,98
2000,accademico,5808,Roma Biomedico,M,immatricolati,52
2001,accademico,5808,Roma Biomedico,F,immatricolati,95
2001,accademico,5808,Roma Biomedico,M,immatricolati,41
2002,accademico,5808,Roma Biomedico,F,immatricolati,84
2002,accademico,5808,Roma Biomedico,M,immatricolati,60
2003,accademico,5808,Roma Biomedico,F,immatricolati,103
2003,accademico,5808,Roma Biomedico,M,immatricolati,51
2004,accademico,5808,Roma Biomedico,F,immatricolati,100
2004,accademico,5808,Roma Biomedico,M,immatricolati,70
2005,accademico,5808,Roma Biomedico,F,immatricolati,105
2005,accademico,5808,Roma Biomedico,M,immatricolati,74
2006,accademico,5808,Roma Biomedico,F,immatricolati,82
2006,accademico,5808,Roma Biomedico,M,immatricolati,69
2007,accademico,5808,Roma Biomedico,F,immatricolati,106
2007,accademico,5808,Roma Biomedico,M,immatricolati,59
2008,accademico,5808,Roma Biomedico,F,immatricolati,141
2008,accademico,5808,Roma Biomedico,M,immatricolati,76
2009,accademico,5808,Roma Biomedico,F,immatricolati,133
2009,accademico,5808,Roma Biomedico,M,immatricolati,80
2010,accademico,5808,Roma Biomedico,F,immatricolati,169
2010,accademico,5808,Roma Biomedico,M,immatricolati,107
2011,accademico,5808,Roma Biomedico,F,immatricolati,155
2011,accademico,5808,Roma Biomedico,M,immatricolati,110
2012,accademico,5808,Roma Biomedico,F,immatricolati,169
2012,accademico,5808,Roma Biomedico,M,immatricolati,116
2013,accademico,5808,Roma Biomedico,F,immatricolati,174
2013,accademico,5808,Roma Biomedico,M,immatricolati,120
2014,accademico,5808,Roma Biomedico,F,immatricolati,165
2014,accademico,5808,Roma Biomedico,M,immatricolati,104
2015,accademico,5808,Roma Biomedico,F,immatricolati,193
2015,accademico,5808,Roma Biomedico,M,immatricolati,130
2016,accademico,5808,Roma Biomedico,F,immatricolati,176
2016,accademico,5808,Roma Biomedico,M,immatricolati,101
2017,accademico,5808,Roma Biomedico,F,immatricolati,205
2017,accademico,5808,Roma Biomedico,M,immatricolati,105
2018,accademico,5808,Roma Biomedico,F,immatricolati,204
2018,accademico,5808,Roma Biomedico,M,immatricolati,131
2019,accademico,5808,Roma Biomedico,F,immatricolati,257
2019,accademico,5808,Roma Biomedico,M,immatricolati,158
2020,accademico,5808,Roma Biomedico,F,immatricolati,233
2020,accademico,5808,Roma Biomedico,M,immatricolati,169
2021,accademico,5808,Roma Biomedico,F,immatricolati,290
2021,accademico,5808,Roma Biomedico,M,immatricolati,185
2022,accademico,5808,Roma Biomedico,F,immatricolati,363
2022,accademico,5808,Roma Biomedico,M,immatricolati,189
2023,accademico,5808,Roma Biomedico,F,immatricolati,303
2023,accademico,5808,Roma Biomedico,M,immatricolati,211
2024,accademico,5808,Roma Biomedico,F,immatricolati,313
2024,accademico,5808,Roma Biomedico,M,immatricolati,204
2025,accademico,5808,Roma Biomedico,F,immatricolati,384
2025,accademico,5808,Roma Biomedico,M,immatricolati,240
2000,accademico,5808,Roma Biomedico,F,iscritti,293
2000,accademico,5808,Roma Biomedico,M,iscritti,191
2001,accademico,5808,Roma Biomedico,F,iscritti,335
2001,accademico,5808,Roma Biomedico,M,iscritti,207
2002,accademico,5808,Roma Biomedico,F,iscritti,379
2002,accademico,5808,Roma Biomedico,M,iscritti,247
2003,accademico,5808,Roma Biomedico,F,iscritti,442
2003,accademico,5808,Roma Biomedico,M,iscritti,292
2004,accademico,5808,Roma Biomedico,F,iscritti,477
2004,accademico,5808,Roma Biomedico,M,iscritti,341
2005,accademico,5808,Roma Biomedico,F,iscritti,486
2005,accademico,5808,Roma Biomedico,M,iscritti,355
2006,accademico,5808,Roma Biomedico,F,iscritti,474
2006,accademico,5808,Roma Biomedico,M,iscritti,370
2007,accademico,5808,Roma Biomedico,F,iscritti,494
2007,accademico,5808,Roma Biomedico,M,iscritti,393
2008,accademico,5808,Roma Biomedico,F,iscritti,581
2008,accademico,5808,Roma Biomedico,M,iscritti,423
2009,accademico,5808,Roma Biomedico,F,iscritti,644
2009,accademico,5808,Roma Biomedico,M,iscritti,452
2010,accademico,5808,Roma Biomedico,F,iscritti,779
2010,accademico,5808,Roma Biomedico,M,iscritti,559
2011,accademico,5808,Roma Biomedico,F,iscritti,862
2011,accademico,5808,Roma Biomedico,M,iscritti,599
2012,accademico,5808,Roma Biomedico,F,iscritti,920
2012,accademico,5808,Roma Biomedico,M,iscritti,618
2013,accademico,5808,Roma Biomedico,F,iscritti,941
2013,accademico,5808,Roma Biomedico,M,iscritti,626
2014,accademico,5808,Roma Biomedico,F,iscritti,983
2014,accademico,5808,Roma Biomedico,M,iscritti,659
2015,accademico,5808,Roma Biomedico,F,iscritti,1015
2015,accademico,5808,Roma Biomedico,M,iscritti,665
2016,accademico,5808,Roma Biomedico,F,iscritti,1005
2016,accademico,5808,Roma Biomedico,M,iscritti,677
2017,accademico,5808,Roma Biomedico,F,iscritti,1088
2017,accademico,5808,Roma Biomedico,M,iscritti,693
2018,accademico,5808,Roma Biomedico,F,iscritti,1130
2018,accademico,5808,Roma Biomedico,M,iscritti,710
2019,accademico,5808,Roma Biomedico,F,iscritti,1234
2019,accademico,5808,Roma Biomedico,M,iscritti,786
2020,accademico,5808,Roma Biomedico,F,iscritti,1360
2020,accademico,5808,Roma Biomedico,M,iscritti,869
2021,accademico,5808,Roma Biomedico,F,iscritti,1496
2021,accademico,5808,Roma Biomedico,M,iscritti,953
2022,accademico,5808,Roma Biomedico,F,iscritti,1654
2022,accademico,5808,Roma Biomedico,M,iscritti,1005
2023,accademico,5808,Roma Biomedico,F,iscritti,1800
2023,accademico,5808,Roma Biomedico,M,iscritti,1130
2024,accademico,5808,Roma Biomedico,F,iscritti,1982
2024,accademico,5808,Roma Biomedico,M,iscritti,1268
2001,solare,5808,Roma Biomedico,F,laureati,38
2001,solare,5808,Roma Biomedico,M,laureati,25
2002,solare,5808,Roma Biomedico,F,laureati,56
2002,solare,5808,Roma Biomedico,M,laureati,29
2003,solare,5808,Roma Biomedico,F,laureati,56
2003,solare,5808,Roma Biomedico,M,laureati,38
2004,solare,5808,Roma Biomedico,F,laureati,85
2004,solare,5808,Roma Biomedico,M,laureati,40
2005,solare,5808,Roma Biomedico,F,laureati,90
2005,solare,5808,Roma Biomedico,M,laureati,58
2006,solare,5808,Roma Biomedico,F,laureati,98
2006,solare,5808,Roma Biomedico,M,laureati,57
2007,solare,5808,Roma Biomedico,F,laureati,130
2007,solare,5808,Roma Biomedico,M,laureati,68
2008,solare,5808,Roma Biomedico,F,laureati,97
2008,solare,5808,Roma Biomedico,M,laureati,76
2009,solare,5808,Roma Biomedico,F,laureati,119
2009,solare,5808,Roma Biomedico,M,laureati,70
2010,solare,5808,Roma Biomedico,F,laureati,111
2010,solare,5808,Roma Biomedico,M,laureati,90
2011,solare,5808,Roma Biomedico,F,laureati,132
2011,solare,5808,Roma Biomedico,M,laureati,101
2012,solare,5808,Roma Biomedico,F,laureati,189
2012,solare,5808,Roma Biomedico,M,laureati,119
2013,solare,5808,Roma Biomedico,F,laureati,215
2013,solare,5808,Roma Biomedico,M,laureati,131
2014,solare,5808,Roma Biomedico,F,laureati,231
2014,solare,5808,Roma Biomedico,M,laureati,146
2015,solare,5808,Roma Biomedico,F,laureati,221
2015,solare,5808,Roma Biomedico,M,laureati,125
2016,solare,5808,Roma Biomedico,F,laureati,296
2016,solare,5808,Roma Biomedico,M,laureati,148
2017,solare,5808,Roma Biomedico,F,laureati,258
2017,solare,5808,Roma Biomedico,M,laureati,148
2018,solare,5808,Roma Biomedico,F,laureati,269
2018,solare,5808,Roma Biomedico,M,laureati,171
2019,solare,5808,Roma Biomedico,F,laureati,270
2019,solare,5808,Roma Biomedico,M,laureati,175
2020,solare,5808,Roma Biomedico,F,laureati,354
2020,solare,5808,Roma Biomedico,M,laureati,182
2021,solare,5808,Roma Biomedico,F,laureati,322
2021,solare,5808,Roma Biomedico,M,laureati,196
2022,solare,5808,Roma Biomedico,F,laureati,342
2022,solare,5808,Roma Biomedico,M,laureati,214
2023,solare,5808,Roma Biomedico,F,laureati,373
2023,solare,5808,Roma Biomedico,M,laureati,212
2024,solare,5808,Roma Biomedico,F,laureati,366
2024,solare,5808,Roma Biomedico,M,laureati,237
2025,solare,5808,Roma Biomedico,F,laureati,438
2025,solare,5808,Roma Biomedico,M,laureati,271
1998,accademico,5809,Roma UNINT,F,immatricolati,95
1998,accademico,5809,Roma UNINT,M,immatricolati,23
1999,accademico,5809,Roma UNINT,F,immatricolati,126
1999,accademico,5809,Roma UNINT,M,immatricolati,64
2000,accademico,5809,Roma UNINT,F,immatricolati,126
2000,accademico,5809,Roma UNINT,M,immatricolati,77
2001,accademico,5809,Roma UNINT,F,immatricolati,106
2001,accademico,5809,Roma UNINT,M,immatricolati,84
2002,accademico,5809,Roma UNINT,F,immatricolati,89
2002,accademico,5809,Roma UNINT,M,immatricolati,159
2003,accademico,5809,Roma UNINT,F,immatricolati,75
2003,accademico,5809,Roma UNINT,M,immatricolati,86
2004,accademico,5809,Roma UNINT,F,immatricolati,125
2004,accademico,5809,Roma UNINT,M,immatricolati,163
2005,accademico,5809,Roma UNINT,F,immatricolati,758
2005,accademico,5809,Roma UNINT,M,immatricolati,805
2006,accademico,5809,Roma UNINT,F,immatricolati,141
2006,accademico,5809,Roma UNINT,M,immatricolati,246
2007,accademico,5809,Roma UNINT,F,immatricolati,80
2007,accademico,5809,Roma UNINT,M,immatricolati,42
2008,accademico,5809,Roma UNINT,F,immatricolati,114
2008,accademico,5809,Roma UNINT,M,immatricolati,57
2009,accademico,5809,Roma UNINT,F,immatricolati,140
2009,accademico,5809,Roma UNINT,M,immatricolati,38
2010,accademico,5809,Roma UNINT,F,immatricolati,131
2010,accademico,5809,Roma UNINT,M,immatricolati,54
2011,accademico,5809,Roma UNINT,F,immatricolati,98
2011,accademico,5809,Roma UNINT,M,immatricolati,44
2012,accademico,5809,Roma UNINT,F,immatricolati,103
2012,accademico,5809,Roma UNINT,M,immatricolati,36
2013,accademico,5809,Roma UNINT,F,immatricolati,139
2013,accademico,5809,Roma UNINT,M,immatricolati,46
2014,accademico,5809,Roma UNINT,F,immatricolati,176
2014,accademico,5809,Roma UNINT,M,immatricolati,39
2015,accademico,5809,Roma UNINT,F,immatricolati,174
2015,accademico,5809,Roma UNINT,M,immatricolati,59
2016,accademico,5809,Roma UNINT,F,immatricolati,94
2016,accademico,5809,Roma UNINT,M,immatricolati,32
2017,accademico,5809,Roma UNINT,F,immatricolati,114
2017,accademico,5809,Roma UNINT,M,immatricolati,17
2018,accademico,5809,Roma UNINT,F,immatricolati,126
2018,accademico,5809,Roma UNINT,M,immatricolati,32
2019,accademico,5809,Roma UNINT,F,immatricolati,114
2019,accademico,5809,Roma UNINT,M,immatricolati,32
2020,accademico,5809,Roma UNINT,F,immatricolati,119
2020,accademico,5809,Roma UNINT,M,immatricolati,37
2021,accademico,5809,Roma UNINT,F,immatricolati,117
2021,accademico,5809,Roma UNINT,M,immatricolati,36
2022,accademico,5809,Roma UNINT,F,immatricolati,91
2022,accademico,5809,Roma UNINT,M,immatricolati,27
2023,accademico,5809,Roma UNINT,F,immatricolati,68
2023,accademico,5809,Roma UNINT,M,immatricolati,21
2024,accademico,5809,Roma UNINT,F,immatricolati,57
2024,accademico,5809,Roma UNINT,M,immatricolati,18
2025,accademico,5809,Roma UNINT,F,immatricolati,43
2025,accademico,5809,Roma UNINT,M,immatricolati,21
2000,accademico,5809,Roma UNINT,F,iscritti,369
2000,accademico,5809,Roma UNINT,M,iscritti,237
2001,accademico,5809,Roma UNINT,F,iscritti,460
2001,accademico,5809,Roma UNINT,M,iscritti,311
2002,accademico,5809,Roma UNINT,F,iscritti,490
2002,accademico,5809,Roma UNINT,M,iscritti,399
2003,accademico,5809,Roma UNINT,F,iscritti,551
2003,accademico,5809,Roma UNINT,M,iscritti,485
2004,accademico,5809,Roma UNINT,F,iscritti,510
2004,accademico,5809,Roma UNINT,M,iscritti,549
2005,accademico,5809,Roma UNINT,F,iscritti,1492
2005,accademico,5809,Roma UNINT,M,iscritti,1603
2006,accademico,5809,Roma UNINT,F,iscritti,836
2006,accademico,5809,Roma UNINT,M,iscritti,954
2007,accademico,5809,Roma UNINT,F,iscritti,563
2007,accademico,5809,Roma UNINT,M,iscritti,523
2008,accademico,5809,Roma UNINT,F,iscritti,677
2008,accademico,5809,Roma UNINT,M,iscritti,508
2009,accademico,5809,Roma UNINT,F,iscritti,780
2009,accademico,5809,Roma UNINT,M,iscritti,466
2010,accademico,5809,Roma UNINT,F,iscritti,851
2010,accademico,5809,Roma UNINT,M,iscritti,504
2011,accademico,5809,Roma UNINT,F,iscritti,848
2011,accademico,5809,Roma UNINT,M,iscritti,430
2012,accademico,5809,Roma UNINT,F,iscritti,803
2012,accademico,5809,Roma UNINT,M,iscritti,405
2013,accademico,5809,Roma UNINT,F,iscritti,833
2013,accademico,5809,Roma UNINT,M,iscritti,365
2014,accademico,5809,Roma UNINT,F,iscritti,965
2014,accademico,5809,Roma UNINT,M,iscritti,332
2015,accademico,5809,Roma UNINT,F,iscritti,1057
2015,accademico,5809,Roma UNINT,M,iscritti,347
2016,accademico,5809,Roma UNINT,F,iscritti,1028
2016,accademico,5809,Roma UNINT,M,iscritti,324
2017,accademico,5809,Roma UNINT,F,iscritti,1004
2017,accademico,5809,Roma UNINT,M,iscritti,298
2018,accademico,5809,Roma UNINT,F,iscritti,1204
2018,accademico,5809,Roma UNINT,M,iscritti,333
2019,accademico,5809,Roma UNINT,F,iscritti,1417
2019,accademico,5809,Roma UNINT,M,iscritti,351
2020,accademico,5809,Roma UNINT,F,iscritti,1541
2020,accademico,5809,Roma UNINT,M,iscritti,371
2021,accademico,5809,Roma UNINT,F,iscritti,1518
2021,accademico,5809,Roma UNINT,M,iscritti,332
2022,accademico,5809,Roma UNINT,F,iscritti,1337
2022,accademico,5809,Roma UNINT,M,iscritti,292
2023,accademico,5809,Roma UNINT,F,iscritti,1115
2023,accademico,5809,Roma UNINT,M,iscritti,238
2024,accademico,5809,Roma UNINT,F,iscritti,990
2024,accademico,5809,Roma UNINT,M,iscritti,202
2001,solare,5809,Roma UNINT,F,laureati,10
2001,solare,5809,Roma UNINT,M,laureati,9
2002,solare,5809,Roma UNINT,F,laureati,24
2002,solare,5809,Roma UNINT,M,laureati,21
2003,solare,5809,Roma UNINT,F,laureati,64
2003,solare,5809,Roma UNINT,M,laureati,48
2004,solare,5809,Roma UNINT,F,laureati,96
2004,solare,5809,Roma UNINT,M,laureati,66
2005,solare,5809,Roma UNINT,F,laureati,200
2005,solare,5809,Roma UNINT,M,laureati,91
2006,solare,5809,Roma UNINT,F,laureati,380
2006,solare,5809,Roma UNINT,M,laureati,361
2007,solare,5809,Roma UNINT,F,laureati,460
2007,solare,5809,Roma UNINT,M,laureati,449
2008,solare,5809,Roma UNINT,F,laureati,176
2008,solare,5809,Roma UNINT,M,laureati,131
2009,solare,5809,Roma UNINT,F,laureati,194
2009,solare,5809,Roma UNINT,M,laureati,150
2010,solare,5809,Roma UNINT,F,laureati,172
2010,solare,5809,Roma UNINT,M,laureati,121
2011,solare,5809,Roma UNINT,F,laureati,216
2011,solare,5809,Roma UNINT,M,laureati,141
2012,solare,5809,Roma UNINT,F,laureati,240
2012,solare,5809,Roma UNINT,M,laureati,108
2013,solare,5809,Roma UNINT,F,laureati,269
2013,solare,5809,Roma UNINT,M,laureati,104
2014,solare,5809,Roma UNINT,F,laureati,242
2014,solare,5809,Roma UNINT,M,laureati,120
2015,solare,5809,Roma UNINT,F,laureati,245
2015,solare,5809,Roma UNINT,M,laureati,90
2016,solare,5809,Roma UNINT,F,laureati,305
2016,solare,5809,Roma UNINT,M,laureati,86
2017,solare,5809,Roma UNINT,F,laureati,354
2017,solare,5809,Roma UNINT,M,laureati,89
2018,solare,5809,Roma UNINT,F,laureati,435
2018,solare,5809,Roma UNINT,M,laureati,92
2019,solare,5809,Roma UNINT,F,laureati,382
2019,solare,5809,Roma UNINT,M,laureati,101
2020,solare,5809,Roma UNINT,F,laureati,501
2020,solare,5809,Roma UNINT,M,laureati,108
2021,solare,5809,Roma UNINT,F,laureati,496
2021,solare,5809,Roma UNINT,M,laureati,114
2022,solare,5809,Roma UNINT,F,laureati,498
2022,solare,5809,Roma UNINT,M,laureati,93
2023,solare,5809,Roma UNINT,F,laureati,616
2023,solare,5809,Roma UNINT,M,laureati,124
2024,solare,5809,Roma UNINT,F,laureati,543
2024,solare,5809,Roma UNINT,M,laureati,103
2025,solare,5809,Roma UNINT,F,laureati,407
2025,solare,5809,Roma UNINT,M,laureati,91
2004,accademico,5810,Roma Marconi - telematica,F,immatricolati,340
2004,accademico,5810,Roma Marconi - telematica,M,immatricolati,1093
2005,accademico,5810,Roma Marconi - telematica,F,immatricolati,390
2005,accademico,5810,Roma Marconi - telematica,M,immatricolati,1722
2006,accademico,5810,Roma Marconi - telematica,F,immatricolati,533
2006,accademico,5810,Roma Marconi - telematica,M,immatricolati,2649
2007,accademico,5810,Roma Marconi - telematica,F,immatricolati,208
2007,accademico,5810,Roma Marconi - telematica,M,immatricolati,686
2008,accademico,5810,Roma Marconi - telematica,F,immatricolati,354
2008,accademico,5810,Roma Marconi - telematica,M,immatricolati,870
2009,accademico,5810,Roma Marconi - telematica,F,immatricolati,308
2009,accademico,5810,Roma Marconi - telematica,M,immatricolati,808
2010,accademico,5810,Roma Marconi - telematica,F,immatricolati,355
2010,accademico,5810,Roma Marconi - telematica,M,immatricolati,736
2011,accademico,5810,Roma Marconi - telematica,F,immatricolati,236
2011,accademico,5810,Roma Marconi - telematica,M,immatricolati,283
2012,accademico,5810,Roma Marconi - telematica,F,immatricolati,260
2012,accademico,5810,Roma Marconi - telematica,M,immatricolati,347
2013,accademico,5810,Roma Marconi - telematica,F,immatricolati,271
2013,accademico,5810,Roma Marconi - telematica,M,immatricolati,405
2014,accademico,5810,Roma Marconi - telematica,F,immatricolati,283
2014,accademico,5810,Roma Marconi - telematica,M,immatricolati,359
2015,accademico,5810,Roma Marconi - telematica,F,immatricolati,343
2015,accademico,5810,Roma Marconi - telematica,M,immatricolati,386
2016,accademico,5810,Roma Marconi - telematica,F,immatricolati,377
2016,accademico,5810,Roma Marconi - telematica,M,immatricolati,367
2017,accademico,5810,Roma Marconi - telematica,F,immatricolati,356
2017,accademico,5810,Roma Marconi - telematica,M,immatricolati,387
2018,accademico,5810,Roma Marconi - telematica,F,immatricolati,440
2018,accademico,5810,Roma Marconi - telematica,M,immatricolati,386
2019,accademico,5810,Roma Marconi - telematica,F,immatricolati,377
2019,accademico,5810,Roma Marconi - telematica,M,immatricolati,375
2020,accademico,5810,Roma Marconi - telematica,F,immatricolati,466
2020,accademico,5810,Roma Marconi - telematica,M,immatricolati,355
2021,accademico,5810,Roma Marconi - telematica,F,immatricolati,848
2021,accademico,5810,Roma Marconi - telematica,M,immatricolati,483
2022,accademico,5810,Roma Marconi - telematica,F,immatricolati,1500
2022,accademico,5810,Roma Marconi - telematica,M,immatricolati,817
2023,accademico,5810,Roma Marconi - telematica,F,immatricolati,1791
2023,accademico,5810,Roma Marconi - telematica,M,immatricolati,882
2024,accademico,5810,Roma Marconi - telematica,F,immatricolati,2244
2024,accademico,5810,Roma Marconi - telematica,M,immatricolati,1236
2025,accademico,5810,Roma Marconi - telematica,F,immatricolati,2377
2025,accademico,5810,Roma Marconi - telematica,M,immatricolati,1268
2004,accademico,5810,Roma Marconi - telematica,F,iscritti,362
2004,accademico,5810,Roma Marconi - telematica,M,iscritti,1167
2005,accademico,5810,Roma Marconi - telematica,F,iscritti,805
2005,accademico,5810,Roma Marconi - telematica,M,iscritti,2846
2006,accademico,5810,Roma Marconi - telematica,F,iscritti,1561
2006,accademico,5810,Roma Marconi - telematica,M,iscritti,6289
2007,accademico,5810,Roma Marconi - telematica,F,iscritti,1976
2007,accademico,5810,Roma Marconi - telematica,M,iscritti,6765
2008,accademico,5810,Roma Marconi - telematica,F,iscritti,2395
2008,accademico,5810,Roma Marconi - telematica,M,iscritti,7418
2009,accademico,5810,Roma Marconi - telematica,F,iscritti,2977
2009,accademico,5810,Roma Marconi - telematica,M,iscritti,8330
2010,accademico,5810,Roma Marconi - telematica,F,iscritti,2702
2010,accademico,5810,Roma Marconi - telematica,M,iscritti,6206
2011,accademico,5810,Roma Marconi - telematica,F,iscritti,2853
2011,accademico,5810,Roma Marconi - telematica,M,iscritti,5556
2012,accademico,5810,Roma Marconi - telematica,F,iscritti,3087
2012,accademico,5810,Roma Marconi - telematica,M,iscritti,5493
2013,accademico,5810,Roma Marconi - telematica,F,iscritti,3421
2013,accademico,5810,Roma Marconi - telematica,M,iscritti,5653
2014,accademico,5810,Roma Marconi - telematica,F,iscritti,3472
2014,accademico,5810,Roma Marconi - telematica,M,iscritti,5010
2015,accademico,5810,Roma Marconi - telematica,F,iscritti,4125
2015,accademico,5810,Roma Marconi - telematica,M,iscritti,5397
2016,accademico,5810,Roma Marconi - telematica,F,iscritti,4313
2016,accademico,5810,Roma Marconi - telematica,M,iscritti,5116
2017,accademico,5810,Roma Marconi - telematica,F,iscritti,4404
2017,accademico,5810,Roma Marconi - telematica,M,iscritti,4759
2018,accademico,5810,Roma Marconi - telematica,F,iscritti,4865
2018,accademico,5810,Roma Marconi - telematica,M,iscritti,4757
2019,accademico,5810,Roma Marconi - telematica,F,iscritti,5262
2019,accademico,5810,Roma Marconi - telematica,M,iscritti,5003
2020,accademico,5810,Roma Marconi - telematica,F,iscritti,6011
2020,accademico,5810,Roma Marconi - telematica,M,iscritti,5204
2021,accademico,5810,Roma Marconi - telematica,F,iscritti,7273
2021,accademico,5810,Roma Marconi - telematica,M,iscritti,5446
2022,accademico,5810,Roma Marconi - telematica,F,iscritti,9571
2022,accademico,5810,Roma Marconi - telematica,M,iscritti,6132
2023,accademico,5810,Roma Marconi - telematica,F,iscritti,11916
2023,accademico,5810,Roma Marconi - telematica,M,iscritti,6953
2024,accademico,5810,Roma Marconi - telematica,F,iscritti,15075
2024,accademico,5810,Roma Marconi - telematica,M,iscritti,8458
2005,solare,5810,Roma Marconi - telematica,F,laureati,5
2005,solare,5810,Roma Marconi - telematica,M,laureati,105
2006,solare,5810,Roma Marconi - telematica,F,laureati,102
2006,solare,5810,Roma Marconi - telematica,M,laureati,431
2007,solare,5810,Roma Marconi - telematica,F,laureati,262
2007,solare,5810,Roma Marconi - telematica,M,laureati,1451
2008,solare,5810,Roma Marconi - telematica,F,laureati,310
2008,solare,5810,Roma Marconi - telematica,M,laureati,1385
2009,solare,5810,Roma Marconi - telematica,F,laureati,307
2009,solare,5810,Roma Marconi - telematica,M,laureati,1007
2010,solare,5810,Roma Marconi - telematica,F,laureati,396
2010,solare,5810,Roma Marconi - telematica,M,laureati,1075
2011,solare,5810,Roma Marconi - telematica,F,laureati,389
2011,solare,5810,Roma Marconi - telematica,M,laureati,966
2012,solare,5810,Roma Marconi - telematica,F,laureati,475
2012,solare,5810,Roma Marconi - telematica,M,laureati,940
2013,solare,5810,Roma Marconi - telematica,F,laureati,574
2013,solare,5810,Roma Marconi - telematica,M,laureati,1016
2014,solare,5810,Roma Marconi - telematica,F,laureati,566
2014,solare,5810,Roma Marconi - telematica,M,laureati,980
2015,solare,5810,Roma Marconi - telematica,F,laureati,647
2015,solare,5810,Roma Marconi - telematica,M,laureati,869
2016,solare,5810,Roma Marconi - telematica,F,laureati,706
2016,solare,5810,Roma Marconi - telematica,M,laureati,915
2017,solare,5810,Roma Marconi - telematica,F,laureati,705
2017,solare,5810,Roma Marconi - telematica,M,laureati,780
2018,solare,5810,Roma Marconi - telematica,F,laureati,775
2018,solare,5810,Roma Marconi - telematica,M,laureati,806
2019,solare,5810,Roma Marconi - telematica,F,laureati,814
2019,solare,5810,Roma Marconi - telematica,M,laureati,806
2020,solare,5810,Roma Marconi - telematica,F,laureati,1027
2020,solare,5810,Roma Marconi - telematica,M,laureati,943
2021,solare,5810,Roma Marconi - telematica,F,laureati,1356
2021,solare,5810,Roma Marconi - telematica,M,laureati,988
2022,solare,5810,Roma Marconi - telematica,F,laureati,787
2022,solare,5810,Roma Marconi - telematica,M,laureati,557
2023,solare,5810,Roma Marconi - telematica,F,laureati,1441
2023,solare,5810,Roma Marconi - telematica,M,laureati,910
2024,solare,5810,Roma Marconi - telematica,F,laureati,2064
2024,solare,5810,Roma Marconi - telematica,M,laureati,1080
2025,solare,5810,Roma Marconi - telematica,F,laureati,2558
2025,solare,5810,Roma Marconi - telematica,M,laureati,1272
2005,accademico,5811,Roma UNITELMA - telematica,F,immatricolati,385
2005,accademico,5811,Roma UNITELMA - telematica,M,immatricolati,841
2006,accademico,5811,Roma UNITELMA - telematica,F,immatricolati,38
2006,accademico,5811,Roma UNITELMA - telematica,M,immatricolati,141
2007,accademico,5811,Roma UNITELMA - telematica,F,immatricolati,21
2007,accademico,5811,Roma UNITELMA - telematica,M,immatricolati,35
2008,accademico,5811,Roma UNITELMA - telematica,F,immatricolati,54
2008,accademico,5811,Roma UNITELMA - telematica,M,immatricolati,103
2009,accademico,5811,Roma UNITELMA - telematica,F,immatricolati,77
2009,accademico,5811,Roma UNITELMA - telematica,M,immatricolati,79
2010,accademico,5811,Roma UNITELMA - telematica,F,immatricolati,90
2010,accademico,5811,Roma UNITELMA - telematica,M,immatricolati,117
2011,accademico,5811,Roma UNITELMA - telematica,F,immatricolati,111
2011,accademico,5811,Roma UNITELMA - telematica,M,immatricolati,111
2012,accademico,5811,Roma UNITELMA - telematica,F,immatricolati,51
2012,accademico,5811,Roma UNITELMA - telematica,M,immatricolati,46
2013,accademico,5811,Roma UNITELMA - telematica,F,immatricolati,53
2013,accademico,5811,Roma UNITELMA - telematica,M,immatricolati,51
2014,accademico,5811,Roma UNITELMA - telematica,F,immatricolati,47
2014,accademico,5811,Roma UNITELMA - telematica,M,immatricolati,57
2015,accademico,5811,Roma UNITELMA - telematica,F,immatricolati,50
2015,accademico,5811,Roma UNITELMA - telematica,M,immatricolati,54
2016,accademico,5811,Roma UNITELMA - telematica,F,immatricolati,55
2016,accademico,5811,Roma UNITELMA - telematica,M,immatricolati,90
2017,accademico,5811,Roma UNITELMA - telematica,F,immatricolati,98
2017,accademico,5811,Roma UNITELMA - telematica,M,immatricolati,106
2018,accademico,5811,Roma UNITELMA - telematica,F,immatricolati,93
2018,accademico,5811,Roma UNITELMA - telematica,M,immatricolati,104
2019,accademico,5811,Roma UNITELMA - telematica,F,immatricolati,174
2019,accademico,5811,Roma UNITELMA - telematica,M,immatricolati,188
2020,accademico,5811,Roma UNITELMA - telematica,F,immatricolati,193
2020,accademico,5811,Roma UNITELMA - telematica,M,immatricolati,187
2021,accademico,5811,Roma UNITELMA - telematica,F,immatricolati,177
2021,accademico,5811,Roma UNITELMA - telematica,M,immatricolati,166
2022,accademico,5811,Roma UNITELMA - telematica,F,immatricolati,282
2022,accademico,5811,Roma UNITELMA - telematica,M,immatricolati,234
2023,accademico,5811,Roma UNITELMA - telematica,F,immatricolati,235
2023,accademico,5811,Roma UNITELMA - telematica,M,immatricolati,221
2024,accademico,5811,Roma UNITELMA - telematica,F,immatricolati,324
2024,accademico,5811,Roma UNITELMA - telematica,M,immatricolati,283
2025,accademico,5811,Roma UNITELMA - telematica,F,immatricolati,98
2025,accademico,5811,Roma UNITELMA - telematica,M,immatricolati,107
2005,accademico,5811,Roma UNITELMA - telematica,F,iscritti,407
2005,accademico,5811,Roma UNITELMA - telematica,M,iscritti,956
2006,accademico,5811,Roma UNITELMA - telematica,F,iscritti,219
2006,accademico,5811,Roma UNITELMA - telematica,M,iscritti,506
2007,accademico,5811,Roma UNITELMA - telematica,F,iscritti,185
2007,accademico,5811,Roma UNITELMA - telematica,M,iscritti,359
2008,accademico,5811,Roma UNITELMA - telematica,F,iscritti,231
2008,accademico,5811,Roma UNITELMA - telematica,M,iscritti,465
2009,accademico,5811,Roma UNITELMA - telematica,F,iscritti,355
2009,accademico,5811,Roma UNITELMA - telematica,M,iscritti,559
2010,accademico,5811,Roma UNITELMA - telematica,F,iscritti,587
2010,accademico,5811,Roma UNITELMA - telematica,M,iscritti,788
2011,accademico,5811,Roma UNITELMA - telematica,F,iscritti,729
2011,accademico,5811,Roma UNITELMA - telematica,M,iscritti,944
2012,accademico,5811,Roma UNITELMA - telematica,F,iscritti,822
2012,accademico,5811,Roma UNITELMA - telematica,M,iscritti,915
2013,accademico,5811,Roma UNITELMA - telematica,F,iscritti,787
2013,accademico,5811,Roma UNITELMA - telematica,M,iscritti,892
2014,accademico,5811,Roma UNITELMA - telematica,F,iscritti,744
2014,accademico,5811,Roma UNITELMA - telematica,M,iscritti,839
2015,accademico,5811,Roma UNITELMA - telematica,F,iscritti,676
2015,accademico,5811,Roma UNITELMA - telematica,M,iscritti,814
2016,accademico,5811,Roma UNITELMA - telematica,F,iscritti,676
2016,accademico,5811,Roma UNITELMA - telematica,M,iscritti,815
2017,accademico,5811,Roma UNITELMA - telematica,F,iscritti,787
2017,accademico,5811,Roma UNITELMA - telematica,M,iscritti,852
2018,accademico,5811,Roma UNITELMA - telematica,F,iscritti,836
2018,accademico,5811,Roma UNITELMA - telematica,M,iscritti,916
2019,accademico,5811,Roma UNITELMA - telematica,F,iscritti,1111
2019,accademico,5811,Roma UNITELMA - telematica,M,iscritti,1138
2020,accademico,5811,Roma UNITELMA - telematica,F,iscritti,1456
2020,accademico,5811,Roma UNITELMA - telematica,M,iscritti,1417
2021,accademico,5811,Roma UNITELMA - telematica,F,iscritti,1507
2021,accademico,5811,Roma UNITELMA - telematica,M,iscritti,1322
2022,accademico,5811,Roma UNITELMA - telematica,F,iscritti,1871
2022,accademico,5811,Roma UNITELMA - telematica,M,iscritti,1538
2023,accademico,5811,Roma UNITELMA - telematica,F,iscritti,2107
2023,accademico,5811,Roma UNITELMA - telematica,M,iscritti,1565
2024,accademico,5811,Roma UNITELMA - telematica,F,iscritti,2285
2024,accademico,5811,Roma UNITELMA - telematica,M,iscritti,1816
2006,solare,5811,Roma UNITELMA - telematica,F,laureati,3
2006,solare,5811,Roma UNITELMA - telematica,M,laureati,60
2007,solare,5811,Roma UNITELMA - telematica,F,laureati,87
2007,solare,5811,Roma UNITELMA - telematica,M,laureati,405
2008,solare,5811,Roma UNITELMA - telematica,F,laureati,83
2008,solare,5811,Roma UNITELMA - telematica,M,laureati,152
2009,solare,5811,Roma UNITELMA - telematica,F,laureati,51
2009,solare,5811,Roma UNITELMA - telematica,M,laureati,141
2010,solare,5811,Roma UNITELMA - telematica,F,laureati,83
2010,solare,5811,Roma UNITELMA - telematica,M,laureati,176
2011,solare,5811,Roma UNITELMA - telematica,F,laureati,99
2011,solare,5811,Roma UNITELMA - telematica,M,laureati,139
2012,solare,5811,Roma UNITELMA - telematica,F,laureati,95
2012,solare,5811,Roma UNITELMA - telematica,M,laureati,150
2013,solare,5811,Roma UNITELMA - telematica,F,laureati,115
2013,solare,5811,Roma UNITELMA - telematica,M,laureati,141
2014,solare,5811,Roma UNITELMA - telematica,F,laureati,159
2014,solare,5811,Roma UNITELMA - telematica,M,laureati,179
2015,solare,5811,Roma UNITELMA - telematica,F,laureati,145
2015,solare,5811,Roma UNITELMA - telematica,M,laureati,166
2016,solare,5811,Roma UNITELMA - telematica,F,laureati,154
2016,solare,5811,Roma UNITELMA - telematica,M,laureati,191
2017,solare,5811,Roma UNITELMA - telematica,F,laureati,134
2017,solare,5811,Roma UNITELMA - telematica,M,laureati,176
2018,solare,5811,Roma UNITELMA - telematica,F,laureati,165
2018,solare,5811,Roma UNITELMA - telematica,M,laureati,200
2019,solare,5811,Roma UNITELMA - telematica,F,laureati,154
2019,solare,5811,Roma UNITELMA - telematica,M,laureati,167
2020,solare,5811,Roma UNITELMA - telematica,F,laureati,185
2020,solare,5811,Roma UNITELMA - telematica,M,laureati,201
2021,solare,5811,Roma UNITELMA - telematica,F,laureati,211
2021,solare,5811,Roma UNITELMA - telematica,M,laureati,246
2022,solare,5811,Roma UNITELMA - telematica,F,laureati,234
2022,solare,5811,Roma UNITELMA - telematica,M,laureati,232
2023,solare,5811,Roma UNITELMA - telematica,F,laureati,298
2023,solare,5811,Roma UNITELMA - telematica,M,laureati,265
2024,solare,5811,Roma UNITELMA - telematica,F,laureati,349
2024,solare,5811,Roma UNITELMA - telematica,M,laureati,285
2025,solare,5811,Roma UNITELMA - telematica,F,laureati,355
2025,solare,5811,Roma UNITELMA - telematica,M,laureati,257
2005,accademico,5812,Roma Europea,F,immatricolati,47
2005,accademico,5812,Roma Europea,M,immatricolati,38
2006,accademico,5812,Roma Europea,F,immatricolati,85
2006,accademico,5812,Roma Europea,M,immatricolati,46
2007,accademico,5812,Roma Europea,F,immatricolati,70
2007,accademico,5812,Roma Europea,M,immatricolati,49
2009,accademico,5812,Roma Europea,F,immatricolati,111
2009,accademico,5812,Roma Europea,M,immatricolati,62
2010,accademico,5812,Roma Europea,F,immatricolati,75
2010,accademico,5812,Roma Europea,M,immatricolati,44
2011,accademico,5812,Roma Europea,F,immatricolati,107
2011,accademico,5812,Roma Europea,M,immatricolati,66
2012,accademico,5812,Roma Europea,F,immatricolati,85
2012,accademico,5812,Roma Europea,M,immatricolati,62
2013,accademico,5812,Roma Europea,F,immatricolati,81
2013,accademico,5812,Roma Europea,M,immatricolati,61
2014,accademico,5812,Roma Europea,F,immatricolati,80
2014,accademico,5812,Roma Europea,M,immatricolati,41
2015,accademico,5812,Roma Europea,F,immatricolati,70
2015,accademico,5812,Roma Europea,M,immatricolati,43
2016,accademico,5812,Roma Europea,F,immatricolati,108
2016,accademico,5812,Roma Europea,M,immatricolati,68
2017,accademico,5812,Roma Europea,F,immatricolati,135
2017,accademico,5812,Roma Europea,M,immatricolati,73
2018,accademico,5812,Roma Europea,F,immatricolati,158
2018,accademico,5812,Roma Europea,M,immatricolati,69
2019,accademico,5812,Roma Europea,F,immatricolati,203
2019,accademico,5812,Roma Europea,M,immatricolati,86
2020,accademico,5812,Roma Europea,F,immatricolati,223
2020,accademico,5812,Roma Europea,M,immatricolati,102
2021,accademico,5812,Roma Europea,F,immatricolati,281
2021,accademico,5812,Roma Europea,M,immatricolati,106
2022,accademico,5812,Roma Europea,F,immatricolati,260
2022,accademico,5812,Roma Europea,M,immatricolati,82
2023,accademico,5812,Roma Europea,F,immatricolati,286
2023,accademico,5812,Roma Europea,M,immatricolati,82
2024,accademico,5812,Roma Europea,F,immatricolati,269
2024,accademico,5812,Roma Europea,M,immatricolati,108
2025,accademico,5812,Roma Europea,F,immatricolati,308
2025,accademico,5812,Roma Europea,M,immatricolati,98
2005,accademico,5812,Roma Europea,F,iscritti,69
2005,accademico,5812,Roma Europea,M,iscritti,54
2006,accademico,5812,Roma Europea,F,iscritti,174
2006,accademico,5812,Roma Europea,M,iscritti,108
2007,accademico,5812,Roma Europea,F,iscritti,295
2007,accademico,5812,Roma Europea,M,iscritti,199
2009,accademico,5812,Roma Europea,F,iscritti,487
2009,accademico,5812,Roma Europea,M,iscritti,317
2010,accademico,5812,Roma Europea,F,iscritti,500
2010,accademico,5812,Roma Europea,M,iscritti,338
2011,accademico,5812,Roma Europea,F,iscritti,550
2011,accademico,5812,Roma Europea,M,iscritti,359
2012,accademico,5812,Roma Europea,F,iscritti,569
2012,accademico,5812,Roma Europea,M,iscritti,371
2013,accademico,5812,Roma Europea,F,iscritti,547
2013,accademico,5812,Roma Europea,M,iscritti,340
2014,accademico,5812,Roma Europea,F,iscritti,495
2014,accademico,5812,Roma Europea,M,iscritti,312
2015,accademico,5812,Roma Europea,F,iscritti,461
2015,accademico,5812,Roma Europea,M,iscritti,301
2016,accademico,5812,Roma Europea,F,iscritti,526
2016,accademico,5812,Roma Europea,M,iscritti,315
2017,accademico,5812,Roma Europea,F,iscritti,666
2017,accademico,5812,Roma Europea,M,iscritti,337
2018,accademico,5812,Roma Europea,F,iscritti,850
2018,accademico,5812,Roma Europea,M,iscritti,389
2019,accademico,5812,Roma Europea,F,iscritti,1079
2019,accademico,5812,Roma Europea,M,iscritti,421
2020,accademico,5812,Roma Europea,F,iscritti,1263
2020,accademico,5812,Roma Europea,M,iscritti,473
2021,accademico,5812,Roma Europea,F,iscritti,1559
2021,accademico,5812,Roma Europea,M,iscritti,517
2022,accademico,5812,Roma Europea,F,iscritti,1702
2022,accademico,5812,Roma Europea,M,iscritti,520
2023,accademico,5812,Roma Europea,F,iscritti,1894
2023,accademico,5812,Roma Europea,M,iscritti,512
2024,accademico,5812,Roma Europea,F,iscritti,2014
2024,accademico,5812,Roma Europea,M,iscritti,552
2008,solare,5812,Roma Europea,F,laureati,24
2008,solare,5812,Roma Europea,M,laureati,4
2009,solare,5812,Roma Europea,F,laureati,31
2009,solare,5812,Roma Europea,M,laureati,13
2010,solare,5812,Roma Europea,F,laureati,61
2010,solare,5812,Roma Europea,M,laureati,35
2011,solare,5812,Roma Europea,F,laureati,109
2011,solare,5812,Roma Europea,M,laureati,65
2012,solare,5812,Roma Europea,F,laureati,109
2012,solare,5812,Roma Europea,M,laureati,60
2013,solare,5812,Roma Europea,F,laureati,136
2013,solare,5812,Roma Europea,M,laureati,91
2014,solare,5812,Roma Europea,F,laureati,170
2014,solare,5812,Roma Europea,M,laureati,78
2015,solare,5812,Roma Europea,F,laureati,152
2015,solare,5812,Roma Europea,M,laureati,81
2016,solare,5812,Roma Europea,F,laureati,129
2016,solare,5812,Roma Europea,M,laureati,56
2017,solare,5812,Roma Europea,F,laureati,145
2017,solare,5812,Roma Europea,M,laureati,72
2018,solare,5812,Roma Europea,F,laureati,91
2018,solare,5812,Roma Europea,M,laureati,82
2019,solare,5812,Roma Europea,F,laureati,150
2019,solare,5812,Roma Europea,M,laureati,72
2020,solare,5812,Roma Europea,F,laureati,222
2020,solare,5812,Roma Europea,M,laureati,89
2021,solare,5812,Roma Europea,F,laureati,237
2021,solare,5812,Roma Europea,M,laureati,97
2022,solare,5812,Roma Europea,F,laureati,313
2022,solare,5812,Roma Europea,M,laureati,104
2023,solare,5812,Roma Europea,F,laureati,329
2023,solare,5812,Roma Europea,M,laureati,108
2024,solare,5812,Roma Europea,F,laureati,318
2024,solare,5812,Roma Europea,M,laureati,133
2025,solare,5812,Roma Europea,F,laureati,408
2025,solare,5812,Roma Europea,M,laureati,111
2005,accademico,5813,Roma UNINETTUNO - telematica,F,immatricolati,64
2005,accademico,5813,Roma UNINETTUNO - telematica,M,immatricolati,101
2006,accademico,5813,Roma UNINETTUNO - telematica,F,immatricolati,116
2006,accademico,5813,Roma UNINETTUNO - telematica,M,immatricolati,219
2007,accademico,5813,Roma UNINETTUNO - telematica,F,immatricolati,225
2007,accademico,5813,Roma UNINETTUNO - telematica,M,immatricolati,394
2008,accademico,5813,Roma UNINETTUNO - telematica,F,immatricolati,174
2008,accademico,5813,Roma UNINETTUNO - telematica,M,immatricolati,291
2009,accademico,5813,Roma UNINETTUNO - telematica,F,immatricolati,177
2009,accademico,5813,Roma UNINETTUNO - telematica,M,immatricolati,228
2010,accademico,5813,Roma UNINETTUNO - telematica,F,immatricolati,801
2010,accademico,5813,Roma UNINETTUNO - telematica,M,immatricolati,1302
2011,accademico,5813,Roma UNINETTUNO - telematica,F,immatricolati,663
2011,accademico,5813,Roma UNINETTUNO - telematica,M,immatricolati,1000
2012,accademico,5813,Roma UNINETTUNO - telematica,F,immatricolati,171
2012,accademico,5813,Roma UNINETTUNO - telematica,M,immatricolati,241
2013,accademico,5813,Roma UNINETTUNO - telematica,F,immatricolati,162
2013,accademico,5813,Roma UNINETTUNO - telematica,M,immatricolati,234
2014,accademico,5813,Roma UNINETTUNO - telematica,F,immatricolati,161
2014,accademico,5813,Roma UNINETTUNO - telematica,M,immatricolati,318
2015,accademico,5813,Roma UNINETTUNO - telematica,F,immatricolati,234
2015,accademico,5813,Roma UNINETTUNO - telematica,M,immatricolati,322
2016,accademico,5813,Roma UNINETTUNO - telematica,F,immatricolati,250
2016,accademico,5813,Roma UNINETTUNO - telematica,M,immatricolati,378
2017,accademico,5813,Roma UNINETTUNO - telematica,F,immatricolati,333
2017,accademico,5813,Roma UNINETTUNO - telematica,M,immatricolati,455
2018,accademico,5813,Roma UNINETTUNO - telematica,F,immatricolati,489
2018,accademico,5813,Roma UNINETTUNO - telematica,M,immatricolati,653
2019,accademico,5813,Roma UNINETTUNO - telematica,F,immatricolati,611
2019,accademico,5813,Roma UNINETTUNO - telematica,M,immatricolati,828
2020,accademico,5813,Roma UNINETTUNO - telematica,F,immatricolati,898
2020,accademico,5813,Roma UNINETTUNO - telematica,M,immatricolati,870
2021,accademico,5813,Roma UNINETTUNO - telematica,F,immatricolati,672
2021,accademico,5813,Roma UNINETTUNO - telematica,M,immatricolati,621
2022,accademico,5813,Roma UNINETTUNO - telematica,F,immatricolati,773
2022,accademico,5813,Roma UNINETTUNO - telematica,M,immatricolati,788
2023,accademico,5813,Roma UNINETTUNO - telematica,F,immatricolati,629
2023,accademico,5813,Roma UNINETTUNO - telematica,M,immatricolati,567
2024,accademico,5813,Roma UNINETTUNO - telematica,F,immatricolati,707
2024,accademico,5813,Roma UNINETTUNO - telematica,M,immatricolati,653
2025,accademico,5813,Roma UNINETTUNO - telematica,F,immatricolati,683
2025,accademico,5813,Roma UNINETTUNO - telematica,M,immatricolati,541
2005,accademico,5813,Roma UNINETTUNO - telematica,F,iscritti,67
2005,accademico,5813,Roma UNINETTUNO - telematica,M,iscritti,108
2006,accademico,5813,Roma UNINETTUNO - telematica,F,iscritti,204
2006,accademico,5813,Roma UNINETTUNO - telematica,M,iscritti,355
2007,accademico,5813,Roma UNINETTUNO - telematica,F,iscritti,608
2007,accademico,5813,Roma UNINETTUNO - telematica,M,iscritti,1022
2008,accademico,5813,Roma UNINETTUNO - telematica,F,iscritti,954
2008,accademico,5813,Roma UNINETTUNO - telematica,M,iscritti,1721
2009,accademico,5813,Roma UNINETTUNO - telematica,F,iscritti,1249
2009,accademico,5813,Roma UNINETTUNO - telematica,M,iscritti,2116
2010,accademico,5813,Roma UNINETTUNO - telematica,F,iscritti,2013
2010,accademico,5813,Roma UNINETTUNO - telematica,M,iscritti,3203
2011,accademico,5813,Roma UNINETTUNO - telematica,F,iscritti,2277
2011,accademico,5813,Roma UNINETTUNO - telematica,M,iscritti,3641
2012,accademico,5813,Roma UNINETTUNO - telematica,F,iscritti,3107
2012,accademico,5813,Roma UNINETTUNO - telematica,M,iscritti,4916
2013,accademico,5813,Roma UNINETTUNO - telematica,F,iscritti,3315
2013,accademico,5813,Roma UNINETTUNO - telematica,M,iscritti,5283
2014,accademico,5813,Roma UNINETTUNO - telematica,F,iscritti,3529
2014,accademico,5813,Roma UNINETTUNO - telematica,M,iscritti,5711
2015,accademico,5813,Roma UNINETTUNO - telematica,F,iscritti,3743
2015,accademico,5813,Roma UNINETTUNO - telematica,M,iscritti,6078
2016,accademico,5813,Roma UNINETTUNO - telematica,F,iscritti,4066
2016,accademico,5813,Roma UNINETTUNO - telematica,M,iscritti,6454
2017,accademico,5813,Roma UNINETTUNO - telematica,F,iscritti,4535
2017,accademico,5813,Roma UNINETTUNO - telematica,M,iscritti,6989
2018,accademico,5813,Roma UNINETTUNO - telematica,F,iscritti,5273
2018,accademico,5813,Roma UNINETTUNO - telematica,M,iscritti,7925
2019,accademico,5813,Roma UNINETTUNO - telematica,F,iscritti,6192
2019,accademico,5813,Roma UNINETTUNO - telematica,M,iscritti,9119
2020,accademico,5813,Roma UNINETTUNO - telematica,F,iscritti,7285
2020,accademico,5813,Roma UNINETTUNO - telematica,M,iscritti,9974
2021,accademico,5813,Roma UNINETTUNO - telematica,F,iscritti,6665
2021,accademico,5813,Roma UNINETTUNO - telematica,M,iscritti,8589
2022,accademico,5813,Roma UNINETTUNO - telematica,F,iscritti,7935
2022,accademico,5813,Roma UNINETTUNO - telematica,M,iscritti,10159
2023,accademico,5813,Roma UNINETTUNO - telematica,F,iscritti,7738
2023,accademico,5813,Roma UNINETTUNO - telematica,M,iscritti,9402
2024,accademico,5813,Roma UNINETTUNO - telematica,F,iscritti,8054
2024,accademico,5813,Roma UNINETTUNO - telematica,M,iscritti,9381
2007,solare,5813,Roma UNINETTUNO - telematica,M,laureati,1
2008,solare,5813,Roma UNINETTUNO - telematica,M,laureati,3
2009,solare,5813,Roma UNINETTUNO - telematica,F,laureati,43
2009,solare,5813,Roma UNINETTUNO - telematica,M,laureati,71
2010,solare,5813,Roma UNINETTUNO - telematica,F,laureati,35
2010,solare,5813,Roma UNINETTUNO - telematica,M,laureati,51
2011,solare,5813,Roma UNINETTUNO - telematica,F,laureati,44
2011,solare,5813,Roma UNINETTUNO - telematica,M,laureati,59
2012,solare,5813,Roma UNINETTUNO - telematica,F,laureati,76
2012,solare,5813,Roma UNINETTUNO - telematica,M,laureati,84
2013,solare,5813,Roma UNINETTUNO - telematica,F,laureati,81
2013,solare,5813,Roma UNINETTUNO - telematica,M,laureati,110
2014,solare,5813,Roma UNINETTUNO - telematica,F,laureati,169
2014,solare,5813,Roma UNINETTUNO - telematica,M,laureati,278
2015,solare,5813,Roma UNINETTUNO - telematica,F,laureati,193
2015,solare,5813,Roma UNINETTUNO - telematica,M,laureati,324
2016,solare,5813,Roma UNINETTUNO - telematica,F,laureati,250
2016,solare,5813,Roma UNINETTUNO - telematica,M,laureati,320
2017,solare,5813,Roma UNINETTUNO - telematica,F,laureati,189
2017,solare,5813,Roma UNINETTUNO - telematica,M,laureati,301
2018,solare,5813,Roma UNINETTUNO - telematica,F,laureati,221
2018,solare,5813,Roma UNINETTUNO - telematica,M,laureati,312
2019,solare,5813,Roma UNINETTUNO - telematica,F,laureati,191
2019,solare,5813,Roma UNINETTUNO - telematica,M,laureati,242
2020,solare,5813,Roma UNINETTUNO - telematica,F,laureati,313
2020,solare,5813,Roma UNINETTUNO - telematica,M,laureati,392
2021,solare,5813,Roma UNINETTUNO - telematica,F,laureati,334
2021,solare,5813,Roma UNINETTUNO - telematica,M,laureati,360
2022,solare,5813,Roma UNINETTUNO - telematica,F,laureati,401
2022,solare,5813,Roma UNINETTUNO - telematica,M,laureati,370
2023,solare,5813,Roma UNINETTUNO - telematica,F,laureati,524
2023,solare,5813,Roma UNINETTUNO - telematica,M,laureati,416
2024,solare,5813,Roma UNINETTUNO - telematica,F,laureati,486
2024,solare,5813,Roma UNINETTUNO - telematica,M,laureati,388
2025,solare,5813,Roma UNINETTUNO - telematica,F,laureati,598
2025,solare,5813,Roma UNINETTUNO - telematica,M,laureati,476
2006,accademico,5814,Roma  Mercatorum - telematica,F,immatricolati,42
2006,accademico,5814,Roma  Mercatorum - telematica,M,immatricolati,46
2007,accademico,5814,Roma  Mercatorum - telematica,F,immatricolati,16
2007,accademico,5814,Roma  Mercatorum - telematica,M,immatricolati,15
2008,accademico,5814,Roma  Mercatorum - telematica,F,immatricolati,18
2008,accademico,5814,Roma  Mercatorum - telematica,M,immatricolati,19
2009,accademico,5814,Roma  Mercatorum - telematica,F,immatricolati,7
2009,accademico,5814,Roma  Mercatorum - telematica,M,immatricolati,7
2010,accademico,5814,Roma  Mercatorum - telematica,F,immatricolati,19
2010,accademico,5814,Roma  Mercatorum - telematica,M,immatricolati,28
2011,accademico,5814,Roma  Mercatorum - telematica,F,immatricolati,11
2011,accademico,5814,Roma  Mercatorum - telematica,M,immatricolati,22
2012,accademico,5814,Roma  Mercatorum - telematica,F,immatricolati,11
2012,accademico,5814,Roma  Mercatorum - telematica,M,immatricolati,12
2013,accademico,5814,Roma  Mercatorum - telematica,F,immatricolati,17
2013,accademico,5814,Roma  Mercatorum - telematica,M,immatricolati,24
2014,accademico,5814,Roma  Mercatorum - telematica,F,immatricolati,7
2014,accademico,5814,Roma  Mercatorum - telematica,M,immatricolati,22
2015,accademico,5814,Roma  Mercatorum - telematica,F,immatricolati,17
2015,accademico,5814,Roma  Mercatorum - telematica,M,immatricolati,19
2016,accademico,5814,Roma  Mercatorum - telematica,F,immatricolati,33
2016,accademico,5814,Roma  Mercatorum - telematica,M,immatricolati,62
2017,accademico,5814,Roma  Mercatorum - telematica,F,immatricolati,9
2017,accademico,5814,Roma  Mercatorum - telematica,M,immatricolati,25
2019,accademico,5814,Roma  Mercatorum - telematica,F,immatricolati,613
2019,accademico,5814,Roma  Mercatorum - telematica,M,immatricolati,1183
2020,accademico,5814,Roma  Mercatorum - telematica,F,immatricolati,2131
2020,accademico,5814,Roma  Mercatorum - telematica,M,immatricolati,2984
2021,accademico,5814,Roma  Mercatorum - telematica,F,immatricolati,2514
2021,accademico,5814,Roma  Mercatorum - telematica,M,immatricolati,3765
2022,accademico,5814,Roma  Mercatorum - telematica,F,immatricolati,3079
2022,accademico,5814,Roma  Mercatorum - telematica,M,immatricolati,4454
2023,accademico,5814,Roma  Mercatorum - telematica,F,immatricolati,4048
2023,accademico,5814,Roma  Mercatorum - telematica,M,immatricolati,5256
2024,accademico,5814,Roma  Mercatorum - telematica,F,immatricolati,3971
2024,accademico,5814,Roma  Mercatorum - telematica,M,immatricolati,5874
2025,accademico,5814,Roma  Mercatorum - telematica,F,immatricolati,3226
2025,accademico,5814,Roma  Mercatorum - telematica,M,immatricolati,4475
2006,accademico,5814,Roma  Mercatorum - telematica,F,iscritti,47
2006,accademico,5814,Roma  Mercatorum - telematica,M,iscritti,49
2007,accademico,5814,Roma  Mercatorum - telematica,F,iscritti,50
2007,accademico,5814,Roma  Mercatorum - telematica,M,iscritti,54
2008,accademico,5814,Roma  Mercatorum - telematica,F,iscritti,58
2008,accademico,5814,Roma  Mercatorum - telematica,M,iscritti,64
2009,accademico,5814,Roma  Mercatorum - telematica,F,iscritti,56
2009,accademico,5814,Roma  Mercatorum - telematica,M,iscritti,66
2010,accademico,5814,Roma  Mercatorum - telematica,F,iscritti,86
2010,accademico,5814,Roma  Mercatorum - telematica,M,iscritti,146
2011,accademico,5814,Roma  Mercatorum - telematica,F,iscritti,69
2011,accademico,5814,Roma  Mercatorum - telematica,M,iscritti,144
2012,accademico,5814,Roma  Mercatorum - telematica,F,iscritti,63
2012,accademico,5814,Roma  Mercatorum - telematica,M,iscritti,137
2013,accademico,5814,Roma  Mercatorum - telematica,F,iscritti,91
2013,accademico,5814,Roma  Mercatorum - telematica,M,iscritti,160
2014,accademico,5814,Roma  Mercatorum - telematica,F,iscritti,103
2014,accademico,5814,Roma  Mercatorum - telematica,M,iscritti,161
2015,accademico,5814,Roma  Mercatorum - telematica,F,iscritti,115
2015,accademico,5814,Roma  Mercatorum - telematica,M,iscritti,175
2016,accademico,5814,Roma  Mercatorum - telematica,F,iscritti,229
2016,accademico,5814,Roma  Mercatorum - telematica,M,iscritti,547
2017,accademico,5814,Roma  Mercatorum - telematica,F,iscritti,403
2017,accademico,5814,Roma  Mercatorum - telematica,M,iscritti,1576
2018,accademico,5814,Roma  Mercatorum - telematica,F,iscritti,822
2018,accademico,5814,Roma  Mercatorum - telematica,M,iscritti,2085
2019,accademico,5814,Roma  Mercatorum - telematica,F,iscritti,2383
2019,accademico,5814,Roma  Mercatorum - telematica,M,iscritti,4220
2020,accademico,5814,Roma  Mercatorum - telematica,F,iscritti,7650
2020,accademico,5814,Roma  Mercatorum - telematica,M,iscritti,11126
2021,accademico,5814,Roma  Mercatorum - telematica,F,iscritti,11777
2021,accademico,5814,Roma  Mercatorum - telematica,M,iscritti,17005
2022,accademico,5814,Roma  Mercatorum - telematica,F,iscritti,17180
2022,accademico,5814,Roma  Mercatorum - telematica,M,iscritti,23212
2023,accademico,5814,Roma  Mercatorum - telematica,F,iscritti,25109
2023,accademico,5814,Roma  Mercatorum - telematica,M,iscritti,30710
2024,accademico,5814,Roma  Mercatorum - telematica,F,iscritti,29460
2024,accademico,5814,Roma  Mercatorum - telematica,M,iscritti,35281
2010,solare,5814,Roma  Mercatorum - telematica,F,laureati,7
2010,solare,5814,Roma  Mercatorum - telematica,M,laureati,14
2011,solare,5814,Roma  Mercatorum - telematica,F,laureati,12
2011,solare,5814,Roma  Mercatorum - telematica,M,laureati,11
2012,solare,5814,Roma  Mercatorum - telematica,F,laureati,7
2012,solare,5814,Roma  Mercatorum - telematica,M,laureati,10
2013,solare,5814,Roma  Mercatorum - telematica,F,laureati,2
2013,solare,5814,Roma  Mercatorum - telematica,M,laureati,24
2014,solare,5814,Roma  Mercatorum - telematica,F,laureati,8
2014,solare,5814,Roma  Mercatorum - telematica,M,laureati,24
2015,solare,5814,Roma  Mercatorum - telematica,F,laureati,10
2015,solare,5814,Roma  Mercatorum - telematica,M,laureati,8
2016,solare,5814,Roma  Mercatorum - telematica,F,laureati,5
2016,solare,5814,Roma  Mercatorum - telematica,M,laureati,6
2017,solare,5814,Roma  Mercatorum - telematica,F,laureati,24
2017,solare,5814,Roma  Mercatorum - telematica,M,laureati,39
2018,solare,5814,Roma  Mercatorum - telematica,F,laureati,29
2018,solare,5814,Roma  Mercatorum - telematica,M,laureati,56
2019,solare,5814,Roma  Mercatorum - telematica,F,laureati,120
2019,solare,5814,Roma  Mercatorum - telematica,M,laureati,524
2020,solare,5814,Roma  Mercatorum - telematica,F,laureati,222
2020,solare,5814,Roma  Mercatorum - telematica,M,laureati,437
2021,solare,5814,Roma  Mercatorum - telematica,F,laureati,823
2021,solare,5814,Roma  Mercatorum - telematica,M,laureati,1400
2022,solare,5814,Roma  Mercatorum - telematica,F,laureati,2056
2022,solare,5814,Roma  Mercatorum - telematica,M,laureati,3339
2023,solare,5814,Roma  Mercatorum - telematica,F,laureati,3955
2023,solare,5814,Roma  Mercatorum - telematica,M,laureati,6080
2024,solare,5814,Roma  Mercatorum - telematica,F,laureati,5477
2024,solare,5814,Roma  Mercatorum - telematica,M,laureati,7547
2025,solare,5814,Roma  Mercatorum - telematica,F,laureati,5536
2025,solare,5814,Roma  Mercatorum - telematica,M,laureati,7690
2006,accademico,5815,Roma UNICUSANO - telematica,F,immatricolati,164
2006,accademico,5815,Roma UNICUSANO - telematica,M,immatricolati,244
2007,accademico,5815,Roma UNICUSANO - telematica,F,immatricolati,127
2007,accademico,5815,Roma UNICUSANO - telematica,M,immatricolati,141
2008,accademico,5815,Roma UNICUSANO - telematica,F,immatricolati,281
2008,accademico,5815,Roma UNICUSANO - telematica,M,immatricolati,336
2009,accademico,5815,Roma UNICUSANO - telematica,F,immatricolati,343
2009,accademico,5815,Roma UNICUSANO - telematica,M,immatricolati,970
2010,accademico,5815,Roma UNICUSANO - telematica,F,immatricolati,400
2010,accademico,5815,Roma UNICUSANO - telematica,M,immatricolati,862
2011,accademico,5815,Roma UNICUSANO - telematica,F,immatricolati,296
2011,accademico,5815,Roma UNICUSANO - telematica,M,immatricolati,562
2012,accademico,5815,Roma UNICUSANO - telematica,F,immatricolati,294
2012,accademico,5815,Roma UNICUSANO - telematica,M,immatricolati,450
2013,accademico,5815,Roma UNICUSANO - telematica,F,immatricolati,314
2013,accademico,5815,Roma UNICUSANO - telematica,M,immatricolati,448
2014,accademico,5815,Roma UNICUSANO - telematica,F,immatricolati,554
2014,accademico,5815,Roma UNICUSANO - telematica,M,immatricolati,886
2015,accademico,5815,Roma UNICUSANO - telematica,F,immatricolati,611
2015,accademico,5815,Roma UNICUSANO - telematica,M,immatricolati,1143
2016,accademico,5815,Roma UNICUSANO - telematica,F,immatricolati,787
2016,accademico,5815,Roma UNICUSANO - telematica,M,immatricolati,1444
2017,accademico,5815,Roma UNICUSANO - telematica,F,immatricolati,804
2017,accademico,5815,Roma UNICUSANO - telematica,M,immatricolati,1496
2018,accademico,5815,Roma UNICUSANO - telematica,F,immatricolati,636
2018,accademico,5815,Roma UNICUSANO - telematica,M,immatricolati,1478
2019,accademico,5815,Roma UNICUSANO - telematica,F,immatricolati,1008
2019,accademico,5815,Roma UNICUSANO - telematica,M,immatricolati,1580
2020,accademico,5815,Roma UNICUSANO - telematica,F,immatricolati,1072
2020,accademico,5815,Roma UNICUSANO - telematica,M,immatricolati,1473
2021,accademico,5815,Roma UNICUSANO - telematica,F,immatricolati,1026
2021,accademico,5815,Roma UNICUSANO - telematica,M,immatricolati,1035
2022,accademico,5815,Roma UNICUSANO - telematica,F,immatricolati,1028
2022,accademico,5815,Roma UNICUSANO - telematica,M,immatricolati,826
2023,accademico,5815,Roma UNICUSANO - telematica,F,immatricolati,827
2023,accademico,5815,Roma UNICUSANO - telematica,M,immatricolati,705
2024,accademico,5815,Roma UNICUSANO - telematica,F,immatricolati,815
2024,accademico,5815,Roma UNICUSANO - telematica,M,immatricolati,712
2025,accademico,5815,Roma UNICUSANO - telematica,F,immatricolati,607
2025,accademico,5815,Roma UNICUSANO - telematica,M,immatricolati,522
2006,accademico,5815,Roma UNICUSANO - telematica,F,iscritti,263
2006,accademico,5815,Roma UNICUSANO - telematica,M,iscritti,475
2007,accademico,5815,Roma UNICUSANO - telematica,F,iscritti,390
2007,accademico,5815,Roma UNICUSANO - telematica,M,iscritti,581
2008,accademico,5815,Roma UNICUSANO - telematica,F,iscritti,1070
2008,accademico,5815,Roma UNICUSANO - telematica,M,iscritti,1511
2009,accademico,5815,Roma UNICUSANO - telematica,F,iscritti,1945
2009,accademico,5815,Roma UNICUSANO - telematica,M,iscritti,3721
2010,accademico,5815,Roma UNICUSANO - telematica,F,iscritti,3015
2010,accademico,5815,Roma UNICUSANO - telematica,M,iscritti,6216
2011,accademico,5815,Roma UNICUSANO - telematica,F,iscritti,3538
2011,accademico,5815,Roma UNICUSANO - telematica,M,iscritti,6556
2012,accademico,5815,Roma UNICUSANO - telematica,F,iscritti,4087
2012,accademico,5815,Roma UNICUSANO - telematica,M,iscritti,7429
2013,accademico,5815,Roma UNICUSANO - telematica,F,iscritti,4590
2013,accademico,5815,Roma UNICUSANO - telematica,M,iscritti,7316
2014,accademico,5815,Roma UNICUSANO - telematica,F,iscritti,5660
2014,accademico,5815,Roma UNICUSANO - telematica,M,iscritti,8560
2015,accademico,5815,Roma UNICUSANO - telematica,F,iscritti,6873
2015,accademico,5815,Roma UNICUSANO - telematica,M,iscritti,10324
2016,accademico,5815,Roma UNICUSANO - telematica,F,iscritti,8251
2016,accademico,5815,Roma UNICUSANO - telematica,M,iscritti,12414
2017,accademico,5815,Roma UNICUSANO - telematica,F,iscritti,9438
2017,accademico,5815,Roma UNICUSANO - telematica,M,iscritti,14155
2018,accademico,5815,Roma UNICUSANO - telematica,F,iscritti,10522
2018,accademico,5815,Roma UNICUSANO - telematica,M,iscritti,15064
2019,accademico,5815,Roma UNICUSANO - telematica,F,iscritti,11081
2019,accademico,5815,Roma UNICUSANO - telematica,M,iscritti,14377
2020,accademico,5815,Roma UNICUSANO - telematica,F,iscritti,11576
2020,accademico,5815,Roma UNICUSANO - telematica,M,iscritti,14024
2021,accademico,5815,Roma UNICUSANO - telematica,F,iscritti,11799
2021,accademico,5815,Roma UNICUSANO - telematica,M,iscritti,13002
2022,accademico,5815,Roma UNICUSANO - telematica,F,iscritti,11309
2022,accademico,5815,Roma UNICUSANO - telematica,M,iscritti,11005
2023,accademico,5815,Roma UNICUSANO - telematica,F,iscritti,10398
2023,accademico,5815,Roma UNICUSANO - telematica,M,iscritti,9112
2024,accademico,5815,Roma UNICUSANO - telematica,F,iscritti,10226
2024,accademico,5815,Roma UNICUSANO - telematica,M,iscritti,8357
2008,solare,5815,Roma UNICUSANO - telematica,F,laureati,86
2008,solare,5815,Roma UNICUSANO - telematica,M,laureati,121
2009,solare,5815,Roma UNICUSANO - telematica,F,laureati,164
2009,solare,5815,Roma UNICUSANO - telematica,M,laureati,278
2010,solare,5815,Roma UNICUSANO - telematica,F,laureati,282
2010,solare,5815,Roma UNICUSANO - telematica,M,laureati,328
2011,solare,5815,Roma UNICUSANO - telematica,F,laureati,483
2011,solare,5815,Roma UNICUSANO - telematica,M,laureati,1248
2012,solare,5815,Roma UNICUSANO - telematica,F,laureati,581
2012,solare,5815,Roma UNICUSANO - telematica,M,laureati,1054
2013,solare,5815,Roma UNICUSANO - telematica,F,laureati,791
2013,solare,5815,Roma UNICUSANO - telematica,M,laureati,1622
2014,solare,5815,Roma UNICUSANO - telematica,F,laureati,852
2014,solare,5815,Roma UNICUSANO - telematica,M,laureati,1554
2015,solare,5815,Roma UNICUSANO - telematica,F,laureati,893
2015,solare,5815,Roma UNICUSANO - telematica,M,laureati,1445
2016,solare,5815,Roma UNICUSANO - telematica,F,laureati,1024
2016,solare,5815,Roma UNICUSANO - telematica,M,laureati,1482
2017,solare,5815,Roma UNICUSANO - telematica,F,laureati,1440
2017,solare,5815,Roma UNICUSANO - telematica,M,laureati,1853
2018,solare,5815,Roma UNICUSANO - telematica,F,laureati,1652
2018,solare,5815,Roma UNICUSANO - telematica,M,laureati,2408
2019,solare,5815,Roma UNICUSANO - telematica,F,laureati,1936
2019,solare,5815,Roma UNICUSANO - telematica,M,laureati,2729
2020,solare,5815,Roma UNICUSANO - telematica,F,laureati,1944
2020,solare,5815,Roma UNICUSANO - telematica,M,laureati,2653
2021,solare,5815,Roma UNICUSANO - telematica,F,laureati,3399
2021,solare,5815,Roma UNICUSANO - telematica,M,laureati,3939
2022,solare,5815,Roma UNICUSANO - telematica,F,laureati,3004
2022,solare,5815,Roma UNICUSANO - telematica,M,laureati,3304
2023,solare,5815,Roma UNICUSANO - telematica,F,laureati,2685
2023,solare,5815,Roma UNICUSANO - telematica,M,laureati,2752
2024,solare,5815,Roma UNICUSANO - telematica,F,laureati,2580
2024,solare,5815,Roma UNICUSANO - telematica,M,laureati,2089
2025,solare,5815,Roma UNICUSANO - telematica,F,laureati,2436
2025,solare,5815,Roma UNICUSANO - telematica,M,laureati,1742
2006,accademico,5816,Roma San Raffaele - telematica,F,immatricolati,26
2006,accademico,5816,Roma San Raffaele - telematica,M,immatricolati,11
2007,accademico,5816,Roma San Raffaele - telematica,F,immatricolati,24
2007,accademico,5816,Roma San Raffaele - telematica,M,immatricolati,19
2008,accademico,5816,Roma San Raffaele - telematica,F,immatricolati,18
2008,accademico,5816,Roma San Raffaele - telematica,M,immatricolati,38
2009,accademico,5816,Roma San Raffaele - telematica,F,immatricolati,26
2009,accademico,5816,Roma San Raffaele - telematica,M,immatricolati,42
2010,accademico,5816,Roma San Raffaele - telematica,F,immatricolati,46
2010,accademico,5816,Roma San Raffaele - telematica,M,immatricolati,70
2011,accademico,5816,Roma San Raffaele - telematica,F,immatricolati,41
2011,accademico,5816,Roma San Raffaele - telematica,M,immatricolati,78
2012,accademico,5816,Roma San Raffaele - telematica,F,immatricolati,74
2012,accademico,5816,Roma San Raffaele - telematica,M,immatricolati,162
2013,accademico,5816,Roma San Raffaele - telematica,F,immatricolati,55
2013,accademico,5816,Roma San Raffaele - telematica,M,immatricolati,121
2014,accademico,5816,Roma San Raffaele - telematica,F,immatricolati,83
2014,accademico,5816,Roma San Raffaele - telematica,M,immatricolati,172
2015,accademico,5816,Roma San Raffaele - telematica,F,immatricolati,120
2015,accademico,5816,Roma San Raffaele - telematica,M,immatricolati,221
2016,accademico,5816,Roma San Raffaele - telematica,F,immatricolati,173
2016,accademico,5816,Roma San Raffaele - telematica,M,immatricolati,289
2017,accademico,5816,Roma San Raffaele - telematica,F,immatricolati,174
2017,accademico,5816,Roma San Raffaele - telematica,M,immatricolati,350
2018,accademico,5816,Roma San Raffaele - telematica,F,immatricolati,218
2018,accademico,5816,Roma San Raffaele - telematica,M,immatricolati,395
2019,accademico,5816,Roma San Raffaele - telematica,F,immatricolati,275
2019,accademico,5816,Roma San Raffaele - telematica,M,immatricolati,456
2020,accademico,5816,Roma San Raffaele - telematica,F,immatricolati,355
2020,accademico,5816,Roma San Raffaele - telematica,M,immatricolati,496
2021,accademico,5816,Roma San Raffaele - telematica,F,immatricolati,390
2021,accademico,5816,Roma San Raffaele - telematica,M,immatricolati,475
2022,accademico,5816,Roma San Raffaele - telematica,F,immatricolati,515
2022,accademico,5816,Roma San Raffaele - telematica,M,immatricolati,633
2023,accademico,5816,Roma San Raffaele - telematica,F,immatricolati,702
2023,accademico,5816,Roma San Raffaele - telematica,M,immatricolati,833
2024,accademico,5816,Roma San Raffaele - telematica,F,immatricolati,1006
2024,accademico,5816,Roma San Raffaele - telematica,M,immatricolati,1111
2025,accademico,5816,Roma San Raffaele - telematica,F,immatricolati,1087
2025,accademico,5816,Roma San Raffaele - telematica,M,immatricolati,1254
2006,accademico,5816,Roma San Raffaele - telematica,F,iscritti,33
2006,accademico,5816,Roma San Raffaele - telematica,M,iscritti,15
2007,accademico,5816,Roma San Raffaele - telematica,F,iscritti,57
2007,accademico,5816,Roma San Raffaele - telematica,M,iscritti,34
2008,accademico,5816,Roma San Raffaele - telematica,F,iscritti,31
2008,accademico,5816,Roma San Raffaele - telematica,M,iscritti,71
2009,accademico,5816,Roma San Raffaele - telematica,F,iscritti,96
2009,accademico,5816,Roma San Raffaele - telematica,M,iscritti,166
2010,accademico,5816,Roma San Raffaele - telematica,F,iscritti,121
2010,accademico,5816,Roma San Raffaele - telematica,M,iscritti,205
2011,accademico,5816,Roma San Raffaele - telematica,F,iscritti,154
2011,accademico,5816,Roma San Raffaele - telematica,M,iscritti,285
2012,accademico,5816,Roma San Raffaele - telematica,F,iscritti,291
2012,accademico,5816,Roma San Raffaele - telematica,M,iscritti,551
2013,accademico,5816,Roma San Raffaele - telematica,F,iscritti,356
2013,accademico,5816,Roma San Raffaele - telematica,M,iscritti,609
2014,accademico,5816,Roma San Raffaele - telematica,F,iscritti,533
2014,accademico,5816,Roma San Raffaele - telematica,M,iscritti,859
2015,accademico,5816,Roma San Raffaele - telematica,F,iscritti,836
2015,accademico,5816,Roma San Raffaele - telematica,M,iscritti,1208
2016,accademico,5816,Roma San Raffaele - telematica,F,iscritti,1311
2016,accademico,5816,Roma San Raffaele - telematica,M,iscritti,1744
2017,accademico,5816,Roma San Raffaele - telematica,F,iscritti,1837
2017,accademico,5816,Roma San Raffaele - telematica,M,iscritti,2400
2018,accademico,5816,Roma San Raffaele - telematica,F,iscritti,2378
2018,accademico,5816,Roma San Raffaele - telematica,M,iscritti,3095
2019,accademico,5816,Roma San Raffaele - telematica,F,iscritti,2933
2019,accademico,5816,Roma San Raffaele - telematica,M,iscritti,3775
2020,accademico,5816,Roma San Raffaele - telematica,F,iscritti,3728
2020,accademico,5816,Roma San Raffaele - telematica,M,iscritti,4239
2021,accademico,5816,Roma San Raffaele - telematica,F,iscritti,4004
2021,accademico,5816,Roma San Raffaele - telematica,M,iscritti,4165
2022,accademico,5816,Roma San Raffaele - telematica,F,iscritti,5632
2022,accademico,5816,Roma San Raffaele - telematica,M,iscritti,5374
2023,accademico,5816,Roma San Raffaele - telematica,F,iscritti,6546
2023,accademico,5816,Roma San Raffaele - telematica,M,iscritti,5971
2024,accademico,5816,Roma San Raffaele - telematica,F,iscritti,8882
2024,accademico,5816,Roma San Raffaele - telematica,M,iscritti,8237
2009,solare,5816,Roma San Raffaele - telematica,F,laureati,12
2009,solare,5816,Roma San Raffaele - telematica,M,laureati,6
2010,solare,5816,Roma San Raffaele - telematica,F,laureati,1
2010,solare,5816,Roma San Raffaele - telematica,M,laureati,4
2011,solare,5816,Roma San Raffaele - telematica,M,laureati,7
2012,solare,5816,Roma San Raffaele - telematica,F,laureati,2
2012,solare,5816,Roma San Raffaele - telematica,M,laureati,3
2013,solare,5816,Roma San Raffaele - telematica,F,laureati,19
2013,solare,5816,Roma San Raffaele - telematica,M,laureati,46
2014,solare,5816,Roma San Raffaele - telematica,F,laureati,27
2014,solare,5816,Roma San Raffaele - telematica,M,laureati,39
2015,solare,5816,Roma San Raffaele - telematica,F,laureati,57
2015,solare,5816,Roma San Raffaele - telematica,M,laureati,88
2016,solare,5816,Roma San Raffaele - telematica,F,laureati,98
2016,solare,5816,Roma San Raffaele - telematica,M,laureati,134
2017,solare,5816,Roma San Raffaele - telematica,F,laureati,140
2017,solare,5816,Roma San Raffaele - telematica,M,laureati,192
2018,solare,5816,Roma San Raffaele - telematica,F,laureati,283
2018,solare,5816,Roma San Raffaele - telematica,M,laureati,304
2019,solare,5816,Roma San Raffaele - telematica,F,laureati,426
2019,solare,5816,Roma San Raffaele - telematica,M,laureati,412
2020,solare,5816,Roma San Raffaele - telematica,F,laureati,612
2020,solare,5816,Roma San Raffaele - telematica,M,laureati,767
2021,solare,5816,Roma San Raffaele - telematica,F,laureati,636
2021,solare,5816,Roma San Raffaele - telematica,M,laureati,720
2022,solare,5816,Roma San Raffaele - telematica,F,laureati,629
2022,solare,5816,Roma San Raffaele - telematica,M,laureati,595
2023,solare,5816,Roma San Raffaele - telematica,F,laureati,1238
2023,solare,5816,Roma San Raffaele - telematica,M,laureati,1174
2024,solare,5816,Roma San Raffaele - telematica,F,laureati,1649
2024,solare,5816,Roma San Raffaele - telematica,M,laureati,1256
2025,solare,5816,Roma San Raffaele - telematica,F,laureati,1932
2025,solare,5816,Roma San Raffaele - telematica,M,laureati,1678
2013,accademico,5817,Roma Link Campus,F,immatricolati,57
2013,accademico,5817,Roma Link Campus,M,immatricolati,96
2014,accademico,5817,Roma Link Campus,F,immatricolati,60
2014,accademico,5817,Roma Link Campus,M,immatricolati,118
2015,accademico,5817,Roma Link Campus,F,immatricolati,83
2015,accademico,5817,Roma Link Campus,M,immatricolati,217
2016,accademico,5817,Roma Link Campus,F,immatricolati,61
2016,accademico,5817,Roma Link Campus,M,immatricolati,184
2017,accademico,5817,Roma Link Campus,F,immatricolati,54
2017,accademico,5817,Roma Link Campus,M,immatricolati,241
2018,accademico,5817,Roma Link Campus,F,immatricolati,48
2018,accademico,5817,Roma Link Campus,M,immatricolati,145
2019,accademico,5817,Roma Link Campus,F,immatricolati,30
2019,accademico,5817,Roma Link Campus,M,immatricolati,78
2020,accademico,5817,Roma Link Campus,F,immatricolati,27
2020,accademico,5817,Roma Link Campus,M,immatricolati,70
2021,accademico,5817,Roma Link Campus,F,immatricolati,27
2021,accademico,5817,Roma Link Campus,M,immatricolati,69
2022,accademico,5817,Roma Link Campus,F,immatricolati,38
2022,accademico,5817,Roma Link Campus,M,immatricolati,108
2023,accademico,5817,Roma Link Campus,F,immatricolati,59
2023,accademico,5817,Roma Link Campus,M,immatricolati,96
2024,accademico,5817,Roma Link Campus,F,immatricolati,182
2024,accademico,5817,Roma Link Campus,M,immatricolati,155
2025,accademico,5817,Roma Link Campus,F,immatricolati,423
2025,accademico,5817,Roma Link Campus,M,immatricolati,331
2013,accademico,5817,Roma Link Campus,F,iscritti,400
2013,accademico,5817,Roma Link Campus,M,iscritti,787
2014,accademico,5817,Roma Link Campus,F,iscritti,484
2014,accademico,5817,Roma Link Campus,M,iscritti,928
2015,accademico,5817,Roma Link Campus,F,iscritti,549
2015,accademico,5817,Roma Link Campus,M,iscritti,1196
2016,accademico,5817,Roma Link Campus,F,iscritti,549
2016,accademico,5817,Roma Link Campus,M,iscritti,1236
2017,accademico,5817,Roma Link Campus,F,iscritti,526
2017,accademico,5817,Roma Link Campus,M,iscritti,1351
2018,accademico,5817,Roma Link Campus,F,iscritti,408
2018,accademico,5817,Roma Link Campus,M,iscritti,1145
2019,accademico,5817,Roma Link Campus,F,iscritti,289
2019,accademico,5817,Roma Link Campus,M,iscritti,695
2020,accademico,5817,Roma Link Campus,F,iscritti,187
2020,accademico,5817,Roma Link Campus,M,iscritti,473
2021,accademico,5817,Roma Link Campus,F,iscritti,155
2021,accademico,5817,Roma Link Campus,M,iscritti,392
2022,accademico,5817,Roma Link Campus,F,iscritti,168
2022,accademico,5817,Roma Link Campus,M,iscritti,440
2023,accademico,5817,Roma Link Campus,F,iscritti,346
2023,accademico,5817,Roma Link Campus,M,iscritti,503
2024,accademico,5817,Roma Link Campus,F,iscritti,804
2024,accademico,5817,Roma Link Campus,M,iscritti,644
2013,solare,5817,Roma Link Campus,M,laureati,1
2014,solare,5817,Roma Link Campus,F,laureati,51
2014,solare,5817,Roma Link Campus,M,laureati,86
2015,solare,5817,Roma Link Campus,F,laureati,118
2015,solare,5817,Roma Link Campus,M,laureati,260
2016,solare,5817,Roma Link Campus,F,laureati,90
2016,solare,5817,Roma Link Campus,M,laureati,190
2017,solare,5817,Roma Link Campus,F,laureati,149
2017,solare,5817,Roma Link Campus,M,laureati,294
2018,solare,5817,Roma Link Campus,F,laureati,149
2018,solare,5817,Roma Link Campus,M,laureati,301
2019,solare,5817,Roma Link Campus,F,laureati,99
2019,solare,5817,Roma Link Campus,M,laureati,276
2020,solare,5817,Roma Link Campus,F,laureati,80
2020,solare,5817,Roma Link Campus,M,laureati,210
2021,solare,5817,Roma Link Campus,F,laureati,54
2021,solare,5817,Roma Link Campus,M,laureati,140
2022,solare,5817,Roma Link Campus,F,laureati,51
2022,solare,5817,Roma Link Campus,M,laureati,125
2023,solare,5817,Roma Link Campus,F,laureati,36
2023,solare,5817,Roma Link Campus,M,laureati,100
2024,solare,5817,Roma Link Campus,F,laureati,29
2024,solare,5817,Roma Link Campus,M,laureati,87
2025,solare,5817,Roma Link Campus,F,laureati,53
2025,solare,5817,Roma Link Campus,M,laureati,123
2018,accademico,5818,Roma Saint Camillus,F,immatricolati,59
2018,accademico,5818,Roma Saint Camillus,M,immatricolati,34
2019,accademico,5818,Roma Saint Camillus,F,immatricolati,173
2019,accademico,5818,Roma Saint Camillus,M,immatricolati,93
2020,accademico,5818,Roma Saint Camillus,F,immatricolati,292
2020,accademico,5818,Roma Saint Camillus,M,immatricolati,185
2021,accademico,5818,Roma Saint Camillus,F,immatricolati,376
2021,accademico,5818,Roma Saint Camillus,M,immatricolati,235
2022,accademico,5818,Roma Saint Camillus,F,immatricolati,430
2022,accademico,5818,Roma Saint Camillus,M,immatricolati,262
2023,accademico,5818,Roma Saint Camillus,F,immatricolati,564
2023,accademico,5818,Roma Saint Camillus,M,immatricolati,305
2024,accademico,5818,Roma Saint Camillus,F,immatricolati,476
2024,accademico,5818,Roma Saint Camillus,M,immatricolati,252
2025,accademico,5818,Roma Saint Camillus,F,immatricolati,864
2025,accademico,5818,Roma Saint Camillus,M,immatricolati,456
2018,accademico,5818,Roma Saint Camillus,F,iscritti,128
2018,accademico,5818,Roma Saint Camillus,M,iscritti,72
2019,accademico,5818,Roma Saint Camillus,F,iscritti,363
2019,accademico,5818,Roma Saint Camillus,M,iscritti,195
2020,accademico,5818,Roma Saint Camillus,F,iscritti,703
2020,accademico,5818,Roma Saint Camillus,M,iscritti,413
2021,accademico,5818,Roma Saint Camillus,F,iscritti,1191
2021,accademico,5818,Roma Saint Camillus,M,iscritti,725
2022,accademico,5818,Roma Saint Camillus,F,iscritti,1610
2022,accademico,5818,Roma Saint Camillus,M,iscritti,916
2023,accademico,5818,Roma Saint Camillus,F,iscritti,1989
2023,accademico,5818,Roma Saint Camillus,M,iscritti,1124
2024,accademico,5818,Roma Saint Camillus,F,iscritti,2224
2024,accademico,5818,Roma Saint Camillus,M,iscritti,1280
2021,solare,5818,Roma Saint Camillus,F,laureati,16
2021,solare,5818,Roma Saint Camillus,M,laureati,18
2022,solare,5818,Roma Saint Camillus,F,laureati,28
2022,solare,5818,Roma Saint Camillus,M,laureati,36
2023,solare,5818,Roma Saint Camillus,F,laureati,223
2023,solare,5818,Roma Saint Camillus,M,laureati,97
2024,solare,5818,Roma Saint Camillus,F,laureati,196
2024,solare,5818,Roma Saint Camillus,M,laureati,108
2025,solare,5818,Roma Saint Camillus,F,laureati,239
2025,solare,5818,Roma Saint Camillus,M,laureati,106
1998,accademico,6001,Cassino,F,immatricolati,1202
1998,accademico,6001,Cassino,M,immatricolati,983
1999,accademico,6001,Cassino,F,immatricolati,1285
1999,accademico,6001,Cassino,M,immatricolati,1198
2000,accademico,6001,Cassino,F,immatricolati,1341
2000,accademico,6001,Cassino,M,immatricolati,1047
2001,accademico,6001,Cassino,F,immatricolati,838
2001,accademico,6001,Cassino,M,immatricolati,777
2002,accademico,6001,Cassino,F,immatricolati,1099
2002,accademico,6001,Cassino,M,immatricolati,1123
2003,accademico,6001,Cassino,F,immatricolati,1131
2003,accademico,6001,Cassino,M,immatricolati,1149
2004,accademico,6001,Cassino,F,immatricolati,1147
2004,accademico,6001,Cassino,M,immatricolati,1320
2005,accademico,6001,Cassino,F,immatricolati,979
2005,accademico,6001,Cassino,M,immatricolati,889
2006,accademico,6001,Cassino,F,immatricolati,1133
2006,accademico,6001,Cassino,M,immatricolati,958
2007,accademico,6001,Cassino,F,immatricolati,1049
2007,accademico,6001,Cassino,M,immatricolati,861
2008,accademico,6001,Cassino,F,immatricolati,988
2008,accademico,6001,Cassino,M,immatricolati,901
2009,accademico,6001,Cassino,F,immatricolati,893
2009,accademico,6001,Cassino,M,immatricolati,805
2010,accademico,6001,Cassino,F,immatricolati,767
2010,accademico,6001,Cassino,M,immatricolati,718
2011,accademico,6001,Cassino,F,immatricolati,736
2011,accademico,6001,Cassino,M,immatricolati,657
2012,accademico,6001,Cassino,F,immatricolati,680
2012,accademico,6001,Cassino,M,immatricolati,652
2013,accademico,6001,Cassino,F,immatricolati,706
2013,accademico,6001,Cassino,M,immatricolati,586
2014,accademico,6001,Cassino,F,immatricolati,671
2014,accademico,6001,Cassino,M,immatricolati,590
2015,accademico,6001,Cassino,F,immatricolati,613
2015,accademico,6001,Cassino,M,immatricolati,546
2016,accademico,6001,Cassino,F,immatricolati,579
2016,accademico,6001,Cassino,M,immatricolati,568
2017,accademico,6001,Cassino,F,immatricolati,574
2017,accademico,6001,Cassino,M,immatricolati,541
2018,accademico,6001,Cassino,F,immatricolati,660
2018,accademico,6001,Cassino,M,immatricolati,634
2019,accademico,6001,Cassino,F,immatricolati,618
2019,accademico,6001,Cassino,M,immatricolati,619
2020,accademico,6001,Cassino,F,immatricolati,665
2020,accademico,6001,Cassino,M,immatricolati,578
2021,accademico,6001,Cassino,F,immatricolati,626
2021,accademico,6001,Cassino,M,immatricolati,638
2022,accademico,6001,Cassino,F,immatricolati,616
2022,accademico,6001,Cassino,M,immatricolati,606
2023,accademico,6001,Cassino,F,immatricolati,838
2023,accademico,6001,Cassino,M,immatricolati,752
2024,accademico,6001,Cassino,F,immatricolati,737
2024,accademico,6001,Cassino,M,immatricolati,738
2025,accademico,6001,Cassino,F,immatricolati,947
2025,accademico,6001,Cassino,M,immatricolati,1008
2000,accademico,6001,Cassino,F,iscritti,7138
2000,accademico,6001,Cassino,M,iscritti,5098
2001,accademico,6001,Cassino,F,iscritti,6871
2001,accademico,6001,Cassino,M,iscritti,4898
2002,accademico,6001,Cassino,F,iscritti,7087
2002,accademico,6001,Cassino,M,iscritti,5061
2003,accademico,6001,Cassino,F,iscritti,6963
2003,accademico,6001,Cassino,M,iscritti,5169
2004,accademico,6001,Cassino,F,iscritti,7605
2004,accademico,6001,Cassino,M,iscritti,6286
2005,accademico,6001,Cassino,F,iscritti,7340
2005,accademico,6001,Cassino,M,iscritti,5905
2006,accademico,6001,Cassino,F,iscritti,7062
2006,accademico,6001,Cassino,M,iscritti,5488
2007,accademico,6001,Cassino,F,iscritti,6889
2007,accademico,6001,Cassino,M,iscritti,5254
2008,accademico,6001,Cassino,F,iscritti,6675
2008,accademico,6001,Cassino,M,iscritti,5081
2009,accademico,6001,Cassino,F,iscritti,6520
2009,accademico,6001,Cassino,M,iscritti,5119
2010,accademico,6001,Cassino,F,iscritti,6511
2010,accademico,6001,Cassino,M,iscritti,4946
2011,accademico,6001,Cassino,F,iscritti,6063
2011,accademico,6001,Cassino,M,iscritti,4708
2012,accademico,6001,Cassino,F,iscritti,5277
2012,accademico,6001,Cassino,M,iscritti,4194
2013,accademico,6001,Cassino,F,iscritti,4947
2013,accademico,6001,Cassino,M,iscritti,3943
2014,accademico,6001,Cassino,F,iscritti,4531
2014,accademico,6001,Cassino,M,iscritti,3700
2015,accademico,6001,Cassino,F,iscritti,4281
2015,accademico,6001,Cassino,M,iscritti,3567
2016,accademico,6001,Cassino,F,iscritti,4105
2016,accademico,6001,Cassino,M,iscritti,3502
2017,accademico,6001,Cassino,F,iscritti,3888
2017,accademico,6001,Cassino,M,iscritti,3354
2018,accademico,6001,Cassino,F,iscritti,4044
2018,accademico,6001,Cassino,M,iscritti,3411
2019,accademico,6001,Cassino,F,iscritti,3791
2019,accademico,6001,Cassino,M,iscritti,3273
2020,accademico,6001,Cassino,F,iscritti,3783
2020,accademico,6001,Cassino,M,iscritti,3266
2021,accademico,6001,Cassino,F,iscritti,3735
2021,accademico,6001,Cassino,M,iscritti,3545
2022,accademico,6001,Cassino,F,iscritti,3647
2022,accademico,6001,Cassino,M,iscritti,3413
2023,accademico,6001,Cassino,F,iscritti,3919
2023,accademico,6001,Cassino,M,iscritti,3459
2024,accademico,6001,Cassino,F,iscritti,4007
2024,accademico,6001,Cassino,M,iscritti,3426
2001,solare,6001,Cassino,F,laureati,522
2001,solare,6001,Cassino,M,laureati,250
2002,solare,6001,Cassino,F,laureati,706
2002,solare,6001,Cassino,M,laureati,456
2003,solare,6001,Cassino,F,laureati,892
2003,solare,6001,Cassino,M,laureati,520
2004,solare,6001,Cassino,F,laureati,871
2004,solare,6001,Cassino,M,laureati,383
2005,solare,6001,Cassino,F,laureati,1099
2005,solare,6001,Cassino,M,laureati,641
2006,solare,6001,Cassino,F,laureati,1263
2006,solare,6001,Cassino,M,laureati,790
2007,solare,6001,Cassino,F,laureati,1037
2007,solare,6001,Cassino,M,laureati,680
2008,solare,6001,Cassino,F,laureati,976
2008,solare,6001,Cassino,M,laureati,687
2009,solare,6001,Cassino,F,laureati,1016
2009,solare,6001,Cassino,M,laureati,601
2010,solare,6001,Cassino,F,laureati,913
2010,solare,6001,Cassino,M,laureati,626
2011,solare,6001,Cassino,F,laureati,892
2011,solare,6001,Cassino,M,laureati,599
2012,solare,6001,Cassino,F,laureati,955
2012,solare,6001,Cassino,M,laureati,633
2013,solare,6001,Cassino,F,laureati,856
2013,solare,6001,Cassino,M,laureati,606
2014,solare,6001,Cassino,F,laureati,809
2014,solare,6001,Cassino,M,laureati,545
2015,solare,6001,Cassino,F,laureati,823
2015,solare,6001,Cassino,M,laureati,578
2016,solare,6001,Cassino,F,laureati,859
2016,solare,6001,Cassino,M,laureati,561
2017,solare,6001,Cassino,F,laureati,722
2017,solare,6001,Cassino,M,laureati,558
2018,solare,6001,Cassino,F,laureati,841
2018,solare,6001,Cassino,M,laureati,598
2019,solare,6001,Cassino,F,laureati,824
2019,solare,6001,Cassino,M,laureati,699
2020,solare,6001,Cassino,F,laureati,838
2020,solare,6001,Cassino,M,laureati,562
2021,solare,6001,Cassino,F,laureati,835
2021,solare,6001,Cassino,M,laureati,552
2022,solare,6001,Cassino,F,laureati,695
2022,solare,6001,Cassino,M,laureati,565
2023,solare,6001,Cassino,F,laureati,799
2023,solare,6001,Cassino,M,laureati,761
2024,solare,6001,Cassino,F,laureati,738
2024,solare,6001,Cassino,M,laureati,746
2025,solare,6001,Cassino,F,laureati,718
2025,solare,6001,Cassino,M,laureati,596
1998,accademico,6201,Sannio,F,immatricolati,455
1998,accademico,6201,Sannio,M,immatricolati,574
1999,accademico,6201,Sannio,F,immatricolati,527
1999,accademico,6201,Sannio,M,immatricolati,561
2000,accademico,6201,Sannio,F,immatricolati,612
2000,accademico,6201,Sannio,M,immatricolati,793
2001,accademico,6201,Sannio,F,immatricolati,500
2001,accademico,6201,Sannio,M,immatricolati,661
2002,accademico,6201,Sannio,F,immatricolati,605
2002,accademico,6201,Sannio,M,immatricolati,738
2003,accademico,6201,Sannio,F,immatricolati,666
2003,accademico,6201,Sannio,M,immatricolati,978
2004,accademico,6201,Sannio,F,immatricolati,573
2004,accademico,6201,Sannio,M,immatricolati,602
2005,accademico,6201,Sannio,F,immatricolati,537
2005,accademico,6201,Sannio,M,immatricolati,553
2006,accademico,6201,Sannio,F,immatricolati,472
2006,accademico,6201,Sannio,M,immatricolati,471
2007,accademico,6201,Sannio,F,immatricolati,543
2007,accademico,6201,Sannio,M,immatricolati,531
2008,accademico,6201,Sannio,F,immatricolati,468
2008,accademico,6201,Sannio,M,immatricolati,483
2009,accademico,6201,Sannio,F,immatricolati,604
2009,accademico,6201,Sannio,M,immatricolati,609
2010,accademico,6201,Sannio,F,immatricolati,622
2010,accademico,6201,Sannio,M,immatricolati,556
2011,accademico,6201,Sannio,F,immatricolati,533
2011,accademico,6201,Sannio,M,immatricolati,535
2012,accademico,6201,Sannio,F,immatricolati,434
2012,accademico,6201,Sannio,M,immatricolati,449
2013,accademico,6201,Sannio,F,immatricolati,598
2013,accademico,6201,Sannio,M,immatricolati,488
2014,accademico,6201,Sannio,F,immatricolati,489
2014,accademico,6201,Sannio,M,immatricolati,479
2015,accademico,6201,Sannio,F,immatricolati,424
2015,accademico,6201,Sannio,M,immatricolati,488
2016,accademico,6201,Sannio,F,immatricolati,441
2016,accademico,6201,Sannio,M,immatricolati,429
2017,accademico,6201,Sannio,F,immatricolati,424
2017,accademico,6201,Sannio,M,immatricolati,438
2018,accademico,6201,Sannio,F,immatricolati,409
2018,accademico,6201,Sannio,M,immatricolati,415
2019,accademico,6201,Sannio,F,immatricolati,390
2019,accademico,6201,Sannio,M,immatricolati,410
2020,accademico,6201,Sannio,F,immatricolati,418
2020,accademico,6201,Sannio,M,immatricolati,410
2021,accademico,6201,Sannio,F,immatricolati,368
2021,accademico,6201,Sannio,M,immatricolati,399
2022,accademico,6201,Sannio,F,immatricolati,392
2022,accademico,6201,Sannio,M,immatricolati,387
2023,accademico,6201,Sannio,F,immatricolati,379
2023,accademico,6201,Sannio,M,immatricolati,447
2024,accademico,6201,Sannio,F,immatricolati,444
2024,accademico,6201,Sannio,M,immatricolati,493
2025,accademico,6201,Sannio,F,immatricolati,430
2025,accademico,6201,Sannio,M,immatricolati,483
2000,accademico,6201,Sannio,F,iscritti,2590
2000,accademico,6201,Sannio,M,iscritti,2593
2001,accademico,6201,Sannio,F,iscritti,2631
2001,accademico,6201,Sannio,M,iscritti,2580
2002,accademico,6201,Sannio,F,iscritti,2993
2002,accademico,6201,Sannio,M,iscritti,3067
2003,accademico,6201,Sannio,F,iscritti,3294
2003,accademico,6201,Sannio,M,iscritti,3649
2004,accademico,6201,Sannio,F,iscritti,3414
2004,accademico,6201,Sannio,M,iscritti,3492
2005,accademico,6201,Sannio,F,iscritti,3589
2005,accademico,6201,Sannio,M,iscritti,3672
2006,accademico,6201,Sannio,F,iscritti,3576
2006,accademico,6201,Sannio,M,iscritti,3615
2007,accademico,6201,Sannio,F,iscritti,3574
2007,accademico,6201,Sannio,M,iscritti,3484
2008,accademico,6201,Sannio,F,iscritti,3520
2008,accademico,6201,Sannio,M,iscritti,3389
2009,accademico,6201,Sannio,F,iscritti,3459
2009,accademico,6201,Sannio,M,iscritti,3257
2010,accademico,6201,Sannio,F,iscritti,3857
2010,accademico,6201,Sannio,M,iscritti,3531
2011,accademico,6201,Sannio,F,iscritti,3647
2011,accademico,6201,Sannio,M,iscritti,3321
2012,accademico,6201,Sannio,F,iscritti,3386
2012,accademico,6201,Sannio,M,iscritti,3054
2013,accademico,6201,Sannio,F,iscritti,3315
2013,accademico,6201,Sannio,M,iscritti,3012
2014,accademico,6201,Sannio,F,iscritti,3120
2014,accademico,6201,Sannio,M,iscritti,2791
2015,accademico,6201,Sannio,F,iscritti,2869
2015,accademico,6201,Sannio,M,iscritti,2702
2016,accademico,6201,Sannio,F,iscritti,2716
2016,accademico,6201,Sannio,M,iscritti,2517
2017,accademico,6201,Sannio,F,iscritti,2526
2017,accademico,6201,Sannio,M,iscritti,2368
2018,accademico,6201,Sannio,F,iscritti,2424
2018,accademico,6201,Sannio,M,iscritti,2260
2019,accademico,6201,Sannio,F,iscritti,2250
2019,accademico,6201,Sannio,M,iscritti,2089
2020,accademico,6201,Sannio,F,iscritti,2095
2020,accademico,6201,Sannio,M,iscritti,2014
2021,accademico,6201,Sannio,F,iscritti,1926
2021,accademico,6201,Sannio,M,iscritti,1938
2022,accademico,6201,Sannio,F,iscritti,1829
2022,accademico,6201,Sannio,M,iscritti,1830
2023,accademico,6201,Sannio,F,iscritti,1741
2023,accademico,6201,Sannio,M,iscritti,1835
2024,accademico,6201,Sannio,9,iscritti,1
2024,accademico,6201,Sannio,F,iscritti,1809
2024,accademico,6201,Sannio,M,iscritti,1958
2001,solare,6201,Sannio,F,laureati,145
2001,solare,6201,Sannio,M,laureati,116
2002,solare,6201,Sannio,F,laureati,169
2002,solare,6201,Sannio,M,laureati,153
2003,solare,6201,Sannio,F,laureati,213
2003,solare,6201,Sannio,M,laureati,193
2004,solare,6201,Sannio,F,laureati,253
2004,solare,6201,Sannio,M,laureati,236
2005,solare,6201,Sannio,F,laureati,343
2005,solare,6201,Sannio,M,laureati,299
2006,solare,6201,Sannio,F,laureati,371
2006,solare,6201,Sannio,M,laureati,320
2007,solare,6201,Sannio,F,laureati,424
2007,solare,6201,Sannio,M,laureati,395
2008,solare,6201,Sannio,F,laureati,454
2008,solare,6201,Sannio,M,laureati,448
2009,solare,6201,Sannio,F,laureati,481
2009,solare,6201,Sannio,M,laureati,445
2010,solare,6201,Sannio,F,laureati,400
2010,solare,6201,Sannio,M,laureati,326
2011,solare,6201,Sannio,F,laureati,406
2011,solare,6201,Sannio,M,laureati,359
2012,solare,6201,Sannio,F,laureati,452
2012,solare,6201,Sannio,M,laureati,400
2013,solare,6201,Sannio,F,laureati,485
2013,solare,6201,Sannio,M,laureati,389
2014,solare,6201,Sannio,F,laureati,471
2014,solare,6201,Sannio,M,laureati,372
2015,solare,6201,Sannio,F,laureati,509
2015,solare,6201,Sannio,M,laureati,415
2016,solare,6201,Sannio,F,laureati,468
2016,solare,6201,Sannio,M,laureati,434
2017,solare,6201,Sannio,F,laureati,465
2017,solare,6201,Sannio,M,laureati,398
2018,solare,6201,Sannio,F,laureati,509
2018,solare,6201,Sannio,M,laureati,394
2019,solare,6201,Sannio,F,laureati,443
2019,solare,6201,Sannio,M,laureati,434
2020,solare,6201,Sannio,F,laureati,431
2020,solare,6201,Sannio,M,laureati,362
2021,solare,6201,Sannio,F,laureati,440
2021,solare,6201,Sannio,M,laureati,326
2022,solare,6201,Sannio,F,laureati,346
2022,solare,6201,Sannio,M,laureati,297
2023,solare,6201,Sannio,F,laureati,354
2023,solare,6201,Sannio,M,laureati,335
2024,solare,6201,Sannio,F,laureati,382
2024,solare,6201,Sannio,M,laureati,349
2025,solare,6201,Sannio,F,laureati,321
2025,solare,6201,Sannio,M,laureati,352
2006,accademico,6202,Benevento Giustino Fortunato - telematica,F,immatricolati,14
2006,accademico,6202,Benevento Giustino Fortunato - telematica,M,immatricolati,34
2007,accademico,6202,Benevento Giustino Fortunato - telematica,F,immatricolati,15
2007,accademico,6202,Benevento Giustino Fortunato - telematica,M,immatricolati,24
2008,accademico,6202,Benevento Giustino Fortunato - telematica,F,immatricolati,8
2008,accademico,6202,Benevento Giustino Fortunato - telematica,M,immatricolati,24
2009,accademico,6202,Benevento Giustino Fortunato - telematica,F,immatricolati,7
2009,accademico,6202,Benevento Giustino Fortunato - telematica,M,immatricolati,16
2010,accademico,6202,Benevento Giustino Fortunato - telematica,F,immatricolati,14
2010,accademico,6202,Benevento Giustino Fortunato - telematica,M,immatricolati,35
2011,accademico,6202,Benevento Giustino Fortunato - telematica,F,immatricolati,3
2011,accademico,6202,Benevento Giustino Fortunato - telematica,M,immatricolati,9
2012,accademico,6202,Benevento Giustino Fortunato - telematica,F,immatricolati,3
2012,accademico,6202,Benevento Giustino Fortunato - telematica,M,immatricolati,16
2013,accademico,6202,Benevento Giustino Fortunato - telematica,F,immatricolati,13
2013,accademico,6202,Benevento Giustino Fortunato - telematica,M,immatricolati,27
2014,accademico,6202,Benevento Giustino Fortunato - telematica,F,immatricolati,7
2014,accademico,6202,Benevento Giustino Fortunato - telematica,M,immatricolati,34
2015,accademico,6202,Benevento Giustino Fortunato - telematica,F,immatricolati,8
2015,accademico,6202,Benevento Giustino Fortunato - telematica,M,immatricolati,25
2016,accademico,6202,Benevento Giustino Fortunato - telematica,F,immatricolati,10
2016,accademico,6202,Benevento Giustino Fortunato - telematica,M,immatricolati,31
2017,accademico,6202,Benevento Giustino Fortunato - telematica,F,immatricolati,9
2017,accademico,6202,Benevento Giustino Fortunato - telematica,M,immatricolati,41
2018,accademico,6202,Benevento Giustino Fortunato - telematica,F,immatricolati,38
2018,accademico,6202,Benevento Giustino Fortunato - telematica,M,immatricolati,55
2019,accademico,6202,Benevento Giustino Fortunato - telematica,F,immatricolati,53
2019,accademico,6202,Benevento Giustino Fortunato - telematica,M,immatricolati,44
2020,accademico,6202,Benevento Giustino Fortunato - telematica,F,immatricolati,105
2020,accademico,6202,Benevento Giustino Fortunato - telematica,M,immatricolati,96
2021,accademico,6202,Benevento Giustino Fortunato - telematica,F,immatricolati,103
2021,accademico,6202,Benevento Giustino Fortunato - telematica,M,immatricolati,76
2022,accademico,6202,Benevento Giustino Fortunato - telematica,F,immatricolati,93
2022,accademico,6202,Benevento Giustino Fortunato - telematica,M,immatricolati,96
2023,accademico,6202,Benevento Giustino Fortunato - telematica,F,immatricolati,79
2023,accademico,6202,Benevento Giustino Fortunato - telematica,M,immatricolati,86
2024,accademico,6202,Benevento Giustino Fortunato - telematica,F,immatricolati,111
2024,accademico,6202,Benevento Giustino Fortunato - telematica,M,immatricolati,102
2025,accademico,6202,Benevento Giustino Fortunato - telematica,F,immatricolati,85
2025,accademico,6202,Benevento Giustino Fortunato - telematica,M,immatricolati,53
2006,accademico,6202,Benevento Giustino Fortunato - telematica,F,iscritti,35
2006,accademico,6202,Benevento Giustino Fortunato - telematica,M,iscritti,80
2007,accademico,6202,Benevento Giustino Fortunato - telematica,F,iscritti,71
2007,accademico,6202,Benevento Giustino Fortunato - telematica,M,iscritti,177
2008,accademico,6202,Benevento Giustino Fortunato - telematica,F,iscritti,130
2008,accademico,6202,Benevento Giustino Fortunato - telematica,M,iscritti,295
2009,accademico,6202,Benevento Giustino Fortunato - telematica,F,iscritti,141
2009,accademico,6202,Benevento Giustino Fortunato - telematica,M,iscritti,279
2010,accademico,6202,Benevento Giustino Fortunato - telematica,F,iscritti,175
2010,accademico,6202,Benevento Giustino Fortunato - telematica,M,iscritti,382
2011,accademico,6202,Benevento Giustino Fortunato - telematica,F,iscritti,161
2011,accademico,6202,Benevento Giustino Fortunato - telematica,M,iscritti,327
2012,accademico,6202,Benevento Giustino Fortunato - telematica,F,iscritti,183
2012,accademico,6202,Benevento Giustino Fortunato - telematica,M,iscritti,303
2013,accademico,6202,Benevento Giustino Fortunato - telematica,F,iscritti,194
2013,accademico,6202,Benevento Giustino Fortunato - telematica,M,iscritti,350
2014,accademico,6202,Benevento Giustino Fortunato - telematica,F,iscritti,241
2014,accademico,6202,Benevento Giustino Fortunato - telematica,M,iscritti,385
2015,accademico,6202,Benevento Giustino Fortunato - telematica,F,iscritti,281
2015,accademico,6202,Benevento Giustino Fortunato - telematica,M,iscritti,463
2016,accademico,6202,Benevento Giustino Fortunato - telematica,F,iscritti,286
2016,accademico,6202,Benevento Giustino Fortunato - telematica,M,iscritti,500
2017,accademico,6202,Benevento Giustino Fortunato - telematica,F,iscritti,290
2017,accademico,6202,Benevento Giustino Fortunato - telematica,M,iscritti,553
2018,accademico,6202,Benevento Giustino Fortunato - telematica,F,iscritti,397
2018,accademico,6202,Benevento Giustino Fortunato - telematica,M,iscritti,564
2019,accademico,6202,Benevento Giustino Fortunato - telematica,F,iscritti,622
2019,accademico,6202,Benevento Giustino Fortunato - telematica,M,iscritti,649
2020,accademico,6202,Benevento Giustino Fortunato - telematica,F,iscritti,950
2020,accademico,6202,Benevento Giustino Fortunato - telematica,M,iscritti,866
2021,accademico,6202,Benevento Giustino Fortunato - telematica,F,iscritti,1137
2021,accademico,6202,Benevento Giustino Fortunato - telematica,M,iscritti,850
2022,accademico,6202,Benevento Giustino Fortunato - telematica,F,iscritti,1271
2022,accademico,6202,Benevento Giustino Fortunato - telematica,M,iscritti,877
2023,accademico,6202,Benevento Giustino Fortunato - telematica,F,iscritti,1310
2023,accademico,6202,Benevento Giustino Fortunato - telematica,M,iscritti,867
2024,accademico,6202,Benevento Giustino Fortunato - telematica,F,iscritti,1682
2024,accademico,6202,Benevento Giustino Fortunato - telematica,M,iscritti,1078
2008,solare,6202,Benevento Giustino Fortunato - telematica,M,laureati,2
2009,solare,6202,Benevento Giustino Fortunato - telematica,F,laureati,13
2009,solare,6202,Benevento Giustino Fortunato - telematica,M,laureati,28
2010,solare,6202,Benevento Giustino Fortunato - telematica,F,laureati,26
2010,solare,6202,Benevento Giustino Fortunato - telematica,M,laureati,42
2011,solare,6202,Benevento Giustino Fortunato - telematica,F,laureati,35
2011,solare,6202,Benevento Giustino Fortunato - telematica,M,laureati,58
2012,solare,6202,Benevento Giustino Fortunato - telematica,F,laureati,31
2012,solare,6202,Benevento Giustino Fortunato - telematica,M,laureati,79
2013,solare,6202,Benevento Giustino Fortunato - telematica,F,laureati,35
2013,solare,6202,Benevento Giustino Fortunato - telematica,M,laureati,76
2014,solare,6202,Benevento Giustino Fortunato - telematica,F,laureati,55
2014,solare,6202,Benevento Giustino Fortunato - telematica,M,laureati,76
2015,solare,6202,Benevento Giustino Fortunato - telematica,F,laureati,54
2015,solare,6202,Benevento Giustino Fortunato - telematica,M,laureati,99
2016,solare,6202,Benevento Giustino Fortunato - telematica,F,laureati,77
2016,solare,6202,Benevento Giustino Fortunato - telematica,M,laureati,121
2017,solare,6202,Benevento Giustino Fortunato - telematica,F,laureati,94
2017,solare,6202,Benevento Giustino Fortunato - telematica,M,laureati,151
2018,solare,6202,Benevento Giustino Fortunato - telematica,F,laureati,109
2018,solare,6202,Benevento Giustino Fortunato - telematica,M,laureati,185
2019,solare,6202,Benevento Giustino Fortunato - telematica,F,laureati,125
2019,solare,6202,Benevento Giustino Fortunato - telematica,M,laureati,230
2020,solare,6202,Benevento Giustino Fortunato - telematica,F,laureati,156
2020,solare,6202,Benevento Giustino Fortunato - telematica,M,laureati,190
2021,solare,6202,Benevento Giustino Fortunato - telematica,F,laureati,229
2021,solare,6202,Benevento Giustino Fortunato - telematica,M,laureati,258
2022,solare,6202,Benevento Giustino Fortunato - telematica,F,laureati,344
2022,solare,6202,Benevento Giustino Fortunato - telematica,M,laureati,309
2023,solare,6202,Benevento Giustino Fortunato - telematica,F,laureati,377
2023,solare,6202,Benevento Giustino Fortunato - telematica,M,laureati,293
2024,solare,6202,Benevento Giustino Fortunato - telematica,F,laureati,454
2024,solare,6202,Benevento Giustino Fortunato - telematica,M,laureati,300
2025,solare,6202,Benevento Giustino Fortunato - telematica,F,laureati,580
2025,solare,6202,Benevento Giustino Fortunato - telematica,M,laureati,338
1998,accademico,6301,Napoli Federico II,F,immatricolati,7416
1998,accademico,6301,Napoli Federico II,M,immatricolati,7057
1999,accademico,6301,Napoli Federico II,F,immatricolati,7297
1999,accademico,6301,Napoli Federico II,M,immatricolati,7051
2000,accademico,6301,Napoli Federico II,F,immatricolati,7028
2000,accademico,6301,Napoli Federico II,M,immatricolati,6782
2001,accademico,6301,Napoli Federico II,F,immatricolati,7290
2001,accademico,6301,Napoli Federico II,M,immatricolati,7186
2002,accademico,6301,Napoli Federico II,F,immatricolati,8977
2002,accademico,6301,Napoli Federico II,M,immatricolati,7816
2003,accademico,6301,Napoli Federico II,F,immatricolati,8932
2003,accademico,6301,Napoli Federico II,M,immatricolati,8349
2004,accademico,6301,Napoli Federico II,F,immatricolati,9463
2004,accademico,6301,Napoli Federico II,M,immatricolati,8108
2005,accademico,6301,Napoli Federico II,F,immatricolati,8498
2005,accademico,6301,Napoli Federico II,M,immatricolati,6922
2006,accademico,6301,Napoli Federico II,F,immatricolati,7457
2006,accademico,6301,Napoli Federico II,M,immatricolati,5874
2007,accademico,6301,Napoli Federico II,F,immatricolati,7363
2007,accademico,6301,Napoli Federico II,M,immatricolati,5583
2008,accademico,6301,Napoli Federico II,F,immatricolati,7337
2008,accademico,6301,Napoli Federico II,M,immatricolati,5668
2009,accademico,6301,Napoli Federico II,F,immatricolati,8120
2009,accademico,6301,Napoli Federico II,M,immatricolati,6468
2010,accademico,6301,Napoli Federico II,F,immatricolati,7383
2010,accademico,6301,Napoli Federico II,M,immatricolati,6263
2011,accademico,6301,Napoli Federico II,F,immatricolati,7532
2011,accademico,6301,Napoli Federico II,M,immatricolati,6169
2012,accademico,6301,Napoli Federico II,F,immatricolati,6861
2012,accademico,6301,Napoli Federico II,M,immatricolati,5620
2013,accademico,6301,Napoli Federico II,F,immatricolati,6565
2013,accademico,6301,Napoli Federico II,M,immatricolati,5560
2014,accademico,6301,Napoli Federico II,F,immatricolati,6450
2014,accademico,6301,Napoli Federico II,M,immatricolati,5545
2015,accademico,6301,Napoli Federico II,F,immatricolati,6343
2015,accademico,6301,Napoli Federico II,M,immatricolati,5553
2016,accademico,6301,Napoli Federico II,F,immatricolati,6427
2016,accademico,6301,Napoli Federico II,M,immatricolati,5780
2017,accademico,6301,Napoli Federico II,F,immatricolati,6735
2017,accademico,6301,Napoli Federico II,M,immatricolati,5812
2018,accademico,6301,Napoli Federico II,F,immatricolati,7374
2018,accademico,6301,Napoli Federico II,M,immatricolati,6246
2019,accademico,6301,Napoli Federico II,F,immatricolati,7552
2019,accademico,6301,Napoli Federico II,M,immatricolati,6436
2020,accademico,6301,Napoli Federico II,F,immatricolati,7921
2020,accademico,6301,Napoli Federico II,M,immatricolati,6435
2021,accademico,6301,Napoli Federico II,F,immatricolati,7689
2021,accademico,6301,Napoli Federico II,M,immatricolati,6469
2022,accademico,6301,Napoli Federico II,F,immatricolati,7318
2022,accademico,6301,Napoli Federico II,M,immatricolati,5943
2023,accademico,6301,Napoli Federico II,F,immatricolati,7472
2023,accademico,6301,Napoli Federico II,M,immatricolati,5867
2024,accademico,6301,Napoli Federico II,F,immatricolati,7398
2024,accademico,6301,Napoli Federico II,M,immatricolati,5824
2025,accademico,6301,Napoli Federico II,F,immatricolati,7159
2025,accademico,6301,Napoli Federico II,M,immatricolati,5926
2000,accademico,6301,Napoli Federico II,F,iscritti,47579
2000,accademico,6301,Napoli Federico II,M,iscritti,44765
2001,accademico,6301,Napoli Federico II,F,iscritti,46548
2001,accademico,6301,Napoli Federico II,M,iscritti,43604
2002,accademico,6301,Napoli Federico II,F,iscritti,49321
2002,accademico,6301,Napoli Federico II,M,iscritti,44957
2003,accademico,6301,Napoli Federico II,F,iscritti,50204
2003,accademico,6301,Napoli Federico II,M,iscritti,45715
2004,accademico,6301,Napoli Federico II,F,iscritti,51493
2004,accademico,6301,Napoli Federico II,M,iscritti,45170
2005,accademico,6301,Napoli Federico II,F,iscritti,51987
2005,accademico,6301,Napoli Federico II,M,iscritti,44413
2006,accademico,6301,Napoli Federico II,F,iscritti,49570
2006,accademico,6301,Napoli Federico II,M,iscritti,40531
2007,accademico,6301,Napoli Federico II,F,iscritti,49845
2007,accademico,6301,Napoli Federico II,M,iscritti,39839
2008,accademico,6301,Napoli Federico II,F,iscritti,49175
2008,accademico,6301,Napoli Federico II,M,iscritti,38230
2009,accademico,6301,Napoli Federico II,F,iscritti,48979
2009,accademico,6301,Napoli Federico II,M,iscritti,37223
2010,accademico,6301,Napoli Federico II,F,iscritti,51929
2010,accademico,6301,Napoli Federico II,M,iscritti,40057
2011,accademico,6301,Napoli Federico II,F,iscritti,51451
2011,accademico,6301,Napoli Federico II,M,iscritti,39353
2012,accademico,6301,Napoli Federico II,F,iscritti,49594
2012,accademico,6301,Napoli Federico II,M,iscritti,37816
2013,accademico,6301,Napoli Federico II,F,iscritti,47769
2013,accademico,6301,Napoli Federico II,M,iscritti,36734
2014,accademico,6301,Napoli Federico II,F,iscritti,46492
2014,accademico,6301,Napoli Federico II,M,iscritti,36183
2015,accademico,6301,Napoli Federico II,F,iscritti,44360
2015,accademico,6301,Napoli Federico II,M,iscritti,35253
2016,accademico,6301,Napoli Federico II,F,iscritti,43306
2016,accademico,6301,Napoli Federico II,M,iscritti,34993
2017,accademico,6301,Napoli Federico II,F,iscritti,42227
2017,accademico,6301,Napoli Federico II,M,iscritti,34356
2018,accademico,6301,Napoli Federico II,F,iscritti,41790
2018,accademico,6301,Napoli Federico II,M,iscritti,34131
2019,accademico,6301,Napoli Federico II,F,iscritti,41579
2019,accademico,6301,Napoli Federico II,M,iscritti,33735
2020,accademico,6301,Napoli Federico II,F,iscritti,42487
2020,accademico,6301,Napoli Federico II,M,iscritti,33824
2021,accademico,6301,Napoli Federico II,F,iscritti,41623
2021,accademico,6301,Napoli Federico II,M,iscritti,33055
2022,accademico,6301,Napoli Federico II,F,iscritti,40883
2022,accademico,6301,Napoli Federico II,M,iscritti,31957
2023,accademico,6301,Napoli Federico II,F,iscritti,40914
2023,accademico,6301,Napoli Federico II,M,iscritti,31679
2024,accademico,6301,Napoli Federico II,F,iscritti,40356
2024,accademico,6301,Napoli Federico II,M,iscritti,31551
2001,solare,6301,Napoli Federico II,F,laureati,4232
2001,solare,6301,Napoli Federico II,M,laureati,4197
2002,solare,6301,Napoli Federico II,F,laureati,4621
2002,solare,6301,Napoli Federico II,M,laureati,4407
2003,solare,6301,Napoli Federico II,F,laureati,4677
2003,solare,6301,Napoli Federico II,M,laureati,4447
2004,solare,6301,Napoli Federico II,F,laureati,5560
2004,solare,6301,Napoli Federico II,M,laureati,5263
2005,solare,6301,Napoli Federico II,F,laureati,6406
2005,solare,6301,Napoli Federico II,M,laureati,5659
2006,solare,6301,Napoli Federico II,F,laureati,7029
2006,solare,6301,Napoli Federico II,M,laureati,5973
2007,solare,6301,Napoli Federico II,F,laureati,6595
2007,solare,6301,Napoli Federico II,M,laureati,5450
2008,solare,6301,Napoli Federico II,F,laureati,6556
2008,solare,6301,Napoli Federico II,M,laureati,5532
2009,solare,6301,Napoli Federico II,F,laureati,6593
2009,solare,6301,Napoli Federico II,M,laureati,5235
2010,solare,6301,Napoli Federico II,F,laureati,6786
2010,solare,6301,Napoli Federico II,M,laureati,5125
2011,solare,6301,Napoli Federico II,F,laureati,6881
2011,solare,6301,Napoli Federico II,M,laureati,5187
2012,solare,6301,Napoli Federico II,F,laureati,7311
2012,solare,6301,Napoli Federico II,M,laureati,5563
2013,solare,6301,Napoli Federico II,F,laureati,7301
2013,solare,6301,Napoli Federico II,M,laureati,5548
2014,solare,6301,Napoli Federico II,F,laureati,7349
2014,solare,6301,Napoli Federico II,M,laureati,5350
2015,solare,6301,Napoli Federico II,F,laureati,7379
2015,solare,6301,Napoli Federico II,M,laureati,5520
2016,solare,6301,Napoli Federico II,F,laureati,7385
2016,solare,6301,Napoli Federico II,M,laureati,5476
2017,solare,6301,Napoli Federico II,F,laureati,7348
2017,solare,6301,Napoli Federico II,M,laureati,5653
2018,solare,6301,Napoli Federico II,F,laureati,7461
2018,solare,6301,Napoli Federico II,M,laureati,5869
2019,solare,6301,Napoli Federico II,F,laureati,7385
2019,solare,6301,Napoli Federico II,M,laureati,5840
2020,solare,6301,Napoli Federico II,F,laureati,7327
2020,solare,6301,Napoli Federico II,M,laureati,5748
2021,solare,6301,Napoli Federico II,F,laureati,7532
2021,solare,6301,Napoli Federico II,M,laureati,5884
2022,solare,6301,Napoli Federico II,F,laureati,7380
2022,solare,6301,Napoli Federico II,M,laureati,5371
2023,solare,6301,Napoli Federico II,F,laureati,7783
2023,solare,6301,Napoli Federico II,M,laureati,5785
2024,solare,6301,Napoli Federico II,F,laureati,7696
2024,solare,6301,Napoli Federico II,M,laureati,5888
2025,solare,6301,Napoli Federico II,F,laureati,7664
2025,solare,6301,Napoli Federico II,M,laureati,5715
1998,accademico,6302,Napoli Parthenope,F,immatricolati,1358
1998,accademico,6302,Napoli Parthenope,M,immatricolati,1587
1999,accademico,6302,Napoli Parthenope,F,immatricolati,1683
1999,accademico,6302,Napoli Parthenope,M,immatricolati,2292
2000,accademico,6302,Napoli Parthenope,F,immatricolati,1438
2000,accademico,6302,Napoli Parthenope,M,immatricolati,1883
2001,accademico,6302,Napoli Parthenope,F,immatricolati,1763
2001,accademico,6302,Napoli Parthenope,M,immatricolati,2262
2002,accademico,6302,Napoli Parthenope,F,immatricolati,1581
2002,accademico,6302,Napoli Parthenope,M,immatricolati,2224
2003,accademico,6302,Napoli Parthenope,F,immatricolati,1300
2003,accademico,6302,Napoli Parthenope,M,immatricolati,2186
2004,accademico,6302,Napoli Parthenope,F,immatricolati,1350
2004,accademico,6302,Napoli Parthenope,M,immatricolati,1849
2005,accademico,6302,Napoli Parthenope,F,immatricolati,1264
2005,accademico,6302,Napoli Parthenope,M,immatricolati,1881
2006,accademico,6302,Napoli Parthenope,F,immatricolati,1210
2006,accademico,6302,Napoli Parthenope,M,immatricolati,1929
2007,accademico,6302,Napoli Parthenope,F,immatricolati,1295
2007,accademico,6302,Napoli Parthenope,M,immatricolati,2283
2008,accademico,6302,Napoli Parthenope,F,immatricolati,1431
2008,accademico,6302,Napoli Parthenope,M,immatricolati,2439
2009,accademico,6302,Napoli Parthenope,F,immatricolati,1159
2009,accademico,6302,Napoli Parthenope,M,immatricolati,1654
2010,accademico,6302,Napoli Parthenope,F,immatricolati,1632
2010,accademico,6302,Napoli Parthenope,M,immatricolati,1684
2011,accademico,6302,Napoli Parthenope,F,immatricolati,1055
2011,accademico,6302,Napoli Parthenope,M,immatricolati,1459
2012,accademico,6302,Napoli Parthenope,F,immatricolati,1113
2012,accademico,6302,Napoli Parthenope,M,immatricolati,1511
2013,accademico,6302,Napoli Parthenope,F,immatricolati,1076
2013,accademico,6302,Napoli Parthenope,M,immatricolati,1525
2014,accademico,6302,Napoli Parthenope,F,immatricolati,969
2014,accademico,6302,Napoli Parthenope,M,immatricolati,1322
2015,accademico,6302,Napoli Parthenope,F,immatricolati,881
2015,accademico,6302,Napoli Parthenope,M,immatricolati,1224
2016,accademico,6302,Napoli Parthenope,F,immatricolati,813
2016,accademico,6302,Napoli Parthenope,M,immatricolati,1262
2017,accademico,6302,Napoli Parthenope,F,immatricolati,716
2017,accademico,6302,Napoli Parthenope,M,immatricolati,1126
2018,accademico,6302,Napoli Parthenope,F,immatricolati,716
2018,accademico,6302,Napoli Parthenope,M,immatricolati,1077
2019,accademico,6302,Napoli Parthenope,F,immatricolati,803
2019,accademico,6302,Napoli Parthenope,M,immatricolati,1144
2020,accademico,6302,Napoli Parthenope,F,immatricolati,909
2020,accademico,6302,Napoli Parthenope,M,immatricolati,1420
2021,accademico,6302,Napoli Parthenope,F,immatricolati,916
2021,accademico,6302,Napoli Parthenope,M,immatricolati,1478
2022,accademico,6302,Napoli Parthenope,F,immatricolati,1287
2022,accademico,6302,Napoli Parthenope,M,immatricolati,1805
2023,accademico,6302,Napoli Parthenope,F,immatricolati,1402
2023,accademico,6302,Napoli Parthenope,M,immatricolati,2029
2024,accademico,6302,Napoli Parthenope,F,immatricolati,1443
2024,accademico,6302,Napoli Parthenope,M,immatricolati,2145
2025,accademico,6302,Napoli Parthenope,F,immatricolati,1741
2025,accademico,6302,Napoli Parthenope,M,immatricolati,2295
2000,accademico,6302,Napoli Parthenope,F,iscritti,6359
2000,accademico,6302,Napoli Parthenope,M,iscritti,7343
2001,accademico,6302,Napoli Parthenope,F,iscritti,7116
2001,accademico,6302,Napoli Parthenope,M,iscritti,8661
2002,accademico,6302,Napoli Parthenope,F,iscritti,7444
2002,accademico,6302,Napoli Parthenope,M,iscritti,9138
2003,accademico,6302,Napoli Parthenope,F,iscritti,7428
2003,accademico,6302,Napoli Parthenope,M,iscritti,9266
2004,accademico,6302,Napoli Parthenope,F,iscritti,7549
2004,accademico,6302,Napoli Parthenope,M,iscritti,9160
2005,accademico,6302,Napoli Parthenope,F,iscritti,7418
2005,accademico,6302,Napoli Parthenope,M,iscritti,9083
2006,accademico,6302,Napoli Parthenope,F,iscritti,7383
2006,accademico,6302,Napoli Parthenope,M,iscritti,9030
2007,accademico,6302,Napoli Parthenope,F,iscritti,7398
2007,accademico,6302,Napoli Parthenope,M,iscritti,9430
2008,accademico,6302,Napoli Parthenope,F,iscritti,7220
2008,accademico,6302,Napoli Parthenope,M,iscritti,9559
2009,accademico,6302,Napoli Parthenope,F,iscritti,7182
2009,accademico,6302,Napoli Parthenope,M,iscritti,9399
2010,accademico,6302,Napoli Parthenope,F,iscritti,8106
2010,accademico,6302,Napoli Parthenope,M,iscritti,10027
2011,accademico,6302,Napoli Parthenope,F,iscritti,7597
2011,accademico,6302,Napoli Parthenope,M,iscritti,9318
2012,accademico,6302,Napoli Parthenope,F,iscritti,7314
2012,accademico,6302,Napoli Parthenope,M,iscritti,8984
2013,accademico,6302,Napoli Parthenope,F,iscritti,7060
2013,accademico,6302,Napoli Parthenope,M,iscritti,8834
2014,accademico,6302,Napoli Parthenope,F,iscritti,6678
2014,accademico,6302,Napoli Parthenope,M,iscritti,8260
2015,accademico,6302,Napoli Parthenope,F,iscritti,6259
2015,accademico,6302,Napoli Parthenope,M,iscritti,7804
2016,accademico,6302,Napoli Parthenope,F,iscritti,5743
2016,accademico,6302,Napoli Parthenope,M,iscritti,7459
2017,accademico,6302,Napoli Parthenope,F,iscritti,5324
2017,accademico,6302,Napoli Parthenope,M,iscritti,6937
2018,accademico,6302,Napoli Parthenope,F,iscritti,4980
2018,accademico,6302,Napoli Parthenope,M,iscritti,6522
2019,accademico,6302,Napoli Parthenope,F,iscritti,4715
2019,accademico,6302,Napoli Parthenope,M,iscritti,6176
2020,accademico,6302,Napoli Parthenope,F,iscritti,4731
2020,accademico,6302,Napoli Parthenope,M,iscritti,6390
2021,accademico,6302,Napoli Parthenope,F,iscritti,4698
2021,accademico,6302,Napoli Parthenope,M,iscritti,6538
2022,accademico,6302,Napoli Parthenope,F,iscritti,5080
2022,accademico,6302,Napoli Parthenope,M,iscritti,7050
2023,accademico,6302,Napoli Parthenope,F,iscritti,5676
2023,accademico,6302,Napoli Parthenope,M,iscritti,7806
2024,accademico,6302,Napoli Parthenope,F,iscritti,6286
2024,accademico,6302,Napoli Parthenope,M,iscritti,8559
2001,solare,6302,Napoli Parthenope,F,laureati,380
2001,solare,6302,Napoli Parthenope,M,laureati,431
2002,solare,6302,Napoli Parthenope,F,laureati,415
2002,solare,6302,Napoli Parthenope,M,laureati,488
2003,solare,6302,Napoli Parthenope,F,laureati,553
2003,solare,6302,Napoli Parthenope,M,laureati,597
2004,solare,6302,Napoli Parthenope,F,laureati,801
2004,solare,6302,Napoli Parthenope,M,laureati,829
2005,solare,6302,Napoli Parthenope,F,laureati,1053
2005,solare,6302,Napoli Parthenope,M,laureati,1054
2006,solare,6302,Napoli Parthenope,F,laureati,1078
2006,solare,6302,Napoli Parthenope,M,laureati,1174
2007,solare,6302,Napoli Parthenope,F,laureati,1056
2007,solare,6302,Napoli Parthenope,M,laureati,1143
2008,solare,6302,Napoli Parthenope,F,laureati,1002
2008,solare,6302,Napoli Parthenope,M,laureati,1039
2009,solare,6302,Napoli Parthenope,F,laureati,983
2009,solare,6302,Napoli Parthenope,M,laureati,1056
2010,solare,6302,Napoli Parthenope,F,laureati,1050
2010,solare,6302,Napoli Parthenope,M,laureati,1053
2011,solare,6302,Napoli Parthenope,F,laureati,927
2011,solare,6302,Napoli Parthenope,M,laureati,1070
2012,solare,6302,Napoli Parthenope,F,laureati,912
2012,solare,6302,Napoli Parthenope,M,laureati,1123
2013,solare,6302,Napoli Parthenope,F,laureati,1033
2013,solare,6302,Napoli Parthenope,M,laureati,1092
2014,solare,6302,Napoli Parthenope,F,laureati,1231
2014,solare,6302,Napoli Parthenope,M,laureati,1379
2015,solare,6302,Napoli Parthenope,F,laureati,963
2015,solare,6302,Napoli Parthenope,M,laureati,1199
2016,solare,6302,Napoli Parthenope,F,laureati,1089
2016,solare,6302,Napoli Parthenope,M,laureati,1106
2017,solare,6302,Napoli Parthenope,F,laureati,1025
2017,solare,6302,Napoli Parthenope,M,laureati,1273
2018,solare,6302,Napoli Parthenope,F,laureati,1010
2018,solare,6302,Napoli Parthenope,M,laureati,1194
2019,solare,6302,Napoli Parthenope,F,laureati,1038
2019,solare,6302,Napoli Parthenope,M,laureati,1252
2020,solare,6302,Napoli Parthenope,F,laureati,1008
2020,solare,6302,Napoli Parthenope,M,laureati,1171
2021,solare,6302,Napoli Parthenope,F,laureati,1017
2021,solare,6302,Napoli Parthenope,M,laureati,1227
2022,solare,6302,Napoli Parthenope,F,laureati,907
2022,solare,6302,Napoli Parthenope,M,laureati,1174
2023,solare,6302,Napoli Parthenope,F,laureati,924
2023,solare,6302,Napoli Parthenope,M,laureati,1186
2024,solare,6302,Napoli Parthenope,F,laureati,1002
2024,solare,6302,Napoli Parthenope,M,laureati,1270
2025,solare,6302,Napoli Parthenope,F,laureati,1052
2025,solare,6302,Napoli Parthenope,M,laureati,1424
1998,accademico,6303,Napoli L'Orientale,F,immatricolati,1449
1998,accademico,6303,Napoli L'Orientale,M,immatricolati,470
1999,accademico,6303,Napoli L'Orientale,F,immatricolati,1334
1999,accademico,6303,Napoli L'Orientale,M,immatricolati,514
2000,accademico,6303,Napoli L'Orientale,F,immatricolati,1342
2000,accademico,6303,Napoli L'Orientale,M,immatricolati,513
2001,accademico,6303,Napoli L'Orientale,F,immatricolati,1593
2001,accademico,6303,Napoli L'Orientale,M,immatricolati,548
2002,accademico,6303,Napoli L'Orientale,F,immatricolati,1352
2002,accademico,6303,Napoli L'Orientale,M,immatricolati,383
2003,accademico,6303,Napoli L'Orientale,F,immatricolati,1475
2003,accademico,6303,Napoli L'Orientale,M,immatricolati,480
2004,accademico,6303,Napoli L'Orientale,F,immatricolati,1450
2004,accademico,6303,Napoli L'Orientale,M,immatricolati,452
2005,accademico,6303,Napoli L'Orientale,F,immatricolati,1415
2005,accademico,6303,Napoli L'Orientale,M,immatricolati,435
2006,accademico,6303,Napoli L'Orientale,F,immatricolati,1290
2006,accademico,6303,Napoli L'Orientale,M,immatricolati,371
2007,accademico,6303,Napoli L'Orientale,F,immatricolati,1237
2007,accademico,6303,Napoli L'Orientale,M,immatricolati,354
2008,accademico,6303,Napoli L'Orientale,F,immatricolati,1149
2008,accademico,6303,Napoli L'Orientale,M,immatricolati,352
2009,accademico,6303,Napoli L'Orientale,F,immatricolati,1196
2009,accademico,6303,Napoli L'Orientale,M,immatricolati,348
2010,accademico,6303,Napoli L'Orientale,F,immatricolati,1186
2010,accademico,6303,Napoli L'Orientale,M,immatricolati,333
2011,accademico,6303,Napoli L'Orientale,F,immatricolati,1385
2011,accademico,6303,Napoli L'Orientale,M,immatricolati,366
2012,accademico,6303,Napoli L'Orientale,F,immatricolati,1610
2012,accademico,6303,Napoli L'Orientale,M,immatricolati,456
2013,accademico,6303,Napoli L'Orientale,F,immatricolati,1697
2013,accademico,6303,Napoli L'Orientale,M,immatricolati,459
2014,accademico,6303,Napoli L'Orientale,F,immatricolati,1560
2014,accademico,6303,Napoli L'Orientale,M,immatricolati,488
2015,accademico,6303,Napoli L'Orientale,F,immatricolati,1660
2015,accademico,6303,Napoli L'Orientale,M,immatricolati,431
2016,accademico,6303,Napoli L'Orientale,F,immatricolati,1718
2016,accademico,6303,Napoli L'Orientale,M,immatricolati,428
2017,accademico,6303,Napoli L'Orientale,F,immatricolati,1605
2017,accademico,6303,Napoli L'Orientale,M,immatricolati,429
2018,accademico,6303,Napoli L'Orientale,F,immatricolati,1835
2018,accademico,6303,Napoli L'Orientale,M,immatricolati,444
2019,accademico,6303,Napoli L'Orientale,F,immatricolati,1706
2019,accademico,6303,Napoli L'Orientale,M,immatricolati,451
2020,accademico,6303,Napoli L'Orientale,F,immatricolati,1620
2020,accademico,6303,Napoli L'Orientale,M,immatricolati,432
2021,accademico,6303,Napoli L'Orientale,F,immatricolati,1360
2021,accademico,6303,Napoli L'Orientale,M,immatricolati,401
2022,accademico,6303,Napoli L'Orientale,F,immatricolati,1027
2022,accademico,6303,Napoli L'Orientale,M,immatricolati,292
2023,accademico,6303,Napoli L'Orientale,F,immatricolati,1058
2023,accademico,6303,Napoli L'Orientale,M,immatricolati,248
2024,accademico,6303,Napoli L'Orientale,F,immatricolati,918
2024,accademico,6303,Napoli L'Orientale,M,immatricolati,231
2025,accademico,6303,Napoli L'Orientale,F,immatricolati,861
2025,accademico,6303,Napoli L'Orientale,M,immatricolati,267
2000,accademico,6303,Napoli L'Orientale,F,iscritti,7571
2000,accademico,6303,Napoli L'Orientale,M,iscritti,2263
2001,accademico,6303,Napoli L'Orientale,F,iscritti,8186
2001,accademico,6303,Napoli L'Orientale,M,iscritti,2470
2002,accademico,6303,Napoli L'Orientale,F,iscritti,8018
2002,accademico,6303,Napoli L'Orientale,M,iscritti,2335
2003,accademico,6303,Napoli L'Orientale,F,iscritti,7363
2003,accademico,6303,Napoli L'Orientale,M,iscritti,2140
2004,accademico,6303,Napoli L'Orientale,F,iscritti,7976
2004,accademico,6303,Napoli L'Orientale,M,iscritti,2403
2005,accademico,6303,Napoli L'Orientale,F,iscritti,7893
2005,accademico,6303,Napoli L'Orientale,M,iscritti,2357
2006,accademico,6303,Napoli L'Orientale,F,iscritti,7897
2006,accademico,6303,Napoli L'Orientale,M,iscritti,2273
2007,accademico,6303,Napoli L'Orientale,F,iscritti,7849
2007,accademico,6303,Napoli L'Orientale,M,iscritti,2238
2008,accademico,6303,Napoli L'Orientale,F,iscritti,7565
2008,accademico,6303,Napoli L'Orientale,M,iscritti,2063
2009,accademico,6303,Napoli L'Orientale,F,iscritti,7845
2009,accademico,6303,Napoli L'Orientale,M,iscritti,2164
2010,accademico,6303,Napoli L'Orientale,F,iscritti,8654
2010,accademico,6303,Napoli L'Orientale,M,iscritti,2477
2011,accademico,6303,Napoli L'Orientale,F,iscritti,8389
2011,accademico,6303,Napoli L'Orientale,M,iscritti,2328
2012,accademico,6303,Napoli L'Orientale,F,iscritti,8408
2012,accademico,6303,Napoli L'Orientale,M,iscritti,2370
2013,accademico,6303,Napoli L'Orientale,F,iscritti,8400
2013,accademico,6303,Napoli L'Orientale,M,iscritti,2349
2014,accademico,6303,Napoli L'Orientale,F,iscritti,8280
2014,accademico,6303,Napoli L'Orientale,M,iscritti,2392
2015,accademico,6303,Napoli L'Orientale,F,iscritti,8471
2015,accademico,6303,Napoli L'Orientale,M,iscritti,2408
2016,accademico,6303,Napoli L'Orientale,F,iscritti,8721
2016,accademico,6303,Napoli L'Orientale,M,iscritti,2415
2017,accademico,6303,Napoli L'Orientale,F,iscritti,8965
2017,accademico,6303,Napoli L'Orientale,M,iscritti,2411
2018,accademico,6303,Napoli L'Orientale,F,iscritti,9335
2018,accademico,6303,Napoli L'Orientale,M,iscritti,2387
2019,accademico,6303,Napoli L'Orientale,F,iscritti,9342
2019,accademico,6303,Napoli L'Orientale,M,iscritti,2358
2020,accademico,6303,Napoli L'Orientale,F,iscritti,9192
2020,accademico,6303,Napoli L'Orientale,M,iscritti,2298
2021,accademico,6303,Napoli L'Orientale,F,iscritti,8843
2021,accademico,6303,Napoli L'Orientale,M,iscritti,2240
2022,accademico,6303,Napoli L'Orientale,F,iscritti,7836
2022,accademico,6303,Napoli L'Orientale,M,iscritti,1991
2023,accademico,6303,Napoli L'Orientale,F,iscritti,7449
2023,accademico,6303,Napoli L'Orientale,M,iscritti,1867
2024,accademico,6303,Napoli L'Orientale,F,iscritti,6834
2024,accademico,6303,Napoli L'Orientale,M,iscritti,1674
2001,solare,6303,Napoli L'Orientale,F,laureati,670
2001,solare,6303,Napoli L'Orientale,M,laureati,166
2002,solare,6303,Napoli L'Orientale,F,laureati,676
2002,solare,6303,Napoli L'Orientale,M,laureati,169
2003,solare,6303,Napoli L'Orientale,F,laureati,923
2003,solare,6303,Napoli L'Orientale,M,laureati,224
2004,solare,6303,Napoli L'Orientale,F,laureati,1043
2004,solare,6303,Napoli L'Orientale,M,laureati,282
2005,solare,6303,Napoli L'Orientale,F,laureati,1458
2005,solare,6303,Napoli L'Orientale,M,laureati,388
2006,solare,6303,Napoli L'Orientale,F,laureati,1474
2006,solare,6303,Napoli L'Orientale,M,laureati,349
2007,solare,6303,Napoli L'Orientale,F,laureati,1459
2007,solare,6303,Napoli L'Orientale,M,laureati,412
2008,solare,6303,Napoli L'Orientale,F,laureati,1312
2008,solare,6303,Napoli L'Orientale,M,laureati,358
2009,solare,6303,Napoli L'Orientale,F,laureati,1437
2009,solare,6303,Napoli L'Orientale,M,laureati,376
2010,solare,6303,Napoli L'Orientale,F,laureati,1378
2010,solare,6303,Napoli L'Orientale,M,laureati,358
2011,solare,6303,Napoli L'Orientale,F,laureati,1439
2011,solare,6303,Napoli L'Orientale,M,laureati,363
2012,solare,6303,Napoli L'Orientale,F,laureati,1400
2012,solare,6303,Napoli L'Orientale,M,laureati,351
2013,solare,6303,Napoli L'Orientale,F,laureati,1334
2013,solare,6303,Napoli L'Orientale,M,laureati,326
2014,solare,6303,Napoli L'Orientale,F,laureati,1324
2014,solare,6303,Napoli L'Orientale,M,laureati,321
2015,solare,6303,Napoli L'Orientale,F,laureati,1267
2015,solare,6303,Napoli L'Orientale,M,laureati,311
2016,solare,6303,Napoli L'Orientale,F,laureati,1330
2016,solare,6303,Napoli L'Orientale,M,laureati,326
2017,solare,6303,Napoli L'Orientale,F,laureati,1555
2017,solare,6303,Napoli L'Orientale,M,laureati,346
2018,solare,6303,Napoli L'Orientale,F,laureati,1498
2018,solare,6303,Napoli L'Orientale,M,laureati,370
2019,solare,6303,Napoli L'Orientale,F,laureati,1538
2019,solare,6303,Napoli L'Orientale,M,laureati,328
2020,solare,6303,Napoli L'Orientale,F,laureati,1629
2020,solare,6303,Napoli L'Orientale,M,laureati,374
2021,solare,6303,Napoli L'Orientale,F,laureati,1734
2021,solare,6303,Napoli L'Orientale,M,laureati,355
2022,solare,6303,Napoli L'Orientale,F,laureati,1532
2022,solare,6303,Napoli L'Orientale,M,laureati,287
2023,solare,6303,Napoli L'Orientale,F,laureati,1568
2023,solare,6303,Napoli L'Orientale,M,laureati,310
2024,solare,6303,Napoli L'Orientale,F,laureati,1327
2024,solare,6303,Napoli L'Orientale,M,laureati,309
2025,solare,6303,Napoli L'Orientale,F,laureati,1418
2025,solare,6303,Napoli L'Orientale,M,laureati,310
1998,accademico,6304,Napoli Benincasa,F,immatricolati,1673
1998,accademico,6304,Napoli Benincasa,M,immatricolati,382
1999,accademico,6304,Napoli Benincasa,F,immatricolati,1589
1999,accademico,6304,Napoli Benincasa,M,immatricolati,370
2000,accademico,6304,Napoli Benincasa,F,immatricolati,1895
2000,accademico,6304,Napoli Benincasa,M,immatricolati,397
2001,accademico,6304,Napoli Benincasa,F,immatricolati,1352
2001,accademico,6304,Napoli Benincasa,M,immatricolati,362
2002,accademico,6304,Napoli Benincasa,F,immatricolati,1758
2002,accademico,6304,Napoli Benincasa,M,immatricolati,490
2003,accademico,6304,Napoli Benincasa,F,immatricolati,1733
2003,accademico,6304,Napoli Benincasa,M,immatricolati,427
2004,accademico,6304,Napoli Benincasa,F,immatricolati,1510
2004,accademico,6304,Napoli Benincasa,M,immatricolati,361
2005,accademico,6304,Napoli Benincasa,F,immatricolati,1334
2005,accademico,6304,Napoli Benincasa,M,immatricolati,370
2006,accademico,6304,Napoli Benincasa,F,immatricolati,1459
2006,accademico,6304,Napoli Benincasa,M,immatricolati,367
2007,accademico,6304,Napoli Benincasa,F,immatricolati,1399
2007,accademico,6304,Napoli Benincasa,M,immatricolati,301
2008,accademico,6304,Napoli Benincasa,F,immatricolati,1417
2008,accademico,6304,Napoli Benincasa,M,immatricolati,312
2009,accademico,6304,Napoli Benincasa,F,immatricolati,966
2009,accademico,6304,Napoli Benincasa,M,immatricolati,190
2010,accademico,6304,Napoli Benincasa,F,immatricolati,1083
2010,accademico,6304,Napoli Benincasa,M,immatricolati,202
2011,accademico,6304,Napoli Benincasa,F,immatricolati,1053
2011,accademico,6304,Napoli Benincasa,M,immatricolati,183
2012,accademico,6304,Napoli Benincasa,F,immatricolati,985
2012,accademico,6304,Napoli Benincasa,M,immatricolati,163
2013,accademico,6304,Napoli Benincasa,F,immatricolati,1002
2013,accademico,6304,Napoli Benincasa,M,immatricolati,160
2014,accademico,6304,Napoli Benincasa,F,immatricolati,1000
2014,accademico,6304,Napoli Benincasa,M,immatricolati,155
2015,accademico,6304,Napoli Benincasa,F,immatricolati,1035
2015,accademico,6304,Napoli Benincasa,M,immatricolati,179
2016,accademico,6304,Napoli Benincasa,F,immatricolati,1140
2016,accademico,6304,Napoli Benincasa,M,immatricolati,221
2017,accademico,6304,Napoli Benincasa,F,immatricolati,1168
2017,accademico,6304,Napoli Benincasa,M,immatricolati,206
2018,accademico,6304,Napoli Benincasa,F,immatricolati,1062
2018,accademico,6304,Napoli Benincasa,M,immatricolati,194
2019,accademico,6304,Napoli Benincasa,F,immatricolati,1250
2019,accademico,6304,Napoli Benincasa,M,immatricolati,221
2020,accademico,6304,Napoli Benincasa,F,immatricolati,1221
2020,accademico,6304,Napoli Benincasa,M,immatricolati,232
2021,accademico,6304,Napoli Benincasa,F,immatricolati,1276
2021,accademico,6304,Napoli Benincasa,M,immatricolati,221
2022,accademico,6304,Napoli Benincasa,F,immatricolati,1322
2022,accademico,6304,Napoli Benincasa,M,immatricolati,208
2023,accademico,6304,Napoli Benincasa,F,immatricolati,1494
2023,accademico,6304,Napoli Benincasa,M,immatricolati,216
2024,accademico,6304,Napoli Benincasa,F,immatricolati,1503
2024,accademico,6304,Napoli Benincasa,M,immatricolati,247
2025,accademico,6304,Napoli Benincasa,F,immatricolati,1496
2025,accademico,6304,Napoli Benincasa,M,immatricolati,216
2000,accademico,6304,Napoli Benincasa,F,iscritti,9918
2000,accademico,6304,Napoli Benincasa,M,iscritti,1739
2001,accademico,6304,Napoli Benincasa,F,iscritti,9729
2001,accademico,6304,Napoli Benincasa,M,iscritti,1822
2002,accademico,6304,Napoli Benincasa,F,iscritti,10464
2002,accademico,6304,Napoli Benincasa,M,iscritti,2179
2003,accademico,6304,Napoli Benincasa,F,iscritti,10913
2003,accademico,6304,Napoli Benincasa,M,iscritti,2295
2004,accademico,6304,Napoli Benincasa,F,iscritti,10743
2004,accademico,6304,Napoli Benincasa,M,iscritti,2236
2005,accademico,6304,Napoli Benincasa,F,iscritti,10124
2005,accademico,6304,Napoli Benincasa,M,iscritti,2198
2006,accademico,6304,Napoli Benincasa,F,iscritti,9461
2006,accademico,6304,Napoli Benincasa,M,iscritti,2047
2007,accademico,6304,Napoli Benincasa,F,iscritti,9255
2007,accademico,6304,Napoli Benincasa,M,iscritti,1911
2008,accademico,6304,Napoli Benincasa,F,iscritti,9043
2008,accademico,6304,Napoli Benincasa,M,iscritti,1791
2009,accademico,6304,Napoli Benincasa,F,iscritti,8794
2009,accademico,6304,Napoli Benincasa,M,iscritti,1680
2010,accademico,6304,Napoli Benincasa,F,iscritti,9504
2010,accademico,6304,Napoli Benincasa,M,iscritti,1754
2011,accademico,6304,Napoli Benincasa,F,iscritti,8814
2011,accademico,6304,Napoli Benincasa,M,iscritti,1536
2012,accademico,6304,Napoli Benincasa,F,iscritti,8043
2012,accademico,6304,Napoli Benincasa,M,iscritti,1404
2013,accademico,6304,Napoli Benincasa,F,iscritti,7568
2013,accademico,6304,Napoli Benincasa,M,iscritti,1287
2014,accademico,6304,Napoli Benincasa,F,iscritti,7370
2014,accademico,6304,Napoli Benincasa,M,iscritti,1231
2015,accademico,6304,Napoli Benincasa,F,iscritti,7316
2015,accademico,6304,Napoli Benincasa,M,iscritti,1208
2016,accademico,6304,Napoli Benincasa,F,iscritti,7286
2016,accademico,6304,Napoli Benincasa,M,iscritti,1219
2017,accademico,6304,Napoli Benincasa,F,iscritti,7300
2017,accademico,6304,Napoli Benincasa,M,iscritti,1243
2018,accademico,6304,Napoli Benincasa,F,iscritti,7256
2018,accademico,6304,Napoli Benincasa,M,iscritti,1231
2019,accademico,6304,Napoli Benincasa,F,iscritti,7327
2019,accademico,6304,Napoli Benincasa,M,iscritti,1269
2020,accademico,6304,Napoli Benincasa,F,iscritti,7278
2020,accademico,6304,Napoli Benincasa,M,iscritti,1282
2021,accademico,6304,Napoli Benincasa,F,iscritti,7457
2021,accademico,6304,Napoli Benincasa,M,iscritti,1314
2022,accademico,6304,Napoli Benincasa,F,iscritti,7412
2022,accademico,6304,Napoli Benincasa,M,iscritti,1267
2023,accademico,6304,Napoli Benincasa,F,iscritti,7622
2023,accademico,6304,Napoli Benincasa,M,iscritti,1262
2024,accademico,6304,Napoli Benincasa,F,iscritti,7857
2024,accademico,6304,Napoli Benincasa,M,iscritti,1232
2001,solare,6304,Napoli Benincasa,F,laureati,627
2001,solare,6304,Napoli Benincasa,M,laureati,56
2002,solare,6304,Napoli Benincasa,F,laureati,738
2002,solare,6304,Napoli Benincasa,M,laureati,86
2003,solare,6304,Napoli Benincasa,F,laureati,901
2003,solare,6304,Napoli Benincasa,M,laureati,148
2004,solare,6304,Napoli Benincasa,F,laureati,1165
2004,solare,6304,Napoli Benincasa,M,laureati,217
2005,solare,6304,Napoli Benincasa,F,laureati,1514
2005,solare,6304,Napoli Benincasa,M,laureati,297
2006,solare,6304,Napoli Benincasa,F,laureati,1749
2006,solare,6304,Napoli Benincasa,M,laureati,297
2007,solare,6304,Napoli Benincasa,F,laureati,1678
2007,solare,6304,Napoli Benincasa,M,laureati,336
2008,solare,6304,Napoli Benincasa,F,laureati,1535
2008,solare,6304,Napoli Benincasa,M,laureati,316
2009,solare,6304,Napoli Benincasa,F,laureati,1415
2009,solare,6304,Napoli Benincasa,M,laureati,311
2010,solare,6304,Napoli Benincasa,F,laureati,1462
2010,solare,6304,Napoli Benincasa,M,laureati,309
2011,solare,6304,Napoli Benincasa,F,laureati,1572
2011,solare,6304,Napoli Benincasa,M,laureati,286
2012,solare,6304,Napoli Benincasa,F,laureati,1619
2012,solare,6304,Napoli Benincasa,M,laureati,287
2013,solare,6304,Napoli Benincasa,F,laureati,1619
2013,solare,6304,Napoli Benincasa,M,laureati,247
2014,solare,6304,Napoli Benincasa,F,laureati,1614
2014,solare,6304,Napoli Benincasa,M,laureati,242
2015,solare,6304,Napoli Benincasa,F,laureati,1374
2015,solare,6304,Napoli Benincasa,M,laureati,227
2016,solare,6304,Napoli Benincasa,F,laureati,1334
2016,solare,6304,Napoli Benincasa,M,laureati,210
2017,solare,6304,Napoli Benincasa,F,laureati,1548
2017,solare,6304,Napoli Benincasa,M,laureati,227
2018,solare,6304,Napoli Benincasa,F,laureati,1539
2018,solare,6304,Napoli Benincasa,M,laureati,213
2019,solare,6304,Napoli Benincasa,F,laureati,1532
2019,solare,6304,Napoli Benincasa,M,laureati,243
2020,solare,6304,Napoli Benincasa,F,laureati,1699
2020,solare,6304,Napoli Benincasa,M,laureati,257
2021,solare,6304,Napoli Benincasa,F,laureati,1797
2021,solare,6304,Napoli Benincasa,M,laureati,267
2022,solare,6304,Napoli Benincasa,F,laureati,1569
2022,solare,6304,Napoli Benincasa,M,laureati,264
2023,solare,6304,Napoli Benincasa,F,laureati,1620
2023,solare,6304,Napoli Benincasa,M,laureati,263
2024,solare,6304,Napoli Benincasa,F,laureati,1777
2024,solare,6304,Napoli Benincasa,M,laureati,287
2025,solare,6304,Napoli Benincasa,F,laureati,1587
2025,solare,6304,Napoli Benincasa,M,laureati,303
1998,accademico,6305,Napoli ISEF,F,immatricolati,343
1998,accademico,6305,Napoli ISEF,M,immatricolati,369
2000,accademico,6305,Napoli ISEF,F,iscritti,553
2000,accademico,6305,Napoli ISEF,M,iscritti,666
1998,accademico,6306,Napoli Vanvitelli,F,immatricolati,2147
1998,accademico,6306,Napoli Vanvitelli,M,immatricolati,1883
1999,accademico,6306,Napoli Vanvitelli,F,immatricolati,2687
1999,accademico,6306,Napoli Vanvitelli,M,immatricolati,2131
2000,accademico,6306,Napoli Vanvitelli,F,immatricolati,2876
2000,accademico,6306,Napoli Vanvitelli,M,immatricolati,2012
2001,accademico,6306,Napoli Vanvitelli,F,immatricolati,3258
2001,accademico,6306,Napoli Vanvitelli,M,immatricolati,2062
2002,accademico,6306,Napoli Vanvitelli,F,immatricolati,2331
2002,accademico,6306,Napoli Vanvitelli,M,immatricolati,2379
2003,accademico,6306,Napoli Vanvitelli,F,immatricolati,2545
2003,accademico,6306,Napoli Vanvitelli,M,immatricolati,2259
2004,accademico,6306,Napoli Vanvitelli,F,immatricolati,2308
2004,accademico,6306,Napoli Vanvitelli,M,immatricolati,1969
2005,accademico,6306,Napoli Vanvitelli,F,immatricolati,2194
2005,accademico,6306,Napoli Vanvitelli,M,immatricolati,1738
2006,accademico,6306,Napoli Vanvitelli,F,immatricolati,2215
2006,accademico,6306,Napoli Vanvitelli,M,immatricolati,1698
2007,accademico,6306,Napoli Vanvitelli,F,immatricolati,2419
2007,accademico,6306,Napoli Vanvitelli,M,immatricolati,1821
2008,accademico,6306,Napoli Vanvitelli,F,immatricolati,2364
2008,accademico,6306,Napoli Vanvitelli,M,immatricolati,1772
2009,accademico,6306,Napoli Vanvitelli,F,immatricolati,2346
2009,accademico,6306,Napoli Vanvitelli,M,immatricolati,1834
2010,accademico,6306,Napoli Vanvitelli,F,immatricolati,2169
2010,accademico,6306,Napoli Vanvitelli,M,immatricolati,1718
2011,accademico,6306,Napoli Vanvitelli,F,immatricolati,2121
2011,accademico,6306,Napoli Vanvitelli,M,immatricolati,1540
2012,accademico,6306,Napoli Vanvitelli,F,immatricolati,2123
2012,accademico,6306,Napoli Vanvitelli,M,immatricolati,1559
2013,accademico,6306,Napoli Vanvitelli,F,immatricolati,1831
2013,accademico,6306,Napoli Vanvitelli,M,immatricolati,1467
2014,accademico,6306,Napoli Vanvitelli,F,immatricolati,2007
2014,accademico,6306,Napoli Vanvitelli,M,immatricolati,1490
2015,accademico,6306,Napoli Vanvitelli,F,immatricolati,1847
2015,accademico,6306,Napoli Vanvitelli,M,immatricolati,1534
2016,accademico,6306,Napoli Vanvitelli,F,immatricolati,1963
2016,accademico,6306,Napoli Vanvitelli,M,immatricolati,1583
2017,accademico,6306,Napoli Vanvitelli,F,immatricolati,1804
2017,accademico,6306,Napoli Vanvitelli,M,immatricolati,1484
2018,accademico,6306,Napoli Vanvitelli,F,immatricolati,1900
2018,accademico,6306,Napoli Vanvitelli,M,immatricolati,1461
2019,accademico,6306,Napoli Vanvitelli,F,immatricolati,1873
2019,accademico,6306,Napoli Vanvitelli,M,immatricolati,1421
2020,accademico,6306,Napoli Vanvitelli,F,immatricolati,2036
2020,accademico,6306,Napoli Vanvitelli,M,immatricolati,1423
2021,accademico,6306,Napoli Vanvitelli,F,immatricolati,2054
2021,accademico,6306,Napoli Vanvitelli,M,immatricolati,1433
2022,accademico,6306,Napoli Vanvitelli,F,immatricolati,2263
2022,accademico,6306,Napoli Vanvitelli,M,immatricolati,1692
2023,accademico,6306,Napoli Vanvitelli,F,immatricolati,2064
2023,accademico,6306,Napoli Vanvitelli,M,immatricolati,1608
2024,accademico,6306,Napoli Vanvitelli,F,immatricolati,2246
2024,accademico,6306,Napoli Vanvitelli,M,immatricolati,1677
2025,accademico,6306,Napoli Vanvitelli,F,immatricolati,2491
2025,accademico,6306,Napoli Vanvitelli,M,immatricolati,1724
2000,accademico,6306,Napoli Vanvitelli,F,iscritti,13383
2000,accademico,6306,Napoli Vanvitelli,M,iscritti,10559
2001,accademico,6306,Napoli Vanvitelli,F,iscritti,15373
2001,accademico,6306,Napoli Vanvitelli,M,iscritti,11359
2002,accademico,6306,Napoli Vanvitelli,F,iscritti,15496
2002,accademico,6306,Napoli Vanvitelli,M,iscritti,11899
2003,accademico,6306,Napoli Vanvitelli,F,iscritti,15817
2003,accademico,6306,Napoli Vanvitelli,M,iscritti,12149
2004,accademico,6306,Napoli Vanvitelli,F,iscritti,15842
2004,accademico,6306,Napoli Vanvitelli,M,iscritti,12217
2005,accademico,6306,Napoli Vanvitelli,F,iscritti,15617
2005,accademico,6306,Napoli Vanvitelli,M,iscritti,12051
2006,accademico,6306,Napoli Vanvitelli,F,iscritti,15683
2006,accademico,6306,Napoli Vanvitelli,M,iscritti,12030
2007,accademico,6306,Napoli Vanvitelli,F,iscritti,16284
2007,accademico,6306,Napoli Vanvitelli,M,iscritti,12280
2008,accademico,6306,Napoli Vanvitelli,F,iscritti,16918
2008,accademico,6306,Napoli Vanvitelli,M,iscritti,12678
2009,accademico,6306,Napoli Vanvitelli,F,iscritti,17287
2009,accademico,6306,Napoli Vanvitelli,M,iscritti,12933
2010,accademico,6306,Napoli Vanvitelli,F,iscritti,18264
2010,accademico,6306,Napoli Vanvitelli,M,iscritti,13413
2011,accademico,6306,Napoli Vanvitelli,F,iscritti,17732
2011,accademico,6306,Napoli Vanvitelli,M,iscritti,12769
2012,accademico,6306,Napoli Vanvitelli,F,iscritti,17122
2012,accademico,6306,Napoli Vanvitelli,M,iscritti,12289
2013,accademico,6306,Napoli Vanvitelli,F,iscritti,16088
2013,accademico,6306,Napoli Vanvitelli,M,iscritti,11498
2014,accademico,6306,Napoli Vanvitelli,F,iscritti,15884
2014,accademico,6306,Napoli Vanvitelli,M,iscritti,11232
2015,accademico,6306,Napoli Vanvitelli,F,iscritti,15513
2015,accademico,6306,Napoli Vanvitelli,M,iscritti,11118
2016,accademico,6306,Napoli Vanvitelli,F,iscritti,15142
2016,accademico,6306,Napoli Vanvitelli,M,iscritti,10831
2017,accademico,6306,Napoli Vanvitelli,F,iscritti,14670
2017,accademico,6306,Napoli Vanvitelli,M,iscritti,10623
2018,accademico,6306,Napoli Vanvitelli,F,iscritti,14226
2018,accademico,6306,Napoli Vanvitelli,M,iscritti,10088
2019,accademico,6306,Napoli Vanvitelli,F,iscritti,13617
2019,accademico,6306,Napoli Vanvitelli,M,iscritti,9536
2020,accademico,6306,Napoli Vanvitelli,F,iscritti,13420
2020,accademico,6306,Napoli Vanvitelli,M,iscritti,9104
2021,accademico,6306,Napoli Vanvitelli,F,iscritti,13406
2021,accademico,6306,Napoli Vanvitelli,M,iscritti,8905
2022,accademico,6306,Napoli Vanvitelli,F,iscritti,13671
2022,accademico,6306,Napoli Vanvitelli,M,iscritti,9082
2023,accademico,6306,Napoli Vanvitelli,F,iscritti,13781
2023,accademico,6306,Napoli Vanvitelli,M,iscritti,9276
2024,accademico,6306,Napoli Vanvitelli,F,iscritti,14094
2024,accademico,6306,Napoli Vanvitelli,M,iscritti,9423
2001,solare,6306,Napoli Vanvitelli,F,laureati,761
2001,solare,6306,Napoli Vanvitelli,M,laureati,661
2002,solare,6306,Napoli Vanvitelli,F,laureati,1153
2002,solare,6306,Napoli Vanvitelli,M,laureati,979
2003,solare,6306,Napoli Vanvitelli,F,laureati,1361
2003,solare,6306,Napoli Vanvitelli,M,laureati,1058
2004,solare,6306,Napoli Vanvitelli,F,laureati,1896
2004,solare,6306,Napoli Vanvitelli,M,laureati,1348
2005,solare,6306,Napoli Vanvitelli,F,laureati,2639
2005,solare,6306,Napoli Vanvitelli,M,laureati,1645
2006,solare,6306,Napoli Vanvitelli,F,laureati,2610
2006,solare,6306,Napoli Vanvitelli,M,laureati,1704
2007,solare,6306,Napoli Vanvitelli,F,laureati,2484
2007,solare,6306,Napoli Vanvitelli,M,laureati,1566
2008,solare,6306,Napoli Vanvitelli,F,laureati,2358
2008,solare,6306,Napoli Vanvitelli,M,laureati,1608
2009,solare,6306,Napoli Vanvitelli,F,laureati,2359
2009,solare,6306,Napoli Vanvitelli,M,laureati,1554
2010,solare,6306,Napoli Vanvitelli,F,laureati,2517
2010,solare,6306,Napoli Vanvitelli,M,laureati,1800
2011,solare,6306,Napoli Vanvitelli,F,laureati,2540
2011,solare,6306,Napoli Vanvitelli,M,laureati,1806
2012,solare,6306,Napoli Vanvitelli,F,laureati,2760
2012,solare,6306,Napoli Vanvitelli,M,laureati,1762
2013,solare,6306,Napoli Vanvitelli,F,laureati,2748
2013,solare,6306,Napoli Vanvitelli,M,laureati,1820
2014,solare,6306,Napoli Vanvitelli,F,laureati,2750
2014,solare,6306,Napoli Vanvitelli,M,laureati,1714
2015,solare,6306,Napoli Vanvitelli,F,laureati,2672
2015,solare,6306,Napoli Vanvitelli,M,laureati,1761
2016,solare,6306,Napoli Vanvitelli,F,laureati,2844
2016,solare,6306,Napoli Vanvitelli,M,laureati,1888
2017,solare,6306,Napoli Vanvitelli,F,laureati,2847
2017,solare,6306,Napoli Vanvitelli,M,laureati,1863
2018,solare,6306,Napoli Vanvitelli,F,laureati,2616
2018,solare,6306,Napoli Vanvitelli,M,laureati,1827
2019,solare,6306,Napoli Vanvitelli,F,laureati,2981
2019,solare,6306,Napoli Vanvitelli,M,laureati,1900
2020,solare,6306,Napoli Vanvitelli,F,laureati,2595
2020,solare,6306,Napoli Vanvitelli,M,laureati,1644
2021,solare,6306,Napoli Vanvitelli,F,laureati,2336
2021,solare,6306,Napoli Vanvitelli,M,laureati,1532
2022,solare,6306,Napoli Vanvitelli,F,laureati,2365
2022,solare,6306,Napoli Vanvitelli,M,laureati,1554
2023,solare,6306,Napoli Vanvitelli,F,laureati,2432
2023,solare,6306,Napoli Vanvitelli,M,laureati,1367
2024,solare,6306,Napoli Vanvitelli,F,laureati,2276
2024,solare,6306,Napoli Vanvitelli,M,laureati,1356
2025,solare,6306,Napoli Vanvitelli,F,laureati,2453
2025,solare,6306,Napoli Vanvitelli,M,laureati,1365
2006,accademico,6307,Napoli Pegaso - telematica,F,immatricolati,35
2006,accademico,6307,Napoli Pegaso - telematica,M,immatricolati,55
2007,accademico,6307,Napoli Pegaso - telematica,F,immatricolati,349
2007,accademico,6307,Napoli Pegaso - telematica,M,immatricolati,157
2008,accademico,6307,Napoli Pegaso - telematica,F,immatricolati,204
2008,accademico,6307,Napoli Pegaso - telematica,M,immatricolati,160
2009,accademico,6307,Napoli Pegaso - telematica,F,immatricolati,220
2009,accademico,6307,Napoli Pegaso - telematica,M,immatricolati,333
2010,accademico,6307,Napoli Pegaso - telematica,F,immatricolati,318
2010,accademico,6307,Napoli Pegaso - telematica,M,immatricolati,417
2011,accademico,6307,Napoli Pegaso - telematica,F,immatricolati,155
2011,accademico,6307,Napoli Pegaso - telematica,M,immatricolati,147
2012,accademico,6307,Napoli Pegaso - telematica,F,immatricolati,348
2012,accademico,6307,Napoli Pegaso - telematica,M,immatricolati,454
2013,accademico,6307,Napoli Pegaso - telematica,F,immatricolati,558
2013,accademico,6307,Napoli Pegaso - telematica,M,immatricolati,1286
2014,accademico,6307,Napoli Pegaso - telematica,F,immatricolati,397
2014,accademico,6307,Napoli Pegaso - telematica,M,immatricolati,847
2015,accademico,6307,Napoli Pegaso - telematica,F,immatricolati,381
2015,accademico,6307,Napoli Pegaso - telematica,M,immatricolati,1243
2016,accademico,6307,Napoli Pegaso - telematica,F,immatricolati,1045
2016,accademico,6307,Napoli Pegaso - telematica,M,immatricolati,2156
2017,accademico,6307,Napoli Pegaso - telematica,F,immatricolati,848
2017,accademico,6307,Napoli Pegaso - telematica,M,immatricolati,2364
2018,accademico,6307,Napoli Pegaso - telematica,F,immatricolati,2310
2018,accademico,6307,Napoli Pegaso - telematica,M,immatricolati,3498
2019,accademico,6307,Napoli Pegaso - telematica,F,immatricolati,1459
2019,accademico,6307,Napoli Pegaso - telematica,M,immatricolati,3846
2020,accademico,6307,Napoli Pegaso - telematica,F,immatricolati,1912
2020,accademico,6307,Napoli Pegaso - telematica,M,immatricolati,4677
2021,accademico,6307,Napoli Pegaso - telematica,F,immatricolati,1688
2021,accademico,6307,Napoli Pegaso - telematica,M,immatricolati,3970
2022,accademico,6307,Napoli Pegaso - telematica,F,immatricolati,2014
2022,accademico,6307,Napoli Pegaso - telematica,M,immatricolati,4210
2023,accademico,6307,Napoli Pegaso - telematica,F,immatricolati,6742
2023,accademico,6307,Napoli Pegaso - telematica,M,immatricolati,7035
2024,accademico,6307,Napoli Pegaso - telematica,F,immatricolati,7448
2024,accademico,6307,Napoli Pegaso - telematica,M,immatricolati,7381
2025,accademico,6307,Napoli Pegaso - telematica,F,immatricolati,5257
2025,accademico,6307,Napoli Pegaso - telematica,M,immatricolati,5024
2006,accademico,6307,Napoli Pegaso - telematica,F,iscritti,79
2006,accademico,6307,Napoli Pegaso - telematica,M,iscritti,130
2007,accademico,6307,Napoli Pegaso - telematica,F,iscritti,582
2007,accademico,6307,Napoli Pegaso - telematica,M,iscritti,425
2008,accademico,6307,Napoli Pegaso - telematica,F,iscritti,1016
2008,accademico,6307,Napoli Pegaso - telematica,M,iscritti,766
2009,accademico,6307,Napoli Pegaso - telematica,F,iscritti,1004
2009,accademico,6307,Napoli Pegaso - telematica,M,iscritti,1760
2010,accademico,6307,Napoli Pegaso - telematica,F,iscritti,1739
2010,accademico,6307,Napoli Pegaso - telematica,M,iscritti,4159
2011,accademico,6307,Napoli Pegaso - telematica,F,iscritti,1408
2011,accademico,6307,Napoli Pegaso - telematica,M,iscritti,2243
2012,accademico,6307,Napoli Pegaso - telematica,F,iscritti,1802
2012,accademico,6307,Napoli Pegaso - telematica,M,iscritti,2867
2013,accademico,6307,Napoli Pegaso - telematica,F,iscritti,3028
2013,accademico,6307,Napoli Pegaso - telematica,M,iscritti,5790
2014,accademico,6307,Napoli Pegaso - telematica,F,iscritti,3827
2014,accademico,6307,Napoli Pegaso - telematica,M,iscritti,6871
2015,accademico,6307,Napoli Pegaso - telematica,F,iscritti,4872
2015,accademico,6307,Napoli Pegaso - telematica,M,iscritti,8129
2016,accademico,6307,Napoli Pegaso - telematica,F,iscritti,7236
2016,accademico,6307,Napoli Pegaso - telematica,M,iscritti,12604
2017,accademico,6307,Napoli Pegaso - telematica,F,iscritti,11204
2017,accademico,6307,Napoli Pegaso - telematica,M,iscritti,17285
2018,accademico,6307,Napoli Pegaso - telematica,F,iscritti,15783
2018,accademico,6307,Napoli Pegaso - telematica,M,iscritti,22153
2019,accademico,6307,Napoli Pegaso - telematica,F,iscritti,22010
2019,accademico,6307,Napoli Pegaso - telematica,M,iscritti,28031
2020,accademico,6307,Napoli Pegaso - telematica,F,iscritti,31121
2020,accademico,6307,Napoli Pegaso - telematica,M,iscritti,35218
2021,accademico,6307,Napoli Pegaso - telematica,F,iscritti,32769
2021,accademico,6307,Napoli Pegaso - telematica,M,iscritti,33783
2022,accademico,6307,Napoli Pegaso - telematica,F,iscritti,39402
2022,accademico,6307,Napoli Pegaso - telematica,M,iscritti,37827
2023,accademico,6307,Napoli Pegaso - telematica,F,iscritti,51305
2023,accademico,6307,Napoli Pegaso - telematica,M,iscritti,47175
2024,accademico,6307,Napoli Pegaso - telematica,F,iscritti,57797
2024,accademico,6307,Napoli Pegaso - telematica,M,iscritti,50907
2009,solare,6307,Napoli Pegaso - telematica,F,laureati,277
2009,solare,6307,Napoli Pegaso - telematica,M,laureati,134
2010,solare,6307,Napoli Pegaso - telematica,F,laureati,353
2010,solare,6307,Napoli Pegaso - telematica,M,laureati,254
2011,solare,6307,Napoli Pegaso - telematica,F,laureati,505
2011,solare,6307,Napoli Pegaso - telematica,M,laureati,1427
2012,solare,6307,Napoli Pegaso - telematica,F,laureati,491
2012,solare,6307,Napoli Pegaso - telematica,M,laureati,1316
2013,solare,6307,Napoli Pegaso - telematica,F,laureati,503
2013,solare,6307,Napoli Pegaso - telematica,M,laureati,1053
2014,solare,6307,Napoli Pegaso - telematica,F,laureati,671
2014,solare,6307,Napoli Pegaso - telematica,M,laureati,1262
2015,solare,6307,Napoli Pegaso - telematica,F,laureati,908
2015,solare,6307,Napoli Pegaso - telematica,M,laureati,1681
2016,solare,6307,Napoli Pegaso - telematica,F,laureati,1167
2016,solare,6307,Napoli Pegaso - telematica,M,laureati,1973
2017,solare,6307,Napoli Pegaso - telematica,F,laureati,1651
2017,solare,6307,Napoli Pegaso - telematica,M,laureati,2499
2018,solare,6307,Napoli Pegaso - telematica,F,laureati,2671
2018,solare,6307,Napoli Pegaso - telematica,M,laureati,3851
2019,solare,6307,Napoli Pegaso - telematica,F,laureati,3858
2019,solare,6307,Napoli Pegaso - telematica,M,laureati,5343
2020,solare,6307,Napoli Pegaso - telematica,F,laureati,6320
2020,solare,6307,Napoli Pegaso - telematica,M,laureati,8295
2021,solare,6307,Napoli Pegaso - telematica,F,laureati,8440
2021,solare,6307,Napoli Pegaso - telematica,M,laureati,9755
2022,solare,6307,Napoli Pegaso - telematica,F,laureati,11725
2022,solare,6307,Napoli Pegaso - telematica,M,laureati,12002
2023,solare,6307,Napoli Pegaso - telematica,F,laureati,13570
2023,solare,6307,Napoli Pegaso - telematica,M,laureati,13221
2024,solare,6307,Napoli Pegaso - telematica,F,laureati,15994
2024,solare,6307,Napoli Pegaso - telematica,M,laureati,14101
2025,solare,6307,Napoli Pegaso - telematica,F,laureati,16045
2025,solare,6307,Napoli Pegaso - telematica,M,laureati,13628
1998,accademico,6501,Salerno,F,immatricolati,2439
1998,accademico,6501,Salerno,M,immatricolati,1936
1999,accademico,6501,Salerno,F,immatricolati,3172
1999,accademico,6501,Salerno,M,immatricolati,2403
2000,accademico,6501,Salerno,F,immatricolati,3541
2000,accademico,6501,Salerno,M,immatricolati,2544
2001,accademico,6501,Salerno,F,immatricolati,3275
2001,accademico,6501,Salerno,M,immatricolati,2694
2002,accademico,6501,Salerno,F,immatricolati,3443
2002,accademico,6501,Salerno,M,immatricolati,2726
2003,accademico,6501,Salerno,F,immatricolati,3148
2003,accademico,6501,Salerno,M,immatricolati,2318
2004,accademico,6501,Salerno,F,immatricolati,3371
2004,accademico,6501,Salerno,M,immatricolati,2775
2005,accademico,6501,Salerno,F,immatricolati,3277
2005,accademico,6501,Salerno,M,immatricolati,2450
2006,accademico,6501,Salerno,F,immatricolati,3628
2006,accademico,6501,Salerno,M,immatricolati,2664
2007,accademico,6501,Salerno,F,immatricolati,3884
2007,accademico,6501,Salerno,M,immatricolati,2718
2008,accademico,6501,Salerno,F,immatricolati,3690
2008,accademico,6501,Salerno,M,immatricolati,2493
2009,accademico,6501,Salerno,F,immatricolati,3227
2009,accademico,6501,Salerno,M,immatricolati,2304
2010,accademico,6501,Salerno,F,immatricolati,2917
2010,accademico,6501,Salerno,M,immatricolati,2303
2011,accademico,6501,Salerno,F,immatricolati,3066
2011,accademico,6501,Salerno,M,immatricolati,2230
2012,accademico,6501,Salerno,F,immatricolati,2872
2012,accademico,6501,Salerno,M,immatricolati,2079
2013,accademico,6501,Salerno,F,immatricolati,2811
2013,accademico,6501,Salerno,M,immatricolati,2066
2014,accademico,6501,Salerno,F,immatricolati,2958
2014,accademico,6501,Salerno,M,immatricolati,2316
2015,accademico,6501,Salerno,F,immatricolati,3038
2015,accademico,6501,Salerno,M,immatricolati,2531
2016,accademico,6501,Salerno,F,immatricolati,3115
2016,accademico,6501,Salerno,M,immatricolati,2905
2017,accademico,6501,Salerno,F,immatricolati,3025
2017,accademico,6501,Salerno,M,immatricolati,2755
2018,accademico,6501,Salerno,F,immatricolati,3146
2018,accademico,6501,Salerno,M,immatricolati,2807
2019,accademico,6501,Salerno,F,immatricolati,3167
2019,accademico,6501,Salerno,M,immatricolati,2851
2020,accademico,6501,Salerno,F,immatricolati,3123
2020,accademico,6501,Salerno,M,immatricolati,2693
2021,accademico,6501,Salerno,F,immatricolati,2802
2021,accademico,6501,Salerno,M,immatricolati,2603
2022,accademico,6501,Salerno,F,immatricolati,3144
2022,accademico,6501,Salerno,M,immatricolati,2689
2023,accademico,6501,Salerno,F,immatricolati,3234
2023,accademico,6501,Salerno,M,immatricolati,2629
2024,accademico,6501,Salerno,F,immatricolati,3177
2024,accademico,6501,Salerno,M,immatricolati,2617
2025,accademico,6501,Salerno,F,immatricolati,3331
2025,accademico,6501,Salerno,M,immatricolati,2799
2000,accademico,6501,Salerno,F,iscritti,23064
2000,accademico,6501,Salerno,M,iscritti,15782
2001,accademico,6501,Salerno,F,iscritti,22595
2001,accademico,6501,Salerno,M,iscritti,15678
2002,accademico,6501,Salerno,F,iscritti,22811
2002,accademico,6501,Salerno,M,iscritti,16072
2003,accademico,6501,Salerno,F,iscritti,22734
2003,accademico,6501,Salerno,M,iscritti,15846
2004,accademico,6501,Salerno,F,iscritti,21714
2004,accademico,6501,Salerno,M,iscritti,15612
2005,accademico,6501,Salerno,F,iscritti,23050
2005,accademico,6501,Salerno,M,iscritti,16115
2006,accademico,6501,Salerno,F,iscritti,23056
2006,accademico,6501,Salerno,M,iscritti,15973
2007,accademico,6501,Salerno,F,iscritti,23192
2007,accademico,6501,Salerno,M,iscritti,15811
2008,accademico,6501,Salerno,F,iscritti,23953
2008,accademico,6501,Salerno,M,iscritti,15712
2009,accademico,6501,Salerno,F,iscritti,22498
2009,accademico,6501,Salerno,M,iscritti,14567
2010,accademico,6501,Salerno,F,iscritti,24690
2010,accademico,6501,Salerno,M,iscritti,15554
2011,accademico,6501,Salerno,F,iscritti,24178
2011,accademico,6501,Salerno,M,iscritti,14960
2012,accademico,6501,Salerno,F,iscritti,23263
2012,accademico,6501,Salerno,M,iscritti,14441
2013,accademico,6501,Salerno,F,iscritti,22372
2013,accademico,6501,Salerno,M,iscritti,14169
2014,accademico,6501,Salerno,F,iscritti,21745
2014,accademico,6501,Salerno,M,iscritti,14344
2015,accademico,6501,Salerno,F,iscritti,21345
2015,accademico,6501,Salerno,M,iscritti,14598
2016,accademico,6501,Salerno,F,iscritti,20933
2016,accademico,6501,Salerno,M,iscritti,15168
2017,accademico,6501,Salerno,F,iscritti,20626
2017,accademico,6501,Salerno,M,iscritti,15558
2018,accademico,6501,Salerno,F,iscritti,20211
2018,accademico,6501,Salerno,M,iscritti,15572
2019,accademico,6501,Salerno,F,iscritti,19662
2019,accademico,6501,Salerno,M,iscritti,15736
2020,accademico,6501,Salerno,F,iscritti,19751
2020,accademico,6501,Salerno,M,iscritti,15708
2021,accademico,6501,Salerno,F,iscritti,18671
2021,accademico,6501,Salerno,M,iscritti,15018
2022,accademico,6501,Salerno,F,iscritti,18350
2022,accademico,6501,Salerno,M,iscritti,14648
2023,accademico,6501,Salerno,F,iscritti,18421
2023,accademico,6501,Salerno,M,iscritti,14554
2024,accademico,6501,Salerno,F,iscritti,18211
2024,accademico,6501,Salerno,M,iscritti,14301
2001,solare,6501,Salerno,F,laureati,2028
2001,solare,6501,Salerno,M,laureati,1408
2002,solare,6501,Salerno,F,laureati,2269
2002,solare,6501,Salerno,M,laureati,1610
2003,solare,6501,Salerno,F,laureati,2287
2003,solare,6501,Salerno,M,laureati,1561
2004,solare,6501,Salerno,F,laureati,2648
2004,solare,6501,Salerno,M,laureati,1815
2005,solare,6501,Salerno,F,laureati,2911
2005,solare,6501,Salerno,M,laureati,1831
2006,solare,6501,Salerno,F,laureati,3113
2006,solare,6501,Salerno,M,laureati,1953
2007,solare,6501,Salerno,F,laureati,2966
2007,solare,6501,Salerno,M,laureati,1794
2008,solare,6501,Salerno,F,laureati,2717
2008,solare,6501,Salerno,M,laureati,1675
2009,solare,6501,Salerno,F,laureati,2661
2009,solare,6501,Salerno,M,laureati,1626
2010,solare,6501,Salerno,F,laureati,2652
2010,solare,6501,Salerno,M,laureati,1627
2011,solare,6501,Salerno,F,laureati,2732
2011,solare,6501,Salerno,M,laureati,1655
2012,solare,6501,Salerno,F,laureati,2846
2012,solare,6501,Salerno,M,laureati,1680
2013,solare,6501,Salerno,F,laureati,2838
2013,solare,6501,Salerno,M,laureati,1713
2014,solare,6501,Salerno,F,laureati,3115
2014,solare,6501,Salerno,M,laureati,1685
2015,solare,6501,Salerno,F,laureati,2954
2015,solare,6501,Salerno,M,laureati,1714
2016,solare,6501,Salerno,F,laureati,3077
2016,solare,6501,Salerno,M,laureati,1884
2017,solare,6501,Salerno,F,laureati,3231
2017,solare,6501,Salerno,M,laureati,2029
2018,solare,6501,Salerno,F,laureati,3117
2018,solare,6501,Salerno,M,laureati,2307
2019,solare,6501,Salerno,F,laureati,3475
2019,solare,6501,Salerno,M,laureati,2574
2020,solare,6501,Salerno,F,laureati,3304
2020,solare,6501,Salerno,M,laureati,2543
2021,solare,6501,Salerno,F,laureati,3423
2021,solare,6501,Salerno,M,laureati,2799
2022,solare,6501,Salerno,F,laureati,3338
2022,solare,6501,Salerno,M,laureati,2451
2023,solare,6501,Salerno,F,laureati,3344
2023,solare,6501,Salerno,M,laureati,2617
2024,solare,6501,Salerno,F,laureati,3321
2024,solare,6501,Salerno,M,laureati,2716
2025,solare,6501,Salerno,F,laureati,3441
2025,solare,6501,Salerno,M,laureati,2767
1998,accademico,6601,L'Aquila,F,immatricolati,1236
1998,accademico,6601,L'Aquila,M,immatricolati,938
1999,accademico,6601,L'Aquila,F,immatricolati,1157
1999,accademico,6601,L'Aquila,M,immatricolati,1050
2000,accademico,6601,L'Aquila,F,immatricolati,1123
2000,accademico,6601,L'Aquila,M,immatricolati,1086
2001,accademico,6601,L'Aquila,F,immatricolati,1478
2001,accademico,6601,L'Aquila,M,immatricolati,1223
2002,accademico,6601,L'Aquila,F,immatricolati,1507
2002,accademico,6601,L'Aquila,M,immatricolati,1380
2003,accademico,6601,L'Aquila,F,immatricolati,1720
2003,accademico,6601,L'Aquila,M,immatricolati,1480
2004,accademico,6601,L'Aquila,F,immatricolati,1693
2004,accademico,6601,L'Aquila,M,immatricolati,1978
2005,accademico,6601,L'Aquila,F,immatricolati,1897
2005,accademico,6601,L'Aquila,M,immatricolati,1648
2006,accademico,6601,L'Aquila,F,immatricolati,1839
2006,accademico,6601,L'Aquila,M,immatricolati,1354
2007,accademico,6601,L'Aquila,F,immatricolati,1852
2007,accademico,6601,L'Aquila,M,immatricolati,1298
2008,accademico,6601,L'Aquila,F,immatricolati,2240
2008,accademico,6601,L'Aquila,M,immatricolati,1766
2009,accademico,6601,L'Aquila,F,immatricolati,1420
2009,accademico,6601,L'Aquila,M,immatricolati,1416
2010,accademico,6601,L'Aquila,F,immatricolati,1606
2010,accademico,6601,L'Aquila,M,immatricolati,1689
2011,accademico,6601,L'Aquila,F,immatricolati,1749
2011,accademico,6601,L'Aquila,M,immatricolati,1426
2012,accademico,6601,L'Aquila,F,immatricolati,1925
2012,accademico,6601,L'Aquila,M,immatricolati,1583
2013,accademico,6601,L'Aquila,F,immatricolati,1997
2013,accademico,6601,L'Aquila,M,immatricolati,1621
2014,accademico,6601,L'Aquila,F,immatricolati,1153
2014,accademico,6601,L'Aquila,M,immatricolati,1030
2015,accademico,6601,L'Aquila,F,immatricolati,917
2015,accademico,6601,L'Aquila,M,immatricolati,880
2016,accademico,6601,L'Aquila,F,immatricolati,965
2016,accademico,6601,L'Aquila,M,immatricolati,937
2017,accademico,6601,L'Aquila,F,immatricolati,929
2017,accademico,6601,L'Aquila,M,immatricolati,912
2018,accademico,6601,L'Aquila,F,immatricolati,939
2018,accademico,6601,L'Aquila,M,immatricolati,925
2019,accademico,6601,L'Aquila,F,immatricolati,981
2019,accademico,6601,L'Aquila,M,immatricolati,1042
2020,accademico,6601,L'Aquila,F,immatricolati,1164
2020,accademico,6601,L'Aquila,M,immatricolati,1101
2021,accademico,6601,L'Aquila,F,immatricolati,1005
2021,accademico,6601,L'Aquila,M,immatricolati,1116
2022,accademico,6601,L'Aquila,F,immatricolati,1114
2022,accademico,6601,L'Aquila,M,immatricolati,1121
2023,accademico,6601,L'Aquila,F,immatricolati,1233
2023,accademico,6601,L'Aquila,M,immatricolati,1235
2024,accademico,6601,L'Aquila,F,immatricolati,1375
2024,accademico,6601,L'Aquila,M,immatricolati,1337
2025,accademico,6601,L'Aquila,F,immatricolati,1240
2025,accademico,6601,L'Aquila,M,immatricolati,1309
2000,accademico,6601,L'Aquila,F,iscritti,6930
2000,accademico,6601,L'Aquila,M,iscritti,6080
2001,accademico,6601,L'Aquila,F,iscritti,7782
2001,accademico,6601,L'Aquila,M,iscritti,6506
2002,accademico,6601,L'Aquila,F,iscritti,8467
2002,accademico,6601,L'Aquila,M,iscritti,7206
2003,accademico,6601,L'Aquila,F,iscritti,8990
2003,accademico,6601,L'Aquila,M,iscritti,7836
2004,accademico,6601,L'Aquila,F,iscritti,9247
2004,accademico,6601,L'Aquila,M,iscritti,8596
2005,accademico,6601,L'Aquila,F,iscritti,10002
2005,accademico,6601,L'Aquila,M,iscritti,8972
2006,accademico,6601,L'Aquila,F,iscritti,10197
2006,accademico,6601,L'Aquila,M,iscritti,8405
2007,accademico,6601,L'Aquila,F,iscritti,10908
2007,accademico,6601,L'Aquila,M,iscritti,8482
2008,accademico,6601,L'Aquila,F,iscritti,12674
2008,accademico,6601,L'Aquila,M,iscritti,9493
2009,accademico,6601,L'Aquila,F,iscritti,12719
2009,accademico,6601,L'Aquila,M,iscritti,10187
2010,accademico,6601,L'Aquila,F,iscritti,13094
2010,accademico,6601,L'Aquila,M,iscritti,11020
2011,accademico,6601,L'Aquila,F,iscritti,13466
2011,accademico,6601,L'Aquila,M,iscritti,11156
2012,accademico,6601,L'Aquila,F,iscritti,13716
2012,accademico,6601,L'Aquila,M,iscritti,11061
2013,accademico,6601,L'Aquila,F,iscritti,13635
2013,accademico,6601,L'Aquila,M,iscritti,10732
2014,accademico,6601,L'Aquila,F,iscritti,12226
2014,accademico,6601,L'Aquila,M,iscritti,9263
2015,accademico,6601,L'Aquila,F,iscritti,10443
2015,accademico,6601,L'Aquila,M,iscritti,7866
2016,accademico,6601,L'Aquila,F,iscritti,9639
2016,accademico,6601,L'Aquila,M,iscritti,7534
2017,accademico,6601,L'Aquila,F,iscritti,9147
2017,accademico,6601,L'Aquila,M,iscritti,7184
2018,accademico,6601,L'Aquila,F,iscritti,8928
2018,accademico,6601,L'Aquila,M,iscritti,7105
2019,accademico,6601,L'Aquila,F,iscritti,8659
2019,accademico,6601,L'Aquila,M,iscritti,7114
2020,accademico,6601,L'Aquila,F,iscritti,8705
2020,accademico,6601,L'Aquila,M,iscritti,7244
2021,accademico,6601,L'Aquila,F,iscritti,8423
2021,accademico,6601,L'Aquila,M,iscritti,7461
2022,accademico,6601,L'Aquila,F,iscritti,8491
2022,accademico,6601,L'Aquila,M,iscritti,7554
2023,accademico,6601,L'Aquila,F,iscritti,8691
2023,accademico,6601,L'Aquila,M,iscritti,7926
2024,accademico,6601,L'Aquila,F,iscritti,8972
2024,accademico,6601,L'Aquila,M,iscritti,8052
2001,solare,6601,L'Aquila,F,laureati,643
2001,solare,6601,L'Aquila,M,laureati,531
2002,solare,6601,L'Aquila,F,laureati,964
2002,solare,6601,L'Aquila,M,laureati,649
2003,solare,6601,L'Aquila,F,laureati,1227
2003,solare,6601,L'Aquila,M,laureati,757
2004,solare,6601,L'Aquila,F,laureati,1390
2004,solare,6601,L'Aquila,M,laureati,946
2005,solare,6601,L'Aquila,F,laureati,1487
2005,solare,6601,L'Aquila,M,laureati,1079
2006,solare,6601,L'Aquila,F,laureati,1692
2006,solare,6601,L'Aquila,M,laureati,1557
2007,solare,6601,L'Aquila,F,laureati,1908
2007,solare,6601,L'Aquila,M,laureati,1546
2008,solare,6601,L'Aquila,F,laureati,1797
2008,solare,6601,L'Aquila,M,laureati,1463
2009,solare,6601,L'Aquila,F,laureati,1869
2009,solare,6601,L'Aquila,M,laureati,1242
2010,solare,6601,L'Aquila,F,laureati,1881
2010,solare,6601,L'Aquila,M,laureati,1314
2011,solare,6601,L'Aquila,F,laureati,1973
2011,solare,6601,L'Aquila,M,laureati,1226
2012,solare,6601,L'Aquila,F,laureati,1726
2012,solare,6601,L'Aquila,M,laureati,1362
2013,solare,6601,L'Aquila,F,laureati,1909
2013,solare,6601,L'Aquila,M,laureati,1484
2014,solare,6601,L'Aquila,F,laureati,1898
2014,solare,6601,L'Aquila,M,laureati,1421
2015,solare,6601,L'Aquila,F,laureati,1936
2015,solare,6601,L'Aquila,M,laureati,1465
2016,solare,6601,L'Aquila,F,laureati,2270
2016,solare,6601,L'Aquila,M,laureati,1484
2017,solare,6601,L'Aquila,F,laureati,2024
2017,solare,6601,L'Aquila,M,laureati,1450
2018,solare,6601,L'Aquila,F,laureati,1812
2018,solare,6601,L'Aquila,M,laureati,1232
2019,solare,6601,L'Aquila,F,laureati,1827
2019,solare,6601,L'Aquila,M,laureati,1378
2020,solare,6601,L'Aquila,F,laureati,1786
2020,solare,6601,L'Aquila,M,laureati,1308
2021,solare,6601,L'Aquila,F,laureati,1633
2021,solare,6601,L'Aquila,M,laureati,1341
2022,solare,6601,L'Aquila,F,laureati,1660
2022,solare,6601,L'Aquila,M,laureati,1397
2023,solare,6601,L'Aquila,F,laureati,1661
2023,solare,6601,L'Aquila,M,laureati,1500
2024,solare,6601,L'Aquila,F,laureati,1677
2024,solare,6601,L'Aquila,M,laureati,1678
2025,solare,6601,L'Aquila,F,laureati,1905
2025,solare,6601,L'Aquila,M,laureati,1843
1998,accademico,6701,Teramo,F,immatricolati,909
1998,accademico,6701,Teramo,M,immatricolati,895
1999,accademico,6701,Teramo,F,immatricolati,854
1999,accademico,6701,Teramo,M,immatricolati,812
2000,accademico,6701,Teramo,F,immatricolati,818
2000,accademico,6701,Teramo,M,immatricolati,731
2001,accademico,6701,Teramo,F,immatricolati,816
2001,accademico,6701,Teramo,M,immatricolati,782
2002,accademico,6701,Teramo,F,immatricolati,803
2002,accademico,6701,Teramo,M,immatricolati,864
2003,accademico,6701,Teramo,F,immatricolati,862
2003,accademico,6701,Teramo,M,immatricolati,1198
2004,accademico,6701,Teramo,F,immatricolati,925
2004,accademico,6701,Teramo,M,immatricolati,993
2005,accademico,6701,Teramo,F,immatricolati,760
2005,accademico,6701,Teramo,M,immatricolati,616
2006,accademico,6701,Teramo,F,immatricolati,641
2006,accademico,6701,Teramo,M,immatricolati,541
2007,accademico,6701,Teramo,F,immatricolati,639
2007,accademico,6701,Teramo,M,immatricolati,499
2008,accademico,6701,Teramo,F,immatricolati,574
2008,accademico,6701,Teramo,M,immatricolati,437
2009,accademico,6701,Teramo,F,immatricolati,617
2009,accademico,6701,Teramo,M,immatricolati,457
2010,accademico,6701,Teramo,F,immatricolati,533
2010,accademico,6701,Teramo,M,immatricolati,398
2011,accademico,6701,Teramo,F,immatricolati,542
2011,accademico,6701,Teramo,M,immatricolati,375
2012,accademico,6701,Teramo,F,immatricolati,448
2012,accademico,6701,Teramo,M,immatricolati,319
2013,accademico,6701,Teramo,F,immatricolati,489
2013,accademico,6701,Teramo,M,immatricolati,385
2014,accademico,6701,Teramo,F,immatricolati,532
2014,accademico,6701,Teramo,M,immatricolati,398
2015,accademico,6701,Teramo,F,immatricolati,560
2015,accademico,6701,Teramo,M,immatricolati,394
2016,accademico,6701,Teramo,F,immatricolati,594
2016,accademico,6701,Teramo,M,immatricolati,432
2017,accademico,6701,Teramo,F,immatricolati,511
2017,accademico,6701,Teramo,M,immatricolati,415
2018,accademico,6701,Teramo,F,immatricolati,480
2018,accademico,6701,Teramo,M,immatricolati,446
2019,accademico,6701,Teramo,F,immatricolati,544
2019,accademico,6701,Teramo,M,immatricolati,402
2020,accademico,6701,Teramo,F,immatricolati,534
2020,accademico,6701,Teramo,M,immatricolati,416
2021,accademico,6701,Teramo,F,immatricolati,486
2021,accademico,6701,Teramo,M,immatricolati,400
2022,accademico,6701,Teramo,F,immatricolati,497
2022,accademico,6701,Teramo,M,immatricolati,306
2023,accademico,6701,Teramo,F,immatricolati,493
2023,accademico,6701,Teramo,M,immatricolati,351
2024,accademico,6701,Teramo,F,immatricolati,467
2024,accademico,6701,Teramo,M,immatricolati,299
2025,accademico,6701,Teramo,F,immatricolati,602
2025,accademico,6701,Teramo,M,immatricolati,455
2000,accademico,6701,Teramo,F,iscritti,5404
2000,accademico,6701,Teramo,M,iscritti,4252
2001,accademico,6701,Teramo,F,iscritti,5474
2001,accademico,6701,Teramo,M,iscritti,4359
2002,accademico,6701,Teramo,F,iscritti,5243
2002,accademico,6701,Teramo,M,iscritti,4270
2003,accademico,6701,Teramo,F,iscritti,5247
2003,accademico,6701,Teramo,M,iscritti,4775
2004,accademico,6701,Teramo,F,iscritti,5440
2004,accademico,6701,Teramo,M,iscritti,4866
2005,accademico,6701,Teramo,F,iscritti,5453
2005,accademico,6701,Teramo,M,iscritti,4836
2006,accademico,6701,Teramo,F,iscritti,5208
2006,accademico,6701,Teramo,M,iscritti,4415
2007,accademico,6701,Teramo,F,iscritti,5062
2007,accademico,6701,Teramo,M,iscritti,4048
2008,accademico,6701,Teramo,F,iscritti,4971
2008,accademico,6701,Teramo,M,iscritti,3880
2009,accademico,6701,Teramo,F,iscritti,4959
2009,accademico,6701,Teramo,M,iscritti,3788
2010,accademico,6701,Teramo,F,iscritti,5070
2010,accademico,6701,Teramo,M,iscritti,3868
2011,accademico,6701,Teramo,F,iscritti,4800
2011,accademico,6701,Teramo,M,iscritti,3507
2012,accademico,6701,Teramo,F,iscritti,4313
2012,accademico,6701,Teramo,M,iscritti,3184
2013,accademico,6701,Teramo,F,iscritti,3963
2013,accademico,6701,Teramo,M,iscritti,2792
2014,accademico,6701,Teramo,F,iscritti,3856
2014,accademico,6701,Teramo,M,iscritti,2693
2015,accademico,6701,Teramo,F,iscritti,3723
2015,accademico,6701,Teramo,M,iscritti,2645
2016,accademico,6701,Teramo,F,iscritti,3629
2016,accademico,6701,Teramo,M,iscritti,2618
2017,accademico,6701,Teramo,F,iscritti,3424
2017,accademico,6701,Teramo,M,iscritti,2551
2018,accademico,6701,Teramo,F,iscritti,3186
2018,accademico,6701,Teramo,M,iscritti,2435
2019,accademico,6701,Teramo,F,iscritti,3175
2019,accademico,6701,Teramo,M,iscritti,2390
2020,accademico,6701,Teramo,F,iscritti,3188
2020,accademico,6701,Teramo,M,iscritti,2424
2021,accademico,6701,Teramo,F,iscritti,2986
2021,accademico,6701,Teramo,M,iscritti,2194
2022,accademico,6701,Teramo,F,iscritti,2919
2022,accademico,6701,Teramo,M,iscritti,1967
2023,accademico,6701,Teramo,F,iscritti,2964
2023,accademico,6701,Teramo,M,iscritti,1956
2024,accademico,6701,Teramo,F,iscritti,2880
2024,accademico,6701,Teramo,M,iscritti,1852
2001,solare,6701,Teramo,F,laureati,447
2001,solare,6701,Teramo,M,laureati,330
2002,solare,6701,Teramo,F,laureati,544
2002,solare,6701,Teramo,M,laureati,362
2003,solare,6701,Teramo,F,laureati,665
2003,solare,6701,Teramo,M,laureati,448
2004,solare,6701,Teramo,F,laureati,636
2004,solare,6701,Teramo,M,laureati,451
2005,solare,6701,Teramo,F,laureati,754
2005,solare,6701,Teramo,M,laureati,794
2006,solare,6701,Teramo,F,laureati,696
2006,solare,6701,Teramo,M,laureati,590
2007,solare,6701,Teramo,F,laureati,707
2007,solare,6701,Teramo,M,laureati,745
2008,solare,6701,Teramo,F,laureati,640
2008,solare,6701,Teramo,M,laureati,605
2009,solare,6701,Teramo,F,laureati,520
2009,solare,6701,Teramo,M,laureati,466
2010,solare,6701,Teramo,F,laureati,521
2010,solare,6701,Teramo,M,laureati,476
2011,solare,6701,Teramo,F,laureati,487
2011,solare,6701,Teramo,M,laureati,595
2012,solare,6701,Teramo,F,laureati,540
2012,solare,6701,Teramo,M,laureati,440
2013,solare,6701,Teramo,F,laureati,619
2013,solare,6701,Teramo,M,laureati,633
2014,solare,6701,Teramo,F,laureati,586
2014,solare,6701,Teramo,M,laureati,415
2015,solare,6701,Teramo,F,laureati,570
2015,solare,6701,Teramo,M,laureati,414
2016,solare,6701,Teramo,F,laureati,544
2016,solare,6701,Teramo,M,laureati,425
2017,solare,6701,Teramo,F,laureati,602
2017,solare,6701,Teramo,M,laureati,420
2018,solare,6701,Teramo,F,laureati,575
2018,solare,6701,Teramo,M,laureati,403
2019,solare,6701,Teramo,F,laureati,564
2019,solare,6701,Teramo,M,laureati,436
2020,solare,6701,Teramo,F,laureati,480
2020,solare,6701,Teramo,M,laureati,427
2021,solare,6701,Teramo,F,laureati,518
2021,solare,6701,Teramo,M,laureati,439
2022,solare,6701,Teramo,F,laureati,471
2022,solare,6701,Teramo,M,laureati,381
2023,solare,6701,Teramo,F,laureati,523
2023,solare,6701,Teramo,M,laureati,371
2024,solare,6701,Teramo,F,laureati,493
2024,solare,6701,Teramo,M,laureati,330
2025,solare,6701,Teramo,F,laureati,489
2025,solare,6701,Teramo,M,laureati,288
1998,accademico,6901,Chieti e Pescara,F,immatricolati,1820
1998,accademico,6901,Chieti e Pescara,M,immatricolati,1094
1999,accademico,6901,Chieti e Pescara,F,immatricolati,2303
1999,accademico,6901,Chieti e Pescara,M,immatricolati,1244
2000,accademico,6901,Chieti e Pescara,F,immatricolati,2312
2000,accademico,6901,Chieti e Pescara,M,immatricolati,1325
2001,accademico,6901,Chieti e Pescara,F,immatricolati,2952
2001,accademico,6901,Chieti e Pescara,M,immatricolati,1720
2002,accademico,6901,Chieti e Pescara,F,immatricolati,3735
2002,accademico,6901,Chieti e Pescara,M,immatricolati,2687
2003,accademico,6901,Chieti e Pescara,F,immatricolati,3678
2003,accademico,6901,Chieti e Pescara,M,immatricolati,3260
2004,accademico,6901,Chieti e Pescara,F,immatricolati,5159
2004,accademico,6901,Chieti e Pescara,M,immatricolati,3650
2005,accademico,6901,Chieti e Pescara,F,immatricolati,5829
2005,accademico,6901,Chieti e Pescara,M,immatricolati,4593
2006,accademico,6901,Chieti e Pescara,F,immatricolati,4689
2006,accademico,6901,Chieti e Pescara,M,immatricolati,2824
2007,accademico,6901,Chieti e Pescara,F,immatricolati,3842
2007,accademico,6901,Chieti e Pescara,M,immatricolati,2100
2008,accademico,6901,Chieti e Pescara,F,immatricolati,2907
2008,accademico,6901,Chieti e Pescara,M,immatricolati,1679
2009,accademico,6901,Chieti e Pescara,F,immatricolati,4013
2009,accademico,6901,Chieti e Pescara,M,immatricolati,2039
2010,accademico,6901,Chieti e Pescara,F,immatricolati,3979
2010,accademico,6901,Chieti e Pescara,M,immatricolati,2176
2011,accademico,6901,Chieti e Pescara,F,immatricolati,3035
2011,accademico,6901,Chieti e Pescara,M,immatricolati,1616
2012,accademico,6901,Chieti e Pescara,F,immatricolati,2908
2012,accademico,6901,Chieti e Pescara,M,immatricolati,1570
2013,accademico,6901,Chieti e Pescara,F,immatricolati,2670
2013,accademico,6901,Chieti e Pescara,M,immatricolati,1528
2014,accademico,6901,Chieti e Pescara,F,immatricolati,2491
2014,accademico,6901,Chieti e Pescara,M,immatricolati,1445
2015,accademico,6901,Chieti e Pescara,F,immatricolati,2345
2015,accademico,6901,Chieti e Pescara,M,immatricolati,1324
2016,accademico,6901,Chieti e Pescara,F,immatricolati,2603
2016,accademico,6901,Chieti e Pescara,M,immatricolati,1548
2017,accademico,6901,Chieti e Pescara,F,immatricolati,2448
2017,accademico,6901,Chieti e Pescara,M,immatricolati,1453
2018,accademico,6901,Chieti e Pescara,F,immatricolati,2352
2018,accademico,6901,Chieti e Pescara,M,immatricolati,1357
2019,accademico,6901,Chieti e Pescara,F,immatricolati,2501
2019,accademico,6901,Chieti e Pescara,M,immatricolati,1353
2020,accademico,6901,Chieti e Pescara,F,immatricolati,2489
2020,accademico,6901,Chieti e Pescara,M,immatricolati,1385
2021,accademico,6901,Chieti e Pescara,F,immatricolati,2335
2021,accademico,6901,Chieti e Pescara,M,immatricolati,1314
2022,accademico,6901,Chieti e Pescara,F,immatricolati,2364
2022,accademico,6901,Chieti e Pescara,M,immatricolati,1328
2023,accademico,6901,Chieti e Pescara,F,immatricolati,2232
2023,accademico,6901,Chieti e Pescara,M,immatricolati,1335
2024,accademico,6901,Chieti e Pescara,F,immatricolati,2399
2024,accademico,6901,Chieti e Pescara,M,immatricolati,1375
2025,accademico,6901,Chieti e Pescara,F,immatricolati,2329
2025,accademico,6901,Chieti e Pescara,M,immatricolati,1458
2000,accademico,6901,Chieti e Pescara,F,iscritti,11930
2000,accademico,6901,Chieti e Pescara,M,iscritti,7076
2001,accademico,6901,Chieti e Pescara,F,iscritti,13664
2001,accademico,6901,Chieti e Pescara,M,iscritti,8098
2002,accademico,6901,Chieti e Pescara,F,iscritti,14558
2002,accademico,6901,Chieti e Pescara,M,iscritti,9059
2003,accademico,6901,Chieti e Pescara,F,iscritti,15808
2003,accademico,6901,Chieti e Pescara,M,iscritti,10697
2004,accademico,6901,Chieti e Pescara,F,iscritti,18007
2004,accademico,6901,Chieti e Pescara,M,iscritti,12378
2005,accademico,6901,Chieti e Pescara,F,iscritti,20098
2005,accademico,6901,Chieti e Pescara,M,iscritti,14915
2006,accademico,6901,Chieti e Pescara,F,iscritti,20013
2006,accademico,6901,Chieti e Pescara,M,iscritti,13586
2007,accademico,6901,Chieti e Pescara,F,iscritti,19544
2007,accademico,6901,Chieti e Pescara,M,iscritti,11958
2008,accademico,6901,Chieti e Pescara,F,iscritti,18888
2008,accademico,6901,Chieti e Pescara,M,iscritti,11002
2009,accademico,6901,Chieti e Pescara,F,iscritti,20464
2009,accademico,6901,Chieti e Pescara,M,iscritti,11491
2010,accademico,6901,Chieti e Pescara,F,iscritti,21403
2010,accademico,6901,Chieti e Pescara,M,iscritti,11943
2011,accademico,6901,Chieti e Pescara,F,iscritti,21105
2011,accademico,6901,Chieti e Pescara,M,iscritti,11473
2012,accademico,6901,Chieti e Pescara,F,iscritti,19854
2012,accademico,6901,Chieti e Pescara,M,iscritti,10679
2013,accademico,6901,Chieti e Pescara,F,iscritti,18779
2013,accademico,6901,Chieti e Pescara,M,iscritti,10253
2014,accademico,6901,Chieti e Pescara,F,iscritti,17875
2014,accademico,6901,Chieti e Pescara,M,iscritti,9883
2015,accademico,6901,Chieti e Pescara,F,iscritti,16697
2015,accademico,6901,Chieti e Pescara,M,iscritti,9365
2016,accademico,6901,Chieti e Pescara,F,iscritti,16033
2016,accademico,6901,Chieti e Pescara,M,iscritti,9173
2017,accademico,6901,Chieti e Pescara,F,iscritti,15519
2017,accademico,6901,Chieti e Pescara,M,iscritti,8887
2018,accademico,6901,Chieti e Pescara,F,iscritti,15199
2018,accademico,6901,Chieti e Pescara,M,iscritti,8660
2019,accademico,6901,Chieti e Pescara,F,iscritti,14839
2019,accademico,6901,Chieti e Pescara,M,iscritti,8212
2020,accademico,6901,Chieti e Pescara,F,iscritti,14737
2020,accademico,6901,Chieti e Pescara,M,iscritti,8016
2021,accademico,6901,Chieti e Pescara,F,iscritti,14079
2021,accademico,6901,Chieti e Pescara,M,iscritti,7693
2022,accademico,6901,Chieti e Pescara,F,iscritti,13779
2022,accademico,6901,Chieti e Pescara,M,iscritti,7423
2023,accademico,6901,Chieti e Pescara,F,iscritti,13693
2023,accademico,6901,Chieti e Pescara,M,iscritti,7312
2024,accademico,6901,Chieti e Pescara,9,iscritti,1
2024,accademico,6901,Chieti e Pescara,F,iscritti,13291
2024,accademico,6901,Chieti e Pescara,M,iscritti,7168
2001,solare,6901,Chieti e Pescara,F,laureati,1353
2001,solare,6901,Chieti e Pescara,M,laureati,762
2002,solare,6901,Chieti e Pescara,F,laureati,2185
2002,solare,6901,Chieti e Pescara,M,laureati,1150
2003,solare,6901,Chieti e Pescara,F,laureati,2681
2003,solare,6901,Chieti e Pescara,M,laureati,1477
2004,solare,6901,Chieti e Pescara,F,laureati,3255
2004,solare,6901,Chieti e Pescara,M,laureati,1992
2005,solare,6901,Chieti e Pescara,F,laureati,3682
2005,solare,6901,Chieti e Pescara,M,laureati,2537
2006,solare,6901,Chieti e Pescara,F,laureati,3704
2006,solare,6901,Chieti e Pescara,M,laureati,2920
2007,solare,6901,Chieti e Pescara,F,laureati,4654
2007,solare,6901,Chieti e Pescara,M,laureati,2925
2008,solare,6901,Chieti e Pescara,F,laureati,3798
2008,solare,6901,Chieti e Pescara,M,laureati,2400
2009,solare,6901,Chieti e Pescara,F,laureati,3528
2009,solare,6901,Chieti e Pescara,M,laureati,1894
2010,solare,6901,Chieti e Pescara,F,laureati,2956
2010,solare,6901,Chieti e Pescara,M,laureati,1553
2011,solare,6901,Chieti e Pescara,F,laureati,3576
2011,solare,6901,Chieti e Pescara,M,laureati,1689
2012,solare,6901,Chieti e Pescara,F,laureati,3572
2012,solare,6901,Chieti e Pescara,M,laureati,1580
2013,solare,6901,Chieti e Pescara,F,laureati,3740
2013,solare,6901,Chieti e Pescara,M,laureati,1669
2014,solare,6901,Chieti e Pescara,F,laureati,3812
2014,solare,6901,Chieti e Pescara,M,laureati,1617
2015,solare,6901,Chieti e Pescara,F,laureati,3694
2015,solare,6901,Chieti e Pescara,M,laureati,1650
2016,solare,6901,Chieti e Pescara,F,laureati,3604
2016,solare,6901,Chieti e Pescara,M,laureati,1601
2017,solare,6901,Chieti e Pescara,F,laureati,3394
2017,solare,6901,Chieti e Pescara,M,laureati,1581
2018,solare,6901,Chieti e Pescara,F,laureati,3191
2018,solare,6901,Chieti e Pescara,M,laureati,1596
2019,solare,6901,Chieti e Pescara,F,laureati,3482
2019,solare,6901,Chieti e Pescara,M,laureati,1661
2020,solare,6901,Chieti e Pescara,F,laureati,2919
2020,solare,6901,Chieti e Pescara,M,laureati,1499
2021,solare,6901,Chieti e Pescara,F,laureati,3108
2021,solare,6901,Chieti e Pescara,M,laureati,1478
2022,solare,6901,Chieti e Pescara,F,laureati,2915
2022,solare,6901,Chieti e Pescara,M,laureati,1419
2023,solare,6901,Chieti e Pescara,F,laureati,2772
2023,solare,6901,Chieti e Pescara,M,laureati,1339
2024,solare,6901,Chieti e Pescara,F,laureati,2964
2024,solare,6901,Chieti e Pescara,M,laureati,1369
2025,solare,6901,Chieti e Pescara,F,laureati,2903
2025,solare,6901,Chieti e Pescara,M,laureati,1375
2005,accademico,6902,Torrevecchia Teatina Leonardo da Vinci - telematica,F,immatricolati,20
2005,accademico,6902,Torrevecchia Teatina Leonardo da Vinci - telematica,M,immatricolati,26
2006,accademico,6902,Torrevecchia Teatina Leonardo da Vinci - telematica,F,immatricolati,50
2006,accademico,6902,Torrevecchia Teatina Leonardo da Vinci - telematica,M,immatricolati,35
2007,accademico,6902,Torrevecchia Teatina Leonardo da Vinci - telematica,F,immatricolati,39
2007,accademico,6902,Torrevecchia Teatina Leonardo da Vinci - telematica,M,immatricolati,27
2008,accademico,6902,Torrevecchia Teatina Leonardo da Vinci - telematica,F,immatricolati,34
2008,accademico,6902,Torrevecchia Teatina Leonardo da Vinci - telematica,M,immatricolati,31
2009,accademico,6902,Torrevecchia Teatina Leonardo da Vinci - telematica,F,immatricolati,26
2009,accademico,6902,Torrevecchia Teatina Leonardo da Vinci - telematica,M,immatricolati,17
2010,accademico,6902,Torrevecchia Teatina Leonardo da Vinci - telematica,F,immatricolati,17
2010,accademico,6902,Torrevecchia Teatina Leonardo da Vinci - telematica,M,immatricolati,10
2011,accademico,6902,Torrevecchia Teatina Leonardo da Vinci - telematica,F,immatricolati,22
2011,accademico,6902,Torrevecchia Teatina Leonardo da Vinci - telematica,M,immatricolati,11
2012,accademico,6902,Torrevecchia Teatina Leonardo da Vinci - telematica,F,immatricolati,15
2012,accademico,6902,Torrevecchia Teatina Leonardo da Vinci - telematica,M,immatricolati,11
2013,accademico,6902,Torrevecchia Teatina Leonardo da Vinci - telematica,F,immatricolati,5
2013,accademico,6902,Torrevecchia Teatina Leonardo da Vinci - telematica,M,immatricolati,6
2014,accademico,6902,Torrevecchia Teatina Leonardo da Vinci - telematica,M,immatricolati,1
2016,accademico,6902,Torrevecchia Teatina Leonardo da Vinci - telematica,F,immatricolati,4
2016,accademico,6902,Torrevecchia Teatina Leonardo da Vinci - telematica,M,immatricolati,1
2017,accademico,6902,Torrevecchia Teatina Leonardo da Vinci - telematica,M,immatricolati,2
2018,accademico,6902,Torrevecchia Teatina Leonardo da Vinci - telematica,F,immatricolati,1
2018,accademico,6902,Torrevecchia Teatina Leonardo da Vinci - telematica,M,immatricolati,1
2020,accademico,6902,Torrevecchia Teatina Leonardo da Vinci - telematica,F,immatricolati,3
2020,accademico,6902,Torrevecchia Teatina Leonardo da Vinci - telematica,M,immatricolati,2
2021,accademico,6902,Torrevecchia Teatina Leonardo da Vinci - telematica,F,immatricolati,10
2021,accademico,6902,Torrevecchia Teatina Leonardo da Vinci - telematica,M,immatricolati,5
2022,accademico,6902,Torrevecchia Teatina Leonardo da Vinci - telematica,F,immatricolati,96
2022,accademico,6902,Torrevecchia Teatina Leonardo da Vinci - telematica,M,immatricolati,75
2023,accademico,6902,Torrevecchia Teatina Leonardo da Vinci - telematica,F,immatricolati,52
2023,accademico,6902,Torrevecchia Teatina Leonardo da Vinci - telematica,M,immatricolati,38
2024,accademico,6902,Torrevecchia Teatina Leonardo da Vinci - telematica,F,immatricolati,172
2024,accademico,6902,Torrevecchia Teatina Leonardo da Vinci - telematica,M,immatricolati,57
2025,accademico,6902,Torrevecchia Teatina Leonardo da Vinci - telematica,F,immatricolati,161
2025,accademico,6902,Torrevecchia Teatina Leonardo da Vinci - telematica,M,immatricolati,35
2005,accademico,6902,Torrevecchia Teatina Leonardo da Vinci - telematica,F,iscritti,35
2005,accademico,6902,Torrevecchia Teatina Leonardo da Vinci - telematica,M,iscritti,46
2006,accademico,6902,Torrevecchia Teatina Leonardo da Vinci - telematica,F,iscritti,104
2006,accademico,6902,Torrevecchia Teatina Leonardo da Vinci - telematica,M,iscritti,92
2007,accademico,6902,Torrevecchia Teatina Leonardo da Vinci - telematica,F,iscritti,152
2007,accademico,6902,Torrevecchia Teatina Leonardo da Vinci - telematica,M,iscritti,124
2008,accademico,6902,Torrevecchia Teatina Leonardo da Vinci - telematica,F,iscritti,209
2008,accademico,6902,Torrevecchia Teatina Leonardo da Vinci - telematica,M,iscritti,166
2009,accademico,6902,Torrevecchia Teatina Leonardo da Vinci - telematica,F,iscritti,211
2009,accademico,6902,Torrevecchia Teatina Leonardo da Vinci - telematica,M,iscritti,154
2010,accademico,6902,Torrevecchia Teatina Leonardo da Vinci - telematica,F,iscritti,222
2010,accademico,6902,Torrevecchia Teatina Leonardo da Vinci - telematica,M,iscritti,157
2011,accademico,6902,Torrevecchia Teatina Leonardo da Vinci - telematica,F,iscritti,206
2011,accademico,6902,Torrevecchia Teatina Leonardo da Vinci - telematica,M,iscritti,144
2012,accademico,6902,Torrevecchia Teatina Leonardo da Vinci - telematica,F,iscritti,184
2012,accademico,6902,Torrevecchia Teatina Leonardo da Vinci - telematica,M,iscritti,142
2013,accademico,6902,Torrevecchia Teatina Leonardo da Vinci - telematica,F,iscritti,158
2013,accademico,6902,Torrevecchia Teatina Leonardo da Vinci - telematica,M,iscritti,132
2014,accademico,6902,Torrevecchia Teatina Leonardo da Vinci - telematica,F,iscritti,124
2014,accademico,6902,Torrevecchia Teatina Leonardo da Vinci - telematica,M,iscritti,83
2015,accademico,6902,Torrevecchia Teatina Leonardo da Vinci - telematica,F,iscritti,80
2015,accademico,6902,Torrevecchia Teatina Leonardo da Vinci - telematica,M,iscritti,55
2016,accademico,6902,Torrevecchia Teatina Leonardo da Vinci - telematica,F,iscritti,84
2016,accademico,6902,Torrevecchia Teatina Leonardo da Vinci - telematica,M,iscritti,68
2017,accademico,6902,Torrevecchia Teatina Leonardo da Vinci - telematica,F,iscritti,54
2017,accademico,6902,Torrevecchia Teatina Leonardo da Vinci - telematica,M,iscritti,45
2018,accademico,6902,Torrevecchia Teatina Leonardo da Vinci - telematica,F,iscritti,41
2018,accademico,6902,Torrevecchia Teatina Leonardo da Vinci - telematica,M,iscritti,31
2019,accademico,6902,Torrevecchia Teatina Leonardo da Vinci - telematica,F,iscritti,38
2019,accademico,6902,Torrevecchia Teatina Leonardo da Vinci - telematica,M,iscritti,22
2020,accademico,6902,Torrevecchia Teatina Leonardo da Vinci - telematica,F,iscritti,28
2020,accademico,6902,Torrevecchia Teatina Leonardo da Vinci - telematica,M,iscritti,18
2021,accademico,6902,Torrevecchia Teatina Leonardo da Vinci - telematica,F,iscritti,45
2021,accademico,6902,Torrevecchia Teatina Leonardo da Vinci - telematica,M,iscritti,24
2022,accademico,6902,Torrevecchia Teatina Leonardo da Vinci - telematica,F,iscritti,282
2022,accademico,6902,Torrevecchia Teatina Leonardo da Vinci - telematica,M,iscritti,178
2023,accademico,6902,Torrevecchia Teatina Leonardo da Vinci - telematica,F,iscritti,235
2023,accademico,6902,Torrevecchia Teatina Leonardo da Vinci - telematica,M,iscritti,111
2024,accademico,6902,Torrevecchia Teatina Leonardo da Vinci - telematica,F,iscritti,403
2024,accademico,6902,Torrevecchia Teatina Leonardo da Vinci - telematica,M,iscritti,143
2006,solare,6902,Torrevecchia Teatina Leonardo da Vinci - telematica,M,laureati,1
2007,solare,6902,Torrevecchia Teatina Leonardo da Vinci - telematica,F,laureati,6
2007,solare,6902,Torrevecchia Teatina Leonardo da Vinci - telematica,M,laureati,1
2008,solare,6902,Torrevecchia Teatina Leonardo da Vinci - telematica,F,laureati,5
2008,solare,6902,Torrevecchia Teatina Leonardo da Vinci - telematica,M,laureati,12
2009,solare,6902,Torrevecchia Teatina Leonardo da Vinci - telematica,F,laureati,13
2009,solare,6902,Torrevecchia Teatina Leonardo da Vinci - telematica,M,laureati,14
2010,solare,6902,Torrevecchia Teatina Leonardo da Vinci - telematica,F,laureati,35
2010,solare,6902,Torrevecchia Teatina Leonardo da Vinci - telematica,M,laureati,19
2011,solare,6902,Torrevecchia Teatina Leonardo da Vinci - telematica,F,laureati,38
2011,solare,6902,Torrevecchia Teatina Leonardo da Vinci - telematica,M,laureati,25
2012,solare,6902,Torrevecchia Teatina Leonardo da Vinci - telematica,F,laureati,36
2012,solare,6902,Torrevecchia Teatina Leonardo da Vinci - telematica,M,laureati,23
2013,solare,6902,Torrevecchia Teatina Leonardo da Vinci - telematica,F,laureati,28
2013,solare,6902,Torrevecchia Teatina Leonardo da Vinci - telematica,M,laureati,15
2014,solare,6902,Torrevecchia Teatina Leonardo da Vinci - telematica,F,laureati,30
2014,solare,6902,Torrevecchia Teatina Leonardo da Vinci - telematica,M,laureati,24
2015,solare,6902,Torrevecchia Teatina Leonardo da Vinci - telematica,F,laureati,23
2015,solare,6902,Torrevecchia Teatina Leonardo da Vinci - telematica,M,laureati,26
2016,solare,6902,Torrevecchia Teatina Leonardo da Vinci - telematica,F,laureati,20
2016,solare,6902,Torrevecchia Teatina Leonardo da Vinci - telematica,M,laureati,21
2017,solare,6902,Torrevecchia Teatina Leonardo da Vinci - telematica,F,laureati,16
2017,solare,6902,Torrevecchia Teatina Leonardo da Vinci - telematica,M,laureati,13
2018,solare,6902,Torrevecchia Teatina Leonardo da Vinci - telematica,F,laureati,9
2018,solare,6902,Torrevecchia Teatina Leonardo da Vinci - telematica,M,laureati,4
2019,solare,6902,Torrevecchia Teatina Leonardo da Vinci - telematica,F,laureati,8
2019,solare,6902,Torrevecchia Teatina Leonardo da Vinci - telematica,M,laureati,6
2020,solare,6902,Torrevecchia Teatina Leonardo da Vinci - telematica,F,laureati,9
2020,solare,6902,Torrevecchia Teatina Leonardo da Vinci - telematica,M,laureati,7
2021,solare,6902,Torrevecchia Teatina Leonardo da Vinci - telematica,F,laureati,3
2021,solare,6902,Torrevecchia Teatina Leonardo da Vinci - telematica,M,laureati,5
2022,solare,6902,Torrevecchia Teatina Leonardo da Vinci - telematica,F,laureati,2
2022,solare,6902,Torrevecchia Teatina Leonardo da Vinci - telematica,M,laureati,2
2023,solare,6902,Torrevecchia Teatina Leonardo da Vinci - telematica,F,laureati,9
2023,solare,6902,Torrevecchia Teatina Leonardo da Vinci - telematica,M,laureati,3
2024,solare,6902,Torrevecchia Teatina Leonardo da Vinci - telematica,F,laureati,45
2024,solare,6902,Torrevecchia Teatina Leonardo da Vinci - telematica,M,laureati,15
2025,solare,6902,Torrevecchia Teatina Leonardo da Vinci - telematica,F,laureati,81
2025,solare,6902,Torrevecchia Teatina Leonardo da Vinci - telematica,M,laureati,20
1998,accademico,7001,Molise,F,immatricolati,537
1998,accademico,7001,Molise,M,immatricolati,418
1999,accademico,7001,Molise,F,immatricolati,604
1999,accademico,7001,Molise,M,immatricolati,634
2000,accademico,7001,Molise,F,immatricolati,664
2000,accademico,7001,Molise,M,immatricolati,552
2001,accademico,7001,Molise,F,immatricolati,802
2001,accademico,7001,Molise,M,immatricolati,669
2002,accademico,7001,Molise,F,immatricolati,809
2002,accademico,7001,Molise,M,immatricolati,703
2003,accademico,7001,Molise,F,immatricolati,853
2003,accademico,7001,Molise,M,immatricolati,1130
2004,accademico,7001,Molise,F,immatricolati,857
2004,accademico,7001,Molise,M,immatricolati,932
2005,accademico,7001,Molise,F,immatricolati,670
2005,accademico,7001,Molise,M,immatricolati,788
2006,accademico,7001,Molise,F,immatricolati,697
2006,accademico,7001,Molise,M,immatricolati,684
2007,accademico,7001,Molise,F,immatricolati,807
2007,accademico,7001,Molise,M,immatricolati,694
2008,accademico,7001,Molise,F,immatricolati,791
2008,accademico,7001,Molise,M,immatricolati,627
2009,accademico,7001,Molise,F,immatricolati,715
2009,accademico,7001,Molise,M,immatricolati,568
2010,accademico,7001,Molise,F,immatricolati,672
2010,accademico,7001,Molise,M,immatricolati,544
2011,accademico,7001,Molise,F,immatricolati,674
2011,accademico,7001,Molise,M,immatricolati,512
2012,accademico,7001,Molise,F,immatricolati,582
2012,accademico,7001,Molise,M,immatricolati,446
2013,accademico,7001,Molise,F,immatricolati,538
2013,accademico,7001,Molise,M,immatricolati,448
2014,accademico,7001,Molise,F,immatricolati,524
2014,accademico,7001,Molise,M,immatricolati,441
2015,accademico,7001,Molise,F,immatricolati,569
2015,accademico,7001,Molise,M,immatricolati,411
2016,accademico,7001,Molise,F,immatricolati,598
2016,accademico,7001,Molise,M,immatricolati,442
2017,accademico,7001,Molise,F,immatricolati,589
2017,accademico,7001,Molise,M,immatricolati,458
2018,accademico,7001,Molise,F,immatricolati,573
2018,accademico,7001,Molise,M,immatricolati,499
2019,accademico,7001,Molise,F,immatricolati,618
2019,accademico,7001,Molise,M,immatricolati,490
2020,accademico,7001,Molise,F,immatricolati,587
2020,accademico,7001,Molise,M,immatricolati,480
2021,accademico,7001,Molise,F,immatricolati,596
2021,accademico,7001,Molise,M,immatricolati,453
2022,accademico,7001,Molise,F,immatricolati,569
2022,accademico,7001,Molise,M,immatricolati,464
2023,accademico,7001,Molise,F,immatricolati,559
2023,accademico,7001,Molise,M,immatricolati,487
2024,accademico,7001,Molise,F,immatricolati,643
2024,accademico,7001,Molise,M,immatricolati,486
2025,accademico,7001,Molise,F,immatricolati,660
2025,accademico,7001,Molise,M,immatricolati,435
2000,accademico,7001,Molise,F,iscritti,4269
2000,accademico,7001,Molise,M,iscritti,3471
2001,accademico,7001,Molise,F,iscritti,4662
2001,accademico,7001,Molise,M,iscritti,3603
2002,accademico,7001,Molise,F,iscritti,5093
2002,accademico,7001,Molise,M,iscritti,3975
2003,accademico,7001,Molise,F,iscritti,5265
2003,accademico,7001,Molise,M,iscritti,4432
2004,accademico,7001,Molise,F,iscritti,5256
2004,accademico,7001,Molise,M,iscritti,4513
2005,accademico,7001,Molise,F,iscritti,5173
2005,accademico,7001,Molise,M,iscritti,4525
2006,accademico,7001,Molise,F,iscritti,5155
2006,accademico,7001,Molise,M,iscritti,4429
2007,accademico,7001,Molise,F,iscritti,5361
2007,accademico,7001,Molise,M,iscritti,4389
2008,accademico,7001,Molise,F,iscritti,5428
2008,accademico,7001,Molise,M,iscritti,4120
2009,accademico,7001,Molise,F,iscritti,5524
2009,accademico,7001,Molise,M,iscritti,4040
2010,accademico,7001,Molise,F,iscritti,4827
2010,accademico,7001,Molise,M,iscritti,3491
2011,accademico,7001,Molise,F,iscritti,4658
2011,accademico,7001,Molise,M,iscritti,3204
2012,accademico,7001,Molise,F,iscritti,4439
2012,accademico,7001,Molise,M,iscritti,3131
2013,accademico,7001,Molise,F,iscritti,4378
2013,accademico,7001,Molise,M,iscritti,3017
2014,accademico,7001,Molise,F,iscritti,4179
2014,accademico,7001,Molise,M,iscritti,2910
2015,accademico,7001,Molise,F,iscritti,4129
2015,accademico,7001,Molise,M,iscritti,2879
2016,accademico,7001,Molise,F,iscritti,4083
2016,accademico,7001,Molise,M,iscritti,2853
2017,accademico,7001,Molise,F,iscritti,4096
2017,accademico,7001,Molise,M,iscritti,2798
2018,accademico,7001,Molise,F,iscritti,3986
2018,accademico,7001,Molise,M,iscritti,2824
2019,accademico,7001,Molise,F,iscritti,3905
2019,accademico,7001,Molise,M,iscritti,2809
2020,accademico,7001,Molise,F,iscritti,3987
2020,accademico,7001,Molise,M,iscritti,2665
2021,accademico,7001,Molise,F,iscritti,3975
2021,accademico,7001,Molise,M,iscritti,2583
2022,accademico,7001,Molise,F,iscritti,3991
2022,accademico,7001,Molise,M,iscritti,2491
2023,accademico,7001,Molise,F,iscritti,4193
2023,accademico,7001,Molise,M,iscritti,2570
2024,accademico,7001,Molise,F,iscritti,4261
2024,accademico,7001,Molise,M,iscritti,2628
2001,solare,7001,Molise,F,laureati,286
2001,solare,7001,Molise,M,laureati,229
2002,solare,7001,Molise,F,laureati,360
2002,solare,7001,Molise,M,laureati,290
2003,solare,7001,Molise,F,laureati,521
2003,solare,7001,Molise,M,laureati,353
2004,solare,7001,Molise,F,laureati,647
2004,solare,7001,Molise,M,laureati,474
2005,solare,7001,Molise,F,laureati,749
2005,solare,7001,Molise,M,laureati,612
2006,solare,7001,Molise,F,laureati,810
2006,solare,7001,Molise,M,laureati,557
2007,solare,7001,Molise,F,laureati,812
2007,solare,7001,Molise,M,laureati,540
2008,solare,7001,Molise,F,laureati,800
2008,solare,7001,Molise,M,laureati,563
2009,solare,7001,Molise,F,laureati,690
2009,solare,7001,Molise,M,laureati,430
2010,solare,7001,Molise,F,laureati,745
2010,solare,7001,Molise,M,laureati,485
2011,solare,7001,Molise,F,laureati,1051
2011,solare,7001,Molise,M,laureati,625
2012,solare,7001,Molise,F,laureati,763
2012,solare,7001,Molise,M,laureati,469
2013,solare,7001,Molise,F,laureati,786
2013,solare,7001,Molise,M,laureati,414
2014,solare,7001,Molise,F,laureati,723
2014,solare,7001,Molise,M,laureati,436
2015,solare,7001,Molise,F,laureati,652
2015,solare,7001,Molise,M,laureati,397
2016,solare,7001,Molise,F,laureati,665
2016,solare,7001,Molise,M,laureati,421
2017,solare,7001,Molise,F,laureati,639
2017,solare,7001,Molise,M,laureati,422
2018,solare,7001,Molise,F,laureati,601
2018,solare,7001,Molise,M,laureati,413
2019,solare,7001,Molise,F,laureati,749
2019,solare,7001,Molise,M,laureati,471
2020,solare,7001,Molise,F,laureati,712
2020,solare,7001,Molise,M,laureati,445
2021,solare,7001,Molise,F,laureati,735
2021,solare,7001,Molise,M,laureati,456
2022,solare,7001,Molise,F,laureati,722
2022,solare,7001,Molise,M,laureati,425
2023,solare,7001,Molise,F,laureati,667
2023,solare,7001,Molise,M,laureati,451
2024,solare,7001,Molise,F,laureati,643
2024,solare,7001,Molise,M,laureati,422
2025,solare,7001,Molise,F,laureati,829
2025,solare,7001,Molise,M,laureati,418
2000,accademico,701,Aosta,F,immatricolati,20
2000,accademico,701,Aosta,M,immatricolati,3
2001,accademico,701,Aosta,F,immatricolati,92
2001,accademico,701,Aosta,M,immatricolati,30
2002,accademico,701,Aosta,F,immatricolati,90
2002,accademico,701,Aosta,M,immatricolati,39
2003,accademico,701,Aosta,F,immatricolati,152
2003,accademico,701,Aosta,M,immatricolati,55
2004,accademico,701,Aosta,F,immatricolati,100
2004,accademico,701,Aosta,M,immatricolati,32
2005,accademico,701,Aosta,F,immatricolati,129
2005,accademico,701,Aosta,M,immatricolati,44
2006,accademico,701,Aosta,F,immatricolati,117
2006,accademico,701,Aosta,M,immatricolati,37
2007,accademico,701,Aosta,F,immatricolati,128
2007,accademico,701,Aosta,M,immatricolati,44
2008,accademico,701,Aosta,F,immatricolati,140
2008,accademico,701,Aosta,M,immatricolati,29
2009,accademico,701,Aosta,F,immatricolati,141
2009,accademico,701,Aosta,M,immatricolati,64
2010,accademico,701,Aosta,F,immatricolati,169
2010,accademico,701,Aosta,M,immatricolati,53
2011,accademico,701,Aosta,F,immatricolati,133
2011,accademico,701,Aosta,M,immatricolati,57
2012,accademico,701,Aosta,F,immatricolati,140
2012,accademico,701,Aosta,M,immatricolati,69
2013,accademico,701,Aosta,F,immatricolati,158
2013,accademico,701,Aosta,M,immatricolati,72
2014,accademico,701,Aosta,F,immatricolati,163
2014,accademico,701,Aosta,M,immatricolati,55
2015,accademico,701,Aosta,F,immatricolati,146
2015,accademico,701,Aosta,M,immatricolati,72
2016,accademico,701,Aosta,F,immatricolati,148
2016,accademico,701,Aosta,M,immatricolati,60
2017,accademico,701,Aosta,F,immatricolati,158
2017,accademico,701,Aosta,M,immatricolati,74
2018,accademico,701,Aosta,F,immatricolati,153
2018,accademico,701,Aosta,M,immatricolati,67
2019,accademico,701,Aosta,F,immatricolati,157
2019,accademico,701,Aosta,M,immatricolati,69
2020,accademico,701,Aosta,F,immatricolati,167
2020,accademico,701,Aosta,M,immatricolati,77
2021,accademico,701,Aosta,F,immatricolati,166
2021,accademico,701,Aosta,M,immatricolati,41
2022,accademico,701,Aosta,F,immatricolati,155
2022,accademico,701,Aosta,M,immatricolati,64
2023,accademico,701,Aosta,F,immatricolati,175
2023,accademico,701,Aosta,M,immatricolati,78
2024,accademico,701,Aosta,F,immatricolati,189
2024,accademico,701,Aosta,M,immatricolati,74
2025,accademico,701,Aosta,F,immatricolati,196
2025,accademico,701,Aosta,M,immatricolati,109
2000,accademico,701,Aosta,F,iscritti,58
2000,accademico,701,Aosta,M,iscritti,7
2001,accademico,701,Aosta,F,iscritti,165
2001,accademico,701,Aosta,M,iscritti,47
2002,accademico,701,Aosta,F,iscritti,230
2002,accademico,701,Aosta,M,iscritti,75
2003,accademico,701,Aosta,F,iscritti,393
2003,accademico,701,Aosta,M,iscritti,125
2004,accademico,701,Aosta,F,iscritti,454
2004,accademico,701,Aosta,M,iscritti,155
2005,accademico,701,Aosta,F,iscritti,587
2005,accademico,701,Aosta,M,iscritti,197
2006,accademico,701,Aosta,F,iscritti,661
2006,accademico,701,Aosta,M,iscritti,217
2007,accademico,701,Aosta,F,iscritti,719
2007,accademico,701,Aosta,M,iscritti,240
2008,accademico,701,Aosta,F,iscritti,811
2008,accademico,701,Aosta,M,iscritti,255
2009,accademico,701,Aosta,F,iscritti,829
2009,accademico,701,Aosta,M,iscritti,263
2010,accademico,701,Aosta,F,iscritti,946
2010,accademico,701,Aosta,M,iscritti,307
2011,accademico,701,Aosta,F,iscritti,915
2011,accademico,701,Aosta,M,iscritti,309
2012,accademico,701,Aosta,F,iscritti,881
2012,accademico,701,Aosta,M,iscritti,334
2013,accademico,701,Aosta,F,iscritti,842
2013,accademico,701,Aosta,M,iscritti,325
2014,accademico,701,Aosta,F,iscritti,842
2014,accademico,701,Aosta,M,iscritti,316
2015,accademico,701,Aosta,F,iscritti,807
2015,accademico,701,Aosta,M,iscritti,314
2016,accademico,701,Aosta,F,iscritti,772
2016,accademico,701,Aosta,M,iscritti,289
2017,accademico,701,Aosta,F,iscritti,751
2017,accademico,701,Aosta,M,iscritti,301
2018,accademico,701,Aosta,F,iscritti,710
2018,accademico,701,Aosta,M,iscritti,315
2019,accademico,701,Aosta,F,iscritti,701
2019,accademico,701,Aosta,M,iscritti,317
2020,accademico,701,Aosta,F,iscritti,717
2020,accademico,701,Aosta,M,iscritti,321
2021,accademico,701,Aosta,F,iscritti,705
2021,accademico,701,Aosta,M,iscritti,282
2022,accademico,701,Aosta,F,iscritti,689
2022,accademico,701,Aosta,M,iscritti,267
2023,accademico,701,Aosta,F,iscritti,682
2023,accademico,701,Aosta,M,iscritti,270
2024,accademico,701,Aosta,F,iscritti,749
2024,accademico,701,Aosta,M,iscritti,301
2003,solare,701,Aosta,F,laureati,10
2003,solare,701,Aosta,M,laureati,1
2004,solare,701,Aosta,F,laureati,27
2004,solare,701,Aosta,M,laureati,3
2005,solare,701,Aosta,F,laureati,57
2005,solare,701,Aosta,M,laureati,17
2006,solare,701,Aosta,F,laureati,48
2006,solare,701,Aosta,M,laureati,22
2007,solare,701,Aosta,F,laureati,92
2007,solare,701,Aosta,M,laureati,22
2008,solare,701,Aosta,F,laureati,100
2008,solare,701,Aosta,M,laureati,18
2009,solare,701,Aosta,F,laureati,98
2009,solare,701,Aosta,M,laureati,29
2010,solare,701,Aosta,F,laureati,119
2010,solare,701,Aosta,M,laureati,42
2011,solare,701,Aosta,F,laureati,132
2011,solare,701,Aosta,M,laureati,36
2012,solare,701,Aosta,F,laureati,115
2012,solare,701,Aosta,M,laureati,42
2013,solare,701,Aosta,F,laureati,174
2013,solare,701,Aosta,M,laureati,52
2014,solare,701,Aosta,F,laureati,148
2014,solare,701,Aosta,M,laureati,46
2015,solare,701,Aosta,F,laureati,138
2015,solare,701,Aosta,M,laureati,46
2016,solare,701,Aosta,F,laureati,145
2016,solare,701,Aosta,M,laureati,44
2017,solare,701,Aosta,F,laureati,187
2017,solare,701,Aosta,M,laureati,70
2018,solare,701,Aosta,F,laureati,168
2018,solare,701,Aosta,M,laureati,57
2019,solare,701,Aosta,F,laureati,207
2019,solare,701,Aosta,M,laureati,59
2020,solare,701,Aosta,F,laureati,188
2020,solare,701,Aosta,M,laureati,78
2021,solare,701,Aosta,F,laureati,167
2021,solare,701,Aosta,M,laureati,59
2022,solare,701,Aosta,F,laureati,134
2022,solare,701,Aosta,M,laureati,59
2023,solare,701,Aosta,F,laureati,181
2023,solare,701,Aosta,M,laureati,53
2024,solare,701,Aosta,F,laureati,170
2024,solare,701,Aosta,M,laureati,59
2025,solare,701,Aosta,F,laureati,150
2025,solare,701,Aosta,M,laureati,62
1999,accademico,7101,Foggia,F,immatricolati,911
1999,accademico,7101,Foggia,M,immatricolati,701
2000,accademico,7101,Foggia,F,immatricolati,1047
2000,accademico,7101,Foggia,M,immatricolati,875
2001,accademico,7101,Foggia,F,immatricolati,1430
2001,accademico,7101,Foggia,M,immatricolati,1088
2002,accademico,7101,Foggia,F,immatricolati,1376
2002,accademico,7101,Foggia,M,immatricolati,940
2003,accademico,7101,Foggia,F,immatricolati,1253
2003,accademico,7101,Foggia,M,immatricolati,860
2004,accademico,7101,Foggia,F,immatricolati,1247
2004,accademico,7101,Foggia,M,immatricolati,901
2005,accademico,7101,Foggia,F,immatricolati,1263
2005,accademico,7101,Foggia,M,immatricolati,1017
2006,accademico,7101,Foggia,F,immatricolati,1455
2006,accademico,7101,Foggia,M,immatricolati,955
2007,accademico,7101,Foggia,F,immatricolati,1529
2007,accademico,7101,Foggia,M,immatricolati,1022
2008,accademico,7101,Foggia,F,immatricolati,1533
2008,accademico,7101,Foggia,M,immatricolati,1095
2009,accademico,7101,Foggia,F,immatricolati,1142
2009,accademico,7101,Foggia,M,immatricolati,715
2010,accademico,7101,Foggia,F,immatricolati,1054
2010,accademico,7101,Foggia,M,immatricolati,678
2011,accademico,7101,Foggia,F,immatricolati,1018
2011,accademico,7101,Foggia,M,immatricolati,628
2012,accademico,7101,Foggia,F,immatricolati,942
2012,accademico,7101,Foggia,M,immatricolati,588
2013,accademico,7101,Foggia,F,immatricolati,955
2013,accademico,7101,Foggia,M,immatricolati,557
2014,accademico,7101,Foggia,F,immatricolati,945
2014,accademico,7101,Foggia,M,immatricolati,615
2015,accademico,7101,Foggia,F,immatricolati,791
2015,accademico,7101,Foggia,M,immatricolati,663
2016,accademico,7101,Foggia,F,immatricolati,1216
2016,accademico,7101,Foggia,M,immatricolati,842
2017,accademico,7101,Foggia,F,immatricolati,1253
2017,accademico,7101,Foggia,M,immatricolati,816
2018,accademico,7101,Foggia,F,immatricolati,1166
2018,accademico,7101,Foggia,M,immatricolati,782
2019,accademico,7101,Foggia,F,immatricolati,1165
2019,accademico,7101,Foggia,M,immatricolati,809
2020,accademico,7101,Foggia,F,immatricolati,1629
2020,accademico,7101,Foggia,M,immatricolati,1012
2021,accademico,7101,Foggia,F,immatricolati,1763
2021,accademico,7101,Foggia,M,immatricolati,1031
2022,accademico,7101,Foggia,F,immatricolati,1848
2022,accademico,7101,Foggia,M,immatricolati,1038
2023,accademico,7101,Foggia,F,immatricolati,1624
2023,accademico,7101,Foggia,M,immatricolati,994
2024,accademico,7101,Foggia,F,immatricolati,1731
2024,accademico,7101,Foggia,M,immatricolati,1119
2025,accademico,7101,Foggia,F,immatricolati,1632
2025,accademico,7101,Foggia,M,immatricolati,960
2000,accademico,7101,Foggia,F,iscritti,5427
2000,accademico,7101,Foggia,M,iscritti,3935
2001,accademico,7101,Foggia,F,iscritti,5673
2001,accademico,7101,Foggia,M,iscritti,4004
2002,accademico,7101,Foggia,F,iscritti,5964
2002,accademico,7101,Foggia,M,iscritti,4004
2003,accademico,7101,Foggia,F,iscritti,6171
2003,accademico,7101,Foggia,M,iscritti,4160
2004,accademico,7101,Foggia,F,iscritti,6440
2004,accademico,7101,Foggia,M,iscritti,4207
2005,accademico,7101,Foggia,F,iscritti,6415
2005,accademico,7101,Foggia,M,iscritti,4193
2006,accademico,7101,Foggia,F,iscritti,6558
2006,accademico,7101,Foggia,M,iscritti,4106
2007,accademico,7101,Foggia,F,iscritti,6740
2007,accademico,7101,Foggia,M,iscritti,4142
2008,accademico,7101,Foggia,F,iscritti,6925
2008,accademico,7101,Foggia,M,iscritti,4257
2009,accademico,7101,Foggia,F,iscritti,7241
2009,accademico,7101,Foggia,M,iscritti,4253
2010,accademico,7101,Foggia,F,iscritti,7329
2010,accademico,7101,Foggia,M,iscritti,4337
2011,accademico,7101,Foggia,F,iscritti,6899
2011,accademico,7101,Foggia,M,iscritti,4032
2012,accademico,7101,Foggia,F,iscritti,6502
2012,accademico,7101,Foggia,M,iscritti,3840
2013,accademico,7101,Foggia,F,iscritti,6303
2013,accademico,7101,Foggia,M,iscritti,3599
2014,accademico,7101,Foggia,F,iscritti,6201
2014,accademico,7101,Foggia,M,iscritti,3548
2015,accademico,7101,Foggia,F,iscritti,5862
2015,accademico,7101,Foggia,M,iscritti,3588
2016,accademico,7101,Foggia,F,iscritti,6099
2016,accademico,7101,Foggia,M,iscritti,3816
2017,accademico,7101,Foggia,F,iscritti,6418
2017,accademico,7101,Foggia,M,iscritti,3908
2018,accademico,7101,Foggia,F,iscritti,6482
2018,accademico,7101,Foggia,M,iscritti,3966
2019,accademico,7101,Foggia,F,iscritti,6602
2019,accademico,7101,Foggia,M,iscritti,3942
2020,accademico,7101,Foggia,F,iscritti,7206
2020,accademico,7101,Foggia,M,iscritti,4224
2021,accademico,7101,Foggia,F,iscritti,7655
2021,accademico,7101,Foggia,M,iscritti,4355
2022,accademico,7101,Foggia,F,iscritti,8177
2022,accademico,7101,Foggia,M,iscritti,4456
2023,accademico,7101,Foggia,F,iscritti,8512
2023,accademico,7101,Foggia,M,iscritti,4579
2024,accademico,7101,Foggia,F,iscritti,8832
2024,accademico,7101,Foggia,M,iscritti,4728
2001,solare,7101,Foggia,F,laureati,379
2001,solare,7101,Foggia,M,laureati,291
2002,solare,7101,Foggia,F,laureati,470
2002,solare,7101,Foggia,M,laureati,292
2003,solare,7101,Foggia,F,laureati,544
2003,solare,7101,Foggia,M,laureati,373
2004,solare,7101,Foggia,F,laureati,672
2004,solare,7101,Foggia,M,laureati,408
2005,solare,7101,Foggia,F,laureati,694
2005,solare,7101,Foggia,M,laureati,394
2006,solare,7101,Foggia,F,laureati,842
2006,solare,7101,Foggia,M,laureati,457
2007,solare,7101,Foggia,F,laureati,777
2007,solare,7101,Foggia,M,laureati,451
2008,solare,7101,Foggia,F,laureati,1001
2008,solare,7101,Foggia,M,laureati,581
2009,solare,7101,Foggia,F,laureati,824
2009,solare,7101,Foggia,M,laureati,497
2010,solare,7101,Foggia,F,laureati,908
2010,solare,7101,Foggia,M,laureati,485
2011,solare,7101,Foggia,F,laureati,984
2011,solare,7101,Foggia,M,laureati,473
2012,solare,7101,Foggia,F,laureati,899
2012,solare,7101,Foggia,M,laureati,502
2013,solare,7101,Foggia,F,laureati,969
2013,solare,7101,Foggia,M,laureati,527
2014,solare,7101,Foggia,F,laureati,908
2014,solare,7101,Foggia,M,laureati,544
2015,solare,7101,Foggia,F,laureati,914
2015,solare,7101,Foggia,M,laureati,539
2016,solare,7101,Foggia,F,laureati,991
2016,solare,7101,Foggia,M,laureati,533
2017,solare,7101,Foggia,F,laureati,993
2017,solare,7101,Foggia,M,laureati,565
2018,solare,7101,Foggia,F,laureati,1026
2018,solare,7101,Foggia,M,laureati,640
2019,solare,7101,Foggia,F,laureati,1199
2019,solare,7101,Foggia,M,laureati,658
2020,solare,7101,Foggia,F,laureati,1280
2020,solare,7101,Foggia,M,laureati,731
2021,solare,7101,Foggia,F,laureati,1396
2021,solare,7101,Foggia,M,laureati,687
2022,solare,7101,Foggia,F,laureati,1220
2022,solare,7101,Foggia,M,laureati,585
2023,solare,7101,Foggia,F,laureati,1282
2023,solare,7101,Foggia,M,laureati,677
2024,solare,7101,Foggia,F,laureati,1507
2024,solare,7101,Foggia,M,laureati,845
2025,solare,7101,Foggia,F,laureati,1243
2025,solare,7101,Foggia,M,laureati,609
1998,accademico,7201,Bari,F,immatricolati,5707
1998,accademico,7201,Bari,M,immatricolati,3138
1999,accademico,7201,Bari,F,immatricolati,4519
1999,accademico,7201,Bari,M,immatricolati,2329
2000,accademico,7201,Bari,F,immatricolati,4909
2000,accademico,7201,Bari,M,immatricolati,2811
2001,accademico,7201,Bari,F,immatricolati,5713
2001,accademico,7201,Bari,M,immatricolati,3198
2002,accademico,7201,Bari,F,immatricolati,5110
2002,accademico,7201,Bari,M,immatricolati,2812
2003,accademico,7201,Bari,F,immatricolati,6184
2003,accademico,7201,Bari,M,immatricolati,3425
2004,accademico,7201,Bari,F,immatricolati,6686
2004,accademico,7201,Bari,M,immatricolati,4332
2005,accademico,7201,Bari,F,immatricolati,6493
2005,accademico,7201,Bari,M,immatricolati,4167
2006,accademico,7201,Bari,F,immatricolati,5944
2006,accademico,7201,Bari,M,immatricolati,3588
2007,accademico,7201,Bari,F,immatricolati,6394
2007,accademico,7201,Bari,M,immatricolati,3850
2008,accademico,7201,Bari,F,immatricolati,5962
2008,accademico,7201,Bari,M,immatricolati,3593
2009,accademico,7201,Bari,F,immatricolati,5603
2009,accademico,7201,Bari,M,immatricolati,3358
2010,accademico,7201,Bari,F,immatricolati,5730
2010,accademico,7201,Bari,M,immatricolati,3426
2011,accademico,7201,Bari,F,immatricolati,5601
2011,accademico,7201,Bari,M,immatricolati,3343
2012,accademico,7201,Bari,F,immatricolati,5056
2012,accademico,7201,Bari,M,immatricolati,3277
2013,accademico,7201,Bari,F,immatricolati,4896
2013,accademico,7201,Bari,M,immatricolati,3195
2014,accademico,7201,Bari,F,immatricolati,4734
2014,accademico,7201,Bari,M,immatricolati,3172
2015,accademico,7201,Bari,F,immatricolati,4333
2015,accademico,7201,Bari,M,immatricolati,2988
2016,accademico,7201,Bari,F,immatricolati,4313
2016,accademico,7201,Bari,M,immatricolati,2907
2017,accademico,7201,Bari,F,immatricolati,4327
2017,accademico,7201,Bari,M,immatricolati,2878
2018,accademico,7201,Bari,F,immatricolati,4328
2018,accademico,7201,Bari,M,immatricolati,2970
2019,accademico,7201,Bari,F,immatricolati,4448
2019,accademico,7201,Bari,M,immatricolati,2995
2020,accademico,7201,Bari,F,immatricolati,4395
2020,accademico,7201,Bari,M,immatricolati,3309
2021,accademico,7201,Bari,F,immatricolati,4296
2021,accademico,7201,Bari,M,immatricolati,2954
2022,accademico,7201,Bari,F,immatricolati,4271
2022,accademico,7201,Bari,M,immatricolati,3039
2023,accademico,7201,Bari,F,immatricolati,4491
2023,accademico,7201,Bari,M,immatricolati,3043
2024,accademico,7201,Bari,F,immatricolati,4602
2024,accademico,7201,Bari,M,immatricolati,3250
2025,accademico,7201,Bari,F,immatricolati,4870
2025,accademico,7201,Bari,M,immatricolati,3161
2000,accademico,7201,Bari,F,iscritti,32386
2000,accademico,7201,Bari,M,iscritti,17237
2001,accademico,7201,Bari,F,iscritti,32675
2001,accademico,7201,Bari,M,iscritti,17194
2002,accademico,7201,Bari,F,iscritti,32738
2002,accademico,7201,Bari,M,iscritti,17430
2003,accademico,7201,Bari,F,iscritti,37406
2003,accademico,7201,Bari,M,iscritti,20065
2004,accademico,7201,Bari,F,iscritti,39038
2004,accademico,7201,Bari,M,iscritti,21523
2005,accademico,7201,Bari,F,iscritti,39190
2005,accademico,7201,Bari,M,iscritti,21898
2006,accademico,7201,Bari,F,iscritti,37627
2006,accademico,7201,Bari,M,iscritti,20725
2007,accademico,7201,Bari,F,iscritti,37748
2007,accademico,7201,Bari,M,iscritti,20423
2008,accademico,7201,Bari,F,iscritti,38658
2008,accademico,7201,Bari,M,iscritti,20916
2009,accademico,7201,Bari,F,iscritti,38423
2009,accademico,7201,Bari,M,iscritti,20804
2010,accademico,7201,Bari,F,iscritti,40246
2010,accademico,7201,Bari,M,iscritti,21716
2011,accademico,7201,Bari,F,iscritti,37974
2011,accademico,7201,Bari,M,iscritti,20475
2012,accademico,7201,Bari,F,iscritti,35288
2012,accademico,7201,Bari,M,iscritti,19422
2013,accademico,7201,Bari,F,iscritti,33594
2013,accademico,7201,Bari,M,iscritti,18889
2014,accademico,7201,Bari,F,iscritti,32140
2014,accademico,7201,Bari,M,iscritti,18624
2015,accademico,7201,Bari,F,iscritti,30285
2015,accademico,7201,Bari,M,iscritti,17950
2016,accademico,7201,Bari,F,iscritti,28553
2016,accademico,7201,Bari,M,iscritti,17199
2017,accademico,7201,Bari,F,iscritti,27872
2017,accademico,7201,Bari,M,iscritti,16684
2018,accademico,7201,Bari,F,iscritti,27627
2018,accademico,7201,Bari,M,iscritti,16410
2019,accademico,7201,Bari,F,iscritti,27334
2019,accademico,7201,Bari,M,iscritti,16141
2020,accademico,7201,Bari,F,iscritti,27115
2020,accademico,7201,Bari,M,iscritti,16117
2021,accademico,7201,Bari,F,iscritti,26070
2021,accademico,7201,Bari,M,iscritti,15484
2022,accademico,7201,Bari,F,iscritti,25513
2022,accademico,7201,Bari,M,iscritti,15371
2023,accademico,7201,Bari,F,iscritti,25432
2023,accademico,7201,Bari,M,iscritti,15102
2024,accademico,7201,Bari,F,iscritti,25124
2024,accademico,7201,Bari,M,iscritti,15403
2001,solare,7201,Bari,F,laureati,3810
2001,solare,7201,Bari,M,laureati,2129
2002,solare,7201,Bari,F,laureati,4131
2002,solare,7201,Bari,M,laureati,2311
2003,solare,7201,Bari,F,laureati,4169
2003,solare,7201,Bari,M,laureati,2282
2004,solare,7201,Bari,F,laureati,4976
2004,solare,7201,Bari,M,laureati,2458
2005,solare,7201,Bari,F,laureati,5613
2005,solare,7201,Bari,M,laureati,2783
2006,solare,7201,Bari,F,laureati,5815
2006,solare,7201,Bari,M,laureati,2719
2007,solare,7201,Bari,F,laureati,5667
2007,solare,7201,Bari,M,laureati,2728
2008,solare,7201,Bari,F,laureati,5432
2008,solare,7201,Bari,M,laureati,2509
2009,solare,7201,Bari,F,laureati,5278
2009,solare,7201,Bari,M,laureati,2638
2010,solare,7201,Bari,F,laureati,5264
2010,solare,7201,Bari,M,laureati,2476
2011,solare,7201,Bari,F,laureati,5205
2011,solare,7201,Bari,M,laureati,2427
2012,solare,7201,Bari,F,laureati,5393
2012,solare,7201,Bari,M,laureati,2497
2013,solare,7201,Bari,F,laureati,5355
2013,solare,7201,Bari,M,laureati,2616
2014,solare,7201,Bari,F,laureati,5267
2014,solare,7201,Bari,M,laureati,2430
2015,solare,7201,Bari,F,laureati,4911
2015,solare,7201,Bari,M,laureati,2387
2016,solare,7201,Bari,F,laureati,4882
2016,solare,7201,Bari,M,laureati,2670
2017,solare,7201,Bari,F,laureati,4915
2017,solare,7201,Bari,M,laureati,2644
2018,solare,7201,Bari,F,laureati,4762
2018,solare,7201,Bari,M,laureati,2809
2019,solare,7201,Bari,F,laureati,4767
2019,solare,7201,Bari,M,laureati,2710
2020,solare,7201,Bari,F,laureati,4698
2020,solare,7201,Bari,M,laureati,2543
2021,solare,7201,Bari,F,laureati,4982
2021,solare,7201,Bari,M,laureati,2626
2022,solare,7201,Bari,F,laureati,4519
2022,solare,7201,Bari,M,laureati,2371
2023,solare,7201,Bari,F,laureati,4590
2023,solare,7201,Bari,M,laureati,2528
2024,solare,7201,Bari,F,laureati,4790
2024,solare,7201,Bari,M,laureati,2454
2025,solare,7201,Bari,F,laureati,4826
2025,solare,7201,Bari,M,laureati,2626
1998,accademico,7202,Bari Politecnico,F,immatricolati,384
1998,accademico,7202,Bari Politecnico,M,immatricolati,1238
1999,accademico,7202,Bari Politecnico,F,immatricolati,379
1999,accademico,7202,Bari Politecnico,M,immatricolati,1149
2000,accademico,7202,Bari Politecnico,F,immatricolati,382
2000,accademico,7202,Bari Politecnico,M,immatricolati,1140
2001,accademico,7202,Bari Politecnico,F,immatricolati,410
2001,accademico,7202,Bari Politecnico,M,immatricolati,1244
2002,accademico,7202,Bari Politecnico,F,immatricolati,494
2002,accademico,7202,Bari Politecnico,M,immatricolati,1374
2003,accademico,7202,Bari Politecnico,F,immatricolati,454
2003,accademico,7202,Bari Politecnico,M,immatricolati,1427
2004,accademico,7202,Bari Politecnico,F,immatricolati,508
2004,accademico,7202,Bari Politecnico,M,immatricolati,1319
2005,accademico,7202,Bari Politecnico,F,immatricolati,538
2005,accademico,7202,Bari Politecnico,M,immatricolati,1381
2006,accademico,7202,Bari Politecnico,F,immatricolati,599
2006,accademico,7202,Bari Politecnico,M,immatricolati,1548
2007,accademico,7202,Bari Politecnico,F,immatricolati,503
2007,accademico,7202,Bari Politecnico,M,immatricolati,1275
2008,accademico,7202,Bari Politecnico,F,immatricolati,627
2008,accademico,7202,Bari Politecnico,M,immatricolati,1409
2009,accademico,7202,Bari Politecnico,F,immatricolati,612
2009,accademico,7202,Bari Politecnico,M,immatricolati,1434
2010,accademico,7202,Bari Politecnico,F,immatricolati,500
2010,accademico,7202,Bari Politecnico,M,immatricolati,1306
2011,accademico,7202,Bari Politecnico,F,immatricolati,383
2011,accademico,7202,Bari Politecnico,M,immatricolati,1034
2012,accademico,7202,Bari Politecnico,F,immatricolati,419
2012,accademico,7202,Bari Politecnico,M,immatricolati,1055
2013,accademico,7202,Bari Politecnico,F,immatricolati,458
2013,accademico,7202,Bari Politecnico,M,immatricolati,1037
2014,accademico,7202,Bari Politecnico,F,immatricolati,405
2014,accademico,7202,Bari Politecnico,M,immatricolati,979
2015,accademico,7202,Bari Politecnico,F,immatricolati,446
2015,accademico,7202,Bari Politecnico,M,immatricolati,1054
2016,accademico,7202,Bari Politecnico,F,immatricolati,524
2016,accademico,7202,Bari Politecnico,M,immatricolati,1217
2017,accademico,7202,Bari Politecnico,F,immatricolati,529
2017,accademico,7202,Bari Politecnico,M,immatricolati,1240
2018,accademico,7202,Bari Politecnico,F,immatricolati,540
2018,accademico,7202,Bari Politecnico,M,immatricolati,1336
2019,accademico,7202,Bari Politecnico,F,immatricolati,647
2019,accademico,7202,Bari Politecnico,M,immatricolati,1309
2020,accademico,7202,Bari Politecnico,F,immatricolati,547
2020,accademico,7202,Bari Politecnico,M,immatricolati,1341
2021,accademico,7202,Bari Politecnico,F,immatricolati,555
2021,accademico,7202,Bari Politecnico,M,immatricolati,1331
2022,accademico,7202,Bari Politecnico,F,immatricolati,554
2022,accademico,7202,Bari Politecnico,M,immatricolati,1235
2023,accademico,7202,Bari Politecnico,F,immatricolati,586
2023,accademico,7202,Bari Politecnico,M,immatricolati,1352
2024,accademico,7202,Bari Politecnico,F,immatricolati,678
2024,accademico,7202,Bari Politecnico,M,immatricolati,1452
2025,accademico,7202,Bari Politecnico,F,immatricolati,677
2025,accademico,7202,Bari Politecnico,M,immatricolati,1382
2000,accademico,7202,Bari Politecnico,F,iscritti,2572
2000,accademico,7202,Bari Politecnico,M,iscritti,8274
2001,accademico,7202,Bari Politecnico,F,iscritti,2699
2001,accademico,7202,Bari Politecnico,M,iscritti,8245
2002,accademico,7202,Bari Politecnico,F,iscritti,2747
2002,accademico,7202,Bari Politecnico,M,iscritti,8238
2003,accademico,7202,Bari Politecnico,F,iscritti,2955
2003,accademico,7202,Bari Politecnico,M,iscritti,8371
2004,accademico,7202,Bari Politecnico,F,iscritti,3088
2004,accademico,7202,Bari Politecnico,M,iscritti,8347
2005,accademico,7202,Bari Politecnico,F,iscritti,3154
2005,accademico,7202,Bari Politecnico,M,iscritti,8247
2006,accademico,7202,Bari Politecnico,F,iscritti,3218
2006,accademico,7202,Bari Politecnico,M,iscritti,8259
2007,accademico,7202,Bari Politecnico,F,iscritti,3301
2007,accademico,7202,Bari Politecnico,M,iscritti,8004
2008,accademico,7202,Bari Politecnico,F,iscritti,3635
2008,accademico,7202,Bari Politecnico,M,iscritti,8800
2009,accademico,7202,Bari Politecnico,F,iscritti,3776
2009,accademico,7202,Bari Politecnico,M,iscritti,8843
2010,accademico,7202,Bari Politecnico,F,iscritti,3955
2010,accademico,7202,Bari Politecnico,M,iscritti,9162
2011,accademico,7202,Bari Politecnico,F,iscritti,3783
2011,accademico,7202,Bari Politecnico,M,iscritti,8603
2012,accademico,7202,Bari Politecnico,F,iscritti,3631
2012,accademico,7202,Bari Politecnico,M,iscritti,8037
2013,accademico,7202,Bari Politecnico,F,iscritti,3485
2013,accademico,7202,Bari Politecnico,M,iscritti,7627
2014,accademico,7202,Bari Politecnico,F,iscritti,3348
2014,accademico,7202,Bari Politecnico,M,iscritti,7279
2015,accademico,7202,Bari Politecnico,F,iscritti,3123
2015,accademico,7202,Bari Politecnico,M,iscritti,6963
2016,accademico,7202,Bari Politecnico,F,iscritti,3060
2016,accademico,7202,Bari Politecnico,M,iscritti,6828
2017,accademico,7202,Bari Politecnico,F,iscritti,3093
2017,accademico,7202,Bari Politecnico,M,iscritti,6863
2018,accademico,7202,Bari Politecnico,F,iscritti,3053
2018,accademico,7202,Bari Politecnico,M,iscritti,6940
2019,accademico,7202,Bari Politecnico,F,iscritti,3090
2019,accademico,7202,Bari Politecnico,M,iscritti,6935
2020,accademico,7202,Bari Politecnico,F,iscritti,3033
2020,accademico,7202,Bari Politecnico,M,iscritti,7046
2021,accademico,7202,Bari Politecnico,F,iscritti,3034
2021,accademico,7202,Bari Politecnico,M,iscritti,6931
2022,accademico,7202,Bari Politecnico,F,iscritti,3004
2022,accademico,7202,Bari Politecnico,M,iscritti,6848
2023,accademico,7202,Bari Politecnico,F,iscritti,3094
2023,accademico,7202,Bari Politecnico,M,iscritti,7036
2024,accademico,7202,Bari Politecnico,F,iscritti,3339
2024,accademico,7202,Bari Politecnico,M,iscritti,7376
2001,solare,7202,Bari Politecnico,F,laureati,168
2001,solare,7202,Bari Politecnico,M,laureati,629
2002,solare,7202,Bari Politecnico,F,laureati,228
2002,solare,7202,Bari Politecnico,M,laureati,832
2003,solare,7202,Bari Politecnico,F,laureati,230
2003,solare,7202,Bari Politecnico,M,laureati,808
2004,solare,7202,Bari Politecnico,F,laureati,315
2004,solare,7202,Bari Politecnico,M,laureati,957
2005,solare,7202,Bari Politecnico,F,laureati,466
2005,solare,7202,Bari Politecnico,M,laureati,1150
2006,solare,7202,Bari Politecnico,F,laureati,541
2006,solare,7202,Bari Politecnico,M,laureati,1248
2007,solare,7202,Bari Politecnico,F,laureati,434
2007,solare,7202,Bari Politecnico,M,laureati,1083
2008,solare,7202,Bari Politecnico,F,laureati,427
2008,solare,7202,Bari Politecnico,M,laureati,1087
2009,solare,7202,Bari Politecnico,F,laureati,465
2009,solare,7202,Bari Politecnico,M,laureati,1038
2010,solare,7202,Bari Politecnico,F,laureati,444
2010,solare,7202,Bari Politecnico,M,laureati,1013
2011,solare,7202,Bari Politecnico,F,laureati,463
2011,solare,7202,Bari Politecnico,M,laureati,1089
2012,solare,7202,Bari Politecnico,F,laureati,543
2012,solare,7202,Bari Politecnico,M,laureati,1172
2013,solare,7202,Bari Politecnico,F,laureati,576
2013,solare,7202,Bari Politecnico,M,laureati,1212
2014,solare,7202,Bari Politecnico,F,laureati,577
2014,solare,7202,Bari Politecnico,M,laureati,1121
2015,solare,7202,Bari Politecnico,F,laureati,559
2015,solare,7202,Bari Politecnico,M,laureati,1094
2016,solare,7202,Bari Politecnico,F,laureati,712
2016,solare,7202,Bari Politecnico,M,laureati,1347
2017,solare,7202,Bari Politecnico,F,laureati,665
2017,solare,7202,Bari Politecnico,M,laureati,1295
2018,solare,7202,Bari Politecnico,F,laureati,643
2018,solare,7202,Bari Politecnico,M,laureati,1272
2019,solare,7202,Bari Politecnico,F,laureati,676
2019,solare,7202,Bari Politecnico,M,laureati,1313
2020,solare,7202,Bari Politecnico,F,laureati,658
2020,solare,7202,Bari Politecnico,M,laureati,1200
2021,solare,7202,Bari Politecnico,F,laureati,670
2021,solare,7202,Bari Politecnico,M,laureati,1280
2022,solare,7202,Bari Politecnico,F,laureati,642
2022,solare,7202,Bari Politecnico,M,laureati,1226
2023,solare,7202,Bari Politecnico,F,laureati,664
2023,solare,7202,Bari Politecnico,M,laureati,1241
2024,solare,7202,Bari Politecnico,F,laureati,631
2024,solare,7202,Bari Politecnico,M,laureati,1239
2025,solare,7202,Bari Politecnico,F,laureati,674
2025,solare,7202,Bari Politecnico,M,laureati,1272
1999,accademico,7203,Casamassima – LUM G. Degennaro,F,immatricolati,20
1999,accademico,7203,Casamassima – LUM G. Degennaro,M,immatricolati,33
2000,accademico,7203,Casamassima – LUM G. Degennaro,F,immatricolati,35
2000,accademico,7203,Casamassima – LUM G. Degennaro,M,immatricolati,60
2001,accademico,7203,Casamassima – LUM G. Degennaro,F,immatricolati,42
2001,accademico,7203,Casamassima – LUM G. Degennaro,M,immatricolati,116
2002,accademico,7203,Casamassima – LUM G. Degennaro,F,immatricolati,46
2002,accademico,7203,Casamassima – LUM G. Degennaro,M,immatricolati,78
2003,accademico,7203,Casamassima – LUM G. Degennaro,F,immatricolati,85
2003,accademico,7203,Casamassima – LUM G. Degennaro,M,immatricolati,237
2004,accademico,7203,Casamassima – LUM G. Degennaro,F,immatricolati,127
2004,accademico,7203,Casamassima – LUM G. Degennaro,M,immatricolati,479
2005,accademico,7203,Casamassima – LUM G. Degennaro,F,immatricolati,157
2005,accademico,7203,Casamassima – LUM G. Degennaro,M,immatricolati,362
2006,accademico,7203,Casamassima – LUM G. Degennaro,F,immatricolati,94
2006,accademico,7203,Casamassima – LUM G. Degennaro,M,immatricolati,185
2007,accademico,7203,Casamassima – LUM G. Degennaro,F,immatricolati,89
2007,accademico,7203,Casamassima – LUM G. Degennaro,M,immatricolati,119
2008,accademico,7203,Casamassima – LUM G. Degennaro,F,immatricolati,69
2008,accademico,7203,Casamassima – LUM G. Degennaro,M,immatricolati,127
2009,accademico,7203,Casamassima – LUM G. Degennaro,F,immatricolati,55
2009,accademico,7203,Casamassima – LUM G. Degennaro,M,immatricolati,93
2010,accademico,7203,Casamassima – LUM G. Degennaro,F,immatricolati,83
2010,accademico,7203,Casamassima – LUM G. Degennaro,M,immatricolati,141
2011,accademico,7203,Casamassima – LUM G. Degennaro,F,immatricolati,52
2011,accademico,7203,Casamassima – LUM G. Degennaro,M,immatricolati,99
2012,accademico,7203,Casamassima – LUM G. Degennaro,F,immatricolati,67
2012,accademico,7203,Casamassima – LUM G. Degennaro,M,immatricolati,78
2013,accademico,7203,Casamassima – LUM G. Degennaro,F,immatricolati,57
2013,accademico,7203,Casamassima – LUM G. Degennaro,M,immatricolati,83
2014,accademico,7203,Casamassima – LUM G. Degennaro,F,immatricolati,46
2014,accademico,7203,Casamassima – LUM G. Degennaro,M,immatricolati,94
2015,accademico,7203,Casamassima – LUM G. Degennaro,F,immatricolati,53
2015,accademico,7203,Casamassima – LUM G. Degennaro,M,immatricolati,98
2016,accademico,7203,Casamassima – LUM G. Degennaro,F,immatricolati,63
2016,accademico,7203,Casamassima – LUM G. Degennaro,M,immatricolati,124
2017,accademico,7203,Casamassima – LUM G. Degennaro,F,immatricolati,94
2017,accademico,7203,Casamassima – LUM G. Degennaro,M,immatricolati,153
2018,accademico,7203,Casamassima – LUM G. Degennaro,F,immatricolati,81
2018,accademico,7203,Casamassima – LUM G. Degennaro,M,immatricolati,145
2019,accademico,7203,Casamassima – LUM G. Degennaro,F,immatricolati,107
2019,accademico,7203,Casamassima – LUM G. Degennaro,M,immatricolati,150
2020,accademico,7203,Casamassima – LUM G. Degennaro,F,immatricolati,81
2020,accademico,7203,Casamassima – LUM G. Degennaro,M,immatricolati,141
2021,accademico,7203,Casamassima – LUM G. Degennaro,F,immatricolati,99
2021,accademico,7203,Casamassima – LUM G. Degennaro,M,immatricolati,159
2022,accademico,7203,Casamassima – LUM G. Degennaro,F,immatricolati,188
2022,accademico,7203,Casamassima – LUM G. Degennaro,M,immatricolati,188
2023,accademico,7203,Casamassima – LUM G. Degennaro,F,immatricolati,220
2023,accademico,7203,Casamassima – LUM G. Degennaro,M,immatricolati,249
2024,accademico,7203,Casamassima – LUM G. Degennaro,F,immatricolati,273
2024,accademico,7203,Casamassima – LUM G. Degennaro,M,immatricolati,226
2025,accademico,7203,Casamassima – LUM G. Degennaro,F,immatricolati,303
2025,accademico,7203,Casamassima – LUM G. Degennaro,M,immatricolati,261
2000,accademico,7203,Casamassima – LUM G. Degennaro,F,iscritti,77
2000,accademico,7203,Casamassima – LUM G. Degennaro,M,iscritti,152
2001,accademico,7203,Casamassima – LUM G. Degennaro,F,iscritti,134
2001,accademico,7203,Casamassima – LUM G. Degennaro,M,iscritti,292
2002,accademico,7203,Casamassima – LUM G. Degennaro,F,iscritti,177
2002,accademico,7203,Casamassima – LUM G. Degennaro,M,iscritti,350
2003,accademico,7203,Casamassima – LUM G. Degennaro,F,iscritti,254
2003,accademico,7203,Casamassima – LUM G. Degennaro,M,iscritti,530
2004,accademico,7203,Casamassima – LUM G. Degennaro,F,iscritti,314
2004,accademico,7203,Casamassima – LUM G. Degennaro,M,iscritti,834
2005,accademico,7203,Casamassima – LUM G. Degennaro,F,iscritti,420
2005,accademico,7203,Casamassima – LUM G. Degennaro,M,iscritti,964
2006,accademico,7203,Casamassima – LUM G. Degennaro,F,iscritti,413
2006,accademico,7203,Casamassima – LUM G. Degennaro,M,iscritti,783
2007,accademico,7203,Casamassima – LUM G. Degennaro,F,iscritti,424
2007,accademico,7203,Casamassima – LUM G. Degennaro,M,iscritti,723
2008,accademico,7203,Casamassima – LUM G. Degennaro,F,iscritti,400
2008,accademico,7203,Casamassima – LUM G. Degennaro,M,iscritti,644
2009,accademico,7203,Casamassima – LUM G. Degennaro,F,iscritti,443
2009,accademico,7203,Casamassima – LUM G. Degennaro,M,iscritti,696
2010,accademico,7203,Casamassima – LUM G. Degennaro,F,iscritti,522
2010,accademico,7203,Casamassima – LUM G. Degennaro,M,iscritti,835
2011,accademico,7203,Casamassima – LUM G. Degennaro,F,iscritti,481
2011,accademico,7203,Casamassima – LUM G. Degennaro,M,iscritti,815
2012,accademico,7203,Casamassima – LUM G. Degennaro,F,iscritti,492
2012,accademico,7203,Casamassima – LUM G. Degennaro,M,iscritti,818
2013,accademico,7203,Casamassima – LUM G. Degennaro,F,iscritti,519
2013,accademico,7203,Casamassima – LUM G. Degennaro,M,iscritti,784
2014,accademico,7203,Casamassima – LUM G. Degennaro,F,iscritti,498
2014,accademico,7203,Casamassima – LUM G. Degennaro,M,iscritti,752
2015,accademico,7203,Casamassima – LUM G. Degennaro,F,iscritti,465
2015,accademico,7203,Casamassima – LUM G. Degennaro,M,iscritti,775
2016,accademico,7203,Casamassima – LUM G. Degennaro,F,iscritti,519
2016,accademico,7203,Casamassima – LUM G. Degennaro,M,iscritti,850
2017,accademico,7203,Casamassima – LUM G. Degennaro,F,iscritti,603
2017,accademico,7203,Casamassima – LUM G. Degennaro,M,iscritti,951
2018,accademico,7203,Casamassima – LUM G. Degennaro,F,iscritti,599
2018,accademico,7203,Casamassima – LUM G. Degennaro,M,iscritti,904
2019,accademico,7203,Casamassima – LUM G. Degennaro,F,iscritti,654
2019,accademico,7203,Casamassima – LUM G. Degennaro,M,iscritti,942
2020,accademico,7203,Casamassima – LUM G. Degennaro,F,iscritti,641
2020,accademico,7203,Casamassima – LUM G. Degennaro,M,iscritti,930
2021,accademico,7203,Casamassima – LUM G. Degennaro,F,iscritti,677
2021,accademico,7203,Casamassima – LUM G. Degennaro,M,iscritti,925
2022,accademico,7203,Casamassima – LUM G. Degennaro,F,iscritti,808
2022,accademico,7203,Casamassima – LUM G. Degennaro,M,iscritti,948
2023,accademico,7203,Casamassima – LUM G. Degennaro,F,iscritti,991
2023,accademico,7203,Casamassima – LUM G. Degennaro,M,iscritti,1018
2024,accademico,7203,Casamassima – LUM G. Degennaro,F,iscritti,1199
2024,accademico,7203,Casamassima – LUM G. Degennaro,M,iscritti,1089
2002,solare,7203,Casamassima – LUM G. Degennaro,F,laureati,2
2002,solare,7203,Casamassima – LUM G. Degennaro,M,laureati,2
2003,solare,7203,Casamassima – LUM G. Degennaro,F,laureati,9
2003,solare,7203,Casamassima – LUM G. Degennaro,M,laureati,21
2004,solare,7203,Casamassima – LUM G. Degennaro,F,laureati,28
2004,solare,7203,Casamassima – LUM G. Degennaro,M,laureati,86
2005,solare,7203,Casamassima – LUM G. Degennaro,F,laureati,68
2005,solare,7203,Casamassima – LUM G. Degennaro,M,laureati,244
2006,solare,7203,Casamassima – LUM G. Degennaro,F,laureati,141
2006,solare,7203,Casamassima – LUM G. Degennaro,M,laureati,387
2007,solare,7203,Casamassima – LUM G. Degennaro,F,laureati,117
2007,solare,7203,Casamassima – LUM G. Degennaro,M,laureati,259
2008,solare,7203,Casamassima – LUM G. Degennaro,F,laureati,66
2008,solare,7203,Casamassima – LUM G. Degennaro,M,laureati,134
2009,solare,7203,Casamassima – LUM G. Degennaro,F,laureati,105
2009,solare,7203,Casamassima – LUM G. Degennaro,M,laureati,176
2010,solare,7203,Casamassima – LUM G. Degennaro,F,laureati,92
2010,solare,7203,Casamassima – LUM G. Degennaro,M,laureati,114
2011,solare,7203,Casamassima – LUM G. Degennaro,F,laureati,85
2011,solare,7203,Casamassima – LUM G. Degennaro,M,laureati,134
2012,solare,7203,Casamassima – LUM G. Degennaro,F,laureati,103
2012,solare,7203,Casamassima – LUM G. Degennaro,M,laureati,120
2013,solare,7203,Casamassima – LUM G. Degennaro,F,laureati,82
2013,solare,7203,Casamassima – LUM G. Degennaro,M,laureati,176
2014,solare,7203,Casamassima – LUM G. Degennaro,F,laureati,96
2014,solare,7203,Casamassima – LUM G. Degennaro,M,laureati,173
2015,solare,7203,Casamassima – LUM G. Degennaro,F,laureati,128
2015,solare,7203,Casamassima – LUM G. Degennaro,M,laureati,199
2016,solare,7203,Casamassima – LUM G. Degennaro,F,laureati,102
2016,solare,7203,Casamassima – LUM G. Degennaro,M,laureati,164
2017,solare,7203,Casamassima – LUM G. Degennaro,F,laureati,104
2017,solare,7203,Casamassima – LUM G. Degennaro,M,laureati,161
2018,solare,7203,Casamassima – LUM G. Degennaro,F,laureati,128
2018,solare,7203,Casamassima – LUM G. Degennaro,M,laureati,209
2019,solare,7203,Casamassima – LUM G. Degennaro,F,laureati,150
2019,solare,7203,Casamassima – LUM G. Degennaro,M,laureati,215
2020,solare,7203,Casamassima – LUM G. Degennaro,F,laureati,137
2020,solare,7203,Casamassima – LUM G. Degennaro,M,laureati,204
2021,solare,7203,Casamassima – LUM G. Degennaro,F,laureati,184
2021,solare,7203,Casamassima – LUM G. Degennaro,M,laureati,254
2022,solare,7203,Casamassima – LUM G. Degennaro,F,laureati,204
2022,solare,7203,Casamassima – LUM G. Degennaro,M,laureati,237
2023,solare,7203,Casamassima – LUM G. Degennaro,F,laureati,177
2023,solare,7203,Casamassima – LUM G. Degennaro,M,laureati,256
2024,solare,7203,Casamassima – LUM G. Degennaro,F,laureati,190
2024,solare,7203,Casamassima – LUM G. Degennaro,M,laureati,253
2025,solare,7203,Casamassima – LUM G. Degennaro,F,laureati,245
2025,solare,7203,Casamassima – LUM G. Degennaro,M,laureati,269
1998,accademico,7501,Salento,F,immatricolati,3435
1998,accademico,7501,Salento,M,immatricolati,1920
1999,accademico,7501,Salento,F,immatricolati,2871
1999,accademico,7501,Salento,M,immatricolati,1702
2000,accademico,7501,Salento,F,immatricolati,3019
2000,accademico,7501,Salento,M,immatricolati,1924
2001,accademico,7501,Salento,F,immatricolati,3404
2001,accademico,7501,Salento,M,immatricolati,2119
2002,accademico,7501,Salento,F,immatricolati,3301
2002,accademico,7501,Salento,M,immatricolati,2201
2003,accademico,7501,Salento,F,immatricolati,3385
2003,accademico,7501,Salento,M,immatricolati,2202
2004,accademico,7501,Salento,F,immatricolati,2935
2004,accademico,7501,Salento,M,immatricolati,1871
2005,accademico,7501,Salento,F,immatricolati,2884
2005,accademico,7501,Salento,M,immatricolati,1759
2006,accademico,7501,Salento,F,immatricolati,3045
2006,accademico,7501,Salento,M,immatricolati,1889
2007,accademico,7501,Salento,F,immatricolati,3081
2007,accademico,7501,Salento,M,immatricolati,1812
2008,accademico,7501,Salento,F,immatricolati,2900
2008,accademico,7501,Salento,M,immatricolati,1771
2009,accademico,7501,Salento,F,immatricolati,2294
2009,accademico,7501,Salento,M,immatricolati,1363
2010,accademico,7501,Salento,F,immatricolati,2070
2010,accademico,7501,Salento,M,immatricolati,1337
2011,accademico,7501,Salento,F,immatricolati,1891
2011,accademico,7501,Salento,M,immatricolati,1095
2012,accademico,7501,Salento,F,immatricolati,1899
2012,accademico,7501,Salento,M,immatricolati,1139
2013,accademico,7501,Salento,F,immatricolati,1711
2013,accademico,7501,Salento,M,immatricolati,1078
2014,accademico,7501,Salento,F,immatricolati,1736
2014,accademico,7501,Salento,M,immatricolati,1094
2015,accademico,7501,Salento,F,immatricolati,1736
2015,accademico,7501,Salento,M,immatricolati,1133
2016,accademico,7501,Salento,F,immatricolati,1792
2016,accademico,7501,Salento,M,immatricolati,1156
2017,accademico,7501,Salento,F,immatricolati,1895
2017,accademico,7501,Salento,M,immatricolati,1267
2018,accademico,7501,Salento,F,immatricolati,1961
2018,accademico,7501,Salento,M,immatricolati,1394
2019,accademico,7501,Salento,F,immatricolati,2153
2019,accademico,7501,Salento,M,immatricolati,1444
2020,accademico,7501,Salento,F,immatricolati,2318
2020,accademico,7501,Salento,M,immatricolati,1595
2021,accademico,7501,Salento,F,immatricolati,2424
2021,accademico,7501,Salento,M,immatricolati,1486
2022,accademico,7501,Salento,F,immatricolati,2405
2022,accademico,7501,Salento,M,immatricolati,1610
2023,accademico,7501,Salento,F,immatricolati,2646
2023,accademico,7501,Salento,M,immatricolati,1733
2024,accademico,7501,Salento,F,immatricolati,2563
2024,accademico,7501,Salento,M,immatricolati,1692
2025,accademico,7501,Salento,F,immatricolati,2489
2025,accademico,7501,Salento,M,immatricolati,1702
2000,accademico,7501,Salento,F,iscritti,16435
2000,accademico,7501,Salento,M,iscritti,8343
2001,accademico,7501,Salento,F,iscritti,17272
2001,accademico,7501,Salento,M,iscritti,8836
2002,accademico,7501,Salento,F,iscritti,18183
2002,accademico,7501,Salento,M,iscritti,9519
2003,accademico,7501,Salento,F,iscritti,19330
2003,accademico,7501,Salento,M,iscritti,10265
2004,accademico,7501,Salento,F,iscritti,19186
2004,accademico,7501,Salento,M,iscritti,10346
2005,accademico,7501,Salento,F,iscritti,18748
2005,accademico,7501,Salento,M,iscritti,10027
2006,accademico,7501,Salento,F,iscritti,18419
2006,accademico,7501,Salento,M,iscritti,9570
2007,accademico,7501,Salento,F,iscritti,18350
2007,accademico,7501,Salento,M,iscritti,9360
2008,accademico,7501,Salento,F,iscritti,18098
2008,accademico,7501,Salento,M,iscritti,9145
2009,accademico,7501,Salento,F,iscritti,17174
2009,accademico,7501,Salento,M,iscritti,8694
2010,accademico,7501,Salento,F,iscritti,16703
2010,accademico,7501,Salento,M,iscritti,8590
2011,accademico,7501,Salento,F,iscritti,15301
2011,accademico,7501,Salento,M,iscritti,7911
2012,accademico,7501,Salento,F,iscritti,13791
2012,accademico,7501,Salento,M,iscritti,7226
2013,accademico,7501,Salento,F,iscritti,12617
2013,accademico,7501,Salento,M,iscritti,6871
2014,accademico,7501,Salento,F,iscritti,11726
2014,accademico,7501,Salento,M,iscritti,6676
2015,accademico,7501,Salento,F,iscritti,10979
2015,accademico,7501,Salento,M,iscritti,6408
2016,accademico,7501,Salento,F,iscritti,10702
2016,accademico,7501,Salento,M,iscritti,6221
2017,accademico,7501,Salento,F,iscritti,10613
2017,accademico,7501,Salento,M,iscritti,6295
2018,accademico,7501,Salento,F,iscritti,10747
2018,accademico,7501,Salento,M,iscritti,6491
2019,accademico,7501,Salento,F,iscritti,10918
2019,accademico,7501,Salento,M,iscritti,6698
2020,accademico,7501,Salento,F,iscritti,11406
2020,accademico,7501,Salento,M,iscritti,7022
2021,accademico,7501,Salento,F,iscritti,11397
2021,accademico,7501,Salento,M,iscritti,6777
2022,accademico,7501,Salento,F,iscritti,11508
2022,accademico,7501,Salento,M,iscritti,6919
2023,accademico,7501,Salento,F,iscritti,12081
2023,accademico,7501,Salento,M,iscritti,7135
2024,accademico,7501,Salento,F,iscritti,12449
2024,accademico,7501,Salento,M,iscritti,7330
2001,solare,7501,Salento,F,laureati,1137
2001,solare,7501,Salento,M,laureati,562
2002,solare,7501,Salento,F,laureati,1425
2002,solare,7501,Salento,M,laureati,639
2003,solare,7501,Salento,F,laureati,1467
2003,solare,7501,Salento,M,laureati,689
2004,solare,7501,Salento,F,laureati,2014
2004,solare,7501,Salento,M,laureati,886
2005,solare,7501,Salento,F,laureati,2502
2005,solare,7501,Salento,M,laureati,985
2006,solare,7501,Salento,F,laureati,2754
2006,solare,7501,Salento,M,laureati,1186
2007,solare,7501,Salento,F,laureati,2837
2007,solare,7501,Salento,M,laureati,1239
2008,solare,7501,Salento,F,laureati,2810
2008,solare,7501,Salento,M,laureati,1146
2009,solare,7501,Salento,F,laureati,2697
2009,solare,7501,Salento,M,laureati,1231
2010,solare,7501,Salento,F,laureati,2758
2010,solare,7501,Salento,M,laureati,1125
2011,solare,7501,Salento,F,laureati,2849
2011,solare,7501,Salento,M,laureati,1112
2012,solare,7501,Salento,F,laureati,2694
2012,solare,7501,Salento,M,laureati,1126
2013,solare,7501,Salento,F,laureati,2457
2013,solare,7501,Salento,M,laureati,1068
2014,solare,7501,Salento,F,laureati,2365
2014,solare,7501,Salento,M,laureati,1013
2015,solare,7501,Salento,F,laureati,2289
2015,solare,7501,Salento,M,laureati,979
2016,solare,7501,Salento,F,laureati,2237
2016,solare,7501,Salento,M,laureati,1082
2017,solare,7501,Salento,F,laureati,2099
2017,solare,7501,Salento,M,laureati,1028
2018,solare,7501,Salento,F,laureati,2069
2018,solare,7501,Salento,M,laureati,1072
2019,solare,7501,Salento,F,laureati,2007
2019,solare,7501,Salento,M,laureati,1105
2020,solare,7501,Salento,F,laureati,1782
2020,solare,7501,Salento,M,laureati,936
2021,solare,7501,Salento,F,laureati,1964
2021,solare,7501,Salento,M,laureati,925
2022,solare,7501,Salento,F,laureati,1886
2022,solare,7501,Salento,M,laureati,1041
2023,solare,7501,Salento,F,laureati,2081
2023,solare,7501,Salento,M,laureati,1107
2024,solare,7501,Salento,F,laureati,2107
2024,solare,7501,Salento,M,laureati,1157
2025,solare,7501,Salento,F,laureati,2304
2025,solare,7501,Salento,M,laureati,1225
1998,accademico,7601,Basilicata,F,immatricolati,489
1998,accademico,7601,Basilicata,M,immatricolati,436
1999,accademico,7601,Basilicata,F,immatricolati,457
1999,accademico,7601,Basilicata,M,immatricolati,431
2000,accademico,7601,Basilicata,F,immatricolati,526
2000,accademico,7601,Basilicata,M,immatricolati,509
2001,accademico,7601,Basilicata,F,immatricolati,723
2001,accademico,7601,Basilicata,M,immatricolati,851
2002,accademico,7601,Basilicata,F,immatricolati,810
2002,accademico,7601,Basilicata,M,immatricolati,807
2003,accademico,7601,Basilicata,F,immatricolati,758
2003,accademico,7601,Basilicata,M,immatricolati,825
2004,accademico,7601,Basilicata,F,immatricolati,672
2004,accademico,7601,Basilicata,M,immatricolati,762
2005,accademico,7601,Basilicata,F,immatricolati,613
2005,accademico,7601,Basilicata,M,immatricolati,624
2006,accademico,7601,Basilicata,F,immatricolati,564
2006,accademico,7601,Basilicata,M,immatricolati,594
2007,accademico,7601,Basilicata,F,immatricolati,788
2007,accademico,7601,Basilicata,M,immatricolati,618
2008,accademico,7601,Basilicata,F,immatricolati,686
2008,accademico,7601,Basilicata,M,immatricolati,587
2009,accademico,7601,Basilicata,F,immatricolati,748
2009,accademico,7601,Basilicata,M,immatricolati,655
2010,accademico,7601,Basilicata,F,immatricolati,581
2010,accademico,7601,Basilicata,M,immatricolati,491
2011,accademico,7601,Basilicata,F,immatricolati,540
2011,accademico,7601,Basilicata,M,immatricolati,530
2012,accademico,7601,Basilicata,F,immatricolati,512
2012,accademico,7601,Basilicata,M,immatricolati,471
2013,accademico,7601,Basilicata,F,immatricolati,522
2013,accademico,7601,Basilicata,M,immatricolati,430
2014,accademico,7601,Basilicata,F,immatricolati,508
2014,accademico,7601,Basilicata,M,immatricolati,422
2015,accademico,7601,Basilicata,F,immatricolati,465
2015,accademico,7601,Basilicata,M,immatricolati,473
2016,accademico,7601,Basilicata,F,immatricolati,483
2016,accademico,7601,Basilicata,M,immatricolati,475
2017,accademico,7601,Basilicata,F,immatricolati,495
2017,accademico,7601,Basilicata,M,immatricolati,479
2018,accademico,7601,Basilicata,F,immatricolati,480
2018,accademico,7601,Basilicata,M,immatricolati,445
2019,accademico,7601,Basilicata,F,immatricolati,482
2019,accademico,7601,Basilicata,M,immatricolati,482
2020,accademico,7601,Basilicata,F,immatricolati,521
2020,accademico,7601,Basilicata,M,immatricolati,439
2021,accademico,7601,Basilicata,F,immatricolati,493
2021,accademico,7601,Basilicata,M,immatricolati,384
2022,accademico,7601,Basilicata,F,immatricolati,539
2022,accademico,7601,Basilicata,M,immatricolati,392
2023,accademico,7601,Basilicata,F,immatricolati,525
2023,accademico,7601,Basilicata,M,immatricolati,341
2024,accademico,7601,Basilicata,F,immatricolati,492
2024,accademico,7601,Basilicata,M,immatricolati,340
2025,accademico,7601,Basilicata,F,immatricolati,451
2025,accademico,7601,Basilicata,M,immatricolati,370
2000,accademico,7601,Basilicata,F,iscritti,3013
2000,accademico,7601,Basilicata,M,iscritti,2455
2001,accademico,7601,Basilicata,F,iscritti,3435
2001,accademico,7601,Basilicata,M,iscritti,2981
2002,accademico,7601,Basilicata,F,iscritti,3819
2002,accademico,7601,Basilicata,M,iscritti,3262
2003,accademico,7601,Basilicata,F,iscritti,4073
2003,accademico,7601,Basilicata,M,iscritti,3594
2004,accademico,7601,Basilicata,F,iscritti,4053
2004,accademico,7601,Basilicata,M,iscritti,3661
2005,accademico,7601,Basilicata,F,iscritti,4109
2005,accademico,7601,Basilicata,M,iscritti,3636
2006,accademico,7601,Basilicata,F,iscritti,4108
2006,accademico,7601,Basilicata,M,iscritti,3570
2007,accademico,7601,Basilicata,F,iscritti,4486
2007,accademico,7601,Basilicata,M,iscritti,3716
2008,accademico,7601,Basilicata,F,iscritti,4618
2008,accademico,7601,Basilicata,M,iscritti,3761
2009,accademico,7601,Basilicata,F,iscritti,4875
2009,accademico,7601,Basilicata,M,iscritti,3874
2010,accademico,7601,Basilicata,F,iscritti,5004
2010,accademico,7601,Basilicata,M,iscritti,3888
2011,accademico,7601,Basilicata,F,iscritti,4863
2011,accademico,7601,Basilicata,M,iscritti,3855
2012,accademico,7601,Basilicata,F,iscritti,4620
2012,accademico,7601,Basilicata,M,iscritti,3596
2013,accademico,7601,Basilicata,F,iscritti,4373
2013,accademico,7601,Basilicata,M,iscritti,3315
2014,accademico,7601,Basilicata,F,iscritti,4324
2014,accademico,7601,Basilicata,M,iscritti,3110
2015,accademico,7601,Basilicata,F,iscritti,4065
2015,accademico,7601,Basilicata,M,iscritti,3044
2016,accademico,7601,Basilicata,F,iscritti,3923
2016,accademico,7601,Basilicata,M,iscritti,2930
2017,accademico,7601,Basilicata,F,iscritti,3842
2017,accademico,7601,Basilicata,M,iscritti,2863
2018,accademico,7601,Basilicata,F,iscritti,3766
2018,accademico,7601,Basilicata,M,iscritti,2748
2019,accademico,7601,Basilicata,F,iscritti,3638
2019,accademico,7601,Basilicata,M,iscritti,2712
2020,accademico,7601,Basilicata,F,iscritti,3562
2020,accademico,7601,Basilicata,M,iscritti,2554
2021,accademico,7601,Basilicata,F,iscritti,3494
2021,accademico,7601,Basilicata,M,iscritti,2405
2022,accademico,7601,Basilicata,F,iscritti,3545
2022,accademico,7601,Basilicata,M,iscritti,2261
2023,accademico,7601,Basilicata,F,iscritti,3522
2023,accademico,7601,Basilicata,M,iscritti,2093
2024,accademico,7601,Basilicata,F,iscritti,3486
2024,accademico,7601,Basilicata,M,iscritti,2036
2001,solare,7601,Basilicata,F,laureati,231
2001,solare,7601,Basilicata,M,laureati,167
2002,solare,7601,Basilicata,F,laureati,250
2002,solare,7601,Basilicata,M,laureati,217
2003,solare,7601,Basilicata,F,laureati,280
2003,solare,7601,Basilicata,M,laureati,291
2004,solare,7601,Basilicata,F,laureati,423
2004,solare,7601,Basilicata,M,laureati,328
2005,solare,7601,Basilicata,F,laureati,488
2005,solare,7601,Basilicata,M,laureati,366
2006,solare,7601,Basilicata,F,laureati,518
2006,solare,7601,Basilicata,M,laureati,414
2007,solare,7601,Basilicata,F,laureati,554
2007,solare,7601,Basilicata,M,laureati,402
2008,solare,7601,Basilicata,F,laureati,500
2008,solare,7601,Basilicata,M,laureati,327
2009,solare,7601,Basilicata,F,laureati,485
2009,solare,7601,Basilicata,M,laureati,290
2010,solare,7601,Basilicata,F,laureati,556
2010,solare,7601,Basilicata,M,laureati,371
2011,solare,7601,Basilicata,F,laureati,561
2011,solare,7601,Basilicata,M,laureati,404
2012,solare,7601,Basilicata,F,laureati,547
2012,solare,7601,Basilicata,M,laureati,357
2013,solare,7601,Basilicata,F,laureati,645
2013,solare,7601,Basilicata,M,laureati,445
2014,solare,7601,Basilicata,F,laureati,622
2014,solare,7601,Basilicata,M,laureati,397
2015,solare,7601,Basilicata,F,laureati,539
2015,solare,7601,Basilicata,M,laureati,351
2016,solare,7601,Basilicata,F,laureati,485
2016,solare,7601,Basilicata,M,laureati,374
2017,solare,7601,Basilicata,F,laureati,514
2017,solare,7601,Basilicata,M,laureati,379
2018,solare,7601,Basilicata,F,laureati,575
2018,solare,7601,Basilicata,M,laureati,376
2019,solare,7601,Basilicata,F,laureati,540
2019,solare,7601,Basilicata,M,laureati,367
2020,solare,7601,Basilicata,F,laureati,497
2020,solare,7601,Basilicata,M,laureati,356
2021,solare,7601,Basilicata,F,laureati,537
2021,solare,7601,Basilicata,M,laureati,349
2022,solare,7601,Basilicata,F,laureati,505
2022,solare,7601,Basilicata,M,laureati,363
2023,solare,7601,Basilicata,F,laureati,481
2023,solare,7601,Basilicata,M,laureati,353
2024,solare,7601,Basilicata,F,laureati,612
2024,solare,7601,Basilicata,M,laureati,308
2025,solare,7601,Basilicata,F,laureati,476
2025,solare,7601,Basilicata,M,laureati,296
1998,accademico,7801,Calabria,F,immatricolati,2558
1998,accademico,7801,Calabria,M,immatricolati,2204
1999,accademico,7801,Calabria,F,immatricolati,2472
1999,accademico,7801,Calabria,M,immatricolati,2157
2000,accademico,7801,Calabria,F,immatricolati,2739
2000,accademico,7801,Calabria,M,immatricolati,2314
2001,accademico,7801,Calabria,F,immatricolati,3015
2001,accademico,7801,Calabria,M,immatricolati,2645
2002,accademico,7801,Calabria,F,immatricolati,3100
2002,accademico,7801,Calabria,M,immatricolati,2839
2003,accademico,7801,Calabria,F,immatricolati,3434
2003,accademico,7801,Calabria,M,immatricolati,2785
2004,accademico,7801,Calabria,F,immatricolati,2956
2004,accademico,7801,Calabria,M,immatricolati,2427
2005,accademico,7801,Calabria,F,immatricolati,3513
2005,accademico,7801,Calabria,M,immatricolati,2655
2006,accademico,7801,Calabria,F,immatricolati,3257
2006,accademico,7801,Calabria,M,immatricolati,2344
2007,accademico,7801,Calabria,F,immatricolati,3471
2007,accademico,7801,Calabria,M,immatricolati,2506
2008,accademico,7801,Calabria,F,immatricolati,3112
2008,accademico,7801,Calabria,M,immatricolati,2115
2009,accademico,7801,Calabria,F,immatricolati,2998
2009,accademico,7801,Calabria,M,immatricolati,2088
2010,accademico,7801,Calabria,F,immatricolati,2602
2010,accademico,7801,Calabria,M,immatricolati,1740
2011,accademico,7801,Calabria,F,immatricolati,2501
2011,accademico,7801,Calabria,M,immatricolati,1730
2012,accademico,7801,Calabria,F,immatricolati,2408
2012,accademico,7801,Calabria,M,immatricolati,1786
2013,accademico,7801,Calabria,F,immatricolati,2324
2013,accademico,7801,Calabria,M,immatricolati,1760
2014,accademico,7801,Calabria,F,immatricolati,2175
2014,accademico,7801,Calabria,M,immatricolati,1693
2015,accademico,7801,Calabria,F,immatricolati,2311
2015,accademico,7801,Calabria,M,immatricolati,1752
2016,accademico,7801,Calabria,F,immatricolati,2240
2016,accademico,7801,Calabria,M,immatricolati,1819
2017,accademico,7801,Calabria,F,immatricolati,2135
2017,accademico,7801,Calabria,M,immatricolati,1799
2018,accademico,7801,Calabria,F,immatricolati,2266
2018,accademico,7801,Calabria,M,immatricolati,1784
2019,accademico,7801,Calabria,F,immatricolati,2135
2019,accademico,7801,Calabria,M,immatricolati,1695
2020,accademico,7801,Calabria,F,immatricolati,2308
2020,accademico,7801,Calabria,M,immatricolati,1808
2021,accademico,7801,Calabria,F,immatricolati,2286
2021,accademico,7801,Calabria,M,immatricolati,1814
2022,accademico,7801,Calabria,F,immatricolati,2359
2022,accademico,7801,Calabria,M,immatricolati,1944
2023,accademico,7801,Calabria,F,immatricolati,2524
2023,accademico,7801,Calabria,M,immatricolati,2063
2024,accademico,7801,Calabria,F,immatricolati,2491
2024,accademico,7801,Calabria,M,immatricolati,2065
2025,accademico,7801,Calabria,F,immatricolati,2501
2025,accademico,7801,Calabria,M,immatricolati,2237
2000,accademico,7801,Calabria,F,iscritti,14127
2000,accademico,7801,Calabria,M,iscritti,11472
2001,accademico,7801,Calabria,F,iscritti,14968
2001,accademico,7801,Calabria,M,iscritti,12137
2002,accademico,7801,Calabria,F,iscritti,15978
2002,accademico,7801,Calabria,M,iscritti,13215
2003,accademico,7801,Calabria,F,iscritti,16861
2003,accademico,7801,Calabria,M,iscritti,13767
2004,accademico,7801,Calabria,F,iscritti,17023
2004,accademico,7801,Calabria,M,iscritti,13803
2005,accademico,7801,Calabria,F,iscritti,17648
2005,accademico,7801,Calabria,M,iscritti,13863
2006,accademico,7801,Calabria,F,iscritti,17963
2006,accademico,7801,Calabria,M,iscritti,13808
2007,accademico,7801,Calabria,F,iscritti,18805
2007,accademico,7801,Calabria,M,iscritti,14111
2008,accademico,7801,Calabria,F,iscritti,19472
2008,accademico,7801,Calabria,M,iscritti,14044
2009,accademico,7801,Calabria,F,iscritti,19682
2009,accademico,7801,Calabria,M,iscritti,13931
2010,accademico,7801,Calabria,F,iscritti,21119
2010,accademico,7801,Calabria,M,iscritti,14454
2011,accademico,7801,Calabria,F,iscritti,20337
2011,accademico,7801,Calabria,M,iscritti,13781
2012,accademico,7801,Calabria,F,iscritti,19485
2012,accademico,7801,Calabria,M,iscritti,13165
2013,accademico,7801,Calabria,F,iscritti,18744
2013,accademico,7801,Calabria,M,iscritti,12733
2014,accademico,7801,Calabria,F,iscritti,17638
2014,accademico,7801,Calabria,M,iscritti,12165
2015,accademico,7801,Calabria,F,iscritti,16566
2015,accademico,7801,Calabria,M,iscritti,11450
2016,accademico,7801,Calabria,F,iscritti,15934
2016,accademico,7801,Calabria,M,iscritti,11239
2017,accademico,7801,Calabria,F,iscritti,15339
2017,accademico,7801,Calabria,M,iscritti,11116
2018,accademico,7801,Calabria,F,iscritti,14818
2018,accademico,7801,Calabria,M,iscritti,10794
2019,accademico,7801,Calabria,F,iscritti,14381
2019,accademico,7801,Calabria,M,iscritti,10329
2020,accademico,7801,Calabria,F,iscritti,14214
2020,accademico,7801,Calabria,M,iscritti,10190
2021,accademico,7801,Calabria,F,iscritti,13788
2021,accademico,7801,Calabria,M,iscritti,9870
2022,accademico,7801,Calabria,F,iscritti,13486
2022,accademico,7801,Calabria,M,iscritti,9650
2023,accademico,7801,Calabria,F,iscritti,13519
2023,accademico,7801,Calabria,M,iscritti,9706
2024,accademico,7801,Calabria,F,iscritti,13549
2024,accademico,7801,Calabria,M,iscritti,9920
2001,solare,7801,Calabria,F,laureati,1077
2001,solare,7801,Calabria,M,laureati,798
2002,solare,7801,Calabria,F,laureati,1432
2002,solare,7801,Calabria,M,laureati,975
2003,solare,7801,Calabria,F,laureati,1924
2003,solare,7801,Calabria,M,laureati,1459
2004,solare,7801,Calabria,F,laureati,2656
2004,solare,7801,Calabria,M,laureati,1722
2005,solare,7801,Calabria,F,laureati,3160
2005,solare,7801,Calabria,M,laureati,2163
2006,solare,7801,Calabria,F,laureati,3053
2006,solare,7801,Calabria,M,laureati,2051
2007,solare,7801,Calabria,F,laureati,2881
2007,solare,7801,Calabria,M,laureati,1776
2008,solare,7801,Calabria,F,laureati,2583
2008,solare,7801,Calabria,M,laureati,1695
2009,solare,7801,Calabria,F,laureati,2535
2009,solare,7801,Calabria,M,laureati,1739
2010,solare,7801,Calabria,F,laureati,2708
2010,solare,7801,Calabria,M,laureati,1747
2011,solare,7801,Calabria,F,laureati,2964
2011,solare,7801,Calabria,M,laureati,1792
2012,solare,7801,Calabria,F,laureati,2929
2012,solare,7801,Calabria,M,laureati,1792
2013,solare,7801,Calabria,F,laureati,2922
2013,solare,7801,Calabria,M,laureati,1702
2014,solare,7801,Calabria,F,laureati,3007
2014,solare,7801,Calabria,M,laureati,1758
2015,solare,7801,Calabria,F,laureati,2811
2015,solare,7801,Calabria,M,laureati,1701
2016,solare,7801,Calabria,F,laureati,2795
2016,solare,7801,Calabria,M,laureati,1687
2017,solare,7801,Calabria,F,laureati,2743
2017,solare,7801,Calabria,M,laureati,1822
2018,solare,7801,Calabria,F,laureati,2565
2018,solare,7801,Calabria,M,laureati,1680
2019,solare,7801,Calabria,F,laureati,2667
2019,solare,7801,Calabria,M,laureati,1828
2020,solare,7801,Calabria,F,laureati,2598
2020,solare,7801,Calabria,M,laureati,1791
2021,solare,7801,Calabria,F,laureati,2409
2021,solare,7801,Calabria,M,laureati,1572
2022,solare,7801,Calabria,F,laureati,2090
2022,solare,7801,Calabria,M,laureati,1479
2023,solare,7801,Calabria,F,laureati,2374
2023,solare,7801,Calabria,M,laureati,1603
2024,solare,7801,Calabria,F,laureati,2446
2024,solare,7801,Calabria,M,laureati,1428
2025,solare,7801,Calabria,F,laureati,2416
2025,solare,7801,Calabria,M,laureati,1607
1998,accademico,7901,Catanzaro,F,immatricolati,1594
1998,accademico,7901,Catanzaro,M,immatricolati,1099
1999,accademico,7901,Catanzaro,F,immatricolati,1487
1999,accademico,7901,Catanzaro,M,immatricolati,1091
2000,accademico,7901,Catanzaro,F,immatricolati,1512
2000,accademico,7901,Catanzaro,M,immatricolati,1165
2001,accademico,7901,Catanzaro,F,immatricolati,1492
2001,accademico,7901,Catanzaro,M,immatricolati,1178
2002,accademico,7901,Catanzaro,F,immatricolati,1498
2002,accademico,7901,Catanzaro,M,immatricolati,1015
2003,accademico,7901,Catanzaro,F,immatricolati,1563
2003,accademico,7901,Catanzaro,M,immatricolati,1268
2004,accademico,7901,Catanzaro,F,immatricolati,1841
2004,accademico,7901,Catanzaro,M,immatricolati,1407
2005,accademico,7901,Catanzaro,F,immatricolati,1462
2005,accademico,7901,Catanzaro,M,immatricolati,1399
2006,accademico,7901,Catanzaro,F,immatricolati,1381
2006,accademico,7901,Catanzaro,M,immatricolati,1126
2007,accademico,7901,Catanzaro,F,immatricolati,1255
2007,accademico,7901,Catanzaro,M,immatricolati,940
2008,accademico,7901,Catanzaro,F,immatricolati,1079
2008,accademico,7901,Catanzaro,M,immatricolati,842
2009,accademico,7901,Catanzaro,F,immatricolati,1086
2009,accademico,7901,Catanzaro,M,immatricolati,753
2010,accademico,7901,Catanzaro,F,immatricolati,861
2010,accademico,7901,Catanzaro,M,immatricolati,576
2011,accademico,7901,Catanzaro,F,immatricolati,789
2011,accademico,7901,Catanzaro,M,immatricolati,546
2012,accademico,7901,Catanzaro,F,immatricolati,864
2012,accademico,7901,Catanzaro,M,immatricolati,584
2013,accademico,7901,Catanzaro,F,immatricolati,1063
2013,accademico,7901,Catanzaro,M,immatricolati,717
2014,accademico,7901,Catanzaro,F,immatricolati,982
2014,accademico,7901,Catanzaro,M,immatricolati,694
2015,accademico,7901,Catanzaro,F,immatricolati,767
2015,accademico,7901,Catanzaro,M,immatricolati,663
2016,accademico,7901,Catanzaro,F,immatricolati,938
2016,accademico,7901,Catanzaro,M,immatricolati,645
2017,accademico,7901,Catanzaro,F,immatricolati,1092
2017,accademico,7901,Catanzaro,M,immatricolati,742
2018,accademico,7901,Catanzaro,F,immatricolati,1038
2018,accademico,7901,Catanzaro,M,immatricolati,692
2019,accademico,7901,Catanzaro,F,immatricolati,963
2019,accademico,7901,Catanzaro,M,immatricolati,651
2020,accademico,7901,Catanzaro,F,immatricolati,959
2020,accademico,7901,Catanzaro,M,immatricolati,715
2021,accademico,7901,Catanzaro,F,immatricolati,924
2021,accademico,7901,Catanzaro,M,immatricolati,787
2022,accademico,7901,Catanzaro,F,immatricolati,946
2022,accademico,7901,Catanzaro,M,immatricolati,691
2023,accademico,7901,Catanzaro,F,immatricolati,1175
2023,accademico,7901,Catanzaro,M,immatricolati,816
2024,accademico,7901,Catanzaro,F,immatricolati,1251
2024,accademico,7901,Catanzaro,M,immatricolati,765
2025,accademico,7901,Catanzaro,F,immatricolati,1347
2025,accademico,7901,Catanzaro,M,immatricolati,713
2000,accademico,7901,Catanzaro,F,iscritti,6372
2000,accademico,7901,Catanzaro,M,iscritti,3980
2001,accademico,7901,Catanzaro,F,iscritti,5661
2001,accademico,7901,Catanzaro,M,iscritti,3573
2002,accademico,7901,Catanzaro,F,iscritti,6382
2002,accademico,7901,Catanzaro,M,iscritti,3784
2003,accademico,7901,Catanzaro,F,iscritti,7030
2003,accademico,7901,Catanzaro,M,iscritti,4394
2004,accademico,7901,Catanzaro,F,iscritti,8226
2004,accademico,7901,Catanzaro,M,iscritti,5282
2005,accademico,7901,Catanzaro,F,iscritti,7852
2005,accademico,7901,Catanzaro,M,iscritti,5199
2006,accademico,7901,Catanzaro,F,iscritti,7508
2006,accademico,7901,Catanzaro,M,iscritti,4964
2007,accademico,7901,Catanzaro,F,iscritti,7113
2007,accademico,7901,Catanzaro,M,iscritti,4654
2008,accademico,7901,Catanzaro,F,iscritti,6864
2008,accademico,7901,Catanzaro,M,iscritti,4472
2009,accademico,7901,Catanzaro,F,iscritti,6988
2009,accademico,7901,Catanzaro,M,iscritti,4459
2010,accademico,7901,Catanzaro,F,iscritti,7229
2010,accademico,7901,Catanzaro,M,iscritti,4482
2011,accademico,7901,Catanzaro,F,iscritti,6716
2011,accademico,7901,Catanzaro,M,iscritti,4078
2012,accademico,7901,Catanzaro,F,iscritti,6531
2012,accademico,7901,Catanzaro,M,iscritti,4024
2013,accademico,7901,Catanzaro,F,iscritti,6675
2013,accademico,7901,Catanzaro,M,iscritti,4164
2014,accademico,7901,Catanzaro,F,iscritti,6797
2014,accademico,7901,Catanzaro,M,iscritti,4287
2015,accademico,7901,Catanzaro,F,iscritti,6255
2015,accademico,7901,Catanzaro,M,iscritti,4200
2016,accademico,7901,Catanzaro,F,iscritti,6403
2016,accademico,7901,Catanzaro,M,iscritti,4149
2017,accademico,7901,Catanzaro,F,iscritti,6600
2017,accademico,7901,Catanzaro,M,iscritti,4192
2018,accademico,7901,Catanzaro,F,iscritti,6759
2018,accademico,7901,Catanzaro,M,iscritti,4204
2019,accademico,7901,Catanzaro,F,iscritti,6830
2019,accademico,7901,Catanzaro,M,iscritti,4242
2020,accademico,7901,Catanzaro,F,iscritti,6753
2020,accademico,7901,Catanzaro,M,iscritti,4173
2021,accademico,7901,Catanzaro,F,iscritti,6798
2021,accademico,7901,Catanzaro,M,iscritti,4258
2022,accademico,7901,Catanzaro,F,iscritti,6716
2022,accademico,7901,Catanzaro,M,iscritti,4156
2023,accademico,7901,Catanzaro,F,iscritti,7206
2023,accademico,7901,Catanzaro,M,iscritti,4363
2024,accademico,7901,Catanzaro,F,iscritti,7614
2024,accademico,7901,Catanzaro,M,iscritti,4442
2001,solare,7901,Catanzaro,F,laureati,362
2001,solare,7901,Catanzaro,M,laureati,180
2002,solare,7901,Catanzaro,F,laureati,459
2002,solare,7901,Catanzaro,M,laureati,334
2003,solare,7901,Catanzaro,F,laureati,482
2003,solare,7901,Catanzaro,M,laureati,273
2004,solare,7901,Catanzaro,F,laureati,653
2004,solare,7901,Catanzaro,M,laureati,331
2005,solare,7901,Catanzaro,F,laureati,856
2005,solare,7901,Catanzaro,M,laureati,517
2006,solare,7901,Catanzaro,F,laureati,1348
2006,solare,7901,Catanzaro,M,laureati,788
2007,solare,7901,Catanzaro,F,laureati,1272
2007,solare,7901,Catanzaro,M,laureati,639
2008,solare,7901,Catanzaro,F,laureati,1265
2008,solare,7901,Catanzaro,M,laureati,758
2009,solare,7901,Catanzaro,F,laureati,1115
2009,solare,7901,Catanzaro,M,laureati,640
2010,solare,7901,Catanzaro,F,laureati,1220
2010,solare,7901,Catanzaro,M,laureati,660
2011,solare,7901,Catanzaro,F,laureati,989
2011,solare,7901,Catanzaro,M,laureati,614
2012,solare,7901,Catanzaro,F,laureati,869
2012,solare,7901,Catanzaro,M,laureati,484
2013,solare,7901,Catanzaro,F,laureati,731
2013,solare,7901,Catanzaro,M,laureati,516
2014,solare,7901,Catanzaro,F,laureati,784
2014,solare,7901,Catanzaro,M,laureati,421
2015,solare,7901,Catanzaro,F,laureati,669
2015,solare,7901,Catanzaro,M,laureati,428
2016,solare,7901,Catanzaro,F,laureati,799
2016,solare,7901,Catanzaro,M,laureati,470
2017,solare,7901,Catanzaro,F,laureati,952
2017,solare,7901,Catanzaro,M,laureati,605
2018,solare,7901,Catanzaro,F,laureati,882
2018,solare,7901,Catanzaro,M,laureati,567
2019,solare,7901,Catanzaro,F,laureati,978
2019,solare,7901,Catanzaro,M,laureati,576
2020,solare,7901,Catanzaro,F,laureati,1035
2020,solare,7901,Catanzaro,M,laureati,611
2021,solare,7901,Catanzaro,F,laureati,1064
2021,solare,7901,Catanzaro,M,laureati,590
2022,solare,7901,Catanzaro,F,laureati,1084
2022,solare,7901,Catanzaro,M,laureati,559
2023,solare,7901,Catanzaro,F,laureati,1106
2023,solare,7901,Catanzaro,M,laureati,601
2024,solare,7901,Catanzaro,F,laureati,1190
2024,solare,7901,Catanzaro,M,laureati,660
2025,solare,7901,Catanzaro,F,laureati,1328
2025,solare,7901,Catanzaro,M,laureati,737
1998,accademico,8001,Reggio Calabria,F,immatricolati,378
1998,accademico,8001,Reggio Calabria,M,immatricolati,693
1999,accademico,8001,Reggio Calabria,F,immatricolati,358
1999,accademico,8001,Reggio Calabria,M,immatricolati,686
2000,accademico,8001,Reggio Calabria,F,immatricolati,337
2000,accademico,8001,Reggio Calabria,M,immatricolati,680
2001,accademico,8001,Reggio Calabria,F,immatricolati,750
2001,accademico,8001,Reggio Calabria,M,immatricolati,1023
2002,accademico,8001,Reggio Calabria,F,immatricolati,773
2002,accademico,8001,Reggio Calabria,M,immatricolati,1028
2003,accademico,8001,Reggio Calabria,F,immatricolati,783
2003,accademico,8001,Reggio Calabria,M,immatricolati,1093
2004,accademico,8001,Reggio Calabria,F,immatricolati,765
2004,accademico,8001,Reggio Calabria,M,immatricolati,986
2005,accademico,8001,Reggio Calabria,F,immatricolati,761
2005,accademico,8001,Reggio Calabria,M,immatricolati,916
2006,accademico,8001,Reggio Calabria,F,immatricolati,809
2006,accademico,8001,Reggio Calabria,M,immatricolati,871
2007,accademico,8001,Reggio Calabria,F,immatricolati,781
2007,accademico,8001,Reggio Calabria,M,immatricolati,904
2008,accademico,8001,Reggio Calabria,F,immatricolati,699
2008,accademico,8001,Reggio Calabria,M,immatricolati,772
2009,accademico,8001,Reggio Calabria,F,immatricolati,684
2009,accademico,8001,Reggio Calabria,M,immatricolati,804
2010,accademico,8001,Reggio Calabria,F,immatricolati,648
2010,accademico,8001,Reggio Calabria,M,immatricolati,731
2011,accademico,8001,Reggio Calabria,F,immatricolati,594
2011,accademico,8001,Reggio Calabria,M,immatricolati,712
2012,accademico,8001,Reggio Calabria,F,immatricolati,506
2012,accademico,8001,Reggio Calabria,M,immatricolati,624
2013,accademico,8001,Reggio Calabria,F,immatricolati,426
2013,accademico,8001,Reggio Calabria,M,immatricolati,528
2014,accademico,8001,Reggio Calabria,F,immatricolati,325
2014,accademico,8001,Reggio Calabria,M,immatricolati,332
2015,accademico,8001,Reggio Calabria,F,immatricolati,249
2015,accademico,8001,Reggio Calabria,M,immatricolati,351
2016,accademico,8001,Reggio Calabria,F,immatricolati,276
2016,accademico,8001,Reggio Calabria,M,immatricolati,362
2017,accademico,8001,Reggio Calabria,F,immatricolati,237
2017,accademico,8001,Reggio Calabria,M,immatricolati,317
2018,accademico,8001,Reggio Calabria,F,immatricolati,298
2018,accademico,8001,Reggio Calabria,M,immatricolati,333
2019,accademico,8001,Reggio Calabria,F,immatricolati,315
2019,accademico,8001,Reggio Calabria,M,immatricolati,342
2020,accademico,8001,Reggio Calabria,F,immatricolati,442
2020,accademico,8001,Reggio Calabria,M,immatricolati,362
2021,accademico,8001,Reggio Calabria,F,immatricolati,446
2021,accademico,8001,Reggio Calabria,M,immatricolati,390
2022,accademico,8001,Reggio Calabria,F,immatricolati,498
2022,accademico,8001,Reggio Calabria,M,immatricolati,391
2023,accademico,8001,Reggio Calabria,F,immatricolati,490
2023,accademico,8001,Reggio Calabria,M,immatricolati,365
2024,accademico,8001,Reggio Calabria,F,immatricolati,581
2024,accademico,8001,Reggio Calabria,M,immatricolati,520
2025,accademico,8001,Reggio Calabria,F,immatricolati,665
2025,accademico,8001,Reggio Calabria,M,immatricolati,555
2000,accademico,8001,Reggio Calabria,F,iscritti,2490
2000,accademico,8001,Reggio Calabria,M,iscritti,3791
2001,accademico,8001,Reggio Calabria,F,iscritti,4136
2001,accademico,8001,Reggio Calabria,M,iscritti,4640
2002,accademico,8001,Reggio Calabria,F,iscritti,4432
2002,accademico,8001,Reggio Calabria,M,iscritti,4864
2003,accademico,8001,Reggio Calabria,F,iscritti,4610
2003,accademico,8001,Reggio Calabria,M,iscritti,5064
2004,accademico,8001,Reggio Calabria,F,iscritti,4769
2004,accademico,8001,Reggio Calabria,M,iscritti,5134
2005,accademico,8001,Reggio Calabria,F,iscritti,4814
2005,accademico,8001,Reggio Calabria,M,iscritti,5160
2006,accademico,8001,Reggio Calabria,F,iscritti,5027
2006,accademico,8001,Reggio Calabria,M,iscritti,5282
2007,accademico,8001,Reggio Calabria,F,iscritti,5108
2007,accademico,8001,Reggio Calabria,M,iscritti,5317
2008,accademico,8001,Reggio Calabria,F,iscritti,5072
2008,accademico,8001,Reggio Calabria,M,iscritti,5183
2009,accademico,8001,Reggio Calabria,F,iscritti,4891
2009,accademico,8001,Reggio Calabria,M,iscritti,4806
2010,accademico,8001,Reggio Calabria,F,iscritti,5111
2010,accademico,8001,Reggio Calabria,M,iscritti,5159
2011,accademico,8001,Reggio Calabria,F,iscritti,4841
2011,accademico,8001,Reggio Calabria,M,iscritti,4842
2012,accademico,8001,Reggio Calabria,F,iscritti,4344
2012,accademico,8001,Reggio Calabria,M,iscritti,4278
2013,accademico,8001,Reggio Calabria,F,iscritti,3899
2013,accademico,8001,Reggio Calabria,M,iscritti,3821
2014,accademico,8001,Reggio Calabria,F,iscritti,3437
2014,accademico,8001,Reggio Calabria,M,iscritti,3371
2015,accademico,8001,Reggio Calabria,F,iscritti,3179
2015,accademico,8001,Reggio Calabria,M,iscritti,3136
2016,accademico,8001,Reggio Calabria,F,iscritti,2956
2016,accademico,8001,Reggio Calabria,M,iscritti,2922
2017,accademico,8001,Reggio Calabria,F,iscritti,2632
2017,accademico,8001,Reggio Calabria,M,iscritti,2656
2018,accademico,8001,Reggio Calabria,F,iscritti,2490
2018,accademico,8001,Reggio Calabria,M,iscritti,2444
2019,accademico,8001,Reggio Calabria,F,iscritti,2535
2019,accademico,8001,Reggio Calabria,M,iscritti,2329
2020,accademico,8001,Reggio Calabria,F,iscritti,2716
2020,accademico,8001,Reggio Calabria,M,iscritti,2139
2021,accademico,8001,Reggio Calabria,F,iscritti,2792
2021,accademico,8001,Reggio Calabria,M,iscritti,2001
2022,accademico,8001,Reggio Calabria,F,iscritti,2984
2022,accademico,8001,Reggio Calabria,M,iscritti,1962
2023,accademico,8001,Reggio Calabria,F,iscritti,2975
2023,accademico,8001,Reggio Calabria,M,iscritti,1771
2024,accademico,8001,Reggio Calabria,F,iscritti,3061
2024,accademico,8001,Reggio Calabria,M,iscritti,1927
2001,solare,8001,Reggio Calabria,F,laureati,225
2001,solare,8001,Reggio Calabria,M,laureati,267
2002,solare,8001,Reggio Calabria,F,laureati,280
2002,solare,8001,Reggio Calabria,M,laureati,369
2003,solare,8001,Reggio Calabria,F,laureati,327
2003,solare,8001,Reggio Calabria,M,laureati,426
2004,solare,8001,Reggio Calabria,F,laureati,381
2004,solare,8001,Reggio Calabria,M,laureati,444
2005,solare,8001,Reggio Calabria,F,laureati,572
2005,solare,8001,Reggio Calabria,M,laureati,613
2006,solare,8001,Reggio Calabria,F,laureati,645
2006,solare,8001,Reggio Calabria,M,laureati,606
2007,solare,8001,Reggio Calabria,F,laureati,584
2007,solare,8001,Reggio Calabria,M,laureati,601
2008,solare,8001,Reggio Calabria,F,laureati,651
2008,solare,8001,Reggio Calabria,M,laureati,574
2009,solare,8001,Reggio Calabria,F,laureati,619
2009,solare,8001,Reggio Calabria,M,laureati,587
2010,solare,8001,Reggio Calabria,F,laureati,446
2010,solare,8001,Reggio Calabria,M,laureati,457
2011,solare,8001,Reggio Calabria,F,laureati,468
2011,solare,8001,Reggio Calabria,M,laureati,523
2012,solare,8001,Reggio Calabria,F,laureati,450
2012,solare,8001,Reggio Calabria,M,laureati,506
2013,solare,8001,Reggio Calabria,F,laureati,457
2013,solare,8001,Reggio Calabria,M,laureati,516
2014,solare,8001,Reggio Calabria,F,laureati,491
2014,solare,8001,Reggio Calabria,M,laureati,566
2015,solare,8001,Reggio Calabria,F,laureati,499
2015,solare,8001,Reggio Calabria,M,laureati,510
2016,solare,8001,Reggio Calabria,F,laureati,431
2016,solare,8001,Reggio Calabria,M,laureati,533
2017,solare,8001,Reggio Calabria,F,laureati,440
2017,solare,8001,Reggio Calabria,M,laureati,487
2018,solare,8001,Reggio Calabria,F,laureati,444
2018,solare,8001,Reggio Calabria,M,laureati,439
2019,solare,8001,Reggio Calabria,F,laureati,359
2019,solare,8001,Reggio Calabria,M,laureati,376
2020,solare,8001,Reggio Calabria,F,laureati,370
2020,solare,8001,Reggio Calabria,M,laureati,378
2021,solare,8001,Reggio Calabria,F,laureati,388
2021,solare,8001,Reggio Calabria,M,laureati,370
2022,solare,8001,Reggio Calabria,F,laureati,261
2022,solare,8001,Reggio Calabria,M,laureati,306
2023,solare,8001,Reggio Calabria,F,laureati,357
2023,solare,8001,Reggio Calabria,M,laureati,307
2024,solare,8001,Reggio Calabria,F,laureati,399
2024,solare,8001,Reggio Calabria,M,laureati,271
2025,solare,8001,Reggio Calabria,F,laureati,410
2025,solare,8001,Reggio Calabria,M,laureati,286
2008,accademico,8003,Reggio Calabria - Dante Alighieri,F,immatricolati,64
2008,accademico,8003,Reggio Calabria - Dante Alighieri,M,immatricolati,9
2009,accademico,8003,Reggio Calabria - Dante Alighieri,F,immatricolati,56
2009,accademico,8003,Reggio Calabria - Dante Alighieri,M,immatricolati,10
2010,accademico,8003,Reggio Calabria - Dante Alighieri,F,immatricolati,54
2010,accademico,8003,Reggio Calabria - Dante Alighieri,M,immatricolati,8
2011,accademico,8003,Reggio Calabria - Dante Alighieri,F,immatricolati,88
2011,accademico,8003,Reggio Calabria - Dante Alighieri,M,immatricolati,13
2012,accademico,8003,Reggio Calabria - Dante Alighieri,F,immatricolati,101
2012,accademico,8003,Reggio Calabria - Dante Alighieri,M,immatricolati,21
2013,accademico,8003,Reggio Calabria - Dante Alighieri,F,immatricolati,93
2013,accademico,8003,Reggio Calabria - Dante Alighieri,M,immatricolati,19
2014,accademico,8003,Reggio Calabria - Dante Alighieri,F,immatricolati,113
2014,accademico,8003,Reggio Calabria - Dante Alighieri,M,immatricolati,20
2015,accademico,8003,Reggio Calabria - Dante Alighieri,F,immatricolati,102
2015,accademico,8003,Reggio Calabria - Dante Alighieri,M,immatricolati,15
2016,accademico,8003,Reggio Calabria - Dante Alighieri,F,immatricolati,139
2016,accademico,8003,Reggio Calabria - Dante Alighieri,M,immatricolati,41
2017,accademico,8003,Reggio Calabria - Dante Alighieri,F,immatricolati,86
2017,accademico,8003,Reggio Calabria - Dante Alighieri,M,immatricolati,33
2018,accademico,8003,Reggio Calabria - Dante Alighieri,F,immatricolati,78
2018,accademico,8003,Reggio Calabria - Dante Alighieri,M,immatricolati,23
2019,accademico,8003,Reggio Calabria - Dante Alighieri,F,immatricolati,62
2019,accademico,8003,Reggio Calabria - Dante Alighieri,M,immatricolati,22
2020,accademico,8003,Reggio Calabria - Dante Alighieri,F,immatricolati,33
2020,accademico,8003,Reggio Calabria - Dante Alighieri,M,immatricolati,6
2021,accademico,8003,Reggio Calabria - Dante Alighieri,F,immatricolati,33
2021,accademico,8003,Reggio Calabria - Dante Alighieri,M,immatricolati,8
2022,accademico,8003,Reggio Calabria - Dante Alighieri,F,immatricolati,36
2022,accademico,8003,Reggio Calabria - Dante Alighieri,M,immatricolati,5
2023,accademico,8003,Reggio Calabria - Dante Alighieri,F,immatricolati,39
2023,accademico,8003,Reggio Calabria - Dante Alighieri,M,immatricolati,4
2024,accademico,8003,Reggio Calabria - Dante Alighieri,F,immatricolati,5
2025,accademico,8003,Reggio Calabria - Dante Alighieri,F,immatricolati,30
2008,accademico,8003,Reggio Calabria - Dante Alighieri,F,iscritti,96
2008,accademico,8003,Reggio Calabria - Dante Alighieri,M,iscritti,21
2009,accademico,8003,Reggio Calabria - Dante Alighieri,F,iscritti,96
2009,accademico,8003,Reggio Calabria - Dante Alighieri,M,iscritti,23
2010,accademico,8003,Reggio Calabria - Dante Alighieri,F,iscritti,285
2010,accademico,8003,Reggio Calabria - Dante Alighieri,M,iscritti,71
2011,accademico,8003,Reggio Calabria - Dante Alighieri,F,iscritti,447
2011,accademico,8003,Reggio Calabria - Dante Alighieri,M,iscritti,80
2012,accademico,8003,Reggio Calabria - Dante Alighieri,F,iscritti,577
2012,accademico,8003,Reggio Calabria - Dante Alighieri,M,iscritti,114
2013,accademico,8003,Reggio Calabria - Dante Alighieri,F,iscritti,646
2013,accademico,8003,Reggio Calabria - Dante Alighieri,M,iscritti,120
2014,accademico,8003,Reggio Calabria - Dante Alighieri,F,iscritti,750
2014,accademico,8003,Reggio Calabria - Dante Alighieri,M,iscritti,156
2015,accademico,8003,Reggio Calabria - Dante Alighieri,F,iscritti,803
2015,accademico,8003,Reggio Calabria - Dante Alighieri,M,iscritti,161
2016,accademico,8003,Reggio Calabria - Dante Alighieri,F,iscritti,795
2016,accademico,8003,Reggio Calabria - Dante Alighieri,M,iscritti,158
2017,accademico,8003,Reggio Calabria - Dante Alighieri,F,iscritti,710
2017,accademico,8003,Reggio Calabria - Dante Alighieri,M,iscritti,151
2018,accademico,8003,Reggio Calabria - Dante Alighieri,F,iscritti,641
2018,accademico,8003,Reggio Calabria - Dante Alighieri,M,iscritti,140
2019,accademico,8003,Reggio Calabria - Dante Alighieri,F,iscritti,565
2019,accademico,8003,Reggio Calabria - Dante Alighieri,M,iscritti,126
2020,accademico,8003,Reggio Calabria - Dante Alighieri,F,iscritti,503
2020,accademico,8003,Reggio Calabria - Dante Alighieri,M,iscritti,98
2021,accademico,8003,Reggio Calabria - Dante Alighieri,F,iscritti,420
2021,accademico,8003,Reggio Calabria - Dante Alighieri,M,iscritti,84
2022,accademico,8003,Reggio Calabria - Dante Alighieri,F,iscritti,382
2022,accademico,8003,Reggio Calabria - Dante Alighieri,M,iscritti,65
2023,accademico,8003,Reggio Calabria - Dante Alighieri,F,iscritti,297
2023,accademico,8003,Reggio Calabria - Dante Alighieri,M,iscritti,38
2024,accademico,8003,Reggio Calabria - Dante Alighieri,F,iscritti,190
2024,accademico,8003,Reggio Calabria - Dante Alighieri,M,iscritti,29
2010,solare,8003,Reggio Calabria - Dante Alighieri,F,laureati,12
2010,solare,8003,Reggio Calabria - Dante Alighieri,M,laureati,4
2011,solare,8003,Reggio Calabria - Dante Alighieri,F,laureati,23
2011,solare,8003,Reggio Calabria - Dante Alighieri,M,laureati,6
2012,solare,8003,Reggio Calabria - Dante Alighieri,F,laureati,51
2012,solare,8003,Reggio Calabria - Dante Alighieri,M,laureati,16
2013,solare,8003,Reggio Calabria - Dante Alighieri,F,laureati,94
2013,solare,8003,Reggio Calabria - Dante Alighieri,M,laureati,22
2014,solare,8003,Reggio Calabria - Dante Alighieri,F,laureati,134
2014,solare,8003,Reggio Calabria - Dante Alighieri,M,laureati,18
2015,solare,8003,Reggio Calabria - Dante Alighieri,F,laureati,124
2015,solare,8003,Reggio Calabria - Dante Alighieri,M,laureati,26
2016,solare,8003,Reggio Calabria - Dante Alighieri,F,laureati,185
2016,solare,8003,Reggio Calabria - Dante Alighieri,M,laureati,31
2017,solare,8003,Reggio Calabria - Dante Alighieri,F,laureati,178
2017,solare,8003,Reggio Calabria - Dante Alighieri,M,laureati,41
2018,solare,8003,Reggio Calabria - Dante Alighieri,F,laureati,174
2018,solare,8003,Reggio Calabria - Dante Alighieri,M,laureati,35
2019,solare,8003,Reggio Calabria - Dante Alighieri,F,laureati,141
2019,solare,8003,Reggio Calabria - Dante Alighieri,M,laureati,25
2020,solare,8003,Reggio Calabria - Dante Alighieri,F,laureati,136
2020,solare,8003,Reggio Calabria - Dante Alighieri,M,laureati,26
2021,solare,8003,Reggio Calabria - Dante Alighieri,F,laureati,141
2021,solare,8003,Reggio Calabria - Dante Alighieri,M,laureati,25
2022,solare,8003,Reggio Calabria - Dante Alighieri,F,laureati,106
2022,solare,8003,Reggio Calabria - Dante Alighieri,M,laureati,16
2023,solare,8003,Reggio Calabria - Dante Alighieri,F,laureati,96
2023,solare,8003,Reggio Calabria - Dante Alighieri,M,laureati,21
2024,solare,8003,Reggio Calabria - Dante Alighieri,F,laureati,77
2024,solare,8003,Reggio Calabria - Dante Alighieri,M,laureati,14
2025,solare,8003,Reggio Calabria - Dante Alighieri,F,laureati,57
2025,solare,8003,Reggio Calabria - Dante Alighieri,M,laureati,5
1998,accademico,8201,Palermo,F,immatricolati,6175
1998,accademico,8201,Palermo,M,immatricolati,4901
1999,accademico,8201,Palermo,F,immatricolati,6431
1999,accademico,8201,Palermo,M,immatricolati,4927
2000,accademico,8201,Palermo,F,immatricolati,6481
2000,accademico,8201,Palermo,M,immatricolati,4887
2001,accademico,8201,Palermo,F,immatricolati,7266
2001,accademico,8201,Palermo,M,immatricolati,5811
2002,accademico,8201,Palermo,F,immatricolati,7551
2002,accademico,8201,Palermo,M,immatricolati,5987
2003,accademico,8201,Palermo,F,immatricolati,7772
2003,accademico,8201,Palermo,M,immatricolati,6117
2004,accademico,8201,Palermo,F,immatricolati,7710
2004,accademico,8201,Palermo,M,immatricolati,5911
2005,accademico,8201,Palermo,F,immatricolati,7583
2005,accademico,8201,Palermo,M,immatricolati,5559
2006,accademico,8201,Palermo,F,immatricolati,6385
2006,accademico,8201,Palermo,M,immatricolati,4676
2007,accademico,8201,Palermo,F,immatricolati,6319
2007,accademico,8201,Palermo,M,immatricolati,4934
2008,accademico,8201,Palermo,F,immatricolati,5434
2008,accademico,8201,Palermo,M,immatricolati,3955
2009,accademico,8201,Palermo,F,immatricolati,4764
2009,accademico,8201,Palermo,M,immatricolati,3451
2010,accademico,8201,Palermo,F,immatricolati,4325
2010,accademico,8201,Palermo,M,immatricolati,3304
2011,accademico,8201,Palermo,F,immatricolati,4037
2011,accademico,8201,Palermo,M,immatricolati,2960
2012,accademico,8201,Palermo,F,immatricolati,3712
2012,accademico,8201,Palermo,M,immatricolati,2794
2013,accademico,8201,Palermo,F,immatricolati,3711
2013,accademico,8201,Palermo,M,immatricolati,2980
2014,accademico,8201,Palermo,F,immatricolati,3776
2014,accademico,8201,Palermo,M,immatricolati,3006
2015,accademico,8201,Palermo,F,immatricolati,3509
2015,accademico,8201,Palermo,M,immatricolati,2800
2016,accademico,8201,Palermo,F,immatricolati,3834
2016,accademico,8201,Palermo,M,immatricolati,3017
2017,accademico,8201,Palermo,F,immatricolati,3780
2017,accademico,8201,Palermo,M,immatricolati,2994
2018,accademico,8201,Palermo,F,immatricolati,4032
2018,accademico,8201,Palermo,M,immatricolati,3122
2019,accademico,8201,Palermo,F,immatricolati,4675
2019,accademico,8201,Palermo,M,immatricolati,3477
2020,accademico,8201,Palermo,F,immatricolati,4804
2020,accademico,8201,Palermo,M,immatricolati,3739
2021,accademico,8201,Palermo,F,immatricolati,4661
2021,accademico,8201,Palermo,M,immatricolati,3545
2022,accademico,8201,Palermo,F,immatricolati,4898
2022,accademico,8201,Palermo,M,immatricolati,3442
2023,accademico,8201,Palermo,F,immatricolati,5017
2023,accademico,8201,Palermo,M,immatricolati,3757
2024,accademico,8201,Palermo,F,immatricolati,5127
2024,accademico,8201,Palermo,M,immatricolati,3814
2025,accademico,8201,Palermo,F,immatricolati,4750
2025,accademico,8201,Palermo,M,immatricolati,3552
2000,accademico,8201,Palermo,F,iscritti,33695
2000,accademico,8201,Palermo,M,iscritti,24602
2001,accademico,8201,Palermo,F,iscritti,35415
2001,accademico,8201,Palermo,M,iscritti,25899
2002,accademico,8201,Palermo,F,iscritti,36047
2002,accademico,8201,Palermo,M,iscritti,26215
2003,accademico,8201,Palermo,F,iscritti,36164
2003,accademico,8201,Palermo,M,iscritti,26592
2004,accademico,8201,Palermo,F,iscritti,37129
2004,accademico,8201,Palermo,M,iscritti,26501
2005,accademico,8201,Palermo,F,iscritti,37395
2005,accademico,8201,Palermo,M,iscritti,25955
2006,accademico,8201,Palermo,F,iscritti,37611
2006,accademico,8201,Palermo,M,iscritti,25525
2007,accademico,8201,Palermo,F,iscritti,36226
2007,accademico,8201,Palermo,M,iscritti,24893
2008,accademico,8201,Palermo,F,iscritti,37556
2008,accademico,8201,Palermo,M,iscritti,25580
2009,accademico,8201,Palermo,F,iscritti,32597
2009,accademico,8201,Palermo,M,iscritti,21423
2010,accademico,8201,Palermo,F,iscritti,32462
2010,accademico,8201,Palermo,M,iscritti,21895
2011,accademico,8201,Palermo,F,iscritti,30192
2011,accademico,8201,Palermo,M,iscritti,20215
2012,accademico,8201,Palermo,F,iscritti,28189
2012,accademico,8201,Palermo,M,iscritti,18882
2013,accademico,8201,Palermo,F,iscritti,26461
2013,accademico,8201,Palermo,M,iscritti,18123
2014,accademico,8201,Palermo,F,iscritti,25043
2014,accademico,8201,Palermo,M,iscritti,17420
2015,accademico,8201,Palermo,F,iscritti,23622
2015,accademico,8201,Palermo,M,iscritti,16561
2016,accademico,8201,Palermo,F,iscritti,23212
2016,accademico,8201,Palermo,M,iscritti,16617
2017,accademico,8201,Palermo,F,iscritti,22802
2017,accademico,8201,Palermo,M,iscritti,16510
2018,accademico,8201,Palermo,F,iscritti,22879
2018,accademico,8201,Palermo,M,iscritti,16582
2019,accademico,8201,Palermo,F,iscritti,23709
2019,accademico,8201,Palermo,M,iscritti,16994
2020,accademico,8201,Palermo,F,iscritti,24340
2020,accademico,8201,Palermo,M,iscritti,17359
2021,accademico,8201,Palermo,F,iscritti,24554
2021,accademico,8201,Palermo,M,iscritti,16919
2022,accademico,8201,Palermo,F,iscritti,24727
2022,accademico,8201,Palermo,M,iscritti,16753
2023,accademico,8201,Palermo,F,iscritti,25957
2023,accademico,8201,Palermo,M,iscritti,17622
2024,accademico,8201,Palermo,F,iscritti,26498
2024,accademico,8201,Palermo,M,iscritti,17941
2001,solare,8201,Palermo,F,laureati,2519
2001,solare,8201,Palermo,M,laureati,2020
2002,solare,8201,Palermo,F,laureati,2836
2002,solare,8201,Palermo,M,laureati,2214
2003,solare,8201,Palermo,F,laureati,3567
2003,solare,8201,Palermo,M,laureati,2448
2004,solare,8201,Palermo,F,laureati,4207
2004,solare,8201,Palermo,M,laureati,2698
2005,solare,8201,Palermo,F,laureati,4450
2005,solare,8201,Palermo,M,laureati,2963
2006,solare,8201,Palermo,F,laureati,4982
2006,solare,8201,Palermo,M,laureati,3217
2007,solare,8201,Palermo,F,laureati,6450
2007,solare,8201,Palermo,M,laureati,3680
2008,solare,8201,Palermo,F,laureati,5106
2008,solare,8201,Palermo,M,laureati,3164
2009,solare,8201,Palermo,F,laureati,4667
2009,solare,8201,Palermo,M,laureati,2673
2010,solare,8201,Palermo,F,laureati,4345
2010,solare,8201,Palermo,M,laureati,2674
2011,solare,8201,Palermo,F,laureati,4833
2011,solare,8201,Palermo,M,laureati,2832
2012,solare,8201,Palermo,F,laureati,5149
2012,solare,8201,Palermo,M,laureati,3087
2013,solare,8201,Palermo,F,laureati,5449
2013,solare,8201,Palermo,M,laureati,3354
2014,solare,8201,Palermo,F,laureati,5024
2014,solare,8201,Palermo,M,laureati,3007
2015,solare,8201,Palermo,F,laureati,4889
2015,solare,8201,Palermo,M,laureati,2953
2016,solare,8201,Palermo,F,laureati,4727
2016,solare,8201,Palermo,M,laureati,2878
2017,solare,8201,Palermo,F,laureati,4447
2017,solare,8201,Palermo,M,laureati,2848
2018,solare,8201,Palermo,F,laureati,4363
2018,solare,8201,Palermo,M,laureati,2750
2019,solare,8201,Palermo,F,laureati,4441
2019,solare,8201,Palermo,M,laureati,3023
2020,solare,8201,Palermo,F,laureati,4621
2020,solare,8201,Palermo,M,laureati,2997
2021,solare,8201,Palermo,F,laureati,4583
2021,solare,8201,Palermo,M,laureati,2896
2022,solare,8201,Palermo,F,laureati,4537
2022,solare,8201,Palermo,M,laureati,2725
2023,solare,8201,Palermo,F,laureati,4786
2023,solare,8201,Palermo,M,laureati,2846
2024,solare,8201,Palermo,F,laureati,4730
2024,solare,8201,Palermo,M,laureati,2984
2025,solare,8201,Palermo,F,laureati,5101
2025,solare,8201,Palermo,M,laureati,3022
1998,accademico,8202,Palermo ISEF,F,immatricolati,150
1998,accademico,8202,Palermo ISEF,M,immatricolati,150
2000,accademico,8202,Palermo ISEF,F,iscritti,474
2000,accademico,8202,Palermo ISEF,M,iscritti,443
1998,accademico,8301,Messina,F,immatricolati,3545
1998,accademico,8301,Messina,M,immatricolati,2277
1999,accademico,8301,Messina,F,immatricolati,3174
1999,accademico,8301,Messina,M,immatricolati,2163
2000,accademico,8301,Messina,F,immatricolati,3146
2000,accademico,8301,Messina,M,immatricolati,1989
2001,accademico,8301,Messina,F,immatricolati,3329
2001,accademico,8301,Messina,M,immatricolati,2443
2002,accademico,8301,Messina,F,immatricolati,3666
2002,accademico,8301,Messina,M,immatricolati,2448
2003,accademico,8301,Messina,F,immatricolati,4018
2003,accademico,8301,Messina,M,immatricolati,2732
2004,accademico,8301,Messina,F,immatricolati,4340
2004,accademico,8301,Messina,M,immatricolati,3059
2005,accademico,8301,Messina,F,immatricolati,4066
2005,accademico,8301,Messina,M,immatricolati,2726
2006,accademico,8301,Messina,F,immatricolati,4277
2006,accademico,8301,Messina,M,immatricolati,2874
2007,accademico,8301,Messina,F,immatricolati,3926
2007,accademico,8301,Messina,M,immatricolati,2655
2008,accademico,8301,Messina,F,immatricolati,3598
2008,accademico,8301,Messina,M,immatricolati,2214
2009,accademico,8301,Messina,F,immatricolati,2909
2009,accademico,8301,Messina,M,immatricolati,1824
2010,accademico,8301,Messina,F,immatricolati,2951
2010,accademico,8301,Messina,M,immatricolati,1807
2011,accademico,8301,Messina,F,immatricolati,2780
2011,accademico,8301,Messina,M,immatricolati,1623
2012,accademico,8301,Messina,F,immatricolati,2579
2012,accademico,8301,Messina,M,immatricolati,1572
2013,accademico,8301,Messina,F,immatricolati,2332
2013,accademico,8301,Messina,M,immatricolati,1321
2014,accademico,8301,Messina,F,immatricolati,2101
2014,accademico,8301,Messina,M,immatricolati,1339
2015,accademico,8301,Messina,F,immatricolati,1896
2015,accademico,8301,Messina,M,immatricolati,1226
2016,accademico,8301,Messina,F,immatricolati,2085
2016,accademico,8301,Messina,M,immatricolati,1434
2017,accademico,8301,Messina,F,immatricolati,2424
2017,accademico,8301,Messina,M,immatricolati,1521
2018,accademico,8301,Messina,F,immatricolati,2266
2018,accademico,8301,Messina,M,immatricolati,1391
2019,accademico,8301,Messina,F,immatricolati,2408
2019,accademico,8301,Messina,M,immatricolati,1565
2020,accademico,8301,Messina,F,immatricolati,2838
2020,accademico,8301,Messina,M,immatricolati,2030
2021,accademico,8301,Messina,F,immatricolati,2692
2021,accademico,8301,Messina,M,immatricolati,1961
2022,accademico,8301,Messina,F,immatricolati,2806
2022,accademico,8301,Messina,M,immatricolati,2097
2023,accademico,8301,Messina,F,immatricolati,2718
2023,accademico,8301,Messina,M,immatricolati,1956
2024,accademico,8301,Messina,F,immatricolati,2592
2024,accademico,8301,Messina,M,immatricolati,1994
2025,accademico,8301,Messina,F,immatricolati,2787
2025,accademico,8301,Messina,M,immatricolati,2053
2000,accademico,8301,Messina,F,iscritti,21203
2000,accademico,8301,Messina,M,iscritti,12969
2001,accademico,8301,Messina,F,iscritti,20259
2001,accademico,8301,Messina,M,iscritti,12477
2002,accademico,8301,Messina,F,iscritti,20685
2002,accademico,8301,Messina,M,iscritti,12323
2003,accademico,8301,Messina,F,iscritti,20859
2003,accademico,8301,Messina,M,iscritti,12854
2004,accademico,8301,Messina,F,iscritti,22437
2004,accademico,8301,Messina,M,iscritti,13640
2005,accademico,8301,Messina,F,iscritti,22403
2005,accademico,8301,Messina,M,iscritti,13171
2006,accademico,8301,Messina,F,iscritti,22390
2006,accademico,8301,Messina,M,iscritti,12959
2007,accademico,8301,Messina,F,iscritti,22031
2007,accademico,8301,Messina,M,iscritti,12944
2008,accademico,8301,Messina,F,iscritti,21720
2008,accademico,8301,Messina,M,iscritti,12640
2009,accademico,8301,Messina,F,iscritti,21064
2009,accademico,8301,Messina,M,iscritti,12253
2010,accademico,8301,Messina,F,iscritti,21968
2010,accademico,8301,Messina,M,iscritti,12722
2011,accademico,8301,Messina,F,iscritti,20900
2011,accademico,8301,Messina,M,iscritti,12023
2012,accademico,8301,Messina,F,iscritti,19317
2012,accademico,8301,Messina,M,iscritti,11044
2013,accademico,8301,Messina,F,iscritti,17690
2013,accademico,8301,Messina,M,iscritti,10059
2014,accademico,8301,Messina,F,iscritti,16869
2014,accademico,8301,Messina,M,iscritti,9566
2015,accademico,8301,Messina,F,iscritti,15367
2015,accademico,8301,Messina,M,iscritti,8999
2016,accademico,8301,Messina,F,iscritti,14728
2016,accademico,8301,Messina,M,iscritti,8697
2017,accademico,8301,Messina,F,iscritti,14668
2017,accademico,8301,Messina,M,iscritti,8791
2018,accademico,8301,Messina,F,iscritti,14403
2018,accademico,8301,Messina,M,iscritti,8507
2019,accademico,8301,Messina,F,iscritti,14492
2019,accademico,8301,Messina,M,iscritti,8468
2020,accademico,8301,Messina,F,iscritti,14831
2020,accademico,8301,Messina,M,iscritti,8953
2021,accademico,8301,Messina,F,iscritti,14775
2021,accademico,8301,Messina,M,iscritti,8829
2022,accademico,8301,Messina,F,iscritti,15010
2022,accademico,8301,Messina,M,iscritti,9035
2023,accademico,8301,Messina,F,iscritti,15714
2023,accademico,8301,Messina,M,iscritti,9443
2024,accademico,8301,Messina,F,iscritti,15978
2024,accademico,8301,Messina,M,iscritti,9678
2001,solare,8301,Messina,F,laureati,1735
2001,solare,8301,Messina,M,laureati,1132
2002,solare,8301,Messina,F,laureati,2000
2002,solare,8301,Messina,M,laureati,1218
2003,solare,8301,Messina,F,laureati,2223
2003,solare,8301,Messina,M,laureati,1417
2004,solare,8301,Messina,F,laureati,3215
2004,solare,8301,Messina,M,laureati,1671
2005,solare,8301,Messina,F,laureati,2871
2005,solare,8301,Messina,M,laureati,1669
2006,solare,8301,Messina,F,laureati,2945
2006,solare,8301,Messina,M,laureati,1732
2007,solare,8301,Messina,F,laureati,3275
2007,solare,8301,Messina,M,laureati,1597
2008,solare,8301,Messina,F,laureati,3104
2008,solare,8301,Messina,M,laureati,1636
2009,solare,8301,Messina,F,laureati,2875
2009,solare,8301,Messina,M,laureati,1556
2010,solare,8301,Messina,F,laureati,3021
2010,solare,8301,Messina,M,laureati,1588
2011,solare,8301,Messina,F,laureati,3004
2011,solare,8301,Messina,M,laureati,1621
2012,solare,8301,Messina,F,laureati,3105
2012,solare,8301,Messina,M,laureati,1703
2013,solare,8301,Messina,F,laureati,3146
2013,solare,8301,Messina,M,laureati,1689
2014,solare,8301,Messina,F,laureati,2794
2014,solare,8301,Messina,M,laureati,1469
2015,solare,8301,Messina,F,laureati,2918
2015,solare,8301,Messina,M,laureati,1401
2016,solare,8301,Messina,F,laureati,2893
2016,solare,8301,Messina,M,laureati,1473
2017,solare,8301,Messina,F,laureati,2414
2017,solare,8301,Messina,M,laureati,1261
2018,solare,8301,Messina,F,laureati,2565
2018,solare,8301,Messina,M,laureati,1334
2019,solare,8301,Messina,F,laureati,2418
2019,solare,8301,Messina,M,laureati,1457
2020,solare,8301,Messina,F,laureati,2492
2020,solare,8301,Messina,M,laureati,1388
2021,solare,8301,Messina,F,laureati,2404
2021,solare,8301,Messina,M,laureati,1338
2022,solare,8301,Messina,F,laureati,2268
2022,solare,8301,Messina,M,laureati,1284
2023,solare,8301,Messina,F,laureati,2215
2023,solare,8301,Messina,M,laureati,1299
2024,solare,8301,Messina,F,laureati,2291
2024,solare,8301,Messina,M,laureati,1240
2025,solare,8301,Messina,F,laureati,2470
2025,solare,8301,Messina,M,laureati,1391
2005,accademico,8601,Enna KORE,F,immatricolati,331
2005,accademico,8601,Enna KORE,M,immatricolati,557
2006,accademico,8601,Enna KORE,F,immatricolati,722
2006,accademico,8601,Enna KORE,M,immatricolati,589
2007,accademico,8601,Enna KORE,F,immatricolati,455
2007,accademico,8601,Enna KORE,M,immatricolati,275
2008,accademico,8601,Enna KORE,F,immatricolati,470
2008,accademico,8601,Enna KORE,M,immatricolati,296
2009,accademico,8601,Enna KORE,F,immatricolati,659
2009,accademico,8601,Enna KORE,M,immatricolati,471
2010,accademico,8601,Enna KORE,F,immatricolati,754
2010,accademico,8601,Enna KORE,M,immatricolati,563
2011,accademico,8601,Enna KORE,F,immatricolati,644
2011,accademico,8601,Enna KORE,M,immatricolati,510
2012,accademico,8601,Enna KORE,F,immatricolati,597
2012,accademico,8601,Enna KORE,M,immatricolati,464
2013,accademico,8601,Enna KORE,F,immatricolati,661
2013,accademico,8601,Enna KORE,M,immatricolati,453
2014,accademico,8601,Enna KORE,F,immatricolati,563
2014,accademico,8601,Enna KORE,M,immatricolati,379
2015,accademico,8601,Enna KORE,F,immatricolati,532
2015,accademico,8601,Enna KORE,M,immatricolati,348
2016,accademico,8601,Enna KORE,F,immatricolati,498
2016,accademico,8601,Enna KORE,M,immatricolati,305
2017,accademico,8601,Enna KORE,F,immatricolati,459
2017,accademico,8601,Enna KORE,M,immatricolati,290
2018,accademico,8601,Enna KORE,F,immatricolati,435
2018,accademico,8601,Enna KORE,M,immatricolati,251
2019,accademico,8601,Enna KORE,F,immatricolati,554
2019,accademico,8601,Enna KORE,M,immatricolati,317
2020,accademico,8601,Enna KORE,F,immatricolati,564
2020,accademico,8601,Enna KORE,M,immatricolati,320
2021,accademico,8601,Enna KORE,F,immatricolati,526
2021,accademico,8601,Enna KORE,M,immatricolati,301
2022,accademico,8601,Enna KORE,F,immatricolati,615
2022,accademico,8601,Enna KORE,M,immatricolati,370
2023,accademico,8601,Enna KORE,F,immatricolati,707
2023,accademico,8601,Enna KORE,M,immatricolati,419
2024,accademico,8601,Enna KORE,F,immatricolati,742
2024,accademico,8601,Enna KORE,M,immatricolati,417
2025,accademico,8601,Enna KORE,F,immatricolati,757
2025,accademico,8601,Enna KORE,M,immatricolati,442
2005,accademico,8601,Enna KORE,F,iscritti,388
2005,accademico,8601,Enna KORE,M,iscritti,690
2006,accademico,8601,Enna KORE,F,iscritti,1549
2006,accademico,8601,Enna KORE,M,iscritti,1951
2007,accademico,8601,Enna KORE,F,iscritti,1745
2007,accademico,8601,Enna KORE,M,iscritti,1271
2008,accademico,8601,Enna KORE,F,iscritti,2272
2008,accademico,8601,Enna KORE,M,iscritti,1599
2009,accademico,8601,Enna KORE,F,iscritti,2631
2009,accademico,8601,Enna KORE,M,iscritti,1823
2010,accademico,8601,Enna KORE,F,iscritti,3727
2010,accademico,8601,Enna KORE,M,iscritti,2499
2011,accademico,8601,Enna KORE,F,iscritti,3630
2011,accademico,8601,Enna KORE,M,iscritti,2521
2012,accademico,8601,Enna KORE,F,iscritti,3509
2012,accademico,8601,Enna KORE,M,iscritti,2483
2013,accademico,8601,Enna KORE,F,iscritti,3584
2013,accademico,8601,Enna KORE,M,iscritti,2443
2014,accademico,8601,Enna KORE,F,iscritti,3601
2014,accademico,8601,Enna KORE,M,iscritti,2357
2015,accademico,8601,Enna KORE,F,iscritti,3562
2015,accademico,8601,Enna KORE,M,iscritti,2226
2016,accademico,8601,Enna KORE,F,iscritti,3497
2016,accademico,8601,Enna KORE,M,iscritti,2016
2017,accademico,8601,Enna KORE,F,iscritti,3326
2017,accademico,8601,Enna KORE,M,iscritti,1855
2018,accademico,8601,Enna KORE,F,iscritti,3157
2018,accademico,8601,Enna KORE,M,iscritti,1661
2019,accademico,8601,Enna KORE,F,iscritti,3159
2019,accademico,8601,Enna KORE,M,iscritti,1598
2020,accademico,8601,Enna KORE,F,iscritti,3289
2020,accademico,8601,Enna KORE,M,iscritti,1547
2021,accademico,8601,Enna KORE,F,iscritti,3255
2021,accademico,8601,Enna KORE,M,iscritti,1437
2022,accademico,8601,Enna KORE,F,iscritti,3400
2022,accademico,8601,Enna KORE,M,iscritti,1483
2023,accademico,8601,Enna KORE,F,iscritti,3725
2023,accademico,8601,Enna KORE,M,iscritti,1647
2024,accademico,8601,Enna KORE,F,iscritti,3902
2024,accademico,8601,Enna KORE,M,iscritti,1773
2007,solare,8601,Enna KORE,F,laureati,144
2007,solare,8601,Enna KORE,M,laureati,448
2008,solare,8601,Enna KORE,F,laureati,187
2008,solare,8601,Enna KORE,M,laureati,297
2009,solare,8601,Enna KORE,F,laureati,212
2009,solare,8601,Enna KORE,M,laureati,183
2010,solare,8601,Enna KORE,F,laureati,405
2010,solare,8601,Enna KORE,M,laureati,311
2011,solare,8601,Enna KORE,F,laureati,588
2011,solare,8601,Enna KORE,M,laureati,269
2012,solare,8601,Enna KORE,F,laureati,669
2012,solare,8601,Enna KORE,M,laureati,292
2013,solare,8601,Enna KORE,F,laureati,654
2013,solare,8601,Enna KORE,M,laureati,320
2014,solare,8601,Enna KORE,F,laureati,655
2014,solare,8601,Enna KORE,M,laureati,361
2015,solare,8601,Enna KORE,F,laureati,662
2015,solare,8601,Enna KORE,M,laureati,384
2016,solare,8601,Enna KORE,F,laureati,699
2016,solare,8601,Enna KORE,M,laureati,395
2017,solare,8601,Enna KORE,F,laureati,751
2017,solare,8601,Enna KORE,M,laureati,400
2018,solare,8601,Enna KORE,F,laureati,712
2018,solare,8601,Enna KORE,M,laureati,428
2019,solare,8601,Enna KORE,F,laureati,785
2019,solare,8601,Enna KORE,M,laureati,346
2020,solare,8601,Enna KORE,F,laureati,677
2020,solare,8601,Enna KORE,M,laureati,304
2021,solare,8601,Enna KORE,F,laureati,649
2021,solare,8601,Enna KORE,M,laureati,303
2022,solare,8601,Enna KORE,F,laureati,699
2022,solare,8601,Enna KORE,M,laureati,313
2023,solare,8601,Enna KORE,F,laureati,701
2023,solare,8601,Enna KORE,M,laureati,264
2024,solare,8601,Enna KORE,F,laureati,748
2024,solare,8601,Enna KORE,M,laureati,291
2025,solare,8601,Enna KORE,F,laureati,804
2025,solare,8601,Enna KORE,M,laureati,349
1998,accademico,8701,Catania,F,immatricolati,5275
1998,accademico,8701,Catania,M,immatricolati,3731
1999,accademico,8701,Catania,F,immatricolati,4442
1999,accademico,8701,Catania,M,immatricolati,3391
2000,accademico,8701,Catania,F,immatricolati,4452
2000,accademico,8701,Catania,M,immatricolati,3248
2001,accademico,8701,Catania,F,immatricolati,5357
2001,accademico,8701,Catania,M,immatricolati,3818
2002,accademico,8701,Catania,F,immatricolati,5822
2002,accademico,8701,Catania,M,immatricolati,4037
2003,accademico,8701,Catania,F,immatricolati,6141
2003,accademico,8701,Catania,M,immatricolati,4236
2004,accademico,8701,Catania,F,immatricolati,6008
2004,accademico,8701,Catania,M,immatricolati,3975
2005,accademico,8701,Catania,F,immatricolati,5616
2005,accademico,8701,Catania,M,immatricolati,3592
2006,accademico,8701,Catania,F,immatricolati,5524
2006,accademico,8701,Catania,M,immatricolati,3556
2007,accademico,8701,Catania,F,immatricolati,4921
2007,accademico,8701,Catania,M,immatricolati,3311
2008,accademico,8701,Catania,F,immatricolati,4582
2008,accademico,8701,Catania,M,immatricolati,2981
2009,accademico,8701,Catania,F,immatricolati,4820
2009,accademico,8701,Catania,M,immatricolati,3492
2010,accademico,8701,Catania,F,immatricolati,3650
2010,accademico,8701,Catania,M,immatricolati,2561
2011,accademico,8701,Catania,F,immatricolati,3657
2011,accademico,8701,Catania,M,immatricolati,2498
2012,accademico,8701,Catania,F,immatricolati,3365
2012,accademico,8701,Catania,M,immatricolati,2466
2013,accademico,8701,Catania,F,immatricolati,3275
2013,accademico,8701,Catania,M,immatricolati,2561
2014,accademico,8701,Catania,F,immatricolati,3104
2014,accademico,8701,Catania,M,immatricolati,2470
2015,accademico,8701,Catania,F,immatricolati,3562
2015,accademico,8701,Catania,M,immatricolati,2770
2016,accademico,8701,Catania,F,immatricolati,3465
2016,accademico,8701,Catania,M,immatricolati,2810
2017,accademico,8701,Catania,F,immatricolati,3248
2017,accademico,8701,Catania,M,immatricolati,2783
2018,accademico,8701,Catania,F,immatricolati,3243
2018,accademico,8701,Catania,M,immatricolati,2785
2019,accademico,8701,Catania,F,immatricolati,3315
2019,accademico,8701,Catania,M,immatricolati,2705
2020,accademico,8701,Catania,F,immatricolati,4275
2020,accademico,8701,Catania,M,immatricolati,3030
2021,accademico,8701,Catania,F,immatricolati,4025
2021,accademico,8701,Catania,M,immatricolati,3015
2022,accademico,8701,Catania,F,immatricolati,3412
2022,accademico,8701,Catania,M,immatricolati,2920
2023,accademico,8701,Catania,F,immatricolati,4186
2023,accademico,8701,Catania,M,immatricolati,3348
2024,accademico,8701,Catania,F,immatricolati,4774
2024,accademico,8701,Catania,M,immatricolati,3463
2025,accademico,8701,Catania,F,immatricolati,4072
2025,accademico,8701,Catania,M,immatricolati,3426
2000,accademico,8701,Catania,F,iscritti,29936
2000,accademico,8701,Catania,M,iscritti,21536
2001,accademico,8701,Catania,F,iscritti,32428
2001,accademico,8701,Catania,M,iscritti,22605
2002,accademico,8701,Catania,F,iscritti,34107
2002,accademico,8701,Catania,M,iscritti,23600
2003,accademico,8701,Catania,F,iscritti,36195
2003,accademico,8701,Catania,M,iscritti,24916
2004,accademico,8701,Catania,F,iscritti,37594
2004,accademico,8701,Catania,M,iscritti,25310
2005,accademico,8701,Catania,F,iscritti,37667
2005,accademico,8701,Catania,M,iscritti,24826
2006,accademico,8701,Catania,F,iscritti,37860
2006,accademico,8701,Catania,M,iscritti,24668
2007,accademico,8701,Catania,F,iscritti,37708
2007,accademico,8701,Catania,M,iscritti,24185
2008,accademico,8701,Catania,F,iscritti,35721
2008,accademico,8701,Catania,M,iscritti,22356
2009,accademico,8701,Catania,F,iscritti,35812
2009,accademico,8701,Catania,M,iscritti,22443
2010,accademico,8701,Catania,F,iscritti,38585
2010,accademico,8701,Catania,M,iscritti,24064
2011,accademico,8701,Catania,F,iscritti,35743
2011,accademico,8701,Catania,M,iscritti,22174
2012,accademico,8701,Catania,F,iscritti,34534
2012,accademico,8701,Catania,M,iscritti,21395
2013,accademico,8701,Catania,F,iscritti,32044
2013,accademico,8701,Catania,M,iscritti,20346
2014,accademico,8701,Catania,F,iscritti,29572
2014,accademico,8701,Catania,M,iscritti,19199
2015,accademico,8701,Catania,F,iscritti,28099
2015,accademico,8701,Catania,M,iscritti,18847
2016,accademico,8701,Catania,F,iscritti,26531
2016,accademico,8701,Catania,M,iscritti,18424
2017,accademico,8701,Catania,F,iscritti,25343
2017,accademico,8701,Catania,M,iscritti,18125
2018,accademico,8701,Catania,F,iscritti,22658
2018,accademico,8701,Catania,M,iscritti,16880
2019,accademico,8701,Catania,F,iscritti,23120
2019,accademico,8701,Catania,M,iscritti,17035
2020,accademico,8701,Catania,F,iscritti,23290
2020,accademico,8701,Catania,M,iscritti,16703
2021,accademico,8701,Catania,F,iscritti,22820
2021,accademico,8701,Catania,M,iscritti,16433
2022,accademico,8701,Catania,F,iscritti,22016
2022,accademico,8701,Catania,M,iscritti,15969
2023,accademico,8701,Catania,F,iscritti,22420
2023,accademico,8701,Catania,M,iscritti,16465
2024,accademico,8701,Catania,F,iscritti,23394
2024,accademico,8701,Catania,M,iscritti,16893
2001,solare,8701,Catania,F,laureati,2183
2001,solare,8701,Catania,M,laureati,1663
2002,solare,8701,Catania,F,laureati,2615
2002,solare,8701,Catania,M,laureati,1759
2003,solare,8701,Catania,F,laureati,2769
2003,solare,8701,Catania,M,laureati,1828
2004,solare,8701,Catania,F,laureati,3154
2004,solare,8701,Catania,M,laureati,2310
2005,solare,8701,Catania,F,laureati,3716
2005,solare,8701,Catania,M,laureati,2689
2006,solare,8701,Catania,F,laureati,4262
2006,solare,8701,Catania,M,laureati,2894
2007,solare,8701,Catania,F,laureati,4172
2007,solare,8701,Catania,M,laureati,2901
2008,solare,8701,Catania,F,laureati,4486
2008,solare,8701,Catania,M,laureati,2845
2009,solare,8701,Catania,F,laureati,5026
2009,solare,8701,Catania,M,laureati,3208
2010,solare,8701,Catania,F,laureati,4364
2010,solare,8701,Catania,M,laureati,2709
2011,solare,8701,Catania,F,laureati,4458
2011,solare,8701,Catania,M,laureati,2736
2012,solare,8701,Catania,F,laureati,4808
2012,solare,8701,Catania,M,laureati,2910
2013,solare,8701,Catania,F,laureati,4490
2013,solare,8701,Catania,M,laureati,2612
2014,solare,8701,Catania,F,laureati,4364
2014,solare,8701,Catania,M,laureati,2622
2015,solare,8701,Catania,F,laureati,4221
2015,solare,8701,Catania,M,laureati,2485
2016,solare,8701,Catania,F,laureati,3983
2016,solare,8701,Catania,M,laureati,2462
2017,solare,8701,Catania,F,laureati,3908
2017,solare,8701,Catania,M,laureati,2529
2018,solare,8701,Catania,F,laureati,3745
2018,solare,8701,Catania,M,laureati,2518
2019,solare,8701,Catania,F,laureati,3851
2019,solare,8701,Catania,M,laureati,2450
2020,solare,8701,Catania,F,laureati,3849
2020,solare,8701,Catania,M,laureati,2596
2021,solare,8701,Catania,F,laureati,3760
2021,solare,8701,Catania,M,laureati,2464
2022,solare,8701,Catania,F,laureati,3480
2022,solare,8701,Catania,M,laureati,2284
2023,solare,8701,Catania,F,laureati,3454
2023,solare,8701,Catania,M,laureati,2246
2024,solare,8701,Catania,F,laureati,3673
2024,solare,8701,Catania,M,laureati,2417
2025,solare,8701,Catania,F,laureati,3875
2025,solare,8701,Catania,M,laureati,2508
1998,accademico,9001,Sassari,F,immatricolati,1720
1998,accademico,9001,Sassari,M,immatricolati,969
1999,accademico,9001,Sassari,F,immatricolati,1469
1999,accademico,9001,Sassari,M,immatricolati,770
2000,accademico,9001,Sassari,F,immatricolati,1356
2000,accademico,9001,Sassari,M,immatricolati,794
2001,accademico,9001,Sassari,F,immatricolati,1751
2001,accademico,9001,Sassari,M,immatricolati,994
2002,accademico,9001,Sassari,F,immatricolati,1820
2002,accademico,9001,Sassari,M,immatricolati,1128
2003,accademico,9001,Sassari,F,immatricolati,1585
2003,accademico,9001,Sassari,M,immatricolati,997
2004,accademico,9001,Sassari,F,immatricolati,1588
2004,accademico,9001,Sassari,M,immatricolati,985
2005,accademico,9001,Sassari,F,immatricolati,1555
2005,accademico,9001,Sassari,M,immatricolati,908
2006,accademico,9001,Sassari,F,immatricolati,1386
2006,accademico,9001,Sassari,M,immatricolati,767
2007,accademico,9001,Sassari,F,immatricolati,1339
2007,accademico,9001,Sassari,M,immatricolati,716
2008,accademico,9001,Sassari,F,immatricolati,1332
2008,accademico,9001,Sassari,M,immatricolati,660
2009,accademico,9001,Sassari,F,immatricolati,1279
2009,accademico,9001,Sassari,M,immatricolati,727
2010,accademico,9001,Sassari,F,immatricolati,1276
2010,accademico,9001,Sassari,M,immatricolati,722
2011,accademico,9001,Sassari,F,immatricolati,1238
2011,accademico,9001,Sassari,M,immatricolati,689
2012,accademico,9001,Sassari,F,immatricolati,1259
2012,accademico,9001,Sassari,M,immatricolati,721
2013,accademico,9001,Sassari,F,immatricolati,1021
2013,accademico,9001,Sassari,M,immatricolati,648
2014,accademico,9001,Sassari,F,immatricolati,1122
2014,accademico,9001,Sassari,M,immatricolati,682
2015,accademico,9001,Sassari,F,immatricolati,1062
2015,accademico,9001,Sassari,M,immatricolati,675
2016,accademico,9001,Sassari,F,immatricolati,1269
2016,accademico,9001,Sassari,M,immatricolati,806
2017,accademico,9001,Sassari,F,immatricolati,1354
2017,accademico,9001,Sassari,M,immatricolati,841
2018,accademico,9001,Sassari,F,immatricolati,1292
2018,accademico,9001,Sassari,M,immatricolati,869
2019,accademico,9001,Sassari,F,immatricolati,1344
2019,accademico,9001,Sassari,M,immatricolati,923
2020,accademico,9001,Sassari,F,immatricolati,1423
2020,accademico,9001,Sassari,M,immatricolati,946
2021,accademico,9001,Sassari,F,immatricolati,1183
2021,accademico,9001,Sassari,M,immatricolati,782
2022,accademico,9001,Sassari,F,immatricolati,1168
2022,accademico,9001,Sassari,M,immatricolati,800
2023,accademico,9001,Sassari,F,immatricolati,1128
2023,accademico,9001,Sassari,M,immatricolati,804
2024,accademico,9001,Sassari,F,immatricolati,1226
2024,accademico,9001,Sassari,M,immatricolati,790
2025,accademico,9001,Sassari,F,immatricolati,1230
2025,accademico,9001,Sassari,M,immatricolati,780
2000,accademico,9001,Sassari,F,iscritti,10197
2000,accademico,9001,Sassari,M,iscritti,5493
2001,accademico,9001,Sassari,F,iscritti,10501
2001,accademico,9001,Sassari,M,iscritti,5769
2002,accademico,9001,Sassari,F,iscritti,10137
2002,accademico,9001,Sassari,M,iscritti,5491
2003,accademico,9001,Sassari,F,iscritti,9938
2003,accademico,9001,Sassari,M,iscritti,5448
2004,accademico,9001,Sassari,F,iscritti,9986
2004,accademico,9001,Sassari,M,iscritti,5504
2005,accademico,9001,Sassari,F,iscritti,10088
2005,accademico,9001,Sassari,M,iscritti,5809
2006,accademico,9001,Sassari,F,iscritti,10006
2006,accademico,9001,Sassari,M,iscritti,5435
2007,accademico,9001,Sassari,F,iscritti,9501
2007,accademico,9001,Sassari,M,iscritti,5185
2008,accademico,9001,Sassari,F,iscritti,9567
2008,accademico,9001,Sassari,M,iscritti,5094
2009,accademico,9001,Sassari,F,iscritti,9260
2009,accademico,9001,Sassari,M,iscritti,4803
2010,accademico,9001,Sassari,F,iscritti,10813
2010,accademico,9001,Sassari,M,iscritti,5657
2011,accademico,9001,Sassari,F,iscritti,10209
2011,accademico,9001,Sassari,M,iscritti,5395
2012,accademico,9001,Sassari,F,iscritti,9628
2012,accademico,9001,Sassari,M,iscritti,5157
2013,accademico,9001,Sassari,F,iscritti,9026
2013,accademico,9001,Sassari,M,iscritti,4948
2014,accademico,9001,Sassari,F,iscritti,8641
2014,accademico,9001,Sassari,M,iscritti,4750
2015,accademico,9001,Sassari,F,iscritti,8203
2015,accademico,9001,Sassari,M,iscritti,4700
2016,accademico,9001,Sassari,F,iscritti,8428
2016,accademico,9001,Sassari,M,iscritti,4824
2017,accademico,9001,Sassari,F,iscritti,8560
2017,accademico,9001,Sassari,M,iscritti,4883
2018,accademico,9001,Sassari,F,iscritti,8550
2018,accademico,9001,Sassari,M,iscritti,4962
2019,accademico,9001,Sassari,F,iscritti,8552
2019,accademico,9001,Sassari,M,iscritti,4986
2020,accademico,9001,Sassari,F,iscritti,8610
2020,accademico,9001,Sassari,M,iscritti,5057
2021,accademico,9001,Sassari,F,iscritti,8095
2021,accademico,9001,Sassari,M,iscritti,4789
2022,accademico,9001,Sassari,F,iscritti,7768
2022,accademico,9001,Sassari,M,iscritti,4609
2023,accademico,9001,Sassari,F,iscritti,7658
2023,accademico,9001,Sassari,M,iscritti,4550
2024,accademico,9001,Sassari,F,iscritti,7625
2024,accademico,9001,Sassari,M,iscritti,4548
2001,solare,9001,Sassari,F,laureati,922
2001,solare,9001,Sassari,M,laureati,508
2002,solare,9001,Sassari,F,laureati,903
2002,solare,9001,Sassari,M,laureati,520
2003,solare,9001,Sassari,F,laureati,1079
2003,solare,9001,Sassari,M,laureati,560
2004,solare,9001,Sassari,F,laureati,1160
2004,solare,9001,Sassari,M,laureati,602
2005,solare,9001,Sassari,F,laureati,1246
2005,solare,9001,Sassari,M,laureati,636
2006,solare,9001,Sassari,F,laureati,1252
2006,solare,9001,Sassari,M,laureati,678
2007,solare,9001,Sassari,F,laureati,1205
2007,solare,9001,Sassari,M,laureati,664
2008,solare,9001,Sassari,F,laureati,1156
2008,solare,9001,Sassari,M,laureati,612
2009,solare,9001,Sassari,F,laureati,1161
2009,solare,9001,Sassari,M,laureati,645
2010,solare,9001,Sassari,F,laureati,1150
2010,solare,9001,Sassari,M,laureati,612
2011,solare,9001,Sassari,F,laureati,1692
2011,solare,9001,Sassari,M,laureati,732
2012,solare,9001,Sassari,F,laureati,1498
2012,solare,9001,Sassari,M,laureati,713
2013,solare,9001,Sassari,F,laureati,1402
2013,solare,9001,Sassari,M,laureati,685
2014,solare,9001,Sassari,F,laureati,1422
2014,solare,9001,Sassari,M,laureati,656
2015,solare,9001,Sassari,F,laureati,1374
2015,solare,9001,Sassari,M,laureati,716
2016,solare,9001,Sassari,F,laureati,1294
2016,solare,9001,Sassari,M,laureati,673
2017,solare,9001,Sassari,F,laureati,1328
2017,solare,9001,Sassari,M,laureati,725
2018,solare,9001,Sassari,F,laureati,1405
2018,solare,9001,Sassari,M,laureati,752
2019,solare,9001,Sassari,F,laureati,1449
2019,solare,9001,Sassari,M,laureati,763
2020,solare,9001,Sassari,F,laureati,1557
2020,solare,9001,Sassari,M,laureati,792
2021,solare,9001,Sassari,F,laureati,1586
2021,solare,9001,Sassari,M,laureati,765
2022,solare,9001,Sassari,F,laureati,1311
2022,solare,9001,Sassari,M,laureati,679
2023,solare,9001,Sassari,F,laureati,1289
2023,solare,9001,Sassari,M,laureati,669
2024,solare,9001,Sassari,F,laureati,1202
2024,solare,9001,Sassari,M,laureati,624
2025,solare,9001,Sassari,F,laureati,1264
2025,solare,9001,Sassari,M,laureati,678
1998,accademico,9201,Cagliari,F,immatricolati,3515
1998,accademico,9201,Cagliari,M,immatricolati,2206
1999,accademico,9201,Cagliari,F,immatricolati,2994
1999,accademico,9201,Cagliari,M,immatricolati,1915
2000,accademico,9201,Cagliari,F,immatricolati,3349
2000,accademico,9201,Cagliari,M,immatricolati,2071
2001,accademico,9201,Cagliari,F,immatricolati,3621
2001,accademico,9201,Cagliari,M,immatricolati,2229
2002,accademico,9201,Cagliari,F,immatricolati,3333
2002,accademico,9201,Cagliari,M,immatricolati,2059
2003,accademico,9201,Cagliari,F,immatricolati,2837
2003,accademico,9201,Cagliari,M,immatricolati,1913
2004,accademico,9201,Cagliari,F,immatricolati,2772
2004,accademico,9201,Cagliari,M,immatricolati,1721
2005,accademico,9201,Cagliari,F,immatricolati,2731
2005,accademico,9201,Cagliari,M,immatricolati,1731
2006,accademico,9201,Cagliari,F,immatricolati,2729
2006,accademico,9201,Cagliari,M,immatricolati,1676
2007,accademico,9201,Cagliari,F,immatricolati,2585
2007,accademico,9201,Cagliari,M,immatricolati,1716
2008,accademico,9201,Cagliari,F,immatricolati,2264
2008,accademico,9201,Cagliari,M,immatricolati,1583
2009,accademico,9201,Cagliari,F,immatricolati,2543
2009,accademico,9201,Cagliari,M,immatricolati,1831
2010,accademico,9201,Cagliari,F,immatricolati,2366
2010,accademico,9201,Cagliari,M,immatricolati,1690
2011,accademico,9201,Cagliari,F,immatricolati,2307
2011,accademico,9201,Cagliari,M,immatricolati,1561
2012,accademico,9201,Cagliari,F,immatricolati,2120
2012,accademico,9201,Cagliari,M,immatricolati,1643
2013,accademico,9201,Cagliari,F,immatricolati,2140
2013,accademico,9201,Cagliari,M,immatricolati,1587
2014,accademico,9201,Cagliari,F,immatricolati,2046
2014,accademico,9201,Cagliari,M,immatricolati,1594
2015,accademico,9201,Cagliari,F,immatricolati,2207
2015,accademico,9201,Cagliari,M,immatricolati,1758
2016,accademico,9201,Cagliari,F,immatricolati,2098
2016,accademico,9201,Cagliari,M,immatricolati,1644
2017,accademico,9201,Cagliari,F,immatricolati,1941
2017,accademico,9201,Cagliari,M,immatricolati,1646
2018,accademico,9201,Cagliari,F,immatricolati,2128
2018,accademico,9201,Cagliari,M,immatricolati,1777
2019,accademico,9201,Cagliari,F,immatricolati,2404
2019,accademico,9201,Cagliari,M,immatricolati,1824
2020,accademico,9201,Cagliari,F,immatricolati,2511
2020,accademico,9201,Cagliari,M,immatricolati,1856
2021,accademico,9201,Cagliari,F,immatricolati,2322
2021,accademico,9201,Cagliari,M,immatricolati,1745
2022,accademico,9201,Cagliari,F,immatricolati,2288
2022,accademico,9201,Cagliari,M,immatricolati,1791
2023,accademico,9201,Cagliari,F,immatricolati,2343
2023,accademico,9201,Cagliari,M,immatricolati,1847
2024,accademico,9201,Cagliari,F,immatricolati,2583
2024,accademico,9201,Cagliari,M,immatricolati,1794
2025,accademico,9201,Cagliari,F,immatricolati,2587
2025,accademico,9201,Cagliari,M,immatricolati,1863
2000,accademico,9201,Cagliari,F,iscritti,22842
2000,accademico,9201,Cagliari,M,iscritti,14468
2001,accademico,9201,Cagliari,F,iscritti,21540
2001,accademico,9201,Cagliari,M,iscritti,13216
2002,accademico,9201,Cagliari,F,iscritti,20981
2002,accademico,9201,Cagliari,M,iscritti,12640
2003,accademico,9201,Cagliari,F,iscritti,19506
2003,accademico,9201,Cagliari,M,iscritti,11822
2004,accademico,9201,Cagliari,F,iscritti,20097
2004,accademico,9201,Cagliari,M,iscritti,12042
2005,accademico,9201,Cagliari,F,iscritti,21324
2005,accademico,9201,Cagliari,M,iscritti,12847
2006,accademico,9201,Cagliari,F,iscritti,21253
2006,accademico,9201,Cagliari,M,iscritti,12741
2007,accademico,9201,Cagliari,F,iscritti,21408
2007,accademico,9201,Cagliari,M,iscritti,12885
2008,accademico,9201,Cagliari,F,iscritti,20410
2008,accademico,9201,Cagliari,M,iscritti,12257
2009,accademico,9201,Cagliari,F,iscritti,19772
2009,accademico,9201,Cagliari,M,iscritti,11933
2010,accademico,9201,Cagliari,F,iscritti,22028
2010,accademico,9201,Cagliari,M,iscritti,13599
2011,accademico,9201,Cagliari,F,iscritti,20151
2011,accademico,9201,Cagliari,M,iscritti,12612
2012,accademico,9201,Cagliari,F,iscritti,18492
2012,accademico,9201,Cagliari,M,iscritti,11872
2013,accademico,9201,Cagliari,F,iscritti,17547
2013,accademico,9201,Cagliari,M,iscritti,11443
2014,accademico,9201,Cagliari,F,iscritti,16639
2014,accademico,9201,Cagliari,M,iscritti,11032
2015,accademico,9201,Cagliari,F,iscritti,16158
2015,accademico,9201,Cagliari,M,iscritti,10952
2016,accademico,9201,Cagliari,F,iscritti,15881
2016,accademico,9201,Cagliari,M,iscritti,10857
2017,accademico,9201,Cagliari,F,iscritti,15211
2017,accademico,9201,Cagliari,M,iscritti,10583
2018,accademico,9201,Cagliari,F,iscritti,14964
2018,accademico,9201,Cagliari,M,iscritti,10452
2019,accademico,9201,Cagliari,F,iscritti,15055
2019,accademico,9201,Cagliari,M,iscritti,10615
2020,accademico,9201,Cagliari,F,iscritti,14914
2020,accademico,9201,Cagliari,M,iscritti,10226
2021,accademico,9201,Cagliari,F,iscritti,14725
2021,accademico,9201,Cagliari,M,iscritti,9980
2022,accademico,9201,Cagliari,F,iscritti,14415
2022,accademico,9201,Cagliari,M,iscritti,9638
2023,accademico,9201,Cagliari,F,iscritti,14915
2023,accademico,9201,Cagliari,M,iscritti,9930
2024,accademico,9201,Cagliari,F,iscritti,15216
2024,accademico,9201,Cagliari,M,iscritti,9912
2001,solare,9201,Cagliari,F,laureati,2023
2001,solare,9201,Cagliari,M,laureati,1263
2002,solare,9201,Cagliari,F,laureati,2181
2002,solare,9201,Cagliari,M,laureati,1462
2003,solare,9201,Cagliari,F,laureati,2537
2003,solare,9201,Cagliari,M,laureati,1662
2004,solare,9201,Cagliari,F,laureati,3020
2004,solare,9201,Cagliari,M,laureati,1774
2005,solare,9201,Cagliari,F,laureati,2824
2005,solare,9201,Cagliari,M,laureati,1601
2006,solare,9201,Cagliari,F,laureati,2781
2006,solare,9201,Cagliari,M,laureati,1567
2007,solare,9201,Cagliari,F,laureati,2635
2007,solare,9201,Cagliari,M,laureati,1536
2008,solare,9201,Cagliari,F,laureati,2602
2008,solare,9201,Cagliari,M,laureati,1488
2009,solare,9201,Cagliari,F,laureati,3255
2009,solare,9201,Cagliari,M,laureati,1911
2010,solare,9201,Cagliari,F,laureati,2650
2010,solare,9201,Cagliari,M,laureati,1447
2011,solare,9201,Cagliari,F,laureati,2850
2011,solare,9201,Cagliari,M,laureati,1569
2012,solare,9201,Cagliari,F,laureati,3130
2012,solare,9201,Cagliari,M,laureati,1694
2013,solare,9201,Cagliari,F,laureati,2762
2013,solare,9201,Cagliari,M,laureati,1557
2014,solare,9201,Cagliari,F,laureati,2471
2014,solare,9201,Cagliari,M,laureati,1532
2015,solare,9201,Cagliari,F,laureati,2446
2015,solare,9201,Cagliari,M,laureati,1447
2016,solare,9201,Cagliari,F,laureati,2437
2016,solare,9201,Cagliari,M,laureati,1492
2017,solare,9201,Cagliari,F,laureati,2459
2017,solare,9201,Cagliari,M,laureati,1554
2018,solare,9201,Cagliari,F,laureati,2428
2018,solare,9201,Cagliari,M,laureati,1621
2019,solare,9201,Cagliari,F,laureati,2464
2019,solare,9201,Cagliari,M,laureati,1535
2020,solare,9201,Cagliari,F,laureati,2265
2020,solare,9201,Cagliari,M,laureati,1462
2021,solare,9201,Cagliari,F,laureati,2252
2021,solare,9201,Cagliari,M,laureati,1440
2022,solare,9201,Cagliari,F,laureati,2026
2022,solare,9201,Cagliari,M,laureati,1257
2023,solare,9201,Cagliari,F,laureati,2236
2023,solare,9201,Cagliari,M,laureati,1326
2024,solare,9201,Cagliari,F,laureati,2259
2024,solare,9201,Cagliari,M,laureati,1472
2025,solare,9201,Cagliari,F,laureati,2263
2025,solare,9201,Cagliari,M,laureati,1408
